school_id,class_name,seat_no,in_Online_Like,in_Online_Dislike,in_Offline_Like,in_Offline_Dislike
11301,801,1,1,0,1,1
11301,801,2,1,1,1,0
11301,801,3,1,1,1,1
11301,801,6,1,0,1,1
11301,801,9,1,0,1,0
11301,801,10,0,0,1,0
11301,801,11,1,1,1,1
11301,801,12,1,0,1,1
11301,801,13,1,0,1,0
11301,801,15,1,0,1,0
11301,801,16,1,1,1,1
11301,801,17,1,1,1,1
11301,801,18,1,1,1,0
11301,801,21,1,1,1,1
11301,801,22,1,1,1,0
11301,801,23,1,1,1,1
11301,801,24,1,1,1,1
11301,801,25,1,0,1,0
11301,801,26,1,0,1,0
11301,801,27,1,0,1,0
11301,801,28,1,0,1,0
11301,801,29,1,1,1,1
11301,801,31,1,0,1,0
11301,801,33,1,1,1,0
11301,801,34,1,1,1,0
11301,801,36,1,1,1,1
11301,801,37,1,1,1,1
11301,801,40,1,0,1,0
11301,805,1,1,1,1,1
11301,805,2,1,0,1,1
11301,805,3,1,1,1,1
11301,805,4,1,0,1,0
11301,805,5,1,0,1,0
11301,805,9,1,1,1,1
11301,805,10,1,1,1,1
11301,805,11,1,1,1,1
11301,805,12,1,0,1,1
11301,805,13,1,1,1,0
11301,805,14,1,1,1,1
11301,805,15,1,1,1,1
11301,805,16,1,0,1,0
11301,805,17,1,0,1,0
11301,805,18,1,0,1,1
11301,805,20,1,1,1,1
11301,805,21,1,0,1,0
11301,805,22,1,1,1,1
11301,805,25,1,1,1,1
11301,805,26,1,1,0,1
11301,805,27,1,1,1,1
11301,805,28,1,1,1,1
11301,805,30,1,1,1,1
11301,805,31,1,1,1,1
11301,805,33,1,1,1,1
11301,805,34,1,0,1,0
11301,805,35,1,0,1,0
11301,805,39,1,1,1,1
11306,108,1,1,1,1,1
11306,108,4,0,1,0,1
11306,108,5,0,0,1,0
11306,108,7,1,1,1,1
11306,108,12,1,0,1,1
11306,108,15,0,1,0,1
11306,108,16,1,0,0,0
11306,108,17,1,1,1,1
11306,108,20,1,1,1,1
11306,108,21,1,1,1,1
11306,108,22,1,0,1,0
11306,108,23,1,0,1,1
11306,108,24,1,0,1,1
11306,108,28,1,0,1,0
11306,108,29,1,0,1,0
11306,108,31,0,1,0,1
11306,108,32,1,1,1,1
11306,108,34,1,1,1,1
11306,108,35,1,1,1,1
11306,108,36,1,0,1,1
11306,108,37,1,1,1,0
11324,國二忠,2,1,0,1,0
11324,國二忠,3,1,0,1,1
11324,國二忠,4,1,0,1,0
11324,國二忠,5,1,0,1,0
11324,國二忠,7,1,0,1,0
11324,國二忠,9,1,0,1,1
11324,國二忠,10,1,1,1,1
11324,國二忠,11,0,1,0,1
11324,國二忠,13,1,0,1,0
11324,國二忠,14,1,1,1,1
11324,國二忠,15,1,1,1,1
11324,國二忠,17,1,0,1,0
11324,國二忠,18,1,0,1,0
11324,國二忠,19,1,0,1,0
11324,國二忠,20,1,0,1,1
11324,國二忠,22,1,0,1,0
11324,國二忠,23,1,1,1,1
11324,國二忠,24,1,1,1,1
11324,國二忠,26,1,0,1,0
11324,國二忠,27,1,1,1,0
11324,國二忠,28,1,0,1,0
11324,國二忠,29,1,0,1,0
11324,國二忠,30,1,0,1,0
11324,國二忠,31,1,1,1,1
11324,國二忠,32,1,0,1,0
11324,國二忠,33,1,0,1,0
11324,國二忠,34,1,1,0,1
11324,國二忠,35,1,0,1,0
11324,國二忠,36,0,1,1,1
11324,國二忠,37,1,0,1,0
11324,國二忠,38,1,0,1,0
11324,國二忠,39,1,1,1,1
11324,國二忠,40,1,1,0,1
11324,國二忠,41,1,1,1,1
14302,806,1,1,0,1,0
14302,806,5,1,0,1,0
14302,806,8,1,0,1,0
14302,806,10,1,0,1,0
14302,806,11,1,0,1,0
14302,806,12,1,1,1,1
14302,806,13,1,0,1,0
14302,806,14,1,0,1,0
14302,806,15,1,1,1,1
14302,806,33,1,1,1,1
14302,806,34,0,1,0,1
14302,806,35,0,1,0,1
14302,806,36,1,1,1,1
14302,806,40,1,1,1,0
14302,806,41,1,0,0,0
14302,806,44,1,1,1,1
14302,820,1,1,0,1,0
14302,820,3,1,0,1,0
14302,820,4,1,1,1,1
14302,820,5,1,1,1,1
14302,820,6,1,1,1,0
14302,820,7,1,1,1,1
14302,820,8,1,1,1,1
14302,820,10,1,1,1,0
14302,820,11,0,1,1,1
14302,820,12,1,1,1,1
14302,820,32,1,0,1,1
14302,820,34,1,0,1,1
14302,820,36,0,1,0,1
14302,820,37,1,0,1,0
14302,820,38,1,0,1,0
14302,820,39,1,1,1,1
14302,820,41,1,0,1,0
14302,820,42,1,1,1,1
14302,820,45,0,0,1,0
14302,820,46,1,1,1,0
14322,805,1,1,1,1,1
14322,805,2,1,1,1,1
14322,805,3,1,0,1,0
14322,805,4,1,0,1,0
14322,805,5,1,1,1,1
14322,805,6,1,0,1,0
14322,805,7,1,0,1,1
14322,805,8,1,0,1,0
14322,805,9,1,1,1,1
14322,805,10,1,1,1,1
14322,805,11,1,0,1,0
14322,805,12,1,1,1,1
14322,805,13,0,1,0,1
14322,805,18,1,1,1,1
14322,805,19,1,1,1,1
14322,805,20,1,1,1,1
14322,805,21,1,1,1,1
14322,805,22,0,1,0,1
14322,805,23,1,0,1,0
14322,805,24,1,1,1,1
14322,805,25,1,1,1,0
14322,805,26,1,0,1,0
14322,805,27,1,1,1,0
14322,805,28,1,1,1,0
14322,811,1,1,1,0,1
14322,811,4,1,1,1,1
14322,811,5,1,1,1,1
14322,811,6,1,1,1,1
14322,811,7,1,1,1,1
14322,811,8,1,1,1,0
14322,811,9,1,1,1,1
14322,811,10,0,1,0,1
14322,811,11,1,1,1,1
14322,811,12,1,1,1,1
14322,811,13,1,1,1,1
14322,811,14,1,1,1,1
14322,811,17,1,0,1,1
14322,811,18,1,0,1,0
14322,811,19,1,0,1,1
14322,811,20,1,0,1,0
14322,811,21,1,1,1,1
14322,811,22,1,1,1,1
14322,811,23,1,0,1,1
14322,811,24,1,0,1,0
14322,811,25,1,1,1,1
14322,811,26,1,1,1,1
14322,811,27,1,1,1,1
14322,811,28,1,1,1,1
14322,811,29,1,0,1,1
14332,805,2,1,0,1,0
14332,805,3,1,1,1,1
14332,805,4,1,0,1,0
14332,805,5,1,1,1,1
14332,805,6,1,0,1,0
14332,805,7,1,1,1,1
14332,805,8,1,0,1,0
14332,805,9,1,1,1,0
14332,805,10,1,1,1,1
14332,805,11,0,1,0,1
14332,805,12,1,0,1,0
14332,805,13,1,1,1,1
14332,805,14,1,1,1,1
14332,805,15,1,1,1,1
14332,805,16,1,1,1,0
14332,805,17,1,1,0,1
14332,805,18,1,0,1,0
14332,805,19,1,0,1,0
14332,805,21,1,0,1,0
14332,805,22,1,0,1,0
14332,805,23,1,0,1,0
14332,805,24,1,0,1,0
14332,805,25,1,1,1,1
14332,805,26,1,0,1,0
14332,811,1,1,1,1,1
14332,811,2,1,0,1,0
14332,811,3,1,1,1,1
14332,811,4,1,0,1,0
14332,811,5,1,1,1,1
14332,811,7,1,1,1,0
14332,811,8,1,1,1,1
14332,811,9,1,1,1,1
14332,811,10,1,0,1,0
14332,811,11,1,0,1,0
14332,811,12,0,1,0,1
14332,811,13,1,0,1,0
14332,811,14,1,1,1,1
14332,811,15,1,1,1,0
14332,811,17,1,1,1,1
14332,811,18,1,0,1,1
14332,811,19,1,1,1,0
14332,811,20,1,0,1,1
14332,811,21,1,0,1,1
14332,811,22,1,1,1,0
14332,811,24,1,0,1,1
14332,811,25,1,0,1,0
14332,811,26,1,1,1,0
14332,811,27,1,0,1,1
14332,811,28,1,1,1,1
14332,811,29,1,1,1,1
14332,811,30,1,0,1,0
14332,811,31,1,1,1,1
14356,801,1,1,1,1,1
14356,801,2,1,1,1,1
14356,801,3,1,1,1,1
14356,801,4,1,0,1,0
14356,801,5,1,1,1,1
14356,801,6,1,0,1,0
14356,801,7,1,1,1,1
14356,801,8,1,1,1,1
14356,801,9,1,0,0,1
14356,801,10,1,1,1,1
14356,801,11,1,1,1,1
14356,801,12,1,0,1,0
14356,801,13,0,1,0,1
14356,801,14,1,1,1,1
14356,801,15,1,1,1,1
14356,801,21,1,1,1,1
14356,801,22,1,0,1,0
14356,801,23,1,1,1,1
14356,801,24,1,1,1,1
14356,801,25,1,0,1,0
14356,801,26,1,0,1,0
14356,801,27,1,1,1,1
14356,801,28,1,0,1,0
14356,801,29,1,1,1,1
14356,801,30,1,1,1,1
14356,801,31,1,0,1,0
14356,801,32,1,1,1,1
14356,801,33,1,1,1,1
14356,806,7,1,0,1,0
14356,806,9,1,0,1,0
14356,806,11,1,0,1,0
14356,806,15,1,0,1,0
14356,806,21,1,0,1,0
14356,806,22,1,1,1,1
14356,806,27,0,1,0,1
14356,806,29,0,1,0,0
14364,802,1,1,1,1,0
14364,802,2,1,1,1,0
14364,802,3,1,1,1,1
14364,802,4,1,1,1,1
14364,802,5,1,1,1,1
14364,802,6,1,1,1,1
14364,802,7,1,1,1,1
14364,802,8,1,1,1,1
14364,802,9,1,0,1,0
14364,802,10,1,1,1,1
14364,802,11,1,0,1,0
14364,802,12,1,1,1,1
14364,802,13,1,1,1,0
14364,802,14,1,1,1,1
14364,802,17,0,1,0,1
14364,802,18,0,1,0,1
14364,802,19,1,1,1,1
14364,802,20,1,1,1,1
14364,802,21,1,1,1,1
14364,802,22,1,1,1,1
14364,802,23,1,0,1,0
14364,802,24,1,1,1,1
14364,802,25,1,1,1,1
14364,802,26,1,0,1,0
14364,802,27,1,0,1,0
14364,806,1,1,1,1,1
14364,806,2,1,0,1,0
14364,806,3,1,1,0,1
14364,806,6,1,0,1,1
14364,806,7,1,1,0,1
14364,806,8,0,1,0,1
14364,806,9,1,0,1,0
14364,806,10,1,1,1,1
14364,806,11,1,0,1,0
14364,806,13,1,0,1,0
14364,806,14,1,0,1,0
14364,806,16,0,1,1,0
14364,806,17,1,0,1,0
14364,806,18,1,1,1,1
14364,806,19,1,1,1,1
14364,806,20,1,1,1,1
14364,806,22,1,1,1,1
14364,806,23,1,0,1,0
14364,806,24,1,1,1,0
14364,806,26,0,1,0,1
14364,806,28,1,1,1,1
14364,806,29,1,1,1,1
14505,814,1,0,1,0,1
14505,814,2,0,1,1,1
14505,814,3,1,1,1,1
14505,814,5,1,1,1,1
14505,814,6,1,0,1,0
14505,814,7,1,1,1,1
14505,814,8,1,0,1,1
14505,814,9,1,0,1,0
14505,814,11,1,0,1,1
14505,814,12,1,1,1,1
14505,814,13,1,1,1,1
14505,814,14,0,1,1,1
14505,814,15,1,1,1,1
14505,814,16,1,1,1,1
14505,814,17,1,1,1,1
14505,814,21,1,1,1,1
14505,814,22,1,0,1,1
14505,814,24,1,1,1,1
14505,814,26,1,1,1,1
14505,814,27,1,1,1,1
14505,814,30,1,1,1,1
14505,814,31,1,1,1,1
14505,814,32,1,0,1,1
14505,814,33,1,1,1,1
14505,814,34,1,1,1,1
14505,829,2,1,0,1,0
14505,829,3,1,0,1,0
14505,829,5,1,0,1,0
14505,829,6,1,1,0,1
14505,829,7,1,0,1,0
14505,829,8,1,0,1,0
14505,829,9,1,0,1,0
14505,829,10,1,1,1,1
14505,829,12,0,1,1,1
14505,829,13,1,0,1,0
14505,829,14,1,0,1,0
14505,829,15,0,1,0,1
14505,829,21,1,0,1,0
14505,829,23,1,0,1,0
14505,829,25,1,0,1,0
14505,829,26,1,0,1,0
14505,829,27,1,0,1,0
14505,829,28,1,0,1,0
14505,829,29,1,0,1,0
14505,829,30,1,1,1,1
14505,829,33,1,1,0,1
14505,829,34,1,0,1,0
14505,829,35,1,0,1,0
14505,829,36,1,0,1,0
14509,807,1,1,1,1,1
14509,807,2,1,1,1,1
14509,807,3,1,1,1,1
14509,807,5,1,0,1,0
14509,807,6,1,0,1,0
14509,807,7,1,1,1,1
14509,807,8,1,0,1,0
14509,807,9,1,0,1,1
14509,807,10,1,1,1,1
14509,807,11,1,1,1,1
14509,807,12,1,1,1,1
14509,807,13,1,1,1,1
14509,807,14,1,0,1,1
14509,807,15,1,1,1,1
14509,807,19,0,1,0,1
14509,807,20,1,1,1,0
14509,807,21,1,1,1,0
14509,807,22,1,0,1,0
14509,807,23,1,1,1,0
14509,807,24,1,0,1,0
14509,807,25,1,1,1,1
14509,815,2,1,1,0,1
14509,815,3,1,1,1,1
14509,815,4,1,0,1,0
14509,815,5,0,1,1,1
14509,815,8,1,0,1,0
14509,815,9,1,1,1,0
14509,815,10,1,1,1,0
14509,815,11,1,0,1,0
14509,815,12,1,0,1,0
14509,815,13,1,1,1,1
14509,815,14,1,1,1,1
14509,815,17,1,1,1,1
14509,815,18,1,0,1,0
14509,815,19,1,0,1,1
14509,815,20,1,0,1,0
14509,815,21,1,1,1,0
14509,815,22,1,0,1,0
14509,815,23,1,0,1,1
14509,815,24,1,0,1,1
14509,815,25,1,0,1,1
14509,815,26,1,0,1,1
14510,801,1,1,0,0,1
14510,801,2,1,0,1,0
14510,801,3,0,1,0,1
14510,801,7,1,0,1,0
14510,801,8,1,0,1,0
14510,801,9,1,0,1,0
14510,801,10,0,1,1,1
14510,801,11,1,1,1,1
14510,801,12,1,0,1,0
14510,801,14,1,0,1,0
14510,801,15,0,1,1,1
14510,801,16,1,0,1,0
14510,801,17,0,1,1,1
14510,801,18,1,1,1,0
14510,801,20,1,0,0,0
14510,801,21,1,0,1,0
14510,801,22,1,0,1,1
14510,801,23,1,1,1,1
14510,801,24,1,1,1,1
14510,801,26,1,1,1,1
14510,801,27,0,0,1,0
14510,806,2,1,0,1,0
14510,806,3,1,1,1,1
14510,806,4,1,1,1,1
14510,806,6,1,0,1,0
14510,806,8,1,1,1,1
14510,806,9,1,1,1,1
14510,806,10,1,0,1,0
14510,806,11,1,1,1,1
14510,806,12,1,0,1,0
14510,806,13,1,0,1,0
14510,806,15,1,1,1,1
14510,806,16,1,0,1,1
14510,806,18,1,1,1,1
14510,806,19,1,0,1,0
14510,806,20,1,0,1,0
14510,806,21,1,1,0,1
14510,806,22,1,0,1,0
14510,806,23,1,0,1,0
14510,806,24,1,0,1,0
14510,806,25,1,1,1,1
14510,806,26,1,1,1,1
14513,802,1,1,1,1,0
14513,802,2,1,0,1,0
14513,802,3,1,0,1,1
14513,802,4,1,1,1,1
14513,802,5,1,1,1,1
14513,802,6,1,1,1,1
14513,802,7,0,0,1,1
14513,802,8,1,0,1,0
14513,802,9,1,1,1,1
14513,802,10,0,1,1,0
14513,802,11,1,1,1,0
14513,802,12,1,0,1,0
14513,802,13,1,1,1,1
14513,802,14,1,0,1,0
14513,802,22,1,1,0,1
14513,802,25,1,0,1,0
14513,802,26,0,1,0,1
14513,802,27,1,0,1,0
14513,802,28,1,0,1,0
14513,802,29,1,0,1,0
14513,802,30,1,0,1,0
14513,809,1,1,1,1,0
14513,809,3,1,0,1,0
14513,809,4,1,1,1,1
14513,809,5,1,1,1,1
14513,809,8,0,1,1,1
14513,809,9,1,1,1,0
14513,809,11,1,0,1,0
14513,809,12,0,1,1,1
14513,809,13,1,1,1,0
14513,809,21,1,0,1,0
14513,809,22,1,1,1,1
14513,809,23,1,0,1,0
14513,809,25,1,0,1,0
14513,809,27,0,1,0,1
14513,809,28,0,1,0,1
14513,809,30,1,0,1,0
14513,809,31,1,1,1,1
14513,809,33,1,1,1,1
14514,806,1,1,1,1,1
14514,806,2,1,1,1,1
14514,806,4,1,1,0,1
14514,806,5,1,0,1,0
14514,806,6,1,0,1,0
14514,806,7,1,0,1,0
14514,806,9,1,1,1,1
14514,806,10,1,1,1,1
14514,806,11,1,0,1,0
14514,806,12,1,0,1,0
14514,806,13,1,0,1,0
14514,806,15,1,0,1,0
14514,806,16,0,1,0,1
14514,806,17,1,1,0,1
14514,806,19,1,0,1,0
14514,806,20,1,1,1,1
14514,806,21,1,0,1,0
14514,806,22,1,1,1,1
14514,806,23,1,1,0,1
14514,806,24,0,1,1,0
14514,806,25,1,0,1,0
14514,806,26,1,1,1,1
14514,806,27,1,1,1,1
14514,806,28,1,0,1,0
14514,814,1,1,1,1,1
14514,814,3,1,1,1,1
14514,814,4,1,0,1,0
14514,814,7,1,1,1,1
14514,814,8,1,1,1,1
14514,814,11,1,0,1,1
14514,814,12,1,1,1,1
14514,814,13,1,1,1,1
14514,814,15,1,1,1,1
14514,814,16,1,1,1,1
14514,814,17,1,1,1,1
14514,814,18,1,1,1,1
14514,814,19,1,1,1,1
14514,814,20,1,0,1,0
14514,814,23,1,1,1,0
14514,814,24,1,0,1,0
14514,814,25,1,0,1,0
14514,814,26,1,0,1,1
14516,810,2,1,0,1,0
14516,810,3,1,1,1,1
14516,810,7,1,0,1,0
14516,810,8,0,1,0,1
14516,810,9,1,1,1,0
14516,810,10,1,0,1,1
14516,810,11,1,1,1,1
14516,810,14,1,1,1,0
14516,810,15,1,1,1,0
14516,810,16,1,0,1,0
14516,810,17,1,0,1,0
14516,810,19,1,1,1,1
14516,810,20,1,1,1,1
14516,810,24,1,1,1,1
14516,810,26,1,0,1,0
14516,826,1,1,0,1,1
14516,826,2,1,0,1,1
14516,826,3,1,0,1,0
14516,826,4,1,0,1,1
14516,826,5,1,0,1,0
14516,826,6,1,1,1,0
14516,826,7,1,1,1,1
14516,826,8,1,0,1,1
14516,826,9,1,1,1,1
14516,826,10,1,1,1,1
14516,826,11,1,1,1,1
14516,826,12,1,1,1,1
14516,826,13,1,1,1,1
14516,826,14,1,1,1,1
14516,826,15,1,1,1,1
14516,826,18,1,0,1,1
14516,826,19,1,1,1,1
14516,826,24,1,0,1,1
14516,826,29,0,1,0,1
14517,806,1,1,0,1,1
14517,806,2,1,0,1,0
14517,806,3,1,0,1,0
14517,806,4,0,1,0,1
14517,806,6,1,1,1,1
14517,806,7,1,1,1,1
14517,806,8,1,1,1,1
14517,806,9,1,0,1,0
14517,806,15,1,1,1,1
14517,806,16,0,1,1,1
14517,806,17,0,1,1,1
14517,806,18,1,1,1,1
14517,806,19,1,0,1,0
14517,806,20,1,1,1,1
14517,806,21,1,0,1,0
14517,806,22,1,1,1,0
14517,806,24,1,1,1,1
14517,806,25,1,0,1,0
14517,806,27,1,1,1,1
14517,820,1,1,0,1,0
14517,820,2,1,1,1,1
14517,820,4,1,1,1,1
14517,820,5,0,1,1,1
14517,820,6,1,1,1,1
14517,820,8,1,0,1,1
14517,820,9,1,1,1,1
14517,820,10,1,1,1,1
14517,820,12,1,0,1,0
14517,820,13,1,1,0,1
14517,820,15,1,0,1,0
14517,820,16,1,0,1,0
14517,820,17,1,1,1,1
14517,820,19,1,0,1,0
14517,820,20,1,0,1,0
14517,820,21,1,1,1,1
14517,820,22,0,0,1,0
14517,820,23,1,0,1,1
14517,820,24,0,0,1,0
14517,820,25,1,0,1,0
14517,820,26,1,0,1,0
14518,804,2,1,0,1,0
14518,804,4,1,0,1,0
14518,804,5,1,0,1,0
14518,804,6,1,0,1,0
14518,804,7,1,1,0,1
14518,804,9,1,1,1,1
14518,804,10,1,1,0,1
14518,804,11,1,0,1,0
14518,804,12,1,0,1,0
14518,804,26,1,0,1,0
14518,804,29,1,0,1,0
14518,804,32,1,0,1,1
14518,804,33,1,1,1,1
14518,804,34,1,0,1,0
14518,804,35,1,0,1,1
14518,809,1,1,0,1,0
14518,809,3,1,0,1,0
14518,809,4,1,1,1,0
14518,809,5,1,1,1,1
14518,809,7,1,0,1,1
14518,809,8,1,1,1,1
14518,809,9,1,0,1,0
14518,809,10,0,1,0,1
14518,809,11,1,0,1,0
14518,809,12,1,1,1,1
14518,809,13,1,0,1,0
14518,809,14,0,1,1,1
14518,809,15,1,1,1,0
14518,809,30,0,1,0,1
14518,809,31,1,0,1,0
14518,809,33,1,0,1,0
14518,809,34,1,0,1,0
14524,803,1,1,0,1,0
14524,803,3,0,0,1,0
14524,803,4,1,0,1,0
14524,803,6,1,0,1,0
14524,803,7,1,1,1,0
14524,803,9,1,0,1,0
14524,803,10,1,0,1,0
14524,803,12,1,0,1,0
14524,803,14,1,0,1,0
14524,803,15,0,0,1,0
14524,803,23,1,0,0,0
14524,803,24,1,0,1,0
14524,803,25,1,0,1,0
14524,803,29,1,0,1,0
14524,803,32,1,0,1,0
14524,812,1,0,1,1,1
14524,812,2,0,1,1,1
14524,812,5,1,0,1,1
14524,812,11,1,0,1,1
14524,812,12,0,0,1,1
14524,812,13,1,0,1,0
14524,812,14,0,1,0,1
14524,812,21,1,0,1,0
14524,812,22,1,0,1,0
14524,812,23,0,1,0,1
14524,812,24,1,0,1,0
14524,812,25,1,0,1,0
14524,812,28,1,0,1,0
14524,812,29,1,0,1,0
14524,812,30,1,0,1,1
14524,812,31,0,1,0,1
14524,812,34,1,0,1,1
14524,812,35,1,1,1,0
14525,806,1,1,1,1,1
14525,806,2,1,0,1,0
14525,806,3,1,1,1,1
14525,806,4,1,1,1,1
14525,806,6,1,1,1,1
14525,806,7,1,0,1,0
14525,806,8,1,1,1,1
14525,806,10,1,0,0,0
14525,806,11,1,1,1,0
14525,806,12,1,0,1,0
14525,806,13,1,1,1,1
14525,806,14,1,1,1,0
14525,806,16,1,1,1,1
14525,806,17,0,1,0,1
14525,806,18,1,1,1,1
14525,806,19,1,1,1,0
14525,806,21,1,0,1,0
14525,806,22,1,1,1,1
14525,806,23,1,0,1,0
14525,806,24,1,0,1,0
14525,806,25,1,1,1,1
14525,806,26,1,0,1,0
14525,815,1,1,0,1,0
14525,815,2,1,0,1,0
14525,815,3,1,0,1,0
14525,815,4,1,1,1,1
14525,815,6,1,1,1,0
14525,815,7,1,0,1,0
14525,815,8,1,1,0,1
14525,815,9,1,0,1,0
14525,815,10,0,1,0,1
14525,815,11,0,1,1,1
14525,815,12,1,0,1,0
14525,815,13,1,0,1,0
14525,815,14,1,0,1,1
14525,815,15,1,1,1,1
14525,815,16,1,0,1,0
14525,815,17,1,0,1,0
14525,815,18,1,0,1,0
14525,815,19,1,1,1,1
14525,815,20,1,1,1,1
14525,815,21,1,0,1,1
14525,815,22,1,1,1,1
14525,815,23,1,1,1,1
14525,815,25,1,0,1,0
14525,815,26,1,1,1,1
14525,815,27,1,0,1,0
14531,八年六班,1,1,1,1,1
14531,八年六班,3,1,0,1,0
14531,八年六班,4,1,0,1,0
14531,八年六班,6,0,0,1,0
14531,八年六班,7,1,0,1,0
14531,八年六班,10,1,1,1,0
14531,八年六班,13,1,1,1,1
14531,八年六班,14,1,0,1,0
14531,八年六班,15,1,1,1,1
14531,八年六班,16,1,1,1,1
14531,八年六班,17,1,0,1,0
14531,八年六班,18,1,0,1,0
14531,八年六班,19,1,1,1,0
14531,八年六班,20,1,1,1,1
14531,八年六班,22,1,1,1,1
14531,八年六班,23,1,0,1,0
14531,八年六班,24,1,0,1,0
14531,八年六班,25,1,1,1,1
14531,八年六班,26,1,1,1,1
14531,八年六班,27,1,1,1,1
14531,八年六班,28,1,1,1,1
14531,八年六班,29,1,0,1,0
14531,八年六班,30,1,0,1,1
14531,八年六班,31,1,0,1,1
14531,八年六班,32,1,1,1,1
14531,八年六班,33,1,1,1,1
14531,八年十四班,1,1,1,1,1
14531,八年十四班,2,1,0,1,0
14531,八年十四班,3,1,1,1,1
14531,八年十四班,4,1,1,1,1
14531,八年十四班,5,1,1,1,1
14531,八年十四班,6,1,1,1,0
14531,八年十四班,8,1,1,1,1
14531,八年十四班,9,1,1,1,0
14531,八年十四班,11,0,1,1,1
14531,八年十四班,12,1,0,1,0
14531,八年十四班,13,1,1,1,0
14531,八年十四班,14,1,0,1,0
14531,八年十四班,15,1,0,1,0
14531,八年十四班,19,1,0,1,1
14531,八年十四班,20,1,1,1,1
14531,八年十四班,21,1,1,1,1
14531,八年十四班,22,1,1,1,1
14531,八年十四班,23,1,0,1,0
14531,八年十四班,24,1,1,1,1
14531,八年十四班,25,1,0,1,0
14531,八年十四班,28,1,0,1,0
14531,八年十四班,29,1,1,1,0
14531,八年十四班,30,1,0,1,0
14531,八年十四班,31,1,0,1,0
14531,八年十四班,32,1,0,1,0
14555,805,1,1,1,1,1
14555,805,2,1,1,1,1
14555,805,5,1,1,1,1
14555,805,7,1,0,1,0
14555,805,9,1,1,1,1
14555,805,10,1,0,1,0
14555,805,12,1,0,1,0
14555,805,15,1,0,1,0
14555,805,16,1,1,1,0
14555,805,18,1,0,1,0
14555,805,20,1,1,1,1
14555,805,23,1,0,1,0
14555,805,24,1,0,1,0
14555,805,26,1,0,1,0
14555,805,27,0,1,0,1
14555,814,3,1,1,1,1
14555,814,7,1,0,1,0
14555,814,9,1,1,1,1
14555,814,10,1,0,1,0
14555,814,11,1,0,1,0
14555,814,15,1,1,1,1
14555,814,16,1,0,1,0
14555,814,17,1,1,1,1
14555,814,18,1,0,1,0
14555,814,19,1,0,1,0
14555,814,20,1,0,1,0
14555,814,23,1,0,1,0
14555,814,24,1,0,1,0
14555,814,25,1,1,1,1
14555,814,26,1,1,1,1
14559,801,1,1,1,1,1
14559,801,2,1,1,1,1
14559,801,3,1,0,1,0
14559,801,5,1,1,1,1
14559,801,6,1,1,1,1
14559,801,7,1,0,1,0
14559,801,9,1,0,1,0
14559,801,10,1,1,1,1
14559,801,11,1,0,1,0
14559,801,12,0,1,1,1
14559,801,13,1,0,1,1
14559,801,15,1,1,1,1
14559,801,16,1,0,1,0
14559,801,17,1,1,1,1
14559,801,18,1,1,1,1
14559,801,21,1,1,1,1
14559,801,22,1,0,1,0
14559,801,23,1,1,1,1
14559,801,24,1,1,1,1
14559,801,25,1,0,1,0
14559,801,26,1,0,1,0
14559,801,28,1,0,1,0
14559,801,31,1,1,1,1
14559,801,33,1,1,1,1
14559,801,34,1,1,1,1
14559,801,35,1,1,1,0
14559,801,36,1,0,1,1
14559,812,1,1,1,1,1
14559,812,3,0,1,1,1
14559,812,4,1,1,0,1
14559,812,5,1,1,1,1
14559,812,7,1,1,1,1
14559,812,9,1,1,1,1
14559,812,10,0,0,1,0
14559,812,11,1,0,1,0
14559,812,13,1,1,1,1
14559,812,14,1,0,1,0
14559,812,16,1,0,1,0
14559,812,17,0,1,0,1
14559,812,18,1,1,1,1
14559,812,21,1,0,1,0
14559,812,23,1,1,1,0
14559,812,24,1,0,1,0
14559,812,25,1,1,1,0
14559,812,26,1,1,1,1
14559,812,28,1,1,1,1
14559,812,29,1,1,0,1
14559,812,30,1,1,1,1
14559,812,31,1,1,1,1
14559,812,33,1,0,1,0
14559,812,34,1,0,1,0
14559,812,35,1,1,1,1
14559,812,36,1,1,1,1
14560,801,2,1,1,1,1
14560,801,3,1,0,1,0
14560,801,4,1,1,1,1
14560,801,5,1,1,1,1
14560,801,6,1,1,1,0
14560,801,7,1,1,1,1
14560,801,8,1,0,1,1
14560,801,9,1,0,1,0
14560,801,10,1,1,1,1
14560,801,11,1,1,1,1
14560,801,12,1,0,1,0
14560,801,14,1,0,1,0
14560,801,15,1,0,1,0
14560,801,16,1,1,1,1
14560,801,17,1,0,1,0
14560,801,18,1,1,1,0
14560,801,19,1,1,1,0
14560,801,20,1,0,1,0
14560,801,23,1,0,1,0
14560,804,2,1,1,1,1
14560,804,3,0,1,0,1
14560,804,5,1,1,1,1
14560,804,6,1,0,1,1
14560,804,7,1,0,1,1
14560,804,8,1,1,1,1
14560,804,9,1,1,1,1
14560,804,10,1,1,1,1
14560,804,11,1,1,1,0
14560,804,13,1,1,1,1
14560,804,14,1,0,1,0
14560,804,15,1,1,1,1
14560,804,16,1,1,1,1
14560,804,17,1,0,1,0
14560,804,18,1,1,1,1
14560,804,20,1,1,1,1
14560,804,21,1,0,1,0
14560,804,22,1,0,1,0
14566,803,1,1,1,1,0
14566,803,2,1,1,1,0
14566,803,5,1,0,1,0
14566,803,6,1,1,1,1
14566,803,7,1,1,1,1
14566,803,8,0,1,0,1
14566,803,9,1,0,1,0
14566,803,10,1,1,1,1
14566,803,12,1,0,1,0
14566,803,13,1,0,1,0
14566,803,14,0,1,0,1
14566,803,22,1,1,1,1
14566,803,24,1,0,1,1
14566,803,26,1,1,1,1
14566,803,27,0,1,1,1
14566,803,28,1,1,1,1
14566,803,30,1,1,1,1
14566,803,34,1,1,1,1
14566,812,2,1,1,1,1
14566,812,5,1,0,1,0
14566,812,7,1,0,1,0
14566,812,9,1,1,0,1
14566,812,10,1,1,1,0
14566,812,11,1,1,1,1
14566,812,12,1,1,1,1
14566,812,22,1,1,1,0
14566,812,24,1,1,1,1
14566,812,25,1,0,1,0
14566,812,26,1,1,1,1
14566,812,27,1,0,1,0
14566,812,29,1,0,1,0
14566,812,31,1,0,1,0
14566,812,32,1,0,1,0
14566,812,33,1,1,1,1
14576,807,1,1,0,1,0
14576,807,2,1,0,1,0
14576,807,4,1,1,1,1
14576,807,7,1,0,1,0
14576,807,8,1,0,1,0
14576,807,9,0,1,0,1
14576,807,11,1,1,1,1
14576,807,13,0,1,0,1
14576,807,14,0,1,0,1
14576,807,21,1,1,1,1
14576,807,22,1,1,1,1
14576,807,23,1,0,1,0
14576,807,24,1,1,1,1
14576,807,25,1,1,1,1
14576,807,26,1,0,1,0
14576,807,27,1,0,1,0
14576,807,28,1,0,1,0
14576,807,29,1,1,1,1
14576,807,30,1,1,1,1
14576,807,31,1,1,1,1
14576,816,1,1,1,1,1
14576,816,2,0,1,0,1
14576,816,3,1,0,1,0
14576,816,4,1,1,1,1
14576,816,5,1,1,1,1
14576,816,6,1,1,1,1
14576,816,7,1,0,1,0
14576,816,8,1,1,1,1
14576,816,9,0,1,0,1
14576,816,10,1,1,1,1
14576,816,11,1,1,1,1
14576,816,12,1,1,1,1
14576,816,13,1,0,1,0
14576,816,21,1,1,1,1
14576,816,22,1,1,1,1
14576,816,23,1,1,1,1
14576,816,24,1,1,1,1
14576,816,26,1,1,1,0
14576,816,27,1,1,1,0
14576,816,28,0,1,0,1
14576,816,30,1,1,1,1
14576,816,31,1,1,1,1
14576,816,32,1,1,1,1
14576,816,33,1,1,1,1
14576,816,34,1,1,1,1
24503,807,1,1,1,0,1
24503,807,2,1,1,1,1
24503,807,3,1,0,1,0
24503,807,4,1,1,1,1
24503,807,5,1,1,1,1
24503,807,6,1,1,1,1
24503,807,7,1,0,1,0
24503,807,9,1,1,1,1
24503,807,10,1,0,1,0
24503,807,12,1,1,1,0
24503,807,13,1,0,1,0
24503,807,14,1,0,1,0
24503,807,15,1,1,1,1
24503,807,16,1,1,1,1
24503,807,17,1,1,1,1
24503,807,18,1,1,1,1
24503,807,20,1,1,1,1
24503,807,21,0,0,1,0
24503,807,22,1,0,1,1
24503,807,23,1,1,1,1
24503,807,24,1,1,1,1
24503,807,25,1,1,1,1
24503,807,26,1,1,1,0
24503,807,27,1,1,1,0
24503,815,1,1,1,1,1
24503,815,4,1,1,1,1
24503,815,5,1,1,1,1
24503,815,6,1,1,1,1
24503,815,7,1,1,1,1
24503,815,8,0,1,0,1
24503,815,9,1,1,1,1
24503,815,10,1,0,1,0
24503,815,11,1,1,1,0
24503,815,12,1,0,1,0
24503,815,13,1,1,1,1
24503,815,16,1,0,1,1
24503,815,18,1,0,1,0
24503,815,19,1,1,1,1
24503,815,20,1,1,1,1
24503,815,22,1,1,1,1
24503,815,23,0,1,1,1
24503,815,24,1,1,1,1
24503,815,25,1,1,1,1
24503,815,26,1,1,1,1
24503,815,27,1,0,1,0
24503,815,28,1,1,1,1
24507,803,1,1,1,1,1
24507,803,2,0,1,1,1
24507,803,3,1,1,1,0
24507,803,4,1,1,1,1
24507,803,5,1,0,1,0
24507,803,6,1,1,1,1
24507,803,7,1,0,1,0
24507,803,8,1,0,1,0
24507,803,9,1,0,1,0
24507,803,11,1,1,1,1
24507,803,12,1,1,1,1
24507,803,13,1,1,1,1
24507,803,14,1,1,1,1
24507,803,15,1,0,1,1
24507,803,17,1,1,1,1
24507,803,19,1,1,1,1
24507,803,20,1,0,1,0
24507,806,1,1,1,1,1
24507,806,2,1,0,1,1
24507,806,3,1,0,1,0
24507,806,4,1,0,1,1
24507,806,5,1,1,1,1
24507,806,6,1,1,1,1
24507,806,7,1,1,0,1
24507,806,8,1,0,1,1
24507,806,10,1,0,1,0
24507,806,11,1,1,1,1
24507,806,12,1,0,1,0
24507,806,13,1,0,1,0
24507,806,15,1,1,1,1
24507,806,17,1,1,1,1
24507,806,18,1,1,1,1
24507,806,19,1,0,1,1
24523,801,1,1,0,1,0
24523,801,3,1,0,1,0
24523,801,5,0,0,1,0
24523,801,6,0,0,1,0
24523,801,7,0,0,1,0
24523,801,8,1,0,1,0
24523,801,9,1,0,1,1
24523,801,12,1,1,1,1
34348,八年仁班,2,1,1,1,1
34348,八年仁班,3,1,1,1,1
34348,八年仁班,4,1,1,1,1
34348,八年仁班,6,1,1,1,1
34348,八年仁班,7,0,0,1,1
34348,八年仁班,8,1,1,1,1
34348,八年仁班,9,1,1,1,1
34348,八年仁班,14,1,1,1,1
34348,八年仁班,16,1,1,0,1
34348,八年仁班,18,1,1,1,1
34348,八年仁班,19,1,1,0,1
34348,八年仁班,20,0,1,0,1
34348,八年仁班,22,0,1,1,1
34348,八年仁班,25,1,0,1,0
34348,八年仁班,27,1,0,1,0
34348,八年忠班,2,0,1,0,1
34348,八年忠班,3,0,1,1,1
34348,八年忠班,8,1,1,1,1
34348,八年忠班,11,0,1,1,1
34348,八年忠班,13,1,1,1,1
34348,八年忠班,15,1,0,1,0
34348,八年忠班,16,1,0,1,0
34348,八年忠班,18,1,0,1,0
34348,八年忠班,20,1,1,1,1
34348,八年忠班,22,1,0,1,1
34348,八年忠班,28,1,0,1,0
34348,八年忠班,29,1,1,1,1
34502,804,2,1,1,1,1
34502,804,3,1,1,1,1
34502,804,4,1,0,1,0
34502,804,5,1,0,1,0
34502,804,6,1,1,1,1
34502,804,7,1,0,1,1
34502,804,8,1,1,1,1
34502,804,9,1,1,1,1
34502,804,10,1,0,1,0
34502,804,11,1,0,1,0
34502,804,12,1,0,1,0
34502,804,13,1,1,1,1
34502,804,22,1,1,1,1
34502,804,23,1,0,1,0
34502,804,25,1,0,1,0
34502,804,29,1,1,1,1
34502,804,31,0,1,1,1
34502,804,32,1,0,1,0
34502,804,33,1,0,1,0
34502,804,34,1,1,1,1
34502,811,2,1,1,1,1
34502,811,4,1,0,1,1
34502,811,5,1,0,1,0
34502,811,6,1,0,1,1
34502,811,7,1,0,1,1
34502,811,8,1,1,1,1
34502,811,9,1,1,1,1
34502,811,10,1,1,1,1
34502,811,11,1,1,1,1
34502,811,12,1,0,1,0
34502,811,14,1,0,1,0
34502,811,15,1,1,1,1
34502,811,21,0,0,1,0
34502,811,22,1,1,1,1
34502,811,24,1,1,1,1
34502,811,25,1,0,1,1
34502,811,27,1,1,1,1
34502,811,28,1,1,1,1
34502,811,32,1,0,1,1
34502,811,33,1,0,1,0
34502,811,34,1,0,1,1
34502,811,35,1,0,1,0
34502,811,36,1,0,1,1
34506,八年8班,1,1,1,1,1
34506,八年8班,3,1,1,1,1
34506,八年8班,4,1,1,1,1
34506,八年8班,5,1,0,1,0
34506,八年8班,6,1,0,1,0
34506,八年8班,7,1,0,1,0
34506,八年8班,8,1,1,1,1
34506,八年8班,9,1,1,1,1
34506,八年8班,10,1,1,1,1
34506,八年8班,11,1,0,1,0
34506,八年8班,12,1,1,1,1
34506,八年8班,13,1,0,1,0
34506,八年8班,14,1,0,1,0
34506,八年8班,15,1,1,1,1
34506,八年8班,16,1,1,1,1
34506,八年8班,21,1,1,1,1
34506,八年8班,22,1,1,1,1
34506,八年8班,23,1,1,1,1
34506,八年8班,25,1,0,1,0
34506,八年8班,26,1,0,1,0
34506,八年8班,27,1,1,1,1
34506,八年8班,28,1,0,1,0
34506,八年8班,29,1,0,1,0
34506,八年8班,30,1,0,1,0
34506,八年8班,31,1,0,1,1
34506,八年8班,32,1,1,1,1
34506,八年8班,33,1,1,1,0
34508,801,1,1,0,1,0
34508,801,2,1,0,1,0
34508,801,4,1,1,1,1
34508,801,5,1,0,1,0
34508,801,6,1,0,1,0
34508,801,7,1,1,1,1
34508,801,9,1,1,0,1
34508,801,11,0,1,1,1
34508,801,12,1,0,1,0
34508,801,13,1,0,1,0
34508,801,14,1,1,1,1
34508,801,31,1,1,1,1
34508,801,32,1,0,1,0
34508,801,33,1,1,1,1
34508,801,34,1,0,1,0
34508,801,36,1,0,1,0
34508,801,37,1,1,1,1
34508,801,38,1,1,1,1
34508,801,39,1,0,1,0
34508,801,40,1,1,1,1
34508,801,41,1,0,1,0
34508,801,42,1,0,1,0
34508,801,43,1,0,1,0
34508,801,44,1,0,1,0
34508,806,1,1,1,1,1
34508,806,2,0,1,0,1
34508,806,4,1,0,1,0
34508,806,5,1,0,1,0
34508,806,6,0,1,1,1
34508,806,7,1,1,1,1
34508,806,8,1,0,1,0
34508,806,13,1,1,1,1
34508,806,14,1,1,1,1
34508,806,32,1,1,1,0
34508,806,33,1,0,1,0
34508,806,34,1,0,1,0
34508,806,35,1,0,1,0
34508,806,36,1,0,1,0
34508,806,37,1,0,1,0
34508,806,38,1,0,1,0
34508,806,39,0,1,0,1
34508,806,40,1,0,1,0
34508,806,41,1,0,1,0
34508,806,43,1,0,1,0
34513,八年06班,1,1,1,1,1
34513,八年06班,2,1,0,1,0
34513,八年06班,3,0,1,0,1
34513,八年06班,4,1,1,1,1
34513,八年06班,5,1,0,1,0
34513,八年06班,6,1,1,1,1
34513,八年06班,7,1,0,1,0
34513,八年06班,8,0,1,1,1
34513,八年06班,10,1,1,1,0
34513,八年06班,12,1,1,1,1
34513,八年06班,14,1,1,1,1
34513,八年06班,15,1,0,1,0
34513,八年06班,16,1,1,1,1
34513,八年06班,21,1,0,1,0
34513,八年06班,23,1,1,1,1
34513,八年06班,24,1,0,1,0
34513,八年06班,25,1,1,1,1
34513,八年06班,26,1,1,1,0
34513,八年06班,27,1,0,1,1
34513,八年06班,28,1,0,1,0
34513,八年06班,29,0,1,0,1
34513,八年06班,30,1,1,1,1
34513,八年06班,32,1,0,1,1
34513,八年06班,33,1,0,1,0
34513,八年13班,1,1,0,1,0
34513,八年13班,3,1,0,1,0
34513,八年13班,4,1,0,1,0
34513,八年13班,5,1,0,1,0
34513,八年13班,6,1,0,1,0
34513,八年13班,7,1,0,1,0
34513,八年13班,8,0,1,1,1
34513,八年13班,9,1,0,1,0
34513,八年13班,10,1,1,1,1
34513,八年13班,11,1,1,1,1
34513,八年13班,12,1,0,1,0
34513,八年13班,13,1,0,1,0
34513,八年13班,15,0,1,1,1
34513,八年13班,16,1,1,1,1
34513,八年13班,21,0,1,0,1
34513,八年13班,22,1,1,1,1
34513,八年13班,24,1,0,1,0
34513,八年13班,25,1,0,1,0
34513,八年13班,26,1,0,1,0
34513,八年13班,27,1,0,1,0
34513,八年13班,28,0,0,1,0
34513,八年13班,29,1,0,1,0
34513,八年13班,32,0,0,1,0
34517,801,5,1,1,1,1
34517,801,7,1,1,1,1
34517,801,10,1,1,0,1
34517,801,11,1,0,1,0
34517,801,13,1,0,1,0
34517,801,14,1,1,0,1
34517,801,15,1,0,1,0
34517,801,31,1,0,1,0
34517,801,32,1,1,1,0
34517,801,33,1,0,1,0
34517,801,34,1,0,1,0
34517,801,35,1,1,1,1
34517,801,36,1,0,1,1
34517,801,37,1,1,1,1
34517,801,38,1,0,1,0
34517,801,39,1,0,1,0
34517,801,40,1,0,1,0
34517,801,41,1,1,1,1
34517,801,42,1,1,1,1
34517,801,44,1,0,1,0
34517,801,45,1,1,1,1
34517,801,46,1,0,1,1
34517,811,1,1,0,1,0
34517,811,3,1,1,1,1
34517,811,4,1,1,1,1
34517,811,5,1,0,1,0
34517,811,6,1,1,1,1
34517,811,8,1,1,1,1
34517,811,9,1,1,1,0
34517,811,12,1,0,1,0
34517,811,13,1,1,1,1
34517,811,14,1,1,1,1
34517,811,15,1,1,1,1
34517,811,16,1,0,1,1
34517,811,17,0,1,0,1
34517,811,31,1,0,1,1
34517,811,32,1,0,1,1
34517,811,33,1,0,1,0
34517,811,34,1,0,1,0
34517,811,36,1,1,1,1
34517,811,37,1,1,1,1
34517,811,38,1,0,1,0
34517,811,40,1,0,1,0
34517,811,41,1,0,1,1
34517,811,42,1,0,1,0
34517,811,43,1,1,1,1
34518,805,1,1,1,1,1
34518,805,2,1,0,1,0
34518,805,3,1,1,1,1
34518,805,5,1,1,0,1
34518,805,6,1,1,1,1
34518,805,7,1,1,1,1
34518,805,8,1,0,1,0
34518,805,9,1,1,1,1
34518,805,11,1,0,1,0
34518,805,12,1,1,1,1
34518,805,13,1,0,1,0
34518,805,17,1,0,1,1
34518,805,18,1,1,1,1
34518,805,20,1,0,1,0
34518,805,23,0,1,0,1
34518,805,24,1,1,1,1
34518,805,25,1,0,1,0
34518,805,26,1,0,1,0
34518,805,28,1,0,1,0
34518,812,1,0,0,1,1
34518,812,2,0,1,0,1
34518,812,3,1,1,1,1
34518,812,6,1,1,1,1
34518,812,7,1,1,0,1
34518,812,8,1,0,1,0
34518,812,9,1,0,1,0
34518,812,11,1,1,1,1
34518,812,16,1,1,1,0
34518,812,17,1,1,1,1
34518,812,18,1,1,1,0
34518,812,19,1,1,1,1
34518,812,21,1,1,1,1
34518,812,24,0,1,1,1
34518,812,25,1,1,1,1
34518,812,27,1,0,1,0
34518,812,28,1,0,1,0
34518,812,30,1,1,1,1
34518,812,31,1,0,1,0
34524,八年九班,1,1,0,1,0
34524,八年九班,3,1,1,1,1
34524,八年九班,4,1,1,1,1
34524,八年九班,6,1,1,1,1
34524,八年九班,7,1,1,1,1
34524,八年九班,8,1,1,1,1
34524,八年九班,9,1,1,1,1
34524,八年九班,10,1,0,1,0
34524,八年九班,11,1,0,1,0
34524,八年九班,12,1,1,1,1
34524,八年九班,13,1,0,1,0
34524,八年九班,14,1,1,1,1
34524,八年九班,15,1,0,1,0
34524,八年九班,16,1,1,1,0
34524,八年九班,21,1,1,1,1
34524,八年九班,22,1,1,1,1
34524,八年九班,23,1,1,1,1
34524,八年九班,24,1,1,1,1
34524,八年九班,25,1,1,1,1
34524,八年九班,26,1,1,1,1
34524,八年九班,27,1,1,1,1
34524,八年九班,28,1,0,1,0
34524,八年九班,29,1,0,1,1
34524,八年九班,30,1,1,1,1
34524,八年九班,31,1,1,1,1
34524,八年九班,32,1,1,1,1
34524,八年九班,33,1,0,1,0
34524,八年四班,1,1,1,0,1
34524,八年四班,3,1,0,1,0
34524,八年四班,4,1,0,1,1
34524,八年四班,5,1,0,1,0
34524,八年四班,6,1,1,0,1
34524,八年四班,7,1,1,1,1
34524,八年四班,8,1,0,1,0
34524,八年四班,10,1,0,1,1
34524,八年四班,11,0,1,0,1
34524,八年四班,12,0,1,0,1
34524,八年四班,13,1,0,1,1
34524,八年四班,14,1,1,1,1
34524,八年四班,15,1,1,1,1
34524,八年四班,22,1,1,1,1
34524,八年四班,23,1,1,1,1
34524,八年四班,24,1,1,1,1
34524,八年四班,25,1,1,0,1
34524,八年四班,27,1,1,1,1
34524,八年四班,28,1,0,1,0
34524,八年四班,29,1,1,1,1
34524,八年四班,30,1,1,1,0
34524,八年四班,31,1,0,1,0
34524,八年四班,33,1,0,1,0
34524,八年四班,34,1,0,1,0
34524,八年四班,35,1,1,1,1
34527,806,1,1,1,1,1
34527,806,2,1,0,1,1
34527,806,3,0,1,1,1
34527,806,4,0,1,0,1
34527,806,6,1,0,1,0
34527,806,7,1,0,1,1
34527,806,8,1,1,0,1
34527,806,9,1,0,1,1
34527,806,10,1,1,1,1
34527,806,11,1,1,1,1
34527,806,12,1,0,1,0
34527,806,14,0,1,0,1
34527,806,15,1,0,1,1
34527,806,16,1,0,1,1
34527,806,17,1,0,1,1
34527,806,18,1,1,1,1
34527,806,19,1,1,1,1
34527,806,20,1,0,1,1
34527,806,21,1,0,1,0
34527,806,22,1,0,1,0
34527,806,23,1,0,1,0
34527,806,24,1,1,1,1
34527,806,25,1,1,1,1
34527,806,26,1,0,1,0
34527,806,27,1,1,1,0
34527,806,28,1,1,1,1
34527,806,29,1,0,1,1
34527,818,1,1,0,1,0
34527,818,2,1,1,0,1
34527,818,3,1,0,1,0
34527,818,4,1,1,1,1
34527,818,6,1,0,1,0
34527,818,7,1,0,1,0
34527,818,8,0,1,0,1
34527,818,9,1,0,1,1
34527,818,11,1,0,1,0
34527,818,12,1,1,1,1
34527,818,14,1,1,1,0
34527,818,15,0,1,0,1
34527,818,16,1,1,1,1
34527,818,18,0,1,1,1
34527,818,19,1,0,1,0
34527,818,20,1,0,1,0
34527,818,21,1,0,1,0
34527,818,22,1,0,1,0
34527,818,23,1,1,1,1
34527,818,24,1,1,1,0
34527,818,25,1,0,1,0
34527,818,26,1,0,1,0
34527,818,27,1,1,1,1
34527,818,29,1,0,1,0
34543,803,1,1,1,1,1
34543,803,2,1,0,1,1
34543,803,3,1,0,1,0
34543,803,4,0,1,0,1
34543,803,5,1,0,1,0
34543,803,6,1,0,1,0
34543,803,8,0,1,1,1
34543,803,10,1,1,0,1
34543,803,11,1,1,1,1
34543,803,14,1,0,1,0
34543,803,15,1,0,1,1
34543,803,17,1,0,1,0
34543,803,19,1,0,1,1
34543,803,21,1,0,1,0
34543,803,22,1,0,1,0
34543,803,23,1,0,1,0
34543,803,24,1,1,1,1
34543,803,25,1,0,1,0
34543,803,30,0,1,0,1
34543,808,2,1,1,1,1
34543,808,3,1,1,1,1
34543,808,5,1,1,1,1
34543,808,6,1,0,1,0
34543,808,7,1,1,1,1
34543,808,8,0,1,0,1
34543,808,10,1,0,1,0
34543,808,12,1,1,1,1
34543,808,13,0,0,1,0
34543,808,14,1,0,1,0
34543,808,15,1,0,1,0
34543,808,16,1,0,1,0
34543,808,17,1,0,1,0
34543,808,19,1,0,1,0
34543,808,20,1,0,1,0
34543,808,21,1,1,1,1
34543,808,22,1,0,1,0
34543,808,25,1,0,1,0
34543,808,28,1,0,1,0
34543,808,29,0,1,0,1
34554,八年六班,1,1,1,1,1
34554,八年六班,2,1,1,1,1
34554,八年六班,3,1,1,1,1
34554,八年六班,4,1,1,1,1
34554,八年六班,5,1,0,1,1
34554,八年六班,7,1,0,1,0
34554,八年六班,8,1,1,1,1
34554,八年六班,9,1,1,1,1
34554,八年六班,11,1,1,1,1
34554,八年六班,12,1,1,1,0
34554,八年六班,14,1,1,1,1
34554,八年六班,21,1,1,1,1
34554,八年六班,22,1,0,1,1
34554,八年六班,23,1,1,1,1
34554,八年六班,24,1,0,1,0
34554,八年六班,25,1,1,1,1
34554,八年六班,26,1,1,1,1
34554,八年六班,27,1,1,1,1
34554,八年六班,28,1,0,1,1
34554,八年六班,29,1,0,1,1
34554,八年六班,30,1,0,1,1
34554,八年六班,31,0,0,0,1
34554,八年六班,32,1,0,1,1
34554,八年六班,33,1,1,1,1
34554,八年十三班,2,1,1,1,1
34554,八年十三班,3,1,1,1,1
34554,八年十三班,4,1,1,1,1
34554,八年十三班,5,1,0,1,0
34554,八年十三班,6,1,0,1,0
34554,八年十三班,7,1,1,1,1
34554,八年十三班,9,1,1,1,1
34554,八年十三班,10,1,1,1,1
34554,八年十三班,11,1,0,1,0
34554,八年十三班,13,1,1,1,1
34554,八年十三班,14,1,1,1,1
34554,八年十三班,21,0,1,1,1
34554,八年十三班,22,1,1,1,1
34554,八年十三班,23,1,1,1,1
34554,八年十三班,24,1,0,1,1
34554,八年十三班,27,1,1,1,1
34554,八年十三班,28,1,0,1,0
34554,八年十三班,29,1,0,1,0
34554,八年十三班,30,1,0,1,0
34554,八年十三班,32,1,0,1,0
34554,八年十三班,33,1,0,1,0
34557,801,2,1,1,1,1
34557,801,5,0,1,1,1
34557,801,6,0,1,0,1
34557,801,7,1,1,1,1
34557,801,8,1,0,1,0
34557,801,9,1,1,1,1
34557,801,13,1,0,1,1
34557,801,14,1,0,1,1
34557,801,15,1,0,1,1
34557,801,16,1,1,1,1
34557,801,17,1,0,1,0
34557,801,18,1,1,1,1
34557,801,19,1,1,1,1
34557,801,20,1,1,1,1
34557,801,21,1,1,1,1
34557,801,22,1,0,1,1
34557,801,24,1,1,1,1
34557,801,25,1,1,1,1
34557,801,27,1,1,1,1
34557,803,1,1,0,1,0
34557,803,2,1,1,1,1
34557,803,3,1,0,1,1
34557,803,4,1,0,1,1
34557,803,5,1,1,1,1
34557,803,6,1,1,1,1
34557,803,8,1,1,1,1
34557,803,9,1,1,1,1
34557,803,10,1,0,1,0
34557,803,11,1,1,1,1
34557,803,12,0,1,0,1
34557,803,13,1,1,1,1
34557,803,14,1,0,1,1
34557,803,15,1,0,1,0
34557,803,17,1,0,1,0
34557,803,18,1,0,1,0
34557,803,20,1,1,1,1
34557,803,21,1,0,1,0
34557,803,22,1,1,1,1
34557,803,23,1,1,1,1
34557,803,24,1,1,1,1
34557,803,25,1,0,1,0
34557,803,27,1,1,1,1
34557,803,28,1,1,1,1
34560,804,1,1,0,1,1
34560,804,2,1,1,1,1
34560,804,3,1,0,1,0
34560,804,4,1,1,1,1
34560,804,5,1,0,1,0
34560,804,6,1,1,1,1
34560,804,8,1,1,1,0
34560,804,11,0,1,0,1
34560,804,12,1,0,1,0
34560,804,14,0,0,1,0
34560,804,16,1,0,1,0
34560,804,21,0,1,1,1
34560,804,22,1,0,1,0
34560,804,23,0,1,1,1
34560,804,26,0,1,0,1
34560,804,27,1,0,1,0
34560,812,1,0,0,0,1
34560,812,2,1,1,1,1
34560,812,4,1,1,1,1
34560,812,5,1,1,1,1
34560,812,6,1,0,1,0
34560,812,7,1,1,1,1
34560,812,8,1,0,1,0
34560,812,10,1,0,1,0
34560,812,11,1,1,1,1
34560,812,12,1,1,1,1
34560,812,13,1,0,1,0
34560,812,14,1,1,1,1
34560,812,15,1,0,1,0
34560,812,17,1,0,1,0
34560,812,18,1,0,1,0
34560,812,19,1,1,1,1
34560,812,21,1,0,1,0
34560,812,22,1,1,1,1
34560,812,23,1,1,1,1
34560,812,24,1,1,1,1
34560,812,25,1,1,1,1
34560,812,26,0,1,1,1
34560,812,27,1,1,1,1
34563,802,1,1,0,1,0
34563,802,2,1,0,1,1
34563,802,3,1,1,1,1
34563,802,5,1,0,1,0
34563,802,6,1,0,1,0
34563,802,7,1,0,0,1
34563,802,8,0,1,1,1
34563,802,9,1,1,1,1
34563,802,10,0,1,1,1
34563,802,11,1,0,1,0
34563,802,12,1,0,1,1
34563,802,13,1,1,1,1
34563,802,15,1,1,1,0
34563,802,16,1,1,1,0
34563,802,18,1,1,1,1
34563,802,19,1,0,1,0
34563,802,20,1,1,1,1
34563,802,22,1,0,1,0
34563,802,23,1,0,1,0
34563,802,24,1,0,1,0
34563,802,25,1,0,1,0
34563,802,27,1,0,1,0
34563,802,28,1,1,1,0
34563,807,3,1,1,1,1
34563,807,4,1,1,1,1
34563,807,5,1,1,1,0
34563,807,7,1,0,1,0
34563,807,8,1,0,1,0
34563,807,9,1,1,1,1
34563,807,10,1,0,1,0
34563,807,12,1,0,1,0
34563,807,14,1,1,1,1
34563,807,15,1,1,1,1
34563,807,16,0,1,0,1
34563,807,17,1,1,1,1
34563,807,18,1,0,1,0
34563,807,19,0,0,1,1
34563,807,23,1,1,1,1
34563,807,25,1,1,1,1
34563,807,26,1,0,1,0
34565,803,2,0,1,0,1
34565,803,3,1,1,1,1
34565,803,5,1,0,1,0
34565,803,6,1,1,1,1
34565,803,7,0,1,0,1
34565,803,8,1,1,1,1
34565,803,9,1,0,1,0
34565,803,10,1,1,1,1
34565,803,12,1,1,1,1
34565,803,13,1,1,1,0
34565,803,14,1,0,1,0
34565,803,15,1,0,1,1
34565,803,16,1,1,1,1
34565,803,21,1,1,1,0
34565,803,22,1,0,1,0
34565,803,24,1,0,1,0
34565,803,25,1,0,1,0
34565,803,27,1,0,1,0
34565,803,28,0,0,1,0
34565,803,29,1,1,1,0
34565,803,30,1,1,1,1
34565,803,31,1,0,1,0
34565,803,32,1,0,1,0
34565,803,34,1,0,1,0
34565,809,1,0,1,1,1
34565,809,2,1,0,1,0
34565,809,3,1,0,1,0
34565,809,4,1,0,1,0
34565,809,5,1,1,1,1
34565,809,6,1,1,1,1
34565,809,7,1,0,1,0
34565,809,8,1,1,1,1
34565,809,9,1,0,1,1
34565,809,10,1,0,1,0
34565,809,11,1,0,1,1
34565,809,12,1,0,1,0
34565,809,13,1,0,1,0
34565,809,14,1,1,1,1
34565,809,15,0,1,1,1
34565,809,21,1,1,0,0
34565,809,24,1,1,1,1
34565,809,25,1,1,1,1
34565,809,26,1,1,1,0
34565,809,27,1,1,1,1
34565,809,28,1,1,1,1
34565,809,29,1,0,1,0
34565,809,30,1,0,1,0
34565,809,31,1,0,1,0
34565,809,32,1,0,1,0
34565,809,33,1,0,1,0
34565,809,34,0,1,0,1
34565,809,35,1,1,1,1
34565,809,36,1,0,1,1
44501,八年二班,1,1,1,1,0
44501,八年二班,2,1,1,1,1
44501,八年二班,3,1,0,1,1
44501,八年二班,4,0,1,1,1
44501,八年二班,5,1,0,1,0
44501,八年二班,6,1,1,1,1
44501,八年二班,7,1,1,1,1
44501,八年二班,8,1,1,1,1
44501,八年二班,10,1,1,1,1
44501,八年二班,12,1,1,1,1
44501,八年二班,14,1,1,1,1
44501,八年二班,16,1,0,1,0
44501,八年二班,17,1,1,1,0
44501,八年二班,20,1,1,1,1
44501,八年二班,22,1,1,1,0
44501,八年二班,24,1,1,1,0
44501,八年二班,26,1,0,1,0
44501,八年二班,27,1,1,1,0
44501,八年二班,28,1,1,1,1
44501,八年二班,29,1,1,1,0
44501,八年五班,2,1,1,1,0
44501,八年五班,3,0,1,0,0
44501,八年五班,4,1,1,1,0
44501,八年五班,5,1,0,1,1
44501,八年五班,7,1,1,1,1
44501,八年五班,10,1,1,0,1
44501,八年五班,12,1,1,1,0
44501,八年五班,15,1,1,0,1
44501,八年五班,16,1,0,1,1
44501,八年五班,19,1,1,1,1
44501,八年五班,20,1,0,1,1
44501,八年五班,21,0,1,0,0
44501,八年五班,26,1,1,1,0
44501,八年五班,27,1,0,1,0
44501,八年五班,28,1,1,1,1
44506,801,2,1,0,1,0
44506,801,3,0,0,1,0
44506,801,5,1,0,1,0
44506,801,6,1,0,1,0
44506,801,9,1,0,1,0
44506,801,11,0,1,0,1
44506,801,12,1,0,1,0
44506,801,13,1,0,1,0
44506,801,15,1,1,1,1
44506,801,17,1,0,1,0
44506,801,18,1,0,1,0
44506,801,20,1,0,1,0
44506,801,24,1,0,1,0
44522,801,1,1,0,1,0
44522,801,2,1,0,1,0
44522,801,4,1,0,1,0
44522,801,5,1,0,1,0
44522,801,6,1,0,1,0
44522,801,9,1,0,1,1
44522,801,10,1,0,1,0
44522,801,13,1,0,1,0
44522,801,14,1,1,1,0
44522,801,15,1,1,1,1
44522,801,16,1,0,1,0
44522,801,17,1,0,1,0
44522,801,19,1,0,1,0
44522,801,20,1,0,1,0
44522,801,22,1,0,1,1
44522,801,23,0,0,1,0
44522,801,26,1,0,1,0
44522,801,32,1,0,1,0
44522,802,1,1,1,1,1
44522,802,2,1,1,1,1
44522,802,3,1,0,1,0
44522,802,4,1,0,1,0
44522,802,5,0,0,1,0
44522,802,6,1,1,1,1
44522,802,7,1,1,0,1
44522,802,11,1,0,1,1
44522,802,12,1,1,1,1
44522,802,13,1,0,1,0
44522,802,15,1,0,1,0
44522,802,16,1,0,1,0
44522,802,17,1,1,1,1
44522,802,18,1,1,1,1
44522,802,21,1,1,1,1
44522,802,22,0,1,0,1
44522,802,23,1,0,1,0
44522,802,24,1,1,1,1
44522,802,27,1,1,1,1
44524,801,3,1,1,1,1
44524,801,7,1,0,1,0
44524,801,9,1,1,1,1
44524,801,10,1,0,1,1
44524,801,12,1,0,1,0
44524,801,13,1,0,1,0
44524,801,17,1,1,1,1
44524,801,18,1,1,1,0
44524,801,19,1,0,1,0
44524,801,20,1,0,1,0
44524,801,23,1,0,1,0
44524,802,1,1,1,1,1
44524,802,2,1,0,1,1
44524,802,3,0,1,1,1
44524,802,6,1,0,0,1
44524,802,10,1,1,1,0
44524,802,12,1,1,1,1
44524,802,13,1,1,1,1
44524,802,14,1,1,1,1
44524,802,15,1,1,1,1
44524,802,16,1,0,1,0
44524,802,17,1,1,1,1
44524,802,18,1,1,1,1
44524,802,21,1,1,1,1
44524,802,23,1,1,1,1
44529,8,1,1,1,1,1
44529,8,2,1,1,1,1
44529,8,3,1,1,1,1
44529,8,4,0,1,1,1
44529,8,5,1,1,1,1
44529,8,6,1,1,1,1
44529,8,7,1,1,1,1
44529,8,8,1,1,1,1
44529,8,9,1,1,1,1
44529,8,10,1,1,1,1
44529,8,11,1,1,1,1
44529,8,12,1,0,1,0
44529,8,13,1,1,1,1
44529,8,14,1,0,1,1
44529,8,15,1,1,1,1
44529,8,16,1,1,1,1
44529,8,22,1,1,1,1
44529,8,23,1,1,1,1
44529,8,24,1,1,1,1
44529,8,25,1,1,1,1
44529,8,26,1,1,1,1
44529,8,27,1,1,1,1
44529,8,28,1,0,1,1
44529,8,29,1,1,1,1
44529,8,30,1,1,1,1
44529,8,31,1,0,1,0
44529,8,32,1,1,1,1
44529,8,33,1,1,1,1
44529,8,34,1,1,1,1
44529,8,35,1,0,1,0
51302,801,1,1,1,0,1
51302,801,2,1,1,1,1
51302,801,3,1,1,1,0
51302,801,4,1,1,1,1
51302,801,5,1,0,1,1
51302,801,6,1,1,1,1
51302,801,7,1,0,1,0
51302,801,8,1,1,1,1
51302,801,9,1,1,1,1
51302,801,10,1,1,1,1
51302,801,11,0,1,1,1
51302,801,12,1,1,1,1
51302,801,13,1,1,1,1
51302,801,14,1,0,1,1
51302,801,15,1,1,1,0
51302,801,16,1,1,1,1
51302,801,17,1,0,1,0
51302,801,18,1,0,1,0
51302,801,19,1,1,1,1
51302,801,20,1,1,1,1
51302,801,21,1,1,1,1
51302,801,22,1,0,1,0
51302,801,23,1,1,1,1
51302,801,24,1,1,1,1
51302,801,25,1,0,1,0
51302,801,26,1,0,1,0
51302,801,27,1,0,1,0
51302,801,28,1,0,1,0
51302,801,29,1,0,1,0
51302,801,30,1,0,1,0
51302,801,31,1,0,1,0
51302,801,32,1,1,1,1
51302,801,33,1,0,1,0
51302,801,34,1,1,1,1
51302,801,36,1,0,1,0
51302,801,37,1,1,1,1
51302,801,38,1,0,1,1
51302,801,40,1,0,1,0
51302,805,1,1,0,1,0
51302,805,3,1,0,1,0
51302,805,4,1,0,1,0
51302,805,5,1,0,1,0
51302,805,11,0,1,0,1
51302,805,12,1,1,1,1
51302,805,13,1,0,1,0
51302,805,16,1,0,1,0
51302,805,20,1,1,0,1
51302,805,24,1,1,1,1
51302,805,26,1,0,1,0
51302,805,27,0,1,0,1
51302,805,28,1,1,1,1
51302,805,29,1,0,1,0
51302,805,30,1,0,1,0
51302,805,32,1,1,1,1
51302,805,33,1,1,1,1
51302,805,35,1,0,1,1
51302,805,37,1,0,1,0
51302,805,40,1,0,1,0
54502,八年二班,1,1,0,1,0
54502,八年二班,2,1,0,1,0
54502,八年二班,3,0,0,1,0
54502,八年二班,4,0,1,1,1
54502,八年二班,5,1,1,1,1
54502,八年二班,6,1,0,1,0
54502,八年二班,7,1,1,1,1
54502,八年二班,8,1,1,1,1
54502,八年二班,9,1,0,1,0
54502,八年二班,10,1,1,1,1
54502,八年二班,14,1,0,1,0
54502,八年二班,16,1,1,1,1
54502,八年二班,17,1,0,1,0
54502,八年二班,19,1,1,1,1
54502,八年二班,20,1,0,1,0
54502,八年二班,21,1,1,1,0
54502,八年二班,22,0,1,0,1
54502,八年二班,23,0,1,1,1
54502,八年二班,25,1,0,1,0
54502,八年四班,1,1,1,1,1
54502,八年四班,2,1,1,1,1
54502,八年四班,4,1,0,1,0
54502,八年四班,5,1,1,1,1
54502,八年四班,6,1,0,1,0
54502,八年四班,8,1,1,1,1
54502,八年四班,9,1,0,1,1
54502,八年四班,10,0,1,1,1
54502,八年四班,11,1,0,1,0
54502,八年四班,12,1,1,1,0
54502,八年四班,15,1,1,1,1
54502,八年四班,16,1,1,1,0
54502,八年四班,18,1,1,1,1
54502,八年四班,20,1,1,1,1
54505,八年一班,3,1,1,1,1
54505,八年一班,4,1,1,1,1
54505,八年一班,5,0,0,1,1
54505,八年一班,12,1,0,1,1
54505,八年一班,13,0,1,0,1
54505,八年一班,15,0,1,1,0
54505,八年一班,17,1,0,1,1
54505,八年一班,18,1,0,1,0
54505,八年一班,20,1,0,1,0
54505,八年一班,21,0,1,1,1
54505,八年一班,23,1,0,1,0
54505,八年一班,26,1,0,1,0
54505,八年五班,1,1,0,1,0
54505,八年五班,3,1,1,0,1
54505,八年五班,5,1,0,1,1
54505,八年五班,6,1,1,1,1
54505,八年五班,7,1,1,1,1
54505,八年五班,9,1,1,1,0
54505,八年五班,10,1,0,1,0
54505,八年五班,11,1,1,1,1
54505,八年五班,12,0,1,1,1
54505,八年五班,15,1,0,1,1
54505,八年五班,16,1,1,1,1
54505,八年五班,17,0,1,0,1
54505,八年五班,18,1,0,1,0
54505,八年五班,19,1,1,1,1
54505,八年五班,21,1,1,1,0
54505,八年五班,22,1,0,1,0
54505,八年五班,23,1,0,1,0
54505,八年五班,24,1,0,1,0
54505,八年五班,26,1,1,1,1
54523,八年孝班,1,1,1,1,1
54523,八年孝班,2,1,0,1,1
54523,八年孝班,4,0,1,0,1
54523,八年孝班,5,1,0,1,0
54523,八年孝班,6,1,1,1,1
54523,八年孝班,7,1,0,1,1
54523,八年孝班,8,1,1,1,1
54523,八年孝班,10,1,1,1,1
54523,八年孝班,11,1,1,1,1
54523,八年孝班,13,1,1,1,0
54523,八年孝班,16,1,1,1,0
54523,八年孝班,17,1,1,0,1
54523,八年忠班,1,0,1,1,1
54523,八年忠班,3,1,0,1,0
54523,八年忠班,6,1,1,1,1
54523,八年忠班,7,1,1,1,1
54523,八年忠班,8,1,1,1,1
54523,八年忠班,9,0,0,1,0
54523,八年忠班,10,0,1,1,1
54523,八年忠班,11,1,1,1,0
54523,八年忠班,13,1,1,1,1
54523,八年忠班,15,0,1,0,1
54523,八年忠班,16,1,0,1,1
54523,八年忠班,17,1,1,1,1
60323,802,1,1,1,1,1
60323,802,3,1,1,1,0
60323,802,4,1,1,1,1
60323,802,5,1,1,1,1
60323,802,6,1,0,1,0
60323,802,7,1,0,1,0
60323,802,8,1,1,1,1
60323,802,9,1,1,1,1
60323,802,12,1,0,1,0
60323,802,13,1,1,1,1
60323,802,14,1,0,1,0
60323,802,16,1,0,1,0
60323,802,17,1,0,1,0
60323,802,18,1,1,1,1
60323,802,19,1,1,1,1
60323,802,21,1,0,1,1
60323,802,23,1,0,1,0
60323,802,24,1,1,1,1
60323,802,26,1,1,1,1
60323,802,27,0,1,1,1
60323,802,28,1,1,1,1
60323,802,30,1,1,1,1
60323,804,1,1,1,1,1
60323,804,2,1,0,1,1
60323,804,4,1,1,1,1
60323,804,6,0,1,1,1
60323,804,7,1,0,1,1
60323,804,8,1,0,1,0
60323,804,9,1,0,1,0
60323,804,12,1,0,1,0
60323,804,13,1,1,1,1
60323,804,14,1,0,1,0
60323,804,15,1,0,1,1
60323,804,16,1,0,1,1
60323,804,17,1,0,1,0
60323,804,18,1,1,1,1
60323,804,20,1,0,1,0
60323,804,21,1,1,1,1
60323,804,22,1,0,1,1
60323,804,23,1,0,1,0
60323,804,24,1,1,1,1
60323,804,25,1,0,1,0
60323,804,26,1,1,1,1
60323,804,27,1,0,1,0
60323,804,28,1,0,1,0
60323,804,29,0,1,1,1
60323,804,30,1,1,1,1
60323,804,31,1,0,1,0
61313,Y217,2,1,0,1,0
61313,Y217,3,1,0,1,0
61313,Y217,5,1,0,1,0
61313,Y217,6,1,0,1,0
61313,Y217,7,1,0,1,0
61313,Y217,8,1,1,0,1
61313,Y217,9,1,0,1,0
61313,Y217,10,1,1,1,1
61313,Y217,11,1,0,1,0
61313,Y217,14,1,0,1,0
61313,Y217,15,1,0,1,0
61313,Y217,19,1,1,1,1
61313,Y217,20,1,0,1,0
61313,Y217,21,1,0,1,1
61313,Y217,23,1,1,1,1
61313,Y217,24,1,1,1,1
61313,Y217,26,1,0,1,0
61313,Y217,27,1,0,1,0
61313,Y217,28,1,0,1,0
61313,Y217,29,1,0,1,0
61313,Y217,30,1,1,1,1
61313,Y217,31,1,1,1,1
61313,Y217,32,1,1,1,0
61313,Y217,33,1,1,1,1
61313,Y217,34,1,0,1,0
61313,Y217,35,1,1,1,1
61313,Y217,36,1,0,1,1
61313,Y217,37,1,1,1,0
61313,Y217,38,1,1,1,1
61313,Y217,39,1,0,1,0
61313,Y217,40,0,1,1,1
61313,Y217,41,1,0,1,0
61313,Y217,42,1,0,1,1
61313,Y27,2,1,0,1,1
61313,Y27,3,1,1,1,1
61313,Y27,4,1,0,1,0
61313,Y27,6,1,0,1,0
61313,Y27,7,1,1,1,1
61313,Y27,8,1,1,1,1
61313,Y27,9,1,1,1,1
61313,Y27,10,1,1,1,0
61313,Y27,11,1,0,1,0
61313,Y27,12,1,1,1,1
61313,Y27,13,1,0,1,1
61313,Y27,14,1,0,1,0
61313,Y27,15,1,0,1,0
61313,Y27,16,1,1,1,1
61313,Y27,17,1,0,1,0
61313,Y27,18,1,0,1,1
61313,Y27,19,1,1,1,1
61313,Y27,20,1,0,1,0
61313,Y27,21,1,0,1,0
61313,Y27,22,1,0,1,0
61313,Y27,24,1,1,1,1
61313,Y27,25,1,1,1,1
61313,Y27,26,1,1,1,0
61313,Y27,27,1,1,0,1
61313,Y27,28,1,1,1,1
61313,Y27,29,1,0,1,1
61313,Y27,30,1,1,1,1
61313,Y27,31,1,1,1,1
61313,Y27,32,0,0,1,0
61313,Y27,33,1,0,1,1
61313,Y27,34,1,0,1,0
61313,Y27,35,1,1,1,1
61313,Y27,36,1,0,1,0
61313,Y27,38,1,0,1,0
61313,Y27,39,1,0,1,0
61313,Y27,40,1,0,1,0
61315,201,1,1,1,1,1
61315,201,2,0,0,0,1
61315,201,4,0,0,1,1
61315,201,5,1,0,1,1
61315,201,6,1,1,1,0
61315,201,8,0,0,0,1
61315,201,10,1,1,1,0
61315,201,11,1,1,1,1
61315,201,12,1,1,1,1
61315,201,13,1,0,1,1
61315,201,14,1,0,1,0
61315,201,15,1,0,1,0
61315,201,17,1,0,1,0
61315,201,19,1,1,1,1
61315,201,20,0,0,1,1
61315,201,21,1,0,1,0
61315,201,22,1,1,1,1
61315,201,23,1,1,1,1
61315,201,24,1,1,0,1
61315,201,25,1,1,1,1
61315,201,27,1,1,0,1
61315,201,28,1,0,1,0
61315,201,29,0,0,1,0
61315,201,32,1,1,1,1
61315,201,33,1,0,1,0
61315,201,34,1,1,1,0
61315,201,35,1,0,1,0
61315,201,36,1,0,1,1
61315,201,38,1,1,1,1
61315,204,1,1,0,1,1
61315,204,2,1,1,1,1
61315,204,3,1,1,1,1
61315,204,5,0,1,0,1
61315,204,6,1,0,1,0
61315,204,11,1,0,1,0
61315,204,13,1,0,1,0
61315,204,15,0,1,0,1
61315,204,17,1,0,1,0
61315,204,19,0,0,1,0
61315,204,23,1,0,1,0
61315,204,24,1,0,1,0
61315,204,27,1,1,1,1
61315,204,28,1,1,1,1
61315,204,29,1,0,1,0
61315,204,34,1,0,0,0
61315,204,35,0,1,1,1
61315,204,37,1,0,0,1
61317,國二03,1,1,0,1,0
61317,國二03,2,1,1,1,1
61317,國二03,4,1,0,1,0
61317,國二03,7,1,0,1,0
61317,國二03,8,1,1,1,1
61317,國二03,9,1,0,1,0
61317,國二03,10,1,0,1,0
61317,國二03,11,1,0,1,0
61317,國二03,14,1,0,1,0
61317,國二03,15,1,1,1,1
61317,國二03,16,1,1,1,1
61317,國二03,17,1,0,1,1
61317,國二03,19,1,1,1,1
61317,國二03,21,1,0,1,0
61317,國二03,24,1,0,1,0
61317,國二03,25,1,0,1,0
61317,國二03,26,1,0,1,0
61317,國二03,27,1,0,1,0
61317,國二03,28,1,0,1,0
61317,國二03,29,1,0,1,0
61317,國二03,30,0,1,0,1
61317,國二03,31,1,0,1,0
61317,國二03,32,1,0,1,0
61317,國二03,33,1,1,1,1
61317,國二03,34,1,0,1,0
61317,國二03,35,1,1,1,1
61317,國二03,37,1,0,1,0
61317,國二03,39,0,1,0,1
61317,國二03,40,1,0,1,0
61317,國二03,41,1,0,1,0
61317,國二03,43,1,0,1,0
61317,國二03,46,1,0,1,1
61317,國二03,48,1,1,1,1
61317,國二07,1,1,1,1,1
61317,國二07,2,1,1,1,0
61317,國二07,3,1,1,1,1
61317,國二07,6,1,1,1,1
61317,國二07,7,1,1,1,1
61317,國二07,8,1,0,1,1
61317,國二07,9,1,1,1,1
61317,國二07,10,1,0,1,1
61317,國二07,11,1,1,1,1
61317,國二07,12,1,1,1,1
61317,國二07,15,1,1,1,1
61317,國二07,16,0,0,1,1
61317,國二07,17,1,0,1,0
61317,國二07,18,0,1,0,1
61317,國二07,19,1,1,0,0
61317,國二07,20,1,0,1,0
61317,國二07,22,1,0,1,1
61317,國二07,23,1,1,1,1
61317,國二07,25,1,0,1,0
61317,國二07,26,0,1,0,1
61317,國二07,27,1,1,1,1
61317,國二07,28,1,0,1,0
61317,國二07,30,1,1,1,1
61317,國二07,31,1,0,1,0
61317,國二07,32,1,1,0,1
61317,國二07,33,1,0,1,0
61317,國二07,35,1,1,1,1
61317,國二07,36,1,0,1,0
61317,國二07,37,1,1,1,1
61317,國二07,38,1,0,1,0
61317,國二07,39,1,0,1,0
61317,國二07,40,1,0,1,0
61317,國二07,41,1,1,0,1
61317,國二07,42,1,1,1,1
64350,802,2,1,0,1,0
64350,802,3,1,1,0,1
64350,802,4,1,1,1,1
64350,802,5,1,0,1,0
64350,802,6,1,1,1,1
64350,802,7,1,0,1,0
64350,802,9,1,0,1,0
64350,802,10,1,1,1,1
64350,802,11,1,0,1,0
64350,802,12,1,0,1,0
64350,802,14,1,1,1,1
64350,802,15,1,1,0,1
64350,802,17,1,1,1,1
64350,802,18,1,0,1,0
64350,802,19,1,1,1,1
64350,802,20,1,0,1,1
64350,802,21,1,1,1,1
64350,802,23,1,0,1,1
64350,802,24,1,1,1,1
64350,802,25,1,0,1,0
64350,802,26,0,1,0,1
64350,802,27,1,0,1,0
64350,805,1,1,0,1,0
64350,805,2,1,0,1,0
64350,805,4,1,0,1,0
64350,805,5,1,0,1,0
64350,805,6,1,1,1,1
64350,805,7,1,0,1,0
64350,805,8,0,1,0,1
64350,805,14,1,0,1,0
64350,805,15,1,0,1,0
64350,805,16,1,1,1,1
64350,805,17,1,0,1,0
64350,805,18,1,0,1,0
64350,805,19,1,0,1,0
64350,805,20,1,1,1,1
64350,805,21,1,0,1,1
64350,805,25,0,1,1,1
64350,805,27,1,0,1,0
64510,八年二班,2,1,0,1,0
64510,八年二班,4,1,0,1,0
64510,八年二班,5,1,0,1,0
64510,八年二班,6,1,0,1,0
64510,八年二班,7,1,1,1,0
64510,八年二班,8,1,1,0,1
64510,八年二班,9,1,1,1,0
64510,八年二班,10,0,1,0,1
64510,八年二班,11,1,0,1,1
64510,八年二班,21,1,1,1,1
64510,八年二班,22,1,0,1,0
64510,八年二班,23,1,0,1,0
64510,八年二班,24,1,0,1,0
64510,八年二班,25,1,0,1,0
64510,八年二班,26,1,0,1,0
64510,八年二班,28,1,0,1,1
64510,八年二班,29,1,0,1,0
64510,八年二班,30,1,1,1,1
64510,八年二班,31,1,1,1,1
64510,八年十班,1,1,1,1,1
64510,八年十班,2,1,0,1,1
64510,八年十班,3,1,0,1,0
64510,八年十班,4,1,1,1,1
64510,八年十班,5,1,0,1,0
64510,八年十班,7,1,0,1,1
64510,八年十班,8,1,1,1,1
64510,八年十班,9,1,0,1,0
64510,八年十班,11,1,1,1,1
64510,八年十班,12,1,1,1,1
64510,八年十班,13,1,1,1,1
64510,八年十班,21,1,0,1,0
64510,八年十班,22,1,1,1,1
64510,八年十班,23,1,1,1,1
64510,八年十班,25,1,1,1,1
64510,八年十班,26,1,1,1,1
64510,八年十班,27,1,0,1,0
64510,八年十班,28,1,1,1,1
64510,八年十班,29,1,1,1,1
64510,八年十班,30,1,0,1,0
64510,八年十班,33,1,1,1,1
64515,807,2,1,1,1,1
64515,807,3,1,1,1,1
64515,807,4,1,1,1,1
64515,807,6,1,0,1,1
64515,807,7,1,0,1,0
64515,807,8,1,0,1,0
64515,807,9,1,0,1,0
64515,807,10,1,0,1,0
64515,807,11,1,0,1,0
64515,807,12,1,0,1,0
64515,807,13,1,1,1,1
64515,807,14,1,1,1,1
64515,807,15,1,0,1,0
64515,807,16,1,1,1,1
64515,807,17,1,0,1,0
64515,807,18,1,1,1,1
64515,807,19,1,1,1,1
64515,807,20,1,1,1,1
64515,807,21,1,1,1,1
64515,807,22,1,0,1,0
64515,807,23,0,1,1,1
64515,807,24,1,1,1,1
64515,807,25,1,1,1,1
64515,807,26,1,1,1,1
64515,807,28,1,1,1,1
64515,807,29,1,0,1,0
64515,807,30,1,0,1,0
64515,816,1,1,1,1,1
64515,816,4,0,1,0,1
64515,816,5,1,0,1,0
64515,816,7,1,0,1,0
64515,816,8,1,0,1,0
64515,816,9,1,0,1,0
64515,816,10,1,0,1,0
64515,816,11,1,0,1,0
64515,816,12,1,1,1,0
64515,816,14,1,0,1,1
64515,816,15,1,0,1,0
64515,816,16,1,0,1,1
64515,816,17,1,0,1,0
64515,816,18,0,0,1,0
64515,816,19,1,1,1,1
64515,816,20,1,1,1,1
64515,816,21,1,1,1,1
64515,816,24,1,0,1,1
64515,816,25,1,0,1,1
64515,816,26,1,1,1,0
64515,816,27,1,0,1,0
64519,803,1,1,1,1,1
64519,803,3,1,1,1,1
64519,803,4,1,1,1,1
64519,803,5,1,1,1,1
64519,803,8,1,0,1,0
64519,803,9,1,1,1,1
64519,803,10,1,1,1,1
64519,803,11,1,0,1,0
64519,803,12,1,0,1,0
64519,803,13,1,0,1,0
64519,803,17,0,1,0,1
64519,803,20,0,1,0,1
64519,803,21,1,0,1,0
64519,803,23,1,0,1,0
64521,8,1,1,1,1,1
64521,8,2,1,1,1,1
64521,8,3,1,1,1,1
64521,8,4,1,1,1,1
64521,8,5,1,1,1,1
64521,8,6,1,1,1,1
64521,8,7,1,1,1,1
64521,8,8,1,1,1,1
64521,8,9,1,1,1,1
64521,8,10,1,1,1,1
64521,8,11,1,1,1,1
64521,8,12,1,1,1,1
64521,8,13,1,1,1,1
64523,八年三班,1,1,1,1,1
64523,八年三班,4,1,1,1,1
64523,八年三班,5,1,0,1,0
64523,八年三班,6,1,1,1,1
64523,八年三班,7,1,1,1,1
64523,八年三班,9,0,1,1,1
64523,八年三班,10,1,1,1,1
64523,八年三班,11,1,1,1,1
64523,八年三班,12,0,0,1,0
64523,八年三班,14,1,0,1,1
64523,八年三班,15,1,1,0,1
64523,八年三班,17,1,0,1,0
64523,八年三班,18,1,0,1,0
64523,八年三班,19,1,0,1,0
64523,八年三班,21,1,0,1,0
64523,八年三班,23,1,0,1,0
64523,八年三班,24,0,1,1,1
64523,八年八班,3,1,0,1,0
64523,八年八班,4,1,1,1,1
64523,八年八班,5,1,0,1,1
64523,八年八班,6,1,1,1,1
64523,八年八班,7,1,1,1,1
64523,八年八班,8,1,0,1,1
64523,八年八班,9,1,1,1,1
64523,八年八班,10,1,1,1,1
64523,八年八班,11,1,0,1,1
64523,八年八班,12,1,1,1,1
64523,八年八班,13,1,0,1,0
64523,八年八班,14,1,1,1,1
64523,八年八班,15,1,1,1,1
64523,八年八班,16,1,1,1,1
64523,八年八班,17,1,1,0,1
64523,八年八班,18,1,1,1,0
64523,八年八班,20,1,1,1,1
64523,八年八班,21,1,1,1,1
64523,八年八班,22,0,1,0,1
64523,八年八班,23,1,0,1,1
64523,八年八班,24,1,1,1,1
64526,801,1,1,1,1,1
64526,801,2,1,1,1,1
64526,801,3,1,1,1,0
64526,801,5,0,1,1,1
64526,801,6,1,1,1,1
64526,801,7,1,1,1,0
64526,801,8,1,1,1,1
64526,801,9,1,1,1,1
64526,801,10,1,0,1,1
64526,801,11,1,1,1,1
64526,801,12,0,1,0,1
64526,801,13,1,1,1,0
64526,801,14,1,0,1,0
64526,801,15,1,0,1,0
64526,801,17,1,1,1,1
64526,801,18,0,1,0,1
64526,801,19,1,0,1,0
64526,801,20,1,1,1,1
64526,801,21,1,1,0,1
64526,801,22,1,0,1,0
64526,801,23,1,0,1,0
64526,801,25,1,1,1,1
64526,801,26,1,1,1,1
64526,801,27,1,0,1,0
64526,804,4,1,0,1,0
64526,804,5,1,0,1,0
64526,804,9,1,0,1,0
64526,804,10,1,0,0,0
64526,804,12,0,1,1,1
64526,804,13,1,1,1,1
64526,804,15,1,0,1,0
64526,804,16,1,1,1,0
64526,804,17,1,0,1,0
64526,804,18,1,1,1,1
64526,804,21,1,0,1,0
64526,804,23,1,0,1,0
64526,804,24,1,1,1,1
64533,801,2,1,0,1,0
64533,801,3,1,0,1,0
64533,801,4,1,0,1,0
64533,801,6,1,0,1,0
64533,802,3,1,0,1,0
64533,802,4,1,0,1,0
64533,802,6,1,0,0,0
64537,八年18班,2,1,0,1,0
64537,八年18班,6,1,1,0,1
64537,八年18班,7,1,1,1,1
64537,八年18班,8,1,0,1,0
64537,八年18班,9,1,0,1,0
64537,八年18班,10,1,0,1,0
64537,八年18班,11,1,0,1,0
64537,八年18班,15,1,1,1,1
64537,八年18班,16,1,0,1,0
64537,八年18班,18,1,0,1,0
64537,八年9班,2,0,1,0,1
64537,八年9班,9,1,0,1,0
64537,八年9班,10,1,1,1,1
64537,八年9班,11,1,1,1,1
64537,八年9班,13,1,1,1,1
64537,八年9班,15,1,1,1,1
64537,八年9班,16,1,0,1,1
64537,八年9班,17,1,0,1,0
64538,八年五班,1,1,1,1,1
64538,八年五班,3,0,0,1,1
64538,八年五班,4,1,1,1,1
64538,八年五班,5,1,0,1,0
64538,八年五班,6,1,1,1,1
64538,八年五班,7,1,1,1,1
64538,八年五班,9,1,1,1,1
64538,八年五班,10,1,1,1,1
64538,八年五班,11,1,0,1,0
64538,八年五班,12,1,1,1,1
64538,八年五班,13,0,1,1,1
64538,八年五班,14,1,1,1,1
64538,八年五班,16,1,1,1,1
64538,八年五班,17,1,1,1,1
64538,八年五班,18,1,1,1,1
64538,八年五班,19,1,1,1,1
64538,八年五班,20,1,1,1,1
64538,八年五班,21,1,1,1,1
64538,八年五班,22,1,0,1,1
64538,八年五班,23,1,1,1,1
64538,八年五班,24,1,1,1,1
64538,八年五班,25,1,0,1,0
64538,八年五班,26,1,1,1,1
64538,八年五班,27,1,1,1,1
64538,八年五班,28,1,0,1,0
64538,八年五班,29,1,1,1,1
64538,八年十一班,1,1,1,1,1
64538,八年十一班,2,1,1,1,1
64538,八年十一班,3,1,0,1,0
64538,八年十一班,4,1,1,1,1
64538,八年十一班,5,1,0,1,0
64538,八年十一班,6,1,1,1,1
64538,八年十一班,7,1,1,1,1
64538,八年十一班,8,1,1,1,1
64538,八年十一班,9,1,0,1,0
64538,八年十一班,10,1,1,1,1
64538,八年十一班,11,0,1,0,1
64538,八年十一班,12,0,1,0,1
64538,八年十一班,13,1,0,1,0
64538,八年十一班,14,1,1,1,1
64538,八年十一班,15,1,1,1,1
64538,八年十一班,16,0,1,0,1
64538,八年十一班,18,1,1,1,1
64538,八年十一班,19,1,1,1,0
64538,八年十一班,20,1,0,1,0
64538,八年十一班,21,1,1,1,1
64538,八年十一班,22,1,1,1,1
64538,八年十一班,23,1,0,1,0
64538,八年十一班,24,1,1,1,1
64538,八年十一班,25,1,0,1,0
64538,八年十一班,26,1,1,1,1
64538,八年十一班,27,1,0,1,0
64538,八年十一班,28,1,0,1,0
64543,801,2,1,1,1,1
64543,801,3,1,0,1,0
64543,801,5,1,1,0,1
64543,801,7,1,0,1,0
64543,801,8,0,0,1,1
64543,801,9,1,0,1,1
64543,801,10,1,0,1,0
64543,801,11,1,1,1,1
64543,801,12,0,1,0,1
64543,801,14,1,0,1,1
64543,801,15,1,0,1,0
64543,801,16,1,0,1,0
64543,801,17,1,0,1,1
64543,801,18,0,1,0,1
64543,801,19,1,0,1,0
64543,801,20,1,0,1,0
64543,801,23,1,0,1,0
64543,801,24,1,0,1,1
64543,801,27,1,0,1,0
64543,808,2,0,1,0,1
64543,808,4,1,0,1,0
64543,808,5,1,0,1,0
64543,808,8,0,1,0,1
64543,808,11,1,0,1,0
64543,808,12,1,0,1,0
64543,808,13,1,0,1,1
64543,808,15,1,0,1,1
64543,808,16,1,1,1,1
64543,808,18,1,1,1,0
64543,808,19,1,1,1,1
64543,808,20,1,1,1,1
64543,808,21,1,1,1,1
64543,808,24,1,0,1,0
64545,八年4班,1,1,1,1,1
64545,八年4班,3,1,0,1,1
64545,八年4班,4,1,1,1,0
64545,八年4班,6,1,1,1,1
64545,八年4班,7,1,1,1,1
64545,八年4班,8,1,1,1,1
64545,八年4班,9,1,1,1,0
64545,八年4班,12,1,0,1,1
64545,八年4班,13,1,0,1,1
64545,八年4班,14,1,0,1,0
64545,八年4班,15,1,0,1,0
64545,八年4班,16,1,0,1,0
64545,八年7班,1,1,1,1,1
64545,八年7班,2,1,1,1,1
64545,八年7班,3,1,0,1,0
64545,八年7班,5,1,0,1,1
64545,八年7班,7,1,1,1,0
64545,八年7班,8,1,0,1,0
64545,八年7班,10,1,0,1,0
64545,八年7班,11,1,0,1,0
64545,八年7班,12,1,0,1,0
64545,八年7班,13,1,1,1,0
64545,八年7班,14,1,0,1,1
64545,八年7班,15,1,0,1,0
64545,八年7班,16,1,1,1,1
64545,八年7班,17,1,0,1,0
64545,八年7班,18,1,1,1,0
64545,八年7班,19,1,0,1,0
64546,八年九班,1,1,0,1,0
64546,八年九班,2,1,1,1,1
64546,八年九班,3,0,1,1,1
64546,八年九班,5,1,0,1,0
64546,八年九班,6,1,1,1,0
64546,八年九班,7,1,0,1,0
64546,八年九班,8,1,0,1,0
64546,八年九班,9,1,1,1,0
64546,八年九班,10,1,0,1,0
64546,八年九班,11,1,0,1,0
64546,八年九班,12,1,0,1,0
64546,八年九班,13,1,0,1,0
64546,八年九班,14,1,1,1,0
64546,八年九班,15,1,1,1,0
64546,八年九班,16,1,1,1,1
64546,八年九班,17,1,1,1,1
64546,八年九班,18,1,0,1,0
64546,八年九班,19,1,1,1,1
64546,八年九班,20,1,0,1,0
64546,八年九班,21,1,1,1,1
64546,八年九班,22,1,0,1,1
64546,八年九班,23,1,1,1,1
64546,八年九班,24,1,1,1,1
64546,八年九班,25,1,1,1,1
64546,八年九班,26,1,1,1,1
64546,八年二班,1,0,1,1,1
64546,八年二班,2,1,1,1,1
64546,八年二班,3,1,1,1,1
64546,八年二班,4,1,1,1,1
64546,八年二班,5,1,1,1,1
64546,八年二班,7,1,1,1,1
64546,八年二班,8,1,0,1,0
64546,八年二班,9,1,1,1,1
64546,八年二班,10,1,1,1,1
64546,八年二班,14,1,0,1,0
64546,八年二班,15,1,1,1,1
64546,八年二班,16,1,0,1,0
64546,八年二班,17,1,1,0,1
64546,八年二班,18,1,0,1,0
64546,八年二班,19,1,0,1,0
64546,八年二班,20,1,1,1,1
64546,八年二班,21,1,1,1,1
64546,八年二班,22,1,0,1,0
64546,八年二班,23,1,1,1,1
64546,八年二班,24,1,0,1,0
64546,八年二班,25,1,1,0,1
64546,八年二班,26,0,1,1,1
64546,八年二班,27,1,0,1,0
64546,八年二班,28,1,0,1,0
64548,801,2,1,0,1,0
64548,801,4,1,1,1,1
64548,801,6,1,0,1,0
64548,801,7,1,1,1,0
64548,801,8,1,1,1,1
64548,801,9,1,0,1,0
64548,801,10,0,1,1,1
64548,801,11,1,0,1,0
64548,801,12,1,0,1,0
64548,801,13,1,1,1,1
64548,801,14,1,0,1,0
64548,801,15,1,0,1,0
64548,801,16,1,1,1,1
64548,801,17,1,0,1,1
64548,801,18,1,0,1,0
64548,801,19,1,1,1,0
64548,801,20,1,0,1,1
64548,801,21,1,0,1,0
64548,801,24,1,0,1,1
64548,801,25,0,1,0,1
64548,801,26,1,0,1,1
64548,801,27,1,0,1,0
64548,801,28,1,0,1,0
64548,809,2,1,0,1,0
64548,809,4,1,0,1,0
64548,809,5,0,1,0,1
64548,809,6,1,0,1,1
64548,809,7,1,0,1,0
64548,809,8,1,0,1,0
64548,809,10,1,1,1,1
64548,809,11,1,0,1,0
64548,809,13,1,0,1,1
64548,809,16,0,1,0,1
64548,809,17,1,0,1,0
64548,809,18,1,0,1,0
64548,809,19,1,1,1,1
64548,809,20,1,1,1,0
64548,809,21,1,1,1,1
64548,809,22,1,1,1,1
64548,809,23,1,1,1,1
64548,809,24,1,1,1,1
64548,809,25,1,0,1,0
64548,809,28,1,0,1,1
64551,802,1,1,0,1,0
64551,802,2,1,0,1,0
64551,802,3,1,0,1,0
64551,802,4,1,0,1,0
64551,802,5,1,1,0,1
64551,802,6,1,1,1,1
64551,802,7,1,1,1,1
64551,802,8,1,0,1,0
64551,802,9,1,0,1,0
64551,802,10,1,1,1,1
64551,802,11,1,0,1,0
64551,802,12,1,0,1,0
64551,802,14,1,0,1,0
64551,802,15,1,0,1,0
64551,802,16,1,1,1,1
64551,802,17,1,0,1,0
64551,802,18,1,0,1,0
64551,802,19,1,0,1,0
64551,802,20,0,0,1,0
64551,802,21,1,0,1,0
64551,802,22,1,0,1,0
64551,802,23,1,0,1,0
64551,802,24,1,1,1,1
64551,802,25,1,0,1,0
64551,805,1,1,0,1,0
64551,805,4,1,0,1,1
64551,805,5,1,1,1,1
64551,805,6,1,1,1,1
64551,805,7,1,0,1,0
64551,805,8,1,0,1,0
64551,805,9,0,1,0,1
64551,805,11,1,1,1,1
64551,805,14,0,1,1,1
64551,805,15,1,0,1,0
64551,805,18,1,1,1,1
64551,805,19,1,0,1,0
64551,805,20,1,0,1,0
64551,805,21,1,1,1,1
64551,805,22,1,0,1,0
64551,805,23,1,0,1,0
64551,805,24,1,0,1,0
64551,805,25,0,1,1,1
64551,805,26,0,0,1,0
64551,805,27,0,1,0,1
64551,805,28,0,1,0,1
71311,805,1,0,1,0,0
71311,805,4,1,0,1,0
71311,805,8,1,0,1,0
71311,805,9,1,0,1,1
71311,805,11,1,0,1,0
71311,805,15,0,0,1,0
71311,805,16,1,1,1,0
71311,805,17,1,0,1,0
71311,805,20,1,0,0,0
71311,805,22,0,1,0,1
71311,805,24,1,0,1,0
71311,805,27,0,1,0,1
71311,805,29,1,0,1,1
71311,805,31,1,0,1,0
71311,805,33,1,0,1,0
71311,805,37,1,0,1,1
71311,805,38,1,0,1,0
71311,805,39,1,1,1,0
71311,805,40,1,1,1,1
71311,805,44,1,0,1,0
71311,805,46,1,1,1,1
71311,805,47,1,1,1,1
71311,812,1,1,0,1,0
71311,812,5,1,0,1,0
71311,812,9,1,1,1,1
71311,812,11,1,0,1,0
71311,812,12,1,0,1,0
71311,812,14,1,0,1,0
71311,812,16,1,0,1,0
71311,812,17,1,0,1,0
71311,812,22,1,0,1,0
71311,812,24,1,0,1,0
71311,812,26,1,0,1,0
71311,812,27,1,0,0,0
71311,812,30,1,1,1,0
71311,812,32,0,0,0,1
71311,812,33,0,1,0,1
71311,812,38,1,0,1,0
71311,812,48,1,0,1,0
71318,國中二A,1,0,1,0,1
71318,國中二A,2,1,1,1,1
71318,國中二A,3,1,1,1,1
71318,國中二A,4,1,1,1,1
71318,國中二A,5,1,1,1,1
71318,國中二A,6,0,1,1,1
74323,202,1,1,1,1,1
74323,202,2,1,1,1,0
74323,202,3,1,1,1,0
74323,202,4,1,1,1,1
74323,202,6,1,0,1,0
74323,202,7,1,1,1,0
74323,202,8,1,1,1,1
74323,202,9,1,0,1,1
74323,202,11,1,1,1,1
74323,202,12,0,1,1,1
74323,202,15,1,1,1,1
74323,202,16,1,0,1,0
74323,202,17,1,1,1,1
74323,202,18,1,0,1,0
74323,202,19,1,0,1,0
74323,202,20,1,1,1,0
74323,202,22,1,1,1,1
74323,202,23,1,0,1,0
74323,202,24,1,0,1,0
74323,202,25,1,1,1,1
74323,202,26,1,0,1,1
74323,208,1,1,1,1,1
74323,208,2,1,0,1,0
74323,208,4,0,1,0,1
74323,208,5,0,1,1,1
74323,208,6,1,0,1,0
74323,208,7,1,1,1,1
74323,208,8,1,1,1,0
74323,208,9,1,1,1,1
74323,208,10,1,1,1,0
74323,208,11,1,0,1,0
74323,208,12,1,1,1,1
74323,208,13,1,0,1,1
74323,208,15,1,1,1,1
74323,208,16,1,0,1,0
74323,208,17,1,0,1,0
74323,208,18,1,1,1,1
74323,208,19,1,1,0,1
74323,208,21,1,0,1,0
74323,208,22,1,0,1,0
74323,208,23,1,1,1,1
74323,208,24,1,1,1,1
74323,208,25,1,1,1,1
74323,208,26,1,0,1,0
74323,208,27,1,0,1,0
74505,八年1班,1,1,1,1,1
74505,八年1班,2,1,0,1,0
74505,八年1班,3,1,1,1,1
74505,八年1班,5,1,1,1,1
74505,八年1班,7,0,1,0,1
74505,八年1班,8,1,1,1,1
74505,八年1班,9,1,1,1,1
74505,八年1班,10,1,0,1,0
74505,八年1班,11,1,1,1,1
74505,八年1班,12,1,1,1,1
74505,八年1班,13,1,0,1,0
74505,八年1班,14,1,1,1,1
74505,八年1班,15,0,1,1,1
74505,八年1班,16,1,0,1,0
74505,八年1班,17,1,0,1,0
74505,八年1班,18,1,1,1,1
74505,八年1班,20,1,1,1,1
74505,八年1班,21,1,1,1,1
74505,八年1班,22,1,0,1,0
74505,八年1班,23,1,1,1,1
74505,八年1班,25,1,0,1,0
74505,八年1班,26,1,0,1,0
74505,八年1班,28,1,0,1,0
74505,八年7班,1,0,1,1,1
74505,八年7班,2,1,0,1,0
74505,八年7班,3,1,1,1,1
74505,八年7班,4,1,1,1,1
74505,八年7班,5,1,1,1,1
74505,八年7班,6,1,1,1,1
74505,八年7班,7,1,1,1,1
74505,八年7班,8,1,1,1,1
74505,八年7班,9,1,1,1,1
74505,八年7班,10,1,1,1,1
74505,八年7班,12,1,1,1,1
74505,八年7班,13,1,1,1,1
74505,八年7班,14,1,1,1,1
74505,八年7班,15,1,0,1,0
74505,八年7班,16,1,0,1,0
74505,八年7班,19,1,1,1,1
74505,八年7班,21,1,0,1,0
74505,八年7班,22,1,1,1,0
74505,八年7班,23,1,1,1,1
74505,八年7班,24,1,0,1,0
74505,八年7班,25,0,1,1,1
74505,八年7班,26,1,0,1,0
74505,八年7班,27,0,1,0,1
74505,八年7班,28,1,0,1,0
74510,801,1,1,0,1,0
74510,801,2,0,1,0,1
74510,801,3,1,0,1,0
74510,801,4,1,0,1,0
74510,801,5,1,0,1,0
74510,801,6,1,1,1,1
74510,801,7,1,0,1,0
74510,801,8,1,0,1,0
74510,801,9,1,1,1,1
74510,801,11,1,1,1,0
74510,801,12,1,0,1,0
74510,801,13,1,1,1,0
74510,801,14,1,0,1,0
74510,801,15,1,1,1,1
74510,801,17,1,0,1,1
74510,801,18,1,1,1,1
74510,801,19,1,0,1,0
74510,801,20,1,1,1,1
74510,801,21,1,0,1,0
74510,801,22,1,0,1,1
74510,801,23,1,1,1,1
74510,801,24,1,1,1,1
74510,801,25,1,0,1,0
74510,801,26,1,0,1,0
74510,801,27,1,0,1,1
74510,801,28,1,0,1,0
74510,807,1,1,0,1,0
74510,807,3,1,1,1,1
74510,807,4,1,0,1,0
74510,807,5,0,1,1,1
74510,807,6,1,0,1,0
74510,807,7,1,0,1,0
74510,807,8,1,1,1,1
74510,807,9,0,1,1,1
74510,807,10,1,1,1,1
74510,807,11,0,1,1,1
74510,807,12,1,1,1,1
74510,807,13,1,1,1,0
74510,807,14,1,1,1,1
74510,807,15,1,0,1,0
74510,807,16,1,1,1,0
74510,807,17,1,1,1,1
74510,807,18,1,1,0,1
74510,807,19,1,0,1,0
74510,807,20,1,0,1,0
74510,807,22,1,1,1,1
74510,807,23,1,1,1,1
74510,807,24,1,1,1,1
74510,807,25,1,0,1,1
74510,807,26,1,0,1,0
74510,807,27,1,1,1,0
74510,807,28,1,0,1,0
74510,807,29,1,0,1,0
74510,807,30,1,1,1,1
74511,八年一班,1,1,1,1,1
74511,八年一班,2,1,1,1,1
74511,八年一班,3,1,1,1,1
74511,八年一班,4,1,0,1,1
74511,八年一班,5,1,1,1,1
74511,八年一班,6,1,1,1,1
74511,八年一班,7,1,1,1,1
74511,八年一班,8,0,1,0,0
74511,八年一班,10,1,1,1,1
74511,八年一班,11,1,1,1,1
74511,八年一班,12,1,1,1,1
74511,八年一班,13,1,1,1,1
74511,八年一班,14,1,1,1,0
74511,八年一班,15,1,1,1,0
74511,八年一班,17,1,1,1,1
74511,八年一班,18,1,1,1,1
74511,八年一班,19,0,1,0,1
74511,八年一班,20,1,0,1,1
74511,八年一班,21,1,1,1,1
74511,八年一班,23,1,0,1,0
74511,八年一班,24,1,1,1,1
74511,八年一班,25,1,1,1,1
74511,八年一班,26,1,1,1,1
74511,八年一班,27,1,0,1,0
74511,八年一班,28,0,1,1,1
74511,八年一班,29,1,0,1,0
74511,八年一班,30,1,1,1,0
74511,八年四班,1,1,1,1,1
74511,八年四班,2,0,0,1,1
74511,八年四班,4,1,1,1,1
74511,八年四班,5,1,1,1,1
74511,八年四班,6,1,0,1,0
74511,八年四班,7,0,1,0,1
74511,八年四班,8,1,1,1,1
74511,八年四班,9,1,0,1,0
74511,八年四班,10,1,1,1,1
74511,八年四班,11,1,0,1,0
74511,八年四班,12,1,0,1,1
74511,八年四班,13,1,1,1,1
74511,八年四班,14,1,0,1,0
74511,八年四班,15,1,1,1,1
74511,八年四班,16,1,1,1,1
74511,八年四班,17,1,1,1,1
74511,八年四班,18,1,1,1,1
74511,八年四班,19,1,0,1,1
74511,八年四班,20,1,0,1,1
74511,八年四班,21,0,0,1,0
74511,八年四班,23,1,1,1,0
74511,八年四班,25,1,1,1,1
74511,八年四班,27,1,0,1,0
74511,八年四班,29,1,1,1,0
74518,806,1,1,1,1,1
74518,806,2,1,1,1,1
74518,806,3,1,1,1,1
74518,806,4,0,1,1,1
74518,806,6,1,1,1,1
74518,806,7,1,1,1,1
74518,806,8,1,1,1,1
74518,806,9,1,1,1,1
74518,806,10,1,1,1,1
74518,806,11,1,1,1,1
74518,806,12,1,1,1,1
74518,806,14,0,1,0,1
74518,806,15,1,1,1,1
74518,806,16,1,0,1,0
74518,806,17,1,0,1,0
74518,806,18,1,1,1,1
74518,806,19,1,0,1,0
74518,806,20,1,0,1,0
74518,806,21,1,0,1,0
74518,806,22,1,0,1,0
74518,806,23,1,0,1,0
74518,806,24,1,1,1,1
74518,806,25,1,1,1,0
74518,806,26,1,0,1,0
74518,806,27,1,1,1,0
74518,813,3,0,1,1,1
74518,813,4,0,0,1,0
74518,813,5,0,1,1,1
74518,813,6,1,1,1,1
74518,813,8,1,0,1,0
74518,813,9,1,0,1,0
74518,813,10,1,0,1,0
74518,813,13,1,0,1,0
74518,813,14,1,0,1,0
74518,813,15,1,0,1,0
74518,813,16,1,0,1,0
74518,813,17,1,0,1,0
74518,813,18,1,0,1,1
74518,813,19,1,0,1,1
74518,813,20,1,0,1,1
74518,813,22,1,0,1,0
74518,813,23,1,0,1,0
74518,813,24,1,0,1,1
74518,813,25,1,0,1,0
74518,813,26,1,0,1,1
74534,八年一班,1,1,1,1,1
74534,八年一班,2,1,1,1,0
74534,八年一班,3,1,1,1,1
74534,八年一班,6,0,1,0,1
74534,八年一班,7,1,0,1,1
74534,八年一班,10,1,1,1,0
74534,八年一班,11,1,0,1,1
74534,八年一班,12,1,1,1,1
74534,八年一班,13,1,1,1,1
74534,八年一班,14,1,1,1,1
74534,八年一班,17,1,0,1,0
74534,八年一班,18,0,1,0,1
74534,八年一班,19,0,1,0,1
74534,八年一班,20,0,1,0,1
74534,八年一班,21,1,1,1,1
74534,八年一班,22,1,1,1,1
74534,八年一班,23,1,1,1,0
74534,八年一班,24,1,1,1,1
74534,八年三班,1,1,1,1,1
74534,八年三班,2,1,1,1,1
74534,八年三班,4,1,1,1,1
74534,八年三班,5,1,1,1,1
74534,八年三班,6,1,0,1,0
74534,八年三班,7,1,1,1,1
74534,八年三班,8,1,1,1,1
74534,八年三班,9,1,1,1,1
74534,八年三班,10,1,1,1,1
74534,八年三班,11,1,1,1,1
74534,八年三班,12,1,0,1,0
74534,八年三班,13,1,0,1,0
74534,八年三班,14,1,0,1,0
74534,八年三班,16,1,0,1,0
74534,八年三班,17,1,1,1,1
74534,八年三班,18,1,0,1,0
74534,八年三班,19,1,0,1,0
74534,八年三班,20,0,1,1,1
74534,八年三班,21,0,0,1,0
74534,八年三班,22,1,0,1,0
74534,八年三班,23,1,0,1,1
74534,八年三班,25,1,1,1,1
74536,805,1,1,1,1,1
74536,805,3,1,0,1,0
74536,805,4,1,0,1,0
74536,805,5,1,1,1,1
74536,805,6,1,0,1,0
74536,805,7,1,1,1,1
74536,805,8,1,1,1,1
74536,805,9,1,0,1,0
74536,805,10,0,1,0,1
74536,805,11,1,0,1,1
74536,805,12,1,1,1,0
74536,805,13,1,1,1,1
74536,805,14,1,1,1,1
74536,805,15,1,0,1,0
74536,805,16,1,1,1,1
74536,805,17,1,0,1,1
74536,805,18,0,1,0,1
74536,805,19,1,1,1,1
74536,805,20,1,1,1,0
74536,805,21,1,1,1,1
74536,805,23,1,1,1,1
74536,805,24,1,1,0,1
74536,805,25,1,0,1,0
74536,805,26,1,0,1,0
74536,815,1,1,1,1,1
74536,815,2,1,0,1,1
74536,815,3,1,1,1,1
74536,815,4,1,1,0,1
74536,815,5,1,0,1,1
74536,815,7,1,1,1,1
74536,815,8,1,1,1,1
74536,815,9,1,0,1,0
74536,815,10,1,0,1,0
74536,815,11,1,0,1,0
74536,815,13,1,0,1,0
74536,815,14,1,0,0,1
74536,815,15,0,1,0,1
74536,815,17,1,1,1,1
74536,815,19,1,1,1,1
74536,815,20,1,0,1,0
74536,815,21,1,1,1,1
74536,815,22,1,0,1,0
74536,815,23,1,1,1,1
74536,815,24,1,1,1,1
74536,815,25,1,0,1,1
74536,815,26,1,0,1,0
74536,815,27,1,0,1,0
74538,807,2,1,1,1,1
74538,807,3,1,1,1,1
74538,807,5,0,1,0,1
74538,807,6,1,1,1,1
74538,807,7,0,1,1,1
74538,807,8,1,1,1,1
74538,807,9,1,1,1,1
74538,807,10,1,1,1,1
74538,807,11,1,1,1,1
74538,807,12,1,1,1,1
74538,807,13,1,1,1,1
74538,807,14,1,0,1,0
74538,807,15,1,1,1,1
74538,807,16,1,0,1,0
74538,807,17,1,0,1,0
74538,807,18,1,0,1,0
74538,807,19,1,0,1,0
74538,807,20,1,0,1,0
74538,807,21,1,1,1,1
74538,807,22,1,0,1,0
74538,807,23,1,0,1,0
74538,807,24,1,0,1,0
74538,807,25,1,1,1,1
74538,807,26,1,1,1,0
74538,807,27,1,0,1,0
74538,816,1,1,1,0,1
74538,816,2,1,1,1,1
74538,816,3,1,1,1,1
74538,816,4,1,0,1,0
74538,816,5,1,0,1,0
74538,816,7,1,1,1,1
74538,816,8,1,0,1,0
74538,816,9,1,1,1,1
74538,816,13,1,0,1,0
74538,816,14,1,1,0,1
74538,816,15,1,0,1,0
74538,816,17,1,1,1,1
74538,816,18,1,0,1,0
74538,816,19,1,0,1,0
74538,816,21,1,0,1,0
74538,816,22,1,1,0,1
74538,816,23,1,1,1,1
74538,816,24,1,0,1,0
74538,816,25,1,1,0,1
74538,816,26,1,1,1,1
74538,816,27,1,1,1,1
84503,8,1,1,0,1,0
84503,8,2,1,1,1,1
84503,8,3,1,0,1,0
84503,8,4,1,0,1,1
84503,8,5,1,1,1,1
84503,8,6,1,1,1,1
84503,8,7,1,0,1,1
84503,8,8,1,1,1,1
84503,8,9,1,0,1,1
84503,8,10,1,1,1,1
84503,8,11,1,1,1,1
84503,8,12,1,1,1,1
84503,8,13,1,1,1,1
84503,8,15,1,1,1,1
84503,8,16,1,1,1,1
84503,8,17,0,1,1,1
84503,8,18,1,0,1,0
84503,8,19,1,1,1,1
84503,8,20,1,1,1,1
84503,8,21,1,0,1,0
84503,8,22,1,1,1,1
84503,8,23,1,1,1,1
84503,8,24,1,1,1,1
84503,8,25,1,1,1,0
84503,8,26,1,1,1,1
84503,8,27,1,1,1,1
84503,8,28,1,1,1,0
84503,8,29,1,0,1,0
84503,8,30,1,1,1,1
84503,8,31,1,0,1,1
84507,803,2,1,0,1,0
84507,803,3,1,0,1,0
84507,803,4,1,1,1,1
84507,803,5,1,1,1,1
84507,803,6,1,0,1,0
84507,803,7,1,1,1,0
84507,803,8,1,1,1,1
84507,803,9,1,0,1,1
84507,803,10,1,0,1,1
84507,803,11,1,1,1,1
84507,803,12,1,1,1,1
84507,803,13,1,0,1,0
84507,803,15,1,1,1,0
84507,803,18,1,1,1,1
84507,803,19,0,1,0,1
84507,803,20,1,0,1,0
84507,803,21,1,1,1,1
84507,803,23,1,1,1,1
84507,803,24,1,1,1,1
84507,803,25,1,1,1,1
84507,803,26,1,1,1,1
84507,803,27,0,1,0,1
84507,803,28,1,1,1,1
84507,808,1,1,1,1,1
84507,808,2,1,1,1,1
84507,808,3,0,1,0,1
84507,808,5,1,0,1,0
84507,808,6,1,1,1,1
84507,808,8,1,0,1,0
84507,808,9,1,1,1,1
84507,808,10,1,0,1,1
84507,808,11,1,0,1,0
84507,808,12,1,0,1,0
84507,808,13,1,0,1,0
84507,808,14,1,0,1,1
84507,808,15,1,0,1,0
84507,808,16,1,0,1,0
84507,808,17,1,1,1,1
84507,808,18,1,0,1,0
84507,808,19,1,1,1,1
84507,808,20,1,1,1,1
84507,808,21,1,1,1,1
84507,808,22,1,0,1,0
84507,808,23,1,0,1,0
84507,808,24,1,1,1,1
84507,808,25,1,1,1,1
84507,808,26,1,0,1,1
84507,808,27,1,1,1,1
84507,808,28,0,1,0,1
84507,808,29,1,1,1,1
84516,801,1,1,1,1,1
84516,801,2,1,0,0,1
84516,801,4,0,0,1,1
84516,801,5,1,1,1,1
84516,801,6,0,1,1,1
84516,801,7,1,1,1,0
84516,801,8,1,1,1,1
84516,801,10,1,1,1,1
84516,801,11,1,0,1,0
84516,801,12,1,0,1,0
84516,801,13,1,1,1,1
84516,801,15,1,0,1,1
84516,801,16,1,0,1,0
84516,801,18,1,0,1,0
84516,801,19,1,0,1,0
84516,801,20,1,0,1,0
84516,801,21,1,0,1,1
84516,801,24,1,0,1,0
84516,801,25,0,1,0,1
84516,801,27,0,0,0,1
84516,803,1,1,1,1,1
84516,803,2,1,1,1,1
84516,803,3,1,1,1,0
84516,803,4,1,1,1,1
84516,803,5,1,1,1,1
84516,803,6,0,1,0,1
84516,803,7,1,1,1,1
84516,803,8,0,0,1,0
84516,803,9,1,1,1,0
84516,803,10,1,0,1,1
84516,803,11,1,0,1,1
84516,803,12,0,1,0,1
84516,803,13,1,1,1,1
84516,803,14,1,1,1,1
84516,803,15,1,1,1,1
84516,803,16,1,1,1,1
84516,803,17,1,1,1,0
84516,803,18,1,0,1,0
84516,803,19,1,1,1,1
84516,803,20,1,1,1,1
84516,803,21,1,1,0,1
84516,803,22,1,0,1,0
84516,803,23,1,1,1,1
84516,803,24,1,0,1,1
84516,803,25,1,0,1,0
84523,八年忠班,1,1,0,1,0
84523,八年忠班,2,0,0,0,1
84523,八年忠班,3,1,0,1,0
84523,八年忠班,4,1,0,1,0
84523,八年忠班,6,1,0,1,0
84523,八年忠班,7,1,0,1,0
84523,八年忠班,8,1,0,1,0
84530,八年孝班,1,1,0,1,1
84530,八年孝班,5,1,0,1,0
84530,八年孝班,6,1,1,1,1
84530,八年孝班,10,1,0,1,0
84530,八年孝班,11,0,1,1,1
84530,八年孝班,14,1,1,1,1
84530,八年孝班,15,1,1,1,1
84530,八年孝班,17,1,1,1,0
84530,八年孝班,18,1,1,1,0
84530,八年孝班,19,1,1,1,0
84530,八年忠班,1,1,1,1,1
84530,八年忠班,3,1,0,1,1
84530,八年忠班,5,1,0,1,0
84530,八年忠班,6,1,1,1,1
84530,八年忠班,11,0,1,1,1
84530,八年忠班,13,1,1,0,1
84530,八年忠班,15,1,1,1,1
84530,八年忠班,16,1,1,1,1
84530,八年忠班,17,1,0,1,1
84530,八年忠班,18,1,1,1,0
91503,803,2,1,0,1,0
91503,803,3,1,1,1,1
91503,803,4,0,1,1,1
91503,803,5,1,1,1,1
91503,803,6,1,0,1,0
91503,803,7,1,0,1,0
91503,803,9,1,1,1,1
91503,803,10,1,1,1,0
91503,803,11,1,1,1,1
91503,803,12,1,0,1,0
91503,803,13,1,1,1,1
91503,803,14,1,0,1,0
91503,803,15,0,1,1,0
91503,803,16,1,1,1,1
91503,803,17,0,1,0,1
91503,803,18,1,1,1,1
91503,803,19,1,1,1,1
91503,803,20,1,0,1,0
91503,803,21,1,1,1,1
91503,803,22,1,1,1,1
91503,803,24,1,0,1,0
91503,803,25,1,1,1,1
91503,810,1,1,0,1,1
91503,810,3,1,0,1,0
91503,810,4,1,0,1,0
91503,810,5,1,0,1,0
91503,810,6,1,0,1,0
91503,810,7,1,0,1,0
91503,810,8,1,1,0,1
91503,810,9,1,0,1,0
91503,810,10,1,0,1,0
91503,810,12,1,0,1,0
91503,810,13,1,1,1,0
91503,810,14,1,0,1,0
91503,810,15,1,0,1,0
91503,810,16,1,0,1,0
91503,810,17,1,0,1,0
91503,810,18,1,0,1,0
91503,810,19,1,0,1,0
91503,810,20,1,0,1,0
91503,810,21,1,0,1,0
91503,810,22,1,1,1,1
91503,810,23,1,0,1,0
91503,810,24,1,0,1,0
91503,810,25,1,0,1,1
91503,810,26,0,1,0,1
104319,803,1,1,1,1,1
104319,803,2,1,1,1,1
104319,803,3,1,1,1,1
104319,803,4,1,1,1,1
104319,803,5,1,1,1,1
104319,803,6,1,1,1,1
104319,803,7,1,1,1,1
104319,803,8,1,1,1,1
104319,803,9,1,1,1,1
104319,803,10,1,1,1,1
104319,803,12,1,1,1,1
104319,803,13,1,0,1,0
104319,803,16,0,1,0,1
104319,803,17,1,1,1,1
104319,803,18,1,1,1,1
104319,803,19,1,1,1,1
104319,803,20,1,0,1,0
104319,803,21,1,1,1,1
104319,803,22,1,1,1,1
104319,803,24,1,0,1,0
104319,803,25,1,1,1,1
104319,803,26,1,1,1,0
104319,803,27,1,1,1,1
104319,806,1,1,1,1,0
104319,806,3,1,1,1,1
104319,806,4,1,0,1,0
104319,806,5,1,1,1,1
104319,806,6,1,1,1,1
104319,806,7,1,1,1,1
104319,806,9,1,1,1,1
104319,806,11,1,1,1,1
104319,806,12,0,1,0,1
104319,806,13,1,1,1,0
104319,806,14,1,1,1,1
104319,806,15,1,0,1,0
104319,806,17,1,0,1,0
104319,806,19,1,1,1,1
104319,806,20,1,0,1,0
104319,806,21,1,1,1,1
104319,806,22,0,1,0,1
104319,806,24,1,1,0,1
104319,806,25,1,1,1,1
104326,802,2,1,1,1,1
104326,802,3,1,1,1,0
104326,802,4,1,1,1,0
104326,802,5,1,1,1,1
104326,802,6,1,0,1,0
104326,802,8,1,0,1,1
104326,802,9,1,1,1,1
104326,802,10,1,0,1,0
104326,802,11,1,1,1,0
104326,802,12,1,0,1,0
104326,802,13,1,1,1,1
104326,802,14,1,0,1,0
104326,802,15,1,0,1,1
104326,802,16,1,0,1,0
104326,802,17,1,0,1,1
104326,802,18,1,1,1,1
104326,802,19,1,1,1,1
104326,802,20,0,1,1,0
104326,802,21,1,1,1,1
104326,802,22,1,0,1,1
104326,802,24,1,1,1,1
104326,802,25,1,1,1,0
104326,802,26,1,0,1,0
104326,802,27,1,0,1,1
104326,802,28,1,1,1,1
104326,805,2,1,1,1,1
104326,805,5,1,1,1,1
104326,805,6,0,1,0,1
104326,805,7,0,1,0,1
104326,805,9,1,1,1,1
104326,805,10,1,1,1,1
104326,805,11,1,1,1,1
104326,805,12,1,0,1,0
104326,805,13,1,1,1,0
104326,805,14,1,0,1,0
104326,805,15,1,1,1,1
104326,805,16,1,1,1,1
104326,805,17,1,0,1,0
104326,805,18,1,1,1,0
104326,805,19,1,1,1,1
104326,805,20,1,1,1,0
104326,805,22,1,1,1,1
104326,805,23,1,0,1,0
104326,805,24,1,1,1,1
104326,805,25,1,0,1,1
104326,805,27,1,1,1,0
104326,805,28,1,0,1,0
104326,805,29,0,0,1,0
104501,203,1,1,1,1,1
104501,203,3,1,0,1,0
104501,203,4,0,1,0,1
104501,203,5,1,1,1,1
104501,203,6,1,0,1,1
104501,203,7,1,0,1,0
104501,203,8,1,0,1,1
104501,203,9,1,0,1,0
104501,203,11,1,0,1,0
104501,203,12,1,0,1,1
104501,203,15,0,1,1,1
104501,203,16,1,0,1,0
104501,203,17,1,0,1,1
104501,203,18,0,1,0,1
104501,203,20,1,0,0,0
104501,203,22,1,1,1,1
104501,203,23,1,0,1,1
104501,205,2,1,0,1,0
104501,205,4,1,0,1,0
104501,205,5,1,0,1,0
104501,205,6,1,1,1,1
104501,205,7,0,1,0,1
104501,205,8,0,1,0,1
104501,205,9,0,1,0,1
104501,205,10,1,1,1,1
104501,205,11,1,0,1,0
104501,205,12,1,0,1,0
104501,205,14,1,1,1,1
104501,205,15,1,1,1,1
104501,205,16,0,0,1,0
104501,205,17,1,1,1,1
104501,205,18,1,1,1,1
104501,205,19,1,1,1,1
104501,205,20,1,0,1,0
104501,205,21,1,0,1,0
104501,205,22,0,1,0,1
104501,205,23,1,0,1,0
104506,八年01班,2,1,0,1,0
104506,八年01班,3,1,1,1,1
104506,八年01班,4,1,1,1,0
104506,八年01班,5,0,1,0,1
104506,八年01班,6,1,1,1,1
104506,八年01班,7,1,0,1,0
104506,八年01班,8,1,1,1,0
104506,八年01班,9,1,0,1,0
104506,八年01班,10,1,0,1,1
104506,八年01班,11,1,1,1,0
104506,八年01班,12,0,1,0,1
104506,八年01班,13,1,1,1,1
104506,八年01班,14,1,0,1,0
104506,八年01班,15,1,1,1,1
104506,八年01班,16,1,1,1,1
104506,八年01班,17,1,0,1,1
104506,八年01班,18,1,0,1,0
104506,八年01班,20,1,1,1,1
104506,八年01班,23,1,0,1,0
104506,八年04班,1,1,1,1,1
104506,八年04班,2,1,1,1,1
104506,八年04班,4,1,0,1,0
104506,八年04班,5,1,0,1,1
104506,八年04班,6,1,1,1,1
104506,八年04班,7,1,0,1,0
104506,八年04班,8,1,0,1,1
104506,八年04班,9,1,0,1,0
104506,八年04班,10,1,1,1,1
104506,八年04班,11,1,1,1,1
104506,八年04班,12,1,1,1,1
104506,八年04班,14,1,0,1,0
104506,八年04班,15,1,1,1,0
104506,八年04班,16,1,1,1,1
104506,八年04班,17,1,1,1,1
104506,八年04班,18,1,0,1,1
104506,八年04班,19,1,1,1,0
104506,八年04班,20,1,1,1,1
104506,八年04班,21,1,0,1,1
104506,八年04班,22,0,1,1,1
104506,八年04班,23,1,1,1,0
104506,八年04班,24,1,1,1,1
104506,八年04班,25,1,1,1,1
104506,八年04班,26,1,1,1,0
104518,801,1,0,1,1,1
104518,801,2,1,1,1,0
104518,801,3,1,0,1,0
104518,801,5,1,0,1,0
104518,801,7,1,1,1,1
104518,801,8,1,0,1,0
104518,801,9,1,1,1,1
104518,801,10,1,0,1,1
104518,801,11,1,1,1,1
104518,801,13,1,1,1,1
104518,801,15,1,0,1,0
104518,801,16,1,0,1,0
104518,801,17,1,0,1,1
104518,801,18,1,0,1,0
104518,801,19,0,1,1,1
104518,801,20,0,1,0,1
104518,801,21,1,1,1,0
104518,801,22,1,0,1,1
104518,803,1,1,1,1,1
104518,803,2,1,1,1,1
104518,803,3,1,1,1,1
104518,803,6,1,1,1,1
104518,803,7,1,1,1,1
104518,803,8,1,1,1,1
104518,803,10,0,1,0,1
104518,803,11,0,1,0,1
104518,803,13,0,0,1,0
104518,803,14,1,0,1,0
104518,803,15,1,0,1,0
104518,803,16,1,0,1,0
104518,803,17,1,1,1,1
104518,803,18,1,0,1,0
104518,803,19,1,0,1,0
104518,803,20,1,1,1,1
104518,803,21,1,1,1,1
104521,801,3,1,0,1,0
104521,801,4,0,0,1,0
104521,801,11,1,0,1,0
104521,801,13,1,0,1,0
104521,801,16,1,0,1,0
104521,802,1,1,1,1,1
104521,802,2,1,1,1,1
104521,802,3,1,0,1,0
104521,802,4,1,1,1,1
104521,802,6,1,1,1,1
104521,802,8,1,0,0,1
104521,802,9,1,0,1,1
104521,802,10,1,1,0,1
104521,802,11,1,0,1,0
104521,802,12,1,1,1,1
104521,802,13,1,0,1,0
104521,802,14,1,1,1,1
104521,802,15,1,1,1,1
104521,802,17,1,1,1,1
104521,802,19,1,1,1,0
104521,802,20,1,1,1,1
104521,802,21,1,0,1,1
104521,802,22,1,0,1,1
104521,802,23,1,1,1,1
111321,801,1,1,0,1,0
111321,801,2,1,1,1,0
111321,801,3,1,0,1,0
111321,801,4,1,0,1,0
111321,801,5,1,0,1,0
111321,801,7,1,1,1,1
111321,801,9,1,1,1,1
111321,801,11,1,1,1,0
111321,801,12,1,1,1,1
111321,801,13,1,1,1,1
111321,801,14,1,1,1,1
111321,801,15,1,1,1,1
111321,801,16,1,1,1,1
111321,801,17,1,0,1,0
111321,801,18,1,0,1,0
111321,801,19,1,0,1,0
111321,801,20,1,1,1,1
111321,801,24,0,1,0,1
111321,801,25,1,1,1,0
111321,801,26,1,0,1,0
111321,801,27,1,0,1,0
111321,801,28,0,1,0,1
111321,801,29,1,1,1,1
111321,801,31,1,1,1,1
111321,801,33,1,1,1,1
111321,801,34,1,1,1,1
111321,801,35,1,0,1,0
111321,801,36,1,1,1,1
111321,801,37,1,1,1,1
111321,801,38,1,0,1,0
111321,803,2,1,0,1,0
111321,803,3,1,0,1,1
111321,803,7,1,0,1,0
111321,803,8,1,0,1,0
111321,803,9,1,0,1,0
111321,803,11,0,1,1,1
111321,803,14,1,0,1,0
111321,803,16,1,0,1,0
111321,803,17,1,0,1,1
111321,803,20,1,1,1,1
111321,803,21,1,0,1,0
111321,803,22,1,0,1,0
111321,803,23,1,0,1,0
111321,803,26,1,0,1,0
111321,803,28,1,1,1,1
111321,803,29,1,0,1,0
111321,803,30,1,1,0,1
111321,803,31,1,0,1,0
111321,803,36,1,0,1,0
111321,803,37,1,1,1,1
111321,803,38,1,0,1,0
111323,國二仁,2,1,1,1,1
111323,國二仁,3,1,1,1,1
111323,國二仁,4,1,1,1,1
111323,國二仁,6,1,1,1,1
111323,國二仁,7,1,0,1,1
111323,國二仁,8,1,0,1,1
111323,國二仁,9,1,1,1,1
111323,國二仁,12,1,1,1,1
111323,國二仁,13,1,1,1,1
111323,國二仁,14,1,1,1,0
111323,國二仁,15,1,1,1,1
111323,國二仁,16,1,0,1,0
111323,國二仁,17,1,1,1,1
111323,國二仁,18,1,1,1,1
111323,國二仁,19,1,1,1,1
111323,國二仁,21,1,0,1,0
111323,國二仁,22,1,1,1,0
111323,國二仁,23,1,0,1,0
111323,國二仁,24,1,0,1,0
111323,國二仁,25,1,1,1,1
111323,國二仁,26,1,0,1,0
111323,國二仁,27,1,1,1,1
111323,國二仁,28,1,1,1,0
111323,國二仁,29,1,0,1,1
111323,國二仁,30,0,1,1,1
111323,國二仁,31,1,1,1,1
111323,國二仁,32,1,0,1,0
111323,國二仁,33,1,0,1,0
111323,國二仁,34,1,1,1,1
111323,國二仁,35,1,0,1,0
111323,國二仁,36,1,1,1,1
111323,國二仁,37,1,0,1,0
111323,國二仁,38,1,0,1,0
111323,國二仁,39,1,1,1,1
111323,國二仁,40,1,1,1,1
111323,國二仁,41,0,1,1,1
111323,國二仁,42,1,1,1,1
111323,國二和,2,1,1,1,0
111323,國二和,3,1,1,1,0
111323,國二和,4,1,1,1,0
111323,國二和,5,1,0,1,0
111323,國二和,6,1,0,1,0
111323,國二和,7,1,1,1,1
111323,國二和,8,1,1,1,1
111323,國二和,9,1,0,1,0
111323,國二和,11,1,0,1,0
111323,國二和,12,1,0,1,0
111323,國二和,13,1,0,1,0
111323,國二和,14,1,1,1,1
111323,國二和,15,1,1,1,1
111323,國二和,16,0,1,0,1
111323,國二和,17,1,1,1,1
111323,國二和,18,1,0,1,0
111323,國二和,19,1,0,1,0
111323,國二和,20,1,0,1,0
111323,國二和,21,1,1,1,1
111323,國二和,22,1,0,1,0
111323,國二和,23,1,0,1,0
111323,國二和,24,1,0,1,0
111323,國二和,26,1,1,1,1
111323,國二和,27,1,0,1,0
111323,國二和,28,1,1,1,1
111323,國二和,30,1,0,1,0
111323,國二和,31,1,0,0,1
111323,國二和,32,1,1,1,1
111323,國二和,33,0,1,0,1
111323,國二和,34,1,0,1,0
111323,國二和,36,1,0,1,0
111323,國二和,38,1,1,1,1
111323,國二和,39,1,1,1,1
111323,國二和,40,1,1,1,1
111323,國二和,41,1,1,1,1
111323,國二和,42,0,1,0,1
114501,201,1,1,0,1,0
114501,201,2,1,1,1,1
114501,201,3,1,1,1,1
114501,201,4,1,1,1,0
114501,201,5,1,0,1,0
114501,201,6,1,1,1,0
114501,201,7,1,0,1,0
114501,201,8,1,1,1,1
114501,201,10,1,0,1,0
114501,201,14,1,0,1,1
114501,201,15,1,1,1,1
114501,201,16,1,0,1,1
114501,201,21,1,0,1,0
114501,201,22,1,1,1,1
114501,201,23,1,0,1,0
114501,201,25,0,1,0,1
114501,201,27,1,0,1,0
114501,204,1,1,0,1,0
114501,204,2,0,1,1,1
114501,204,3,0,1,1,1
114501,204,6,1,1,1,1
114501,204,7,1,1,1,1
114501,204,10,1,1,1,1
114501,204,13,1,1,1,1
114501,204,14,1,0,1,0
114501,204,16,1,1,1,1
114501,204,17,1,0,1,0
114501,204,18,1,0,1,0
114501,204,19,1,0,1,0
114501,204,20,1,1,1,1
114501,204,21,1,0,1,0
114501,204,23,1,0,1,0
114501,204,24,1,0,1,0
114501,204,25,1,0,1,0
114501,204,26,1,0,1,0
114501,204,29,1,1,1,0
114503,八年10班,1,1,1,1,0
114503,八年10班,2,1,1,1,1
114503,八年10班,3,0,1,1,1
114503,八年10班,4,1,1,1,1
114503,八年10班,5,1,1,1,1
114503,八年10班,6,1,0,1,1
114503,八年10班,7,1,1,1,0
114503,八年10班,8,1,1,1,1
114503,八年10班,9,1,1,1,1
114503,八年10班,10,1,1,1,1
114503,八年10班,11,1,0,1,0
114503,八年10班,13,1,0,1,0
114503,八年10班,14,1,1,1,1
114503,八年10班,15,1,1,1,1
114503,八年10班,16,1,0,1,0
114503,八年10班,17,1,1,0,1
114503,八年10班,18,1,1,1,1
114503,八年10班,19,1,1,1,1
114503,八年10班,23,1,1,1,1
114503,八年10班,25,1,1,1,1
114503,八年10班,26,1,1,1,1
114503,八年10班,27,1,1,1,1
114503,八年10班,28,1,1,1,1
114503,八年10班,29,1,0,1,0
114503,八年5班,1,1,1,1,0
114503,八年5班,2,1,0,1,0
114503,八年5班,4,1,0,1,1
114503,八年5班,6,1,0,1,0
114503,八年5班,7,1,1,1,1
114503,八年5班,8,1,0,1,0
114503,八年5班,9,1,0,1,0
114503,八年5班,10,1,0,1,0
114503,八年5班,11,1,0,1,0
114503,八年5班,12,1,1,1,1
114503,八年5班,13,1,1,1,1
114503,八年5班,14,1,1,1,1
114503,八年5班,15,1,0,1,0
114503,八年5班,16,1,1,1,1
114503,八年5班,17,1,1,1,1
114503,八年5班,19,1,1,1,1
114503,八年5班,20,1,0,1,0
114503,八年5班,21,1,1,1,1
114503,八年5班,22,1,0,1,0
114503,八年5班,23,1,1,1,1
114503,八年5班,25,1,1,1,1
114503,八年5班,26,1,1,1,1
114503,八年5班,27,1,1,1,0
114503,八年5班,29,1,0,1,0
114510,201,1,1,0,1,0
114510,201,3,1,0,1,0
114510,201,6,0,0,1,0
114510,201,8,1,0,1,0
114510,201,9,1,1,1,1
114510,201,10,1,1,1,1
114510,201,11,1,1,1,1
114510,201,14,1,0,1,0
114510,201,15,1,1,1,1
114510,201,17,1,1,1,1
114510,201,18,1,1,1,1
114510,201,19,1,1,1,1
114510,201,21,1,1,1,1
114510,201,22,1,0,1,0
114510,201,23,0,0,1,0
114510,201,26,1,1,1,1
114510,201,27,1,0,1,0
114510,202,1,0,1,1,1
114510,202,3,1,0,1,0
114510,202,4,1,1,1,1
114510,202,5,1,1,0,1
114510,202,6,1,0,1,1
114510,202,7,1,1,1,1
114510,202,8,1,0,1,0
114510,202,9,0,1,1,1
114510,202,10,1,0,1,0
114510,202,11,1,0,1,0
114510,202,12,0,1,1,1
114510,202,14,1,0,1,0
114510,202,15,1,0,1,0
114510,202,16,1,0,1,0
114510,202,17,1,0,1,0
114510,202,18,1,1,1,0
114510,202,19,1,1,1,1
114510,202,20,1,0,1,0
114510,202,23,1,1,1,1
114510,202,25,1,1,1,1
114523,8,2,1,1,1,1
114523,8,3,1,1,1,1
114523,8,4,1,0,1,0
114523,8,6,1,1,1,1
114523,8,7,1,1,1,0
114523,8,8,1,1,1,1
114523,8,9,1,1,1,1
114523,8,10,1,1,1,1
114523,8,11,1,1,1,1
114523,8,13,1,0,1,0
114523,8,14,1,1,1,1
114523,8,15,1,1,1,1
114523,8,16,1,1,1,1
114523,8,17,1,1,1,1
114523,8,18,1,0,1,0
114523,8,19,1,0,1,0
114523,8,20,1,1,1,1
114523,8,21,1,1,1,1
114523,8,22,1,1,1,1
114523,8,23,1,1,1,1
114523,8,24,1,1,1,1
114523,8,25,1,0,1,0
114523,8,26,1,1,1,1
114523,8,27,1,0,1,1
114523,8,28,1,1,1,1
114523,8,30,1,0,1,1
114523,8,31,1,0,1,0
114534,八年一班,1,1,1,1,1
114534,八年一班,2,1,0,1,0
114534,八年一班,3,1,0,1,0
114534,八年一班,6,1,1,1,1
114534,八年一班,7,1,0,1,1
114534,八年一班,8,1,0,1,0
114534,八年一班,9,1,1,1,1
114534,八年一班,11,1,0,1,0
114534,八年一班,12,1,1,1,1
114534,八年一班,13,1,0,1,0
114534,八年一班,14,1,1,1,1
114534,八年一班,16,1,1,1,1
114534,八年一班,17,1,0,1,0
114534,八年一班,18,1,1,1,1
114534,八年一班,19,1,1,1,1
114534,八年一班,20,1,0,1,0
114534,八年一班,21,1,0,1,0
114534,八年一班,22,1,1,1,1
114534,八年一班,23,1,1,1,1
114534,八年二班,2,1,1,1,1
114534,八年二班,4,1,0,1,0
114534,八年二班,5,1,0,1,0
114534,八年二班,6,1,1,1,1
114534,八年二班,7,1,1,1,1
114534,八年二班,10,1,1,1,1
114534,八年二班,12,1,1,1,1
114534,八年二班,14,0,1,0,1
114534,八年二班,15,1,1,1,1
114534,八年二班,16,1,0,1,0
114534,八年二班,17,1,1,1,1
114534,八年二班,18,1,1,1,1
114534,八年二班,21,1,0,1,0
114534,八年二班,22,1,0,1,0
114534,八年二班,23,1,1,1,1
114537,801,1,1,0,1,1
114537,801,3,0,1,0,0
114537,801,5,1,0,1,0
114537,801,6,1,0,1,0
114537,801,7,1,0,1,1
114537,801,8,1,0,1,0
114537,801,9,1,0,1,0
121320,203,2,1,1,1,1
121320,203,3,1,1,1,0
121320,203,4,1,0,1,0
121320,203,8,1,1,1,0
121320,203,9,1,0,1,0
124311,801,1,1,1,1,1
124311,801,2,1,0,1,0
124311,801,3,1,1,1,1
124311,801,4,1,1,1,1
124311,801,5,1,1,1,1
124311,801,6,1,1,1,1
124311,801,7,1,1,1,1
124311,801,10,1,0,0,0
124311,801,11,0,1,0,1
124311,801,12,1,0,1,0
124311,801,13,1,1,1,1
124311,801,14,1,1,1,1
124311,801,15,1,0,1,1
124311,801,16,1,1,1,1
124311,801,17,1,1,1,0
124311,801,18,1,0,1,0
124311,801,19,1,0,1,0
124311,801,20,1,0,1,0
124311,801,21,1,0,1,0
124311,801,22,1,0,1,0
124311,801,23,1,1,1,1
124311,801,25,1,0,1,0
124311,801,26,0,1,0,1
124311,801,27,1,0,1,0
124311,801,28,1,1,1,1
124311,801,29,1,1,1,1
124311,807,1,1,1,1,1
124311,807,2,1,0,1,0
124311,807,3,1,1,1,1
124311,807,4,1,1,1,0
124311,807,5,1,1,1,1
124311,807,6,1,1,1,1
124311,807,7,1,1,1,1
124311,807,8,1,0,1,0
124311,807,9,1,0,1,0
124311,807,10,1,1,1,1
124311,807,11,1,1,1,1
124311,807,12,0,1,0,1
124311,807,13,1,1,1,1
124311,807,14,1,0,1,0
124311,807,15,1,0,1,0
124311,807,16,1,0,1,0
124311,807,17,0,1,1,1
124311,807,18,1,0,1,0
124311,807,19,1,0,1,1
124311,807,20,1,0,1,0
124311,807,21,1,0,1,0
124311,807,22,1,0,1,0
124311,807,23,1,0,1,0
124311,807,24,1,0,1,0
124311,807,26,1,1,1,0
124311,807,27,1,1,1,1
124311,807,28,1,1,1,1
124311,807,29,1,1,0,1
124322,803,1,1,0,1,0
124322,803,2,1,1,1,1
124322,803,4,1,1,1,1
124322,803,5,1,0,1,0
124322,803,6,1,0,1,0
124322,803,7,1,1,1,1
124322,803,8,1,1,1,1
124322,803,9,1,1,0,1
124322,803,10,1,0,1,0
124322,803,11,1,1,1,1
124322,803,12,1,0,1,0
124322,803,13,1,0,1,0
124322,803,14,1,1,1,1
124322,803,15,1,1,1,1
124322,803,17,1,0,1,0
124322,803,18,1,0,1,1
124322,803,20,1,1,1,1
124322,803,21,1,0,1,0
124322,803,22,0,1,0,1
124322,803,23,1,1,1,1
124322,803,24,1,0,1,0
124322,803,25,1,0,1,0
124322,803,26,1,0,1,0
124322,803,27,1,1,1,1
124322,803,28,1,1,1,1
124322,808,1,1,1,1,1
124322,808,2,1,1,1,1
124322,808,3,1,1,1,1
124322,808,4,1,1,1,1
124322,808,5,1,1,1,1
124322,808,6,1,0,1,1
124322,808,7,1,1,1,1
124322,808,8,1,1,1,1
124322,808,9,1,1,1,1
124322,808,10,1,1,1,1
124322,808,11,1,1,1,1
124322,808,12,1,1,1,1
124322,808,13,0,1,0,1
124322,808,14,1,1,1,1
124322,808,15,1,1,1,1
124322,808,16,1,0,1,0
124322,808,17,1,1,1,1
124322,808,18,1,1,1,1
124322,808,19,1,1,1,1
124322,808,21,1,1,1,1
124322,808,22,0,0,1,0
124322,808,24,1,1,1,1
124322,808,25,1,1,1,1
124322,808,26,1,1,1,1
124501,801,3,1,0,1,0
124501,801,5,1,1,1,1
124501,801,8,1,0,1,0
124501,801,9,1,1,1,1
124501,801,10,1,1,1,0
124501,801,11,1,0,1,0
124501,801,13,1,0,1,0
124501,801,14,1,1,1,1
124501,801,15,1,1,1,1
124501,801,16,1,0,1,0
124501,801,17,1,1,1,0
124501,801,18,1,0,1,0
124501,801,19,1,1,1,1
124501,801,22,1,0,1,0
124501,811,1,1,1,1,1
124501,811,2,1,0,1,0
124501,811,3,1,1,1,1
124501,811,4,1,0,1,0
124501,811,6,0,1,0,1
124501,811,7,1,0,1,0
124501,811,8,1,0,1,0
124501,811,9,0,1,1,1
124501,811,10,1,1,1,1
124501,811,11,1,1,1,1
124501,811,12,1,1,1,1
124501,811,13,1,0,1,0
124501,811,14,1,1,1,1
124501,811,15,1,0,1,1
124501,811,16,1,1,1,1
124501,811,17,1,1,0,1
124501,811,20,0,1,0,1
124501,811,22,1,1,1,1
124501,811,23,1,1,1,1
124503,804,2,1,1,1,1
124503,804,4,1,1,1,1
124503,804,5,1,0,1,0
124503,804,6,0,0,0,1
124503,804,7,1,1,1,1
124503,804,8,1,0,1,0
124503,804,10,1,0,1,0
124503,804,11,1,0,1,0
124503,804,12,1,0,1,0
124503,804,13,1,0,1,0
124503,804,14,1,0,1,0
124503,804,15,1,1,1,1
124503,804,16,1,1,1,1
124503,804,18,1,1,1,1
124503,804,21,1,1,1,0
124503,804,22,1,0,1,0
124503,804,24,1,0,1,0
124503,804,27,1,0,1,0
124503,804,28,0,1,1,1
124503,804,29,1,1,1,1
124503,811,1,0,1,1,1
124503,811,2,1,1,0,1
124503,811,4,1,0,1,0
124503,811,5,1,0,1,0
124503,811,6,1,0,1,0
124503,811,7,1,0,1,0
124503,811,8,1,0,1,0
124503,811,13,0,0,1,0
124503,811,15,1,1,1,1
124503,811,17,1,0,1,0
124503,811,18,1,0,1,0
124503,811,19,1,0,1,0
124503,811,20,1,1,1,1
124503,811,21,1,0,1,0
124503,811,23,1,0,1,0
124503,811,24,1,0,1,0
124503,811,26,1,1,1,1
124503,811,28,1,0,1,0
124503,811,30,1,0,1,0
124507,202,1,1,1,1,1
124507,202,2,1,1,1,1
124507,202,3,1,1,1,1
124507,202,4,1,0,1,0
124507,202,5,1,0,1,0
124507,202,6,1,0,1,0
124507,202,7,1,1,1,1
124507,202,8,1,0,1,0
124507,202,9,1,1,1,1
124507,202,11,1,1,0,1
124507,202,12,1,1,1,0
124507,202,13,1,0,1,0
124507,202,17,1,1,1,1
124507,202,18,1,1,1,1
124507,202,19,1,1,0,1
124507,202,20,1,0,1,1
124507,202,22,1,0,1,1
124507,202,23,1,1,1,1
124507,206,1,1,1,1,1
124507,206,2,1,1,1,1
124507,206,3,1,0,1,0
124507,206,4,1,1,1,1
124507,206,5,1,1,1,1
124507,206,6,1,1,1,1
124507,206,7,1,1,1,0
124507,206,8,1,0,1,0
124507,206,9,1,1,1,1
124507,206,10,1,1,1,1
124507,206,11,1,1,1,1
124507,206,12,1,1,1,1
124507,206,13,1,0,1,1
124507,206,16,1,1,1,1
124507,206,17,1,1,1,1
124507,206,18,1,1,1,1
124507,206,19,1,1,1,1
124507,206,21,1,0,1,1
124515,803,1,1,1,1,1
124515,803,2,1,0,1,1
124515,803,4,1,1,1,1
124515,803,5,1,1,1,1
124515,803,6,1,1,1,1
124515,803,7,1,0,1,0
124515,803,8,1,1,1,1
124515,803,9,1,1,1,0
124515,803,10,1,0,1,0
124515,803,11,1,1,1,1
124515,803,12,1,0,1,1
124515,803,13,1,0,1,1
124515,803,14,1,1,1,1
124515,803,15,1,0,1,0
124515,803,16,1,1,1,1
124515,803,17,1,0,1,0
124515,803,18,1,0,1,0
124515,803,19,1,0,1,0
124515,803,20,1,1,1,1
124515,803,21,1,0,1,0
124515,803,22,1,1,1,1
124515,803,23,1,1,1,1
124515,803,24,1,1,1,1
124515,803,25,1,1,1,1
124515,803,26,1,0,1,1
124515,810,1,1,0,1,1
124515,810,2,1,0,1,0
124515,810,3,1,1,1,1
124515,810,4,1,0,1,0
124515,810,5,1,0,1,1
124515,810,6,1,0,1,0
124515,810,7,1,1,1,1
124515,810,8,1,1,1,1
124515,810,9,1,1,1,1
124515,810,10,1,1,1,1
124515,810,11,1,1,1,1
124515,810,12,1,1,1,1
124515,810,13,1,1,1,1
124515,810,14,1,0,1,0
124515,810,17,1,1,1,1
124515,810,18,0,1,0,1
124515,810,19,1,1,1,1
124515,810,20,1,0,1,0
124515,810,21,1,1,1,1
124515,810,22,1,1,1,1
124515,810,23,1,1,1,1
124515,810,24,1,1,1,1
124515,810,25,1,0,1,0
124515,810,26,1,1,1,1
124521,202,1,1,1,1,1
124521,202,2,1,1,1,1
124521,202,3,1,1,1,1
124521,202,4,0,1,1,1
124521,202,6,1,1,1,1
124521,202,8,1,1,1,0
124521,202,9,1,1,1,1
124521,202,10,1,1,1,1
124521,202,11,1,1,1,1
124521,202,12,1,1,1,1
124521,202,13,1,0,1,0
124521,202,14,1,1,1,1
124521,202,15,1,1,1,1
124521,202,16,1,0,1,0
124521,202,17,1,1,1,1
124521,202,18,1,1,1,0
124521,202,19,1,1,1,1
124521,202,20,1,1,1,1
124521,202,21,1,1,1,1
124521,202,23,1,0,1,0
124521,202,24,1,1,1,1
124521,202,25,1,1,1,1
124521,202,26,1,1,1,1
124521,202,27,1,1,1,0
124521,202,28,1,0,1,0
124521,202,29,1,1,1,1
124521,205,1,1,0,1,1
124521,205,2,1,1,1,1
124521,205,3,0,1,0,1
124521,205,4,1,1,1,1
124521,205,5,1,1,1,1
124521,205,6,1,0,1,0
124521,205,7,1,0,1,0
124521,205,8,1,1,1,1
124521,205,10,1,0,1,0
124521,205,11,1,0,1,0
124521,205,12,1,1,1,1
124521,205,13,1,1,0,1
124521,205,14,0,1,0,1
124521,205,15,1,1,1,1
124521,205,16,1,0,1,1
124521,205,17,1,0,1,0
124521,205,18,1,1,1,1
124521,205,19,1,1,1,1
124521,205,20,1,0,1,0
124521,205,21,1,1,1,1
124521,205,22,1,1,1,1
124521,205,23,1,1,1,1
124521,205,24,1,1,1,1
124521,205,25,1,1,1,1
124521,205,26,1,0,1,0
124521,205,27,1,1,1,1
124521,205,28,1,0,1,1
124521,205,29,0,0,1,0
124542,801,2,1,1,1,1
124542,801,3,1,1,1,1
124542,801,4,1,1,1,1
124542,801,5,1,0,1,0
124542,801,6,1,1,1,1
124542,801,8,1,0,1,0
124542,801,9,1,0,1,0
124542,801,10,1,0,1,0
124542,802,1,1,1,1,1
124542,802,2,1,1,1,1
124542,802,3,1,1,1,1
124542,802,4,1,1,1,1
124542,802,5,1,1,1,1
124542,802,6,1,1,1,1
124542,802,7,1,1,1,1
124542,802,8,1,0,1,0
124542,802,9,1,1,1,1
124542,802,10,1,1,1,1
124542,802,11,1,1,1,1
124542,802,12,1,1,1,1
124546,二年一班,1,0,1,0,1
124546,二年一班,2,0,1,0,1
124546,二年一班,3,1,1,1,1
124546,二年一班,5,1,1,1,1
124546,二年一班,6,1,1,1,0
124546,二年一班,7,1,0,1,1
124546,二年一班,8,1,1,1,1
124546,二年一班,9,1,1,1,1
124546,二年一班,10,1,0,1,0
124546,二年一班,11,1,1,1,1
124546,二年一班,12,1,0,1,0
124546,二年一班,13,1,0,1,0
124546,二年一班,14,1,1,1,1
124546,二年一班,15,1,0,1,0
124546,二年一班,16,1,1,1,1
124546,二年一班,17,1,1,1,1
124546,二年一班,18,1,1,1,1
124546,二年一班,19,1,0,1,0
124546,二年二班,1,1,1,1,0
124546,二年二班,2,1,0,1,0
124546,二年二班,3,1,1,1,1
124546,二年二班,4,1,1,1,1
124546,二年二班,5,0,0,1,0
124546,二年二班,6,1,1,1,1
124546,二年二班,8,1,1,1,1
124546,二年二班,9,1,0,1,0
124546,二年二班,10,1,1,1,1
124546,二年二班,11,1,1,1,1
124546,二年二班,13,1,1,1,1
124546,二年二班,14,1,0,1,0
124546,二年二班,15,1,0,1,0
124546,二年二班,16,0,1,1,1
124546,二年二班,17,0,1,0,1
124546,二年二班,19,1,1,1,1
124546,二年二班,20,1,0,1,0
124546,二年二班,21,1,0,1,0
124546,二年二班,22,1,0,1,0
124548,二年忠班,1,1,1,1,1
124548,二年忠班,2,0,1,1,1
124548,二年忠班,3,1,0,1,0
124548,二年忠班,5,1,0,1,0
124548,二年忠班,6,1,0,1,0
124548,二年忠班,9,1,0,1,0
124548,二年忠班,10,0,0,1,0
124548,二年忠班,13,0,1,1,1
124550,203,1,1,0,1,0
124550,203,2,1,1,1,1
124550,203,4,1,0,1,0
124550,203,6,1,1,1,1
124550,203,7,1,1,1,1
124550,203,8,1,0,1,0
124550,203,9,1,1,1,1
124550,203,10,1,1,1,1
124550,203,12,0,1,0,1
124550,203,15,1,0,1,0
124550,203,16,1,1,1,1
124550,203,17,1,1,1,1
124550,203,18,0,1,1,1
124550,203,19,1,0,1,1
124550,203,20,1,0,1,0
124550,203,21,1,0,1,0
124550,203,22,1,0,1,0
124550,203,24,1,0,1,1
124550,203,25,1,0,1,0
124550,203,26,0,1,1,1
124550,203,27,1,0,1,0
124550,203,29,1,0,1,0
124550,203,30,1,1,1,1
124550,203,32,1,0,1,0
124550,203,33,1,0,1,0
124550,203,34,1,0,1,0
124550,207,1,1,0,1,0
124550,207,2,1,0,1,0
124550,207,3,1,1,1,1
124550,207,4,1,0,1,1
124550,207,5,1,1,1,1
124550,207,6,1,0,1,0
124550,207,7,1,1,1,1
124550,207,8,1,0,1,0
124550,207,9,1,1,1,1
124550,207,10,1,1,1,1
124550,207,11,1,0,1,0
124550,207,12,1,0,1,0
124550,207,13,1,0,1,0
124550,207,14,1,1,1,1
124550,207,15,1,0,1,0
124550,207,16,1,0,1,0
124550,207,17,1,1,1,1
124550,207,19,0,1,1,1
124550,207,20,1,0,1,0
124550,207,22,1,0,1,0
124550,207,24,1,0,1,0
124550,207,25,1,1,1,1
124550,207,26,1,0,1,0
124550,207,27,1,0,1,1
124550,207,28,1,0,1,0
124550,207,29,0,0,1,0
124550,207,30,1,1,1,1
124550,207,32,1,0,1,0
124550,207,33,1,0,1,0
124550,207,34,1,1,1,0
124550,207,35,1,0,1,0
134501,808,1,0,1,0,1
134501,808,2,1,0,1,0
134501,808,3,1,1,1,1
134501,808,4,1,1,1,1
134501,808,5,1,1,1,1
134501,808,7,1,0,1,0
134501,808,8,1,1,1,1
134501,808,10,1,1,1,1
134501,808,11,1,0,1,0
134501,808,12,1,1,1,1
134501,808,13,1,0,1,0
134501,808,14,1,0,1,0
134501,808,15,1,0,1,0
134501,808,16,1,1,1,1
134501,808,17,1,1,0,1
134501,808,18,1,0,1,0
134501,808,20,1,0,1,0
134501,808,21,1,0,1,0
134501,808,23,1,0,1,0
134501,808,24,1,0,1,0
134501,808,25,1,1,1,1
134501,808,26,1,0,1,0
134501,808,27,1,1,1,0
134501,808,28,1,0,1,0
134501,817,1,1,1,1,1
134501,817,2,1,0,1,1
134501,817,3,0,1,1,1
134501,817,5,1,0,1,0
134501,817,6,1,1,1,1
134501,817,7,1,1,1,1
134501,817,8,1,1,1,1
134501,817,13,1,0,1,0
134501,817,14,1,1,1,0
134501,817,15,1,1,1,1
134501,817,16,1,1,1,1
134501,817,17,1,0,1,0
134501,817,18,1,1,1,1
134501,817,21,1,0,1,0
134501,817,22,1,1,1,0
134501,817,23,1,0,1,0
134501,817,24,1,1,1,1
134501,817,25,1,1,1,1
134501,817,26,1,1,1,1
134501,817,27,1,0,1,0
134501,817,28,1,0,1,0
134527,801,1,1,1,0,1
134527,801,4,1,0,1,0
134527,801,6,1,1,1,0
134527,801,7,1,0,1,1
134527,801,8,1,1,1,1
134527,801,11,1,1,1,1
134527,801,12,1,1,0,1
134527,801,13,1,1,1,1
134527,801,15,1,1,1,1
134527,801,18,0,1,0,1
134527,801,19,1,1,1,1
134527,801,20,1,1,1,0
134527,801,21,0,0,1,1
134527,801,22,1,1,1,1
134527,801,23,1,1,1,1
134527,801,25,1,0,1,1
134527,802,1,1,1,0,1
134527,802,2,1,0,1,0
134527,802,3,1,1,1,1
134527,802,4,1,0,1,0
134527,802,5,1,0,1,0
134527,802,8,1,1,1,1
134527,802,9,1,1,1,1
134527,802,10,1,1,1,1
134527,802,11,1,1,1,1
134527,802,12,1,1,1,1
134527,802,13,1,1,1,1
134527,802,14,1,0,1,0
134527,802,15,0,1,0,1
134527,802,17,1,0,1,0
134527,802,18,1,1,1,1
134527,802,19,1,1,1,1
134527,802,20,1,1,1,1
134527,802,21,1,1,1,1
134527,802,22,1,1,1,1
134527,802,24,1,1,1,0
134527,802,25,1,0,1,1
134542,八年三班,1,1,0,1,0
134542,八年三班,2,1,1,1,0
134542,八年三班,3,1,0,1,1
134542,八年三班,4,1,1,1,1
134542,八年三班,5,1,0,1,0
134542,八年三班,6,1,1,1,1
134542,八年三班,7,1,1,1,1
134542,八年三班,9,1,1,0,1
134542,八年三班,10,1,0,1,0
134542,八年三班,11,1,1,1,1
134542,八年三班,12,1,1,1,1
134542,八年三班,14,1,1,1,1
134542,八年三班,15,1,1,1,1
134542,八年三班,16,1,0,1,1
134542,八年三班,17,1,1,1,1
134542,八年三班,19,1,0,1,0
134542,八年三班,20,1,1,1,1
134542,八年四班,2,1,1,1,1
134542,八年四班,3,1,1,1,1
134542,八年四班,4,1,0,1,0
134542,八年四班,5,1,0,1,0
134542,八年四班,6,0,1,0,1
134542,八年四班,7,1,1,1,1
134542,八年四班,8,1,0,1,0
134542,八年四班,9,1,0,1,0
134542,八年四班,10,1,0,1,0
134542,八年四班,11,1,1,1,1
134542,八年四班,12,1,1,1,1
134542,八年四班,13,1,0,1,0
134542,八年四班,14,1,1,1,1
134542,八年四班,15,1,1,1,1
134542,八年四班,16,1,1,1,1
134542,八年四班,17,1,0,1,0
134542,八年四班,19,1,1,1,1
134542,八年四班,20,1,1,1,1
134542,八年四班,21,0,1,0,0
144501,803,1,1,1,1,1
144501,803,2,1,0,1,0
144501,803,3,1,1,1,1
144501,803,4,1,0,1,1
144501,803,5,1,1,1,1
144501,803,6,1,0,1,0
144501,803,7,1,0,1,0
144501,803,8,1,0,1,0
144501,803,10,1,1,1,1
144501,803,11,1,1,1,1
144501,803,12,1,1,0,1
144501,803,13,1,0,1,0
144501,803,14,1,0,1,0
144501,803,15,1,1,1,1
144501,803,16,1,0,1,0
144501,803,17,0,1,0,1
144501,803,18,1,0,1,0
144501,803,19,1,0,1,0
144501,803,20,1,0,1,0
144501,803,21,0,1,0,1
144501,803,23,1,1,1,1
144501,803,24,1,1,0,1
144501,803,25,1,1,1,0
144501,803,26,1,1,1,1
144501,803,28,1,0,1,0
144501,803,29,1,1,1,1
144501,803,30,1,1,1,1
144501,810,1,1,1,1,1
144501,810,2,1,1,1,1
144501,810,3,1,1,1,1
144501,810,4,1,1,1,1
144501,810,5,1,1,1,1
144501,810,6,1,1,1,1
144501,810,7,1,1,1,0
144501,810,8,1,1,1,1
144501,810,9,1,0,1,0
144501,810,10,1,1,1,1
144501,810,11,1,1,1,1
144501,810,12,1,1,1,1
144501,810,13,1,1,1,1
144501,810,14,0,1,1,1
144501,810,15,1,1,1,1
144501,810,16,1,0,1,0
144501,810,17,1,1,1,1
144501,810,18,1,1,1,1
144501,810,19,1,1,1,1
144501,810,20,1,1,1,1
144501,810,21,1,1,1,1
144501,810,22,1,1,1,1
144501,810,23,0,1,0,1
144501,810,24,1,0,1,1
144501,810,25,1,1,1,1
144501,810,26,1,0,1,0
144501,810,27,1,1,1,1
144501,810,28,1,0,1,0
144501,810,29,1,0,1,0
144504,八年二班,1,1,1,1,0
144504,八年二班,7,1,0,1,1
144504,八年二班,8,1,0,1,1
144504,八年二班,11,1,0,1,0
144504,八年二班,13,0,1,0,1
144504,八年二班,16,1,1,1,1
144504,八年二班,19,1,1,1,1
144504,八年二班,20,1,1,1,1
144504,八年四班,1,1,1,1,1
144504,八年四班,2,1,1,1,1
144504,八年四班,3,1,1,1,1
144504,八年四班,4,1,0,1,0
144504,八年四班,5,1,0,1,0
144504,八年四班,6,1,0,1,0
144504,八年四班,7,1,1,1,1
144504,八年四班,8,1,1,1,0
144504,八年四班,9,1,0,1,0
144504,八年四班,10,1,1,1,1
144504,八年四班,11,1,1,1,1
144504,八年四班,14,1,0,1,1
144511,八年一班,1,1,1,1,1
144511,八年一班,2,1,0,1,0
144511,八年一班,3,1,1,1,1
144511,八年一班,4,1,1,1,1
144511,八年一班,6,1,1,1,1
144511,八年一班,7,1,0,1,0
144511,八年一班,8,1,1,1,1
144511,八年一班,9,1,1,1,1
144511,八年一班,10,1,1,1,1
144511,八年一班,11,1,1,1,1
144511,八年一班,12,1,0,1,1
144511,八年一班,13,1,0,1,0
144511,八年一班,15,1,1,1,1
144511,八年一班,17,1,1,1,1
144511,八年一班,18,1,1,1,1
144511,八年一班,19,0,1,0,1
144511,八年一班,20,1,1,1,0
144511,八年一班,21,1,1,1,1
144511,八年一班,22,1,0,1,1
144511,八年一班,23,1,1,1,1
144511,八年二班,1,1,1,1,1
144511,八年二班,2,1,1,1,0
144511,八年二班,3,1,1,1,1
144511,八年二班,4,1,1,1,1
144511,八年二班,5,1,0,1,0
144511,八年二班,6,1,1,0,1
144511,八年二班,7,1,0,1,0
144511,八年二班,8,0,1,0,1
144511,八年二班,9,1,1,1,1
144511,八年二班,10,1,1,1,1
144511,八年二班,11,1,1,1,1
144511,八年二班,12,1,1,1,1
144511,八年二班,13,1,1,1,1
144511,八年二班,14,1,1,1,1
144511,八年二班,15,1,0,1,0
144511,八年二班,16,1,1,1,1
144511,八年二班,17,1,1,1,1
144511,八年二班,18,1,0,1,0
144511,八年二班,19,1,1,1,1
144511,八年二班,20,1,1,1,1
144512,八年二班,1,1,0,1,0
144512,八年二班,2,1,1,1,1
144512,八年二班,4,1,1,1,1
144512,八年二班,6,0,1,0,1
144512,八年二班,7,1,0,1,0
144512,八年二班,8,1,1,1,1
144512,八年二班,9,1,1,1,1
144512,八年二班,10,1,0,1,0
144512,八年二班,11,1,0,1,0
144512,八年二班,12,1,0,1,0
144512,八年二班,13,1,0,1,0
144512,八年二班,14,1,0,1,0
144512,八年二班,15,1,1,1,1
144512,八年二班,18,0,1,0,1
144512,八年二班,19,1,0,1,0
144512,八年二班,21,1,0,1,0
144512,八年二班,22,1,0,1,0
144512,八年二班,23,1,1,1,1
144517,801,2,1,1,1,0
144517,801,3,0,1,0,1
144517,801,4,1,1,1,1
144517,801,5,1,0,1,1
144517,801,6,1,0,1,0
144517,801,7,1,0,1,0
144517,801,8,1,1,1,1
144517,801,11,1,0,1,0
144517,801,12,1,1,1,1
144517,801,13,1,0,1,0
144517,801,14,1,1,0,1
144517,801,15,0,1,0,1
144517,801,16,1,0,1,0
144517,801,18,1,1,1,1
144517,801,19,1,0,1,0
144517,801,20,1,0,1,0
144517,801,21,1,1,1,1
144517,801,22,1,1,1,1
144517,803,4,1,1,1,1
144517,803,6,1,1,1,1
144517,803,8,1,1,1,1
144517,803,14,1,0,1,0
144517,803,16,1,0,1,0
144517,803,17,1,0,1,0
144517,803,18,1,0,1,0
144517,803,19,1,0,1,0
144517,803,22,1,1,1,1
154501,八年二班,1,1,1,1,1
154501,八年二班,2,1,1,1,1
154501,八年二班,3,1,0,1,0
154501,八年二班,4,1,1,1,1
154501,八年二班,5,1,1,1,1
154501,八年二班,6,1,0,1,0
154501,八年二班,7,1,0,1,0
154501,八年二班,8,1,0,1,0
154501,八年二班,9,1,1,1,1
154501,八年二班,10,1,1,1,1
154501,八年二班,11,0,1,0,1
154501,八年二班,12,1,0,1,0
154501,八年二班,13,1,1,1,0
154501,八年二班,14,1,0,1,0
154501,八年二班,15,1,0,1,0
154501,八年二班,16,1,1,1,1
154501,八年二班,17,1,0,1,0
154501,八年二班,18,1,1,1,1
154501,八年二班,19,1,1,1,1
154501,八年二班,20,1,1,1,1
154501,八年二班,21,1,1,1,1
154501,八年二班,22,1,1,0,1
154501,八年二班,23,1,1,1,1
154501,八年二班,24,1,0,1,0
154501,八年二班,25,1,1,0,1
154501,八年五班,1,1,1,1,1
154501,八年五班,3,1,0,1,1
154501,八年五班,4,1,0,1,0
154501,八年五班,5,1,0,1,0
154501,八年五班,6,1,1,1,1
154501,八年五班,8,1,1,1,1
154501,八年五班,10,1,0,1,1
154501,八年五班,11,1,1,0,1
154501,八年五班,12,1,1,1,1
154501,八年五班,13,1,0,1,0
154501,八年五班,14,0,1,0,1
154501,八年五班,17,1,1,1,1
154501,八年五班,18,1,1,1,1
154501,八年五班,19,1,0,1,0
154501,八年五班,20,1,0,1,0
154501,八年五班,21,1,1,1,1
154501,八年五班,22,1,1,1,1
154501,八年五班,23,0,1,0,1
154501,八年五班,24,1,0,1,0
154501,八年五班,26,0,1,1,1
154505,801,1,1,0,1,1
154505,801,3,1,0,1,1
154505,801,4,1,1,1,1
154505,801,5,1,1,1,1
154505,801,8,1,0,1,0
154505,801,9,1,0,1,0
154505,801,10,0,1,1,1
154505,801,11,1,0,1,0
154505,801,12,1,1,1,1
154505,801,13,1,1,1,1
154505,801,15,1,0,1,0
154505,801,16,1,1,1,1
154505,801,17,1,1,1,1
154505,801,18,1,0,1,0
154505,801,20,1,1,1,1
154505,801,21,1,1,1,1
154505,801,22,1,1,1,1
154505,801,23,1,1,1,1
154505,801,24,1,1,1,1
154505,801,25,1,1,1,0
154505,801,26,1,1,1,1
154505,801,28,1,1,1,1
154505,801,29,1,1,1,1
154505,807,2,1,1,1,0
154505,807,3,1,0,1,1
154505,807,4,1,1,1,1
154505,807,5,1,0,1,1
154505,807,6,1,1,1,1
154505,807,7,1,1,1,0
154505,807,8,0,1,0,1
154505,807,9,1,1,1,0
154505,807,10,1,0,1,1
154505,807,11,1,0,1,0
154505,807,12,1,1,1,1
154505,807,13,1,1,1,1
154505,807,14,1,0,1,0
154505,807,15,1,1,1,0
154505,807,16,0,1,0,1
154505,807,17,1,1,1,1
154505,807,18,1,1,1,1
154505,807,21,1,1,1,1
154505,807,22,1,0,1,0
154505,807,23,1,0,1,0
154505,807,24,1,0,1,0
154505,807,26,1,1,1,1
154505,807,27,1,0,1,0
154505,807,28,1,0,1,0
154506,807,1,1,1,1,1
154506,807,3,0,1,0,1
154506,807,4,1,0,1,0
154506,807,5,1,0,1,1
154506,807,6,1,0,1,0
154506,807,7,1,1,1,1
154506,807,8,1,0,1,0
154506,807,9,1,0,1,0
154506,807,10,1,0,1,0
154506,807,11,1,0,1,0
154506,807,12,1,1,1,1
154506,807,13,1,1,1,1
154506,807,14,0,1,0,1
154506,807,16,1,1,1,1
154506,807,18,1,0,1,0
154506,807,20,1,0,1,0
154506,807,21,1,0,1,0
154506,807,22,1,1,1,0
154506,807,23,1,0,1,0
154506,807,24,1,0,1,1
154506,807,25,1,0,1,0
154506,807,26,0,1,1,1
154506,807,27,1,0,1,0
154506,807,28,1,0,1,0
154506,815,1,1,1,1,1
154506,815,2,1,1,1,1
154506,815,3,1,1,1,1
154506,815,5,1,1,1,1
154506,815,8,0,1,0,1
154506,815,9,1,1,1,1
154506,815,10,1,1,1,1
154506,815,11,1,0,1,0
154506,815,12,1,1,1,1
154506,815,13,1,1,1,0
154506,815,14,1,1,1,0
154506,815,15,1,1,1,1
154506,815,16,1,0,1,0
154506,815,17,1,1,1,1
154506,815,20,1,0,1,0
154506,815,22,1,0,1,0
154506,815,23,1,0,1,0
154506,815,25,1,0,1,0
154506,815,28,1,0,1,0
154506,815,29,1,1,1,1
154506,815,30,1,1,1,1
154513,八年一班,2,1,0,1,0
154513,八年一班,3,1,0,1,0
154513,八年一班,4,1,0,1,0
154513,八年一班,5,1,0,1,0
154513,八年一班,6,1,0,1,0
154513,八年一班,8,1,0,1,0
154513,八年一班,9,1,0,1,0
154513,八年一班,10,1,0,1,0
154513,八年一班,11,1,0,1,0
154513,八年一班,12,1,0,1,1
154513,八年一班,14,1,1,1,1
154513,八年一班,15,0,1,0,1
154513,八年一班,16,1,0,1,0
154513,八年一班,17,1,1,1,1
154513,八年一班,18,1,1,1,1
154513,八年一班,19,1,1,1,0
154513,八年一班,20,0,1,0,1
154513,八年一班,22,1,1,1,1
154513,八年二班,1,1,0,1,0
154513,八年二班,2,1,0,1,0
154513,八年二班,3,1,1,1,1
154513,八年二班,4,1,0,1,0
154513,八年二班,5,1,0,1,0
154513,八年二班,6,1,1,1,1
154513,八年二班,8,1,0,1,0
154513,八年二班,9,1,1,1,1
154513,八年二班,10,0,1,0,1
154513,八年二班,11,1,1,1,1
154513,八年二班,12,0,1,0,1
154513,八年二班,13,1,0,1,0
154513,八年二班,14,1,1,1,1
154513,八年二班,15,1,1,1,1
154513,八年二班,16,1,1,1,0
154513,八年二班,17,1,1,1,1
154513,八年二班,18,1,1,1,1
154513,八年二班,19,1,0,1,1
154513,八年二班,20,1,1,1,1
154513,八年二班,21,1,1,1,1
154515,801,1,1,0,1,0
154515,801,3,1,0,1,0
154515,801,4,1,0,1,0
154515,801,7,1,0,1,0
154515,801,10,1,0,1,0
154515,801,11,1,1,1,1
154515,801,14,1,1,1,1
154515,801,16,1,0,1,0
154515,801,17,1,0,1,0
154515,801,18,1,0,1,1
154515,801,19,1,0,1,0
154515,801,21,1,0,1,1
154515,803,1,1,1,1,1
154515,803,3,1,0,1,1
154515,803,4,1,1,1,1
154515,803,5,1,1,1,1
154515,803,6,1,1,1,1
154515,803,7,1,0,1,0
154515,803,8,0,1,0,1
154515,803,9,1,0,1,1
154515,803,10,1,1,1,1
154515,803,11,1,0,1,0
154515,803,13,1,1,1,1
154515,803,14,1,1,1,0
154515,803,15,1,1,1,1
154515,803,16,1,1,1,0
154515,803,17,0,1,1,1
154515,803,19,1,0,1,0
154515,803,20,1,0,1,1
154515,803,22,0,1,0,1
154522,801,3,1,0,1,0
154522,801,11,1,0,1,0
154522,801,12,1,0,1,0
154522,801,24,1,0,1,0
154522,804,14,1,0,1,0
154522,804,15,1,0,1,0
164501,801,2,1,1,1,1
164501,801,3,1,0,1,0
164501,801,5,1,1,1,0
164501,801,6,1,0,1,0
164501,801,7,0,1,0,1
164501,801,8,0,1,0,1
164501,801,9,1,0,1,0
164501,801,11,0,1,0,1
164501,801,12,1,1,1,0
164501,801,13,1,1,1,1
164501,801,14,1,0,1,0
164501,801,16,1,0,1,0
164501,801,17,1,1,1,1
164501,801,18,1,1,0,1
164501,801,20,1,0,1,0
164501,801,22,1,1,1,1
164501,801,23,1,0,1,0
164501,801,25,1,0,1,1
164501,801,26,1,0,1,0
164501,805,1,1,0,1,1
164501,805,2,1,0,1,0
164501,805,3,0,1,1,1
164501,805,6,1,1,1,1
164501,805,7,1,0,1,0
164501,805,8,1,0,0,0
164501,805,10,1,0,1,0
164501,805,11,1,0,1,0
164501,805,12,1,1,1,1
164501,805,14,1,1,1,1
164501,805,16,1,0,1,0
164501,805,18,1,1,0,1
164501,805,19,1,0,1,0
164501,805,20,1,0,1,1
164501,805,21,1,0,1,0
164501,805,23,1,1,1,1
164501,805,25,1,1,1,1
164501,805,29,1,0,1,1
164513,801,3,1,1,1,1
164513,801,4,1,1,1,1
164513,801,5,1,1,1,1
164513,801,6,1,1,1,1
164513,801,7,1,0,1,1
164513,801,9,1,0,1,0
164513,801,10,1,1,1,0
164513,801,11,1,0,1,1
164513,801,12,1,1,0,1
164513,801,13,1,0,1,0
164513,801,14,1,1,1,1
164513,801,16,1,1,0,1
164513,801,18,1,0,1,1
164513,801,19,1,1,1,0
164513,801,20,1,1,1,1
164513,801,23,1,0,1,1
164513,801,24,0,1,0,1
164513,801,25,1,1,1,1
164513,803,1,1,0,1,0
164513,803,3,1,1,1,1
164513,803,4,1,1,1,1
164513,803,5,0,1,0,1
164513,803,6,1,0,1,0
164513,803,8,1,1,1,1
164513,803,9,1,1,1,0
164513,803,10,1,0,1,0
164513,803,12,1,1,1,1
164513,803,14,1,1,1,1
164513,803,16,1,0,1,0
164513,803,17,1,1,1,1
164513,803,18,1,1,1,1
164513,803,19,0,1,0,1
164513,803,20,1,0,1,0
164513,803,21,1,1,1,1
164513,803,23,1,1,1,1
164513,803,24,1,1,1,0
171306,804,1,1,1,1,1
171306,804,3,1,1,1,1
171306,804,5,0,0,1,0
171306,804,7,1,0,1,1
171306,804,10,1,1,1,1
171306,804,12,1,1,0,1
171306,804,16,0,0,1,1
171306,804,17,1,1,1,1
171306,804,18,0,1,1,1
171306,804,19,1,0,1,0
171306,804,21,1,1,1,1
171306,804,22,1,1,1,1
171306,804,24,1,1,1,0
171306,804,26,1,1,1,0
171306,804,30,1,1,0,1
171306,804,31,1,1,1,1
171306,804,33,1,0,1,0
171306,804,34,1,0,1,0
171306,804,35,1,0,1,1
171306,804,36,1,0,1,0
171306,804,37,1,1,1,0
171306,804,38,1,0,1,0
171306,804,39,1,1,1,1
171306,804,41,1,0,1,0
171306,804,43,1,0,1,1
171306,809,1,1,0,1,0
171306,809,2,1,0,1,1
171306,809,3,1,0,1,0
171306,809,4,1,0,1,0
171306,809,5,0,1,1,1
171306,809,6,1,0,1,0
171306,809,8,1,0,1,0
171306,809,9,1,1,1,1
171306,809,10,1,1,1,1
171306,809,13,1,0,1,0
171306,809,14,1,1,1,1
171306,809,15,1,0,1,0
171306,809,16,1,1,1,1
171306,809,17,1,0,1,0
171306,809,19,0,1,1,1
171306,809,20,1,1,1,1
171306,809,21,1,0,1,0
171306,809,22,1,0,1,0
171306,809,23,1,0,1,0
171306,809,24,1,0,1,1
171306,809,25,1,0,1,0
171306,809,26,1,0,1,0
171306,809,27,1,0,1,0
171306,809,28,1,0,1,0
171306,809,29,1,0,1,0
171306,809,31,1,0,1,1
171306,809,32,1,1,1,1
171306,809,33,1,1,1,1
171306,809,35,1,1,1,1
171306,809,36,1,1,1,1
171306,809,37,1,1,1,1
171306,809,38,1,0,1,0
171306,809,39,0,1,0,1
171306,809,41,1,0,1,1
171306,809,42,0,0,1,0
183502,801,3,1,1,1,1
183502,801,4,1,1,1,1
183502,801,6,1,0,1,0
183502,801,7,1,1,1,1
183502,801,8,1,1,1,1
183502,801,9,1,1,1,1
183502,801,10,1,0,1,1
183502,801,11,1,0,1,0
183502,801,12,1,1,1,1
183502,801,13,1,0,1,0
183502,801,14,1,1,1,1
183502,801,15,1,0,1,0
183502,801,21,1,0,1,0
183502,801,22,1,0,1,0
183502,801,23,1,0,1,0
183502,801,24,1,1,1,1
183502,801,25,1,0,1,0
183502,801,26,1,1,1,0
183502,801,27,1,0,1,1
183502,801,29,1,1,1,1
183502,801,30,1,0,1,0
183502,801,31,1,1,0,1
183502,801,32,1,0,1,0
183502,801,33,1,0,1,0
183502,814,1,0,1,1,1
183502,814,3,1,1,1,1
183502,814,6,1,1,1,1
183502,814,7,1,1,1,1
183502,814,10,1,1,1,0
183502,814,11,0,1,0,1
183502,814,12,1,1,1,1
183502,814,14,1,1,1,1
183502,814,15,1,1,1,1
183502,814,22,1,1,1,1
183502,814,23,1,1,1,1
183502,814,24,1,1,1,1
183502,814,25,1,1,1,1
183502,814,26,1,0,1,0
183502,814,27,1,1,1,1
183502,814,28,1,0,1,0
183502,814,29,1,1,1,1
183502,814,30,1,1,1,1
183502,814,31,0,0,1,0
183502,814,33,1,1,1,1
183510,807,1,1,1,0,1
183510,807,2,1,0,1,0
183510,807,3,1,0,1,0
183510,807,5,1,0,1,0
183510,807,6,1,0,1,0
183510,807,8,1,0,1,0
183510,807,9,1,1,1,1
183510,807,10,1,1,1,0
183510,807,11,1,0,1,0
183510,807,12,1,1,1,1
183510,807,14,1,1,1,1
183510,807,15,1,0,1,0
183510,807,16,1,1,1,1
183510,807,17,1,0,1,0
183510,807,19,1,0,1,0
183510,807,21,1,1,0,0
183510,807,23,0,1,1,1
183510,807,25,1,1,1,1
183510,807,26,1,1,1,1
183510,807,27,1,0,1,0
183510,807,28,1,0,1,0
183510,807,29,1,0,1,0
183510,820,1,1,0,1,0
183510,820,2,1,0,1,1
183510,820,3,1,0,1,0
183510,820,5,1,1,1,1
183510,820,6,1,0,1,1
183510,820,7,1,0,1,0
183510,820,8,1,0,1,0
183510,820,9,1,0,1,0
183510,820,11,0,1,1,1
183510,820,12,0,0,1,0
183510,820,13,1,1,1,1
183510,820,14,0,1,0,1
183510,820,16,1,0,1,0
183510,820,17,1,0,1,0
183510,820,18,1,1,1,1
183510,820,19,1,0,1,0
183510,820,20,1,0,1,0
183510,820,22,1,1,1,1
183510,820,23,1,0,1,0
183510,820,24,1,0,1,0
183510,820,25,1,1,1,1
183510,820,26,1,0,1,0
183510,820,27,1,1,1,1
183510,820,28,1,0,1,0
191309,國二丁,1,1,0,1,0
191309,國二丁,2,1,0,1,0
191309,國二丁,3,1,0,1,0
191309,國二丁,4,1,1,1,1
191309,國二丁,5,1,0,1,0
191309,國二丁,6,1,0,1,1
191309,國二丁,10,1,1,1,0
191309,國二丁,12,1,1,1,1
191309,國二丁,13,1,0,1,0
191309,國二丁,14,1,1,1,1
191309,國二丁,16,0,1,0,1
191309,國二丁,17,1,0,1,0
191309,國二丁,18,1,1,1,0
191309,國二丁,19,1,0,1,0
191309,國二丁,20,1,1,1,0
191309,國二丁,21,0,1,0,1
191309,國二丁,22,0,1,0,1
191309,國二丁,23,1,1,1,0
191309,國二丁,25,1,0,1,1
191309,國二丁,27,1,1,1,0
191309,國二丁,29,1,0,1,0
191309,國二丁,30,1,0,1,0
191309,國二丁,31,1,1,1,1
191309,國二丁,33,1,1,1,1
191309,國二丁,34,0,1,0,1
191309,國二丁,35,1,0,1,0
191309,國二丁,36,1,0,1,0
191309,國二丁,37,1,0,1,0
191311,國二14,1,1,1,1,1
191311,國二14,2,1,0,1,0
191311,國二14,3,1,0,1,0
191311,國二14,4,1,1,1,1
191311,國二14,5,0,1,1,1
191311,國二14,6,1,0,1,0
191311,國二14,7,1,0,1,0
191311,國二14,8,1,0,1,0
191311,國二14,9,1,0,1,1
191311,國二14,10,1,1,1,1
191311,國二14,11,1,1,1,1
191311,國二14,12,1,1,1,1
191311,國二14,13,1,0,1,1
191311,國二14,14,1,0,1,0
191311,國二14,15,1,1,1,1
191311,國二14,16,1,0,1,0
191311,國二14,17,1,1,1,1
191311,國二14,18,1,1,1,1
191311,國二14,19,1,1,1,1
191311,國二14,20,1,1,1,1
191311,國二14,21,1,0,1,0
191311,國二14,23,1,0,1,1
191311,國二14,24,1,1,1,1
191311,國二14,25,1,1,1,1
191311,國二14,26,1,0,1,0
191311,國二14,27,1,0,1,1
191311,國二14,28,1,1,1,1
191311,國二14,29,0,1,0,1
191311,國二14,30,1,1,1,1
191311,國二14,31,1,1,1,1
191311,國二14,33,1,0,1,0
191311,國二14,34,1,0,1,0
191311,國二14,35,1,0,1,0
191311,國二14,36,1,1,1,1
191311,國二14,37,1,1,1,1
191311,國二14,40,1,1,1,1
191311,國二14,41,1,0,1,0
191311,國二14,42,1,0,1,0
191311,國二14,43,1,0,1,0
191311,國二14,44,1,1,1,1
191311,國二14,45,1,0,1,0
191311,國二14,47,1,0,1,0
191311,國二14,48,1,1,1,1
191311,國二5,1,1,1,1,1
191311,國二5,2,1,0,1,0
191311,國二5,3,0,1,1,1
191311,國二5,4,1,0,1,1
191311,國二5,5,1,0,1,0
191311,國二5,6,1,1,1,1
191311,國二5,7,1,1,1,1
191311,國二5,9,1,1,1,1
191311,國二5,11,1,1,1,1
191311,國二5,12,1,0,1,0
191311,國二5,14,0,1,0,1
191311,國二5,15,1,1,1,1
191311,國二5,17,1,1,1,1
191311,國二5,18,1,1,0,1
191311,國二5,19,1,1,1,1
191311,國二5,20,1,0,1,1
191311,國二5,21,1,0,1,1
191311,國二5,22,1,0,1,0
191311,國二5,23,1,0,1,0
191311,國二5,24,1,0,1,0
191311,國二5,25,1,1,1,1
191311,國二5,26,1,0,1,1
191311,國二5,27,1,0,1,0
191311,國二5,28,1,0,1,0
191311,國二5,29,1,1,1,1
191311,國二5,30,1,0,1,0
191311,國二5,31,0,1,0,1
191311,國二5,32,1,0,1,0
191311,國二5,33,1,1,1,1
191311,國二5,35,0,1,1,1
191311,國二5,36,1,1,1,1
191311,國二5,37,0,1,0,0
191311,國二5,38,1,0,1,0
191311,國二5,39,1,0,1,0
191311,國二5,40,1,0,1,0
191311,國二5,41,1,1,1,0
191311,國二5,42,1,1,1,0
191311,國二5,43,1,1,1,1
191311,國二5,44,1,0,1,0
191311,國二5,45,1,1,1,1
191311,國二5,46,1,1,1,0
191311,國二5,47,1,0,1,0
191311,國二5,48,1,0,1,0
191311,國二5,49,1,0,1,0
191313,國二戊,1,1,0,1,0
191313,國二戊,2,1,0,1,0
191313,國二戊,3,0,1,1,1
191313,國二戊,4,1,0,1,1
191313,國二戊,5,1,1,1,1
191313,國二戊,6,1,0,1,0
191313,國二戊,7,1,0,1,1
191313,國二戊,9,1,1,1,0
191313,國二戊,10,1,0,1,0
191313,國二戊,11,1,0,1,0
191313,國二戊,13,1,1,1,0
191313,國二戊,14,0,0,1,0
191313,國二戊,15,1,0,1,1
191313,國二戊,16,0,0,1,1
191313,國二戊,17,1,1,1,1
191313,國二戊,18,1,0,1,1
191313,國二戊,19,1,1,1,1
191313,國二戊,20,1,0,1,1
191313,國二戊,21,1,1,1,1
191313,國二戊,22,1,0,1,0
191313,國二戊,23,1,0,1,0
191313,國二戊,24,1,0,1,1
191313,國二戊,25,1,0,1,0
191313,國二戊,26,1,1,1,1
191313,國二戊,27,0,1,0,1
191313,國二戊,28,1,0,1,0
191313,國二戊,29,1,1,1,1
191313,國二戊,30,1,1,1,0
191313,國二戊,31,1,0,1,0
191313,國二戊,32,1,1,1,1
191313,國二戊,33,1,0,1,0
191313,國二戊,34,1,1,1,1
191313,國二戊,35,1,0,1,0
191313,國二戊,36,1,1,1,1
191313,國二戊,37,1,0,1,0
191313,國二戊,38,1,0,1,0
191313,國二戊,39,1,0,1,0
191313,國二戊,40,1,1,1,1
191313,國二戊,41,1,1,1,0
191313,國二戊,42,1,1,1,0
191313,國二戊,43,1,1,1,1
191313,國二戊,44,0,1,1,1
191313,國二戊,45,0,0,0,1
191313,國二戊,46,1,0,1,1
191313,國二戊,47,1,1,1,1
191313,國二戊,48,1,0,1,0
191313,國二戊,49,1,1,1,1
191313,國二戊,50,1,0,1,0
191313,國二甲,1,1,1,1,0
191313,國二甲,2,1,0,1,0
191313,國二甲,3,0,1,1,1
191313,國二甲,4,1,1,1,1
191313,國二甲,5,1,0,1,0
191313,國二甲,6,1,1,1,1
191313,國二甲,7,1,1,1,1
191313,國二甲,8,1,0,1,0
191313,國二甲,9,0,1,0,1
191313,國二甲,11,1,1,1,1
191313,國二甲,12,1,0,1,0
191313,國二甲,13,0,1,0,1
191313,國二甲,16,1,0,1,0
191313,國二甲,17,1,1,1,1
191313,國二甲,18,1,0,1,0
191313,國二甲,19,1,1,1,1
191313,國二甲,20,1,0,1,0
191313,國二甲,21,1,1,1,1
191313,國二甲,22,1,0,1,0
191313,國二甲,23,1,0,1,1
191313,國二甲,24,1,1,1,1
191313,國二甲,26,1,0,1,0
191313,國二甲,27,1,0,1,0
191313,國二甲,28,1,0,1,0
191313,國二甲,30,1,0,1,0
191313,國二甲,31,1,0,1,0
191313,國二甲,32,1,0,1,0
191313,國二甲,33,1,1,1,1
191313,國二甲,34,0,1,0,1
191313,國二甲,35,0,1,0,1
191313,國二甲,36,1,0,1,0
191313,國二甲,38,1,1,1,1
191313,國二甲,39,1,0,1,0
191313,國二甲,40,1,0,1,0
191313,國二甲,41,1,1,1,1
191313,國二甲,43,1,0,1,0
191313,國二甲,44,1,0,1,0
191313,國二甲,45,1,0,1,1
191313,國二甲,46,0,1,1,1
191313,國二甲,47,1,0,1,0
191313,國二甲,48,1,0,1,0
191313,國二甲,49,1,0,1,1
193315,815,1,1,1,0,1
193315,815,2,1,1,1,1
193315,815,4,0,1,0,1
193315,815,7,1,1,0,1
193315,815,8,1,1,1,1
193315,815,9,1,0,1,0
193315,815,11,1,1,1,1
193315,815,12,1,1,1,1
193315,815,14,0,1,0,1
193315,815,15,1,1,1,1
193315,815,16,1,0,1,0
193315,815,17,1,1,1,1
193315,815,20,1,1,1,1
193315,815,21,1,0,1,0
193315,815,22,1,1,1,1
193315,815,23,1,1,1,1
193315,815,24,1,1,1,1
193315,815,25,1,0,1,0
193315,815,26,1,0,1,0
193315,815,27,1,1,1,1
193315,815,30,1,0,1,0
193501,809,1,1,0,1,0
193501,809,3,1,0,1,0
193501,809,4,1,0,1,0
193501,809,5,0,1,0,1
193501,809,7,1,1,1,1
193501,809,8,1,0,1,0
193501,809,9,0,1,1,0
193501,809,10,1,0,1,1
193501,809,11,1,1,1,1
193501,809,12,1,1,1,1
193501,809,13,1,1,1,1
193501,809,14,1,1,1,1
193501,809,15,1,0,1,0
193501,809,16,1,1,0,0
193501,809,17,1,1,1,1
193501,809,18,0,1,1,1
193501,809,20,0,1,0,0
193501,809,21,1,1,1,1
193501,809,23,1,0,1,0
193501,809,24,1,1,1,1
193501,809,25,1,0,1,0
193501,809,26,1,0,1,1
193501,809,28,1,1,1,1
193501,820,1,0,1,0,1
193501,820,2,1,1,1,1
193501,820,3,1,1,0,1
193501,820,4,1,1,1,1
193501,820,5,1,1,1,1
193501,820,6,1,1,1,1
193501,820,7,1,0,1,0
193501,820,8,1,0,1,0
193501,820,9,1,0,1,0
193501,820,10,1,0,1,0
193501,820,11,1,0,1,0
193501,820,12,1,1,1,1
193501,820,13,1,1,1,1
193501,820,14,1,0,1,0
193501,820,15,1,1,1,0
193501,820,16,1,1,1,0
193501,820,17,1,1,1,1
193501,820,18,0,1,0,1
193501,820,19,1,1,1,1
193501,820,20,1,1,1,1
193501,820,22,1,1,1,1
193501,820,23,1,0,1,1
193501,820,24,1,1,1,1
193501,820,25,1,0,1,1
193501,820,26,1,1,1,0
193501,820,27,1,1,1,1
193501,820,28,1,1,1,1
193501,820,29,1,1,1,0
193501,820,30,1,1,1,0
193508,八年一班,1,1,0,1,1
193508,八年一班,2,1,1,1,1
193508,八年一班,3,1,1,1,0
193508,八年一班,4,1,0,1,1
193508,八年一班,7,1,0,1,0
193508,八年一班,8,0,1,0,1
193508,八年一班,9,1,0,1,0
193508,八年一班,10,1,1,1,1
193508,八年一班,11,1,0,1,1
193508,八年一班,13,1,0,1,0
193508,八年一班,14,1,1,1,1
193508,八年一班,15,1,1,1,1
193508,八年一班,16,1,0,1,0
193508,八年一班,17,1,1,1,1
193508,八年一班,18,1,0,1,0
193508,八年一班,20,1,0,1,0
193508,八年一班,21,1,1,1,1
193508,八年一班,23,1,1,1,1
193508,八年一班,24,1,1,1,1
193508,八年六班,1,1,1,1,1
193508,八年六班,3,1,1,1,1
193508,八年六班,4,1,0,1,0
193508,八年六班,5,1,0,1,0
193508,八年六班,6,1,1,1,1
193508,八年六班,7,1,0,1,0
193508,八年六班,8,1,1,1,1
193508,八年六班,10,1,1,1,1
193508,八年六班,12,1,1,1,1
193508,八年六班,13,1,0,1,0
193508,八年六班,14,0,1,0,1
193508,八年六班,17,1,0,1,0
193508,八年六班,18,1,1,1,1
193508,八年六班,19,1,1,1,1
193508,八年六班,21,1,1,1,1
193508,八年六班,22,0,1,0,1
193508,八年六班,23,1,1,1,1
193508,八年六班,24,0,1,0,1
193508,八年六班,26,1,1,1,1
193512,801,2,1,0,1,0
193512,801,3,1,0,1,0
193512,801,4,1,1,1,0
193512,801,5,1,1,1,1
193512,801,6,1,1,1,1
193512,801,7,1,0,1,0
193512,801,8,1,0,1,1
193512,801,9,0,1,0,1
193512,801,11,0,1,0,1
193512,801,12,1,1,1,1
193512,801,14,1,1,1,1
193512,801,17,1,0,1,0
193512,801,18,1,0,1,0
193512,801,19,1,0,1,0
193512,801,21,1,0,1,0
193512,801,22,1,1,1,1
193512,801,23,1,1,1,1
193512,804,2,1,1,1,1
193512,804,3,1,1,1,1
193512,804,4,1,1,1,1
193512,804,5,1,1,1,1
193512,804,6,1,0,1,1
193512,804,7,1,0,1,1
193512,804,8,1,1,1,1
193512,804,10,1,0,1,0
193512,804,11,1,0,1,0
193512,804,12,0,0,1,0
193512,804,13,0,1,0,1
193512,804,14,1,0,1,0
193512,804,15,1,1,1,1
193512,804,17,1,0,1,0
193512,804,18,1,0,1,0
193512,804,19,1,1,1,1
193512,804,20,1,0,1,0
193512,804,21,1,0,1,0
193512,804,22,1,1,1,1
193526,802,1,1,1,1,1
193526,802,2,1,1,1,1
193526,802,3,1,0,1,0
193526,802,4,1,0,1,0
193526,802,5,0,1,0,1
193526,802,6,1,1,1,1
193526,802,7,1,1,1,1
193526,802,8,1,1,1,1
193526,802,9,1,1,1,1
193526,802,10,1,1,1,1
193526,802,12,1,0,1,0
193526,802,13,1,0,1,0
193526,802,14,1,0,1,0
193526,802,15,1,0,1,0
193526,802,17,1,0,1,1
193526,802,18,1,1,1,1
193526,802,19,1,1,1,1
193526,802,20,1,1,1,1
193526,802,21,1,1,1,1
193526,802,23,1,0,1,0
193526,802,24,1,0,1,0
193526,802,25,1,0,1,0
193526,802,26,1,0,1,0
193526,802,28,1,0,1,0
193526,802,30,1,0,1,0
193526,802,31,1,0,1,0
193526,810,1,0,1,1,1
193526,810,2,0,1,1,1
193526,810,3,0,1,1,1
193526,810,4,1,0,1,0
193526,810,5,1,0,1,0
193526,810,6,1,1,1,0
193526,810,7,1,1,1,1
193526,810,8,1,1,1,1
193526,810,9,1,1,0,1
193526,810,11,1,0,1,0
193526,810,12,0,1,0,1
193526,810,13,1,0,1,0
193526,810,15,0,1,0,1
193526,810,16,1,0,1,0
193526,810,17,1,0,1,0
193526,810,18,1,1,1,1
193526,810,19,1,1,1,1
193526,810,21,1,1,1,0
193526,810,22,1,0,1,0
193526,810,23,1,1,1,1
193526,810,24,1,1,1,1
193526,810,25,1,1,1,0
193526,810,26,1,1,1,1
193526,810,27,1,1,1,1
193526,810,28,1,1,1,1
193526,810,29,1,1,1,0
193526,810,32,1,1,1,1
193526,810,33,1,0,1,0
201304,二年1班,2,1,1,1,1
201304,二年1班,3,0,1,1,1
201304,二年1班,4,1,1,1,0
201304,二年1班,5,1,0,1,1
201304,二年1班,6,1,0,1,0
201304,二年1班,7,1,1,1,1
201304,二年1班,8,1,0,1,0
201304,二年1班,9,1,0,1,0
201304,二年1班,11,1,1,1,1
201304,二年1班,12,1,0,1,1
201304,二年1班,13,1,1,1,1
201304,二年1班,14,1,0,1,0
201304,二年1班,15,1,1,1,0
201304,二年1班,16,1,1,1,1
201304,二年1班,17,1,1,1,1
201304,二年1班,18,1,0,1,1
201304,二年1班,19,1,1,1,1
201304,二年1班,20,1,1,1,1
201304,二年1班,21,1,1,1,1
201304,二年1班,22,1,1,1,1
201304,二年1班,23,1,1,1,1
201304,二年1班,24,0,1,0,1
201304,二年1班,25,1,0,1,0
201304,二年1班,26,1,0,1,1
201304,二年1班,27,1,1,1,1
201304,二年1班,29,1,0,1,0
201304,二年1班,31,1,1,1,1
201304,二年1班,32,1,0,1,0
201304,二年1班,33,1,1,0,1
201304,二年3班,1,1,1,1,1
201304,二年3班,2,1,1,1,1
201304,二年3班,3,1,1,1,1
201304,二年3班,5,1,1,1,1
201304,二年3班,7,1,0,1,0
201304,二年3班,9,1,1,1,1
201304,二年3班,10,1,0,1,0
201304,二年3班,11,0,1,0,1
201304,二年3班,13,0,1,0,1
201304,二年3班,17,1,1,1,1
201304,二年3班,18,1,1,1,1
201304,二年3班,20,1,1,1,1
201304,二年3班,21,1,1,1,1
201304,二年3班,24,1,1,1,1
201304,二年3班,28,1,0,1,0
201310,國二1,3,1,0,1,0
201310,國二1,7,1,1,1,1
201310,國二1,14,1,0,1,0
201310,國二1,17,1,0,1,0
201310,國二1,18,0,0,0,1
201310,國二1,21,0,0,1,0
201310,國二1,22,1,0,1,0
201310,國二1,23,1,0,1,0
201310,國二1,24,1,1,0,1
201310,國二1,27,0,1,0,1
201310,國二1,28,1,0,1,0
201310,國二1,29,0,1,0,1
201310,國二1,33,1,1,1,1
201310,國二1,36,1,1,1,1
201310,國二1,38,1,1,1,1
201310,國二1,41,1,0,1,0
201310,國二1,42,1,0,1,0
201310,國二4,2,1,1,1,1
201310,國二4,4,1,1,0,0
201310,國二4,7,1,0,1,0
201310,國二4,9,1,0,1,0
201310,國二4,11,1,1,1,1
201310,國二4,12,1,1,1,1
201310,國二4,13,1,1,1,1
201310,國二4,15,1,1,1,1
201310,國二4,16,1,0,1,1
201310,國二4,17,1,0,1,0
201310,國二4,21,1,1,1,1
201310,國二4,22,0,1,0,1
201310,國二4,23,1,0,1,0
201310,國二4,24,1,0,1,1
201310,國二4,25,1,0,1,0
201310,國二4,26,1,0,1,1
201310,國二4,28,1,0,1,0
201310,國二4,29,1,1,1,1
201310,國二4,30,1,1,1,1
201310,國二4,31,1,1,1,1
201310,國二4,32,1,0,1,0
201310,國二4,33,1,0,1,0
201310,國二4,34,1,0,1,0
201310,國二4,35,1,0,1,1
201310,國二4,38,1,0,1,0
201310,國二4,39,1,0,1,0
203505,八年12班,2,1,0,1,0
203505,八年12班,3,1,1,1,1
203505,八年12班,4,1,1,1,0
203505,八年12班,5,1,1,1,1
203505,八年12班,6,1,0,1,0
203505,八年12班,7,1,1,1,1
203505,八年12班,8,1,1,1,1
203505,八年12班,9,1,1,1,1
203505,八年12班,10,1,1,1,1
203505,八年12班,11,0,1,0,1
203505,八年12班,12,1,1,1,1
203505,八年12班,13,1,1,1,1
203505,八年12班,14,1,0,1,0
203505,八年12班,15,1,1,1,1
203505,八年12班,16,1,1,1,0
203505,八年12班,17,1,0,1,1
203505,八年12班,19,1,0,1,0
203505,八年12班,20,0,1,0,1
203505,八年12班,22,1,0,1,0
203505,八年12班,27,1,1,0,1
203505,八年2班,2,1,0,1,0
203505,八年2班,3,0,1,1,1
203505,八年2班,4,1,0,1,1
203505,八年2班,5,1,1,1,1
203505,八年2班,7,1,1,1,1
203505,八年2班,8,1,0,1,0
203505,八年2班,9,0,1,1,1
203505,八年2班,11,1,0,1,0
203505,八年2班,13,1,1,1,1
203505,八年2班,14,1,0,1,0
203505,八年2班,15,1,0,1,0
203505,八年2班,17,0,1,0,1
203505,八年2班,18,1,1,1,1
203505,八年2班,20,1,0,1,0
203505,八年2班,21,0,1,1,1
203505,八年2班,22,1,0,1,0
203505,八年2班,23,1,0,1,0
203505,八年2班,25,1,0,1,0
203505,八年2班,27,1,1,0,1
211318,J204,1,1,0,1,0
211318,J204,2,1,0,1,0
211318,J204,4,1,0,1,0
211318,J204,9,1,0,1,0
211318,J204,10,1,1,1,0
211318,J204,12,1,0,1,0
211318,J204,13,1,0,1,0
211318,J204,14,1,0,1,0
211318,J204,15,1,0,1,1
211318,J204,16,1,1,1,0
211318,J204,17,1,0,1,0
211318,J204,18,1,1,1,1
211318,J204,19,0,0,1,0
211318,J204,21,1,1,1,1
211318,J204,22,1,1,1,0
211318,J204,24,1,0,1,0
211318,J204,25,1,0,1,0
211318,J204,27,1,0,1,0
211318,J204,28,1,1,1,1
211318,J204,29,1,0,1,1
211318,J204,30,1,1,1,0
211318,J204,32,1,0,1,1
211318,J204,33,1,1,1,1
211318,J204,35,1,1,1,1
211318,J204,37,1,1,1,0
211318,J204,39,1,0,1,0
211318,J204,40,1,1,1,0
211318,J204,41,1,1,0,1
211318,J204,42,1,1,1,1
211318,J204,43,1,0,1,1
211318,J204,44,1,0,1,1
211318,J209,1,1,1,1,1
211318,J209,2,0,1,0,1
211318,J209,3,1,0,1,0
211318,J209,4,1,1,1,1
211318,J209,5,1,1,1,1
211318,J209,6,1,0,1,1
211318,J209,7,1,0,1,0
211318,J209,8,1,0,1,0
211318,J209,9,1,0,1,1
211318,J209,10,0,1,1,1
211318,J209,11,1,0,1,0
211318,J209,13,1,0,1,1
211318,J209,14,1,0,1,0
211318,J209,15,1,1,0,1
211318,J209,16,1,0,1,0
211318,J209,18,0,1,1,1
211318,J209,19,1,0,1,1
211318,J209,20,1,1,1,1
211318,J209,21,1,0,1,0
211318,J209,22,1,0,1,0
211318,J209,23,1,0,1,0
211318,J209,24,1,0,1,0
211318,J209,26,1,0,1,0
211318,J209,28,1,0,1,0
211318,J209,29,1,0,1,0
211318,J209,30,1,1,1,1
211318,J209,32,1,0,1,0
211318,J209,33,1,1,1,1
211318,J209,35,1,0,1,0
211318,J209,36,1,0,1,0
211318,J209,37,1,1,1,1
211318,J209,38,1,1,1,1
211318,J209,41,1,0,1,0
211318,J209,43,1,0,1,0
211318,J209,44,1,1,0,1
213501,809,1,0,1,0,1
213501,809,3,1,1,1,1
213501,809,4,1,1,1,1
213501,809,5,1,1,1,1
213501,809,6,1,0,1,0
213501,809,7,1,0,1,0
213501,809,8,1,1,1,1
213501,809,9,1,0,1,1
213501,809,11,1,0,1,0
213501,809,12,1,1,1,1
213501,809,14,1,1,1,1
213501,809,15,1,1,1,1
213501,809,16,1,1,1,1
213501,809,17,1,0,1,0
213501,809,18,1,1,1,1
213501,809,19,1,1,1,0
213501,809,20,1,0,1,0
213501,809,21,1,1,1,1
213501,809,22,1,1,1,1
213501,809,23,1,0,1,0
213501,809,24,1,1,1,0
213501,809,25,1,1,1,1
213501,809,26,1,0,1,0
213501,809,27,1,0,1,0
213501,809,28,1,1,1,1
213501,809,29,1,0,1,1
213501,819,1,1,1,1,0
213501,819,2,1,1,1,1
213501,819,3,1,0,1,0
213501,819,4,1,1,1,1
213501,819,5,1,0,1,0
213501,819,6,1,0,1,0
213501,819,7,1,0,1,1
213501,819,9,1,0,1,0
213501,819,11,1,1,1,1
213501,819,12,1,0,1,0
213501,819,13,1,0,1,0
213501,819,14,1,0,1,0
213501,819,15,1,1,1,1
213501,819,16,1,0,1,0
213501,819,17,1,0,1,0
213501,819,18,0,1,0,1
213501,819,19,0,1,0,1
213501,819,20,1,0,1,0
213501,819,21,1,0,1,0
213501,819,22,1,1,1,1
213501,819,23,1,0,1,0
213501,819,24,1,1,1,1
213501,819,25,1,1,1,1
213501,819,26,1,1,1,1
213501,819,27,1,1,1,1
213501,819,28,1,0,1,0
213501,819,29,1,1,1,0
213501,819,30,1,0,1,1
213506,804,1,0,1,0,1
213506,804,2,1,1,1,1
213506,804,3,1,1,1,1
213506,804,4,1,1,1,1
213506,804,5,1,1,1,1
213506,804,6,1,1,1,1
213506,804,7,1,1,1,1
213506,804,8,1,1,1,1
213506,804,10,1,0,1,0
213506,804,11,1,1,1,1
213506,804,12,1,0,1,1
213506,804,13,1,0,1,0
213506,804,14,1,0,1,0
213506,804,15,1,1,0,1
213506,804,18,1,1,1,1
213506,804,19,1,0,1,0
213506,804,21,1,0,1,0
213506,804,22,1,1,0,1
213506,804,23,1,1,1,1
213506,804,24,0,1,1,1
213506,804,25,1,1,1,1
213506,804,26,1,1,1,1
213506,804,27,1,0,1,0
213506,804,28,1,1,1,1
213506,804,29,1,1,1,1
213506,813,1,1,1,1,1
213506,813,2,1,0,1,0
213506,813,3,1,1,1,1
213506,813,4,1,1,1,1
213506,813,5,1,1,1,1
213506,813,6,1,1,1,1
213506,813,7,1,0,1,1
213506,813,8,1,0,1,0
213506,813,9,1,0,1,0
213506,813,10,1,0,1,0
213506,813,12,1,1,1,1
213506,813,13,1,0,1,1
213506,813,14,1,1,1,1
213506,813,15,1,0,1,0
213506,813,16,1,0,1,0
213506,813,17,1,1,1,0
213506,813,18,1,1,1,1
213506,813,19,1,1,1,1
213506,813,20,1,0,1,0
213506,813,21,1,1,1,1
213506,813,23,1,0,1,1
213506,813,24,1,0,1,0
213506,813,26,1,0,1,0
213506,813,27,1,0,1,1
213506,813,28,1,0,1,0
213506,813,29,0,1,0,1
213509,2,1,1,1,1,1
213509,2,2,1,1,1,1
213509,2,3,1,1,1,1
213509,2,4,1,1,1,1
213509,2,5,1,1,1,1
213509,2,6,1,0,1,0
213509,2,7,1,0,1,0
213509,2,9,1,0,1,0
213509,2,10,1,1,1,1
213509,2,11,1,1,1,1
213509,2,12,1,1,1,1
213509,2,13,1,1,1,1
213509,2,14,1,1,1,0
213509,2,15,1,0,1,1
213509,2,16,1,1,1,1
213509,2,17,1,1,1,1
213509,2,18,1,1,1,1
213509,2,19,1,1,1,1
213509,2,20,1,0,1,0
213509,2,21,1,1,1,1
213509,2,22,1,0,1,1
213509,2,23,1,1,1,1
213509,2,24,1,1,1,1
213509,2,26,1,1,1,1
213509,2,27,1,1,1,1
213509,2,28,1,0,1,1
213509,2,29,1,1,1,1
213510,803,1,1,0,1,0
213510,803,2,0,1,0,1
213510,803,3,1,1,1,1
213510,803,4,1,1,1,1
213510,803,5,1,0,1,0
213510,803,6,1,1,1,0
213510,803,7,1,1,1,1
213510,803,8,1,1,1,0
213510,803,11,1,1,1,1
213510,803,12,1,0,1,0
213510,803,13,1,0,1,0
213510,803,15,0,1,0,1
213510,803,16,1,0,1,0
213510,803,17,1,1,0,1
213510,803,18,1,0,1,0
213510,803,19,1,0,1,0
213510,803,20,1,0,1,0
213510,803,21,1,1,1,1
213510,803,24,1,0,1,0
213510,803,25,1,1,1,1
213510,803,29,0,0,1,0
213510,808,1,1,0,1,0
213510,808,2,1,1,1,1
213510,808,3,1,1,1,0
213510,808,4,1,1,1,1
213510,808,8,1,1,1,1
213510,808,9,1,1,1,1
213510,808,10,1,0,1,1
213510,808,11,1,1,1,1
213510,808,12,1,0,1,0
213510,808,13,1,0,1,1
213510,808,16,1,1,1,1
213510,808,17,1,1,1,1
213510,808,18,1,1,1,1
213510,808,19,1,1,1,1
213510,808,20,1,0,1,0
213510,808,21,0,1,0,1
213510,808,22,1,1,1,1
213510,808,25,0,1,0,1
213510,808,26,1,1,1,1
213514,209,2,1,1,1,1
213514,209,4,1,0,1,1
213514,209,5,1,0,1,0
213514,209,6,1,1,1,1
213514,209,8,1,0,1,0
213514,209,9,1,1,0,1
213514,209,10,1,1,1,1
213514,209,11,1,0,1,0
213514,209,12,1,0,1,0
213514,209,13,0,1,0,1
213514,209,14,1,1,1,1
213514,209,15,1,0,1,0
213514,209,17,1,0,1,0
213514,209,18,1,0,1,0
213514,209,19,1,0,1,0
213514,209,20,1,1,1,1
213514,209,21,1,1,1,1
213514,209,22,1,0,1,0
213514,209,23,1,0,1,0
213514,209,24,1,1,1,1
213514,209,25,1,1,1,1
213514,209,26,1,1,1,1
213514,209,27,1,1,1,1
213514,209,28,1,1,1,0
213514,225,1,1,1,1,1
213514,225,2,1,0,1,0
213514,225,3,1,0,1,0
213514,225,4,1,1,1,0
213514,225,5,1,1,0,1
213514,225,6,1,0,1,1
213514,225,7,1,1,1,1
213514,225,8,1,0,1,1
213514,225,9,1,0,1,0
213514,225,10,1,1,1,1
213514,225,11,1,1,1,1
213514,225,12,1,1,1,1
213514,225,13,1,1,1,1
213514,225,14,0,1,1,1
213514,225,15,1,0,1,1
213514,225,16,0,1,0,1
213514,225,17,1,0,1,0
213514,225,18,1,0,1,0
213514,225,19,1,0,1,0
213514,225,20,1,1,1,1
213514,225,21,1,0,1,1
213514,225,22,1,1,1,1
213514,225,23,1,0,1,1
213514,225,24,1,1,1,1
213514,225,25,1,1,1,1
213514,225,26,1,1,1,1
213514,225,27,1,0,1,1
213514,225,28,1,1,1,1
213514,225,29,0,0,0,1
213514,225,30,1,0,1,0
313505,803,1,1,0,1,0
313505,803,2,1,0,1,0
313505,803,3,1,0,1,0
313505,803,4,1,0,1,0
313505,803,5,1,0,1,0
313505,803,6,1,1,1,1
313505,803,7,1,0,1,0
313505,803,8,1,1,1,1
313505,803,9,1,0,1,0
313505,803,10,1,1,1,1
313505,803,11,1,1,1,1
313505,803,12,1,1,1,1
313505,803,13,1,0,1,0
313505,803,14,1,0,1,0
313505,803,21,1,1,1,1
313505,803,22,1,0,1,0
313505,803,23,1,0,0,0
313505,803,24,1,1,1,1
313505,803,26,1,1,1,1
313505,803,28,1,0,1,0
313505,803,29,1,0,1,0
313505,803,30,0,1,1,1
313505,803,31,1,0,1,0
313505,803,32,1,0,1,1
313505,803,33,1,1,1,1
313505,803,34,1,0,1,0
313505,813,1,0,1,0,1
313505,813,2,1,1,1,1
313505,813,3,1,0,1,0
313505,813,4,1,0,1,0
313505,813,5,1,1,1,1
313505,813,6,1,1,1,1
313505,813,7,1,0,1,0
313505,813,8,1,1,1,0
313505,813,9,1,1,1,1
313505,813,12,1,1,1,1
313505,813,13,1,0,1,0
313505,813,14,0,0,0,1
313505,813,15,1,0,1,0
313505,813,21,1,1,1,0
313505,813,22,1,1,1,1
313505,813,26,1,0,1,0
313505,813,27,1,0,1,0
313505,813,28,1,1,1,1
313505,813,29,1,1,1,1
313505,813,30,1,0,1,0
313505,813,31,1,0,1,0
313505,813,33,1,0,1,1
313505,813,35,1,1,0,1
323502,815,1,1,1,1,1
323502,815,2,0,1,0,1
323502,815,3,1,0,1,0
323502,815,5,1,1,1,1
323502,815,7,1,0,1,0
323502,815,8,1,1,1,1
323502,815,10,1,0,1,0
323502,815,11,1,1,1,1
323502,815,12,0,1,0,0
323502,815,21,1,1,1,1
323502,815,23,1,1,1,1
323502,815,25,1,0,1,0
323502,815,27,1,1,1,1
323502,815,28,1,0,1,1
323502,815,29,1,0,1,1
323502,815,30,1,1,1,1
323502,815,31,1,1,1,1
323502,815,32,1,1,1,1
323502,815,33,1,0,1,0
323502,815,35,1,0,1,0
333501,801,2,1,0,1,0
333501,801,3,1,0,1,0
333501,801,4,1,0,1,0
333501,801,5,1,0,1,0
333501,801,6,1,0,1,0
333501,801,7,1,0,1,0
333501,801,8,1,0,1,0
333501,801,10,1,0,1,0
333501,801,11,0,0,0,1
333501,801,12,1,0,1,1
333501,801,13,1,0,1,0
333501,801,14,0,1,0,1
333501,801,22,1,0,1,0
333501,801,31,0,1,0,1
333501,801,35,1,1,0,0
333501,801,36,1,0,0,0
333501,801,37,1,1,1,0
333501,801,56,0,0,0,1
333501,810,1,1,1,1,0
333501,810,3,1,1,0,0
333501,810,5,1,0,1,0
333501,810,6,1,1,1,0
333501,810,10,1,0,1,0
333501,810,11,1,1,1,0
333501,810,13,1,0,1,0
333501,810,23,1,1,1,1
333501,810,30,0,1,0,1
333505,8,1,1,1,1,1
333505,8,4,1,1,1,1
333505,8,5,1,1,1,1
333505,8,6,1,0,1,0
333505,8,8,1,1,1,0
333505,8,9,1,1,1,1
333505,8,10,1,0,1,0
333505,8,11,1,1,1,1
333505,8,12,1,1,1,1
333505,8,14,1,1,1,1
333505,8,26,1,1,1,0
333505,8,27,1,1,1,1
333505,8,28,1,1,1,1
333505,8,30,1,1,1,0
333505,8,32,1,1,1,1
333505,8,33,1,0,1,0
333505,8,34,1,1,1,1
333505,8,35,1,1,1,1
333505,8,36,1,1,1,1
333505,8,37,1,1,1,0
333505,8,38,1,1,1,1
333505,8,39,1,1,1,1
333505,8,40,1,1,1,1
343302,8,1,1,1,1,1
343302,8,2,1,0,1,0
343302,8,3,1,1,1,1
343302,8,4,1,0,1,0
343302,8,5,1,1,1,1
343302,8,7,1,1,1,1
343302,8,8,0,1,0,1
343302,8,9,1,1,1,1
343302,8,10,1,1,1,1
343302,8,11,1,1,1,1
343302,8,12,1,1,1,1
343302,8,13,1,1,1,1
343302,8,14,1,0,1,1
343302,8,21,1,0,1,1
343302,8,22,1,1,1,1
343302,8,23,1,1,1,1
343302,8,24,1,1,1,1
343302,8,25,1,1,1,1
343302,8,27,1,1,1,1
343302,8,29,1,0,1,0
343302,8,30,1,1,1,1
343302,8,31,1,1,1,1
343302,8,32,1,1,1,1
343302,8,33,1,1,1,1
343302,8,34,1,0,1,0
343507,801,3,0,1,0,1
343507,801,7,1,0,1,0
343507,801,26,1,1,1,1
343507,801,28,1,1,1,1
343507,801,29,1,1,1,1
343507,801,30,0,1,0,1
343507,801,31,1,1,1,1
343507,801,32,1,0,1,1
343507,801,33,1,0,1,0
343507,803,1,1,0,1,1
343507,803,3,1,0,1,0
343507,803,4,1,0,1,0
343507,803,5,1,1,1,1
343507,803,9,1,1,1,1
343507,803,10,1,1,1,1
343507,803,11,1,0,1,0
343507,803,13,1,1,0,1
343507,803,26,1,0,1,0
343507,803,29,1,1,1,1
343507,803,30,1,1,1,1
343507,803,31,1,1,1,1
343507,803,32,1,1,1,1
343507,803,34,1,1,1,1
353504,802,1,1,1,1,1
353504,802,2,1,1,1,1
353504,802,3,1,0,1,0
353504,802,4,1,0,1,0
353504,802,5,1,0,1,0
353504,802,7,1,1,1,1
353504,802,8,1,1,1,1
353504,802,10,1,0,1,1
353504,802,11,1,0,1,1
353504,802,13,1,0,1,0
353504,802,26,1,1,1,1
353504,802,27,1,1,1,1
353504,802,28,0,1,0,1
353504,802,29,1,0,1,0
353504,802,30,1,1,1,1
353504,802,31,1,1,1,1
353504,802,32,1,1,1,1
353504,802,34,1,1,1,1
353504,802,35,1,0,1,1
353504,802,36,1,1,1,0
353504,802,37,0,1,0,1
353504,802,38,1,0,1,0
353504,802,40,1,1,1,0
353504,802,41,1,1,1,1
353504,809,3,1,1,1,1
353504,809,4,1,0,1,0
353504,809,5,1,0,1,1
353504,809,6,1,0,1,0
353504,809,7,1,0,1,1
353504,809,8,1,0,1,0
353504,809,9,1,0,1,0
353504,809,10,1,1,1,1
353504,809,11,1,0,1,0
353504,809,12,1,1,1,1
353504,809,13,1,0,1,1
353504,809,14,1,1,1,1
353504,809,26,1,1,1,1
353504,809,27,1,1,1,1
353504,809,28,1,0,1,1
353504,809,29,1,1,1,1
353504,809,30,1,1,1,1
353504,809,32,1,0,1,1
353504,809,33,1,0,1,0
353504,809,34,1,0,1,0
353504,809,36,0,1,0,1
353504,809,37,1,0,1,0
353504,809,39,1,0,1,0
353505,801,1,1,0,1,0
353505,801,2,1,1,1,1
353505,801,3,1,1,1,1
353505,801,4,1,0,1,0
353505,801,5,1,0,1,0
353505,801,6,1,1,1,1
353505,801,8,1,1,1,1
353505,801,9,1,0,1,1
353505,801,10,1,1,1,1
353505,801,11,1,1,1,1
353505,801,12,1,1,0,1
353505,801,13,1,1,1,1
353505,801,14,1,1,1,1
353505,801,15,1,0,1,0
353505,801,26,1,1,1,1
353505,801,27,1,0,1,0
353505,801,28,1,0,1,0
353505,801,29,1,0,1,0
353505,801,30,1,1,1,1
353505,801,31,1,0,1,1
353505,801,33,1,1,1,1
353505,801,34,1,0,1,0
353505,801,35,1,1,1,1
353505,801,36,1,1,1,1
353505,801,38,1,1,1,1
353505,801,42,1,1,1,1
353505,811,1,1,1,1,1
353505,811,2,1,0,1,1
353505,811,3,1,0,1,0
353505,811,4,1,1,1,1
353505,811,6,1,1,1,1
353505,811,7,1,1,1,1
353505,811,8,1,1,1,1
353505,811,9,1,1,1,0
353505,811,10,1,1,1,1
353505,811,11,1,0,1,0
353505,811,12,1,1,1,1
353505,811,29,1,0,1,0
353505,811,30,1,1,1,1
353505,811,33,1,1,1,1
353505,811,34,0,0,1,0
353505,811,36,0,0,0,1
353505,811,37,1,0,1,0
353505,811,38,0,0,0,1
353505,811,39,1,0,1,0
353505,811,40,1,0,1,0
363501,802,1,1,1,1,1
363501,802,2,1,1,1,1
363501,802,4,1,1,1,1
363501,802,5,0,0,1,0
363501,802,6,1,1,0,1
363501,802,9,1,1,1,1
363501,802,10,1,1,1,1
363501,802,11,1,1,1,1
363501,802,12,1,1,1,1
363501,802,21,1,0,1,0
363501,802,24,1,1,1,1
363501,802,25,1,0,1,0
363501,802,26,1,0,1,0
363501,802,27,1,1,1,1
363501,802,29,1,1,1,1
363501,802,30,1,0,1,0
363501,802,32,0,1,0,1
363501,802,33,1,1,1,0
363501,802,34,1,0,1,0
363501,802,35,1,0,1,0
363501,805,5,1,0,1,0
363501,805,6,1,0,1,0
363501,805,7,1,0,1,0
363501,805,8,1,1,1,1
363501,805,9,1,0,1,0
363501,805,10,1,0,1,0
363501,805,12,1,1,1,1
363501,805,14,0,1,0,1
363501,805,15,1,1,1,0
363501,805,21,0,1,0,1
363501,805,22,1,0,1,0
363501,805,23,1,0,1,0
363501,805,24,1,1,1,1
363501,805,25,1,1,1,1
363501,805,26,1,1,1,1
363501,805,27,1,0,1,0
363501,805,28,1,0,1,0
363501,805,29,1,1,1,1
363501,805,30,1,0,1,0
363501,805,31,1,1,1,1
363501,805,32,1,0,1,0
363501,805,34,1,1,1,1
381301,八勤,2,0,0,0,1
381301,八勤,7,0,0,1,0
381301,八勤,22,0,1,0,1
381301,八勤,23,1,0,1,0
381301,八勤,24,1,0,1,0
381301,八勤,34,1,1,1,0
381301,八勤,44,1,0,1,0
381301,八勤,45,1,1,0,1
381301,八義,5,0,1,0,1
381301,八義,8,1,0,0,0
381301,八義,28,1,0,1,1
381301,八義,35,1,1,1,1
381301,八義,37,1,1,1,1
381301,八義,39,1,0,1,0
383501,801,9,1,0,1,0
383501,801,23,1,0,1,0
383501,801,25,0,0,0,1
383501,801,27,1,0,1,0
383501,801,29,1,1,1,0
383501,801,32,0,1,0,1
383501,804,1,0,1,0,1
383501,804,24,1,0,1,0
383501,804,27,0,1,1,0
383501,804,30,1,1,1,0
403501,804,2,1,1,1,1
403501,804,4,0,1,0,1
403501,804,5,1,1,1,1
403501,804,9,1,0,1,1
403501,804,12,1,1,1,1
403501,804,21,1,0,1,0
403501,804,22,1,0,1,0
403501,804,24,1,1,1,1
403501,804,26,1,1,1,1
403501,804,27,1,1,1,0
403501,804,28,1,1,1,1
403501,804,29,1,1,1,1
403501,804,30,1,1,1,0
403501,809,2,1,0,1,0
403501,809,3,1,1,1,0
403501,809,10,1,1,1,1
403501,809,21,1,0,1,1
403501,809,22,1,0,1,0
403501,809,23,1,1,1,1
403501,809,24,1,1,1,1
403501,809,25,1,1,1,1
403501,809,29,1,0,1,0
403501,809,30,1,1,1,1
403502,805,1,1,1,1,1
403502,805,2,1,1,1,1
403502,805,3,1,1,1,1
403502,805,4,1,1,1,0
403502,805,6,1,0,1,0
403502,805,7,1,1,1,1
403502,805,9,1,1,1,1
403502,805,10,1,0,1,1
403502,805,11,1,0,1,0
403502,805,21,0,1,1,1
403502,805,22,1,1,1,1
403502,805,25,1,1,1,1
403502,805,27,1,0,1,0
403502,805,28,1,1,1,1
403502,805,31,0,1,1,1
403502,805,32,1,0,1,1
403502,805,33,1,1,1,1
403502,805,34,1,0,1,0
403502,805,35,1,1,1,1
403502,805,36,1,0,1,0
403502,815,1,1,0,1,1
403502,815,2,1,0,1,0
403502,815,4,1,0,1,0
403502,815,6,1,1,1,1
403502,815,7,1,1,1,1
403502,815,9,0,1,0,1
403502,815,11,1,0,1,0
403502,815,12,1,0,1,0
403502,815,21,1,0,1,0
403502,815,22,1,0,1,0
403502,815,23,1,1,1,1
403502,815,24,1,1,1,1
403502,815,25,1,1,1,1
403502,815,26,1,1,1,1
403502,815,27,1,0,1,0
403502,815,28,0,1,0,1
403502,815,29,1,0,1,0
403502,815,30,1,1,1,1
403502,815,32,1,0,1,0
403502,815,33,1,1,1,1
403502,815,34,1,0,1,0
403502,815,35,1,1,1,0
403502,815,36,1,1,1,1
403502,815,37,1,1,1,1
411303,國二乙,1,1,0,1,0
411303,國二乙,2,1,1,1,0
411303,國二乙,4,1,1,1,1
411303,國二乙,5,1,1,1,1
411303,國二乙,6,1,1,1,0
411303,國二乙,7,1,0,1,0
411303,國二乙,8,1,0,1,1
411303,國二乙,9,1,1,1,0
411303,國二乙,11,1,0,1,0
411303,國二乙,12,1,0,1,0
411303,國二乙,16,1,1,1,1
411303,國二乙,17,1,1,1,1
411303,國二乙,18,1,0,1,0
411303,國二乙,19,1,1,1,1
411303,國二乙,20,1,1,1,1
411303,國二乙,21,1,1,1,1
411303,國二乙,22,1,1,1,1
411303,國二乙,23,1,1,0,1
411303,國二乙,24,1,0,1,0
411303,國二乙,29,1,0,1,0
411303,國二乙,30,1,1,1,1
411303,國二乙,32,1,0,1,1
411303,國二乙,33,1,0,1,0
411303,國二乙,36,1,0,1,0
411303,國二乙,37,1,0,1,0
411303,國二乙,39,0,1,0,1
411303,國二乙,40,1,0,1,1
411303,國二乙,41,0,1,0,1
411303,國二乙,42,1,1,1,1
411303,國二乙,43,1,0,1,0
411303,國二己,1,1,1,1,1
411303,國二己,3,1,1,1,1
411303,國二己,4,1,1,1,1
411303,國二己,6,1,1,1,0
411303,國二己,7,1,0,1,0
411303,國二己,8,1,1,1,1
411303,國二己,9,1,1,1,1
411303,國二己,10,1,0,1,0
411303,國二己,11,0,1,0,1
411303,國二己,12,1,0,1,0
411303,國二己,13,1,0,1,1
411303,國二己,17,1,1,1,1
411303,國二己,18,0,1,0,1
411303,國二己,20,1,0,1,0
411303,國二己,21,0,1,0,1
411303,國二己,22,0,1,0,1
411303,國二己,23,1,1,1,1
411303,國二己,24,1,0,1,0
411303,國二己,25,1,0,1,0
411303,國二己,26,1,1,1,1
411303,國二己,27,1,1,1,1
411303,國二己,28,0,1,1,1
411303,國二己,31,1,0,1,0
411303,國二己,32,1,1,0,1
411303,國二己,33,1,0,1,0
411303,國二己,34,1,1,1,1
411303,國二己,35,1,0,1,0
411303,國二己,36,1,0,1,0
411303,國二己,39,0,1,1,1
411303,國二己,40,1,0,1,0
411303,國二己,41,1,1,1,1
411303,國二己,42,1,1,1,1
411303,國二己,44,1,0,1,0
413301,802,1,1,1,1,0
413301,802,2,1,1,1,0
413301,802,3,1,1,1,1
413301,802,4,0,1,0,1
413301,802,5,1,0,1,0
413301,802,6,1,1,1,0
413301,802,7,1,0,1,0
413301,802,8,1,0,1,0
413301,802,9,1,1,1,1
413301,802,11,1,0,1,1
413301,802,13,1,1,1,1
413301,802,14,1,1,1,1
413301,802,21,1,1,1,1
413301,802,22,1,0,1,0
413301,802,23,1,1,1,1
413301,802,24,1,1,1,0
413301,802,25,1,0,1,1
413301,802,26,1,0,1,0
413301,802,27,1,1,1,1
413301,802,28,1,0,1,1
413301,802,29,1,1,0,1
413301,802,30,1,1,1,1
413301,802,31,1,0,1,0
413301,802,32,1,1,1,1
413301,802,33,1,1,1,1
413301,802,35,1,1,1,1
413301,804,1,1,1,1,1
413301,804,2,1,0,1,0
413301,804,3,1,0,1,0
413301,804,4,0,1,1,1
413301,804,5,1,0,1,1
413301,804,6,1,0,1,0
413301,804,7,1,1,1,1
413301,804,9,1,0,1,0
413301,804,10,1,1,1,1
413301,804,11,1,1,1,1
413301,804,15,0,0,1,1
413301,804,21,1,1,1,1
413301,804,23,1,1,1,1
413301,804,24,1,1,1,1
413301,804,26,1,1,1,0
413301,804,27,1,0,1,1
413301,804,29,0,1,0,1
413301,804,30,0,1,1,1
413301,804,31,1,1,1,1
413301,804,32,1,0,1,0
413301,804,33,0,0,1,0
413301,804,34,1,0,1,0
413301,804,35,1,1,1,1
413302,802,1,1,1,1,1
413302,802,3,1,1,1,1
413302,802,4,1,0,1,1
413302,802,5,1,0,1,0
413302,802,6,1,1,1,1
413302,802,12,1,1,1,1
413302,802,14,1,0,1,0
413302,802,21,1,1,1,0
413302,802,22,1,0,0,1
413302,802,23,1,1,1,1
413302,802,24,1,0,1,0
413302,802,26,1,1,1,1
413302,802,27,1,0,1,0
413302,802,28,1,1,1,1
413302,802,29,1,0,1,0
413302,802,31,1,1,1,1
413302,802,32,0,0,1,1
413302,802,34,1,0,1,0
413302,802,35,1,0,1,0
413302,806,1,1,0,1,0
413302,806,2,1,0,1,1
413302,806,3,1,0,1,1
413302,806,4,1,0,1,1
413302,806,5,1,0,1,1
413302,806,6,1,1,1,1
413302,806,7,1,0,1,1
413302,806,8,1,0,1,0
413302,806,9,1,1,1,1
413302,806,10,1,0,1,0
413302,806,12,1,0,1,0
413302,806,21,1,0,1,1
413302,806,23,1,0,1,0
413302,806,24,1,1,1,1
413302,806,25,0,1,0,1
413302,806,26,1,0,1,1
413302,806,27,1,1,1,1
413302,806,30,0,0,0,1
413302,806,31,1,0,1,0
413302,806,32,1,0,1,0
413302,806,33,1,0,1,0
413302,806,34,1,0,1,0
413508,808,1,1,0,1,1
413508,808,2,1,0,1,0
413508,808,4,1,0,1,0
413508,808,5,1,1,0,1
413508,808,6,1,0,1,0
413508,808,7,1,0,1,0
413508,808,8,1,0,1,0
413508,808,9,1,0,1,1
413508,808,10,1,1,1,0
413508,808,11,1,0,1,0
413508,808,13,1,0,1,0
413508,808,27,1,0,1,1
413508,808,28,1,1,1,1
413508,808,30,0,1,0,1
413508,808,31,0,1,1,1
413508,808,36,1,0,1,0
413508,808,38,1,0,0,0
413508,817,2,1,0,1,0
413508,817,4,0,1,0,1
413508,817,5,1,0,1,0
413508,817,6,1,1,1,1
413508,817,8,1,1,1,1
413508,817,9,1,0,1,0
413508,817,10,1,0,1,0
413508,817,26,1,1,1,1
413508,817,27,1,0,1,0
413508,817,28,1,1,1,1
413508,817,31,1,1,1,1
413508,817,33,1,1,1,1
413508,817,34,1,0,1,0
413508,817,37,1,1,1,1
413508,817,38,1,1,1,1
413508,817,40,1,0,1,0
421302,801,1,1,0,1,0
421302,801,2,1,0,1,0
421302,801,3,1,1,1,1
421302,801,4,1,0,1,1
421302,801,5,1,1,1,1
421302,801,7,1,0,1,1
421302,801,8,1,0,1,0
421302,801,9,1,0,1,0
421302,801,10,1,0,1,0
421302,801,11,0,1,0,1
421302,801,13,1,1,1,0
421302,801,14,1,0,1,0
421302,801,15,1,0,1,0
421302,801,16,1,0,1,0
421302,801,17,1,0,1,0
421302,801,18,1,1,1,1
421302,801,19,1,0,1,1
421302,801,20,1,0,1,0
421302,801,23,1,1,1,1
421302,801,24,1,1,1,1
421302,801,25,0,1,1,1
421302,801,26,1,0,1,0
421302,801,27,1,1,1,1
421302,801,28,1,1,1,1
421302,801,31,1,1,1,1
421302,801,32,1,0,1,0
421302,801,33,1,1,1,1
421302,803,2,1,1,1,1
421302,803,3,1,1,1,1
421302,803,4,1,1,1,1
421302,803,5,1,1,1,1
421302,803,6,1,0,1,0
421302,803,8,1,1,1,1
421302,803,9,1,1,1,1
421302,803,17,1,1,1,1
421302,803,21,1,0,1,1
421302,803,29,1,0,1,1
421302,803,30,0,1,1,1
421302,803,31,1,1,1,1
421302,803,32,1,0,1,0
421302,803,34,0,0,1,0
423505,813,1,1,0,1,0
423505,813,4,1,0,1,0
423505,813,6,1,1,1,1
423505,813,7,0,1,0,1
423505,813,8,1,0,1,0
423505,813,11,0,1,0,1
423505,813,14,1,0,1,1
423505,813,26,1,0,1,0
423505,813,28,1,0,1,0
423505,813,30,1,0,0,0
423505,813,32,1,0,1,0
423505,813,34,1,0,1,0
423505,813,35,1,0,1,0
423505,813,36,1,0,1,1
423505,813,39,1,0,1,0
423505,813,40,1,0,1,0
423505,826,1,1,1,0,1
423505,826,2,1,1,1,1
423505,826,3,1,1,1,1
423505,826,4,1,1,1,1
423505,826,6,1,1,1,1
423505,826,9,1,0,1,0
423505,826,10,1,1,1,1
423505,826,12,1,1,1,1
423505,826,13,1,0,1,0
423505,826,14,1,1,1,0
423505,826,26,1,1,1,1
423505,826,27,0,1,0,1
423505,826,28,1,0,1,0
423505,826,29,1,0,1,0
423505,826,30,1,0,1,0
423505,826,31,1,0,1,0
423505,826,33,1,0,1,1
423505,826,34,1,0,1,1
423505,826,36,1,1,1,1
423505,826,37,1,0,1,1
423505,826,38,1,0,1,1
423505,826,39,1,0,1,0
533503,801,3,1,0,1,0
533503,801,5,1,0,1,0
533503,801,6,1,1,1,1
533503,801,8,1,0,1,0
533503,801,10,1,1,1,1
533503,801,11,1,0,1,0
533503,801,14,1,1,1,0
533503,802,1,1,0,1,0
533503,802,2,1,0,1,1
533503,802,4,1,0,1,0
533503,802,5,0,1,0,1
533503,802,6,1,1,1,1
533503,802,7,1,0,1,1
533503,802,8,1,1,1,1
533503,802,9,1,0,1,0
533503,802,10,1,1,1,1
533503,802,11,1,1,1,1
533503,802,12,1,0,1,1
533503,802,13,1,0,1,0
533503,802,15,1,0,1,0
533503,802,16,1,0,1,0
533503,802,17,1,1,0,1
533504,201,2,1,0,1,0
533504,201,3,1,0,1,0
533504,201,4,1,1,1,0
533504,201,5,1,1,1,1
533504,201,6,1,1,1,1
533504,201,9,1,0,1,0
533504,201,10,0,0,1,0
533504,201,11,1,1,1,1
533504,201,12,1,0,1,1
533504,201,13,1,1,1,1
533504,201,15,1,0,1,0
533504,201,16,1,1,1,1
533504,201,17,0,1,0,1
533504,201,18,0,1,0,1
533504,201,19,0,1,0,1
533504,201,20,1,0,1,1
533504,201,21,1,1,1,1
533504,201,22,1,0,1,0
533504,201,23,1,0,1,0
533504,201,24,1,0,1,1
533504,201,25,1,1,1,1
533504,201,26,1,0,1,0
533504,201,27,1,1,1,1
533504,209,1,1,1,1,1
533504,209,2,1,0,1,0
533504,209,3,1,1,1,1
533504,209,4,1,0,1,0
533504,209,5,1,1,1,1
533504,209,6,1,1,1,1
533504,209,7,1,0,1,0
533504,209,8,1,0,1,0
533504,209,9,1,1,1,1
533504,209,10,1,1,1,1
533504,209,11,1,0,1,0
533504,209,12,1,1,1,1
533504,209,13,1,1,1,1
533504,209,14,1,0,1,0
533504,209,15,1,0,1,0
533504,209,18,1,0,1,0
533504,209,19,1,1,1,0
533504,209,20,1,1,1,1
533504,209,21,1,1,1,0
533504,209,24,1,1,1,1
533504,209,26,1,1,1,1
533504,209,27,1,1,1,1
533504,209,28,1,1,1,1
533506,202,1,1,1,1,1
533506,202,2,1,1,1,1
533506,202,3,1,1,1,1
533506,202,5,1,1,1,1
533506,202,6,1,0,1,0
533506,202,7,1,1,1,1
533506,202,8,1,1,1,1
533506,202,9,1,0,1,0
533506,202,10,1,1,1,1
533506,202,13,1,1,1,0
533506,202,14,1,1,1,0
533506,202,15,1,1,1,1
533506,202,17,1,1,1,1
533506,202,18,1,1,1,1
533506,202,19,1,0,1,0
533506,202,23,1,0,1,1
533506,202,24,0,1,0,1
533506,202,26,1,1,1,1
533506,202,27,1,1,1,1
533506,202,28,0,1,0,1
533506,206,2,1,0,1,0
533506,206,3,1,1,1,1
533506,206,4,1,0,1,0
533506,206,5,1,1,1,1
533506,206,6,1,1,1,1
533506,206,7,1,0,1,0
533506,206,8,1,0,1,0
533506,206,9,1,0,1,1
533506,206,10,0,1,0,1
533506,206,11,1,1,1,1
533506,206,12,1,1,1,1
533506,206,13,1,1,1,1
533506,206,15,1,1,1,0
533506,206,16,0,1,0,1
533506,206,18,1,1,1,1
533506,206,19,1,0,1,1
533506,206,20,1,0,1,1
533506,206,21,1,1,1,1
533506,206,25,1,1,1,1
533506,206,26,1,1,1,1
533506,206,27,1,1,1,1
540301,201,1,1,1,1,0
540301,201,3,1,1,1,1
540301,201,4,1,0,1,0
540301,201,5,1,1,1,1
540301,201,6,1,1,1,0
540301,201,7,1,0,1,1
540301,201,9,1,1,1,0
540301,201,10,0,1,1,1
540301,201,11,1,1,1,1
540301,201,12,1,0,1,1
540301,201,13,1,0,1,0
540301,201,16,1,1,1,1
540301,201,18,1,1,1,1
540301,201,19,1,1,1,1
540301,201,20,1,0,1,0
540301,201,21,1,0,1,0
540301,201,22,1,0,1,0
540301,201,23,1,0,1,0
540301,201,24,1,1,0,1
540301,201,25,1,1,1,1
540301,201,26,1,0,1,0
540301,201,27,1,1,1,1
540301,201,29,1,0,1,1
540301,203,2,1,1,1,1
540301,203,3,1,1,1,0
540301,203,8,1,1,1,1
540301,203,9,1,1,1,1
540301,203,10,0,1,0,1
540301,203,12,1,1,1,1
540301,203,14,1,1,1,1
540301,203,15,1,1,1,1
540301,203,16,1,0,1,0
540301,203,17,1,0,1,0
540301,203,19,1,0,1,0
540301,203,20,1,1,1,1
540301,203,21,1,0,1,0
540301,203,22,1,1,1,1
540301,203,24,1,1,1,1
540301,203,25,1,0,1,0
540301,203,26,1,0,1,0
540301,203,27,1,1,1,0
540301,203,28,1,0,1,0
540301,203,29,1,1,1,1
540301,203,30,1,0,1,0
540301,203,31,1,1,1,1
543501,203,1,1,1,1,1
543501,203,2,1,1,1,1
543501,203,3,1,1,1,1
543501,203,4,1,0,1,0
543501,203,5,1,1,1,1
543501,203,6,1,0,1,0
543501,203,7,1,1,1,1
543501,203,8,1,0,1,0
543501,203,9,1,1,1,1
543501,203,10,1,0,1,0
543501,203,11,1,0,1,0
543501,203,12,1,1,1,0
543501,203,13,1,1,1,0
543501,203,15,0,1,0,1
543501,203,16,1,0,1,1
543501,203,17,1,1,1,1
543501,203,18,1,1,1,1
543501,203,19,1,1,1,0
543501,203,20,1,1,1,0
543501,203,21,1,1,1,1
543501,203,23,1,0,1,0
543501,203,24,1,1,1,1
543501,203,25,1,1,1,1
543501,203,26,1,1,1,1
543501,203,27,1,1,1,1
543501,203,29,1,1,1,1
543501,203,30,1,1,1,1
543501,213,1,1,1,1,1
543501,213,2,1,0,0,1
543501,213,3,1,1,1,1
543501,213,4,1,1,1,1
543501,213,5,1,1,1,0
543501,213,6,1,0,1,0
543501,213,7,1,1,1,0
543501,213,8,1,1,1,1
543501,213,9,1,1,1,0
543501,213,10,1,0,1,0
543501,213,11,1,0,1,0
543501,213,12,1,0,1,0
543501,213,13,1,1,1,1
543501,213,14,1,1,1,1
543501,213,16,1,0,1,0
543501,213,17,1,0,1,0
543501,213,18,1,0,1,0
543501,213,19,1,0,1,0
543501,213,20,1,0,1,0
543501,213,22,1,0,1,0
543501,213,23,1,0,1,0
543501,213,24,1,1,1,1
543501,213,25,1,1,1,0
543501,213,26,1,1,1,1
543501,213,27,1,1,1,1
543501,213,28,1,1,1,1
543501,213,29,1,1,1,1
543501,213,30,1,1,1,1
551301,國中201,1,1,1,1,0
551301,國中201,2,1,1,1,1
551301,國中201,4,1,0,1,0
551301,國中201,6,1,1,1,0
551301,國中201,7,1,1,1,0
551301,國中201,8,1,1,1,1
551301,國中201,11,1,0,1,0
551301,國中201,13,1,0,1,1
551301,國中201,14,1,0,0,1
551301,國中201,15,1,0,1,0
551301,國中201,17,1,1,1,1
551301,國中201,18,1,1,1,1
551301,國中201,20,1,0,1,0
551301,國中201,22,1,0,1,0
551301,國中201,28,1,0,1,0
551301,國中201,30,1,1,1,0
551301,國中201,33,1,0,1,0
551301,國中201,34,0,0,1,0
551301,國中201,37,1,0,1,0
551301,國中203,3,1,1,1,0
551301,國中203,6,1,0,1,0
551301,國中203,10,1,0,0,0
551301,國中203,11,1,1,1,0
551301,國中203,12,1,0,1,1
551301,國中203,13,0,0,1,0
551301,國中203,15,0,0,1,1
551301,國中203,17,1,0,1,1
551301,國中203,19,1,1,1,1
551301,國中203,20,1,0,1,0
551301,國中203,21,1,1,1,1
551301,國中203,25,1,1,1,1
551301,國中203,27,1,1,0,1
551301,國中203,28,1,1,1,1
551301,國中203,29,0,0,1,1
551301,國中203,33,1,1,1,1
551301,國中203,35,1,1,1,1
551301,國中203,36,1,1,1,1
581302,204,2,1,1,1,1
581302,204,3,1,1,1,1
581302,204,5,1,0,1,1
581302,204,6,1,0,1,0
581302,204,8,1,0,1,0
581302,204,9,1,0,0,1
581302,204,10,1,1,1,1
581302,204,11,1,1,1,1
581302,204,12,0,1,0,1
581302,204,13,1,1,1,1
581302,204,14,1,1,1,1
581302,204,15,1,1,1,1
581302,204,16,0,0,1,0
581302,204,17,1,1,1,1
581302,204,18,1,0,1,0
581302,204,19,1,1,1,1
581302,204,20,1,1,1,1
581302,204,21,1,1,1,1
581302,204,22,1,1,1,1
581302,204,23,1,1,1,1
581302,204,24,1,0,1,0
581302,204,25,1,0,1,0
581302,204,26,1,1,1,1
581302,204,27,1,0,1,1
581302,204,28,1,0,1,0
581302,204,29,1,0,1,0
581302,204,30,1,1,1,1
581302,204,31,1,1,1,1
581302,204,32,1,1,1,1
581302,204,33,1,1,1,1
581302,204,34,1,1,1,1
581302,204,35,1,1,1,1
581302,209,2,1,0,1,0
581302,209,3,1,0,1,0
581302,209,13,0,1,0,1
581302,209,14,0,0,1,0
581302,209,16,1,1,1,0
581302,209,17,1,0,1,0
581302,209,31,1,0,1,0
583501,8,2,1,1,1,1
583501,8,3,1,0,1,0
583501,8,4,1,1,1,1
583501,8,5,1,1,1,1
583501,8,6,1,1,1,1
583501,8,7,1,0,1,0
583501,8,9,1,1,1,1
583501,8,10,1,0,1,0
583501,8,11,1,0,1,0
583501,8,13,1,1,1,1
583501,8,14,1,0,1,0
583501,8,15,0,1,0,1
583501,8,16,1,1,1,1
583501,8,17,1,0,1,0
583501,8,18,1,0,1,0
583501,8,19,0,1,0,1
583501,8,21,1,0,1,0
583501,8,22,1,1,1,0
583501,8,23,1,0,1,1
583501,8,24,1,0,1,0
583501,8,25,1,0,1,1
583501,8,26,1,1,1,1
593504,201,2,1,1,1,1
593504,201,4,1,1,0,1
593504,201,7,0,1,0,1
593504,201,8,1,1,1,1
593504,201,9,1,0,1,0
593504,201,13,1,0,1,1
593504,201,16,1,1,1,1
593504,201,17,1,0,1,1
593504,201,19,1,1,0,1
593504,201,21,1,0,1,0
593504,201,22,1,0,1,0
593504,201,24,1,1,1,1
593504,201,25,1,1,1,1
593504,201,26,1,1,1,1
593504,201,27,1,0,1,0
593504,206,1,1,1,1,1
593504,206,2,1,0,1,0
593504,206,3,1,1,1,1
593504,206,4,1,1,1,1
593504,206,5,1,1,1,0
593504,206,6,1,1,1,1
593504,206,7,1,0,1,0
593504,206,8,1,1,1,0
593504,206,9,1,0,1,0
593504,206,10,0,1,0,1
593504,206,11,0,1,1,1
593504,206,12,1,1,1,1
593504,206,13,1,0,1,0
593504,206,14,0,1,1,1
593504,206,15,1,1,1,1
593504,206,16,1,0,1,0
593504,206,17,1,0,1,1
593504,206,19,1,0,1,0
593504,206,20,1,1,0,1
593504,206,21,1,0,1,1
593504,206,22,1,0,1,0
593504,206,23,1,1,1,1
593504,206,24,0,1,0,1
593504,206,25,1,0,1,0
613503,806,1,1,0,1,0
613503,806,2,1,0,1,1
613503,806,3,1,0,1,0
613503,806,4,0,1,0,1
613503,806,5,1,1,1,0
613503,806,6,1,1,1,0
613503,806,7,1,0,1,0
613503,806,9,1,0,1,0
613503,806,10,1,1,1,1
613503,806,11,1,0,0,1
613503,806,12,1,1,1,1
613503,806,14,1,0,1,0
613503,806,15,1,0,1,0
613503,806,16,1,0,1,0
613503,806,18,1,1,1,1
613503,806,20,1,1,1,0
613503,806,21,1,0,1,1
613503,806,22,1,0,1,0
613503,815,2,1,1,1,1
613503,815,3,1,1,1,1
613503,815,4,1,0,1,0
613503,815,5,1,1,1,1
613503,815,6,1,1,1,1
613503,815,7,1,1,0,1
613503,815,8,1,1,1,1
613503,815,9,1,1,1,1
613503,815,10,1,1,1,0
613503,815,11,1,1,1,1
613503,815,12,1,1,1,1
613503,815,13,1,1,1,0
613503,815,14,1,0,1,0
613503,815,15,1,1,1,1
613503,815,16,1,1,1,1
613503,815,17,1,1,1,1
613503,815,18,1,1,1,0
613503,815,19,1,1,1,0
613503,815,20,1,1,1,1
613503,815,21,1,1,1,1
613503,815,22,1,0,1,0
613503,815,23,1,1,1,1
714502,801,2,1,0,1,0
714502,801,3,1,0,1,0
714502,801,4,1,1,1,1
714502,801,5,1,1,1,1
714502,801,6,1,1,1,1
714502,801,7,1,1,1,1
714502,801,8,1,1,1,1
714502,801,9,1,0,1,0
714502,801,10,1,0,1,0
714502,801,11,1,0,1,0
714502,801,12,1,0,1,0
714502,801,13,1,1,1,1
714502,801,15,1,1,1,1
714502,801,16,1,1,1,1
714502,801,17,1,1,1,1
714502,801,18,0,1,0,1
714502,801,20,1,1,1,1
714502,801,23,0,1,0,1
714502,803,2,1,0,1,0
714502,803,4,1,0,1,0
714502,803,7,1,0,1,0
714502,803,8,1,0,1,0
714502,803,9,1,0,1,0
714502,803,10,0,1,0,1
714502,803,11,1,0,1,0
714502,803,13,1,0,1,0
714502,803,15,0,1,0,1
714502,803,16,1,1,1,1
714502,803,19,1,0,1,0
714502,803,21,0,1,0,1
