wave,nominator_student_id,school_id,class,nominator_seat,nomination_type,nomination_column,nominated_raw,nominated_seat_normalized,reason,candidate_count,candidate_student_ids
W2,s112034527054,34527,818.0,3,online_friend,v14_1_05,11.0,11,ambiguous_duplicate_seat,2,s112034527061;s112034527062
W2,s112034527058,34527,818.0,7,offline_friend,v14_3_04,11.0,11,ambiguous_duplicate_seat,2,s112034527061;s112034527062
W2,s112034527059,34527,818.0,8,online_friend,v14_1_02,11.0,11,ambiguous_duplicate_seat,2,s112034527061;s112034527062
W2,s112034527059,34527,818.0,8,offline_friend,v14_3_03,11.0,11,ambiguous_duplicate_seat,2,s112034527061;s112034527062
W2,s112034527060,34527,818.0,9,offline_friend,v14_3_05,11.0,11,ambiguous_duplicate_seat,2,s112034527061;s112034527062
W2,s112034527061,34527,818.0,11,offline_friend,v14_3_03,11.0,11,ambiguous_duplicate_seat,2,s112034527061;s112034527062
W2,s112034527062,34527,818.0,11,offline_friend,v14_3_04,11.0,11,ambiguous_duplicate_seat,2,s112034527061;s112034527062
W2,s112034527080,34527,818.0,29,online_friend,v14_1_04,11.0,11,ambiguous_duplicate_seat,2,s112034527061;s112034527062
W2,s112034527080,34527,818.0,29,offline_friend,v14_3_04,11.0,11,ambiguous_duplicate_seat,2,s112034527061;s112034527062
W2,s112044529057,44529,8.0,2,online_friend,v14_1_01,12.0,12,ambiguous_duplicate_seat,2,s112044529067;s112044529035
W2,s112044529057,44529,8.0,2,online_friend,v14_1_02,15.0,15,ambiguous_duplicate_seat,2,s112044529070;s112044529038
W2,s112044529057,44529,8.0,2,online_friend,v14_1_05,24.0,24,ambiguous_duplicate_seat,2,s112044529075;s112044529042
W2,s112044529057,44529,8.0,2,online_enemy,v14_2_01,13.0,13,ambiguous_duplicate_seat,2,s112044529068;s112044529036
W2,s112044529057,44529,8.0,2,offline_friend,v14_3_01,15.0,15,ambiguous_duplicate_seat,2,s112044529070;s112044529038
W2,s112044529057,44529,8.0,2,offline_friend,v14_3_04,12.0,12,ambiguous_duplicate_seat,2,s112044529067;s112044529035
W2,s112044529057,44529,8.0,2,offline_enemy,v14_4_01,13.0,13,ambiguous_duplicate_seat,2,s112044529068;s112044529036
W2,s112044529057,44529,8.0,2,offline_enemy,v14_4_03,4.0,4,ambiguous_duplicate_seat,2,s112044529059;s112044529027
W2,s112044529058,44529,8.0,3,online_friend,v14_1_01,1.0,1,ambiguous_duplicate_seat,2,s112044529056;s112044529024
W2,s112044529058,44529,8.0,3,online_enemy,v14_2_01,13.0,13,ambiguous_duplicate_seat,2,s112044529068;s112044529036
W2,s112044529058,44529,8.0,3,online_enemy,v14_2_02,24.0,24,ambiguous_duplicate_seat,2,s112044529075;s112044529042
W2,s112044529058,44529,8.0,3,online_enemy,v14_2_03,4.0,4,ambiguous_duplicate_seat,2,s112044529059;s112044529027
W2,s112044529058,44529,8.0,3,online_enemy,v14_2_05,15.0,15,ambiguous_duplicate_seat,2,s112044529070;s112044529038
W2,s112044529058,44529,8.0,3,offline_friend,v14_3_01,1.0,1,ambiguous_duplicate_seat,2,s112044529056;s112044529024
W2,s112044529058,44529,8.0,3,offline_enemy,v14_4_01,13.0,13,ambiguous_duplicate_seat,2,s112044529068;s112044529036
W2,s112044529058,44529,8.0,3,offline_enemy,v14_4_02,4.0,4,ambiguous_duplicate_seat,2,s112044529059;s112044529027
W2,s112044529058,44529,8.0,3,offline_enemy,v14_4_03,24.0,24,ambiguous_duplicate_seat,2,s112044529075;s112044529042
W2,s112044529058,44529,8.0,3,offline_enemy,v14_4_04,32.0,32,ambiguous_duplicate_seat,2,s112044529083;s112044529050
W2,s112044529058,44529,8.0,3,offline_enemy,v14_4_05,26.0,26,ambiguous_duplicate_seat,2,s112044529077;s112044529044
W2,s112044529059,44529,8.0,4,online_friend,v14_1_01,3.0,3,ambiguous_duplicate_seat,2,s112044529058;s112044529026
W2,s112044529059,44529,8.0,4,online_friend,v14_1_02,15.0,15,ambiguous_duplicate_seat,2,s112044529070;s112044529038
W2,s112044529059,44529,8.0,4,offline_friend,v14_3_01,1.0,1,ambiguous_duplicate_seat,2,s112044529056;s112044529024
W2,s112044529059,44529,8.0,4,offline_friend,v14_3_03,12.0,12,ambiguous_duplicate_seat,2,s112044529067;s112044529035
W2,s112044529059,44529,8.0,4,offline_friend,v14_3_05,3.0,3,ambiguous_duplicate_seat,2,s112044529058;s112044529026
W2,s112044529059,44529,8.0,4,offline_enemy,v14_4_02,26.0,26,ambiguous_duplicate_seat,2,s112044529077;s112044529044
W2,s112044529059,44529,8.0,4,offline_enemy,v14_4_03,32.0,32,ambiguous_duplicate_seat,2,s112044529083;s112044529050
W2,s112044529060,44529,8.0,5,online_friend,v14_1_01,15.0,15,ambiguous_duplicate_seat,2,s112044529070;s112044529038
W2,s112044529060,44529,8.0,5,online_enemy,v14_2_01,30.0,30,ambiguous_duplicate_seat,2,s112044529081;s112044529048
W2,s112044529060,44529,8.0,5,online_enemy,v14_2_03,13.0,13,ambiguous_duplicate_seat,2,s112044529068;s112044529036
W2,s112044529060,44529,8.0,5,online_enemy,v14_2_04,34.0,34,ambiguous_duplicate_seat,2,s112044529085;s112044529052
W2,s112044529060,44529,8.0,5,offline_friend,v14_3_03,15.0,15,ambiguous_duplicate_seat,2,s112044529070;s112044529038
W2,s112044529060,44529,8.0,5,offline_enemy,v14_4_03,30.0,30,ambiguous_duplicate_seat,2,s112044529081;s112044529048
W2,s112044529060,44529,8.0,5,offline_enemy,v14_4_04,34.0,34,ambiguous_duplicate_seat,2,s112044529085;s112044529052
W2,s112044529060,44529,8.0,5,offline_enemy,v14_4_05,13.0,13,ambiguous_duplicate_seat,2,s112044529068;s112044529036
W2,s112044529062,44529,8.0,7,offline_friend,v14_3_04,15.0,15,ambiguous_duplicate_seat,2,s112044529070;s112044529038
W2,s112044529062,44529,8.0,7,offline_enemy,v14_4_01,13.0,13,ambiguous_duplicate_seat,2,s112044529068;s112044529036
W2,s112044529062,44529,8.0,7,offline_enemy,v14_4_02,26.0,26,ambiguous_duplicate_seat,2,s112044529077;s112044529044
W2,s112044529062,44529,8.0,7,offline_enemy,v14_4_03,4.0,4,ambiguous_duplicate_seat,2,s112044529059;s112044529027
W2,s112044529063,44529,8.0,8,online_friend,v14_1_04,15.0,15,ambiguous_duplicate_seat,2,s112044529070;s112044529038
W2,s112044529063,44529,8.0,8,online_friend,v14_1_05,24.0,24,ambiguous_duplicate_seat,2,s112044529075;s112044529042
W2,s112044529063,44529,8.0,8,online_enemy,v14_2_01,13.0,13,ambiguous_duplicate_seat,2,s112044529068;s112044529036
W2,s112044529063,44529,8.0,8,online_enemy,v14_2_03,4.0,4,ambiguous_duplicate_seat,2,s112044529059;s112044529027
W2,s112044529063,44529,8.0,8,online_enemy,v14_2_04,26.0,26,ambiguous_duplicate_seat,2,s112044529077;s112044529044
W2,s112044529063,44529,8.0,8,offline_friend,v14_3_05,24.0,24,ambiguous_duplicate_seat,2,s112044529075;s112044529042
W2,s112044529063,44529,8.0,8,offline_enemy,v14_4_02,13.0,13,ambiguous_duplicate_seat,2,s112044529068;s112044529036
W2,s112044529063,44529,8.0,8,offline_enemy,v14_4_03,15.0,15,ambiguous_duplicate_seat,2,s112044529070;s112044529038
W2,s112044529063,44529,8.0,8,offline_enemy,v14_4_04,26.0,26,ambiguous_duplicate_seat,2,s112044529077;s112044529044
W2,s112044529065,44529,8.0,10,online_friend,v14_1_01,15.0,15,ambiguous_duplicate_seat,2,s112044529070;s112044529038
W2,s112044529065,44529,8.0,10,online_friend,v14_1_02,12.0,12,ambiguous_duplicate_seat,2,s112044529067;s112044529035
W2,s112044529065,44529,8.0,10,online_enemy,v14_2_01,4.0,4,ambiguous_duplicate_seat,2,s112044529059;s112044529027
W2,s112044529065,44529,8.0,10,online_enemy,v14_2_02,32.0,32,ambiguous_duplicate_seat,2,s112044529083;s112044529050
W2,s112044529065,44529,8.0,10,online_enemy,v14_2_04,13.0,13,ambiguous_duplicate_seat,2,s112044529068;s112044529036
W2,s112044529065,44529,8.0,10,offline_friend,v14_3_03,15.0,15,ambiguous_duplicate_seat,2,s112044529070;s112044529038
W2,s112044529065,44529,8.0,10,offline_friend,v14_3_04,12.0,12,ambiguous_duplicate_seat,2,s112044529067;s112044529035
W2,s112044529065,44529,8.0,10,offline_enemy,v14_4_02,4.0,4,ambiguous_duplicate_seat,2,s112044529059;s112044529027
W2,s112044529065,44529,8.0,10,offline_enemy,v14_4_03,13.0,13,ambiguous_duplicate_seat,2,s112044529068;s112044529036
W2,s112044529065,44529,8.0,10,offline_enemy,v14_4_04,32.0,32,ambiguous_duplicate_seat,2,s112044529083;s112044529050
W2,s112044529067,44529,8.0,12,online_friend,v14_1_04,3.0,3,ambiguous_duplicate_seat,2,s112044529058;s112044529026
W2,s112044529067,44529,8.0,12,online_friend,v14_1_05,13.0,13,ambiguous_duplicate_seat,2,s112044529068;s112044529036
W2,s112044529067,44529,8.0,12,online_enemy,v14_2_02,24.0,24,ambiguous_duplicate_seat,2,s112044529075;s112044529042
W2,s112044529067,44529,8.0,12,online_enemy,v14_2_03,32.0,32,ambiguous_duplicate_seat,2,s112044529083;s112044529050
W2,s112044529067,44529,8.0,12,online_enemy,v14_2_04,26.0,26,ambiguous_duplicate_seat,2,s112044529077;s112044529044
W2,s112044529067,44529,8.0,12,online_enemy,v14_2_05,34.0,34,ambiguous_duplicate_seat,2,s112044529085;s112044529052
W2,s112044529067,44529,8.0,12,offline_friend,v14_3_04,3.0,3,ambiguous_duplicate_seat,2,s112044529058;s112044529026
W2,s112044529067,44529,8.0,12,offline_friend,v14_3_05,13.0,13,ambiguous_duplicate_seat,2,s112044529068;s112044529036
W2,s112044529067,44529,8.0,12,offline_enemy,v14_4_02,24.0,24,ambiguous_duplicate_seat,2,s112044529075;s112044529042
W2,s112044529067,44529,8.0,12,offline_enemy,v14_4_03,26.0,26,ambiguous_duplicate_seat,2,s112044529077;s112044529044
W2,s112044529067,44529,8.0,12,offline_enemy,v14_4_04,32.0,32,ambiguous_duplicate_seat,2,s112044529083;s112044529050
W2,s112044529067,44529,8.0,12,offline_enemy,v14_4_05,34.0,34,ambiguous_duplicate_seat,2,s112044529085;s112044529052
W2,s112044529068,44529,8.0,13,offline_friend,v14_3_01,1.0,1,ambiguous_duplicate_seat,2,s112044529056;s112044529024
W2,s112044529068,44529,8.0,13,offline_friend,v14_3_02,12.0,12,ambiguous_duplicate_seat,2,s112044529067;s112044529035
W2,s112044529068,44529,8.0,13,offline_friend,v14_3_03,4.0,4,ambiguous_duplicate_seat,2,s112044529059;s112044529027
W2,s112044529068,44529,8.0,13,offline_friend,v14_3_04,3.0,3,ambiguous_duplicate_seat,2,s112044529058;s112044529026
W2,s112044529068,44529,8.0,13,offline_enemy,v14_4_02,26.0,26,ambiguous_duplicate_seat,2,s112044529077;s112044529044
W2,s112044529068,44529,8.0,13,offline_enemy,v14_4_04,29.0,29,ambiguous_duplicate_seat,2,s112044529080;s112044529047
W2,s112044529068,44529,8.0,13,offline_enemy,v14_4_05,32.0,32,ambiguous_duplicate_seat,2,s112044529083;s112044529050
W2,s112044529070,44529,8.0,15,offline_enemy,v14_4_01,34.0,34,ambiguous_duplicate_seat,2,s112044529085;s112044529052
W2,s112044529070,44529,8.0,15,offline_enemy,v14_4_02,3.0,3,ambiguous_duplicate_seat,2,s112044529058;s112044529026
W2,s112044529070,44529,8.0,15,offline_enemy,v14_4_03,13.0,13,ambiguous_duplicate_seat,2,s112044529068;s112044529036
W2,s112044529071,44529,8.0,16,online_friend,v14_1_01,1.0,1,ambiguous_duplicate_seat,2,s112044529056;s112044529024
W2,s112044529071,44529,8.0,16,online_friend,v14_1_02,15.0,15,ambiguous_duplicate_seat,2,s112044529070;s112044529038
W2,s112044529071,44529,8.0,16,online_friend,v14_1_03,24.0,24,ambiguous_duplicate_seat,2,s112044529075;s112044529042
W2,s112044529071,44529,8.0,16,online_friend,v14_1_05,3.0,3,ambiguous_duplicate_seat,2,s112044529058;s112044529026
W2,s112044529071,44529,8.0,16,online_enemy,v14_2_02,32.0,32,ambiguous_duplicate_seat,2,s112044529083;s112044529050
W2,s112044529071,44529,8.0,16,online_enemy,v14_2_03,30.0,30,ambiguous_duplicate_seat,2,s112044529081;s112044529048
W2,s112044529071,44529,8.0,16,online_enemy,v14_2_05,34.0,34,ambiguous_duplicate_seat,2,s112044529085;s112044529052
W2,s112044529071,44529,8.0,16,offline_friend,v14_3_01,15.0,15,ambiguous_duplicate_seat,2,s112044529070;s112044529038
W2,s112044529071,44529,8.0,16,offline_friend,v14_3_03,1.0,1,ambiguous_duplicate_seat,2,s112044529056;s112044529024
W2,s112044529071,44529,8.0,16,offline_enemy,v14_4_02,32.0,32,ambiguous_duplicate_seat,2,s112044529083;s112044529050
W2,s112044529071,44529,8.0,16,offline_enemy,v14_4_03,30.0,30,ambiguous_duplicate_seat,2,s112044529081;s112044529048
W2,s112044529071,44529,8.0,16,offline_enemy,v14_4_04,34.0,34,ambiguous_duplicate_seat,2,s112044529085;s112044529052
W2,s112044529074,44529,8.0,23,online_friend,v14_1_03,24.0,24,ambiguous_duplicate_seat,2,s112044529075;s112044529042
W2,s112044529074,44529,8.0,23,online_friend,v14_1_04,32.0,32,ambiguous_duplicate_seat,2,s112044529083;s112044529050
W2,s112044529074,44529,8.0,23,online_enemy,v14_2_01,4.0,4,ambiguous_duplicate_seat,2,s112044529059;s112044529027
W2,s112044529074,44529,8.0,23,online_enemy,v14_2_02,13.0,13,ambiguous_duplicate_seat,2,s112044529068;s112044529036
W2,s112044529074,44529,8.0,23,offline_friend,v14_3_03,24.0,24,ambiguous_duplicate_seat,2,s112044529075;s112044529042
W2,s112044529074,44529,8.0,23,offline_friend,v14_3_04,32.0,32,ambiguous_duplicate_seat,2,s112044529083;s112044529050
W2,s112044529074,44529,8.0,23,offline_enemy,v14_4_01,4.0,4,ambiguous_duplicate_seat,2,s112044529059;s112044529027
W2,s112044529074,44529,8.0,23,offline_enemy,v14_4_03,13.0,13,ambiguous_duplicate_seat,2,s112044529068;s112044529036
W2,s112044529075,44529,8.0,24,online_friend,v14_1_04,32.0,32,ambiguous_duplicate_seat,2,s112044529083;s112044529050
W2,s112044529075,44529,8.0,24,online_enemy,v14_2_01,13.0,13,ambiguous_duplicate_seat,2,s112044529068;s112044529036
W2,s112044529075,44529,8.0,24,online_enemy,v14_2_02,4.0,4,ambiguous_duplicate_seat,2,s112044529059;s112044529027
W2,s112044529075,44529,8.0,24,offline_friend,v14_3_02,32.0,32,ambiguous_duplicate_seat,2,s112044529083;s112044529050
W2,s112044529075,44529,8.0,24,offline_friend,v14_3_05,24.0,24,ambiguous_duplicate_seat,2,s112044529075;s112044529042
W2,s112044529075,44529,8.0,24,offline_enemy,v14_4_01,4.0,4,ambiguous_duplicate_seat,2,s112044529059;s112044529027
W2,s112044529075,44529,8.0,24,offline_enemy,v14_4_02,13.0,13,ambiguous_duplicate_seat,2,s112044529068;s112044529036
W2,s112044529076,44529,8.0,25,online_friend,v14_1_01,34.0,34,ambiguous_duplicate_seat,2,s112044529085;s112044529052
W2,s112044529076,44529,8.0,25,online_friend,v14_1_02,29.0,29,ambiguous_duplicate_seat,2,s112044529080;s112044529047
W2,s112044529076,44529,8.0,25,online_enemy,v14_2_01,13.0,13,ambiguous_duplicate_seat,2,s112044529068;s112044529036
W2,s112044529076,44529,8.0,25,offline_friend,v14_3_01,34.0,34,ambiguous_duplicate_seat,2,s112044529085;s112044529052
W2,s112044529076,44529,8.0,25,offline_friend,v14_3_02,29.0,29,ambiguous_duplicate_seat,2,s112044529080;s112044529047
W2,s112044529076,44529,8.0,25,offline_friend,v14_3_05,30.0,30,ambiguous_duplicate_seat,2,s112044529081;s112044529048
W2,s112044529076,44529,8.0,25,offline_enemy,v14_4_01,13.0,13,ambiguous_duplicate_seat,2,s112044529068;s112044529036
W2,s112044529077,44529,8.0,26,online_friend,v14_1_03,30.0,30,ambiguous_duplicate_seat,2,s112044529081;s112044529048
W2,s112044529077,44529,8.0,26,online_friend,v14_1_04,31.0,31,ambiguous_duplicate_seat,2,s112044529082;s112044529049
W2,s112044529077,44529,8.0,26,online_friend,v14_1_05,24.0,24,ambiguous_duplicate_seat,2,s112044529075;s112044529042
W2,s112044529077,44529,8.0,26,online_enemy,v14_2_01,4.0,4,ambiguous_duplicate_seat,2,s112044529059;s112044529027
W2,s112044529077,44529,8.0,26,online_enemy,v14_2_03,13.0,13,ambiguous_duplicate_seat,2,s112044529068;s112044529036
W2,s112044529077,44529,8.0,26,offline_friend,v14_3_03,24.0,24,ambiguous_duplicate_seat,2,s112044529075;s112044529042
W2,s112044529077,44529,8.0,26,offline_friend,v14_3_04,30.0,30,ambiguous_duplicate_seat,2,s112044529081;s112044529048
W2,s112044529077,44529,8.0,26,offline_friend,v14_3_05,31.0,31,ambiguous_duplicate_seat,2,s112044529082;s112044529049
W2,s112044529077,44529,8.0,26,offline_enemy,v14_4_02,4.0,4,ambiguous_duplicate_seat,2,s112044529059;s112044529027
W2,s112044529077,44529,8.0,26,offline_enemy,v14_4_03,13.0,13,ambiguous_duplicate_seat,2,s112044529068;s112044529036
W2,s112044529077,44529,8.0,26,offline_enemy,v14_4_05,3.0,3,ambiguous_duplicate_seat,2,s112044529058;s112044529026
W2,s112044529079,44529,8.0,28,online_friend,v14_1_01,29.0,29,ambiguous_duplicate_seat,2,s112044529080;s112044529047
W2,s112044529079,44529,8.0,28,online_friend,v14_1_03,24.0,24,ambiguous_duplicate_seat,2,s112044529075;s112044529042
W2,s112044529079,44529,8.0,28,online_friend,v14_1_05,32.0,32,ambiguous_duplicate_seat,2,s112044529083;s112044529050
W2,s112044529079,44529,8.0,28,online_enemy,v14_2_01,13.0,13,ambiguous_duplicate_seat,2,s112044529068;s112044529036
W2,s112044529079,44529,8.0,28,online_enemy,v14_2_02,4.0,4,ambiguous_duplicate_seat,2,s112044529059;s112044529027
W2,s112044529079,44529,8.0,28,online_enemy,v14_2_04,26.0,26,ambiguous_duplicate_seat,2,s112044529077;s112044529044
W2,s112044529079,44529,8.0,28,offline_friend,v14_3_01,29.0,29,ambiguous_duplicate_seat,2,s112044529080;s112044529047
W2,s112044529079,44529,8.0,28,offline_friend,v14_3_03,24.0,24,ambiguous_duplicate_seat,2,s112044529075;s112044529042
W2,s112044529079,44529,8.0,28,offline_friend,v14_3_05,32.0,32,ambiguous_duplicate_seat,2,s112044529083;s112044529050
W2,s112044529079,44529,8.0,28,offline_enemy,v14_4_01,13.0,13,ambiguous_duplicate_seat,2,s112044529068;s112044529036
W2,s112044529079,44529,8.0,28,offline_enemy,v14_4_02,4.0,4,ambiguous_duplicate_seat,2,s112044529059;s112044529027
W2,s112044529079,44529,8.0,28,offline_enemy,v14_4_04,26.0,26,ambiguous_duplicate_seat,2,s112044529077;s112044529044
W2,s112044529080,44529,8.0,29,online_enemy,v14_2_01,13.0,13,ambiguous_duplicate_seat,2,s112044529068;s112044529036
W2,s112044529080,44529,8.0,29,online_enemy,v14_2_02,4.0,4,ambiguous_duplicate_seat,2,s112044529059;s112044529027
W2,s112044529080,44529,8.0,29,online_enemy,v14_2_04,26.0,26,ambiguous_duplicate_seat,2,s112044529077;s112044529044
W2,s112044529080,44529,8.0,29,offline_friend,v14_3_04,34.0,34,ambiguous_duplicate_seat,2,s112044529085;s112044529052
W2,s112044529080,44529,8.0,29,offline_enemy,v14_4_01,13.0,13,ambiguous_duplicate_seat,2,s112044529068;s112044529036
W2,s112044529080,44529,8.0,29,offline_enemy,v14_4_02,4.0,4,ambiguous_duplicate_seat,2,s112044529059;s112044529027
W2,s112044529080,44529,8.0,29,offline_enemy,v14_4_04,26.0,26,ambiguous_duplicate_seat,2,s112044529077;s112044529044
W2,s112044529081,44529,8.0,30,online_friend,v14_1_02,31.0,31,ambiguous_duplicate_seat,2,s112044529082;s112044529049
W2,s112044529081,44529,8.0,30,online_friend,v14_1_03,26.0,26,ambiguous_duplicate_seat,2,s112044529077;s112044529044
W2,s112044529081,44529,8.0,30,offline_friend,v14_3_02,31.0,31,ambiguous_duplicate_seat,2,s112044529082;s112044529049
W2,s112044529081,44529,8.0,30,offline_friend,v14_3_03,26.0,26,ambiguous_duplicate_seat,2,s112044529077;s112044529044
W2,s112044529082,44529,8.0,31,online_friend,v14_1_01,30.0,30,ambiguous_duplicate_seat,2,s112044529081;s112044529048
W2,s112044529082,44529,8.0,31,offline_friend,v14_3_01,30.0,30,ambiguous_duplicate_seat,2,s112044529081;s112044529048
W2,s112044529082,44529,8.0,31,offline_friend,v14_3_02,26.0,26,ambiguous_duplicate_seat,2,s112044529077;s112044529044
W2,s112044529083,44529,8.0,32,online_friend,v14_1_02,24.0,24,ambiguous_duplicate_seat,2,s112044529075;s112044529042
W2,s112044529083,44529,8.0,32,online_enemy,v14_2_01,13.0,13,ambiguous_duplicate_seat,2,s112044529068;s112044529036
W2,s112044529083,44529,8.0,32,online_enemy,v14_2_02,4.0,4,ambiguous_duplicate_seat,2,s112044529059;s112044529027
W2,s112044529083,44529,8.0,32,online_enemy,v14_2_05,3.0,3,ambiguous_duplicate_seat,2,s112044529058;s112044529026
W2,s112044529083,44529,8.0,32,offline_friend,v14_3_02,24.0,24,ambiguous_duplicate_seat,2,s112044529075;s112044529042
W2,s112044529083,44529,8.0,32,offline_enemy,v14_4_01,13.0,13,ambiguous_duplicate_seat,2,s112044529068;s112044529036
W2,s112044529083,44529,8.0,32,offline_enemy,v14_4_02,4.0,4,ambiguous_duplicate_seat,2,s112044529059;s112044529027
W2,s112044529085,44529,8.0,34,online_friend,v14_1_03,29.0,29,ambiguous_duplicate_seat,2,s112044529080;s112044529047
W2,s112044529085,44529,8.0,34,online_friend,v14_1_04,32.0,32,ambiguous_duplicate_seat,2,s112044529083;s112044529050
W2,s112044529085,44529,8.0,34,online_enemy,v14_2_01,13.0,13,ambiguous_duplicate_seat,2,s112044529068;s112044529036
W2,s112044529085,44529,8.0,34,online_enemy,v14_2_04,15.0,15,ambiguous_duplicate_seat,2,s112044529070;s112044529038
W2,s112044529085,44529,8.0,34,offline_friend,v14_3_03,31.0,31,ambiguous_duplicate_seat,2,s112044529082;s112044529049
W2,s112044529085,44529,8.0,34,offline_friend,v14_3_04,29.0,29,ambiguous_duplicate_seat,2,s112044529080;s112044529047
W2,s112044529085,44529,8.0,34,offline_friend,v14_3_05,30.0,30,ambiguous_duplicate_seat,2,s112044529081;s112044529048
W2,s112044529085,44529,8.0,34,offline_enemy,v14_4_01,13.0,13,ambiguous_duplicate_seat,2,s112044529068;s112044529036
W2,s112044529085,44529,8.0,34,offline_enemy,v14_4_04,15.0,15,ambiguous_duplicate_seat,2,s112044529070;s112044529038
W2,s112044529024,44529,8.0,1,online_friend,v14_1_01,3.0,3,ambiguous_duplicate_seat,2,s112044529058;s112044529026
W2,s112044529024,44529,8.0,1,online_enemy,v14_2_01,4.0,4,ambiguous_duplicate_seat,2,s112044529059;s112044529027
W2,s112044529024,44529,8.0,1,online_enemy,v14_2_04,24.0,24,ambiguous_duplicate_seat,2,s112044529075;s112044529042
W2,s112044529024,44529,8.0,1,offline_friend,v14_3_01,3.0,3,ambiguous_duplicate_seat,2,s112044529058;s112044529026
W2,s112044529024,44529,8.0,1,offline_enemy,v14_4_01,4.0,4,ambiguous_duplicate_seat,2,s112044529059;s112044529027
W2,s112044529024,44529,8.0,1,offline_enemy,v14_4_05,24.0,24,ambiguous_duplicate_seat,2,s112044529075;s112044529042
W2,s112044529026,44529,8.0,3,online_friend,v14_1_03,12.0,12,ambiguous_duplicate_seat,2,s112044529067;s112044529035
W2,s112044529026,44529,8.0,3,online_friend,v14_1_04,1.0,1,ambiguous_duplicate_seat,2,s112044529056;s112044529024
W2,s112044529026,44529,8.0,3,online_enemy,v14_2_05,24.0,24,ambiguous_duplicate_seat,2,s112044529075;s112044529042
W2,s112044529026,44529,8.0,3,offline_friend,v14_3_01,1.0,1,ambiguous_duplicate_seat,2,s112044529056;s112044529024
W2,s112044529026,44529,8.0,3,offline_friend,v14_3_03,12.0,12,ambiguous_duplicate_seat,2,s112044529067;s112044529035
W2,s112044529026,44529,8.0,3,offline_enemy,v14_4_04,24.0,24,ambiguous_duplicate_seat,2,s112044529075;s112044529042
W2,s112044529027,44529,8.0,4,online_friend,v14_1_04,15.0,15,ambiguous_duplicate_seat,2,s112044529070;s112044529038
W2,s112044529027,44529,8.0,4,online_enemy,v14_2_01,13.0,13,ambiguous_duplicate_seat,2,s112044529068;s112044529036
W2,s112044529027,44529,8.0,4,offline_friend,v14_3_04,15.0,15,ambiguous_duplicate_seat,2,s112044529070;s112044529038
W2,s112044529027,44529,8.0,4,offline_enemy,v14_4_03,13.0,13,ambiguous_duplicate_seat,2,s112044529068;s112044529036
W2,s112044529029,44529,8.0,6,offline_friend,v14_3_04,12.0,12,ambiguous_duplicate_seat,2,s112044529067;s112044529035
W2,s112044529029,44529,8.0,6,offline_friend,v14_3_05,32.0,32,ambiguous_duplicate_seat,2,s112044529083;s112044529050
W2,s112044529029,44529,8.0,6,offline_enemy,v14_4_01,3.0,3,ambiguous_duplicate_seat,2,s112044529058;s112044529026
W2,s112044529029,44529,8.0,6,offline_enemy,v14_4_02,4.0,4,ambiguous_duplicate_seat,2,s112044529059;s112044529027
W2,s112044529029,44529,8.0,6,offline_enemy,v14_4_03,15.0,15,ambiguous_duplicate_seat,2,s112044529070;s112044529038
W2,s112044529032,44529,8.0,9,online_friend,v14_1_03,3.0,3,ambiguous_duplicate_seat,2,s112044529058;s112044529026
W2,s112044529034,44529,8.0,11,online_friend,v14_1_03,12.0,12,ambiguous_duplicate_seat,2,s112044529067;s112044529035
W2,s112044529034,44529,8.0,11,online_friend,v14_1_04,3.0,3,ambiguous_duplicate_seat,2,s112044529058;s112044529026
W2,s112044529034,44529,8.0,11,online_friend,v14_1_05,15.0,15,ambiguous_duplicate_seat,2,s112044529070;s112044529038
W2,s112044529034,44529,8.0,11,offline_friend,v14_3_03,12.0,12,ambiguous_duplicate_seat,2,s112044529067;s112044529035
W2,s112044529034,44529,8.0,11,offline_friend,v14_3_05,3.0,3,ambiguous_duplicate_seat,2,s112044529058;s112044529026
W2,s112044529035,44529,8.0,12,online_friend,v14_1_02,3.0,3,ambiguous_duplicate_seat,2,s112044529058;s112044529026
W2,s112044529035,44529,8.0,12,online_enemy,v14_2_02,30.0,30,ambiguous_duplicate_seat,2,s112044529081;s112044529048
W2,s112044529035,44529,8.0,12,offline_friend,v14_3_02,3.0,3,ambiguous_duplicate_seat,2,s112044529058;s112044529026
W2,s112044529035,44529,8.0,12,offline_enemy,v14_4_01,30.0,30,ambiguous_duplicate_seat,2,s112044529081;s112044529048
W2,s112044529036,44529,8.0,13,online_friend,v14_1_05,12.0,12,ambiguous_duplicate_seat,2,s112044529067;s112044529035
W2,s112044529036,44529,8.0,13,online_enemy,v14_2_01,4.0,4,ambiguous_duplicate_seat,2,s112044529059;s112044529027
W2,s112044529036,44529,8.0,13,online_enemy,v14_2_03,1.0,1,ambiguous_duplicate_seat,2,s112044529056;s112044529024
W2,s112044529036,44529,8.0,13,offline_enemy,v14_4_01,1.0,1,ambiguous_duplicate_seat,2,s112044529056;s112044529024
W2,s112044529036,44529,8.0,13,offline_enemy,v14_4_02,4.0,4,ambiguous_duplicate_seat,2,s112044529059;s112044529027
W2,s112044529037,44529,8.0,14,online_friend,v14_1_01,13.0,13,ambiguous_duplicate_seat,2,s112044529068;s112044529036
W2,s112044529037,44529,8.0,14,offline_friend,v14_3_03,12.0,12,ambiguous_duplicate_seat,2,s112044529067;s112044529035
W2,s112044529037,44529,8.0,14,offline_friend,v14_3_04,13.0,13,ambiguous_duplicate_seat,2,s112044529068;s112044529036
W2,s112044529040,44529,8.0,22,online_friend,v14_1_03,26.0,26,ambiguous_duplicate_seat,2,s112044529077;s112044529044
W2,s112044529040,44529,8.0,22,online_friend,v14_1_04,29.0,29,ambiguous_duplicate_seat,2,s112044529080;s112044529047
W2,s112044529040,44529,8.0,22,offline_friend,v14_3_03,26.0,26,ambiguous_duplicate_seat,2,s112044529077;s112044529044
W2,s112044529040,44529,8.0,22,offline_friend,v14_3_04,29.0,29,ambiguous_duplicate_seat,2,s112044529080;s112044529047
W2,s112044529042,44529,8.0,24,online_friend,v14_1_02,12.0,12,ambiguous_duplicate_seat,2,s112044529067;s112044529035
W2,s112044529044,44529,8.0,26,online_friend,v14_1_02,34.0,34,ambiguous_duplicate_seat,2,s112044529085;s112044529052
W2,s112044529044,44529,8.0,26,online_friend,v14_1_03,32.0,32,ambiguous_duplicate_seat,2,s112044529083;s112044529050
W2,s112044529044,44529,8.0,26,online_enemy,v14_2_02,4.0,4,ambiguous_duplicate_seat,2,s112044529059;s112044529027
W2,s112044529044,44529,8.0,26,offline_friend,v14_3_01,31.0,31,ambiguous_duplicate_seat,2,s112044529082;s112044529049
W2,s112044529044,44529,8.0,26,offline_friend,v14_3_02,34.0,34,ambiguous_duplicate_seat,2,s112044529085;s112044529052
W2,s112044529044,44529,8.0,26,offline_friend,v14_3_03,32.0,32,ambiguous_duplicate_seat,2,s112044529083;s112044529050
W2,s112044529044,44529,8.0,26,offline_friend,v14_3_05,30.0,30,ambiguous_duplicate_seat,2,s112044529081;s112044529048
W2,s112044529045,44529,8.0,27,online_friend,v14_1_03,29.0,29,ambiguous_duplicate_seat,2,s112044529080;s112044529047
W2,s112044529045,44529,8.0,27,online_friend,v14_1_04,31.0,31,ambiguous_duplicate_seat,2,s112044529082;s112044529049
W2,s112044529045,44529,8.0,27,online_enemy,v14_2_01,24.0,24,ambiguous_duplicate_seat,2,s112044529075;s112044529042
W2,s112044529045,44529,8.0,27,online_enemy,v14_2_02,4.0,4,ambiguous_duplicate_seat,2,s112044529059;s112044529027
W2,s112044529045,44529,8.0,27,offline_friend,v14_3_03,29.0,29,ambiguous_duplicate_seat,2,s112044529080;s112044529047
W2,s112044529045,44529,8.0,27,offline_friend,v14_3_05,31.0,31,ambiguous_duplicate_seat,2,s112044529082;s112044529049
W2,s112044529045,44529,8.0,27,offline_enemy,v14_4_01,24.0,24,ambiguous_duplicate_seat,2,s112044529075;s112044529042
W2,s112044529045,44529,8.0,27,offline_enemy,v14_4_02,4.0,4,ambiguous_duplicate_seat,2,s112044529059;s112044529027
W2,s112044529047,44529,8.0,29,online_friend,v14_1_01,32.0,32,ambiguous_duplicate_seat,2,s112044529083;s112044529050
W2,s112044529047,44529,8.0,29,online_friend,v14_1_04,34.0,34,ambiguous_duplicate_seat,2,s112044529085;s112044529052
W2,s112044529047,44529,8.0,29,online_enemy,v14_2_01,1.0,1,ambiguous_duplicate_seat,2,s112044529056;s112044529024
W2,s112044529047,44529,8.0,29,online_enemy,v14_2_02,4.0,4,ambiguous_duplicate_seat,2,s112044529059;s112044529027
W2,s112044529047,44529,8.0,29,offline_friend,v14_3_01,34.0,34,ambiguous_duplicate_seat,2,s112044529085;s112044529052
W2,s112044529047,44529,8.0,29,offline_friend,v14_3_02,30.0,30,ambiguous_duplicate_seat,2,s112044529081;s112044529048
W2,s112044529047,44529,8.0,29,offline_friend,v14_3_03,32.0,32,ambiguous_duplicate_seat,2,s112044529083;s112044529050
W2,s112044529047,44529,8.0,29,offline_enemy,v14_4_01,1.0,1,ambiguous_duplicate_seat,2,s112044529056;s112044529024
W2,s112044529047,44529,8.0,29,offline_enemy,v14_4_02,4.0,4,ambiguous_duplicate_seat,2,s112044529059;s112044529027
W2,s112044529048,44529,8.0,30,online_friend,v14_1_04,26.0,26,ambiguous_duplicate_seat,2,s112044529077;s112044529044
W2,s112044529048,44529,8.0,30,offline_friend,v14_3_05,26.0,26,ambiguous_duplicate_seat,2,s112044529077;s112044529044
W2,s112044529049,44529,8.0,31,online_friend,v14_1_01,32.0,32,ambiguous_duplicate_seat,2,s112044529083;s112044529050
W2,s112044529049,44529,8.0,31,online_friend,v14_1_02,26.0,26,ambiguous_duplicate_seat,2,s112044529077;s112044529044
W2,s112044529049,44529,8.0,31,online_friend,v14_1_03,34.0,34,ambiguous_duplicate_seat,2,s112044529085;s112044529052
W2,s112044529049,44529,8.0,31,online_enemy,v14_2_02,24.0,24,ambiguous_duplicate_seat,2,s112044529075;s112044529042
W2,s112044529049,44529,8.0,31,online_enemy,v14_2_04,29.0,29,ambiguous_duplicate_seat,2,s112044529080;s112044529047
W2,s112044529049,44529,8.0,31,online_enemy,v14_2_05,1.0,1,ambiguous_duplicate_seat,2,s112044529056;s112044529024
W2,s112044529049,44529,8.0,31,offline_friend,v14_3_01,32.0,32,ambiguous_duplicate_seat,2,s112044529083;s112044529050
W2,s112044529049,44529,8.0,31,offline_friend,v14_3_03,34.0,34,ambiguous_duplicate_seat,2,s112044529085;s112044529052
W2,s112044529049,44529,8.0,31,offline_friend,v14_3_04,26.0,26,ambiguous_duplicate_seat,2,s112044529077;s112044529044
W2,s112044529049,44529,8.0,31,offline_enemy,v14_4_01,1.0,1,ambiguous_duplicate_seat,2,s112044529056;s112044529024
W2,s112044529049,44529,8.0,31,offline_enemy,v14_4_02,3.0,3,ambiguous_duplicate_seat,2,s112044529058;s112044529026
W2,s112044529049,44529,8.0,31,offline_enemy,v14_4_03,4.0,4,ambiguous_duplicate_seat,2,s112044529059;s112044529027
W2,s112044529049,44529,8.0,31,offline_enemy,v14_4_04,15.0,15,ambiguous_duplicate_seat,2,s112044529070;s112044529038
W2,s112044529050,44529,8.0,32,online_friend,v14_1_01,29.0,29,ambiguous_duplicate_seat,2,s112044529080;s112044529047
W2,s112044529050,44529,8.0,32,online_friend,v14_1_02,3.0,3,ambiguous_duplicate_seat,2,s112044529058;s112044529026
W2,s112044529050,44529,8.0,32,online_friend,v14_1_04,32.0,32,ambiguous_duplicate_seat,2,s112044529083;s112044529050
W2,s112044529050,44529,8.0,32,online_enemy,v14_2_01,4.0,4,ambiguous_duplicate_seat,2,s112044529059;s112044529027
W2,s112044529050,44529,8.0,32,online_enemy,v14_2_03,1.0,1,ambiguous_duplicate_seat,2,s112044529056;s112044529024
W2,s112044529050,44529,8.0,32,offline_friend,v14_3_02,29.0,29,ambiguous_duplicate_seat,2,s112044529080;s112044529047
W2,s112044529050,44529,8.0,32,offline_friend,v14_3_04,31.0,31,ambiguous_duplicate_seat,2,s112044529082;s112044529049
W2,s112044529050,44529,8.0,32,offline_friend,v14_3_05,26.0,26,ambiguous_duplicate_seat,2,s112044529077;s112044529044
W2,s112044529050,44529,8.0,32,offline_enemy,v14_4_01,4.0,4,ambiguous_duplicate_seat,2,s112044529059;s112044529027
W2,s112044529050,44529,8.0,32,offline_enemy,v14_4_03,1.0,1,ambiguous_duplicate_seat,2,s112044529056;s112044529024
W2,s112044529051,44529,8.0,33,online_friend,v14_1_03,30.0,30,ambiguous_duplicate_seat,2,s112044529081;s112044529048
W2,s112044529051,44529,8.0,33,offline_friend,v14_3_03,30.0,30,ambiguous_duplicate_seat,2,s112044529081;s112044529048
W2,s112044529051,44529,8.0,33,offline_enemy,v14_4_02,13.0,13,ambiguous_duplicate_seat,2,s112044529068;s112044529036
W2,s112044529051,44529,8.0,33,offline_enemy,v14_4_04,24.0,24,ambiguous_duplicate_seat,2,s112044529075;s112044529042
W2,s112044529052,44529,8.0,34,offline_friend,v14_3_01,34.0,34,ambiguous_duplicate_seat,2,s112044529085;s112044529052
W2,s112044529052,44529,8.0,34,offline_friend,v14_3_02,26.0,26,ambiguous_duplicate_seat,2,s112044529077;s112044529044
W2,s112044529052,44529,8.0,34,offline_friend,v14_3_03,29.0,29,ambiguous_duplicate_seat,2,s112044529080;s112044529047
W2,s112044529052,44529,8.0,34,offline_friend,v14_3_04,31.0,31,ambiguous_duplicate_seat,2,s112044529082;s112044529049
W2,s112044529052,44529,8.0,34,offline_friend,v14_3_05,32.0,32,ambiguous_duplicate_seat,2,s112044529083;s112044529050
W2,s112044529053,44529,8.0,35,online_friend,v14_1_01,30.0,30,ambiguous_duplicate_seat,2,s112044529081;s112044529048
W2,s112044529053,44529,8.0,35,online_friend,v14_1_05,31.0,31,ambiguous_duplicate_seat,2,s112044529082;s112044529049
W2,s112044529053,44529,8.0,35,online_enemy,v14_2_01,1.0,1,ambiguous_duplicate_seat,2,s112044529056;s112044529024
W2,s112044529053,44529,8.0,35,online_enemy,v14_2_03,3.0,3,ambiguous_duplicate_seat,2,s112044529058;s112044529026
W2,s112044529053,44529,8.0,35,online_enemy,v14_2_04,4.0,4,ambiguous_duplicate_seat,2,s112044529059;s112044529027
W2,s112044529053,44529,8.0,35,offline_friend,v14_3_01,30.0,30,ambiguous_duplicate_seat,2,s112044529081;s112044529048
W2,s112044529053,44529,8.0,35,offline_enemy,v14_4_01,1.0,1,ambiguous_duplicate_seat,2,s112044529056;s112044529024
W2,s112044529053,44529,8.0,35,offline_enemy,v14_4_03,3.0,3,ambiguous_duplicate_seat,2,s112044529058;s112044529026
W2,s112044529053,44529,8.0,35,offline_enemy,v14_4_04,4.0,4,ambiguous_duplicate_seat,2,s112044529059;s112044529027
W2,s112061315038,61315,201.0,14,offline_enemy,v14_4_03,27.0,27,ambiguous_duplicate_seat,2,s112061315051;s112061315052
W2,s112061315041,61315,201.0,17,online_enemy,v14_2_02,27.0,27,ambiguous_duplicate_seat,2,s112061315051;s112061315052
W2,s112061315041,61315,201.0,17,offline_enemy,v14_4_02,27.0,27,ambiguous_duplicate_seat,2,s112061315051;s112061315052
W2,s112061315048,61315,201.0,24,online_enemy,v14_2_04,27.0,27,ambiguous_duplicate_seat,2,s112061315051;s112061315052
W2,s112061315060,61315,201.0,34,online_enemy,v14_2_01,27.0,27,ambiguous_duplicate_seat,2,s112061315051;s112061315052
W2,s112061315060,61315,201.0,34,offline_enemy,v14_4_03,27.0,27,ambiguous_duplicate_seat,2,s112061315051;s112061315052
W2,s112061315061,61315,201.0,35,online_friend,v14_1_05,27.0,27,ambiguous_duplicate_seat,2,s112061315051;s112061315052
W2,s112061315068,61315,204.0,2,offline_enemy,v14_4_05,15.0,15,ambiguous_duplicate_seat,2,s112061315085;s112061315102
W2,s112061315069,61315,204.0,3,offline_enemy,v14_4_03,15.0,15,ambiguous_duplicate_seat,2,s112061315085;s112061315102
W2,s112061315080,61315,204.0,11,online_enemy,v14_2_02,15.0,15,ambiguous_duplicate_seat,2,s112061315085;s112061315102
W2,s112061315080,61315,204.0,11,offline_enemy,v14_4_04,15.0,15,ambiguous_duplicate_seat,2,s112061315085;s112061315102
W2,s112061315083,61315,204.0,13,online_enemy,v14_2_02,15.0,15,ambiguous_duplicate_seat,2,s112061315085;s112061315102
W2,s112061315083,61315,204.0,13,offline_enemy,v14_4_02,15.0,15,ambiguous_duplicate_seat,2,s112061315085;s112061315102
W2,s112061315087,61315,204.0,17,offline_enemy,v14_4_02,15.0,15,ambiguous_duplicate_seat,2,s112061315085;s112061315102
W2,s112061315098,61315,204.0,27,online_enemy,v14_2_03,15.0,15,ambiguous_duplicate_seat,2,s112061315085;s112061315102
W2,s112061315098,61315,204.0,27,offline_enemy,v14_4_02,15.0,15,ambiguous_duplicate_seat,2,s112061315085;s112061315102
W2,s112061315100,61315,204.0,29,online_enemy,v14_2_02,15.0,15,ambiguous_duplicate_seat,2,s112061315085;s112061315102
W2,s112061315100,61315,204.0,29,offline_enemy,v14_4_01,15.0,15,ambiguous_duplicate_seat,2,s112061315085;s112061315102
W2,s112061315102,61315,204.0,15,offline_enemy,v14_4_03,15.0,15,ambiguous_duplicate_seat,2,s112061315085;s112061315102
W2,s112061315106,61315,204.0,35,online_enemy,v14_2_01,15.0,15,ambiguous_duplicate_seat,2,s112061315085;s112061315102
W2,s112061315106,61315,204.0,35,offline_enemy,v14_4_01,15.0,15,ambiguous_duplicate_seat,2,s112061315085;s112061315102
W2,s112064521025,64521,8.0,2,online_friend,v14_1_02,4.0,4,ambiguous_duplicate_seat,2,s112064521027;s112064521042
W2,s112064521025,64521,8.0,2,online_friend,v14_1_03,7.0,7,ambiguous_duplicate_seat,2,s112064521030;s112064521045
W2,s112064521025,64521,8.0,2,online_enemy,v14_2_01,12.0,12,ambiguous_duplicate_seat,2,s112064521035;s112064521050
W2,s112064521025,64521,8.0,2,offline_friend,v14_3_03,4.0,4,ambiguous_duplicate_seat,2,s112064521027;s112064521042
W2,s112064521025,64521,8.0,2,offline_friend,v14_3_04,5.0,5,ambiguous_duplicate_seat,2,s112064521028;s112064521043
W2,s112064521025,64521,8.0,2,offline_friend,v14_3_05,7.0,7,ambiguous_duplicate_seat,2,s112064521030;s112064521045
W2,s112064521025,64521,8.0,2,offline_enemy,v14_4_01,12.0,12,ambiguous_duplicate_seat,2,s112064521035;s112064521050
W2,s112064521027,64521,8.0,4,online_friend,v14_1_03,2.0,2,ambiguous_duplicate_seat,2,s112064521025;s112064521040
W2,s112064521027,64521,8.0,4,online_enemy,v14_2_05,5.0,5,ambiguous_duplicate_seat,2,s112064521028;s112064521043
W2,s112064521027,64521,8.0,4,offline_friend,v14_3_02,2.0,2,ambiguous_duplicate_seat,2,s112064521025;s112064521040
W2,s112064521027,64521,8.0,4,offline_enemy,v14_4_05,5.0,5,ambiguous_duplicate_seat,2,s112064521028;s112064521043
W2,s112064521028,64521,8.0,5,online_friend,v14_1_02,7.0,7,ambiguous_duplicate_seat,2,s112064521030;s112064521045
W2,s112064521028,64521,8.0,5,online_enemy,v14_2_01,2.0,2,ambiguous_duplicate_seat,2,s112064521025;s112064521040
W2,s112064521028,64521,8.0,5,offline_friend,v14_3_04,7.0,7,ambiguous_duplicate_seat,2,s112064521030;s112064521045
W2,s112064521028,64521,8.0,5,offline_enemy,v14_4_01,2.0,2,ambiguous_duplicate_seat,2,s112064521025;s112064521040
W2,s112064521029,64521,8.0,6,online_friend,v14_1_01,7.0,7,ambiguous_duplicate_seat,2,s112064521030;s112064521045
W2,s112064521029,64521,8.0,6,online_friend,v14_1_02,2.0,2,ambiguous_duplicate_seat,2,s112064521025;s112064521040
W2,s112064521029,64521,8.0,6,online_friend,v14_1_04,4.0,4,ambiguous_duplicate_seat,2,s112064521027;s112064521042
W2,s112064521029,64521,8.0,6,offline_friend,v14_3_01,7.0,7,ambiguous_duplicate_seat,2,s112064521030;s112064521045
W2,s112064521029,64521,8.0,6,offline_friend,v14_3_02,2.0,2,ambiguous_duplicate_seat,2,s112064521025;s112064521040
W2,s112064521029,64521,8.0,6,offline_friend,v14_3_04,4.0,4,ambiguous_duplicate_seat,2,s112064521027;s112064521042
W2,s112064521030,64521,8.0,7,online_friend,v14_1_02,2.0,2,ambiguous_duplicate_seat,2,s112064521025;s112064521040
W2,s112064521030,64521,8.0,7,online_friend,v14_1_04,4.0,4,ambiguous_duplicate_seat,2,s112064521027;s112064521042
W2,s112064521030,64521,8.0,7,online_friend,v14_1_05,5.0,5,ambiguous_duplicate_seat,2,s112064521028;s112064521043
W2,s112064521030,64521,8.0,7,online_enemy,v14_2_01,5.0,5,ambiguous_duplicate_seat,2,s112064521028;s112064521043
W2,s112064521030,64521,8.0,7,online_enemy,v14_2_02,9.0,9,ambiguous_duplicate_seat,2,s112064521032;s112064521047
W2,s112064521030,64521,8.0,7,online_enemy,v14_2_03,12.0,12,ambiguous_duplicate_seat,2,s112064521035;s112064521050
W2,s112064521030,64521,8.0,7,online_enemy,v14_2_05,2.0,2,ambiguous_duplicate_seat,2,s112064521025;s112064521040
W2,s112064521030,64521,8.0,7,offline_friend,v14_3_01,2.0,2,ambiguous_duplicate_seat,2,s112064521025;s112064521040
W2,s112064521030,64521,8.0,7,offline_friend,v14_3_04,4.0,4,ambiguous_duplicate_seat,2,s112064521027;s112064521042
W2,s112064521030,64521,8.0,7,offline_friend,v14_3_05,5.0,5,ambiguous_duplicate_seat,2,s112064521028;s112064521043
W2,s112064521031,64521,8.0,8,online_friend,v14_1_02,9.0,9,ambiguous_duplicate_seat,2,s112064521032;s112064521047
W2,s112064521031,64521,8.0,8,online_friend,v14_1_03,12.0,12,ambiguous_duplicate_seat,2,s112064521035;s112064521050
W2,s112064521031,64521,8.0,8,online_friend,v14_1_04,10.0,10,ambiguous_duplicate_seat,2,s112064521033;s112064521048
W2,s112064521031,64521,8.0,8,online_friend,v14_1_05,11.0,11,ambiguous_duplicate_seat,2,s112064521034;s112064521049
W2,s112064521031,64521,8.0,8,online_enemy,v14_2_01,2.0,2,ambiguous_duplicate_seat,2,s112064521025;s112064521040
W2,s112064521031,64521,8.0,8,online_enemy,v14_2_03,5.0,5,ambiguous_duplicate_seat,2,s112064521028;s112064521043
W2,s112064521031,64521,8.0,8,offline_friend,v14_3_02,9.0,9,ambiguous_duplicate_seat,2,s112064521032;s112064521047
W2,s112064521031,64521,8.0,8,offline_enemy,v14_4_01,2.0,2,ambiguous_duplicate_seat,2,s112064521025;s112064521040
W2,s112064521031,64521,8.0,8,offline_enemy,v14_4_02,5.0,5,ambiguous_duplicate_seat,2,s112064521028;s112064521043
W2,s112064521032,64521,8.0,9,online_enemy,v14_2_01,5.0,5,ambiguous_duplicate_seat,2,s112064521028;s112064521043
W2,s112064521032,64521,8.0,9,online_enemy,v14_2_02,2.0,2,ambiguous_duplicate_seat,2,s112064521025;s112064521040
W2,s112064521032,64521,8.0,9,online_enemy,v14_2_03,4.0,4,ambiguous_duplicate_seat,2,s112064521027;s112064521042
W2,s112064521032,64521,8.0,9,offline_friend,v14_3_02,12.0,12,ambiguous_duplicate_seat,2,s112064521035;s112064521050
W2,s112064521032,64521,8.0,9,offline_friend,v14_3_03,10.0,10,ambiguous_duplicate_seat,2,s112064521033;s112064521048
W2,s112064521032,64521,8.0,9,offline_friend,v14_3_04,11.0,11,ambiguous_duplicate_seat,2,s112064521034;s112064521049
W2,s112064521032,64521,8.0,9,offline_enemy,v14_4_01,2.0,2,ambiguous_duplicate_seat,2,s112064521025;s112064521040
W2,s112064521032,64521,8.0,9,offline_enemy,v14_4_03,4.0,4,ambiguous_duplicate_seat,2,s112064521027;s112064521042
W2,s112064521032,64521,8.0,9,offline_enemy,v14_4_04,5.0,5,ambiguous_duplicate_seat,2,s112064521028;s112064521043
W2,s112064521033,64521,8.0,10,online_friend,v14_1_01,11.0,11,ambiguous_duplicate_seat,2,s112064521034;s112064521049
W2,s112064521033,64521,8.0,10,online_friend,v14_1_02,12.0,12,ambiguous_duplicate_seat,2,s112064521035;s112064521050
W2,s112064521033,64521,8.0,10,online_enemy,v14_2_01,5.0,5,ambiguous_duplicate_seat,2,s112064521028;s112064521043
W2,s112064521033,64521,8.0,10,offline_friend,v14_3_01,11.0,11,ambiguous_duplicate_seat,2,s112064521034;s112064521049
W2,s112064521033,64521,8.0,10,offline_friend,v14_3_02,12.0,12,ambiguous_duplicate_seat,2,s112064521035;s112064521050
W2,s112064521033,64521,8.0,10,offline_enemy,v14_4_01,5.0,5,ambiguous_duplicate_seat,2,s112064521028;s112064521043
W2,s112064521034,64521,8.0,11,online_friend,v14_1_01,10.0,10,ambiguous_duplicate_seat,2,s112064521033;s112064521048
W2,s112064521034,64521,8.0,11,online_friend,v14_1_02,12.0,12,ambiguous_duplicate_seat,2,s112064521035;s112064521050
W2,s112064521034,64521,8.0,11,online_friend,v14_1_05,8.0,8,ambiguous_duplicate_seat,2,s112064521031;s112064521046
W2,s112064521034,64521,8.0,11,online_enemy,v14_2_01,5.0,5,ambiguous_duplicate_seat,2,s112064521028;s112064521043
W2,s112064521034,64521,8.0,11,offline_friend,v14_3_01,10.0,10,ambiguous_duplicate_seat,2,s112064521033;s112064521048
W2,s112064521034,64521,8.0,11,offline_friend,v14_3_02,12.0,12,ambiguous_duplicate_seat,2,s112064521035;s112064521050
W2,s112064521034,64521,8.0,11,offline_enemy,v14_4_01,5.0,5,ambiguous_duplicate_seat,2,s112064521028;s112064521043
W2,s112064521035,64521,8.0,12,online_friend,v14_1_01,10.0,10,ambiguous_duplicate_seat,2,s112064521033;s112064521048
W2,s112064521035,64521,8.0,12,online_friend,v14_1_02,11.0,11,ambiguous_duplicate_seat,2,s112064521034;s112064521049
W2,s112064521035,64521,8.0,12,online_friend,v14_1_05,7.0,7,ambiguous_duplicate_seat,2,s112064521030;s112064521045
W2,s112064521035,64521,8.0,12,online_enemy,v14_2_01,5.0,5,ambiguous_duplicate_seat,2,s112064521028;s112064521043
W2,s112064521035,64521,8.0,12,offline_friend,v14_3_01,10.0,10,ambiguous_duplicate_seat,2,s112064521033;s112064521048
W2,s112064521035,64521,8.0,12,offline_friend,v14_3_02,11.0,11,ambiguous_duplicate_seat,2,s112064521034;s112064521049
W2,s112064521035,64521,8.0,12,offline_friend,v14_3_05,7.0,7,ambiguous_duplicate_seat,2,s112064521030;s112064521045
W2,s112064521035,64521,8.0,12,offline_enemy,v14_4_01,5.0,5,ambiguous_duplicate_seat,2,s112064521028;s112064521043
W2,s112064521036,64521,8.0,13,online_friend,v14_1_01,10.0,10,ambiguous_duplicate_seat,2,s112064521033;s112064521048
W2,s112064521036,64521,8.0,13,online_friend,v14_1_02,11.0,11,ambiguous_duplicate_seat,2,s112064521034;s112064521049
W2,s112064521036,64521,8.0,13,online_friend,v14_1_03,12.0,12,ambiguous_duplicate_seat,2,s112064521035;s112064521050
W2,s112064521036,64521,8.0,13,offline_friend,v14_3_01,10.0,10,ambiguous_duplicate_seat,2,s112064521033;s112064521048
W2,s112064521036,64521,8.0,13,offline_friend,v14_3_02,11.0,11,ambiguous_duplicate_seat,2,s112064521034;s112064521049
W2,s112064521036,64521,8.0,13,offline_friend,v14_3_03,12.0,12,ambiguous_duplicate_seat,2,s112064521035;s112064521050
W2,s112064521039,64521,8.0,1,online_friend,v14_1_01,2.0,2,ambiguous_duplicate_seat,2,s112064521025;s112064521040
W2,s112064521039,64521,8.0,1,online_friend,v14_1_02,7.0,7,ambiguous_duplicate_seat,2,s112064521030;s112064521045
W2,s112064521039,64521,8.0,1,online_friend,v14_1_03,10.0,10,ambiguous_duplicate_seat,2,s112064521033;s112064521048
W2,s112064521039,64521,8.0,1,offline_friend,v14_3_01,2.0,2,ambiguous_duplicate_seat,2,s112064521025;s112064521040
W2,s112064521039,64521,8.0,1,offline_friend,v14_3_02,7.0,7,ambiguous_duplicate_seat,2,s112064521030;s112064521045
W2,s112064521039,64521,8.0,1,offline_friend,v14_3_03,10.0,10,ambiguous_duplicate_seat,2,s112064521033;s112064521048
W2,s112064521039,64521,8.0,1,offline_enemy,v14_4_01,4.0,4,ambiguous_duplicate_seat,2,s112064521027;s112064521042
W2,s112064521040,64521,8.0,2,online_friend,v14_1_01,7.0,7,ambiguous_duplicate_seat,2,s112064521030;s112064521045
W2,s112064521040,64521,8.0,2,online_friend,v14_1_04,5.0,5,ambiguous_duplicate_seat,2,s112064521028;s112064521043
W2,s112064521040,64521,8.0,2,offline_friend,v14_3_02,7.0,7,ambiguous_duplicate_seat,2,s112064521030;s112064521045
W2,s112064521040,64521,8.0,2,offline_enemy,v14_4_01,5.0,5,ambiguous_duplicate_seat,2,s112064521028;s112064521043
W2,s112064521041,64521,8.0,3,offline_friend,v14_3_02,2.0,2,ambiguous_duplicate_seat,2,s112064521025;s112064521040
W2,s112064521042,64521,8.0,4,offline_friend,v14_3_02,2.0,2,ambiguous_duplicate_seat,2,s112064521025;s112064521040
W2,s112064521042,64521,8.0,4,offline_friend,v14_3_03,5.0,5,ambiguous_duplicate_seat,2,s112064521028;s112064521043
W2,s112064521042,64521,8.0,4,offline_friend,v14_3_04,7.0,7,ambiguous_duplicate_seat,2,s112064521030;s112064521045
W2,s112064521043,64521,8.0,5,online_friend,v14_1_01,2.0,2,ambiguous_duplicate_seat,2,s112064521025;s112064521040
W2,s112064521043,64521,8.0,5,online_friend,v14_1_03,4.0,4,ambiguous_duplicate_seat,2,s112064521027;s112064521042
W2,s112064521043,64521,8.0,5,online_friend,v14_1_04,7.0,7,ambiguous_duplicate_seat,2,s112064521030;s112064521045
W2,s112064521043,64521,8.0,5,online_enemy,v14_2_01,8.0,8,ambiguous_duplicate_seat,2,s112064521031;s112064521046
W2,s112064521043,64521,8.0,5,online_enemy,v14_2_02,9.0,9,ambiguous_duplicate_seat,2,s112064521032;s112064521047
W2,s112064521043,64521,8.0,5,online_enemy,v14_2_03,10.0,10,ambiguous_duplicate_seat,2,s112064521033;s112064521048
W2,s112064521043,64521,8.0,5,online_enemy,v14_2_04,11.0,11,ambiguous_duplicate_seat,2,s112064521034;s112064521049
W2,s112064521043,64521,8.0,5,online_enemy,v14_2_05,12.0,12,ambiguous_duplicate_seat,2,s112064521035;s112064521050
W2,s112064521043,64521,8.0,5,offline_friend,v14_3_02,2.0,2,ambiguous_duplicate_seat,2,s112064521025;s112064521040
W2,s112064521043,64521,8.0,5,offline_friend,v14_3_03,4.0,4,ambiguous_duplicate_seat,2,s112064521027;s112064521042
W2,s112064521043,64521,8.0,5,offline_friend,v14_3_05,7.0,7,ambiguous_duplicate_seat,2,s112064521030;s112064521045
W2,s112064521043,64521,8.0,5,offline_enemy,v14_4_01,8.0,8,ambiguous_duplicate_seat,2,s112064521031;s112064521046
W2,s112064521043,64521,8.0,5,offline_enemy,v14_4_02,9.0,9,ambiguous_duplicate_seat,2,s112064521032;s112064521047
W2,s112064521043,64521,8.0,5,offline_enemy,v14_4_03,10.0,10,ambiguous_duplicate_seat,2,s112064521033;s112064521048
W2,s112064521043,64521,8.0,5,offline_enemy,v14_4_04,11.0,11,ambiguous_duplicate_seat,2,s112064521034;s112064521049
W2,s112064521043,64521,8.0,5,offline_enemy,v14_4_05,12.0,12,ambiguous_duplicate_seat,2,s112064521035;s112064521050
W2,s112064521045,64521,8.0,7,online_friend,v14_1_02,2.0,2,ambiguous_duplicate_seat,2,s112064521025;s112064521040
W2,s112064521045,64521,8.0,7,online_friend,v14_1_04,5.0,5,ambiguous_duplicate_seat,2,s112064521028;s112064521043
W2,s112064521045,64521,8.0,7,online_enemy,v14_2_02,4.0,4,ambiguous_duplicate_seat,2,s112064521027;s112064521042
W2,s112064521045,64521,8.0,7,online_enemy,v14_2_03,12.0,12,ambiguous_duplicate_seat,2,s112064521035;s112064521050
W2,s112064521045,64521,8.0,7,offline_friend,v14_3_02,2.0,2,ambiguous_duplicate_seat,2,s112064521025;s112064521040
W2,s112064521045,64521,8.0,7,offline_friend,v14_3_03,5.0,5,ambiguous_duplicate_seat,2,s112064521028;s112064521043
W2,s112064521046,64521,8.0,8,online_friend,v14_1_01,11.0,11,ambiguous_duplicate_seat,2,s112064521034;s112064521049
W2,s112064521046,64521,8.0,8,online_friend,v14_1_02,10.0,10,ambiguous_duplicate_seat,2,s112064521033;s112064521048
W2,s112064521046,64521,8.0,8,online_friend,v14_1_03,9.0,9,ambiguous_duplicate_seat,2,s112064521032;s112064521047
W2,s112064521046,64521,8.0,8,online_friend,v14_1_04,12.0,12,ambiguous_duplicate_seat,2,s112064521035;s112064521050
W2,s112064521046,64521,8.0,8,online_enemy,v14_2_01,4.0,4,ambiguous_duplicate_seat,2,s112064521027;s112064521042
W2,s112064521046,64521,8.0,8,online_enemy,v14_2_02,5.0,5,ambiguous_duplicate_seat,2,s112064521028;s112064521043
W2,s112064521046,64521,8.0,8,offline_friend,v14_3_01,11.0,11,ambiguous_duplicate_seat,2,s112064521034;s112064521049
W2,s112064521046,64521,8.0,8,offline_friend,v14_3_02,10.0,10,ambiguous_duplicate_seat,2,s112064521033;s112064521048
W2,s112064521046,64521,8.0,8,offline_friend,v14_3_03,9.0,9,ambiguous_duplicate_seat,2,s112064521032;s112064521047
W2,s112064521046,64521,8.0,8,offline_friend,v14_3_04,12.0,12,ambiguous_duplicate_seat,2,s112064521035;s112064521050
W2,s112064521046,64521,8.0,8,offline_friend,v14_3_05,8.0,8,ambiguous_duplicate_seat,2,s112064521031;s112064521046
W2,s112064521046,64521,8.0,8,offline_enemy,v14_4_01,4.0,4,ambiguous_duplicate_seat,2,s112064521027;s112064521042
W2,s112064521046,64521,8.0,8,offline_enemy,v14_4_02,5.0,5,ambiguous_duplicate_seat,2,s112064521028;s112064521043
W2,s112064521047,64521,8.0,9,online_enemy,v14_2_01,4.0,4,ambiguous_duplicate_seat,2,s112064521027;s112064521042
W2,s112064521047,64521,8.0,9,online_enemy,v14_2_02,5.0,5,ambiguous_duplicate_seat,2,s112064521028;s112064521043
W2,s112064521047,64521,8.0,9,offline_friend,v14_3_01,8.0,8,ambiguous_duplicate_seat,2,s112064521031;s112064521046
W2,s112064521047,64521,8.0,9,offline_friend,v14_3_02,10.0,10,ambiguous_duplicate_seat,2,s112064521033;s112064521048
W2,s112064521047,64521,8.0,9,offline_friend,v14_3_03,11.0,11,ambiguous_duplicate_seat,2,s112064521034;s112064521049
W2,s112064521047,64521,8.0,9,offline_friend,v14_3_04,12.0,12,ambiguous_duplicate_seat,2,s112064521035;s112064521050
W2,s112064521047,64521,8.0,9,offline_enemy,v14_4_02,4.0,4,ambiguous_duplicate_seat,2,s112064521027;s112064521042
W2,s112064521047,64521,8.0,9,offline_enemy,v14_4_03,5.0,5,ambiguous_duplicate_seat,2,s112064521028;s112064521043
W2,s112064521048,64521,8.0,10,online_friend,v14_1_01,8.0,8,ambiguous_duplicate_seat,2,s112064521031;s112064521046
W2,s112064521048,64521,8.0,10,online_friend,v14_1_02,9.0,9,ambiguous_duplicate_seat,2,s112064521032;s112064521047
W2,s112064521048,64521,8.0,10,online_friend,v14_1_03,11.0,11,ambiguous_duplicate_seat,2,s112064521034;s112064521049
W2,s112064521048,64521,8.0,10,online_friend,v14_1_04,12.0,12,ambiguous_duplicate_seat,2,s112064521035;s112064521050
W2,s112064521048,64521,8.0,10,online_friend,v14_1_05,10.0,10,ambiguous_duplicate_seat,2,s112064521033;s112064521048
W2,s112064521048,64521,8.0,10,online_enemy,v14_2_01,4.0,4,ambiguous_duplicate_seat,2,s112064521027;s112064521042
W2,s112064521048,64521,8.0,10,online_enemy,v14_2_04,7.0,7,ambiguous_duplicate_seat,2,s112064521030;s112064521045
W2,s112064521048,64521,8.0,10,offline_friend,v14_3_01,8.0,8,ambiguous_duplicate_seat,2,s112064521031;s112064521046
W2,s112064521048,64521,8.0,10,offline_friend,v14_3_02,9.0,9,ambiguous_duplicate_seat,2,s112064521032;s112064521047
W2,s112064521048,64521,8.0,10,offline_friend,v14_3_03,10.0,10,ambiguous_duplicate_seat,2,s112064521033;s112064521048
W2,s112064521048,64521,8.0,10,offline_friend,v14_3_04,11.0,11,ambiguous_duplicate_seat,2,s112064521034;s112064521049
W2,s112064521048,64521,8.0,10,offline_friend,v14_3_05,12.0,12,ambiguous_duplicate_seat,2,s112064521035;s112064521050
W2,s112064521048,64521,8.0,10,offline_enemy,v14_4_03,5.0,5,ambiguous_duplicate_seat,2,s112064521028;s112064521043
W2,s112064521048,64521,8.0,10,offline_enemy,v14_4_04,4.0,4,ambiguous_duplicate_seat,2,s112064521027;s112064521042
W2,s112064521049,64521,8.0,11,online_friend,v14_1_01,9.0,9,ambiguous_duplicate_seat,2,s112064521032;s112064521047
W2,s112064521049,64521,8.0,11,online_friend,v14_1_02,10.0,10,ambiguous_duplicate_seat,2,s112064521033;s112064521048
W2,s112064521049,64521,8.0,11,online_friend,v14_1_03,8.0,8,ambiguous_duplicate_seat,2,s112064521031;s112064521046
W2,s112064521049,64521,8.0,11,online_friend,v14_1_05,2.0,2,ambiguous_duplicate_seat,2,s112064521025;s112064521040
W2,s112064521049,64521,8.0,11,online_enemy,v14_2_01,4.0,4,ambiguous_duplicate_seat,2,s112064521027;s112064521042
W2,s112064521049,64521,8.0,11,online_enemy,v14_2_03,5.0,5,ambiguous_duplicate_seat,2,s112064521028;s112064521043
W2,s112064521049,64521,8.0,11,online_enemy,v14_2_04,12.0,12,ambiguous_duplicate_seat,2,s112064521035;s112064521050
W2,s112064521049,64521,8.0,11,offline_friend,v14_3_01,8.0,8,ambiguous_duplicate_seat,2,s112064521031;s112064521046
W2,s112064521049,64521,8.0,11,offline_friend,v14_3_02,9.0,9,ambiguous_duplicate_seat,2,s112064521032;s112064521047
W2,s112064521049,64521,8.0,11,offline_friend,v14_3_03,10.0,10,ambiguous_duplicate_seat,2,s112064521033;s112064521048
W2,s112064521049,64521,8.0,11,offline_friend,v14_3_04,12.0,12,ambiguous_duplicate_seat,2,s112064521035;s112064521050
W2,s112064521049,64521,8.0,11,offline_enemy,v14_4_01,4.0,4,ambiguous_duplicate_seat,2,s112064521027;s112064521042
W2,s112064521049,64521,8.0,11,offline_enemy,v14_4_02,5.0,5,ambiguous_duplicate_seat,2,s112064521028;s112064521043
W2,s112064521049,64521,8.0,11,offline_enemy,v14_4_05,7.0,7,ambiguous_duplicate_seat,2,s112064521030;s112064521045
W2,s112064521050,64521,8.0,12,online_friend,v14_1_03,10.0,10,ambiguous_duplicate_seat,2,s112064521033;s112064521048
W2,s112064521050,64521,8.0,12,online_friend,v14_1_04,9.0,9,ambiguous_duplicate_seat,2,s112064521032;s112064521047
W2,s112064521050,64521,8.0,12,online_friend,v14_1_05,11.0,11,ambiguous_duplicate_seat,2,s112064521034;s112064521049
W2,s112064521050,64521,8.0,12,offline_friend,v14_3_02,2.0,2,ambiguous_duplicate_seat,2,s112064521025;s112064521040
W2,s112064521050,64521,8.0,12,offline_friend,v14_3_03,10.0,10,ambiguous_duplicate_seat,2,s112064521033;s112064521048
W2,s112064521050,64521,8.0,12,offline_friend,v14_3_04,9.0,9,ambiguous_duplicate_seat,2,s112064521032;s112064521047
W2,s112064521050,64521,8.0,12,offline_friend,v14_3_05,8.0,8,ambiguous_duplicate_seat,2,s112064521031;s112064521046
W2,s112064523033,64523,八年三班,10,online_enemy,v14_2_03,15.0,15,ambiguous_duplicate_seat,2,s112064523037;s112064523038
W2,s112064523033,64523,八年三班,10,offline_enemy,v14_4_04,15.0,15,ambiguous_duplicate_seat,2,s112064523037;s112064523038
W2,s112064523036,64523,八年三班,14,online_friend,v14_1_01,15.0,15,ambiguous_duplicate_seat,2,s112064523037;s112064523038
W2,s113064523006,64523,八年三班,11,offline_enemy,v14_4_04,15.0,15,ambiguous_duplicate_seat,2,s112064523037;s112064523038
W2,s112084503056,84503,8.0,1,online_friend,v14_1_01,4.0,4,ambiguous_duplicate_seat,2,s112084503059;s112084503027
W2,s112084503056,84503,8.0,1,online_friend,v14_1_03,11.0,11,ambiguous_duplicate_seat,2,s112084503066;s112084503034
W2,s112084503056,84503,8.0,1,online_friend,v14_1_05,22.0,22,ambiguous_duplicate_seat,2,s112084503076;s112084503043
W2,s112084503056,84503,8.0,1,online_enemy,v14_2_02,8.0,8,ambiguous_duplicate_seat,2,s112084503063;s112084503031
W2,s112084503056,84503,8.0,1,online_enemy,v14_2_03,30.0,30,ambiguous_duplicate_seat,2,s112084503085;s113084503004
W2,s112084503056,84503,8.0,1,online_enemy,v14_2_05,23.0,23,ambiguous_duplicate_seat,2,s112084503077;s112084503044
W2,s112084503056,84503,8.0,1,offline_friend,v14_3_01,3.0,3,ambiguous_duplicate_seat,2,s112084503058;s112084503026
W2,s112084503056,84503,8.0,1,offline_friend,v14_3_02,2.0,2,ambiguous_duplicate_seat,2,s112084503057;s112084503025
W2,s112084503056,84503,8.0,1,offline_friend,v14_3_03,22.0,22,ambiguous_duplicate_seat,2,s112084503076;s112084503043
W2,s112084503056,84503,8.0,1,offline_friend,v14_3_04,17.0,17,ambiguous_duplicate_seat,2,s112084503071;s113084503003
W2,s112084503056,84503,8.0,1,offline_enemy,v14_4_01,8.0,8,ambiguous_duplicate_seat,2,s112084503063;s112084503031
W2,s112084503056,84503,8.0,1,offline_enemy,v14_4_03,23.0,23,ambiguous_duplicate_seat,2,s112084503077;s112084503044
W2,s112084503056,84503,8.0,1,offline_enemy,v14_4_05,30.0,30,ambiguous_duplicate_seat,2,s112084503085;s113084503004
W2,s112084503057,84503,8.0,2,online_friend,v14_1_01,15.0,15,ambiguous_duplicate_seat,2,s112084503070;s112084503038
W2,s112084503057,84503,8.0,2,online_friend,v14_1_03,4.0,4,ambiguous_duplicate_seat,2,s112084503059;s112084503027
W2,s112084503057,84503,8.0,2,online_friend,v14_1_04,3.0,3,ambiguous_duplicate_seat,2,s112084503058;s112084503026
W2,s112084503057,84503,8.0,2,online_friend,v14_1_05,9.0,9,ambiguous_duplicate_seat,2,s112084503064;s112084503032
W2,s112084503057,84503,8.0,2,online_enemy,v14_2_01,30.0,30,ambiguous_duplicate_seat,2,s112084503085;s113084503004
W2,s112084503057,84503,8.0,2,offline_friend,v14_3_01,1.0,1,ambiguous_duplicate_seat,2,s112084503056;s112084503024
W2,s112084503057,84503,8.0,2,offline_friend,v14_3_02,4.0,4,ambiguous_duplicate_seat,2,s112084503059;s112084503027
W2,s112084503057,84503,8.0,2,offline_friend,v14_3_03,9.0,9,ambiguous_duplicate_seat,2,s112084503064;s112084503032
W2,s112084503057,84503,8.0,2,offline_friend,v14_3_04,15.0,15,ambiguous_duplicate_seat,2,s112084503070;s112084503038
W2,s112084503057,84503,8.0,2,offline_friend,v14_3_05,7.0,7,ambiguous_duplicate_seat,2,s112084503062;s112084503030
W2,s112084503057,84503,8.0,2,offline_enemy,v14_4_01,30.0,30,ambiguous_duplicate_seat,2,s112084503085;s113084503004
W2,s112084503058,84503,8.0,3,online_friend,v14_1_01,1.0,1,ambiguous_duplicate_seat,2,s112084503056;s112084503024
W2,s112084503058,84503,8.0,3,online_friend,v14_1_02,2.0,2,ambiguous_duplicate_seat,2,s112084503057;s112084503025
W2,s112084503058,84503,8.0,3,online_friend,v14_1_05,15.0,15,ambiguous_duplicate_seat,2,s112084503070;s112084503038
W2,s112084503058,84503,8.0,3,online_enemy,v14_2_01,30.0,30,ambiguous_duplicate_seat,2,s112084503085;s113084503004
W2,s112084503058,84503,8.0,3,offline_friend,v14_3_01,1.0,1,ambiguous_duplicate_seat,2,s112084503056;s112084503024
W2,s112084503058,84503,8.0,3,offline_friend,v14_3_02,2.0,2,ambiguous_duplicate_seat,2,s112084503057;s112084503025
W2,s112084503058,84503,8.0,3,offline_friend,v14_3_03,7.0,7,ambiguous_duplicate_seat,2,s112084503062;s112084503030
W2,s112084503058,84503,8.0,3,offline_enemy,v14_4_01,30.0,30,ambiguous_duplicate_seat,2,s112084503085;s113084503004
W2,s112084503059,84503,8.0,4,online_friend,v14_1_02,1.0,1,ambiguous_duplicate_seat,2,s112084503056;s112084503024
W2,s112084503059,84503,8.0,4,online_friend,v14_1_04,2.0,2,ambiguous_duplicate_seat,2,s112084503057;s112084503025
W2,s112084503059,84503,8.0,4,online_friend,v14_1_05,3.0,3,ambiguous_duplicate_seat,2,s112084503058;s112084503026
W2,s112084503059,84503,8.0,4,online_enemy,v14_2_01,8.0,8,ambiguous_duplicate_seat,2,s112084503063;s112084503031
W2,s112084503059,84503,8.0,4,online_enemy,v14_2_02,30.0,30,ambiguous_duplicate_seat,2,s112084503085;s113084503004
W2,s112084503059,84503,8.0,4,offline_friend,v14_3_01,1.0,1,ambiguous_duplicate_seat,2,s112084503056;s112084503024
W2,s112084503059,84503,8.0,4,offline_friend,v14_3_03,2.0,2,ambiguous_duplicate_seat,2,s112084503057;s112084503025
W2,s112084503059,84503,8.0,4,offline_friend,v14_3_05,3.0,3,ambiguous_duplicate_seat,2,s112084503058;s112084503026
W2,s112084503059,84503,8.0,4,offline_enemy,v14_4_01,8.0,8,ambiguous_duplicate_seat,2,s112084503063;s112084503031
W2,s112084503059,84503,8.0,4,offline_enemy,v14_4_02,30.0,30,ambiguous_duplicate_seat,2,s112084503085;s113084503004
W2,s112084503061,84503,8.0,6,online_friend,v14_1_01,11.0,11,ambiguous_duplicate_seat,2,s112084503066;s112084503034
W2,s112084503061,84503,8.0,6,online_enemy,v14_2_01,30.0,30,ambiguous_duplicate_seat,2,s112084503085;s113084503004
W2,s112084503061,84503,8.0,6,online_enemy,v14_2_02,8.0,8,ambiguous_duplicate_seat,2,s112084503063;s112084503031
W2,s112084503062,84503,8.0,7,online_friend,v14_1_01,9.0,9,ambiguous_duplicate_seat,2,s112084503064;s112084503032
W2,s112084503062,84503,8.0,7,online_friend,v14_1_02,2.0,2,ambiguous_duplicate_seat,2,s112084503057;s112084503025
W2,s112084503062,84503,8.0,7,online_friend,v14_1_03,15.0,15,ambiguous_duplicate_seat,2,s112084503070;s112084503038
W2,s112084503062,84503,8.0,7,offline_friend,v14_3_05,15.0,15,ambiguous_duplicate_seat,2,s112084503070;s112084503038
W2,s112084503063,84503,8.0,8,online_friend,v14_1_01,7.0,7,ambiguous_duplicate_seat,2,s112084503062;s112084503030
W2,s112084503063,84503,8.0,8,online_friend,v14_1_03,1.0,1,ambiguous_duplicate_seat,2,s112084503056;s112084503024
W2,s112084503063,84503,8.0,8,online_friend,v14_1_05,6.0,6,ambiguous_duplicate_seat,2,s112084503061;s112084503029
W2,s112084503063,84503,8.0,8,online_enemy,v14_2_01,30.0,30,ambiguous_duplicate_seat,2,s112084503085;s113084503004
W2,s112084503063,84503,8.0,8,offline_friend,v14_3_01,7.0,7,ambiguous_duplicate_seat,2,s112084503062;s112084503030
W2,s112084503063,84503,8.0,8,offline_friend,v14_3_03,6.0,6,ambiguous_duplicate_seat,2,s112084503061;s112084503029
W2,s112084503063,84503,8.0,8,offline_friend,v14_3_04,28.0,28,ambiguous_duplicate_seat,2,s112084503082;s112084503050
W2,s112084503063,84503,8.0,8,offline_friend,v14_3_05,29.0,29,ambiguous_duplicate_seat,2,s112084503083;s112084503053
W2,s112084503063,84503,8.0,8,offline_enemy,v14_4_01,30.0,30,ambiguous_duplicate_seat,2,s112084503085;s113084503004
W2,s112084503064,84503,8.0,9,online_friend,v14_1_01,2.0,2,ambiguous_duplicate_seat,2,s112084503057;s112084503025
W2,s112084503064,84503,8.0,9,online_friend,v14_1_02,15.0,15,ambiguous_duplicate_seat,2,s112084503070;s112084503038
W2,s112084503064,84503,8.0,9,online_friend,v14_1_03,22.0,22,ambiguous_duplicate_seat,2,s112084503076;s112084503043
W2,s112084503064,84503,8.0,9,online_enemy,v14_2_01,30.0,30,ambiguous_duplicate_seat,2,s112084503085;s113084503004
W2,s112084503064,84503,8.0,9,online_enemy,v14_2_02,8.0,8,ambiguous_duplicate_seat,2,s112084503063;s112084503031
W2,s112084503064,84503,8.0,9,offline_friend,v14_3_01,2.0,2,ambiguous_duplicate_seat,2,s112084503057;s112084503025
W2,s112084503064,84503,8.0,9,offline_friend,v14_3_02,15.0,15,ambiguous_duplicate_seat,2,s112084503070;s112084503038
W2,s112084503064,84503,8.0,9,offline_friend,v14_3_04,4.0,4,ambiguous_duplicate_seat,2,s112084503059;s112084503027
W2,s112084503064,84503,8.0,9,offline_enemy,v14_4_01,30.0,30,ambiguous_duplicate_seat,2,s112084503085;s113084503004
W2,s112084503065,84503,8.0,10,online_friend,v14_1_01,1.0,1,ambiguous_duplicate_seat,2,s112084503056;s112084503024
W2,s112084503065,84503,8.0,10,online_friend,v14_1_02,4.0,4,ambiguous_duplicate_seat,2,s112084503059;s112084503027
W2,s112084503065,84503,8.0,10,online_friend,v14_1_03,11.0,11,ambiguous_duplicate_seat,2,s112084503066;s112084503034
W2,s112084503065,84503,8.0,10,online_friend,v14_1_04,15.0,15,ambiguous_duplicate_seat,2,s112084503070;s112084503038
W2,s112084503065,84503,8.0,10,online_enemy,v14_2_01,30.0,30,ambiguous_duplicate_seat,2,s112084503085;s113084503004
W2,s112084503065,84503,8.0,10,offline_friend,v14_3_02,4.0,4,ambiguous_duplicate_seat,2,s112084503059;s112084503027
W2,s112084503065,84503,8.0,10,offline_friend,v14_3_03,1.0,1,ambiguous_duplicate_seat,2,s112084503056;s112084503024
W2,s112084503065,84503,8.0,10,offline_friend,v14_3_04,6.0,6,ambiguous_duplicate_seat,2,s112084503061;s112084503029
W2,s112084503065,84503,8.0,10,offline_friend,v14_3_05,7.0,7,ambiguous_duplicate_seat,2,s112084503062;s112084503030
W2,s112084503065,84503,8.0,10,offline_enemy,v14_4_01,30.0,30,ambiguous_duplicate_seat,2,s112084503085;s113084503004
W2,s112084503066,84503,8.0,11,online_friend,v14_1_02,23.0,23,ambiguous_duplicate_seat,2,s112084503077;s112084503044
W2,s112084503066,84503,8.0,11,online_friend,v14_1_03,27.0,27,ambiguous_duplicate_seat,2,s112084503081;s112084503049
W2,s112084503066,84503,8.0,11,online_friend,v14_1_04,19.0,19,ambiguous_duplicate_seat,2,s112084503073;s112084503040
W2,s112084503066,84503,8.0,11,online_enemy,v14_2_01,8.0,8,ambiguous_duplicate_seat,2,s112084503063;s112084503031
W2,s112084503066,84503,8.0,11,online_enemy,v14_2_02,30.0,30,ambiguous_duplicate_seat,2,s112084503085;s113084503004
W2,s112084503066,84503,8.0,11,offline_friend,v14_3_02,23.0,23,ambiguous_duplicate_seat,2,s112084503077;s112084503044
W2,s112084503066,84503,8.0,11,offline_friend,v14_3_04,6.0,6,ambiguous_duplicate_seat,2,s112084503061;s112084503029
W2,s112084503066,84503,8.0,11,offline_friend,v14_3_05,27.0,27,ambiguous_duplicate_seat,2,s112084503081;s112084503049
W2,s112084503066,84503,8.0,11,offline_enemy,v14_4_01,8.0,8,ambiguous_duplicate_seat,2,s112084503063;s112084503031
W2,s112084503066,84503,8.0,11,offline_enemy,v14_4_02,30.0,30,ambiguous_duplicate_seat,2,s112084503085;s113084503004
W2,s112084503068,84503,8.0,13,online_friend,v14_1_01,2.0,2,ambiguous_duplicate_seat,2,s112084503057;s112084503025
W2,s112084503068,84503,8.0,13,online_friend,v14_1_02,4.0,4,ambiguous_duplicate_seat,2,s112084503059;s112084503027
W2,s112084503068,84503,8.0,13,online_friend,v14_1_04,15.0,15,ambiguous_duplicate_seat,2,s112084503070;s112084503038
W2,s112084503068,84503,8.0,13,online_friend,v14_1_05,3.0,3,ambiguous_duplicate_seat,2,s112084503058;s112084503026
W2,s112084503068,84503,8.0,13,online_enemy,v14_2_01,30.0,30,ambiguous_duplicate_seat,2,s112084503085;s113084503004
W2,s112084503068,84503,8.0,13,offline_friend,v14_3_02,2.0,2,ambiguous_duplicate_seat,2,s112084503057;s112084503025
W2,s112084503068,84503,8.0,13,offline_friend,v14_3_04,15.0,15,ambiguous_duplicate_seat,2,s112084503070;s112084503038
W2,s112084503068,84503,8.0,13,offline_friend,v14_3_05,9.0,9,ambiguous_duplicate_seat,2,s112084503064;s112084503032
W2,s112084503068,84503,8.0,13,offline_enemy,v14_4_01,30.0,30,ambiguous_duplicate_seat,2,s112084503085;s113084503004
W2,s112084503070,84503,8.0,15,online_friend,v14_1_01,2.0,2,ambiguous_duplicate_seat,2,s112084503057;s112084503025
W2,s112084503070,84503,8.0,15,online_friend,v14_1_02,7.0,7,ambiguous_duplicate_seat,2,s112084503062;s112084503030
W2,s112084503070,84503,8.0,15,online_enemy,v14_2_01,30.0,30,ambiguous_duplicate_seat,2,s112084503085;s113084503004
W2,s112084503070,84503,8.0,15,online_enemy,v14_2_02,8.0,8,ambiguous_duplicate_seat,2,s112084503063;s112084503031
W2,s112084503070,84503,8.0,15,online_enemy,v14_2_03,22.0,22,ambiguous_duplicate_seat,2,s112084503076;s112084503043
W2,s112084503070,84503,8.0,15,online_enemy,v14_2_05,6.0,6,ambiguous_duplicate_seat,2,s112084503061;s112084503029
W2,s112084503070,84503,8.0,15,offline_friend,v14_3_01,2.0,2,ambiguous_duplicate_seat,2,s112084503057;s112084503025
W2,s112084503070,84503,8.0,15,offline_friend,v14_3_02,9.0,9,ambiguous_duplicate_seat,2,s112084503064;s112084503032
W2,s112084503070,84503,8.0,15,offline_friend,v14_3_05,7.0,7,ambiguous_duplicate_seat,2,s112084503062;s112084503030
W2,s112084503070,84503,8.0,15,offline_enemy,v14_4_01,30.0,30,ambiguous_duplicate_seat,2,s112084503085;s113084503004
W2,s112084503070,84503,8.0,15,offline_enemy,v14_4_02,8.0,8,ambiguous_duplicate_seat,2,s112084503063;s112084503031
W2,s112084503071,84503,8.0,17,online_friend,v14_1_03,1.0,1,ambiguous_duplicate_seat,2,s112084503056;s112084503024
W2,s112084503071,84503,8.0,17,online_friend,v14_1_05,11.0,11,ambiguous_duplicate_seat,2,s112084503066;s112084503034
W2,s112084503071,84503,8.0,17,online_enemy,v14_2_01,8.0,8,ambiguous_duplicate_seat,2,s112084503063;s112084503031
W2,s112084503071,84503,8.0,17,online_enemy,v14_2_02,27.0,27,ambiguous_duplicate_seat,2,s112084503081;s112084503049
W2,s112084503071,84503,8.0,17,online_enemy,v14_2_03,19.0,19,ambiguous_duplicate_seat,2,s112084503073;s112084503040
W2,s112084503071,84503,8.0,17,online_enemy,v14_2_04,28.0,28,ambiguous_duplicate_seat,2,s112084503082;s112084503050
W2,s112084503071,84503,8.0,17,online_enemy,v14_2_05,30.0,30,ambiguous_duplicate_seat,2,s112084503085;s113084503004
W2,s112084503071,84503,8.0,17,offline_friend,v14_3_03,22.0,22,ambiguous_duplicate_seat,2,s112084503076;s112084503043
W2,s112084503071,84503,8.0,17,offline_friend,v14_3_05,11.0,11,ambiguous_duplicate_seat,2,s112084503066;s112084503034
W2,s112084503071,84503,8.0,17,offline_enemy,v14_4_01,8.0,8,ambiguous_duplicate_seat,2,s112084503063;s112084503031
W2,s112084503071,84503,8.0,17,offline_enemy,v14_4_02,27.0,27,ambiguous_duplicate_seat,2,s112084503081;s112084503049
W2,s112084503071,84503,8.0,17,offline_enemy,v14_4_03,30.0,30,ambiguous_duplicate_seat,2,s112084503085;s113084503004
W2,s112084503071,84503,8.0,17,offline_enemy,v14_4_04,4.0,4,ambiguous_duplicate_seat,2,s112084503059;s112084503027
W2,s112084503073,84503,8.0,19,online_friend,v14_1_01,2.0,2,ambiguous_duplicate_seat,2,s112084503057;s112084503025
W2,s112084503073,84503,8.0,19,online_friend,v14_1_02,26.0,26,ambiguous_duplicate_seat,2,s112084503080;s112084503048
W2,s112084503073,84503,8.0,19,offline_friend,v14_3_01,25.0,25,ambiguous_duplicate_seat,2,s112084503079;s112084503047
W2,s112084503073,84503,8.0,19,offline_friend,v14_3_02,26.0,26,ambiguous_duplicate_seat,2,s112084503080;s112084503048
W2,s112084503073,84503,8.0,19,offline_friend,v14_3_03,23.0,23,ambiguous_duplicate_seat,2,s112084503077;s112084503044
W2,s112084503073,84503,8.0,19,offline_friend,v14_3_04,27.0,27,ambiguous_duplicate_seat,2,s112084503081;s112084503049
W2,s112084503073,84503,8.0,19,offline_enemy,v14_4_01,8.0,8,ambiguous_duplicate_seat,2,s112084503063;s112084503031
W2,s112084503073,84503,8.0,19,offline_enemy,v14_4_02,30.0,30,ambiguous_duplicate_seat,2,s112084503085;s113084503004
W2,s112084503073,84503,8.0,19,offline_enemy,v14_4_03,22.0,22,ambiguous_duplicate_seat,2,s112084503076;s112084503043
W2,s112084503074,84503,8.0,20,offline_friend,v14_3_01,22.0,22,ambiguous_duplicate_seat,2,s112084503076;s112084503043
W2,s112084503074,84503,8.0,20,offline_enemy,v14_4_02,30.0,30,ambiguous_duplicate_seat,2,s112084503085;s113084503004
W2,s112084503074,84503,8.0,20,offline_enemy,v14_4_03,8.0,8,ambiguous_duplicate_seat,2,s112084503063;s112084503031
W2,s112084503076,84503,8.0,22,online_friend,v14_1_02,1.0,1,ambiguous_duplicate_seat,2,s112084503056;s112084503024
W2,s112084503076,84503,8.0,22,online_friend,v14_1_03,3.0,3,ambiguous_duplicate_seat,2,s112084503058;s112084503026
W2,s112084503076,84503,8.0,22,online_friend,v14_1_04,28.0,28,ambiguous_duplicate_seat,2,s112084503082;s112084503050
W2,s112084503076,84503,8.0,22,online_friend,v14_1_05,29.0,29,ambiguous_duplicate_seat,2,s112084503083;s112084503053
W2,s112084503076,84503,8.0,22,online_enemy,v14_2_01,6.0,6,ambiguous_duplicate_seat,2,s112084503061;s112084503029
W2,s112084503076,84503,8.0,22,online_enemy,v14_2_02,8.0,8,ambiguous_duplicate_seat,2,s112084503063;s112084503031
W2,s112084503076,84503,8.0,22,online_enemy,v14_2_03,19.0,19,ambiguous_duplicate_seat,2,s112084503073;s112084503040
W2,s112084503076,84503,8.0,22,online_enemy,v14_2_04,23.0,23,ambiguous_duplicate_seat,2,s112084503077;s112084503044
W2,s112084503076,84503,8.0,22,online_enemy,v14_2_05,30.0,30,ambiguous_duplicate_seat,2,s112084503085;s113084503004
W2,s112084503076,84503,8.0,22,offline_friend,v14_3_02,1.0,1,ambiguous_duplicate_seat,2,s112084503056;s112084503024
W2,s112084503076,84503,8.0,22,offline_friend,v14_3_03,3.0,3,ambiguous_duplicate_seat,2,s112084503058;s112084503026
W2,s112084503076,84503,8.0,22,offline_friend,v14_3_04,28.0,28,ambiguous_duplicate_seat,2,s112084503082;s112084503050
W2,s112084503076,84503,8.0,22,offline_enemy,v14_4_01,8.0,8,ambiguous_duplicate_seat,2,s112084503063;s112084503031
W2,s112084503076,84503,8.0,22,offline_enemy,v14_4_02,6.0,6,ambiguous_duplicate_seat,2,s112084503061;s112084503029
W2,s112084503076,84503,8.0,22,offline_enemy,v14_4_03,30.0,30,ambiguous_duplicate_seat,2,s112084503085;s113084503004
W2,s112084503076,84503,8.0,22,offline_enemy,v14_4_04,19.0,19,ambiguous_duplicate_seat,2,s112084503073;s112084503040
W2,s112084503076,84503,8.0,22,offline_enemy,v14_4_05,23.0,23,ambiguous_duplicate_seat,2,s112084503077;s112084503044
W2,s112084503077,84503,8.0,23,online_friend,v14_1_01,27.0,27,ambiguous_duplicate_seat,2,s112084503081;s112084503049
W2,s112084503077,84503,8.0,23,offline_friend,v14_3_01,27.0,27,ambiguous_duplicate_seat,2,s112084503081;s112084503049
W2,s112084503077,84503,8.0,23,offline_friend,v14_3_02,19.0,19,ambiguous_duplicate_seat,2,s112084503073;s112084503040
W2,s112084503077,84503,8.0,23,offline_friend,v14_3_03,26.0,26,ambiguous_duplicate_seat,2,s112084503080;s112084503048
W2,s112084503077,84503,8.0,23,offline_friend,v14_3_04,25.0,25,ambiguous_duplicate_seat,2,s112084503079;s112084503047
W2,s112084503077,84503,8.0,23,offline_enemy,v14_4_01,22.0,22,ambiguous_duplicate_seat,2,s112084503076;s112084503043
W2,s112084503077,84503,8.0,23,offline_enemy,v14_4_02,30.0,30,ambiguous_duplicate_seat,2,s112084503085;s113084503004
W2,s112084503078,84503,8.0,24,online_enemy,v14_2_01,30.0,30,ambiguous_duplicate_seat,2,s112084503085;s113084503004
W2,s112084503078,84503,8.0,24,online_enemy,v14_2_02,8.0,8,ambiguous_duplicate_seat,2,s112084503063;s112084503031
W2,s112084503078,84503,8.0,24,online_enemy,v14_2_03,26.0,26,ambiguous_duplicate_seat,2,s112084503080;s112084503048
W2,s112084503078,84503,8.0,24,online_enemy,v14_2_04,27.0,27,ambiguous_duplicate_seat,2,s112084503081;s112084503049
W2,s112084503078,84503,8.0,24,online_enemy,v14_2_05,23.0,23,ambiguous_duplicate_seat,2,s112084503077;s112084503044
W2,s112084503078,84503,8.0,24,offline_friend,v14_3_02,22.0,22,ambiguous_duplicate_seat,2,s112084503076;s112084503043
W2,s112084503078,84503,8.0,24,offline_friend,v14_3_03,29.0,29,ambiguous_duplicate_seat,2,s112084503083;s112084503053
W2,s112084503078,84503,8.0,24,offline_friend,v14_3_04,28.0,28,ambiguous_duplicate_seat,2,s112084503082;s112084503050
W2,s112084503078,84503,8.0,24,offline_enemy,v14_4_01,30.0,30,ambiguous_duplicate_seat,2,s112084503085;s113084503004
W2,s112084503078,84503,8.0,24,offline_enemy,v14_4_02,8.0,8,ambiguous_duplicate_seat,2,s112084503063;s112084503031
W2,s112084503078,84503,8.0,24,offline_enemy,v14_4_03,17.0,17,ambiguous_duplicate_seat,2,s112084503071;s113084503003
W2,s112084503078,84503,8.0,24,offline_enemy,v14_4_04,27.0,27,ambiguous_duplicate_seat,2,s112084503081;s112084503049
W2,s112084503078,84503,8.0,24,offline_enemy,v14_4_05,23.0,23,ambiguous_duplicate_seat,2,s112084503077;s112084503044
W2,s112084503079,84503,8.0,25,online_friend,v14_1_01,26.0,26,ambiguous_duplicate_seat,2,s112084503080;s112084503048
W2,s112084503079,84503,8.0,25,online_friend,v14_1_02,27.0,27,ambiguous_duplicate_seat,2,s112084503081;s112084503049
W2,s112084503079,84503,8.0,25,online_friend,v14_1_04,19.0,19,ambiguous_duplicate_seat,2,s112084503073;s112084503040
W2,s112084503079,84503,8.0,25,online_friend,v14_1_05,23.0,23,ambiguous_duplicate_seat,2,s112084503077;s112084503044
W2,s112084503079,84503,8.0,25,offline_friend,v14_3_01,26.0,26,ambiguous_duplicate_seat,2,s112084503080;s112084503048
W2,s112084503079,84503,8.0,25,offline_friend,v14_3_02,27.0,27,ambiguous_duplicate_seat,2,s112084503081;s112084503049
W2,s112084503079,84503,8.0,25,offline_friend,v14_3_03,23.0,23,ambiguous_duplicate_seat,2,s112084503077;s112084503044
W2,s112084503080,84503,8.0,26,online_friend,v14_1_01,25.0,25,ambiguous_duplicate_seat,2,s112084503079;s112084503047
W2,s112084503080,84503,8.0,26,online_friend,v14_1_02,23.0,23,ambiguous_duplicate_seat,2,s112084503077;s112084503044
W2,s112084503080,84503,8.0,26,online_friend,v14_1_03,27.0,27,ambiguous_duplicate_seat,2,s112084503081;s112084503049
W2,s112084503080,84503,8.0,26,offline_friend,v14_3_01,25.0,25,ambiguous_duplicate_seat,2,s112084503079;s112084503047
W2,s112084503080,84503,8.0,26,offline_friend,v14_3_02,23.0,23,ambiguous_duplicate_seat,2,s112084503077;s112084503044
W2,s112084503080,84503,8.0,26,offline_friend,v14_3_04,27.0,27,ambiguous_duplicate_seat,2,s112084503081;s112084503049
W2,s112084503080,84503,8.0,26,offline_enemy,v14_4_01,8.0,8,ambiguous_duplicate_seat,2,s112084503063;s112084503031
W2,s112084503080,84503,8.0,26,offline_enemy,v14_4_02,22.0,22,ambiguous_duplicate_seat,2,s112084503076;s112084503043
W2,s112084503080,84503,8.0,26,offline_enemy,v14_4_03,19.0,19,ambiguous_duplicate_seat,2,s112084503073;s112084503040
W2,s112084503080,84503,8.0,26,offline_enemy,v14_4_04,17.0,17,ambiguous_duplicate_seat,2,s112084503071;s113084503003
W2,s112084503081,84503,8.0,27,online_friend,v14_1_01,23.0,23,ambiguous_duplicate_seat,2,s112084503077;s112084503044
W2,s112084503081,84503,8.0,27,online_friend,v14_1_02,26.0,26,ambiguous_duplicate_seat,2,s112084503080;s112084503048
W2,s112084503081,84503,8.0,27,online_friend,v14_1_03,25.0,25,ambiguous_duplicate_seat,2,s112084503079;s112084503047
W2,s112084503081,84503,8.0,27,online_friend,v14_1_05,15.0,15,ambiguous_duplicate_seat,2,s112084503070;s112084503038
W2,s112084503081,84503,8.0,27,online_enemy,v14_2_01,30.0,30,ambiguous_duplicate_seat,2,s112084503085;s113084503004
W2,s112084503081,84503,8.0,27,online_enemy,v14_2_02,8.0,8,ambiguous_duplicate_seat,2,s112084503063;s112084503031
W2,s112084503081,84503,8.0,27,online_enemy,v14_2_03,19.0,19,ambiguous_duplicate_seat,2,s112084503073;s112084503040
W2,s112084503081,84503,8.0,27,online_enemy,v14_2_04,6.0,6,ambiguous_duplicate_seat,2,s112084503061;s112084503029
W2,s112084503081,84503,8.0,27,offline_friend,v14_3_01,23.0,23,ambiguous_duplicate_seat,2,s112084503077;s112084503044
W2,s112084503081,84503,8.0,27,offline_friend,v14_3_02,26.0,26,ambiguous_duplicate_seat,2,s112084503080;s112084503048
W2,s112084503081,84503,8.0,27,offline_friend,v14_3_03,25.0,25,ambiguous_duplicate_seat,2,s112084503079;s112084503047
W2,s112084503081,84503,8.0,27,offline_friend,v14_3_05,15.0,15,ambiguous_duplicate_seat,2,s112084503070;s112084503038
W2,s112084503081,84503,8.0,27,offline_enemy,v14_4_01,30.0,30,ambiguous_duplicate_seat,2,s112084503085;s113084503004
W2,s112084503081,84503,8.0,27,offline_enemy,v14_4_02,8.0,8,ambiguous_duplicate_seat,2,s112084503063;s112084503031
W2,s112084503081,84503,8.0,27,offline_enemy,v14_4_03,6.0,6,ambiguous_duplicate_seat,2,s112084503061;s112084503029
W2,s112084503081,84503,8.0,27,offline_enemy,v14_4_05,19.0,19,ambiguous_duplicate_seat,2,s112084503073;s112084503040
W2,s112084503082,84503,8.0,28,online_friend,v14_1_01,29.0,29,ambiguous_duplicate_seat,2,s112084503083;s112084503053
W2,s112084503082,84503,8.0,28,online_friend,v14_1_03,22.0,22,ambiguous_duplicate_seat,2,s112084503076;s112084503043
W2,s112084503082,84503,8.0,28,online_friend,v14_1_04,27.0,27,ambiguous_duplicate_seat,2,s112084503081;s112084503049
W2,s112084503082,84503,8.0,28,online_friend,v14_1_05,23.0,23,ambiguous_duplicate_seat,2,s112084503077;s112084503044
W2,s112084503082,84503,8.0,28,online_enemy,v14_2_01,30.0,30,ambiguous_duplicate_seat,2,s112084503085;s113084503004
W2,s112084503082,84503,8.0,28,online_enemy,v14_2_05,8.0,8,ambiguous_duplicate_seat,2,s112084503063;s112084503031
W2,s112084503082,84503,8.0,28,offline_friend,v14_3_01,29.0,29,ambiguous_duplicate_seat,2,s112084503083;s112084503053
W2,s112084503082,84503,8.0,28,offline_friend,v14_3_03,22.0,22,ambiguous_duplicate_seat,2,s112084503076;s112084503043
W2,s112084503082,84503,8.0,28,offline_enemy,v14_4_01,30.0,30,ambiguous_duplicate_seat,2,s112084503085;s113084503004
W2,s112084503082,84503,8.0,28,offline_enemy,v14_4_02,8.0,8,ambiguous_duplicate_seat,2,s112084503063;s112084503031
W2,s112084503083,84503,8.0,29,online_friend,v14_1_01,28.0,28,ambiguous_duplicate_seat,2,s112084503082;s112084503050
W2,s112084503083,84503,8.0,29,online_friend,v14_1_03,22.0,22,ambiguous_duplicate_seat,2,s112084503076;s112084503043
W2,s112084503083,84503,8.0,29,online_enemy,v14_2_01,30.0,30,ambiguous_duplicate_seat,2,s112084503085;s113084503004
W2,s112084503083,84503,8.0,29,offline_friend,v14_3_01,28.0,28,ambiguous_duplicate_seat,2,s112084503082;s112084503050
W2,s112084503083,84503,8.0,29,offline_friend,v14_3_02,22.0,22,ambiguous_duplicate_seat,2,s112084503076;s112084503043
W2,s112084503083,84503,8.0,29,offline_friend,v14_3_04,29.0,29,ambiguous_duplicate_seat,2,s112084503083;s112084503053
W2,s112084503083,84503,8.0,29,offline_enemy,v14_4_01,30.0,30,ambiguous_duplicate_seat,2,s112084503085;s113084503004
W2,s112084503083,84503,8.0,29,offline_enemy,v14_4_04,11.0,11,ambiguous_duplicate_seat,2,s112084503066;s112084503034
W2,s112084503085,84503,8.0,30,online_friend,v14_1_01,30.0,30,ambiguous_duplicate_seat,2,s112084503085;s113084503004
W2,s112084503085,84503,8.0,30,offline_friend,v14_3_02,22.0,22,ambiguous_duplicate_seat,2,s112084503076;s112084503043
W2,s112084503085,84503,8.0,30,offline_friend,v14_3_03,30.0,30,ambiguous_duplicate_seat,2,s112084503085;s113084503004
W2,s112084503085,84503,8.0,30,offline_enemy,v14_4_01,4.0,4,ambiguous_duplicate_seat,2,s112084503059;s112084503027
W2,s112084503085,84503,8.0,30,offline_enemy,v14_4_02,9.0,9,ambiguous_duplicate_seat,2,s112084503064;s112084503032
W2,s113084503005,84503,8.0,31,online_friend,v14_1_01,25.0,25,ambiguous_duplicate_seat,2,s112084503079;s112084503047
W2,s113084503005,84503,8.0,31,online_friend,v14_1_02,27.0,27,ambiguous_duplicate_seat,2,s112084503081;s112084503049
W2,s113084503005,84503,8.0,31,online_friend,v14_1_03,23.0,23,ambiguous_duplicate_seat,2,s112084503077;s112084503044
W2,s113084503005,84503,8.0,31,online_friend,v14_1_04,19.0,19,ambiguous_duplicate_seat,2,s112084503073;s112084503040
W2,s113084503005,84503,8.0,31,online_friend,v14_1_05,26.0,26,ambiguous_duplicate_seat,2,s112084503080;s112084503048
W2,s113084503005,84503,8.0,31,online_enemy,v14_2_01,30.0,30,ambiguous_duplicate_seat,2,s112084503085;s113084503004
W2,s113084503005,84503,8.0,31,online_enemy,v14_2_02,8.0,8,ambiguous_duplicate_seat,2,s112084503063;s112084503031
W2,s113084503005,84503,8.0,31,offline_friend,v14_3_01,25.0,25,ambiguous_duplicate_seat,2,s112084503079;s112084503047
W2,s113084503005,84503,8.0,31,offline_friend,v14_3_02,27.0,27,ambiguous_duplicate_seat,2,s112084503081;s112084503049
W2,s113084503005,84503,8.0,31,offline_friend,v14_3_03,19.0,19,ambiguous_duplicate_seat,2,s112084503073;s112084503040
W2,s113084503005,84503,8.0,31,offline_friend,v14_3_04,23.0,23,ambiguous_duplicate_seat,2,s112084503077;s112084503044
W2,s113084503005,84503,8.0,31,offline_friend,v14_3_05,26.0,26,ambiguous_duplicate_seat,2,s112084503080;s112084503048
W2,s113084503005,84503,8.0,31,offline_enemy,v14_4_01,30.0,30,ambiguous_duplicate_seat,2,s112084503085;s113084503004
W2,s113084503005,84503,8.0,31,offline_enemy,v14_4_02,8.0,8,ambiguous_duplicate_seat,2,s112084503063;s112084503031
W2,s112084503025,84503,8.0,2,online_friend,v14_1_01,6.0,6,ambiguous_duplicate_seat,2,s112084503061;s112084503029
W2,s112084503025,84503,8.0,2,online_friend,v14_1_02,7.0,7,ambiguous_duplicate_seat,2,s112084503062;s112084503030
W2,s112084503025,84503,8.0,2,online_friend,v14_1_03,8.0,8,ambiguous_duplicate_seat,2,s112084503063;s112084503031
W2,s112084503025,84503,8.0,2,online_friend,v14_1_05,11.0,11,ambiguous_duplicate_seat,2,s112084503066;s112084503034
W2,s112084503025,84503,8.0,2,online_enemy,v14_2_01,17.0,17,ambiguous_duplicate_seat,2,s112084503071;s113084503003
W2,s112084503025,84503,8.0,2,offline_friend,v14_3_01,6.0,6,ambiguous_duplicate_seat,2,s112084503061;s112084503029
W2,s112084503025,84503,8.0,2,offline_friend,v14_3_02,8.0,8,ambiguous_duplicate_seat,2,s112084503063;s112084503031
W2,s112084503025,84503,8.0,2,offline_friend,v14_3_03,7.0,7,ambiguous_duplicate_seat,2,s112084503062;s112084503030
W2,s112084503025,84503,8.0,2,offline_friend,v14_3_05,11.0,11,ambiguous_duplicate_seat,2,s112084503066;s112084503034
W2,s112084503026,84503,8.0,3,online_friend,v14_1_01,4.0,4,ambiguous_duplicate_seat,2,s112084503059;s112084503027
W2,s112084503026,84503,8.0,3,online_friend,v14_1_03,9.0,9,ambiguous_duplicate_seat,2,s112084503064;s112084503032
W2,s112084503026,84503,8.0,3,online_friend,v14_1_04,15.0,15,ambiguous_duplicate_seat,2,s112084503070;s112084503038
W2,s112084503026,84503,8.0,3,online_friend,v14_1_05,1.0,1,ambiguous_duplicate_seat,2,s112084503056;s112084503024
W2,s112084503026,84503,8.0,3,offline_friend,v14_3_01,1.0,1,ambiguous_duplicate_seat,2,s112084503056;s112084503024
W2,s112084503026,84503,8.0,3,offline_friend,v14_3_02,4.0,4,ambiguous_duplicate_seat,2,s112084503059;s112084503027
W2,s112084503026,84503,8.0,3,offline_friend,v14_3_04,9.0,9,ambiguous_duplicate_seat,2,s112084503064;s112084503032
W2,s112084503026,84503,8.0,3,offline_friend,v14_3_05,15.0,15,ambiguous_duplicate_seat,2,s112084503070;s112084503038
W2,s112084503027,84503,8.0,4,online_friend,v14_1_01,3.0,3,ambiguous_duplicate_seat,2,s112084503058;s112084503026
W2,s112084503027,84503,8.0,4,online_friend,v14_1_03,9.0,9,ambiguous_duplicate_seat,2,s112084503064;s112084503032
W2,s112084503027,84503,8.0,4,online_enemy,v14_2_01,17.0,17,ambiguous_duplicate_seat,2,s112084503071;s113084503003
W2,s112084503027,84503,8.0,4,offline_friend,v14_3_01,3.0,3,ambiguous_duplicate_seat,2,s112084503058;s112084503026
W2,s112084503027,84503,8.0,4,offline_friend,v14_3_03,9.0,9,ambiguous_duplicate_seat,2,s112084503064;s112084503032
W2,s112084503027,84503,8.0,4,offline_enemy,v14_4_01,17.0,17,ambiguous_duplicate_seat,2,s112084503071;s113084503003
W2,s112084503028,84503,8.0,5,online_friend,v14_1_01,3.0,3,ambiguous_duplicate_seat,2,s112084503058;s112084503026
W2,s112084503028,84503,8.0,5,online_friend,v14_1_02,9.0,9,ambiguous_duplicate_seat,2,s112084503064;s112084503032
W2,s112084503028,84503,8.0,5,online_friend,v14_1_03,15.0,15,ambiguous_duplicate_seat,2,s112084503070;s112084503038
W2,s112084503028,84503,8.0,5,online_friend,v14_1_04,4.0,4,ambiguous_duplicate_seat,2,s112084503059;s112084503027
W2,s112084503028,84503,8.0,5,online_friend,v14_1_05,6.0,6,ambiguous_duplicate_seat,2,s112084503061;s112084503029
W2,s112084503028,84503,8.0,5,online_enemy,v14_2_01,27.0,27,ambiguous_duplicate_seat,2,s112084503081;s112084503049
W2,s112084503028,84503,8.0,5,offline_friend,v14_3_01,3.0,3,ambiguous_duplicate_seat,2,s112084503058;s112084503026
W2,s112084503028,84503,8.0,5,offline_friend,v14_3_02,9.0,9,ambiguous_duplicate_seat,2,s112084503064;s112084503032
W2,s112084503028,84503,8.0,5,offline_friend,v14_3_03,15.0,15,ambiguous_duplicate_seat,2,s112084503070;s112084503038
W2,s112084503028,84503,8.0,5,offline_friend,v14_3_04,4.0,4,ambiguous_duplicate_seat,2,s112084503059;s112084503027
W2,s112084503028,84503,8.0,5,offline_enemy,v14_4_01,27.0,27,ambiguous_duplicate_seat,2,s112084503081;s112084503049
W2,s112084503029,84503,8.0,6,online_friend,v14_1_01,1.0,1,ambiguous_duplicate_seat,2,s112084503056;s112084503024
W2,s112084503029,84503,8.0,6,online_friend,v14_1_03,8.0,8,ambiguous_duplicate_seat,2,s112084503063;s112084503031
W2,s112084503029,84503,8.0,6,online_friend,v14_1_05,9.0,9,ambiguous_duplicate_seat,2,s112084503064;s112084503032
W2,s112084503029,84503,8.0,6,online_enemy,v14_2_01,27.0,27,ambiguous_duplicate_seat,2,s112084503081;s112084503049
W2,s112084503029,84503,8.0,6,offline_friend,v14_3_01,2.0,2,ambiguous_duplicate_seat,2,s112084503057;s112084503025
W2,s112084503029,84503,8.0,6,offline_friend,v14_3_02,7.0,7,ambiguous_duplicate_seat,2,s112084503062;s112084503030
W2,s112084503029,84503,8.0,6,offline_friend,v14_3_03,11.0,11,ambiguous_duplicate_seat,2,s112084503066;s112084503034
W2,s112084503029,84503,8.0,6,offline_enemy,v14_4_01,27.0,27,ambiguous_duplicate_seat,2,s112084503081;s112084503049
W2,s112084503030,84503,8.0,7,online_friend,v14_1_01,8.0,8,ambiguous_duplicate_seat,2,s112084503063;s112084503031
W2,s112084503030,84503,8.0,7,online_friend,v14_1_02,2.0,2,ambiguous_duplicate_seat,2,s112084503057;s112084503025
W2,s112084503030,84503,8.0,7,online_friend,v14_1_03,6.0,6,ambiguous_duplicate_seat,2,s112084503061;s112084503029
W2,s112084503030,84503,8.0,7,online_friend,v14_1_04,11.0,11,ambiguous_duplicate_seat,2,s112084503066;s112084503034
W2,s112084503030,84503,8.0,7,offline_friend,v14_3_01,2.0,2,ambiguous_duplicate_seat,2,s112084503057;s112084503025
W2,s112084503030,84503,8.0,7,offline_friend,v14_3_02,6.0,6,ambiguous_duplicate_seat,2,s112084503061;s112084503029
W2,s112084503030,84503,8.0,7,offline_friend,v14_3_03,8.0,8,ambiguous_duplicate_seat,2,s112084503063;s112084503031
W2,s112084503030,84503,8.0,7,offline_friend,v14_3_04,11.0,11,ambiguous_duplicate_seat,2,s112084503066;s112084503034
W2,s112084503032,84503,8.0,9,online_friend,v14_1_02,3.0,3,ambiguous_duplicate_seat,2,s112084503058;s112084503026
W2,s112084503032,84503,8.0,9,online_friend,v14_1_03,6.0,6,ambiguous_duplicate_seat,2,s112084503061;s112084503029
W2,s112084503032,84503,8.0,9,online_friend,v14_1_04,1.0,1,ambiguous_duplicate_seat,2,s112084503056;s112084503024
W2,s112084503032,84503,8.0,9,online_friend,v14_1_05,8.0,8,ambiguous_duplicate_seat,2,s112084503063;s112084503031
W2,s112084503032,84503,8.0,9,online_enemy,v14_2_01,30.0,30,ambiguous_duplicate_seat,2,s112084503085;s113084503004
W2,s112084503032,84503,8.0,9,online_enemy,v14_2_02,27.0,27,ambiguous_duplicate_seat,2,s112084503081;s112084503049
W2,s112084503032,84503,8.0,9,offline_friend,v14_3_02,3.0,3,ambiguous_duplicate_seat,2,s112084503058;s112084503026
W2,s112084503032,84503,8.0,9,offline_friend,v14_3_03,4.0,4,ambiguous_duplicate_seat,2,s112084503059;s112084503027
W2,s112084503032,84503,8.0,9,offline_friend,v14_3_04,8.0,8,ambiguous_duplicate_seat,2,s112084503063;s112084503031
W2,s112084503032,84503,8.0,9,offline_friend,v14_3_05,7.0,7,ambiguous_duplicate_seat,2,s112084503062;s112084503030
W2,s112084503032,84503,8.0,9,offline_enemy,v14_4_01,30.0,30,ambiguous_duplicate_seat,2,s112084503085;s113084503004
W2,s112084503032,84503,8.0,9,offline_enemy,v14_4_02,27.0,27,ambiguous_duplicate_seat,2,s112084503081;s112084503049
W2,s112084503032,84503,8.0,9,offline_enemy,v14_4_03,26.0,26,ambiguous_duplicate_seat,2,s112084503080;s112084503048
W2,s112084503034,84503,8.0,11,online_friend,v14_1_02,6.0,6,ambiguous_duplicate_seat,2,s112084503061;s112084503029
W2,s112084503034,84503,8.0,11,online_friend,v14_1_03,2.0,2,ambiguous_duplicate_seat,2,s112084503057;s112084503025
W2,s112084503034,84503,8.0,11,online_friend,v14_1_04,8.0,8,ambiguous_duplicate_seat,2,s112084503063;s112084503031
W2,s112084503034,84503,8.0,11,online_friend,v14_1_05,7.0,7,ambiguous_duplicate_seat,2,s112084503062;s112084503030
W2,s112084503034,84503,8.0,11,online_enemy,v14_2_01,17.0,17,ambiguous_duplicate_seat,2,s112084503071;s113084503003
W2,s112084503034,84503,8.0,11,offline_friend,v14_3_02,2.0,2,ambiguous_duplicate_seat,2,s112084503057;s112084503025
W2,s112084503034,84503,8.0,11,offline_friend,v14_3_03,6.0,6,ambiguous_duplicate_seat,2,s112084503061;s112084503029
W2,s112084503034,84503,8.0,11,offline_friend,v14_3_04,8.0,8,ambiguous_duplicate_seat,2,s112084503063;s112084503031
W2,s112084503034,84503,8.0,11,offline_friend,v14_3_05,7.0,7,ambiguous_duplicate_seat,2,s112084503062;s112084503030
W2,s112084503034,84503,8.0,11,offline_enemy,v14_4_01,17.0,17,ambiguous_duplicate_seat,2,s112084503071;s113084503003
W2,s112084503035,84503,8.0,12,online_friend,v14_1_01,11.0,11,ambiguous_duplicate_seat,2,s112084503066;s112084503034
W2,s112084503035,84503,8.0,12,online_friend,v14_1_05,6.0,6,ambiguous_duplicate_seat,2,s112084503061;s112084503029
W2,s112084503035,84503,8.0,12,online_enemy,v14_2_01,17.0,17,ambiguous_duplicate_seat,2,s112084503071;s113084503003
W2,s112084503035,84503,8.0,12,offline_enemy,v14_4_01,17.0,17,ambiguous_duplicate_seat,2,s112084503071;s113084503003
W2,s112084503038,84503,8.0,15,online_friend,v14_1_01,3.0,3,ambiguous_duplicate_seat,2,s112084503058;s112084503026
W2,s112084503038,84503,8.0,15,online_friend,v14_1_03,9.0,9,ambiguous_duplicate_seat,2,s112084503064;s112084503032
W2,s112084503038,84503,8.0,15,online_friend,v14_1_05,6.0,6,ambiguous_duplicate_seat,2,s112084503061;s112084503029
W2,s112084503038,84503,8.0,15,online_enemy,v14_2_01,17.0,17,ambiguous_duplicate_seat,2,s112084503071;s113084503003
W2,s112084503038,84503,8.0,15,offline_friend,v14_3_01,3.0,3,ambiguous_duplicate_seat,2,s112084503058;s112084503026
W2,s112084503038,84503,8.0,15,offline_friend,v14_3_03,9.0,9,ambiguous_duplicate_seat,2,s112084503064;s112084503032
W2,s112084503038,84503,8.0,15,offline_friend,v14_3_04,6.0,6,ambiguous_duplicate_seat,2,s112084503061;s112084503029
W2,s112084503038,84503,8.0,15,offline_enemy,v14_4_01,17.0,17,ambiguous_duplicate_seat,2,s112084503071;s113084503003
W2,s112084503039,84503,8.0,18,online_friend,v14_1_01,27.0,27,ambiguous_duplicate_seat,2,s112084503081;s112084503049
W2,s112084503039,84503,8.0,18,online_friend,v14_1_02,29.0,29,ambiguous_duplicate_seat,2,s112084503083;s112084503053
W2,s112084503039,84503,8.0,18,online_friend,v14_1_03,2.0,2,ambiguous_duplicate_seat,2,s112084503057;s112084503025
W2,s112084503039,84503,8.0,18,online_friend,v14_1_04,7.0,7,ambiguous_duplicate_seat,2,s112084503062;s112084503030
W2,s112084503039,84503,8.0,18,online_friend,v14_1_05,11.0,11,ambiguous_duplicate_seat,2,s112084503066;s112084503034
W2,s112084503039,84503,8.0,18,online_enemy,v14_2_03,30.0,30,ambiguous_duplicate_seat,2,s112084503085;s113084503004
W2,s112084503039,84503,8.0,18,offline_friend,v14_3_01,27.0,27,ambiguous_duplicate_seat,2,s112084503081;s112084503049
W2,s112084503039,84503,8.0,18,offline_friend,v14_3_02,11.0,11,ambiguous_duplicate_seat,2,s112084503066;s112084503034
W2,s112084503039,84503,8.0,18,offline_friend,v14_3_03,7.0,7,ambiguous_duplicate_seat,2,s112084503062;s112084503030
W2,s112084503039,84503,8.0,18,offline_friend,v14_3_04,2.0,2,ambiguous_duplicate_seat,2,s112084503057;s112084503025
W2,s112084503039,84503,8.0,18,offline_friend,v14_3_05,29.0,29,ambiguous_duplicate_seat,2,s112084503083;s112084503053
W2,s112084503039,84503,8.0,18,offline_enemy,v14_4_02,30.0,30,ambiguous_duplicate_seat,2,s112084503085;s113084503004
W2,s112084503040,84503,8.0,19,online_friend,v14_1_01,22.0,22,ambiguous_duplicate_seat,2,s112084503076;s112084503043
W2,s112084503040,84503,8.0,19,online_friend,v14_1_02,23.0,23,ambiguous_duplicate_seat,2,s112084503077;s112084503044
W2,s112084503040,84503,8.0,19,online_friend,v14_1_04,26.0,26,ambiguous_duplicate_seat,2,s112084503080;s112084503048
W2,s112084503040,84503,8.0,19,online_friend,v14_1_05,28.0,28,ambiguous_duplicate_seat,2,s112084503082;s112084503050
W2,s112084503040,84503,8.0,19,offline_friend,v14_3_01,22.0,22,ambiguous_duplicate_seat,2,s112084503076;s112084503043
W2,s112084503040,84503,8.0,19,offline_friend,v14_3_02,23.0,23,ambiguous_duplicate_seat,2,s112084503077;s112084503044
W2,s112084503040,84503,8.0,19,offline_friend,v14_3_04,26.0,26,ambiguous_duplicate_seat,2,s112084503080;s112084503048
W2,s112084503040,84503,8.0,19,offline_friend,v14_3_05,28.0,28,ambiguous_duplicate_seat,2,s112084503082;s112084503050
W2,s112084503042,84503,8.0,21,online_friend,v14_1_01,26.0,26,ambiguous_duplicate_seat,2,s112084503080;s112084503048
W2,s112084503042,84503,8.0,21,online_friend,v14_1_02,30.0,30,ambiguous_duplicate_seat,2,s112084503085;s113084503004
W2,s112084503042,84503,8.0,21,online_friend,v14_1_04,25.0,25,ambiguous_duplicate_seat,2,s112084503079;s112084503047
W2,s112084503042,84503,8.0,21,online_enemy,v14_2_03,17.0,17,ambiguous_duplicate_seat,2,s112084503071;s113084503003
W2,s112084503042,84503,8.0,21,online_enemy,v14_2_04,15.0,15,ambiguous_duplicate_seat,2,s112084503070;s112084503038
W2,s112084503042,84503,8.0,21,online_enemy,v14_2_05,11.0,11,ambiguous_duplicate_seat,2,s112084503066;s112084503034
W2,s112084503042,84503,8.0,21,offline_friend,v14_3_01,30.0,30,ambiguous_duplicate_seat,2,s112084503085;s113084503004
W2,s112084503042,84503,8.0,21,offline_friend,v14_3_02,26.0,26,ambiguous_duplicate_seat,2,s112084503080;s112084503048
W2,s112084503042,84503,8.0,21,offline_friend,v14_3_03,25.0,25,ambiguous_duplicate_seat,2,s112084503079;s112084503047
W2,s112084503042,84503,8.0,21,offline_enemy,v14_4_04,9.0,9,ambiguous_duplicate_seat,2,s112084503064;s112084503032
W2,s112084503042,84503,8.0,21,offline_enemy,v14_4_05,4.0,4,ambiguous_duplicate_seat,2,s112084503059;s112084503027
W2,s112084503043,84503,8.0,22,online_friend,v14_1_01,19.0,19,ambiguous_duplicate_seat,2,s112084503073;s112084503040
W2,s112084503043,84503,8.0,22,online_friend,v14_1_02,23.0,23,ambiguous_duplicate_seat,2,s112084503077;s112084503044
W2,s112084503043,84503,8.0,22,online_friend,v14_1_03,28.0,28,ambiguous_duplicate_seat,2,s112084503082;s112084503050
W2,s112084503043,84503,8.0,22,online_enemy,v14_2_01,17.0,17,ambiguous_duplicate_seat,2,s112084503071;s113084503003
W2,s112084503043,84503,8.0,22,offline_friend,v14_3_01,19.0,19,ambiguous_duplicate_seat,2,s112084503073;s112084503040
W2,s112084503043,84503,8.0,22,offline_friend,v14_3_02,23.0,23,ambiguous_duplicate_seat,2,s112084503077;s112084503044
W2,s112084503043,84503,8.0,22,offline_friend,v14_3_03,28.0,28,ambiguous_duplicate_seat,2,s112084503082;s112084503050
W2,s112084503044,84503,8.0,23,online_friend,v14_1_01,22.0,22,ambiguous_duplicate_seat,2,s112084503076;s112084503043
W2,s112084503044,84503,8.0,23,online_friend,v14_1_02,19.0,19,ambiguous_duplicate_seat,2,s112084503073;s112084503040
W2,s112084503044,84503,8.0,23,online_friend,v14_1_04,28.0,28,ambiguous_duplicate_seat,2,s112084503082;s112084503050
W2,s112084503044,84503,8.0,23,online_enemy,v14_2_01,17.0,17,ambiguous_duplicate_seat,2,s112084503071;s113084503003
W2,s112084503044,84503,8.0,23,online_enemy,v14_2_02,15.0,15,ambiguous_duplicate_seat,2,s112084503070;s112084503038
W2,s112084503044,84503,8.0,23,offline_friend,v14_3_01,22.0,22,ambiguous_duplicate_seat,2,s112084503076;s112084503043
W2,s112084503044,84503,8.0,23,offline_friend,v14_3_02,19.0,19,ambiguous_duplicate_seat,2,s112084503073;s112084503040
W2,s112084503044,84503,8.0,23,offline_friend,v14_3_05,28.0,28,ambiguous_duplicate_seat,2,s112084503082;s112084503050
W2,s112084503044,84503,8.0,23,offline_enemy,v14_4_02,17.0,17,ambiguous_duplicate_seat,2,s112084503071;s113084503003
W2,s112084503044,84503,8.0,23,offline_enemy,v14_4_03,15.0,15,ambiguous_duplicate_seat,2,s112084503070;s112084503038
W2,s112084503044,84503,8.0,23,offline_enemy,v14_4_04,7.0,7,ambiguous_duplicate_seat,2,s112084503062;s112084503030
W2,s112084503044,84503,8.0,23,offline_enemy,v14_4_05,27.0,27,ambiguous_duplicate_seat,2,s112084503081;s112084503049
W2,s112084503047,84503,8.0,25,online_friend,v14_1_04,30.0,30,ambiguous_duplicate_seat,2,s112084503085;s113084503004
W2,s112084503047,84503,8.0,25,online_friend,v14_1_05,29.0,29,ambiguous_duplicate_seat,2,s112084503083;s112084503053
W2,s112084503047,84503,8.0,25,online_enemy,v14_2_01,11.0,11,ambiguous_duplicate_seat,2,s112084503066;s112084503034
W2,s112084503047,84503,8.0,25,online_enemy,v14_2_02,17.0,17,ambiguous_duplicate_seat,2,s112084503071;s113084503003
W2,s112084503047,84503,8.0,25,offline_friend,v14_3_05,30.0,30,ambiguous_duplicate_seat,2,s112084503085;s113084503004
W2,s112084503047,84503,8.0,25,offline_enemy,v14_4_01,11.0,11,ambiguous_duplicate_seat,2,s112084503066;s112084503034
W2,s112084503047,84503,8.0,25,offline_enemy,v14_4_02,17.0,17,ambiguous_duplicate_seat,2,s112084503071;s113084503003
W2,s112084503048,84503,8.0,26,online_friend,v14_1_01,30.0,30,ambiguous_duplicate_seat,2,s112084503085;s113084503004
W2,s112084503048,84503,8.0,26,online_friend,v14_1_04,28.0,28,ambiguous_duplicate_seat,2,s112084503082;s112084503050
W2,s112084503048,84503,8.0,26,offline_friend,v14_3_01,30.0,30,ambiguous_duplicate_seat,2,s112084503085;s113084503004
W2,s112084503048,84503,8.0,26,offline_friend,v14_3_04,28.0,28,ambiguous_duplicate_seat,2,s112084503082;s112084503050
W2,s112084503049,84503,8.0,27,online_friend,v14_1_01,29.0,29,ambiguous_duplicate_seat,2,s112084503083;s112084503053
W2,s112084503049,84503,8.0,27,online_friend,v14_1_04,23.0,23,ambiguous_duplicate_seat,2,s112084503077;s112084503044
W2,s112084503049,84503,8.0,27,online_friend,v14_1_05,25.0,25,ambiguous_duplicate_seat,2,s112084503079;s112084503047
W2,s112084503049,84503,8.0,27,online_enemy,v14_2_02,11.0,11,ambiguous_duplicate_seat,2,s112084503066;s112084503034
W2,s112084503049,84503,8.0,27,online_enemy,v14_2_04,30.0,30,ambiguous_duplicate_seat,2,s112084503085;s113084503004
W2,s112084503049,84503,8.0,27,online_enemy,v14_2_05,17.0,17,ambiguous_duplicate_seat,2,s112084503071;s113084503003
W2,s112084503049,84503,8.0,27,offline_friend,v14_3_02,29.0,29,ambiguous_duplicate_seat,2,s112084503083;s112084503053
W2,s112084503049,84503,8.0,27,offline_friend,v14_3_05,25.0,25,ambiguous_duplicate_seat,2,s112084503079;s112084503047
W2,s112084503049,84503,8.0,27,offline_enemy,v14_4_02,11.0,11,ambiguous_duplicate_seat,2,s112084503066;s112084503034
W2,s112084503049,84503,8.0,27,offline_enemy,v14_4_03,30.0,30,ambiguous_duplicate_seat,2,s112084503085;s113084503004
W2,s112084503049,84503,8.0,27,offline_enemy,v14_4_05,17.0,17,ambiguous_duplicate_seat,2,s112084503071;s113084503003
W2,s112084503050,84503,8.0,28,online_friend,v14_1_01,19.0,19,ambiguous_duplicate_seat,2,s112084503073;s112084503040
W2,s112084503050,84503,8.0,28,online_friend,v14_1_02,22.0,22,ambiguous_duplicate_seat,2,s112084503076;s112084503043
W2,s112084503050,84503,8.0,28,online_friend,v14_1_03,26.0,26,ambiguous_duplicate_seat,2,s112084503080;s112084503048
W2,s112084503050,84503,8.0,28,online_friend,v14_1_04,29.0,29,ambiguous_duplicate_seat,2,s112084503083;s112084503053
W2,s112084503050,84503,8.0,28,online_friend,v14_1_05,30.0,30,ambiguous_duplicate_seat,2,s112084503085;s113084503004
W2,s112084503050,84503,8.0,28,online_enemy,v14_2_01,2.0,2,ambiguous_duplicate_seat,2,s112084503057;s112084503025
W2,s112084503050,84503,8.0,28,online_enemy,v14_2_02,17.0,17,ambiguous_duplicate_seat,2,s112084503071;s113084503003
W2,s112084503050,84503,8.0,28,online_enemy,v14_2_05,25.0,25,ambiguous_duplicate_seat,2,s112084503079;s112084503047
W2,s112084503050,84503,8.0,28,offline_friend,v14_3_01,30.0,30,ambiguous_duplicate_seat,2,s112084503085;s113084503004
W2,s112084503050,84503,8.0,28,offline_friend,v14_3_02,19.0,19,ambiguous_duplicate_seat,2,s112084503073;s112084503040
W2,s112084503050,84503,8.0,28,offline_friend,v14_3_03,22.0,22,ambiguous_duplicate_seat,2,s112084503076;s112084503043
W2,s112084503050,84503,8.0,28,offline_friend,v14_3_04,26.0,26,ambiguous_duplicate_seat,2,s112084503080;s112084503048
W2,s112084503050,84503,8.0,28,offline_enemy,v14_4_01,2.0,2,ambiguous_duplicate_seat,2,s112084503057;s112084503025
W2,s112084503050,84503,8.0,28,offline_enemy,v14_4_02,15.0,15,ambiguous_duplicate_seat,2,s112084503070;s112084503038
W2,s112084503050,84503,8.0,28,offline_enemy,v14_4_03,17.0,17,ambiguous_duplicate_seat,2,s112084503071;s113084503003
W2,s112084503052,84503,8.0,16,online_friend,v14_1_02,1.0,1,ambiguous_duplicate_seat,2,s112084503056;s112084503024
W2,s112084503052,84503,8.0,16,online_friend,v14_1_03,6.0,6,ambiguous_duplicate_seat,2,s112084503061;s112084503029
W2,s112084503052,84503,8.0,16,online_friend,v14_1_05,8.0,8,ambiguous_duplicate_seat,2,s112084503063;s112084503031
W2,s112084503052,84503,8.0,16,offline_friend,v14_3_02,2.0,2,ambiguous_duplicate_seat,2,s112084503057;s112084503025
W2,s112084503052,84503,8.0,16,offline_friend,v14_3_03,7.0,7,ambiguous_duplicate_seat,2,s112084503062;s112084503030
W2,s112084503052,84503,8.0,16,offline_friend,v14_3_04,8.0,8,ambiguous_duplicate_seat,2,s112084503063;s112084503031
W2,s112084503052,84503,8.0,16,offline_friend,v14_3_05,9.0,9,ambiguous_duplicate_seat,2,s112084503064;s112084503032
W2,s112084503052,84503,8.0,16,offline_enemy,v14_4_01,17.0,17,ambiguous_duplicate_seat,2,s112084503071;s113084503003
W2,s112084503053,84503,8.0,29,online_friend,v14_1_01,19.0,19,ambiguous_duplicate_seat,2,s112084503073;s112084503040
W2,s112084503053,84503,8.0,29,online_friend,v14_1_03,28.0,28,ambiguous_duplicate_seat,2,s112084503082;s112084503050
W2,s112084503053,84503,8.0,29,online_friend,v14_1_05,7.0,7,ambiguous_duplicate_seat,2,s112084503062;s112084503030
W2,s112084503053,84503,8.0,29,offline_friend,v14_3_01,28.0,28,ambiguous_duplicate_seat,2,s112084503082;s112084503050
W2,s112084503053,84503,8.0,29,offline_friend,v14_3_02,7.0,7,ambiguous_duplicate_seat,2,s112084503062;s112084503030
W2,s112084503053,84503,8.0,29,offline_friend,v14_3_03,19.0,19,ambiguous_duplicate_seat,2,s112084503073;s112084503040
W2,s113084503003,84503,8.0,17,online_friend,v14_1_01,7.0,7,ambiguous_duplicate_seat,2,s112084503062;s112084503030
W2,s113084503003,84503,8.0,17,online_friend,v14_1_02,8.0,8,ambiguous_duplicate_seat,2,s112084503063;s112084503031
W2,s113084503003,84503,8.0,17,online_friend,v14_1_03,2.0,2,ambiguous_duplicate_seat,2,s112084503057;s112084503025
W2,s113084503003,84503,8.0,17,online_friend,v14_1_04,6.0,6,ambiguous_duplicate_seat,2,s112084503061;s112084503029
W2,s113084503003,84503,8.0,17,online_enemy,v14_2_01,11.0,11,ambiguous_duplicate_seat,2,s112084503066;s112084503034
W2,s113084503003,84503,8.0,17,offline_friend,v14_3_01,6.0,6,ambiguous_duplicate_seat,2,s112084503061;s112084503029
W2,s113084503003,84503,8.0,17,offline_friend,v14_3_02,7.0,7,ambiguous_duplicate_seat,2,s112084503062;s112084503030
W2,s113084503003,84503,8.0,17,offline_friend,v14_3_03,8.0,8,ambiguous_duplicate_seat,2,s112084503063;s112084503031
W2,s113084503003,84503,8.0,17,offline_friend,v14_3_04,2.0,2,ambiguous_duplicate_seat,2,s112084503057;s112084503025
W2,s113084503003,84503,8.0,17,offline_enemy,v14_4_01,11.0,11,ambiguous_duplicate_seat,2,s112084503066;s112084503034
W2,s113084503004,84503,8.0,30,online_friend,v14_1_01,26.0,26,ambiguous_duplicate_seat,2,s112084503080;s112084503048
W2,s113084503004,84503,8.0,30,online_friend,v14_1_04,28.0,28,ambiguous_duplicate_seat,2,s112084503082;s112084503050
W2,s113084503004,84503,8.0,30,offline_friend,v14_3_01,26.0,26,ambiguous_duplicate_seat,2,s112084503080;s112084503048
W2,s113084503004,84503,8.0,30,offline_friend,v14_3_04,28.0,28,ambiguous_duplicate_seat,2,s112084503082;s112084503050
W2,s113084503004,84503,8.0,30,offline_friend,v14_3_05,30.0,30,ambiguous_duplicate_seat,2,s112084503085;s113084503004
W2,s112114523025,114523,8.0,2,offline_friend,v14_3_05,9.0,9,ambiguous_duplicate_seat,2,s112114523032;s112114523062
W2,s112114523025,114523,8.0,2,offline_enemy,v14_4_01,24.0,24,ambiguous_duplicate_seat,2,s112114523047;s112114523076
W2,s112114523025,114523,8.0,2,offline_enemy,v14_4_02,27.0,27,ambiguous_duplicate_seat,2,s112114523050;s112114523079
W2,s112114523025,114523,8.0,2,offline_enemy,v14_4_03,16.0,16,ambiguous_duplicate_seat,2,s112114523039;s112114523069
W2,s112114523026,114523,8.0,3,online_enemy,v14_2_01,20.0,20,ambiguous_duplicate_seat,2,s112114523043;s112114523073
W2,s112114523026,114523,8.0,3,offline_enemy,v14_4_01,20.0,20,ambiguous_duplicate_seat,2,s112114523043;s112114523073
W2,s112114523027,114523,8.0,4,online_friend,v14_1_03,16.0,16,ambiguous_duplicate_seat,2,s112114523039;s112114523069
W2,s112114523027,114523,8.0,4,online_friend,v14_1_04,27.0,27,ambiguous_duplicate_seat,2,s112114523050;s112114523079
W2,s112114523027,114523,8.0,4,online_friend,v14_1_05,19.0,19,ambiguous_duplicate_seat,2,s112114523042;s112114523072
W2,s112114523027,114523,8.0,4,offline_friend,v14_3_04,7.0,7,ambiguous_duplicate_seat,2,s112114523030;s112114523060
W2,s112114523027,114523,8.0,4,offline_friend,v14_3_05,16.0,16,ambiguous_duplicate_seat,2,s112114523039;s112114523069
W2,s112114523027,114523,8.0,4,offline_enemy,v14_4_01,20.0,20,ambiguous_duplicate_seat,2,s112114523043;s112114523073
W2,s112114523028,114523,8.0,5,online_friend,v14_1_01,16.0,16,ambiguous_duplicate_seat,2,s112114523039;s112114523069
W2,s112114523028,114523,8.0,5,offline_friend,v14_3_02,7.0,7,ambiguous_duplicate_seat,2,s112114523030;s112114523060
W2,s112114523028,114523,8.0,5,offline_friend,v14_3_04,16.0,16,ambiguous_duplicate_seat,2,s112114523039;s112114523069
W2,s112114523028,114523,8.0,5,offline_enemy,v14_4_03,20.0,20,ambiguous_duplicate_seat,2,s112114523043;s112114523073
W2,s112114523029,114523,8.0,6,online_friend,v14_1_02,7.0,7,ambiguous_duplicate_seat,2,s112114523030;s112114523060
W2,s112114523029,114523,8.0,6,online_friend,v14_1_03,8.0,8,ambiguous_duplicate_seat,2,s112114523031;s112114523061
W2,s112114523029,114523,8.0,6,online_friend,v14_1_04,9.0,9,ambiguous_duplicate_seat,2,s112114523032;s112114523062
W2,s112114523029,114523,8.0,6,offline_friend,v14_3_03,7.0,7,ambiguous_duplicate_seat,2,s112114523030;s112114523060
W2,s112114523029,114523,8.0,6,offline_friend,v14_3_04,8.0,8,ambiguous_duplicate_seat,2,s112114523031;s112114523061
W2,s112114523029,114523,8.0,6,offline_friend,v14_3_05,9.0,9,ambiguous_duplicate_seat,2,s112114523032;s112114523062
W2,s112114523030,114523,8.0,7,online_friend,v14_1_02,8.0,8,ambiguous_duplicate_seat,2,s112114523031;s112114523061
W2,s112114523030,114523,8.0,7,online_enemy,v14_2_02,20.0,20,ambiguous_duplicate_seat,2,s112114523043;s112114523073
W2,s112114523030,114523,8.0,7,offline_friend,v14_3_03,8.0,8,ambiguous_duplicate_seat,2,s112114523031;s112114523061
W2,s112114523030,114523,8.0,7,offline_enemy,v14_4_02,20.0,20,ambiguous_duplicate_seat,2,s112114523043;s112114523073
W2,s112114523031,114523,8.0,8,online_friend,v14_1_01,7.0,7,ambiguous_duplicate_seat,2,s112114523030;s112114523060
W2,s112114523031,114523,8.0,8,online_friend,v14_1_02,9.0,9,ambiguous_duplicate_seat,2,s112114523032;s112114523062
W2,s112114523031,114523,8.0,8,online_friend,v14_1_04,19.0,19,ambiguous_duplicate_seat,2,s112114523042;s112114523072
W2,s112114523031,114523,8.0,8,online_enemy,v14_2_04,20.0,20,ambiguous_duplicate_seat,2,s112114523043;s112114523073
W2,s112114523031,114523,8.0,8,offline_friend,v14_3_01,7.0,7,ambiguous_duplicate_seat,2,s112114523030;s112114523060
W2,s112114523031,114523,8.0,8,offline_friend,v14_3_02,9.0,9,ambiguous_duplicate_seat,2,s112114523032;s112114523062
W2,s112114523031,114523,8.0,8,offline_friend,v14_3_03,19.0,19,ambiguous_duplicate_seat,2,s112114523042;s112114523072
W2,s112114523031,114523,8.0,8,offline_enemy,v14_4_03,20.0,20,ambiguous_duplicate_seat,2,s112114523043;s112114523073
W2,s112114523032,114523,8.0,9,online_friend,v14_1_02,19.0,19,ambiguous_duplicate_seat,2,s112114523042;s112114523072
W2,s112114523032,114523,8.0,9,online_friend,v14_1_03,16.0,16,ambiguous_duplicate_seat,2,s112114523039;s112114523069
W2,s112114523032,114523,8.0,9,online_friend,v14_1_04,24.0,24,ambiguous_duplicate_seat,2,s112114523047;s112114523076
W2,s112114523032,114523,8.0,9,offline_friend,v14_3_01,16.0,16,ambiguous_duplicate_seat,2,s112114523039;s112114523069
W2,s112114523032,114523,8.0,9,offline_friend,v14_3_02,27.0,27,ambiguous_duplicate_seat,2,s112114523050;s112114523079
W2,s112114523032,114523,8.0,9,offline_friend,v14_3_04,19.0,19,ambiguous_duplicate_seat,2,s112114523042;s112114523072
W2,s112114523032,114523,8.0,9,offline_friend,v14_3_05,8.0,8,ambiguous_duplicate_seat,2,s112114523031;s112114523061
W2,s112114523034,114523,8.0,11,online_friend,v14_1_01,9.0,9,ambiguous_duplicate_seat,2,s112114523032;s112114523062
W2,s112114523034,114523,8.0,11,online_friend,v14_1_05,19.0,19,ambiguous_duplicate_seat,2,s112114523042;s112114523072
W2,s112114523034,114523,8.0,11,offline_friend,v14_3_01,9.0,9,ambiguous_duplicate_seat,2,s112114523032;s112114523062
W2,s112114523034,114523,8.0,11,offline_friend,v14_3_05,19.0,19,ambiguous_duplicate_seat,2,s112114523042;s112114523072
W2,s112114523037,114523,8.0,14,online_friend,v14_1_01,16.0,16,ambiguous_duplicate_seat,2,s112114523039;s112114523069
W2,s112114523037,114523,8.0,14,online_friend,v14_1_03,27.0,27,ambiguous_duplicate_seat,2,s112114523050;s112114523079
W2,s112114523037,114523,8.0,14,online_friend,v14_1_04,24.0,24,ambiguous_duplicate_seat,2,s112114523047;s112114523076
W2,s112114523037,114523,8.0,14,offline_friend,v14_3_01,16.0,16,ambiguous_duplicate_seat,2,s112114523039;s112114523069
W2,s112114523037,114523,8.0,14,offline_friend,v14_3_02,24.0,24,ambiguous_duplicate_seat,2,s112114523047;s112114523076
W2,s112114523037,114523,8.0,14,offline_friend,v14_3_03,27.0,27,ambiguous_duplicate_seat,2,s112114523050;s112114523079
W2,s112114523037,114523,8.0,14,offline_friend,v14_3_05,19.0,19,ambiguous_duplicate_seat,2,s112114523042;s112114523072
W2,s112114523038,114523,8.0,15,online_friend,v14_1_04,20.0,20,ambiguous_duplicate_seat,2,s112114523043;s112114523073
W2,s112114523039,114523,8.0,16,online_friend,v14_1_01,24.0,24,ambiguous_duplicate_seat,2,s112114523047;s112114523076
W2,s112114523039,114523,8.0,16,online_friend,v14_1_03,27.0,27,ambiguous_duplicate_seat,2,s112114523050;s112114523079
W2,s112114523039,114523,8.0,16,online_enemy,v14_2_04,20.0,20,ambiguous_duplicate_seat,2,s112114523043;s112114523073
W2,s112114523039,114523,8.0,16,offline_friend,v14_3_01,24.0,24,ambiguous_duplicate_seat,2,s112114523047;s112114523076
W2,s112114523039,114523,8.0,16,offline_friend,v14_3_03,27.0,27,ambiguous_duplicate_seat,2,s112114523050;s112114523079
W2,s112114523039,114523,8.0,16,offline_friend,v14_3_05,9.0,9,ambiguous_duplicate_seat,2,s112114523032;s112114523062
W2,s112114523039,114523,8.0,16,offline_enemy,v14_4_04,20.0,20,ambiguous_duplicate_seat,2,s112114523043;s112114523073
W2,s112114523040,114523,8.0,17,online_friend,v14_1_01,19.0,19,ambiguous_duplicate_seat,2,s112114523042;s112114523072
W2,s112114523040,114523,8.0,17,online_friend,v14_1_02,9.0,9,ambiguous_duplicate_seat,2,s112114523032;s112114523062
W2,s112114523040,114523,8.0,17,online_friend,v14_1_03,27.0,27,ambiguous_duplicate_seat,2,s112114523050;s112114523079
W2,s112114523040,114523,8.0,17,online_friend,v14_1_05,8.0,8,ambiguous_duplicate_seat,2,s112114523031;s112114523061
W2,s112114523040,114523,8.0,17,online_enemy,v14_2_05,20.0,20,ambiguous_duplicate_seat,2,s112114523043;s112114523073
W2,s112114523040,114523,8.0,17,offline_friend,v14_3_01,19.0,19,ambiguous_duplicate_seat,2,s112114523042;s112114523072
W2,s112114523040,114523,8.0,17,offline_friend,v14_3_02,9.0,9,ambiguous_duplicate_seat,2,s112114523032;s112114523062
W2,s112114523040,114523,8.0,17,offline_enemy,v14_4_03,20.0,20,ambiguous_duplicate_seat,2,s112114523043;s112114523073
W2,s112114523041,114523,8.0,18,offline_friend,v14_3_02,19.0,19,ambiguous_duplicate_seat,2,s112114523042;s112114523072
W2,s112114523042,114523,8.0,19,online_friend,v14_1_01,8.0,8,ambiguous_duplicate_seat,2,s112114523031;s112114523061
W2,s112114523042,114523,8.0,19,online_friend,v14_1_02,9.0,9,ambiguous_duplicate_seat,2,s112114523032;s112114523062
W2,s112114523042,114523,8.0,19,offline_friend,v14_3_01,9.0,9,ambiguous_duplicate_seat,2,s112114523032;s112114523062
W2,s112114523042,114523,8.0,19,offline_friend,v14_3_03,8.0,8,ambiguous_duplicate_seat,2,s112114523031;s112114523061
W2,s112114523043,114523,8.0,20,online_enemy,v14_2_01,16.0,16,ambiguous_duplicate_seat,2,s112114523039;s112114523069
W2,s112114523043,114523,8.0,20,online_enemy,v14_2_02,24.0,24,ambiguous_duplicate_seat,2,s112114523047;s112114523076
W2,s112114523043,114523,8.0,20,offline_enemy,v14_4_01,16.0,16,ambiguous_duplicate_seat,2,s112114523039;s112114523069
W2,s112114523043,114523,8.0,20,offline_enemy,v14_4_02,24.0,24,ambiguous_duplicate_seat,2,s112114523047;s112114523076
W2,s112114523044,114523,8.0,21,online_enemy,v14_2_02,16.0,16,ambiguous_duplicate_seat,2,s112114523039;s112114523069
W2,s112114523044,114523,8.0,21,online_enemy,v14_2_03,24.0,24,ambiguous_duplicate_seat,2,s112114523047;s112114523076
W2,s112114523044,114523,8.0,21,offline_friend,v14_3_01,20.0,20,ambiguous_duplicate_seat,2,s112114523043;s112114523073
W2,s112114523044,114523,8.0,21,offline_enemy,v14_4_02,16.0,16,ambiguous_duplicate_seat,2,s112114523039;s112114523069
W2,s112114523044,114523,8.0,21,offline_enemy,v14_4_03,24.0,24,ambiguous_duplicate_seat,2,s112114523047;s112114523076
W2,s112114523045,114523,8.0,22,online_friend,v14_1_01,20.0,20,ambiguous_duplicate_seat,2,s112114523043;s112114523073
W2,s112114523045,114523,8.0,22,online_enemy,v14_2_02,16.0,16,ambiguous_duplicate_seat,2,s112114523039;s112114523069
W2,s112114523045,114523,8.0,22,online_enemy,v14_2_04,24.0,24,ambiguous_duplicate_seat,2,s112114523047;s112114523076
W2,s112114523045,114523,8.0,22,offline_friend,v14_3_01,20.0,20,ambiguous_duplicate_seat,2,s112114523043;s112114523073
W2,s112114523045,114523,8.0,22,offline_enemy,v14_4_02,16.0,16,ambiguous_duplicate_seat,2,s112114523039;s112114523069
W2,s112114523045,114523,8.0,22,offline_enemy,v14_4_04,24.0,24,ambiguous_duplicate_seat,2,s112114523047;s112114523076
W2,s112114523046,114523,8.0,23,online_friend,v14_1_03,20.0,20,ambiguous_duplicate_seat,2,s112114523043;s112114523073
W2,s112114523046,114523,8.0,23,online_enemy,v14_2_01,24.0,24,ambiguous_duplicate_seat,2,s112114523047;s112114523076
W2,s112114523046,114523,8.0,23,offline_friend,v14_3_01,20.0,20,ambiguous_duplicate_seat,2,s112114523043;s112114523073
W2,s112114523046,114523,8.0,23,offline_enemy,v14_4_01,24.0,24,ambiguous_duplicate_seat,2,s112114523047;s112114523076
W2,s112114523047,114523,8.0,24,online_friend,v14_1_01,16.0,16,ambiguous_duplicate_seat,2,s112114523039;s112114523069
W2,s112114523047,114523,8.0,24,online_friend,v14_1_03,27.0,27,ambiguous_duplicate_seat,2,s112114523050;s112114523079
W2,s112114523047,114523,8.0,24,online_enemy,v14_2_02,20.0,20,ambiguous_duplicate_seat,2,s112114523043;s112114523073
W2,s112114523047,114523,8.0,24,offline_friend,v14_3_01,16.0,16,ambiguous_duplicate_seat,2,s112114523039;s112114523069
W2,s112114523047,114523,8.0,24,offline_friend,v14_3_03,27.0,27,ambiguous_duplicate_seat,2,s112114523050;s112114523079
W2,s112114523047,114523,8.0,24,offline_enemy,v14_4_02,20.0,20,ambiguous_duplicate_seat,2,s112114523043;s112114523073
W2,s112114523049,114523,8.0,26,offline_friend,v14_3_01,27.0,27,ambiguous_duplicate_seat,2,s112114523050;s112114523079
W2,s112114523049,114523,8.0,26,offline_friend,v14_3_02,9.0,9,ambiguous_duplicate_seat,2,s112114523032;s112114523062
W2,s112114523050,114523,8.0,27,online_friend,v14_1_02,16.0,16,ambiguous_duplicate_seat,2,s112114523039;s112114523069
W2,s112114523050,114523,8.0,27,online_friend,v14_1_04,19.0,19,ambiguous_duplicate_seat,2,s112114523042;s112114523072
W2,s112114523050,114523,8.0,27,online_friend,v14_1_05,24.0,24,ambiguous_duplicate_seat,2,s112114523047;s112114523076
W2,s112114523050,114523,8.0,27,online_enemy,v14_2_02,20.0,20,ambiguous_duplicate_seat,2,s112114523043;s112114523073
W2,s112114523050,114523,8.0,27,offline_friend,v14_3_02,16.0,16,ambiguous_duplicate_seat,2,s112114523039;s112114523069
W2,s112114523050,114523,8.0,27,offline_friend,v14_3_04,19.0,19,ambiguous_duplicate_seat,2,s112114523042;s112114523072
W2,s112114523050,114523,8.0,27,offline_friend,v14_3_05,24.0,24,ambiguous_duplicate_seat,2,s112114523047;s112114523076
W2,s112114523050,114523,8.0,27,offline_enemy,v14_4_02,20.0,20,ambiguous_duplicate_seat,2,s112114523043;s112114523073
W2,s112114523058,114523,8.0,5,online_friend,v14_1_04,7.0,7,ambiguous_duplicate_seat,2,s112114523030;s112114523060
W2,s112114523058,114523,8.0,5,online_enemy,v14_2_01,8.0,8,ambiguous_duplicate_seat,2,s112114523031;s112114523061
W2,s112114523058,114523,8.0,5,online_enemy,v14_2_02,9.0,9,ambiguous_duplicate_seat,2,s112114523032;s112114523062
W2,s112114523058,114523,8.0,5,offline_friend,v14_3_02,7.0,7,ambiguous_duplicate_seat,2,s112114523030;s112114523060
W2,s112114523058,114523,8.0,5,offline_enemy,v14_4_01,8.0,8,ambiguous_duplicate_seat,2,s112114523031;s112114523061
W2,s112114523058,114523,8.0,5,offline_enemy,v14_4_02,9.0,9,ambiguous_duplicate_seat,2,s112114523032;s112114523062
W2,s112114523061,114523,8.0,8,online_friend,v14_1_03,7.0,7,ambiguous_duplicate_seat,2,s112114523030;s112114523060
W2,s112114523061,114523,8.0,8,offline_friend,v14_3_03,7.0,7,ambiguous_duplicate_seat,2,s112114523030;s112114523060
W2,s112114523062,114523,8.0,9,online_friend,v14_1_03,24.0,24,ambiguous_duplicate_seat,2,s112114523047;s112114523076
W2,s112114523062,114523,8.0,9,online_friend,v14_1_04,26.0,26,ambiguous_duplicate_seat,2,s112114523049;s112114523078
W2,s112114523062,114523,8.0,9,offline_friend,v14_3_03,24.0,24,ambiguous_duplicate_seat,2,s112114523047;s112114523076
W2,s112114523062,114523,8.0,9,offline_friend,v14_3_04,26.0,26,ambiguous_duplicate_seat,2,s112114523049;s112114523078
W2,s112114523062,114523,8.0,9,offline_friend,v14_3_05,27.0,27,ambiguous_duplicate_seat,2,s112114523050;s112114523079
W2,s112114523063,114523,8.0,10,online_friend,v14_1_01,9.0,9,ambiguous_duplicate_seat,2,s112114523032;s112114523062
W2,s112114523063,114523,8.0,10,online_friend,v14_1_03,7.0,7,ambiguous_duplicate_seat,2,s112114523030;s112114523060
W2,s112114523063,114523,8.0,10,offline_friend,v14_3_01,9.0,9,ambiguous_duplicate_seat,2,s112114523032;s112114523062
W2,s112114523063,114523,8.0,10,offline_friend,v14_3_03,24.0,24,ambiguous_duplicate_seat,2,s112114523047;s112114523076
W2,s112114523063,114523,8.0,10,offline_friend,v14_3_04,26.0,26,ambiguous_duplicate_seat,2,s112114523049;s112114523078
W2,s112114523063,114523,8.0,10,offline_friend,v14_3_05,27.0,27,ambiguous_duplicate_seat,2,s112114523050;s112114523079
W2,s112114523066,114523,8.0,13,online_friend,v14_1_03,8.0,8,ambiguous_duplicate_seat,2,s112114523031;s112114523061
W2,s112114523066,114523,8.0,13,offline_friend,v14_3_01,9.0,9,ambiguous_duplicate_seat,2,s112114523032;s112114523062
W2,s112114523066,114523,8.0,13,offline_enemy,v14_4_02,8.0,8,ambiguous_duplicate_seat,2,s112114523031;s112114523061
W2,s112114523069,114523,8.0,16,online_enemy,v14_2_05,7.0,7,ambiguous_duplicate_seat,2,s112114523030;s112114523060
W2,s112114523072,114523,8.0,19,online_friend,v14_1_01,20.0,20,ambiguous_duplicate_seat,2,s112114523043;s112114523073
W2,s112114523072,114523,8.0,19,online_friend,v14_1_05,27.0,27,ambiguous_duplicate_seat,2,s112114523050;s112114523079
W2,s112114523072,114523,8.0,19,offline_friend,v14_3_01,20.0,20,ambiguous_duplicate_seat,2,s112114523043;s112114523073
W2,s112114523072,114523,8.0,19,offline_friend,v14_3_05,27.0,27,ambiguous_duplicate_seat,2,s112114523050;s112114523079
W2,s112114523073,114523,8.0,20,online_friend,v14_1_01,19.0,19,ambiguous_duplicate_seat,2,s112114523042;s112114523072
W2,s112114523073,114523,8.0,20,offline_friend,v14_3_01,19.0,19,ambiguous_duplicate_seat,2,s112114523042;s112114523072
W2,s112114523076,114523,8.0,24,online_friend,v14_1_01,26.0,26,ambiguous_duplicate_seat,2,s112114523049;s112114523078
W2,s112114523076,114523,8.0,24,online_friend,v14_1_02,27.0,27,ambiguous_duplicate_seat,2,s112114523050;s112114523079
W2,s112114523076,114523,8.0,24,online_friend,v14_1_03,9.0,9,ambiguous_duplicate_seat,2,s112114523032;s112114523062
W2,s112114523076,114523,8.0,24,offline_friend,v14_3_01,9.0,9,ambiguous_duplicate_seat,2,s112114523032;s112114523062
W2,s112114523076,114523,8.0,24,offline_friend,v14_3_04,26.0,26,ambiguous_duplicate_seat,2,s112114523049;s112114523078
W2,s112114523076,114523,8.0,24,offline_friend,v14_3_05,27.0,27,ambiguous_duplicate_seat,2,s112114523050;s112114523079
W2,s112114523078,114523,8.0,26,online_friend,v14_1_01,9.0,9,ambiguous_duplicate_seat,2,s112114523032;s112114523062
W2,s112114523078,114523,8.0,26,online_friend,v14_1_04,24.0,24,ambiguous_duplicate_seat,2,s112114523047;s112114523076
W2,s112114523078,114523,8.0,26,online_friend,v14_1_05,27.0,27,ambiguous_duplicate_seat,2,s112114523050;s112114523079
W2,s112114523078,114523,8.0,26,offline_friend,v14_3_01,9.0,9,ambiguous_duplicate_seat,2,s112114523032;s112114523062
W2,s112114523078,114523,8.0,26,offline_friend,v14_3_04,24.0,24,ambiguous_duplicate_seat,2,s112114523047;s112114523076
W2,s112114523078,114523,8.0,26,offline_friend,v14_3_05,27.0,27,ambiguous_duplicate_seat,2,s112114523050;s112114523079
W2,s112114523079,114523,8.0,27,online_friend,v14_1_01,24.0,24,ambiguous_duplicate_seat,2,s112114523047;s112114523076
W2,s112114523079,114523,8.0,27,online_friend,v14_1_02,26.0,26,ambiguous_duplicate_seat,2,s112114523049;s112114523078
W2,s112114523079,114523,8.0,27,online_friend,v14_1_04,9.0,9,ambiguous_duplicate_seat,2,s112114523032;s112114523062
W2,s112114523079,114523,8.0,27,offline_friend,v14_3_01,9.0,9,ambiguous_duplicate_seat,2,s112114523032;s112114523062
W2,s112114523079,114523,8.0,27,offline_friend,v14_3_04,24.0,24,ambiguous_duplicate_seat,2,s112114523047;s112114523076
W2,s112114523079,114523,8.0,27,offline_friend,v14_3_05,26.0,26,ambiguous_duplicate_seat,2,s112114523049;s112114523078
W2,s112114523080,114523,8.0,28,online_friend,v14_1_02,16.0,16,ambiguous_duplicate_seat,2,s112114523039;s112114523069
W2,s112114523080,114523,8.0,28,offline_friend,v14_3_01,16.0,16,ambiguous_duplicate_seat,2,s112114523039;s112114523069
W2,s112114523082,114523,8.0,30,online_friend,v14_1_02,16.0,16,ambiguous_duplicate_seat,2,s112114523039;s112114523069
W2,s112114523082,114523,8.0,30,online_enemy,v14_2_03,9.0,9,ambiguous_duplicate_seat,2,s112114523032;s112114523062
W2,s112114523082,114523,8.0,30,offline_friend,v14_3_02,16.0,16,ambiguous_duplicate_seat,2,s112114523039;s112114523069
W2,s112114523082,114523,8.0,30,offline_enemy,v14_4_03,26.0,26,ambiguous_duplicate_seat,2,s112114523049;s112114523078
W2,s112114523082,114523,8.0,30,offline_enemy,v14_4_05,9.0,9,ambiguous_duplicate_seat,2,s112114523032;s112114523062
W2,s113114523003,114523,8.0,31,online_friend,v14_1_01,8.0,8,ambiguous_duplicate_seat,2,s112114523031;s112114523061
W2,s113114523003,114523,8.0,31,online_friend,v14_1_04,20.0,20,ambiguous_duplicate_seat,2,s112114523043;s112114523073
W2,s113114523003,114523,8.0,31,online_enemy,v14_2_02,9.0,9,ambiguous_duplicate_seat,2,s112114523032;s112114523062
W2,s113114523003,114523,8.0,31,online_enemy,v14_2_04,26.0,26,ambiguous_duplicate_seat,2,s112114523049;s112114523078
W2,s113114523003,114523,8.0,31,offline_friend,v14_3_05,8.0,8,ambiguous_duplicate_seat,2,s112114523031;s112114523061
W2,s113114523003,114523,8.0,31,offline_enemy,v14_4_03,9.0,9,ambiguous_duplicate_seat,2,s112114523032;s112114523062
W2,s112121320044,121320,203.0,3,offline_friend,v14_3_01,2.0,2,ambiguous_duplicate_seat,2,s112121320045;s112121320049
W2,s112121320045,121320,203.0,2,online_friend,v14_1_01,3.0,3,ambiguous_duplicate_seat,2,s112121320044;s112121320046
W2,s112121320045,121320,203.0,2,offline_friend,v14_3_01,3.0,3,ambiguous_duplicate_seat,2,s112121320044;s112121320046
W2,s112121320046,121320,203.0,3,online_friend,v14_1_01,2.0,2,ambiguous_duplicate_seat,2,s112121320045;s112121320049
W2,s112121320046,121320,203.0,3,online_enemy,v14_2_03,2.0,2,ambiguous_duplicate_seat,2,s112121320045;s112121320049
W2,s112121320046,121320,203.0,3,offline_friend,v14_3_04,3.0,3,ambiguous_duplicate_seat,2,s112121320044;s112121320046
W2,s112121320046,121320,203.0,3,offline_enemy,v14_4_01,2.0,2,ambiguous_duplicate_seat,2,s112121320045;s112121320049
W2,s112121320047,121320,203.0,4,online_friend,v14_1_01,3.0,3,ambiguous_duplicate_seat,2,s112121320044;s112121320046
W2,s112121320047,121320,203.0,4,offline_friend,v14_3_01,3.0,3,ambiguous_duplicate_seat,2,s112121320044;s112121320046
W2,s112121320049,121320,203.0,2,online_friend,v14_1_02,3.0,3,ambiguous_duplicate_seat,2,s112121320044;s112121320046
W2,s112121320058,121320,203.0,15,online_friend,v14_1_01,2.0,2,ambiguous_duplicate_seat,2,s112121320045;s112121320049
W2,s112121320058,121320,203.0,15,online_enemy,v14_2_02,3.0,3,ambiguous_duplicate_seat,2,s112121320044;s112121320046
W2,s112121320058,121320,203.0,15,offline_friend,v14_3_01,2.0,2,ambiguous_duplicate_seat,2,s112121320045;s112121320049
W2,s112213509054,213509,2.0,1,online_friend,v14_1_02,10.0,10,ambiguous_duplicate_seat,2,s112213509063;s112213509033
W2,s112213509054,213509,2.0,1,offline_friend,v14_3_02,10.0,10,ambiguous_duplicate_seat,2,s112213509063;s112213509033
W2,s112213509055,213509,2.0,2,online_friend,v14_1_02,10.0,10,ambiguous_duplicate_seat,2,s112213509063;s112213509033
W2,s112213509055,213509,2.0,2,offline_friend,v14_3_04,10.0,10,ambiguous_duplicate_seat,2,s112213509063;s112213509033
W2,s112213509056,213509,2.0,3,online_friend,v14_1_01,6.0,6,ambiguous_duplicate_seat,2,s112213509059;s112213509029
W2,s112213509056,213509,2.0,3,online_friend,v14_1_02,4.0,4,ambiguous_duplicate_seat,2,s112213509057;s112213509027
W2,s112213509056,213509,2.0,3,offline_friend,v14_3_01,6.0,6,ambiguous_duplicate_seat,2,s112213509059;s112213509029
W2,s112213509057,213509,2.0,4,online_friend,v14_1_01,7.0,7,ambiguous_duplicate_seat,2,s112213509060;s112213509030
W2,s112213509057,213509,2.0,4,online_enemy,v14_2_01,16.0,16,ambiguous_duplicate_seat,2,s112213509069;s112213509039
W2,s112213509057,213509,2.0,4,offline_friend,v14_3_01,7.0,7,ambiguous_duplicate_seat,2,s112213509060;s112213509030
W2,s112213509057,213509,2.0,4,offline_friend,v14_3_03,21.0,21,ambiguous_duplicate_seat,2,s112213509074;s112213509044
W2,s112213509058,213509,2.0,5,online_friend,v14_1_01,7.0,7,ambiguous_duplicate_seat,2,s112213509060;s112213509030
W2,s112213509058,213509,2.0,5,online_enemy,v14_2_01,4.0,4,ambiguous_duplicate_seat,2,s112213509057;s112213509027
W2,s112213509058,213509,2.0,5,online_enemy,v14_2_02,10.0,10,ambiguous_duplicate_seat,2,s112213509063;s112213509033
W2,s112213509058,213509,2.0,5,offline_friend,v14_3_01,7.0,7,ambiguous_duplicate_seat,2,s112213509060;s112213509030
W2,s112213509058,213509,2.0,5,offline_enemy,v14_4_01,10.0,10,ambiguous_duplicate_seat,2,s112213509063;s112213509033
W2,s112213509058,213509,2.0,5,offline_enemy,v14_4_03,4.0,4,ambiguous_duplicate_seat,2,s112213509057;s112213509027
W2,s112213509058,213509,2.0,5,offline_enemy,v14_4_05,27.0,27,ambiguous_duplicate_seat,2,s112213509080;s112213509049
W2,s112213509059,213509,2.0,6,online_friend,v14_1_02,26.0,26,ambiguous_duplicate_seat,2,s112213509079;s112213509048
W2,s112213509059,213509,2.0,6,online_friend,v14_1_04,10.0,10,ambiguous_duplicate_seat,2,s112213509063;s112213509033
W2,s112213509059,213509,2.0,6,online_enemy,v14_2_02,16.0,16,ambiguous_duplicate_seat,2,s112213509069;s112213509039
W2,s112213509059,213509,2.0,6,offline_friend,v14_3_03,10.0,10,ambiguous_duplicate_seat,2,s112213509063;s112213509033
W2,s112213509059,213509,2.0,6,offline_friend,v14_3_04,26.0,26,ambiguous_duplicate_seat,2,s112213509079;s112213509048
W2,s112213509059,213509,2.0,6,offline_friend,v14_3_05,21.0,21,ambiguous_duplicate_seat,2,s112213509074;s112213509044
W2,s112213509059,213509,2.0,6,offline_enemy,v14_4_04,16.0,16,ambiguous_duplicate_seat,2,s112213509069;s112213509039
W2,s112213509060,213509,2.0,7,online_friend,v14_1_02,4.0,4,ambiguous_duplicate_seat,2,s112213509057;s112213509027
W2,s112213509060,213509,2.0,7,online_enemy,v14_2_03,16.0,16,ambiguous_duplicate_seat,2,s112213509069;s112213509039
W2,s112213509060,213509,2.0,7,online_enemy,v14_2_05,10.0,10,ambiguous_duplicate_seat,2,s112213509063;s112213509033
W2,s112213509060,213509,2.0,7,offline_enemy,v14_4_02,16.0,16,ambiguous_duplicate_seat,2,s112213509069;s112213509039
W2,s112213509060,213509,2.0,7,offline_enemy,v14_4_05,27.0,27,ambiguous_duplicate_seat,2,s112213509080;s112213509049
W2,s112213509062,213509,2.0,9,online_friend,v14_1_02,7.0,7,ambiguous_duplicate_seat,2,s112213509060;s112213509030
W2,s112213509062,213509,2.0,9,online_friend,v14_1_04,6.0,6,ambiguous_duplicate_seat,2,s112213509059;s112213509029
W2,s112213509062,213509,2.0,9,offline_friend,v14_3_02,7.0,7,ambiguous_duplicate_seat,2,s112213509060;s112213509030
W2,s112213509062,213509,2.0,9,offline_friend,v14_3_04,6.0,6,ambiguous_duplicate_seat,2,s112213509059;s112213509029
W2,s112213509062,213509,2.0,9,offline_enemy,v14_4_01,16.0,16,ambiguous_duplicate_seat,2,s112213509069;s112213509039
W2,s112213509062,213509,2.0,9,offline_enemy,v14_4_03,27.0,27,ambiguous_duplicate_seat,2,s112213509080;s112213509049
W2,s112213509063,213509,2.0,10,online_friend,v14_1_01,4.0,4,ambiguous_duplicate_seat,2,s112213509057;s112213509027
W2,s112213509063,213509,2.0,10,offline_enemy,v14_4_02,16.0,16,ambiguous_duplicate_seat,2,s112213509069;s112213509039
W2,s112213509063,213509,2.0,10,offline_enemy,v14_4_04,27.0,27,ambiguous_duplicate_seat,2,s112213509080;s112213509049
W2,s112213509065,213509,2.0,12,online_enemy,v14_2_05,16.0,16,ambiguous_duplicate_seat,2,s112213509069;s112213509039
W2,s112213509067,213509,2.0,14,online_friend,v14_1_01,7.0,7,ambiguous_duplicate_seat,2,s112213509060;s112213509030
W2,s112213509067,213509,2.0,14,online_friend,v14_1_02,21.0,21,ambiguous_duplicate_seat,2,s112213509074;s112213509044
W2,s112213509067,213509,2.0,14,online_friend,v14_1_04,26.0,26,ambiguous_duplicate_seat,2,s112213509079;s112213509048
W2,s112213509067,213509,2.0,14,online_friend,v14_1_05,4.0,4,ambiguous_duplicate_seat,2,s112213509057;s112213509027
W2,s112213509067,213509,2.0,14,online_enemy,v14_2_01,10.0,10,ambiguous_duplicate_seat,2,s112213509063;s112213509033
W2,s112213509067,213509,2.0,14,offline_friend,v14_3_01,4.0,4,ambiguous_duplicate_seat,2,s112213509057;s112213509027
W2,s112213509067,213509,2.0,14,offline_friend,v14_3_02,7.0,7,ambiguous_duplicate_seat,2,s112213509060;s112213509030
W2,s112213509067,213509,2.0,14,offline_friend,v14_3_03,21.0,21,ambiguous_duplicate_seat,2,s112213509074;s112213509044
W2,s112213509067,213509,2.0,14,offline_enemy,v14_4_01,10.0,10,ambiguous_duplicate_seat,2,s112213509063;s112213509033
W2,s112213509068,213509,2.0,15,offline_friend,v14_3_02,26.0,26,ambiguous_duplicate_seat,2,s112213509079;s112213509048
W2,s112213509069,213509,2.0,16,online_friend,v14_1_03,26.0,26,ambiguous_duplicate_seat,2,s112213509079;s112213509048
W2,s112213509069,213509,2.0,16,offline_friend,v14_3_03,26.0,26,ambiguous_duplicate_seat,2,s112213509079;s112213509048
W2,s112213509070,213509,2.0,17,online_friend,v14_1_02,10.0,10,ambiguous_duplicate_seat,2,s112213509063;s112213509033
W2,s112213509070,213509,2.0,17,online_enemy,v14_2_04,27.0,27,ambiguous_duplicate_seat,2,s112213509080;s112213509049
W2,s112213509070,213509,2.0,17,online_enemy,v14_2_05,16.0,16,ambiguous_duplicate_seat,2,s112213509069;s112213509039
W2,s112213509070,213509,2.0,17,offline_enemy,v14_4_04,27.0,27,ambiguous_duplicate_seat,2,s112213509080;s112213509049
W2,s112213509070,213509,2.0,17,offline_enemy,v14_4_05,16.0,16,ambiguous_duplicate_seat,2,s112213509069;s112213509039
W2,s112213509071,213509,2.0,18,offline_friend,v14_3_01,26.0,26,ambiguous_duplicate_seat,2,s112213509079;s112213509048
W2,s112213509071,213509,2.0,18,offline_friend,v14_3_02,21.0,21,ambiguous_duplicate_seat,2,s112213509074;s112213509044
W2,s112213509071,213509,2.0,18,offline_friend,v14_3_03,16.0,16,ambiguous_duplicate_seat,2,s112213509069;s112213509039
W2,s112213509074,213509,2.0,21,online_friend,v14_1_02,4.0,4,ambiguous_duplicate_seat,2,s112213509057;s112213509027
W2,s112213509074,213509,2.0,21,online_friend,v14_1_04,26.0,26,ambiguous_duplicate_seat,2,s112213509079;s112213509048
W2,s112213509074,213509,2.0,21,online_friend,v14_1_05,27.0,27,ambiguous_duplicate_seat,2,s112213509080;s112213509049
W2,s112213509074,213509,2.0,21,offline_friend,v14_3_03,4.0,4,ambiguous_duplicate_seat,2,s112213509057;s112213509027
W2,s112213509074,213509,2.0,21,offline_friend,v14_3_04,26.0,26,ambiguous_duplicate_seat,2,s112213509079;s112213509048
W2,s112213509075,213509,2.0,22,offline_friend,v14_3_01,21.0,21,ambiguous_duplicate_seat,2,s112213509074;s112213509044
W2,s112213509075,213509,2.0,22,offline_enemy,v14_4_04,4.0,4,ambiguous_duplicate_seat,2,s112213509057;s112213509027
W2,s112213509076,213509,2.0,23,offline_friend,v14_3_02,21.0,21,ambiguous_duplicate_seat,2,s112213509074;s112213509044
W2,s112213509076,213509,2.0,23,offline_friend,v14_3_03,26.0,26,ambiguous_duplicate_seat,2,s112213509079;s112213509048
W2,s112213509077,213509,2.0,24,online_friend,v14_1_02,16.0,16,ambiguous_duplicate_seat,2,s112213509069;s112213509039
W2,s112213509077,213509,2.0,24,online_friend,v14_1_05,26.0,26,ambiguous_duplicate_seat,2,s112213509079;s112213509048
W2,s112213509077,213509,2.0,24,online_enemy,v14_2_01,10.0,10,ambiguous_duplicate_seat,2,s112213509063;s112213509033
W2,s112213509077,213509,2.0,24,online_enemy,v14_2_04,21.0,21,ambiguous_duplicate_seat,2,s112213509074;s112213509044
W2,s112213509077,213509,2.0,24,online_enemy,v14_2_05,27.0,27,ambiguous_duplicate_seat,2,s112213509080;s112213509049
W2,s112213509077,213509,2.0,24,offline_friend,v14_3_02,16.0,16,ambiguous_duplicate_seat,2,s112213509069;s112213509039
W2,s112213509077,213509,2.0,24,offline_friend,v14_3_04,26.0,26,ambiguous_duplicate_seat,2,s112213509079;s112213509048
W2,s112213509077,213509,2.0,24,offline_enemy,v14_4_01,10.0,10,ambiguous_duplicate_seat,2,s112213509063;s112213509033
W2,s112213509077,213509,2.0,24,offline_enemy,v14_4_03,27.0,27,ambiguous_duplicate_seat,2,s112213509080;s112213509049
W2,s112213509077,213509,2.0,24,offline_enemy,v14_4_05,4.0,4,ambiguous_duplicate_seat,2,s112213509057;s112213509027
W2,s112213509079,213509,2.0,26,online_friend,v14_1_01,6.0,6,ambiguous_duplicate_seat,2,s112213509059;s112213509029
W2,s112213509079,213509,2.0,26,online_friend,v14_1_03,21.0,21,ambiguous_duplicate_seat,2,s112213509074;s112213509044
W2,s112213509079,213509,2.0,26,online_friend,v14_1_05,27.0,27,ambiguous_duplicate_seat,2,s112213509080;s112213509049
W2,s112213509079,213509,2.0,26,offline_friend,v14_3_01,6.0,6,ambiguous_duplicate_seat,2,s112213509059;s112213509029
W2,s112213509079,213509,2.0,26,offline_friend,v14_3_02,21.0,21,ambiguous_duplicate_seat,2,s112213509074;s112213509044
W2,s112213509079,213509,2.0,26,offline_friend,v14_3_03,16.0,16,ambiguous_duplicate_seat,2,s112213509069;s112213509039
W2,s112213509080,213509,2.0,27,online_friend,v14_1_02,6.0,6,ambiguous_duplicate_seat,2,s112213509059;s112213509029
W2,s112213509080,213509,2.0,27,online_friend,v14_1_03,26.0,26,ambiguous_duplicate_seat,2,s112213509079;s112213509048
W2,s112213509080,213509,2.0,27,offline_friend,v14_3_02,26.0,26,ambiguous_duplicate_seat,2,s112213509079;s112213509048
W2,s112213509080,213509,2.0,27,offline_friend,v14_3_04,21.0,21,ambiguous_duplicate_seat,2,s112213509074;s112213509044
W2,s112213509081,213509,2.0,28,online_enemy,v14_2_03,16.0,16,ambiguous_duplicate_seat,2,s112213509069;s112213509039
W2,s112213509081,213509,2.0,28,offline_friend,v14_3_05,26.0,26,ambiguous_duplicate_seat,2,s112213509079;s112213509048
W2,s112213509081,213509,2.0,28,offline_enemy,v14_4_03,16.0,16,ambiguous_duplicate_seat,2,s112213509069;s112213509039
W2,s112213509027,213509,2.0,4,online_friend,v14_1_02,10.0,10,ambiguous_duplicate_seat,2,s112213509063;s112213509033
W2,s112213509027,213509,2.0,4,online_enemy,v14_2_01,16.0,16,ambiguous_duplicate_seat,2,s112213509069;s112213509039
W2,s112213509027,213509,2.0,4,offline_friend,v14_3_04,10.0,10,ambiguous_duplicate_seat,2,s112213509063;s112213509033
W2,s112213509027,213509,2.0,4,offline_enemy,v14_4_02,16.0,16,ambiguous_duplicate_seat,2,s112213509069;s112213509039
W2,s112213509029,213509,2.0,6,online_friend,v14_1_05,4.0,4,ambiguous_duplicate_seat,2,s112213509057;s112213509027
W2,s112213509029,213509,2.0,6,online_enemy,v14_2_01,16.0,16,ambiguous_duplicate_seat,2,s112213509069;s112213509039
W2,s112213509029,213509,2.0,6,offline_friend,v14_3_04,7.0,7,ambiguous_duplicate_seat,2,s112213509060;s112213509030
W2,s112213509029,213509,2.0,6,offline_friend,v14_3_05,10.0,10,ambiguous_duplicate_seat,2,s112213509063;s112213509033
W2,s112213509029,213509,2.0,6,offline_enemy,v14_4_01,16.0,16,ambiguous_duplicate_seat,2,s112213509069;s112213509039
W2,s112213509030,213509,2.0,7,online_friend,v14_1_05,10.0,10,ambiguous_duplicate_seat,2,s112213509063;s112213509033
W2,s112213509030,213509,2.0,7,offline_friend,v14_3_03,6.0,6,ambiguous_duplicate_seat,2,s112213509059;s112213509029
W2,s112213509030,213509,2.0,7,offline_friend,v14_3_05,10.0,10,ambiguous_duplicate_seat,2,s112213509063;s112213509033
W2,s112213509033,213509,2.0,10,online_friend,v14_1_04,4.0,4,ambiguous_duplicate_seat,2,s112213509057;s112213509027
W2,s112213509034,213509,2.0,11,online_friend,v14_1_01,10.0,10,ambiguous_duplicate_seat,2,s112213509063;s112213509033
W2,s112213509034,213509,2.0,11,online_friend,v14_1_03,7.0,7,ambiguous_duplicate_seat,2,s112213509060;s112213509030
W2,s112213509034,213509,2.0,11,offline_friend,v14_3_01,10.0,10,ambiguous_duplicate_seat,2,s112213509063;s112213509033
W2,s112213509034,213509,2.0,11,offline_friend,v14_3_03,7.0,7,ambiguous_duplicate_seat,2,s112213509060;s112213509030
W2,s112213509034,213509,2.0,11,offline_friend,v14_3_05,27.0,27,ambiguous_duplicate_seat,2,s112213509080;s112213509049
W2,s112213509039,213509,2.0,16,online_friend,v14_1_02,21.0,21,ambiguous_duplicate_seat,2,s112213509074;s112213509044
W2,s112213509039,213509,2.0,16,online_enemy,v14_2_02,26.0,26,ambiguous_duplicate_seat,2,s112213509079;s112213509048
W2,s112213509039,213509,2.0,16,online_enemy,v14_2_05,4.0,4,ambiguous_duplicate_seat,2,s112213509057;s112213509027
W2,s112213509039,213509,2.0,16,offline_friend,v14_3_02,27.0,27,ambiguous_duplicate_seat,2,s112213509080;s112213509049
W2,s112213509039,213509,2.0,16,offline_enemy,v14_4_05,26.0,26,ambiguous_duplicate_seat,2,s112213509079;s112213509048
W2,s112213509042,213509,2.0,19,online_friend,v14_1_02,26.0,26,ambiguous_duplicate_seat,2,s112213509079;s112213509048
W2,s112213509042,213509,2.0,19,online_enemy,v14_2_01,4.0,4,ambiguous_duplicate_seat,2,s112213509057;s112213509027
W2,s112213509042,213509,2.0,19,online_enemy,v14_2_03,21.0,21,ambiguous_duplicate_seat,2,s112213509074;s112213509044
W2,s112213509042,213509,2.0,19,online_enemy,v14_2_05,16.0,16,ambiguous_duplicate_seat,2,s112213509069;s112213509039
W2,s112213509042,213509,2.0,19,offline_friend,v14_3_02,26.0,26,ambiguous_duplicate_seat,2,s112213509079;s112213509048
W2,s112213509042,213509,2.0,19,offline_enemy,v14_4_01,4.0,4,ambiguous_duplicate_seat,2,s112213509057;s112213509027
W2,s112213509042,213509,2.0,19,offline_enemy,v14_4_03,21.0,21,ambiguous_duplicate_seat,2,s112213509074;s112213509044
W2,s112213509042,213509,2.0,19,offline_enemy,v14_4_05,16.0,16,ambiguous_duplicate_seat,2,s112213509069;s112213509039
W2,s112213509044,213509,2.0,21,online_friend,v14_1_02,16.0,16,ambiguous_duplicate_seat,2,s112213509069;s112213509039
W2,s112213509044,213509,2.0,21,offline_friend,v14_3_04,27.0,27,ambiguous_duplicate_seat,2,s112213509080;s112213509049
W2,s112213509048,213509,2.0,26,online_enemy,v14_2_01,16.0,16,ambiguous_duplicate_seat,2,s112213509069;s112213509039
W2,s112213509048,213509,2.0,26,offline_enemy,v14_4_01,16.0,16,ambiguous_duplicate_seat,2,s112213509069;s112213509039
W2,s112213509049,213509,2.0,27,offline_friend,v14_3_01,21.0,21,ambiguous_duplicate_seat,2,s112213509074;s112213509044
W2,s112213509051,213509,2.0,29,online_friend,v14_1_04,26.0,26,ambiguous_duplicate_seat,2,s112213509079;s112213509048
W2,s112213509051,213509,2.0,29,offline_friend,v14_3_04,26.0,26,ambiguous_duplicate_seat,2,s112213509079;s112213509048
W2,s112333505024,333505,8.0,1,online_friend,v14_1_02,9.0,9,ambiguous_duplicate_seat,2,s112333505031;s112333505062
W2,s112333505024,333505,8.0,1,offline_friend,v14_3_02,9.0,9,ambiguous_duplicate_seat,2,s112333505031;s112333505062
W2,s112333505027,333505,8.0,4,online_friend,v14_1_03,14.0,14,ambiguous_duplicate_seat,2,s112333505036;s112333505067
W2,s112333505027,333505,8.0,4,online_friend,v14_1_04,10.0,10,ambiguous_duplicate_seat,2,s112333505032;s112333505063
W2,s112333505027,333505,8.0,4,offline_friend,v14_3_03,10.0,10,ambiguous_duplicate_seat,2,s112333505032;s112333505063
W2,s112333505027,333505,8.0,4,offline_friend,v14_3_05,14.0,14,ambiguous_duplicate_seat,2,s112333505036;s112333505067
W2,s112333505029,333505,8.0,6,online_friend,v14_1_04,9.0,9,ambiguous_duplicate_seat,2,s112333505031;s112333505062
W2,s112333505029,333505,8.0,6,online_friend,v14_1_05,14.0,14,ambiguous_duplicate_seat,2,s112333505036;s112333505067
W2,s112333505029,333505,8.0,6,offline_friend,v14_3_03,9.0,9,ambiguous_duplicate_seat,2,s112333505031;s112333505062
W2,s112333505029,333505,8.0,6,offline_friend,v14_3_04,10.0,10,ambiguous_duplicate_seat,2,s112333505032;s112333505063
W2,s112333505031,333505,8.0,9,online_friend,v14_1_01,6.0,6,ambiguous_duplicate_seat,2,s112333505029;s112333505059
W2,s112333505031,333505,8.0,9,online_friend,v14_1_02,1.0,1,ambiguous_duplicate_seat,2,s112333505024;s112333505054
W2,s112333505031,333505,8.0,9,online_friend,v14_1_04,10.0,10,ambiguous_duplicate_seat,2,s112333505032;s112333505063
W2,s112333505031,333505,8.0,9,online_enemy,v14_2_03,32.0,32,ambiguous_duplicate_seat,2,s112333505044;s112333505074
W2,s112333505031,333505,8.0,9,online_enemy,v14_2_04,14.0,14,ambiguous_duplicate_seat,2,s112333505036;s112333505067
W2,s112333505031,333505,8.0,9,offline_friend,v14_3_01,1.0,1,ambiguous_duplicate_seat,2,s112333505024;s112333505054
W2,s112333505031,333505,8.0,9,offline_friend,v14_3_03,6.0,6,ambiguous_duplicate_seat,2,s112333505029;s112333505059
W2,s112333505031,333505,8.0,9,offline_friend,v14_3_04,10.0,10,ambiguous_duplicate_seat,2,s112333505032;s112333505063
W2,s112333505031,333505,8.0,9,offline_enemy,v14_4_04,32.0,32,ambiguous_duplicate_seat,2,s112333505044;s112333505074
W2,s112333505032,333505,8.0,10,online_friend,v14_1_04,9.0,9,ambiguous_duplicate_seat,2,s112333505031;s112333505062
W2,s112333505032,333505,8.0,10,offline_enemy,v14_4_01,1.0,1,ambiguous_duplicate_seat,2,s112333505024;s112333505054
W2,s112333505036,333505,8.0,14,online_enemy,v14_2_02,1.0,1,ambiguous_duplicate_seat,2,s112333505024;s112333505054
W2,s112333505036,333505,8.0,14,online_enemy,v14_2_03,32.0,32,ambiguous_duplicate_seat,2,s112333505044;s112333505074
W2,s112333505036,333505,8.0,14,online_enemy,v14_2_04,38.0,38,ambiguous_duplicate_seat,2,s112333505050;s112333505080
W2,s112333505036,333505,8.0,14,offline_enemy,v14_4_02,1.0,1,ambiguous_duplicate_seat,2,s112333505024;s112333505054
W2,s112333505036,333505,8.0,14,offline_enemy,v14_4_04,32.0,32,ambiguous_duplicate_seat,2,s112333505044;s112333505074
W2,s112333505036,333505,8.0,14,offline_enemy,v14_4_05,38.0,38,ambiguous_duplicate_seat,2,s112333505050;s112333505080
W2,s112333505044,333505,8.0,32,online_friend,v14_1_01,33.0,33,ambiguous_duplicate_seat,2,s112333505045;s112333505075
W2,s112333505044,333505,8.0,32,online_friend,v14_1_04,37.0,37,ambiguous_duplicate_seat,2,s112333505049;s112333505079
W2,s112333505044,333505,8.0,32,offline_friend,v14_3_01,33.0,33,ambiguous_duplicate_seat,2,s112333505045;s112333505075
W2,s112333505044,333505,8.0,32,offline_friend,v14_3_04,37.0,37,ambiguous_duplicate_seat,2,s112333505049;s112333505079
W2,s112333505045,333505,8.0,33,online_friend,v14_1_04,38.0,38,ambiguous_duplicate_seat,2,s112333505050;s112333505080
W2,s112333505045,333505,8.0,33,offline_friend,v14_3_04,38.0,38,ambiguous_duplicate_seat,2,s112333505050;s112333505080
W2,s112333505048,333505,8.0,36,offline_friend,v14_3_05,33.0,33,ambiguous_duplicate_seat,2,s112333505045;s112333505075
W2,s112333505048,333505,8.0,36,offline_enemy,v14_4_01,1.0,1,ambiguous_duplicate_seat,2,s112333505024;s112333505054
W2,s112333505049,333505,8.0,37,online_friend,v14_1_01,38.0,38,ambiguous_duplicate_seat,2,s112333505050;s112333505080
W2,s112333505049,333505,8.0,37,offline_friend,v14_3_01,38.0,38,ambiguous_duplicate_seat,2,s112333505050;s112333505080
W2,s112333505050,333505,8.0,38,online_friend,v14_1_01,33.0,33,ambiguous_duplicate_seat,2,s112333505045;s112333505075
W2,s112333505050,333505,8.0,38,online_friend,v14_1_02,37.0,37,ambiguous_duplicate_seat,2,s112333505049;s112333505079
W2,s112333505050,333505,8.0,38,online_enemy,v14_2_05,32.0,32,ambiguous_duplicate_seat,2,s112333505044;s112333505074
W2,s112333505050,333505,8.0,38,offline_friend,v14_3_01,37.0,37,ambiguous_duplicate_seat,2,s112333505049;s112333505079
W2,s112333505050,333505,8.0,38,offline_friend,v14_3_05,33.0,33,ambiguous_duplicate_seat,2,s112333505045;s112333505075
W2,s112333505050,333505,8.0,38,offline_enemy,v14_4_04,32.0,32,ambiguous_duplicate_seat,2,s112333505044;s112333505074
W2,s112333505051,333505,8.0,39,online_friend,v14_1_02,6.0,6,ambiguous_duplicate_seat,2,s112333505029;s112333505059
W2,s112333505051,333505,8.0,39,online_friend,v14_1_04,10.0,10,ambiguous_duplicate_seat,2,s112333505032;s112333505063
W2,s112333505051,333505,8.0,39,offline_friend,v14_3_03,6.0,6,ambiguous_duplicate_seat,2,s112333505029;s112333505059
W2,s112333505054,333505,8.0,1,online_friend,v14_1_03,6.0,6,ambiguous_duplicate_seat,2,s112333505029;s112333505059
W2,s112333505054,333505,8.0,1,offline_friend,v14_3_03,10.0,10,ambiguous_duplicate_seat,2,s112333505032;s112333505063
W2,s112333505054,333505,8.0,1,offline_friend,v14_3_05,14.0,14,ambiguous_duplicate_seat,2,s112333505036;s112333505067
W2,s112333505061,333505,8.0,8,online_friend,v14_1_02,6.0,6,ambiguous_duplicate_seat,2,s112333505029;s112333505059
W2,s112333505061,333505,8.0,8,online_friend,v14_1_05,1.0,1,ambiguous_duplicate_seat,2,s112333505024;s112333505054
W2,s112333505061,333505,8.0,8,offline_friend,v14_3_03,6.0,6,ambiguous_duplicate_seat,2,s112333505029;s112333505059
W2,s112333505062,333505,8.0,9,online_friend,v14_1_02,10.0,10,ambiguous_duplicate_seat,2,s112333505032;s112333505063
W2,s112333505062,333505,8.0,9,offline_friend,v14_3_01,10.0,10,ambiguous_duplicate_seat,2,s112333505032;s112333505063
W2,s112333505063,333505,8.0,10,online_friend,v14_1_01,14.0,14,ambiguous_duplicate_seat,2,s112333505036;s112333505067
W2,s112333505063,333505,8.0,10,online_friend,v14_1_03,1.0,1,ambiguous_duplicate_seat,2,s112333505024;s112333505054
W2,s112333505063,333505,8.0,10,offline_friend,v14_3_01,14.0,14,ambiguous_duplicate_seat,2,s112333505036;s112333505067
W2,s112333505063,333505,8.0,10,offline_friend,v14_3_02,1.0,1,ambiguous_duplicate_seat,2,s112333505024;s112333505054
W2,s112333505064,333505,8.0,11,online_friend,v14_1_01,6.0,6,ambiguous_duplicate_seat,2,s112333505029;s112333505059
W2,s112333505064,333505,8.0,11,online_friend,v14_1_05,10.0,10,ambiguous_duplicate_seat,2,s112333505032;s112333505063
W2,s112333505064,333505,8.0,11,offline_friend,v14_3_01,6.0,6,ambiguous_duplicate_seat,2,s112333505029;s112333505059
W2,s112333505064,333505,8.0,11,offline_friend,v14_3_05,10.0,10,ambiguous_duplicate_seat,2,s112333505032;s112333505063
W2,s112333505065,333505,8.0,12,offline_friend,v14_3_01,9.0,9,ambiguous_duplicate_seat,2,s112333505031;s112333505062
W2,s112333505067,333505,8.0,14,online_friend,v14_1_02,10.0,10,ambiguous_duplicate_seat,2,s112333505032;s112333505063
W2,s112333505067,333505,8.0,14,online_friend,v14_1_04,1.0,1,ambiguous_duplicate_seat,2,s112333505024;s112333505054
W2,s112333505067,333505,8.0,14,online_friend,v14_1_05,6.0,6,ambiguous_duplicate_seat,2,s112333505029;s112333505059
W2,s112333505067,333505,8.0,14,offline_friend,v14_3_02,6.0,6,ambiguous_duplicate_seat,2,s112333505029;s112333505059
W2,s112333505067,333505,8.0,14,offline_friend,v14_3_03,10.0,10,ambiguous_duplicate_seat,2,s112333505032;s112333505063
W2,s112333505067,333505,8.0,14,offline_friend,v14_3_05,1.0,1,ambiguous_duplicate_seat,2,s112333505024;s112333505054
W2,s112333505068,333505,8.0,26,online_friend,v14_1_01,32.0,32,ambiguous_duplicate_seat,2,s112333505044;s112333505074
W2,s112333505068,333505,8.0,26,online_friend,v14_1_02,38.0,38,ambiguous_duplicate_seat,2,s112333505050;s112333505080
W2,s112333505068,333505,8.0,26,online_friend,v14_1_03,33.0,33,ambiguous_duplicate_seat,2,s112333505045;s112333505075
W2,s112333505068,333505,8.0,26,online_enemy,v14_2_04,1.0,1,ambiguous_duplicate_seat,2,s112333505024;s112333505054
W2,s112333505068,333505,8.0,26,offline_friend,v14_3_02,32.0,32,ambiguous_duplicate_seat,2,s112333505044;s112333505074
W2,s112333505068,333505,8.0,26,offline_friend,v14_3_03,38.0,38,ambiguous_duplicate_seat,2,s112333505050;s112333505080
W2,s112333505068,333505,8.0,26,offline_friend,v14_3_04,33.0,33,ambiguous_duplicate_seat,2,s112333505045;s112333505075
W2,s112333505068,333505,8.0,26,offline_enemy,v14_4_02,9.0,9,ambiguous_duplicate_seat,2,s112333505031;s112333505062
W2,s112333505068,333505,8.0,26,offline_enemy,v14_4_05,1.0,1,ambiguous_duplicate_seat,2,s112333505024;s112333505054
W2,s112333505069,333505,8.0,27,online_friend,v14_1_01,32.0,32,ambiguous_duplicate_seat,2,s112333505044;s112333505074
W2,s112333505069,333505,8.0,27,online_friend,v14_1_02,38.0,38,ambiguous_duplicate_seat,2,s112333505050;s112333505080
W2,s112333505069,333505,8.0,27,online_enemy,v14_2_03,9.0,9,ambiguous_duplicate_seat,2,s112333505031;s112333505062
W2,s112333505069,333505,8.0,27,offline_friend,v14_3_01,32.0,32,ambiguous_duplicate_seat,2,s112333505044;s112333505074
W2,s112333505069,333505,8.0,27,offline_friend,v14_3_03,38.0,38,ambiguous_duplicate_seat,2,s112333505050;s112333505080
W2,s112333505069,333505,8.0,27,offline_enemy,v14_4_02,9.0,9,ambiguous_duplicate_seat,2,s112333505031;s112333505062
W2,s112333505070,333505,8.0,28,online_friend,v14_1_01,1.0,1,ambiguous_duplicate_seat,2,s112333505024;s112333505054
W2,s112333505070,333505,8.0,28,online_friend,v14_1_02,10.0,10,ambiguous_duplicate_seat,2,s112333505032;s112333505063
W2,s112333505070,333505,8.0,28,online_friend,v14_1_03,9.0,9,ambiguous_duplicate_seat,2,s112333505031;s112333505062
W2,s112333505070,333505,8.0,28,offline_friend,v14_3_02,1.0,1,ambiguous_duplicate_seat,2,s112333505024;s112333505054
W2,s112333505070,333505,8.0,28,offline_friend,v14_3_04,37.0,37,ambiguous_duplicate_seat,2,s112333505049;s112333505079
W2,s112333505070,333505,8.0,28,offline_friend,v14_3_05,10.0,10,ambiguous_duplicate_seat,2,s112333505032;s112333505063
W2,s112333505070,333505,8.0,28,offline_enemy,v14_4_02,32.0,32,ambiguous_duplicate_seat,2,s112333505044;s112333505074
W2,s112333505070,333505,8.0,28,offline_enemy,v14_4_03,38.0,38,ambiguous_duplicate_seat,2,s112333505050;s112333505080
W2,s112333505072,333505,8.0,30,online_friend,v14_1_01,32.0,32,ambiguous_duplicate_seat,2,s112333505044;s112333505074
W2,s112333505072,333505,8.0,30,online_friend,v14_1_04,38.0,38,ambiguous_duplicate_seat,2,s112333505050;s112333505080
W2,s112333505072,333505,8.0,30,offline_friend,v14_3_01,32.0,32,ambiguous_duplicate_seat,2,s112333505044;s112333505074
W2,s112333505072,333505,8.0,30,offline_friend,v14_3_04,38.0,38,ambiguous_duplicate_seat,2,s112333505050;s112333505080
W2,s112333505074,333505,8.0,32,online_friend,v14_1_01,33.0,33,ambiguous_duplicate_seat,2,s112333505045;s112333505075
W2,s112333505074,333505,8.0,32,online_friend,v14_1_02,38.0,38,ambiguous_duplicate_seat,2,s112333505050;s112333505080
W2,s112333505074,333505,8.0,32,online_enemy,v14_2_01,37.0,37,ambiguous_duplicate_seat,2,s112333505049;s112333505079
W2,s112333505074,333505,8.0,32,offline_friend,v14_3_04,38.0,38,ambiguous_duplicate_seat,2,s112333505050;s112333505080
W2,s112333505075,333505,8.0,33,online_friend,v14_1_01,32.0,32,ambiguous_duplicate_seat,2,s112333505044;s112333505074
W2,s112333505075,333505,8.0,33,online_friend,v14_1_02,37.0,37,ambiguous_duplicate_seat,2,s112333505049;s112333505079
W2,s112333505075,333505,8.0,33,online_friend,v14_1_04,38.0,38,ambiguous_duplicate_seat,2,s112333505050;s112333505080
W2,s112333505075,333505,8.0,33,online_enemy,v14_2_01,14.0,14,ambiguous_duplicate_seat,2,s112333505036;s112333505067
W2,s112333505075,333505,8.0,33,offline_friend,v14_3_01,32.0,32,ambiguous_duplicate_seat,2,s112333505044;s112333505074
W2,s112333505075,333505,8.0,33,offline_friend,v14_3_02,37.0,37,ambiguous_duplicate_seat,2,s112333505049;s112333505079
W2,s112333505075,333505,8.0,33,offline_enemy,v14_4_02,14.0,14,ambiguous_duplicate_seat,2,s112333505036;s112333505067
W2,s112333505076,333505,8.0,34,online_friend,v14_1_03,32.0,32,ambiguous_duplicate_seat,2,s112333505044;s112333505074
W2,s112333505076,333505,8.0,34,online_friend,v14_1_04,38.0,38,ambiguous_duplicate_seat,2,s112333505050;s112333505080
W2,s112333505076,333505,8.0,34,online_enemy,v14_2_02,9.0,9,ambiguous_duplicate_seat,2,s112333505031;s112333505062
W2,s112333505076,333505,8.0,34,offline_friend,v14_3_02,38.0,38,ambiguous_duplicate_seat,2,s112333505050;s112333505080
W2,s112333505076,333505,8.0,34,offline_friend,v14_3_04,6.0,6,ambiguous_duplicate_seat,2,s112333505029;s112333505059
W2,s112333505076,333505,8.0,34,offline_enemy,v14_4_02,9.0,9,ambiguous_duplicate_seat,2,s112333505031;s112333505062
W2,s112333505077,333505,8.0,35,online_friend,v14_1_01,32.0,32,ambiguous_duplicate_seat,2,s112333505044;s112333505074
W2,s112333505077,333505,8.0,35,online_friend,v14_1_04,38.0,38,ambiguous_duplicate_seat,2,s112333505050;s112333505080
W2,s112333505077,333505,8.0,35,offline_friend,v14_3_03,32.0,32,ambiguous_duplicate_seat,2,s112333505044;s112333505074
W2,s112333505077,333505,8.0,35,offline_friend,v14_3_04,38.0,38,ambiguous_duplicate_seat,2,s112333505050;s112333505080
W2,s112333505079,333505,8.0,37,online_friend,v14_1_01,33.0,33,ambiguous_duplicate_seat,2,s112333505045;s112333505075
W2,s112333505079,333505,8.0,37,online_friend,v14_1_05,10.0,10,ambiguous_duplicate_seat,2,s112333505032;s112333505063
W2,s112333505079,333505,8.0,37,online_enemy,v14_2_05,14.0,14,ambiguous_duplicate_seat,2,s112333505036;s112333505067
W2,s112333505079,333505,8.0,37,offline_friend,v14_3_03,37.0,37,ambiguous_duplicate_seat,2,s112333505049;s112333505079
W2,s112333505079,333505,8.0,37,offline_friend,v14_3_04,33.0,33,ambiguous_duplicate_seat,2,s112333505045;s112333505075
W2,s112333505079,333505,8.0,37,offline_friend,v14_3_05,38.0,38,ambiguous_duplicate_seat,2,s112333505050;s112333505080
W2,s112333505079,333505,8.0,37,offline_enemy,v14_4_03,9.0,9,ambiguous_duplicate_seat,2,s112333505031;s112333505062
W2,s112333505080,333505,8.0,38,online_friend,v14_1_03,32.0,32,ambiguous_duplicate_seat,2,s112333505044;s112333505074
W2,s112333505080,333505,8.0,38,online_enemy,v14_2_03,9.0,9,ambiguous_duplicate_seat,2,s112333505031;s112333505062
W2,s112333505080,333505,8.0,38,offline_friend,v14_3_03,32.0,32,ambiguous_duplicate_seat,2,s112333505044;s112333505074
W2,s112333505080,333505,8.0,38,offline_enemy,v14_4_03,9.0,9,ambiguous_duplicate_seat,2,s112333505031;s112333505062
W2,s112333505082,333505,8.0,40,online_friend,v14_1_01,10.0,10,ambiguous_duplicate_seat,2,s112333505032;s112333505063
W2,s112333505082,333505,8.0,40,online_friend,v14_1_03,37.0,37,ambiguous_duplicate_seat,2,s112333505049;s112333505079
W2,s112333505082,333505,8.0,40,offline_friend,v14_3_03,10.0,10,ambiguous_duplicate_seat,2,s112333505032;s112333505063
W2,s112343302024,343302,8.0,1,online_friend,v14_1_01,27.0,27,ambiguous_duplicate_seat,2,s112343302044;s112343302072
W2,s112343302024,343302,8.0,1,online_friend,v14_1_02,2.0,2,ambiguous_duplicate_seat,2,s112343302025;s112343302054
W2,s112343302024,343302,8.0,1,online_friend,v14_1_03,12.0,12,ambiguous_duplicate_seat,2,s112343302035;s112343302064
W2,s112343302024,343302,8.0,1,online_friend,v14_1_04,25.0,25,ambiguous_duplicate_seat,2,s112343302042;s112343302070
W2,s112343302024,343302,8.0,1,online_enemy,v14_2_01,8.0,8,ambiguous_duplicate_seat,2,s112343302031;s112343302060
W2,s112343302024,343302,8.0,1,offline_friend,v14_3_01,2.0,2,ambiguous_duplicate_seat,2,s112343302025;s112343302054
W2,s112343302024,343302,8.0,1,offline_friend,v14_3_02,12.0,12,ambiguous_duplicate_seat,2,s112343302035;s112343302064
W2,s112343302024,343302,8.0,1,offline_friend,v14_3_03,10.0,10,ambiguous_duplicate_seat,2,s112343302033;s112343302062
W2,s112343302024,343302,8.0,1,offline_friend,v14_3_05,27.0,27,ambiguous_duplicate_seat,2,s112343302044;s112343302072
W2,s112343302024,343302,8.0,1,offline_enemy,v14_4_01,8.0,8,ambiguous_duplicate_seat,2,s112343302031;s112343302060
W2,s112343302025,343302,8.0,2,online_friend,v14_1_01,1.0,1,ambiguous_duplicate_seat,2,s112343302024;s112343302053
W2,s112343302025,343302,8.0,2,online_friend,v14_1_02,3.0,3,ambiguous_duplicate_seat,2,s112343302026;s112343302055
W2,s112343302025,343302,8.0,2,online_friend,v14_1_03,11.0,11,ambiguous_duplicate_seat,2,s112343302034;s112343302063
W2,s112343302025,343302,8.0,2,online_friend,v14_1_04,13.0,13,ambiguous_duplicate_seat,2,s112343302036;s112343302065
W2,s112343302025,343302,8.0,2,online_enemy,v14_2_01,8.0,8,ambiguous_duplicate_seat,2,s112343302031;s112343302060
W2,s112343302025,343302,8.0,2,offline_friend,v14_3_01,1.0,1,ambiguous_duplicate_seat,2,s112343302024;s112343302053
W2,s112343302025,343302,8.0,2,offline_friend,v14_3_02,3.0,3,ambiguous_duplicate_seat,2,s112343302026;s112343302055
W2,s112343302025,343302,8.0,2,offline_friend,v14_3_04,9.0,9,ambiguous_duplicate_seat,2,s112343302032;s112343302061
W2,s112343302025,343302,8.0,2,offline_friend,v14_3_05,13.0,13,ambiguous_duplicate_seat,2,s112343302036;s112343302065
W2,s112343302025,343302,8.0,2,offline_enemy,v14_4_01,8.0,8,ambiguous_duplicate_seat,2,s112343302031;s112343302060
W2,s112343302026,343302,8.0,3,online_friend,v14_1_01,9.0,9,ambiguous_duplicate_seat,2,s112343302032;s112343302061
W2,s112343302026,343302,8.0,3,online_friend,v14_1_03,7.0,7,ambiguous_duplicate_seat,2,s112343302030;s112343302059
W2,s112343302026,343302,8.0,3,online_enemy,v14_2_01,8.0,8,ambiguous_duplicate_seat,2,s112343302031;s112343302060
W2,s112343302026,343302,8.0,3,offline_friend,v14_3_01,9.0,9,ambiguous_duplicate_seat,2,s112343302032;s112343302061
W2,s112343302026,343302,8.0,3,offline_friend,v14_3_02,7.0,7,ambiguous_duplicate_seat,2,s112343302030;s112343302059
W2,s112343302026,343302,8.0,3,offline_friend,v14_3_05,2.0,2,ambiguous_duplicate_seat,2,s112343302025;s112343302054
W2,s112343302026,343302,8.0,3,offline_enemy,v14_4_01,8.0,8,ambiguous_duplicate_seat,2,s112343302031;s112343302060
W2,s112343302027,343302,8.0,4,online_friend,v14_1_01,5.0,5,ambiguous_duplicate_seat,2,s112343302028;s112343302057
W2,s112343302027,343302,8.0,4,online_friend,v14_1_02,7.0,7,ambiguous_duplicate_seat,2,s112343302030;s112343302059
W2,s112343302027,343302,8.0,4,online_friend,v14_1_03,10.0,10,ambiguous_duplicate_seat,2,s112343302033;s112343302062
W2,s112343302027,343302,8.0,4,online_friend,v14_1_04,12.0,12,ambiguous_duplicate_seat,2,s112343302035;s112343302064
W2,s112343302027,343302,8.0,4,online_friend,v14_1_05,22.0,22,ambiguous_duplicate_seat,2,s112343302039;s112343302067
W2,s112343302027,343302,8.0,4,online_enemy,v14_2_01,8.0,8,ambiguous_duplicate_seat,2,s112343302031;s112343302060
W2,s112343302027,343302,8.0,4,online_enemy,v14_2_02,33.0,33,ambiguous_duplicate_seat,2,s112343302050;s112343302077
W2,s112343302027,343302,8.0,4,offline_friend,v14_3_01,5.0,5,ambiguous_duplicate_seat,2,s112343302028;s112343302057
W2,s112343302027,343302,8.0,4,offline_friend,v14_3_02,7.0,7,ambiguous_duplicate_seat,2,s112343302030;s112343302059
W2,s112343302027,343302,8.0,4,offline_friend,v14_3_03,10.0,10,ambiguous_duplicate_seat,2,s112343302033;s112343302062
W2,s112343302027,343302,8.0,4,offline_friend,v14_3_04,12.0,12,ambiguous_duplicate_seat,2,s112343302035;s112343302064
W2,s112343302027,343302,8.0,4,offline_enemy,v14_4_01,8.0,8,ambiguous_duplicate_seat,2,s112343302031;s112343302060
W2,s112343302027,343302,8.0,4,offline_enemy,v14_4_02,33.0,33,ambiguous_duplicate_seat,2,s112343302050;s112343302077
W2,s112343302028,343302,8.0,5,online_friend,v14_1_01,4.0,4,ambiguous_duplicate_seat,2,s112343302027;s112343302056
W2,s112343302028,343302,8.0,5,online_friend,v14_1_03,9.0,9,ambiguous_duplicate_seat,2,s112343302032;s112343302061
W2,s112343302028,343302,8.0,5,online_friend,v14_1_04,25.0,25,ambiguous_duplicate_seat,2,s112343302042;s112343302070
W2,s112343302028,343302,8.0,5,online_friend,v14_1_05,3.0,3,ambiguous_duplicate_seat,2,s112343302026;s112343302055
W2,s112343302028,343302,8.0,5,online_enemy,v14_2_01,8.0,8,ambiguous_duplicate_seat,2,s112343302031;s112343302060
W2,s112343302028,343302,8.0,5,online_enemy,v14_2_02,33.0,33,ambiguous_duplicate_seat,2,s112343302050;s112343302077
W2,s112343302028,343302,8.0,5,offline_friend,v14_3_01,4.0,4,ambiguous_duplicate_seat,2,s112343302027;s112343302056
W2,s112343302028,343302,8.0,5,offline_friend,v14_3_02,12.0,12,ambiguous_duplicate_seat,2,s112343302035;s112343302064
W2,s112343302028,343302,8.0,5,offline_friend,v14_3_03,3.0,3,ambiguous_duplicate_seat,2,s112343302026;s112343302055
W2,s112343302028,343302,8.0,5,offline_friend,v14_3_04,25.0,25,ambiguous_duplicate_seat,2,s112343302042;s112343302070
W2,s112343302028,343302,8.0,5,offline_friend,v14_3_05,2.0,2,ambiguous_duplicate_seat,2,s112343302025;s112343302054
W2,s112343302028,343302,8.0,5,offline_enemy,v14_4_01,8.0,8,ambiguous_duplicate_seat,2,s112343302031;s112343302060
W2,s112343302030,343302,8.0,7,online_friend,v14_1_02,3.0,3,ambiguous_duplicate_seat,2,s112343302026;s112343302055
W2,s112343302030,343302,8.0,7,online_friend,v14_1_03,9.0,9,ambiguous_duplicate_seat,2,s112343302032;s112343302061
W2,s112343302030,343302,8.0,7,online_friend,v14_1_04,4.0,4,ambiguous_duplicate_seat,2,s112343302027;s112343302056
W2,s112343302030,343302,8.0,7,online_friend,v14_1_05,7.0,7,ambiguous_duplicate_seat,2,s112343302030;s112343302059
W2,s112343302030,343302,8.0,7,offline_friend,v14_3_01,3.0,3,ambiguous_duplicate_seat,2,s112343302026;s112343302055
W2,s112343302030,343302,8.0,7,offline_friend,v14_3_02,9.0,9,ambiguous_duplicate_seat,2,s112343302032;s112343302061
W2,s112343302030,343302,8.0,7,offline_friend,v14_3_04,4.0,4,ambiguous_duplicate_seat,2,s112343302027;s112343302056
W2,s112343302031,343302,8.0,8,online_friend,v14_1_01,3.0,3,ambiguous_duplicate_seat,2,s112343302026;s112343302055
W2,s112343302031,343302,8.0,8,online_friend,v14_1_02,9.0,9,ambiguous_duplicate_seat,2,s112343302032;s112343302061
W2,s112343302031,343302,8.0,8,online_friend,v14_1_03,10.0,10,ambiguous_duplicate_seat,2,s112343302033;s112343302062
W2,s112343302031,343302,8.0,8,online_friend,v14_1_04,12.0,12,ambiguous_duplicate_seat,2,s112343302035;s112343302064
W2,s112343302031,343302,8.0,8,online_enemy,v14_2_01,5.0,5,ambiguous_duplicate_seat,2,s112343302028;s112343302057
W2,s112343302031,343302,8.0,8,online_enemy,v14_2_02,13.0,13,ambiguous_duplicate_seat,2,s112343302036;s112343302065
W2,s112343302031,343302,8.0,8,offline_friend,v14_3_01,3.0,3,ambiguous_duplicate_seat,2,s112343302026;s112343302055
W2,s112343302031,343302,8.0,8,offline_friend,v14_3_02,9.0,9,ambiguous_duplicate_seat,2,s112343302032;s112343302061
W2,s112343302031,343302,8.0,8,offline_friend,v14_3_03,10.0,10,ambiguous_duplicate_seat,2,s112343302033;s112343302062
W2,s112343302031,343302,8.0,8,offline_friend,v14_3_04,12.0,12,ambiguous_duplicate_seat,2,s112343302035;s112343302064
W2,s112343302031,343302,8.0,8,offline_enemy,v14_4_01,5.0,5,ambiguous_duplicate_seat,2,s112343302028;s112343302057
W2,s112343302031,343302,8.0,8,offline_enemy,v14_4_02,13.0,13,ambiguous_duplicate_seat,2,s112343302036;s112343302065
W2,s112343302032,343302,8.0,9,online_friend,v14_1_01,3.0,3,ambiguous_duplicate_seat,2,s112343302026;s112343302055
W2,s112343302032,343302,8.0,9,online_friend,v14_1_02,7.0,7,ambiguous_duplicate_seat,2,s112343302030;s112343302059
W2,s112343302032,343302,8.0,9,offline_friend,v14_3_01,3.0,3,ambiguous_duplicate_seat,2,s112343302026;s112343302055
W2,s112343302032,343302,8.0,9,offline_friend,v14_3_02,7.0,7,ambiguous_duplicate_seat,2,s112343302030;s112343302059
W2,s112343302033,343302,8.0,10,online_friend,v14_1_01,4.0,4,ambiguous_duplicate_seat,2,s112343302027;s112343302056
W2,s112343302033,343302,8.0,10,online_friend,v14_1_02,12.0,12,ambiguous_duplicate_seat,2,s112343302035;s112343302064
W2,s112343302033,343302,8.0,10,online_friend,v14_1_03,22.0,22,ambiguous_duplicate_seat,2,s112343302039;s112343302067
W2,s112343302033,343302,8.0,10,online_friend,v14_1_04,3.0,3,ambiguous_duplicate_seat,2,s112343302026;s112343302055
W2,s112343302033,343302,8.0,10,online_enemy,v14_2_01,25.0,25,ambiguous_duplicate_seat,2,s112343302042;s112343302070
W2,s112343302033,343302,8.0,10,online_enemy,v14_2_02,8.0,8,ambiguous_duplicate_seat,2,s112343302031;s112343302060
W2,s112343302033,343302,8.0,10,online_enemy,v14_2_03,5.0,5,ambiguous_duplicate_seat,2,s112343302028;s112343302057
W2,s112343302033,343302,8.0,10,offline_friend,v14_3_01,4.0,4,ambiguous_duplicate_seat,2,s112343302027;s112343302056
W2,s112343302033,343302,8.0,10,offline_friend,v14_3_02,12.0,12,ambiguous_duplicate_seat,2,s112343302035;s112343302064
W2,s112343302033,343302,8.0,10,offline_friend,v14_3_03,2.0,2,ambiguous_duplicate_seat,2,s112343302025;s112343302054
W2,s112343302033,343302,8.0,10,offline_friend,v14_3_04,3.0,3,ambiguous_duplicate_seat,2,s112343302026;s112343302055
W2,s112343302033,343302,8.0,10,offline_friend,v14_3_05,33.0,33,ambiguous_duplicate_seat,2,s112343302050;s112343302077
W2,s112343302033,343302,8.0,10,offline_enemy,v14_4_01,8.0,8,ambiguous_duplicate_seat,2,s112343302031;s112343302060
W2,s112343302033,343302,8.0,10,offline_enemy,v14_4_02,5.0,5,ambiguous_duplicate_seat,2,s112343302028;s112343302057
W2,s112343302034,343302,8.0,11,online_enemy,v14_2_01,8.0,8,ambiguous_duplicate_seat,2,s112343302031;s112343302060
W2,s112343302034,343302,8.0,11,online_enemy,v14_2_02,5.0,5,ambiguous_duplicate_seat,2,s112343302028;s112343302057
W2,s112343302034,343302,8.0,11,online_enemy,v14_2_04,31.0,31,ambiguous_duplicate_seat,2,s112343302048;s112343302075
W2,s112343302034,343302,8.0,11,online_enemy,v14_2_05,33.0,33,ambiguous_duplicate_seat,2,s112343302050;s112343302077
W2,s112343302034,343302,8.0,11,offline_friend,v14_3_01,11.0,11,ambiguous_duplicate_seat,2,s112343302034;s112343302063
W2,s112343302034,343302,8.0,11,offline_friend,v14_3_02,1.0,1,ambiguous_duplicate_seat,2,s112343302024;s112343302053
W2,s112343302034,343302,8.0,11,offline_friend,v14_3_03,13.0,13,ambiguous_duplicate_seat,2,s112343302036;s112343302065
W2,s112343302034,343302,8.0,11,offline_friend,v14_3_04,3.0,3,ambiguous_duplicate_seat,2,s112343302026;s112343302055
W2,s112343302034,343302,8.0,11,offline_friend,v14_3_05,2.0,2,ambiguous_duplicate_seat,2,s112343302025;s112343302054
W2,s112343302034,343302,8.0,11,offline_enemy,v14_4_01,8.0,8,ambiguous_duplicate_seat,2,s112343302031;s112343302060
W2,s112343302034,343302,8.0,11,offline_enemy,v14_4_02,5.0,5,ambiguous_duplicate_seat,2,s112343302028;s112343302057
W2,s112343302034,343302,8.0,11,offline_enemy,v14_4_04,31.0,31,ambiguous_duplicate_seat,2,s112343302048;s112343302075
W2,s112343302034,343302,8.0,11,offline_enemy,v14_4_05,33.0,33,ambiguous_duplicate_seat,2,s112343302050;s112343302077
W2,s112343302035,343302,8.0,12,online_friend,v14_1_01,4.0,4,ambiguous_duplicate_seat,2,s112343302027;s112343302056
W2,s112343302035,343302,8.0,12,online_friend,v14_1_02,10.0,10,ambiguous_duplicate_seat,2,s112343302033;s112343302062
W2,s112343302035,343302,8.0,12,online_friend,v14_1_04,22.0,22,ambiguous_duplicate_seat,2,s112343302039;s112343302067
W2,s112343302035,343302,8.0,12,online_friend,v14_1_05,12.0,12,ambiguous_duplicate_seat,2,s112343302035;s112343302064
W2,s112343302035,343302,8.0,12,online_enemy,v14_2_01,8.0,8,ambiguous_duplicate_seat,2,s112343302031;s112343302060
W2,s112343302035,343302,8.0,12,online_enemy,v14_2_03,33.0,33,ambiguous_duplicate_seat,2,s112343302050;s112343302077
W2,s112343302035,343302,8.0,12,offline_friend,v14_3_01,4.0,4,ambiguous_duplicate_seat,2,s112343302027;s112343302056
W2,s112343302035,343302,8.0,12,offline_friend,v14_3_02,10.0,10,ambiguous_duplicate_seat,2,s112343302033;s112343302062
W2,s112343302035,343302,8.0,12,offline_friend,v14_3_03,22.0,22,ambiguous_duplicate_seat,2,s112343302039;s112343302067
W2,s112343302035,343302,8.0,12,offline_enemy,v14_4_01,8.0,8,ambiguous_duplicate_seat,2,s112343302031;s112343302060
W2,s112343302035,343302,8.0,12,offline_enemy,v14_4_03,33.0,33,ambiguous_duplicate_seat,2,s112343302050;s112343302077
W2,s112343302036,343302,8.0,13,online_friend,v14_1_01,11.0,11,ambiguous_duplicate_seat,2,s112343302034;s112343302063
W2,s112343302036,343302,8.0,13,online_friend,v14_1_02,2.0,2,ambiguous_duplicate_seat,2,s112343302025;s112343302054
W2,s112343302036,343302,8.0,13,online_friend,v14_1_03,1.0,1,ambiguous_duplicate_seat,2,s112343302024;s112343302053
W2,s112343302036,343302,8.0,13,offline_friend,v14_3_01,2.0,2,ambiguous_duplicate_seat,2,s112343302025;s112343302054
W2,s112343302037,343302,8.0,14,online_friend,v14_1_01,3.0,3,ambiguous_duplicate_seat,2,s112343302026;s112343302055
W2,s112343302037,343302,8.0,14,online_friend,v14_1_02,7.0,7,ambiguous_duplicate_seat,2,s112343302030;s112343302059
W2,s112343302037,343302,8.0,14,online_friend,v14_1_03,9.0,9,ambiguous_duplicate_seat,2,s112343302032;s112343302061
W2,s112343302037,343302,8.0,14,offline_friend,v14_3_01,3.0,3,ambiguous_duplicate_seat,2,s112343302026;s112343302055
W2,s112343302037,343302,8.0,14,offline_friend,v14_3_02,9.0,9,ambiguous_duplicate_seat,2,s112343302032;s112343302061
W2,s112343302037,343302,8.0,14,offline_friend,v14_3_03,7.0,7,ambiguous_duplicate_seat,2,s112343302030;s112343302059
W2,s112343302038,343302,8.0,21,online_friend,v14_1_01,27.0,27,ambiguous_duplicate_seat,2,s112343302044;s112343302072
W2,s112343302038,343302,8.0,21,online_friend,v14_1_02,25.0,25,ambiguous_duplicate_seat,2,s112343302042;s112343302070
W2,s112343302038,343302,8.0,21,online_friend,v14_1_03,33.0,33,ambiguous_duplicate_seat,2,s112343302050;s112343302077
W2,s112343302038,343302,8.0,21,online_friend,v14_1_05,1.0,1,ambiguous_duplicate_seat,2,s112343302024;s112343302053
W2,s112343302038,343302,8.0,21,online_enemy,v14_2_01,8.0,8,ambiguous_duplicate_seat,2,s112343302031;s112343302060
W2,s112343302038,343302,8.0,21,online_enemy,v14_2_02,13.0,13,ambiguous_duplicate_seat,2,s112343302036;s112343302065
W2,s112343302038,343302,8.0,21,offline_friend,v14_3_01,27.0,27,ambiguous_duplicate_seat,2,s112343302044;s112343302072
W2,s112343302038,343302,8.0,21,offline_friend,v14_3_02,25.0,25,ambiguous_duplicate_seat,2,s112343302042;s112343302070
W2,s112343302038,343302,8.0,21,offline_friend,v14_3_03,33.0,33,ambiguous_duplicate_seat,2,s112343302050;s112343302077
W2,s112343302038,343302,8.0,21,offline_friend,v14_3_04,21.0,21,ambiguous_duplicate_seat,2,s112343302038;s112343302066
W2,s112343302038,343302,8.0,21,offline_friend,v14_3_05,30.0,30,ambiguous_duplicate_seat,2,s112343302047;s112343302074
W2,s112343302038,343302,8.0,21,offline_enemy,v14_4_01,8.0,8,ambiguous_duplicate_seat,2,s112343302031;s112343302060
W2,s112343302038,343302,8.0,21,offline_enemy,v14_4_02,13.0,13,ambiguous_duplicate_seat,2,s112343302036;s112343302065
W2,s112343302039,343302,8.0,22,online_friend,v14_1_01,30.0,30,ambiguous_duplicate_seat,2,s112343302047;s112343302074
W2,s112343302039,343302,8.0,22,online_friend,v14_1_02,31.0,31,ambiguous_duplicate_seat,2,s112343302048;s112343302075
W2,s112343302039,343302,8.0,22,online_friend,v14_1_04,10.0,10,ambiguous_duplicate_seat,2,s112343302033;s112343302062
W2,s112343302039,343302,8.0,22,online_friend,v14_1_05,4.0,4,ambiguous_duplicate_seat,2,s112343302027;s112343302056
W2,s112343302039,343302,8.0,22,online_enemy,v14_2_01,8.0,8,ambiguous_duplicate_seat,2,s112343302031;s112343302060
W2,s112343302039,343302,8.0,22,online_enemy,v14_2_03,5.0,5,ambiguous_duplicate_seat,2,s112343302028;s112343302057
W2,s112343302039,343302,8.0,22,online_enemy,v14_2_04,11.0,11,ambiguous_duplicate_seat,2,s112343302034;s112343302063
W2,s112343302039,343302,8.0,22,offline_friend,v14_3_01,30.0,30,ambiguous_duplicate_seat,2,s112343302047;s112343302074
W2,s112343302039,343302,8.0,22,offline_friend,v14_3_02,31.0,31,ambiguous_duplicate_seat,2,s112343302048;s112343302075
W2,s112343302039,343302,8.0,22,offline_friend,v14_3_03,29.0,29,ambiguous_duplicate_seat,2,s112343302046;s112343302073
W2,s112343302039,343302,8.0,22,offline_friend,v14_3_05,25.0,25,ambiguous_duplicate_seat,2,s112343302042;s112343302070
W2,s112343302039,343302,8.0,22,offline_enemy,v14_4_01,8.0,8,ambiguous_duplicate_seat,2,s112343302031;s112343302060
W2,s112343302039,343302,8.0,22,offline_enemy,v14_4_02,5.0,5,ambiguous_duplicate_seat,2,s112343302028;s112343302057
W2,s112343302039,343302,8.0,22,offline_enemy,v14_4_03,11.0,11,ambiguous_duplicate_seat,2,s112343302034;s112343302063
W2,s112343302040,343302,8.0,23,online_friend,v14_1_01,29.0,29,ambiguous_duplicate_seat,2,s112343302046;s112343302073
W2,s112343302040,343302,8.0,23,online_friend,v14_1_03,21.0,21,ambiguous_duplicate_seat,2,s112343302038;s112343302066
W2,s112343302040,343302,8.0,23,online_enemy,v14_2_01,8.0,8,ambiguous_duplicate_seat,2,s112343302031;s112343302060
W2,s112343302040,343302,8.0,23,offline_enemy,v14_4_01,8.0,8,ambiguous_duplicate_seat,2,s112343302031;s112343302060
W2,s112343302041,343302,8.0,24,online_enemy,v14_2_05,8.0,8,ambiguous_duplicate_seat,2,s112343302031;s112343302060
W2,s112343302041,343302,8.0,24,offline_enemy,v14_4_01,8.0,8,ambiguous_duplicate_seat,2,s112343302031;s112343302060
W2,s112343302041,343302,8.0,24,offline_enemy,v14_4_05,23.0,23,ambiguous_duplicate_seat,2,s112343302040;s112343302068
W2,s112343302042,343302,8.0,25,online_friend,v14_1_01,33.0,33,ambiguous_duplicate_seat,2,s112343302050;s112343302077
W2,s112343302042,343302,8.0,25,online_friend,v14_1_03,31.0,31,ambiguous_duplicate_seat,2,s112343302048;s112343302075
W2,s112343302042,343302,8.0,25,offline_friend,v14_3_01,1.0,1,ambiguous_duplicate_seat,2,s112343302024;s112343302053
W2,s112343302042,343302,8.0,25,offline_friend,v14_3_02,5.0,5,ambiguous_duplicate_seat,2,s112343302028;s112343302057
W2,s112343302042,343302,8.0,25,offline_friend,v14_3_03,10.0,10,ambiguous_duplicate_seat,2,s112343302033;s112343302062
W2,s112343302042,343302,8.0,25,offline_friend,v14_3_04,33.0,33,ambiguous_duplicate_seat,2,s112343302050;s112343302077
W2,s112343302042,343302,8.0,25,offline_friend,v14_3_05,31.0,31,ambiguous_duplicate_seat,2,s112343302048;s112343302075
W2,s112343302042,343302,8.0,25,offline_enemy,v14_4_01,8.0,8,ambiguous_duplicate_seat,2,s112343302031;s112343302060
W2,s112343302042,343302,8.0,25,offline_enemy,v14_4_02,21.0,21,ambiguous_duplicate_seat,2,s112343302038;s112343302066
W2,s112343302044,343302,8.0,27,online_friend,v14_1_01,1.0,1,ambiguous_duplicate_seat,2,s112343302024;s112343302053
W2,s112343302044,343302,8.0,27,online_friend,v14_1_02,21.0,21,ambiguous_duplicate_seat,2,s112343302038;s112343302066
W2,s112343302044,343302,8.0,27,online_friend,v14_1_04,25.0,25,ambiguous_duplicate_seat,2,s112343302042;s112343302070
W2,s112343302044,343302,8.0,27,online_friend,v14_1_05,2.0,2,ambiguous_duplicate_seat,2,s112343302025;s112343302054
W2,s112343302044,343302,8.0,27,online_enemy,v14_2_01,8.0,8,ambiguous_duplicate_seat,2,s112343302031;s112343302060
W2,s112343302044,343302,8.0,27,online_enemy,v14_2_02,5.0,5,ambiguous_duplicate_seat,2,s112343302028;s112343302057
W2,s112343302044,343302,8.0,27,online_enemy,v14_2_03,13.0,13,ambiguous_duplicate_seat,2,s112343302036;s112343302065
W2,s112343302044,343302,8.0,27,online_enemy,v14_2_05,33.0,33,ambiguous_duplicate_seat,2,s112343302050;s112343302077
W2,s112343302044,343302,8.0,27,offline_friend,v14_3_01,1.0,1,ambiguous_duplicate_seat,2,s112343302024;s112343302053
W2,s112343302044,343302,8.0,27,offline_friend,v14_3_02,2.0,2,ambiguous_duplicate_seat,2,s112343302025;s112343302054
W2,s112343302044,343302,8.0,27,offline_friend,v14_3_03,21.0,21,ambiguous_duplicate_seat,2,s112343302038;s112343302066
W2,s112343302044,343302,8.0,27,offline_friend,v14_3_04,25.0,25,ambiguous_duplicate_seat,2,s112343302042;s112343302070
W2,s112343302044,343302,8.0,27,offline_enemy,v14_4_01,5.0,5,ambiguous_duplicate_seat,2,s112343302028;s112343302057
W2,s112343302044,343302,8.0,27,offline_enemy,v14_4_02,8.0,8,ambiguous_duplicate_seat,2,s112343302031;s112343302060
W2,s112343302044,343302,8.0,27,offline_enemy,v14_4_03,13.0,13,ambiguous_duplicate_seat,2,s112343302036;s112343302065
W2,s112343302044,343302,8.0,27,offline_enemy,v14_4_05,33.0,33,ambiguous_duplicate_seat,2,s112343302050;s112343302077
W2,s112343302045,343302,8.0,28,online_friend,v14_1_01,29.0,29,ambiguous_duplicate_seat,2,s112343302046;s112343302073
W2,s112343302045,343302,8.0,28,online_friend,v14_1_02,23.0,23,ambiguous_duplicate_seat,2,s112343302040;s112343302068
W2,s112343302045,343302,8.0,28,offline_enemy,v14_4_02,8.0,8,ambiguous_duplicate_seat,2,s112343302031;s112343302060
W2,s112343302046,343302,8.0,29,online_friend,v14_1_01,22.0,22,ambiguous_duplicate_seat,2,s112343302039;s112343302067
W2,s112343302046,343302,8.0,29,online_friend,v14_1_02,23.0,23,ambiguous_duplicate_seat,2,s112343302040;s112343302068
W2,s112343302046,343302,8.0,29,online_friend,v14_1_04,30.0,30,ambiguous_duplicate_seat,2,s112343302047;s112343302074
W2,s112343302046,343302,8.0,29,online_friend,v14_1_05,31.0,31,ambiguous_duplicate_seat,2,s112343302048;s112343302075
W2,s112343302046,343302,8.0,29,offline_friend,v14_3_01,25.0,25,ambiguous_duplicate_seat,2,s112343302042;s112343302070
W2,s112343302046,343302,8.0,29,offline_friend,v14_3_02,27.0,27,ambiguous_duplicate_seat,2,s112343302044;s112343302072
W2,s112343302046,343302,8.0,29,offline_friend,v14_3_03,30.0,30,ambiguous_duplicate_seat,2,s112343302047;s112343302074
W2,s112343302046,343302,8.0,29,offline_friend,v14_3_04,31.0,31,ambiguous_duplicate_seat,2,s112343302048;s112343302075
W2,s112343302046,343302,8.0,29,offline_friend,v14_3_05,33.0,33,ambiguous_duplicate_seat,2,s112343302050;s112343302077
W2,s112343302047,343302,8.0,30,online_friend,v14_1_01,22.0,22,ambiguous_duplicate_seat,2,s112343302039;s112343302067
W2,s112343302047,343302,8.0,30,online_friend,v14_1_02,31.0,31,ambiguous_duplicate_seat,2,s112343302048;s112343302075
W2,s112343302047,343302,8.0,30,online_friend,v14_1_03,2.0,2,ambiguous_duplicate_seat,2,s112343302025;s112343302054
W2,s112343302047,343302,8.0,30,offline_friend,v14_3_01,22.0,22,ambiguous_duplicate_seat,2,s112343302039;s112343302067
W2,s112343302047,343302,8.0,30,offline_friend,v14_3_03,31.0,31,ambiguous_duplicate_seat,2,s112343302048;s112343302075
W2,s112343302047,343302,8.0,30,offline_friend,v14_3_05,2.0,2,ambiguous_duplicate_seat,2,s112343302025;s112343302054
W2,s112343302047,343302,8.0,30,offline_enemy,v14_4_01,8.0,8,ambiguous_duplicate_seat,2,s112343302031;s112343302060
W2,s112343302048,343302,8.0,31,online_friend,v14_1_01,22.0,22,ambiguous_duplicate_seat,2,s112343302039;s112343302067
W2,s112343302048,343302,8.0,31,online_friend,v14_1_02,25.0,25,ambiguous_duplicate_seat,2,s112343302042;s112343302070
W2,s112343302048,343302,8.0,31,online_friend,v14_1_03,30.0,30,ambiguous_duplicate_seat,2,s112343302047;s112343302074
W2,s112343302048,343302,8.0,31,offline_friend,v14_3_01,30.0,30,ambiguous_duplicate_seat,2,s112343302047;s112343302074
W2,s112343302050,343302,8.0,33,online_friend,v14_1_01,9.0,9,ambiguous_duplicate_seat,2,s112343302032;s112343302061
W2,s112343302050,343302,8.0,33,online_friend,v14_1_02,25.0,25,ambiguous_duplicate_seat,2,s112343302042;s112343302070
W2,s112343302050,343302,8.0,33,online_enemy,v14_2_01,1.0,1,ambiguous_duplicate_seat,2,s112343302024;s112343302053
W2,s112343302050,343302,8.0,33,online_enemy,v14_2_02,5.0,5,ambiguous_duplicate_seat,2,s112343302028;s112343302057
W2,s112343302050,343302,8.0,33,online_enemy,v14_2_04,10.0,10,ambiguous_duplicate_seat,2,s112343302033;s112343302062
W2,s112343302050,343302,8.0,33,offline_friend,v14_3_01,9.0,9,ambiguous_duplicate_seat,2,s112343302032;s112343302061
W2,s112343302050,343302,8.0,33,offline_friend,v14_3_02,25.0,25,ambiguous_duplicate_seat,2,s112343302042;s112343302070
W2,s112343302050,343302,8.0,33,offline_friend,v14_3_03,21.0,21,ambiguous_duplicate_seat,2,s112343302038;s112343302066
W2,s112343302050,343302,8.0,33,offline_enemy,v14_4_01,1.0,1,ambiguous_duplicate_seat,2,s112343302024;s112343302053
W2,s112343302050,343302,8.0,33,offline_enemy,v14_4_02,5.0,5,ambiguous_duplicate_seat,2,s112343302028;s112343302057
W2,s112343302050,343302,8.0,33,offline_enemy,v14_4_04,10.0,10,ambiguous_duplicate_seat,2,s112343302033;s112343302062
W2,s112343302053,343302,8.0,1,online_friend,v14_1_01,4.0,4,ambiguous_duplicate_seat,2,s112343302027;s112343302056
W2,s112343302053,343302,8.0,1,online_friend,v14_1_02,7.0,7,ambiguous_duplicate_seat,2,s112343302030;s112343302059
W2,s112343302053,343302,8.0,1,online_friend,v14_1_03,10.0,10,ambiguous_duplicate_seat,2,s112343302033;s112343302062
W2,s112343302053,343302,8.0,1,offline_friend,v14_3_01,4.0,4,ambiguous_duplicate_seat,2,s112343302027;s112343302056
W2,s112343302053,343302,8.0,1,offline_friend,v14_3_02,7.0,7,ambiguous_duplicate_seat,2,s112343302030;s112343302059
W2,s112343302053,343302,8.0,1,offline_friend,v14_3_03,10.0,10,ambiguous_duplicate_seat,2,s112343302033;s112343302062
W2,s112343302053,343302,8.0,1,offline_friend,v14_3_04,13.0,13,ambiguous_duplicate_seat,2,s112343302036;s112343302065
W2,s112343302054,343302,8.0,2,online_friend,v14_1_01,11.0,11,ambiguous_duplicate_seat,2,s112343302034;s112343302063
W2,s112343302054,343302,8.0,2,online_enemy,v14_2_01,8.0,8,ambiguous_duplicate_seat,2,s112343302031;s112343302060
W2,s112343302054,343302,8.0,2,offline_friend,v14_3_01,11.0,11,ambiguous_duplicate_seat,2,s112343302034;s112343302063
W2,s112343302054,343302,8.0,2,offline_friend,v14_3_02,5.0,5,ambiguous_duplicate_seat,2,s112343302028;s112343302057
W2,s112343302054,343302,8.0,2,offline_friend,v14_3_03,3.0,3,ambiguous_duplicate_seat,2,s112343302026;s112343302055
W2,s112343302054,343302,8.0,2,offline_friend,v14_3_04,1.0,1,ambiguous_duplicate_seat,2,s112343302024;s112343302053
W2,s112343302054,343302,8.0,2,offline_enemy,v14_4_01,8.0,8,ambiguous_duplicate_seat,2,s112343302031;s112343302060
W2,s112343302054,343302,8.0,2,offline_enemy,v14_4_02,30.0,30,ambiguous_duplicate_seat,2,s112343302047;s112343302074
W2,s112343302055,343302,8.0,3,online_friend,v14_1_01,13.0,13,ambiguous_duplicate_seat,2,s112343302036;s112343302065
W2,s112343302055,343302,8.0,3,online_enemy,v14_2_01,8.0,8,ambiguous_duplicate_seat,2,s112343302031;s112343302060
W2,s112343302055,343302,8.0,3,online_enemy,v14_2_02,9.0,9,ambiguous_duplicate_seat,2,s112343302032;s112343302061
W2,s112343302055,343302,8.0,3,offline_friend,v14_3_01,13.0,13,ambiguous_duplicate_seat,2,s112343302036;s112343302065
W2,s112343302055,343302,8.0,3,offline_friend,v14_3_02,29.0,29,ambiguous_duplicate_seat,2,s112343302046;s112343302073
W2,s112343302055,343302,8.0,3,offline_friend,v14_3_05,22.0,22,ambiguous_duplicate_seat,2,s112343302039;s112343302067
W2,s112343302055,343302,8.0,3,offline_enemy,v14_4_01,8.0,8,ambiguous_duplicate_seat,2,s112343302031;s112343302060
W2,s112343302055,343302,8.0,3,offline_enemy,v14_4_02,9.0,9,ambiguous_duplicate_seat,2,s112343302032;s112343302061
W2,s112343302055,343302,8.0,3,offline_enemy,v14_4_03,23.0,23,ambiguous_duplicate_seat,2,s112343302040;s112343302068
W2,s112343302056,343302,8.0,4,online_friend,v14_1_01,1.0,1,ambiguous_duplicate_seat,2,s112343302024;s112343302053
W2,s112343302056,343302,8.0,4,online_friend,v14_1_02,3.0,3,ambiguous_duplicate_seat,2,s112343302026;s112343302055
W2,s112343302056,343302,8.0,4,online_friend,v14_1_03,13.0,13,ambiguous_duplicate_seat,2,s112343302036;s112343302065
W2,s112343302056,343302,8.0,4,online_friend,v14_1_04,11.0,11,ambiguous_duplicate_seat,2,s112343302034;s112343302063
W2,s112343302056,343302,8.0,4,online_enemy,v14_2_01,8.0,8,ambiguous_duplicate_seat,2,s112343302031;s112343302060
W2,s112343302056,343302,8.0,4,online_enemy,v14_2_02,23.0,23,ambiguous_duplicate_seat,2,s112343302040;s112343302068
W2,s112343302056,343302,8.0,4,online_enemy,v14_2_03,30.0,30,ambiguous_duplicate_seat,2,s112343302047;s112343302074
W2,s112343302056,343302,8.0,4,online_enemy,v14_2_04,9.0,9,ambiguous_duplicate_seat,2,s112343302032;s112343302061
W2,s112343302056,343302,8.0,4,online_enemy,v14_2_05,33.0,33,ambiguous_duplicate_seat,2,s112343302050;s112343302077
W2,s112343302056,343302,8.0,4,offline_friend,v14_3_01,1.0,1,ambiguous_duplicate_seat,2,s112343302024;s112343302053
W2,s112343302056,343302,8.0,4,offline_friend,v14_3_02,3.0,3,ambiguous_duplicate_seat,2,s112343302026;s112343302055
W2,s112343302056,343302,8.0,4,offline_friend,v14_3_04,11.0,11,ambiguous_duplicate_seat,2,s112343302034;s112343302063
W2,s112343302056,343302,8.0,4,offline_friend,v14_3_05,13.0,13,ambiguous_duplicate_seat,2,s112343302036;s112343302065
W2,s112343302056,343302,8.0,4,offline_enemy,v14_4_01,8.0,8,ambiguous_duplicate_seat,2,s112343302031;s112343302060
W2,s112343302056,343302,8.0,4,offline_enemy,v14_4_02,9.0,9,ambiguous_duplicate_seat,2,s112343302032;s112343302061
W2,s112343302056,343302,8.0,4,offline_enemy,v14_4_03,23.0,23,ambiguous_duplicate_seat,2,s112343302040;s112343302068
W2,s112343302056,343302,8.0,4,offline_enemy,v14_4_04,30.0,30,ambiguous_duplicate_seat,2,s112343302047;s112343302074
W2,s112343302056,343302,8.0,4,offline_enemy,v14_4_05,33.0,33,ambiguous_duplicate_seat,2,s112343302050;s112343302077
W2,s112343302057,343302,8.0,5,online_friend,v14_1_02,11.0,11,ambiguous_duplicate_seat,2,s112343302034;s112343302063
W2,s112343302057,343302,8.0,5,online_friend,v14_1_03,12.0,12,ambiguous_duplicate_seat,2,s112343302035;s112343302064
W2,s112343302057,343302,8.0,5,online_friend,v14_1_04,4.0,4,ambiguous_duplicate_seat,2,s112343302027;s112343302056
W2,s112343302057,343302,8.0,5,online_friend,v14_1_05,13.0,13,ambiguous_duplicate_seat,2,s112343302036;s112343302065
W2,s112343302057,343302,8.0,5,online_enemy,v14_2_01,27.0,27,ambiguous_duplicate_seat,2,s112343302044;s112343302072
W2,s112343302057,343302,8.0,5,online_enemy,v14_2_03,25.0,25,ambiguous_duplicate_seat,2,s112343302042;s112343302070
W2,s112343302057,343302,8.0,5,online_enemy,v14_2_04,30.0,30,ambiguous_duplicate_seat,2,s112343302047;s112343302074
W2,s112343302057,343302,8.0,5,offline_friend,v14_3_02,11.0,11,ambiguous_duplicate_seat,2,s112343302034;s112343302063
W2,s112343302057,343302,8.0,5,offline_friend,v14_3_03,12.0,12,ambiguous_duplicate_seat,2,s112343302035;s112343302064
W2,s112343302057,343302,8.0,5,offline_friend,v14_3_04,4.0,4,ambiguous_duplicate_seat,2,s112343302027;s112343302056
W2,s112343302057,343302,8.0,5,offline_friend,v14_3_05,13.0,13,ambiguous_duplicate_seat,2,s112343302036;s112343302065
W2,s112343302057,343302,8.0,5,offline_enemy,v14_4_01,27.0,27,ambiguous_duplicate_seat,2,s112343302044;s112343302072
W2,s112343302057,343302,8.0,5,offline_enemy,v14_4_03,25.0,25,ambiguous_duplicate_seat,2,s112343302042;s112343302070
W2,s112343302059,343302,8.0,7,online_friend,v14_1_02,1.0,1,ambiguous_duplicate_seat,2,s112343302024;s112343302053
W2,s112343302059,343302,8.0,7,online_friend,v14_1_03,13.0,13,ambiguous_duplicate_seat,2,s112343302036;s112343302065
W2,s112343302059,343302,8.0,7,online_enemy,v14_2_01,30.0,30,ambiguous_duplicate_seat,2,s112343302047;s112343302074
W2,s112343302059,343302,8.0,7,online_enemy,v14_2_02,8.0,8,ambiguous_duplicate_seat,2,s112343302031;s112343302060
W2,s112343302059,343302,8.0,7,online_enemy,v14_2_03,9.0,9,ambiguous_duplicate_seat,2,s112343302032;s112343302061
W2,s112343302059,343302,8.0,7,online_enemy,v14_2_04,10.0,10,ambiguous_duplicate_seat,2,s112343302033;s112343302062
W2,s112343302059,343302,8.0,7,online_enemy,v14_2_05,27.0,27,ambiguous_duplicate_seat,2,s112343302044;s112343302072
W2,s112343302059,343302,8.0,7,offline_friend,v14_3_01,1.0,1,ambiguous_duplicate_seat,2,s112343302024;s112343302053
W2,s112343302059,343302,8.0,7,offline_friend,v14_3_02,13.0,13,ambiguous_duplicate_seat,2,s112343302036;s112343302065
W2,s112343302059,343302,8.0,7,offline_enemy,v14_4_01,30.0,30,ambiguous_duplicate_seat,2,s112343302047;s112343302074
W2,s112343302059,343302,8.0,7,offline_enemy,v14_4_02,8.0,8,ambiguous_duplicate_seat,2,s112343302031;s112343302060
W2,s112343302059,343302,8.0,7,offline_enemy,v14_4_03,9.0,9,ambiguous_duplicate_seat,2,s112343302032;s112343302061
W2,s112343302059,343302,8.0,7,offline_enemy,v14_4_04,27.0,27,ambiguous_duplicate_seat,2,s112343302044;s112343302072
W2,s112343302059,343302,8.0,7,offline_enemy,v14_4_05,10.0,10,ambiguous_duplicate_seat,2,s112343302033;s112343302062
W2,s112343302060,343302,8.0,8,online_enemy,v14_2_01,1.0,1,ambiguous_duplicate_seat,2,s112343302024;s112343302053
W2,s112343302060,343302,8.0,8,online_enemy,v14_2_02,13.0,13,ambiguous_duplicate_seat,2,s112343302036;s112343302065
W2,s112343302060,343302,8.0,8,online_enemy,v14_2_03,27.0,27,ambiguous_duplicate_seat,2,s112343302044;s112343302072
W2,s112343302060,343302,8.0,8,online_enemy,v14_2_04,3.0,3,ambiguous_duplicate_seat,2,s112343302026;s112343302055
W2,s112343302060,343302,8.0,8,online_enemy,v14_2_05,10.0,10,ambiguous_duplicate_seat,2,s112343302033;s112343302062
W2,s112343302060,343302,8.0,8,offline_friend,v14_3_01,9.0,9,ambiguous_duplicate_seat,2,s112343302032;s112343302061
W2,s112343302060,343302,8.0,8,offline_friend,v14_3_02,5.0,5,ambiguous_duplicate_seat,2,s112343302028;s112343302057
W2,s112343302060,343302,8.0,8,offline_friend,v14_3_03,11.0,11,ambiguous_duplicate_seat,2,s112343302034;s112343302063
W2,s112343302060,343302,8.0,8,offline_friend,v14_3_04,12.0,12,ambiguous_duplicate_seat,2,s112343302035;s112343302064
W2,s112343302060,343302,8.0,8,offline_enemy,v14_4_01,1.0,1,ambiguous_duplicate_seat,2,s112343302024;s112343302053
W2,s112343302060,343302,8.0,8,offline_enemy,v14_4_02,10.0,10,ambiguous_duplicate_seat,2,s112343302033;s112343302062
W2,s112343302060,343302,8.0,8,offline_enemy,v14_4_03,3.0,3,ambiguous_duplicate_seat,2,s112343302026;s112343302055
W2,s112343302060,343302,8.0,8,offline_enemy,v14_4_04,13.0,13,ambiguous_duplicate_seat,2,s112343302036;s112343302065
W2,s112343302060,343302,8.0,8,offline_enemy,v14_4_05,27.0,27,ambiguous_duplicate_seat,2,s112343302044;s112343302072
W2,s112343302061,343302,8.0,9,online_friend,v14_1_02,21.0,21,ambiguous_duplicate_seat,2,s112343302038;s112343302066
W2,s112343302061,343302,8.0,9,online_friend,v14_1_03,10.0,10,ambiguous_duplicate_seat,2,s112343302033;s112343302062
W2,s112343302061,343302,8.0,9,online_enemy,v14_2_01,3.0,3,ambiguous_duplicate_seat,2,s112343302026;s112343302055
W2,s112343302061,343302,8.0,9,offline_friend,v14_3_02,5.0,5,ambiguous_duplicate_seat,2,s112343302028;s112343302057
W2,s112343302061,343302,8.0,9,offline_friend,v14_3_03,11.0,11,ambiguous_duplicate_seat,2,s112343302034;s112343302063
W2,s112343302061,343302,8.0,9,offline_friend,v14_3_04,12.0,12,ambiguous_duplicate_seat,2,s112343302035;s112343302064
W2,s112343302061,343302,8.0,9,offline_enemy,v14_4_01,3.0,3,ambiguous_duplicate_seat,2,s112343302026;s112343302055
W2,s112343302061,343302,8.0,9,offline_enemy,v14_4_02,7.0,7,ambiguous_duplicate_seat,2,s112343302030;s112343302059
W2,s112343302061,343302,8.0,9,offline_enemy,v14_4_03,10.0,10,ambiguous_duplicate_seat,2,s112343302033;s112343302062
W2,s112343302061,343302,8.0,9,offline_enemy,v14_4_05,8.0,8,ambiguous_duplicate_seat,2,s112343302031;s112343302060
W2,s112343302062,343302,8.0,10,online_friend,v14_1_01,1.0,1,ambiguous_duplicate_seat,2,s112343302024;s112343302053
W2,s112343302062,343302,8.0,10,online_friend,v14_1_02,3.0,3,ambiguous_duplicate_seat,2,s112343302026;s112343302055
W2,s112343302062,343302,8.0,10,online_friend,v14_1_03,4.0,4,ambiguous_duplicate_seat,2,s112343302027;s112343302056
W2,s112343302062,343302,8.0,10,online_friend,v14_1_04,11.0,11,ambiguous_duplicate_seat,2,s112343302034;s112343302063
W2,s112343302062,343302,8.0,10,online_friend,v14_1_05,13.0,13,ambiguous_duplicate_seat,2,s112343302036;s112343302065
W2,s112343302062,343302,8.0,10,online_enemy,v14_2_01,8.0,8,ambiguous_duplicate_seat,2,s112343302031;s112343302060
W2,s112343302062,343302,8.0,10,offline_friend,v14_3_01,1.0,1,ambiguous_duplicate_seat,2,s112343302024;s112343302053
W2,s112343302062,343302,8.0,10,offline_friend,v14_3_02,3.0,3,ambiguous_duplicate_seat,2,s112343302026;s112343302055
W2,s112343302062,343302,8.0,10,offline_friend,v14_3_03,4.0,4,ambiguous_duplicate_seat,2,s112343302027;s112343302056
W2,s112343302062,343302,8.0,10,offline_friend,v14_3_04,11.0,11,ambiguous_duplicate_seat,2,s112343302034;s112343302063
W2,s112343302062,343302,8.0,10,offline_friend,v14_3_05,13.0,13,ambiguous_duplicate_seat,2,s112343302036;s112343302065
W2,s112343302062,343302,8.0,10,offline_enemy,v14_4_01,8.0,8,ambiguous_duplicate_seat,2,s112343302031;s112343302060
W2,s112343302063,343302,8.0,11,online_friend,v14_1_01,13.0,13,ambiguous_duplicate_seat,2,s112343302036;s112343302065
W2,s112343302063,343302,8.0,11,online_friend,v14_1_02,5.0,5,ambiguous_duplicate_seat,2,s112343302028;s112343302057
W2,s112343302063,343302,8.0,11,online_friend,v14_1_03,3.0,3,ambiguous_duplicate_seat,2,s112343302026;s112343302055
W2,s112343302063,343302,8.0,11,online_friend,v14_1_04,2.0,2,ambiguous_duplicate_seat,2,s112343302025;s112343302054
W2,s112343302063,343302,8.0,11,offline_friend,v14_3_01,5.0,5,ambiguous_duplicate_seat,2,s112343302028;s112343302057
W2,s112343302063,343302,8.0,11,offline_friend,v14_3_02,2.0,2,ambiguous_duplicate_seat,2,s112343302025;s112343302054
W2,s112343302063,343302,8.0,11,offline_friend,v14_3_03,13.0,13,ambiguous_duplicate_seat,2,s112343302036;s112343302065
W2,s112343302063,343302,8.0,11,offline_enemy,v14_4_01,8.0,8,ambiguous_duplicate_seat,2,s112343302031;s112343302060
W2,s112343302064,343302,8.0,12,offline_friend,v14_3_01,5.0,5,ambiguous_duplicate_seat,2,s112343302028;s112343302057
W2,s112343302064,343302,8.0,12,offline_friend,v14_3_02,4.0,4,ambiguous_duplicate_seat,2,s112343302027;s112343302056
W2,s112343302064,343302,8.0,12,offline_friend,v14_3_03,11.0,11,ambiguous_duplicate_seat,2,s112343302034;s112343302063
W2,s112343302064,343302,8.0,12,offline_friend,v14_3_05,2.0,2,ambiguous_duplicate_seat,2,s112343302025;s112343302054
W2,s112343302065,343302,8.0,13,online_friend,v14_1_01,3.0,3,ambiguous_duplicate_seat,2,s112343302026;s112343302055
W2,s112343302065,343302,8.0,13,online_friend,v14_1_02,1.0,1,ambiguous_duplicate_seat,2,s112343302024;s112343302053
W2,s112343302065,343302,8.0,13,online_friend,v14_1_03,11.0,11,ambiguous_duplicate_seat,2,s112343302034;s112343302063
W2,s112343302065,343302,8.0,13,online_enemy,v14_2_01,8.0,8,ambiguous_duplicate_seat,2,s112343302031;s112343302060
W2,s112343302065,343302,8.0,13,online_enemy,v14_2_02,23.0,23,ambiguous_duplicate_seat,2,s112343302040;s112343302068
W2,s112343302065,343302,8.0,13,online_enemy,v14_2_03,27.0,27,ambiguous_duplicate_seat,2,s112343302044;s112343302072
W2,s112343302065,343302,8.0,13,online_enemy,v14_2_04,7.0,7,ambiguous_duplicate_seat,2,s112343302030;s112343302059
W2,s112343302065,343302,8.0,13,online_enemy,v14_2_05,9.0,9,ambiguous_duplicate_seat,2,s112343302032;s112343302061
W2,s112343302065,343302,8.0,13,offline_friend,v14_3_01,3.0,3,ambiguous_duplicate_seat,2,s112343302026;s112343302055
W2,s112343302065,343302,8.0,13,offline_friend,v14_3_02,1.0,1,ambiguous_duplicate_seat,2,s112343302024;s112343302053
W2,s112343302065,343302,8.0,13,offline_friend,v14_3_03,11.0,11,ambiguous_duplicate_seat,2,s112343302034;s112343302063
W2,s112343302065,343302,8.0,13,offline_enemy,v14_4_01,8.0,8,ambiguous_duplicate_seat,2,s112343302031;s112343302060
W2,s112343302065,343302,8.0,13,offline_enemy,v14_4_02,23.0,23,ambiguous_duplicate_seat,2,s112343302040;s112343302068
W2,s112343302065,343302,8.0,13,offline_enemy,v14_4_03,27.0,27,ambiguous_duplicate_seat,2,s112343302044;s112343302072
W2,s112343302065,343302,8.0,13,offline_enemy,v14_4_04,7.0,7,ambiguous_duplicate_seat,2,s112343302030;s112343302059
W2,s112343302065,343302,8.0,13,offline_enemy,v14_4_05,9.0,9,ambiguous_duplicate_seat,2,s112343302032;s112343302061
W2,s112343302066,343302,8.0,21,online_friend,v14_1_02,25.0,25,ambiguous_duplicate_seat,2,s112343302042;s112343302070
W2,s112343302066,343302,8.0,21,online_friend,v14_1_05,31.0,31,ambiguous_duplicate_seat,2,s112343302048;s112343302075
W2,s112343302066,343302,8.0,21,offline_friend,v14_3_01,13.0,13,ambiguous_duplicate_seat,2,s112343302036;s112343302065
W2,s112343302066,343302,8.0,21,offline_friend,v14_3_03,33.0,33,ambiguous_duplicate_seat,2,s112343302050;s112343302077
W2,s112343302066,343302,8.0,21,offline_friend,v14_3_05,25.0,25,ambiguous_duplicate_seat,2,s112343302042;s112343302070
W2,s112343302067,343302,8.0,22,online_friend,v14_1_02,25.0,25,ambiguous_duplicate_seat,2,s112343302042;s112343302070
W2,s112343302067,343302,8.0,22,online_friend,v14_1_04,27.0,27,ambiguous_duplicate_seat,2,s112343302044;s112343302072
W2,s112343302067,343302,8.0,22,online_friend,v14_1_05,23.0,23,ambiguous_duplicate_seat,2,s112343302040;s112343302068
W2,s112343302067,343302,8.0,22,online_enemy,v14_2_01,8.0,8,ambiguous_duplicate_seat,2,s112343302031;s112343302060
W2,s112343302067,343302,8.0,22,online_enemy,v14_2_02,11.0,11,ambiguous_duplicate_seat,2,s112343302034;s112343302063
W2,s112343302067,343302,8.0,22,online_enemy,v14_2_03,12.0,12,ambiguous_duplicate_seat,2,s112343302035;s112343302064
W2,s112343302067,343302,8.0,22,online_enemy,v14_2_04,30.0,30,ambiguous_duplicate_seat,2,s112343302047;s112343302074
W2,s112343302067,343302,8.0,22,offline_friend,v14_3_02,25.0,25,ambiguous_duplicate_seat,2,s112343302042;s112343302070
W2,s112343302067,343302,8.0,22,offline_friend,v14_3_04,23.0,23,ambiguous_duplicate_seat,2,s112343302040;s112343302068
W2,s112343302067,343302,8.0,22,offline_enemy,v14_4_01,1.0,1,ambiguous_duplicate_seat,2,s112343302024;s112343302053
W2,s112343302067,343302,8.0,22,offline_enemy,v14_4_02,8.0,8,ambiguous_duplicate_seat,2,s112343302031;s112343302060
W2,s112343302067,343302,8.0,22,offline_enemy,v14_4_03,11.0,11,ambiguous_duplicate_seat,2,s112343302034;s112343302063
W2,s112343302067,343302,8.0,22,offline_enemy,v14_4_04,12.0,12,ambiguous_duplicate_seat,2,s112343302035;s112343302064
W2,s112343302067,343302,8.0,22,offline_enemy,v14_4_05,30.0,30,ambiguous_duplicate_seat,2,s112343302047;s112343302074
W2,s112343302068,343302,8.0,23,online_friend,v14_1_01,27.0,27,ambiguous_duplicate_seat,2,s112343302044;s112343302072
W2,s112343302068,343302,8.0,23,online_friend,v14_1_02,31.0,31,ambiguous_duplicate_seat,2,s112343302048;s112343302075
W2,s112343302068,343302,8.0,23,online_friend,v14_1_04,22.0,22,ambiguous_duplicate_seat,2,s112343302039;s112343302067
W2,s112343302068,343302,8.0,23,online_enemy,v14_2_01,27.0,27,ambiguous_duplicate_seat,2,s112343302044;s112343302072
W2,s112343302068,343302,8.0,23,online_enemy,v14_2_02,31.0,31,ambiguous_duplicate_seat,2,s112343302048;s112343302075
W2,s112343302068,343302,8.0,23,online_enemy,v14_2_03,22.0,22,ambiguous_duplicate_seat,2,s112343302039;s112343302067
W2,s112343302068,343302,8.0,23,offline_friend,v14_3_03,27.0,27,ambiguous_duplicate_seat,2,s112343302044;s112343302072
W2,s112343302068,343302,8.0,23,offline_friend,v14_3_04,33.0,33,ambiguous_duplicate_seat,2,s112343302050;s112343302077
W2,s112343302070,343302,8.0,25,online_friend,v14_1_01,22.0,22,ambiguous_duplicate_seat,2,s112343302039;s112343302067
W2,s112343302070,343302,8.0,25,online_friend,v14_1_03,33.0,33,ambiguous_duplicate_seat,2,s112343302050;s112343302077
W2,s112343302070,343302,8.0,25,online_enemy,v14_2_01,8.0,8,ambiguous_duplicate_seat,2,s112343302031;s112343302060
W2,s112343302070,343302,8.0,25,online_enemy,v14_2_02,10.0,10,ambiguous_duplicate_seat,2,s112343302033;s112343302062
W2,s112343302070,343302,8.0,25,online_enemy,v14_2_03,9.0,9,ambiguous_duplicate_seat,2,s112343302032;s112343302061
W2,s112343302070,343302,8.0,25,online_enemy,v14_2_04,27.0,27,ambiguous_duplicate_seat,2,s112343302044;s112343302072
W2,s112343302070,343302,8.0,25,online_enemy,v14_2_05,1.0,1,ambiguous_duplicate_seat,2,s112343302024;s112343302053
W2,s112343302070,343302,8.0,25,offline_friend,v14_3_01,22.0,22,ambiguous_duplicate_seat,2,s112343302039;s112343302067
W2,s112343302070,343302,8.0,25,offline_friend,v14_3_04,29.0,29,ambiguous_duplicate_seat,2,s112343302046;s112343302073
W2,s112343302070,343302,8.0,25,offline_friend,v14_3_05,33.0,33,ambiguous_duplicate_seat,2,s112343302050;s112343302077
W2,s112343302070,343302,8.0,25,offline_enemy,v14_4_01,8.0,8,ambiguous_duplicate_seat,2,s112343302031;s112343302060
W2,s112343302070,343302,8.0,25,offline_enemy,v14_4_02,9.0,9,ambiguous_duplicate_seat,2,s112343302032;s112343302061
W2,s112343302070,343302,8.0,25,offline_enemy,v14_4_03,10.0,10,ambiguous_duplicate_seat,2,s112343302033;s112343302062
W2,s112343302070,343302,8.0,25,offline_enemy,v14_4_04,27.0,27,ambiguous_duplicate_seat,2,s112343302044;s112343302072
W2,s112343302070,343302,8.0,25,offline_enemy,v14_4_05,12.0,12,ambiguous_duplicate_seat,2,s112343302035;s112343302064
W2,s112343302072,343302,8.0,27,online_friend,v14_1_02,22.0,22,ambiguous_duplicate_seat,2,s112343302039;s112343302067
W2,s112343302072,343302,8.0,27,online_friend,v14_1_05,21.0,21,ambiguous_duplicate_seat,2,s112343302038;s112343302066
W2,s112343302072,343302,8.0,27,online_enemy,v14_2_02,10.0,10,ambiguous_duplicate_seat,2,s112343302033;s112343302062
W2,s112343302072,343302,8.0,27,online_enemy,v14_2_03,8.0,8,ambiguous_duplicate_seat,2,s112343302031;s112343302060
W2,s112343302072,343302,8.0,27,online_enemy,v14_2_04,30.0,30,ambiguous_duplicate_seat,2,s112343302047;s112343302074
W2,s112343302072,343302,8.0,27,offline_friend,v14_3_01,23.0,23,ambiguous_duplicate_seat,2,s112343302040;s112343302068
W2,s112343302072,343302,8.0,27,offline_friend,v14_3_03,21.0,21,ambiguous_duplicate_seat,2,s112343302038;s112343302066
W2,s112343302072,343302,8.0,27,offline_friend,v14_3_04,31.0,31,ambiguous_duplicate_seat,2,s112343302048;s112343302075
W2,s112343302072,343302,8.0,27,offline_enemy,v14_4_02,8.0,8,ambiguous_duplicate_seat,2,s112343302031;s112343302060
W2,s112343302072,343302,8.0,27,offline_enemy,v14_4_03,10.0,10,ambiguous_duplicate_seat,2,s112343302033;s112343302062
W2,s112343302072,343302,8.0,27,offline_enemy,v14_4_04,30.0,30,ambiguous_duplicate_seat,2,s112343302047;s112343302074
W2,s112343302073,343302,8.0,29,online_friend,v14_1_04,33.0,33,ambiguous_duplicate_seat,2,s112343302050;s112343302077
W2,s112343302073,343302,8.0,29,online_enemy,v14_2_01,22.0,22,ambiguous_duplicate_seat,2,s112343302039;s112343302067
W2,s112343302073,343302,8.0,29,online_enemy,v14_2_02,23.0,23,ambiguous_duplicate_seat,2,s112343302040;s112343302068
W2,s112343302073,343302,8.0,29,offline_friend,v14_3_03,33.0,33,ambiguous_duplicate_seat,2,s112343302050;s112343302077
W2,s112343302073,343302,8.0,29,offline_enemy,v14_4_01,8.0,8,ambiguous_duplicate_seat,2,s112343302031;s112343302060
W2,s112343302073,343302,8.0,29,offline_enemy,v14_4_02,10.0,10,ambiguous_duplicate_seat,2,s112343302033;s112343302062
W2,s112343302073,343302,8.0,29,offline_enemy,v14_4_03,27.0,27,ambiguous_duplicate_seat,2,s112343302044;s112343302072
W2,s112343302073,343302,8.0,29,offline_enemy,v14_4_04,30.0,30,ambiguous_duplicate_seat,2,s112343302047;s112343302074
W2,s112343302074,343302,8.0,30,online_friend,v14_1_01,31.0,31,ambiguous_duplicate_seat,2,s112343302048;s112343302075
W2,s112343302074,343302,8.0,30,online_friend,v14_1_03,27.0,27,ambiguous_duplicate_seat,2,s112343302044;s112343302072
W2,s112343302074,343302,8.0,30,online_friend,v14_1_04,23.0,23,ambiguous_duplicate_seat,2,s112343302040;s112343302068
W2,s112343302074,343302,8.0,30,online_enemy,v14_2_01,22.0,22,ambiguous_duplicate_seat,2,s112343302039;s112343302067
W2,s112343302074,343302,8.0,30,online_enemy,v14_2_03,25.0,25,ambiguous_duplicate_seat,2,s112343302042;s112343302070
W2,s112343302074,343302,8.0,30,online_enemy,v14_2_05,33.0,33,ambiguous_duplicate_seat,2,s112343302050;s112343302077
W2,s112343302074,343302,8.0,30,offline_friend,v14_3_01,31.0,31,ambiguous_duplicate_seat,2,s112343302048;s112343302075
W2,s112343302074,343302,8.0,30,offline_friend,v14_3_02,23.0,23,ambiguous_duplicate_seat,2,s112343302040;s112343302068
W2,s112343302074,343302,8.0,30,offline_enemy,v14_4_01,22.0,22,ambiguous_duplicate_seat,2,s112343302039;s112343302067
W2,s112343302074,343302,8.0,30,offline_enemy,v14_4_03,25.0,25,ambiguous_duplicate_seat,2,s112343302042;s112343302070
W2,s112343302074,343302,8.0,30,offline_enemy,v14_4_05,33.0,33,ambiguous_duplicate_seat,2,s112343302050;s112343302077
W2,s112343302075,343302,8.0,31,online_friend,v14_1_01,21.0,21,ambiguous_duplicate_seat,2,s112343302038;s112343302066
W2,s112343302075,343302,8.0,31,online_friend,v14_1_03,27.0,27,ambiguous_duplicate_seat,2,s112343302044;s112343302072
W2,s112343302075,343302,8.0,31,online_friend,v14_1_04,29.0,29,ambiguous_duplicate_seat,2,s112343302046;s112343302073
W2,s112343302075,343302,8.0,31,online_friend,v14_1_05,30.0,30,ambiguous_duplicate_seat,2,s112343302047;s112343302074
W2,s112343302075,343302,8.0,31,offline_friend,v14_3_01,21.0,21,ambiguous_duplicate_seat,2,s112343302038;s112343302066
W2,s112343302075,343302,8.0,31,offline_friend,v14_3_02,9.0,9,ambiguous_duplicate_seat,2,s112343302032;s112343302061
W2,s112343302075,343302,8.0,31,offline_friend,v14_3_04,23.0,23,ambiguous_duplicate_seat,2,s112343302040;s112343302068
W2,s112343302075,343302,8.0,31,offline_friend,v14_3_05,29.0,29,ambiguous_duplicate_seat,2,s112343302046;s112343302073
W2,s112343302076,343302,8.0,32,online_friend,v14_1_02,33.0,33,ambiguous_duplicate_seat,2,s112343302050;s112343302077
W2,s112343302076,343302,8.0,32,online_friend,v14_1_03,21.0,21,ambiguous_duplicate_seat,2,s112343302038;s112343302066
W2,s112343302076,343302,8.0,32,online_friend,v14_1_04,7.0,7,ambiguous_duplicate_seat,2,s112343302030;s112343302059
W2,s112343302076,343302,8.0,32,online_friend,v14_1_05,13.0,13,ambiguous_duplicate_seat,2,s112343302036;s112343302065
W2,s112343302076,343302,8.0,32,online_enemy,v14_2_01,8.0,8,ambiguous_duplicate_seat,2,s112343302031;s112343302060
W2,s112343302076,343302,8.0,32,offline_friend,v14_3_02,33.0,33,ambiguous_duplicate_seat,2,s112343302050;s112343302077
W2,s112343302076,343302,8.0,32,offline_friend,v14_3_03,13.0,13,ambiguous_duplicate_seat,2,s112343302036;s112343302065
W2,s112343302076,343302,8.0,32,offline_friend,v14_3_04,7.0,7,ambiguous_duplicate_seat,2,s112343302030;s112343302059
W2,s112343302076,343302,8.0,32,offline_friend,v14_3_05,21.0,21,ambiguous_duplicate_seat,2,s112343302038;s112343302066
W2,s112343302076,343302,8.0,32,offline_enemy,v14_4_01,8.0,8,ambiguous_duplicate_seat,2,s112343302031;s112343302060
W2,s112343302077,343302,8.0,33,online_friend,v14_1_01,7.0,7,ambiguous_duplicate_seat,2,s112343302030;s112343302059
W2,s112343302077,343302,8.0,33,online_friend,v14_1_03,13.0,13,ambiguous_duplicate_seat,2,s112343302036;s112343302065
W2,s112343302077,343302,8.0,33,online_friend,v14_1_04,29.0,29,ambiguous_duplicate_seat,2,s112343302046;s112343302073
W2,s112343302077,343302,8.0,33,online_enemy,v14_2_01,8.0,8,ambiguous_duplicate_seat,2,s112343302031;s112343302060
W2,s112343302077,343302,8.0,33,online_enemy,v14_2_04,23.0,23,ambiguous_duplicate_seat,2,s112343302040;s112343302068
W2,s112343302077,343302,8.0,33,offline_friend,v14_3_01,7.0,7,ambiguous_duplicate_seat,2,s112343302030;s112343302059
W2,s112343302077,343302,8.0,33,offline_friend,v14_3_03,29.0,29,ambiguous_duplicate_seat,2,s112343302046;s112343302073
W2,s112343302077,343302,8.0,33,offline_enemy,v14_4_01,8.0,8,ambiguous_duplicate_seat,2,s112343302031;s112343302060
W2,s112343302077,343302,8.0,33,offline_enemy,v14_4_04,23.0,23,ambiguous_duplicate_seat,2,s112343302040;s112343302068
W2,s112343302078,343302,8.0,34,online_friend,v14_1_02,31.0,31,ambiguous_duplicate_seat,2,s112343302048;s112343302075
W2,s112343302078,343302,8.0,34,online_friend,v14_1_03,29.0,29,ambiguous_duplicate_seat,2,s112343302046;s112343302073
W2,s112343302078,343302,8.0,34,online_friend,v14_1_05,33.0,33,ambiguous_duplicate_seat,2,s112343302050;s112343302077
W2,s112343302078,343302,8.0,34,offline_friend,v14_3_01,22.0,22,ambiguous_duplicate_seat,2,s112343302039;s112343302067
W2,s112343302078,343302,8.0,34,offline_friend,v14_3_03,29.0,29,ambiguous_duplicate_seat,2,s112343302046;s112343302073
W2,s112343302078,343302,8.0,34,offline_friend,v14_3_05,33.0,33,ambiguous_duplicate_seat,2,s112343302050;s112343302077
W2,s112403502032,403502,805.0,9,online_enemy,v14_2_03,28.0,28,ambiguous_duplicate_seat,2,s112403502043;s112403502044
W2,s112403502032,403502,805.0,9,offline_enemy,v14_4_03,28.0,28,ambiguous_duplicate_seat,2,s112403502043;s112403502044
W2,s112403502036,403502,805.0,21,offline_friend,v14_3_02,28.0,28,ambiguous_duplicate_seat,2,s112403502043;s112403502044
W2,s112403502042,403502,805.0,27,online_friend,v14_1_04,28.0,28,ambiguous_duplicate_seat,2,s112403502043;s112403502044
W2,s112403502042,403502,805.0,27,offline_friend,v14_3_04,28.0,28,ambiguous_duplicate_seat,2,s112403502043;s112403502044
W2,s112403502044,403502,805.0,28,online_friend,v14_1_01,28.0,28,ambiguous_duplicate_seat,2,s112403502043;s112403502044
W2,s112403502044,403502,805.0,28,offline_friend,v14_3_03,28.0,28,ambiguous_duplicate_seat,2,s112403502043;s112403502044
W2,s112403502051,403502,805.0,36,offline_friend,v14_3_05,28.0,28,ambiguous_duplicate_seat,2,s112403502043;s112403502044
W2,s112551301026,551301,國中201,6,online_friend,v14_1_02,7.0,7,ambiguous_duplicate_seat,2,s112551301028;s112551301030
W2,s112551301026,551301,國中201,6,offline_friend,v14_3_01,7.0,7,ambiguous_duplicate_seat,2,s112551301028;s112551301030
W2,s112551301034,551301,國中201,11,online_friend,v14_1_02,7.0,7,ambiguous_duplicate_seat,2,s112551301028;s112551301030
W2,s112551301034,551301,國中201,11,offline_friend,v14_3_02,7.0,7,ambiguous_duplicate_seat,2,s112551301028;s112551301030
W2,s112551301039,551301,國中201,14,online_friend,v14_1_05,14.0,14,ambiguous_duplicate_seat,2,s112551301037;s112551301039
W2,s112551301039,551301,國中201,14,offline_enemy,v14_4_01,14.0,14,ambiguous_duplicate_seat,2,s112551301037;s112551301039
W2,s112551301040,551301,國中201,17,online_friend,v14_1_05,14.0,14,ambiguous_duplicate_seat,2,s112551301037;s112551301039
W2,s112551301056,551301,國中201,34,online_enemy,v14_2_05,7.0,7,ambiguous_duplicate_seat,2,s112551301028;s112551301030
W2,s112551301056,551301,國中201,34,offline_friend,v14_3_02,7.0,7,ambiguous_duplicate_seat,2,s112551301028;s112551301030
W2,s112551301056,551301,國中201,34,offline_enemy,v14_4_01,14.0,14,ambiguous_duplicate_seat,2,s112551301037;s112551301039
W2,s112551301071,551301,國中203,11,online_enemy,v14_2_04,35.0,35,ambiguous_duplicate_seat,2,s112551301089;s112551301092
W2,s112551301071,551301,國中203,11,offline_enemy,v14_4_04,35.0,35,ambiguous_duplicate_seat,2,s112551301089;s112551301092
W2,s112551301086,551301,國中203,28,online_friend,v14_1_03,10.0,10,ambiguous_duplicate_seat,2,s112551301069;s112551301070
W2,s112551301093,551301,國中203,36,online_friend,v14_1_01,35.0,35,ambiguous_duplicate_seat,2,s112551301089;s112551301092
W2,s112551301093,551301,國中203,36,offline_friend,v14_3_04,35.0,35,ambiguous_duplicate_seat,2,s112551301089;s112551301092
W3,s112124515031,124515,803.0,8,online_enemy,8-2_1,23.0,23,ambiguous_duplicate_seat,2,s112124515046;s112124515048
W3,s112124515031,124515,803.0,8,offline_enemy,8-4_1,23.0,23,ambiguous_duplicate_seat,2,s112124515046;s112124515048
W3,s112124515036,124515,803.0,13,offline_enemy,8-4_2,23.0,23,ambiguous_duplicate_seat,2,s112124515046;s112124515048
W3,s112124515034,124515,803.0,11,online_enemy,8-2_1,23.0,23,ambiguous_duplicate_seat,2,s112124515046;s112124515048
W3,s112124515034,124515,803.0,11,offline_enemy,8-4_1,23.0,23,ambiguous_duplicate_seat,2,s112124515046;s112124515048
W3,s112061315024,61315,201.0,1,online_friend,8-1_2,12.0,12,ambiguous_duplicate_seat,2,s112061315036;s112061315035
W3,s112061315024,61315,201.0,1,offline_friend,8-3_2,12.0,12,ambiguous_duplicate_seat,2,s112061315036;s112061315035
W3,s112124515024,124515,803.0,1,online_enemy,8-2_2,23.0,23,ambiguous_duplicate_seat,2,s112124515046;s112124515048
W3,s112124515024,124515,803.0,1,offline_enemy,8-4_2,23.0,23,ambiguous_duplicate_seat,2,s112124515046;s112124515048
W3,s112124515033,124515,803.0,10,online_enemy,8-2_2,23.0,23,ambiguous_duplicate_seat,2,s112124515046;s112124515048
W3,s112124515035,124515,803.0,12,online_enemy,8-2_4,23.0,23,ambiguous_duplicate_seat,2,s112124515046;s112124515048
W3,s112124515035,124515,803.0,12,offline_enemy,8-4_4,23.0,23,ambiguous_duplicate_seat,2,s112124515046;s112124515048
W3,s112124515032,124515,803.0,9,online_enemy,8-2_1,23.0,23,ambiguous_duplicate_seat,2,s112124515046;s112124515048
W3,s112061315031,61315,201.0,8,online_friend,8-1_1,12.0,12,ambiguous_duplicate_seat,2,s112061315036;s112061315035
W3,s112061315031,61315,201.0,8,offline_friend,8-3_1,12.0,12,ambiguous_duplicate_seat,2,s112061315036;s112061315035
W3,s112061315038,61315,201.0,14,online_friend,8-1_0,12.0,12,ambiguous_duplicate_seat,2,s112061315036;s112061315035
W3,s112061315038,61315,201.0,14,offline_friend,8-3_0,12.0,12,ambiguous_duplicate_seat,2,s112061315036;s112061315035
W3,s112061315033,61315,201.0,10,online_friend,8-1_4,12.0,12,ambiguous_duplicate_seat,2,s112061315036;s112061315035
W3,s112061315033,61315,201.0,10,offline_friend,8-3_4,12.0,12,ambiguous_duplicate_seat,2,s112061315036;s112061315035
W3,s112061315034,61315,201.0,11,offline_friend,8-3_3,12.0,12,ambiguous_duplicate_seat,2,s112061315036;s112061315035
W3,s112061315039,61315,201.0,15,offline_friend,8-3_3,12.0,12,ambiguous_duplicate_seat,2,s112061315036;s112061315035
W3,s112061315036,61315,201.0,12,online_enemy,8-2_0,19.0,19,ambiguous_duplicate_seat,2,s112061315043;s112061315044
W3,s112061315035,61315,201.0,12,offline_friend,8-3_3,12.0,12,ambiguous_duplicate_seat,2,s112061315036;s112061315035
W3,s112313505060,313505,803.0,6,online_enemy,8-2_1,11.0,11,ambiguous_duplicate_seat,2,s112313505065;s112313505078
W3,s112313505060,313505,803.0,6,offline_enemy,8-4_1,11.0,11,ambiguous_duplicate_seat,2,s112313505065;s112313505078
W3,s112313505065,313505,803.0,11,online_friend,8-1_3,11.0,11,ambiguous_duplicate_seat,2,s112313505065;s112313505078
W3,s112313505065,313505,803.0,11,online_enemy,8-2_0,11.0,11,ambiguous_duplicate_seat,2,s112313505065;s112313505078
W3,s112313505065,313505,803.0,11,offline_friend,8-3_3,11.0,11,ambiguous_duplicate_seat,2,s112313505065;s112313505078
W3,s112313505064,313505,803.0,10,online_enemy,8-2_2,11.0,11,ambiguous_duplicate_seat,2,s112313505065;s112313505078
W3,s112313505067,313505,803.0,13,online_friend,8-1_2,11.0,11,ambiguous_duplicate_seat,2,s112313505065;s112313505078
W3,s112313505067,313505,803.0,13,online_enemy,8-2_1,11.0,11,ambiguous_duplicate_seat,2,s112313505065;s112313505078
W3,s112313505067,313505,803.0,13,offline_friend,8-3_3,11.0,11,ambiguous_duplicate_seat,2,s112313505065;s112313505078
W3,s112313505067,313505,803.0,13,offline_enemy,8-4_3,11.0,11,ambiguous_duplicate_seat,2,s112313505065;s112313505078
W3,s112313505062,313505,803.0,8,online_friend,8-1_4,11.0,11,ambiguous_duplicate_seat,2,s112313505065;s112313505078
W3,s112313505062,313505,803.0,8,offline_friend,8-3_3,11.0,11,ambiguous_duplicate_seat,2,s112313505065;s112313505078
W3,s112313505056,313505,803.0,2,offline_friend,8-3_4,11.0,11,ambiguous_duplicate_seat,2,s112313505065;s112313505078
W3,s112313505066,313505,803.0,12,online_friend,8-1_2,11.0,11,ambiguous_duplicate_seat,2,s112313505065;s112313505078
W3,s112313505066,313505,803.0,12,offline_friend,8-3_0,11.0,11,ambiguous_duplicate_seat,2,s112313505065;s112313505078
W3,s112413302068,413302,806.0,25,online_enemy,8-2_2,24.0,24,ambiguous_duplicate_seat,2,s112413302067;s112413302066
W3,s112413302068,413302,806.0,25,offline_enemy,8-4_2,24.0,24,ambiguous_duplicate_seat,2,s112413302067;s112413302066
W3,s112413302069,413302,806.0,26,online_friend,8-1_2,24.0,24,ambiguous_duplicate_seat,2,s112413302067;s112413302066
W3,s112413302069,413302,806.0,26,online_enemy,8-2_2,24.0,24,ambiguous_duplicate_seat,2,s112413302067;s112413302066
W3,s112413302069,413302,806.0,26,offline_friend,8-3_2,24.0,24,ambiguous_duplicate_seat,2,s112413302067;s112413302066
W3,s112413302073,413302,806.0,31,online_friend,8-1_1,24.0,24,ambiguous_duplicate_seat,2,s112413302067;s112413302066
W3,s112413302073,413302,806.0,31,offline_friend,8-3_1,24.0,24,ambiguous_duplicate_seat,2,s112413302067;s112413302066
W3,s112413302074,413302,806.0,32,online_friend,8-1_0,24.0,24,ambiguous_duplicate_seat,2,s112413302067;s112413302066
W3,s112413302074,413302,806.0,32,offline_friend,8-3_0,24.0,24,ambiguous_duplicate_seat,2,s112413302067;s112413302066
W3,s112413302075,413302,806.0,33,online_friend,8-1_1,24.0,24,ambiguous_duplicate_seat,2,s112413302067;s112413302066
W3,s112413302075,413302,806.0,33,offline_friend,8-3_1,24.0,24,ambiguous_duplicate_seat,2,s112413302067;s112413302066
W3,s112114523045,114523,8.0,22,online_friend,8-1_0,16.0,16,ambiguous_duplicate_seat,2,s112114523069;s112114523039
W3,s112114523045,114523,8.0,22,online_friend,8-1_1,24.0,24,ambiguous_duplicate_seat,2,s112114523047;s112114523076
W3,s112114523045,114523,8.0,22,online_enemy,8-2_0,20.0,20,ambiguous_duplicate_seat,2,s112114523073;s112114523043
W3,s112114523045,114523,8.0,22,offline_friend,8-3_0,16.0,16,ambiguous_duplicate_seat,2,s112114523069;s112114523039
W3,s112114523045,114523,8.0,22,offline_friend,8-3_1,24.0,24,ambiguous_duplicate_seat,2,s112114523047;s112114523076
W3,s112114523045,114523,8.0,22,offline_enemy,8-4_2,20.0,20,ambiguous_duplicate_seat,2,s112114523073;s112114523043
W3,s112114523073,114523,8.0,20,online_friend,8-1_0,19.0,19,ambiguous_duplicate_seat,2,s112114523042;s112114523072
W3,s112114523073,114523,8.0,20,online_enemy,8-2_0,5.0,5,ambiguous_duplicate_seat,2,s112114523028;s112114523058
W3,s112114523073,114523,8.0,20,offline_friend,8-3_0,19.0,19,ambiguous_duplicate_seat,2,s112114523042;s112114523072
W3,s112114523073,114523,8.0,20,offline_enemy,8-4_0,5.0,5,ambiguous_duplicate_seat,2,s112114523028;s112114523058
W3,s112114523069,114523,8.0,16,offline_enemy,8-4_1,5.0,5,ambiguous_duplicate_seat,2,s112114523028;s112114523058
W3,s112114523082,114523,8.0,30,online_friend,8-1_1,8.0,8,ambiguous_duplicate_seat,2,s112114523031;s112114523061
W3,s112114523082,114523,8.0,30,online_friend,8-1_3,5.0,5,ambiguous_duplicate_seat,2,s112114523028;s112114523058
W3,s112114523082,114523,8.0,30,online_enemy,8-2_2,16.0,16,ambiguous_duplicate_seat,2,s112114523069;s112114523039
W3,s112114523082,114523,8.0,30,offline_friend,8-3_3,5.0,5,ambiguous_duplicate_seat,2,s112114523028;s112114523058
W3,s112114523082,114523,8.0,30,offline_enemy,8-4_2,16.0,16,ambiguous_duplicate_seat,2,s112114523069;s112114523039
W3,s112114523044,114523,8.0,21,online_friend,8-1_1,16.0,16,ambiguous_duplicate_seat,2,s112114523069;s112114523039
W3,s112114523044,114523,8.0,21,online_friend,8-1_3,24.0,24,ambiguous_duplicate_seat,2,s112114523047;s112114523076
W3,s112114523044,114523,8.0,21,online_enemy,8-2_3,26.0,26,ambiguous_duplicate_seat,2,s112114523049;s112114523078
W3,s112114523044,114523,8.0,21,offline_enemy,8-4_2,8.0,8,ambiguous_duplicate_seat,2,s112114523031;s112114523061
W3,s112114523044,114523,8.0,21,offline_enemy,8-4_3,26.0,26,ambiguous_duplicate_seat,2,s112114523049;s112114523078
W3,s112114523040,114523,8.0,17,online_friend,8-1_0,19.0,19,ambiguous_duplicate_seat,2,s112114523042;s112114523072
W3,s112114523040,114523,8.0,17,online_friend,8-1_1,27.0,27,ambiguous_duplicate_seat,2,s112114523050;s112114523079
W3,s112114523040,114523,8.0,17,offline_friend,8-3_0,19.0,19,ambiguous_duplicate_seat,2,s112114523042;s112114523072
W3,s112114523040,114523,8.0,17,offline_friend,8-3_1,27.0,27,ambiguous_duplicate_seat,2,s112114523050;s112114523079
W3,s112114523041,114523,8.0,18,online_friend,8-1_0,9.0,9,ambiguous_duplicate_seat,2,s112114523032;s112114523062
W3,s112114523041,114523,8.0,18,offline_friend,8-3_1,9.0,9,ambiguous_duplicate_seat,2,s112114523032;s112114523062
W3,s112114523041,114523,8.0,18,offline_friend,8-3_2,16.0,16,ambiguous_duplicate_seat,2,s112114523069;s112114523039
W3,s112114523041,114523,8.0,18,offline_friend,8-3_3,24.0,24,ambiguous_duplicate_seat,2,s112114523047;s112114523076
W3,s112114523080,114523,8.0,28,online_friend,8-1_0,16.0,16,ambiguous_duplicate_seat,2,s112114523069;s112114523039
W3,s112114523080,114523,8.0,28,offline_friend,8-3_0,16.0,16,ambiguous_duplicate_seat,2,s112114523069;s112114523039
W3,s112114523046,114523,8.0,23,online_friend,8-1_0,20.0,20,ambiguous_duplicate_seat,2,s112114523073;s112114523043
W3,s112114523046,114523,8.0,23,online_enemy,8-2_0,8.0,8,ambiguous_duplicate_seat,2,s112114523031;s112114523061
W3,s112114523046,114523,8.0,23,online_enemy,8-2_3,26.0,26,ambiguous_duplicate_seat,2,s112114523049;s112114523078
W3,s112114523046,114523,8.0,23,offline_friend,8-3_0,20.0,20,ambiguous_duplicate_seat,2,s112114523073;s112114523043
W3,s112114523046,114523,8.0,23,offline_enemy,8-4_0,8.0,8,ambiguous_duplicate_seat,2,s112114523031;s112114523061
W3,s112114523046,114523,8.0,23,offline_enemy,8-4_3,26.0,26,ambiguous_duplicate_seat,2,s112114523049;s112114523078
W3,s112114523048,114523,8.0,25,online_friend,8-1_1,27.0,27,ambiguous_duplicate_seat,2,s112114523050;s112114523079
W3,s112114523048,114523,8.0,25,offline_enemy,8-4_1,26.0,26,ambiguous_duplicate_seat,2,s112114523049;s112114523078
W3,s112114523050,114523,8.0,27,online_friend,8-1_2,19.0,19,ambiguous_duplicate_seat,2,s112114523042;s112114523072
W3,s112114523050,114523,8.0,27,online_enemy,8-2_0,9.0,9,ambiguous_duplicate_seat,2,s112114523032;s112114523062
W3,s112114523050,114523,8.0,27,offline_enemy,8-4_0,9.0,9,ambiguous_duplicate_seat,2,s112114523032;s112114523062
W3,s112114523047,114523,8.0,24,online_friend,8-1_0,16.0,16,ambiguous_duplicate_seat,2,s112114523069;s112114523039
W3,s112114523047,114523,8.0,24,online_enemy,8-2_2,19.0,19,ambiguous_duplicate_seat,2,s112114523042;s112114523072
W3,s112114523047,114523,8.0,24,offline_friend,8-3_0,16.0,16,ambiguous_duplicate_seat,2,s112114523069;s112114523039
W3,s112114523047,114523,8.0,24,offline_enemy,8-4_2,19.0,19,ambiguous_duplicate_seat,2,s112114523042;s112114523072
W3,s112114523042,114523,8.0,19,online_friend,8-1_1,8.0,8,ambiguous_duplicate_seat,2,s112114523031;s112114523061
W3,s112114523042,114523,8.0,19,offline_friend,8-3_1,8.0,8,ambiguous_duplicate_seat,2,s112114523031;s112114523061
W3,s112114523037,114523,8.0,14,online_friend,8-1_0,27.0,27,ambiguous_duplicate_seat,2,s112114523050;s112114523079
W3,s112114523037,114523,8.0,14,offline_friend,8-3_0,27.0,27,ambiguous_duplicate_seat,2,s112114523050;s112114523079
W3,s112114523037,114523,8.0,14,offline_friend,8-3_2,16.0,16,ambiguous_duplicate_seat,2,s112114523069;s112114523039
W3,s112114523037,114523,8.0,14,offline_friend,8-3_3,24.0,24,ambiguous_duplicate_seat,2,s112114523047;s112114523076
W3,s112114523039,114523,8.0,16,online_friend,8-1_0,24.0,24,ambiguous_duplicate_seat,2,s112114523047;s112114523076
W3,s112114523039,114523,8.0,16,online_friend,8-1_1,27.0,27,ambiguous_duplicate_seat,2,s112114523050;s112114523079
W3,s112114523039,114523,8.0,16,offline_friend,8-3_0,24.0,24,ambiguous_duplicate_seat,2,s112114523047;s112114523076
W3,s112114523043,114523,8.0,20,online_enemy,8-2_1,26.0,26,ambiguous_duplicate_seat,2,s112114523049;s112114523078
W3,s112114523043,114523,8.0,20,offline_enemy,8-4_2,8.0,8,ambiguous_duplicate_seat,2,s112114523031;s112114523061
W3,s112114523043,114523,8.0,20,offline_enemy,8-4_3,7.0,7,ambiguous_duplicate_seat,2,s112114523030;s112114523060
W3,s112114523076,114523,8.0,24,online_friend,8-1_0,26.0,26,ambiguous_duplicate_seat,2,s112114523049;s112114523078
W3,s112114523076,114523,8.0,24,online_friend,8-1_1,27.0,27,ambiguous_duplicate_seat,2,s112114523050;s112114523079
W3,s112114523076,114523,8.0,24,online_friend,8-1_2,9.0,9,ambiguous_duplicate_seat,2,s112114523032;s112114523062
W3,s112114523076,114523,8.0,24,offline_friend,8-3_0,26.0,26,ambiguous_duplicate_seat,2,s112114523049;s112114523078
W3,s112114523076,114523,8.0,24,offline_friend,8-3_1,27.0,27,ambiguous_duplicate_seat,2,s112114523050;s112114523079
W3,s112114523076,114523,8.0,24,offline_friend,8-3_3,9.0,9,ambiguous_duplicate_seat,2,s112114523032;s112114523062
W3,s112114523079,114523,8.0,27,online_friend,8-1_0,9.0,9,ambiguous_duplicate_seat,2,s112114523032;s112114523062
W3,s112114523079,114523,8.0,27,online_friend,8-1_3,24.0,24,ambiguous_duplicate_seat,2,s112114523047;s112114523076
W3,s112114523079,114523,8.0,27,online_friend,8-1_4,26.0,26,ambiguous_duplicate_seat,2,s112114523049;s112114523078
W3,s112114523079,114523,8.0,27,online_enemy,8-2_0,16.0,16,ambiguous_duplicate_seat,2,s112114523069;s112114523039
W3,s112114523079,114523,8.0,27,offline_friend,8-3_0,9.0,9,ambiguous_duplicate_seat,2,s112114523032;s112114523062
W3,s112114523079,114523,8.0,27,offline_friend,8-3_3,24.0,24,ambiguous_duplicate_seat,2,s112114523047;s112114523076
W3,s112114523079,114523,8.0,27,offline_friend,8-3_4,26.0,26,ambiguous_duplicate_seat,2,s112114523049;s112114523078
W3,s112114523079,114523,8.0,27,offline_enemy,8-4_0,16.0,16,ambiguous_duplicate_seat,2,s112114523069;s112114523039
W3,s112114523072,114523,8.0,19,online_friend,8-1_0,20.0,20,ambiguous_duplicate_seat,2,s112114523073;s112114523043
W3,s112114523072,114523,8.0,19,online_friend,8-1_3,16.0,16,ambiguous_duplicate_seat,2,s112114523069;s112114523039
W3,s112114523072,114523,8.0,19,online_enemy,8-2_0,5.0,5,ambiguous_duplicate_seat,2,s112114523028;s112114523058
W3,s112114523072,114523,8.0,19,online_enemy,8-2_2,24.0,24,ambiguous_duplicate_seat,2,s112114523047;s112114523076
W3,s112114523072,114523,8.0,19,online_enemy,8-2_3,26.0,26,ambiguous_duplicate_seat,2,s112114523049;s112114523078
W3,s112114523072,114523,8.0,19,offline_friend,8-3_0,20.0,20,ambiguous_duplicate_seat,2,s112114523073;s112114523043
W3,s112114523072,114523,8.0,19,offline_enemy,8-4_0,5.0,5,ambiguous_duplicate_seat,2,s112114523028;s112114523058
W3,s112114523072,114523,8.0,19,offline_enemy,8-4_3,24.0,24,ambiguous_duplicate_seat,2,s112114523047;s112114523076
W3,s112114523072,114523,8.0,19,offline_enemy,8-4_4,26.0,26,ambiguous_duplicate_seat,2,s112114523049;s112114523078
W3,s112114523078,114523,8.0,26,online_friend,8-1_0,9.0,9,ambiguous_duplicate_seat,2,s112114523032;s112114523062
W3,s112114523078,114523,8.0,26,online_friend,8-1_3,24.0,24,ambiguous_duplicate_seat,2,s112114523047;s112114523076
W3,s112114523078,114523,8.0,26,online_friend,8-1_4,27.0,27,ambiguous_duplicate_seat,2,s112114523050;s112114523079
W3,s112114523078,114523,8.0,26,offline_friend,8-3_0,9.0,9,ambiguous_duplicate_seat,2,s112114523032;s112114523062
W3,s112114523078,114523,8.0,26,offline_friend,8-3_3,24.0,24,ambiguous_duplicate_seat,2,s112114523047;s112114523076
W3,s112114523078,114523,8.0,26,offline_friend,8-3_4,27.0,27,ambiguous_duplicate_seat,2,s112114523050;s112114523079
W3,s112183510071,183510,820.0,19,online_friend,8-1_1,6.0,6,ambiguous_duplicate_seat,2,s112183510058;s112183510059
W3,s112183510070,183510,820.0,17,online_friend,8-1_1,6.0,6,ambiguous_duplicate_seat,2,s112183510058;s112183510059
W3,s112183510070,183510,820.0,17,offline_friend,8-3_0,6.0,6,ambiguous_duplicate_seat,2,s112183510058;s112183510059
W3,s112084503024,84503,8.0,1,online_friend,8-1_0,1.0,1,ambiguous_duplicate_seat,2,s112084503024;s112084503056
W3,s112084503024,84503,8.0,1,online_friend,8-1_1,1.0,1,ambiguous_duplicate_seat,2,s112084503024;s112084503056
W3,s112084503024,84503,8.0,1,online_friend,8-1_2,2.0,2,ambiguous_duplicate_seat,2,s112084503025;s112084503057
W3,s112084503024,84503,8.0,1,online_friend,8-1_4,4.0,4,ambiguous_duplicate_seat,2,s112084503027;s112084503059
W3,s112084503024,84503,8.0,1,online_enemy,8-2_0,17.0,17,ambiguous_duplicate_seat,2,s112084503071;s113084503003
W3,s112084503024,84503,8.0,1,online_enemy,8-2_1,17.0,17,ambiguous_duplicate_seat,2,s112084503071;s113084503003
W3,s112084503024,84503,8.0,1,online_enemy,8-2_2,17.0,17,ambiguous_duplicate_seat,2,s112084503071;s113084503003
W3,s112084503024,84503,8.0,1,online_enemy,8-2_3,17.0,17,ambiguous_duplicate_seat,2,s112084503071;s113084503003
W3,s112084503024,84503,8.0,1,online_enemy,8-2_4,17.0,17,ambiguous_duplicate_seat,2,s112084503071;s113084503003
W3,s112084503024,84503,8.0,1,offline_friend,8-3_0,17.0,17,ambiguous_duplicate_seat,2,s112084503071;s113084503003
W3,s112084503024,84503,8.0,1,offline_friend,8-3_1,17.0,17,ambiguous_duplicate_seat,2,s112084503071;s113084503003
W3,s112084503024,84503,8.0,1,offline_friend,8-3_2,17.0,17,ambiguous_duplicate_seat,2,s112084503071;s113084503003
W3,s112084503024,84503,8.0,1,offline_friend,8-3_3,17.0,17,ambiguous_duplicate_seat,2,s112084503071;s113084503003
W3,s112084503024,84503,8.0,1,offline_friend,8-3_4,17.0,17,ambiguous_duplicate_seat,2,s112084503071;s113084503003
W3,s112084503024,84503,8.0,1,offline_enemy,8-4_0,17.0,17,ambiguous_duplicate_seat,2,s112084503071;s113084503003
W3,s112084503024,84503,8.0,1,offline_enemy,8-4_1,17.0,17,ambiguous_duplicate_seat,2,s112084503071;s113084503003
W3,s112084503024,84503,8.0,1,offline_enemy,8-4_2,17.0,17,ambiguous_duplicate_seat,2,s112084503071;s113084503003
W3,s112084503024,84503,8.0,1,offline_enemy,8-4_4,17.0,17,ambiguous_duplicate_seat,2,s112084503071;s113084503003
W3,s112084503039,84503,8.0,18,online_friend,8-1_1,29.0,29,ambiguous_duplicate_seat,2,s112084503053;s112084503083
W3,s112084503039,84503,8.0,18,online_friend,8-1_3,7.0,7,ambiguous_duplicate_seat,2,s112084503030;s112084503062
W3,s112084503039,84503,8.0,18,online_friend,8-1_4,19.0,19,ambiguous_duplicate_seat,2,s112084503040;s112084503073
W3,s112084503039,84503,8.0,18,online_enemy,8-2_1,17.0,17,ambiguous_duplicate_seat,2,s112084503071;s113084503003
W3,s112084503039,84503,8.0,18,online_enemy,8-2_3,28.0,28,ambiguous_duplicate_seat,2,s112084503050;s112084503082
W3,s112084503039,84503,8.0,18,online_enemy,8-2_4,30.0,30,ambiguous_duplicate_seat,3,s113084503004;s113084503005;s112084503085
W3,s112084503039,84503,8.0,18,offline_friend,8-3_1,29.0,29,ambiguous_duplicate_seat,2,s112084503053;s112084503083
W3,s112084503039,84503,8.0,18,offline_friend,8-3_3,7.0,7,ambiguous_duplicate_seat,2,s112084503030;s112084503062
W3,s112084503039,84503,8.0,18,offline_friend,8-3_4,25.0,25,ambiguous_duplicate_seat,3,s112084503047;s112084503079;s112084503080
W3,s112084503039,84503,8.0,18,offline_enemy,8-4_3,28.0,28,ambiguous_duplicate_seat,2,s112084503050;s112084503082
W3,s112084503039,84503,8.0,18,offline_enemy,8-4_4,30.0,30,ambiguous_duplicate_seat,3,s113084503004;s113084503005;s112084503085
W3,s112084503047,84503,8.0,25,online_friend,8-1_1,29.0,29,ambiguous_duplicate_seat,2,s112084503053;s112084503083
W3,s112084503047,84503,8.0,25,online_enemy,8-2_0,11.0,11,ambiguous_duplicate_seat,2,s112084503034;s112084503066
W3,s112084503047,84503,8.0,25,online_enemy,8-2_1,17.0,17,ambiguous_duplicate_seat,2,s112084503071;s113084503003
W3,s112084503047,84503,8.0,25,online_enemy,8-2_2,11.0,11,ambiguous_duplicate_seat,2,s112084503034;s112084503066
W3,s112084503047,84503,8.0,25,online_enemy,8-2_3,11.0,11,ambiguous_duplicate_seat,2,s112084503034;s112084503066
W3,s112084503047,84503,8.0,25,online_enemy,8-2_4,11.0,11,ambiguous_duplicate_seat,2,s112084503034;s112084503066
W3,s112084503047,84503,8.0,25,offline_friend,8-3_1,29.0,29,ambiguous_duplicate_seat,2,s112084503053;s112084503083
W3,s112084503047,84503,8.0,25,offline_enemy,8-4_0,11.0,11,ambiguous_duplicate_seat,2,s112084503034;s112084503066
W3,s112084503047,84503,8.0,25,offline_enemy,8-4_1,11.0,11,ambiguous_duplicate_seat,2,s112084503034;s112084503066
W3,s112084503047,84503,8.0,25,offline_enemy,8-4_2,11.0,11,ambiguous_duplicate_seat,2,s112084503034;s112084503066
W3,s112084503047,84503,8.0,25,offline_enemy,8-4_3,17.0,17,ambiguous_duplicate_seat,2,s112084503071;s113084503003
W3,s112084503047,84503,8.0,25,offline_enemy,8-4_4,11.0,11,ambiguous_duplicate_seat,2,s112084503034;s112084503066
W3,s112084503040,84503,8.0,19,online_friend,8-1_0,22.0,22,ambiguous_duplicate_seat,2,s112084503043;s112084503076
W3,s112084503040,84503,8.0,19,online_friend,8-1_1,28.0,28,ambiguous_duplicate_seat,2,s112084503050;s112084503082
W3,s112084503040,84503,8.0,19,online_friend,8-1_2,26.0,26,ambiguous_duplicate_seat,2,s112084503048;s112084503081
W3,s112084503040,84503,8.0,19,online_friend,8-1_3,23.0,23,ambiguous_duplicate_seat,2,s112084503044;s112084503077
W3,s112084503040,84503,8.0,19,offline_friend,8-3_0,22.0,22,ambiguous_duplicate_seat,2,s112084503043;s112084503076
W3,s112084503040,84503,8.0,19,offline_friend,8-3_1,28.0,28,ambiguous_duplicate_seat,2,s112084503050;s112084503082
W3,s112084503040,84503,8.0,19,offline_friend,8-3_2,26.0,26,ambiguous_duplicate_seat,2,s112084503048;s112084503081
W3,s112084503040,84503,8.0,19,offline_friend,8-3_3,23.0,23,ambiguous_duplicate_seat,2,s112084503044;s112084503077
W3,s112084503040,84503,8.0,19,offline_friend,8-3_4,30.0,30,ambiguous_duplicate_seat,3,s113084503004;s113084503005;s112084503085
W3,s112084503053,84503,8.0,29,online_friend,8-1_1,4.0,4,ambiguous_duplicate_seat,2,s112084503027;s112084503059
W3,s112084503053,84503,8.0,29,offline_friend,8-3_0,25.0,25,ambiguous_duplicate_seat,3,s112084503047;s112084503079;s112084503080
W3,s112084503053,84503,8.0,29,offline_friend,8-3_4,4.0,4,ambiguous_duplicate_seat,2,s112084503027;s112084503059
W3,s113084503004,84503,8.0,30,online_friend,8-1_0,28.0,28,ambiguous_duplicate_seat,2,s112084503050;s112084503082
W3,s113084503004,84503,8.0,30,online_friend,8-1_1,26.0,26,ambiguous_duplicate_seat,2,s112084503048;s112084503081
W3,s113084503004,84503,8.0,30,online_enemy,8-2_1,29.0,29,ambiguous_duplicate_seat,2,s112084503053;s112084503083
W3,s113084503004,84503,8.0,30,offline_friend,8-3_0,28.0,28,ambiguous_duplicate_seat,2,s112084503050;s112084503082
W3,s113084503004,84503,8.0,30,offline_friend,8-3_1,26.0,26,ambiguous_duplicate_seat,2,s112084503048;s112084503081
W3,s113084503004,84503,8.0,30,offline_enemy,8-4_1,29.0,29,ambiguous_duplicate_seat,2,s112084503053;s112084503083
W3,s112084503042,84503,8.0,21,online_friend,8-1_2,25.0,25,ambiguous_duplicate_seat,3,s112084503047;s112084503079;s112084503080
W3,s112084503042,84503,8.0,21,online_enemy,8-2_0,17.0,17,ambiguous_duplicate_seat,2,s112084503071;s113084503003
W3,s112084503049,84503,8.0,27,online_friend,8-1_1,29.0,29,ambiguous_duplicate_seat,2,s112084503053;s112084503083
W3,s112084503049,84503,8.0,27,online_friend,8-1_3,25.0,25,ambiguous_duplicate_seat,3,s112084503047;s112084503079;s112084503080
W3,s112084503049,84503,8.0,27,online_friend,8-1_4,19.0,19,ambiguous_duplicate_seat,2,s112084503040;s112084503073
W3,s112084503049,84503,8.0,27,online_enemy,8-2_0,17.0,17,ambiguous_duplicate_seat,2,s112084503071;s113084503003
W3,s112084503049,84503,8.0,27,offline_friend,8-3_1,29.0,29,ambiguous_duplicate_seat,2,s112084503053;s112084503083
W3,s112084503049,84503,8.0,27,offline_friend,8-3_3,25.0,25,ambiguous_duplicate_seat,3,s112084503047;s112084503079;s112084503080
W3,s112084503049,84503,8.0,27,offline_friend,8-3_4,19.0,19,ambiguous_duplicate_seat,2,s112084503040;s112084503073
W3,s112084503043,84503,8.0,22,online_friend,8-1_0,23.0,23,ambiguous_duplicate_seat,2,s112084503044;s112084503077
W3,s112084503043,84503,8.0,22,online_friend,8-1_1,19.0,19,ambiguous_duplicate_seat,2,s112084503040;s112084503073
W3,s112084503043,84503,8.0,22,online_enemy,8-2_0,17.0,17,ambiguous_duplicate_seat,2,s112084503071;s113084503003
W3,s112084503043,84503,8.0,22,offline_friend,8-3_0,23.0,23,ambiguous_duplicate_seat,2,s112084503044;s112084503077
W3,s112084503043,84503,8.0,22,offline_friend,8-3_1,19.0,19,ambiguous_duplicate_seat,2,s112084503040;s112084503073
W3,s112084503043,84503,8.0,22,offline_friend,8-3_3,28.0,28,ambiguous_duplicate_seat,2,s112084503050;s112084503082
W3,s112084503043,84503,8.0,22,offline_enemy,8-4_0,15.0,15,ambiguous_duplicate_seat,2,s112084503038;s112084503070
W3,s112084503048,84503,8.0,26,online_friend,8-1_0,30.0,30,ambiguous_duplicate_seat,3,s113084503004;s113084503005;s112084503085
W3,s112084503048,84503,8.0,26,offline_friend,8-3_0,30.0,30,ambiguous_duplicate_seat,3,s113084503004;s113084503005;s112084503085
W3,s112084503048,84503,8.0,26,offline_friend,8-3_2,28.0,28,ambiguous_duplicate_seat,2,s112084503050;s112084503082
W3,s112084503050,84503,8.0,28,online_friend,8-1_0,30.0,30,ambiguous_duplicate_seat,3,s113084503004;s113084503005;s112084503085
W3,s112084503050,84503,8.0,28,online_friend,8-1_1,19.0,19,ambiguous_duplicate_seat,2,s112084503040;s112084503073
W3,s112084503050,84503,8.0,28,online_friend,8-1_2,22.0,22,ambiguous_duplicate_seat,2,s112084503043;s112084503076
W3,s112084503050,84503,8.0,28,online_enemy,8-2_0,17.0,17,ambiguous_duplicate_seat,2,s112084503071;s113084503003
W3,s112084503050,84503,8.0,28,online_enemy,8-2_2,2.0,2,ambiguous_duplicate_seat,2,s112084503025;s112084503057
W3,s112084503050,84503,8.0,28,online_enemy,8-2_3,15.0,15,ambiguous_duplicate_seat,2,s112084503038;s112084503070
W3,s112084503050,84503,8.0,28,online_enemy,8-2_4,7.0,7,ambiguous_duplicate_seat,2,s112084503030;s112084503062
W3,s112084503050,84503,8.0,28,offline_friend,8-3_0,30.0,30,ambiguous_duplicate_seat,3,s113084503004;s113084503005;s112084503085
W3,s112084503050,84503,8.0,28,offline_friend,8-3_1,19.0,19,ambiguous_duplicate_seat,2,s112084503040;s112084503073
W3,s112084503050,84503,8.0,28,offline_friend,8-3_2,22.0,22,ambiguous_duplicate_seat,2,s112084503043;s112084503076
W3,s112084503050,84503,8.0,28,offline_enemy,8-4_0,17.0,17,ambiguous_duplicate_seat,2,s112084503071;s113084503003
W3,s112084503050,84503,8.0,28,offline_enemy,8-4_1,15.0,15,ambiguous_duplicate_seat,2,s112084503038;s112084503070
W3,s112084503050,84503,8.0,28,offline_enemy,8-4_3,2.0,2,ambiguous_duplicate_seat,2,s112084503025;s112084503057
W3,s112084503050,84503,8.0,28,offline_enemy,8-4_4,7.0,7,ambiguous_duplicate_seat,2,s112084503030;s112084503062
W3,s112084503044,84503,8.0,23,online_friend,8-1_0,22.0,22,ambiguous_duplicate_seat,2,s112084503043;s112084503076
W3,s112084503044,84503,8.0,23,online_friend,8-1_1,19.0,19,ambiguous_duplicate_seat,2,s112084503040;s112084503073
W3,s112084503044,84503,8.0,23,online_enemy,8-2_0,17.0,17,ambiguous_duplicate_seat,2,s112084503071;s113084503003
W3,s112084503044,84503,8.0,23,offline_friend,8-3_0,22.0,22,ambiguous_duplicate_seat,2,s112084503043;s112084503076
W3,s112084503044,84503,8.0,23,offline_friend,8-3_1,19.0,19,ambiguous_duplicate_seat,2,s112084503040;s112084503073
W3,s112084503044,84503,8.0,23,offline_friend,8-3_2,28.0,28,ambiguous_duplicate_seat,2,s112084503050;s112084503082
W3,s112084503044,84503,8.0,23,offline_friend,8-3_4,26.0,26,ambiguous_duplicate_seat,2,s112084503048;s112084503081
W3,s112084503044,84503,8.0,23,offline_enemy,8-4_0,15.0,15,ambiguous_duplicate_seat,2,s112084503038;s112084503070
W3,s112084503077,84503,8.0,23,online_friend,8-1_0,2.0,2,ambiguous_duplicate_seat,2,s112084503025;s112084503057
W3,s112084503077,84503,8.0,23,online_friend,8-1_1,4.0,4,ambiguous_duplicate_seat,2,s112084503027;s112084503059
W3,s112084503077,84503,8.0,23,online_friend,8-1_2,19.0,19,ambiguous_duplicate_seat,2,s112084503040;s112084503073
W3,s112084503077,84503,8.0,23,online_enemy,8-2_0,22.0,22,ambiguous_duplicate_seat,2,s112084503043;s112084503076
W3,s112084503077,84503,8.0,23,offline_friend,8-3_0,19.0,19,ambiguous_duplicate_seat,2,s112084503040;s112084503073
W3,s112084503077,84503,8.0,23,offline_friend,8-3_1,26.0,26,ambiguous_duplicate_seat,2,s112084503048;s112084503081
W3,s112084503077,84503,8.0,23,offline_enemy,8-4_0,22.0,22,ambiguous_duplicate_seat,2,s112084503043;s112084503076
W3,s112084503079,84503,8.0,25,online_friend,8-1_0,25.0,25,ambiguous_duplicate_seat,3,s112084503047;s112084503079;s112084503080
W3,s112084503079,84503,8.0,25,online_friend,8-1_1,19.0,19,ambiguous_duplicate_seat,2,s112084503040;s112084503073
W3,s112084503079,84503,8.0,25,online_friend,8-1_2,23.0,23,ambiguous_duplicate_seat,2,s112084503044;s112084503077
W3,s112084503079,84503,8.0,25,online_friend,8-1_3,11.0,11,ambiguous_duplicate_seat,2,s112084503034;s112084503066
W3,s112084503079,84503,8.0,25,online_enemy,8-2_0,8.0,8,ambiguous_duplicate_seat,2,s112084503031;s112084503063
W3,s112084503079,84503,8.0,25,online_enemy,8-2_1,29.0,29,ambiguous_duplicate_seat,2,s112084503053;s112084503083
W3,s112084503079,84503,8.0,25,offline_friend,8-3_0,25.0,25,ambiguous_duplicate_seat,3,s112084503047;s112084503079;s112084503080
W3,s112084503079,84503,8.0,25,offline_friend,8-3_1,19.0,19,ambiguous_duplicate_seat,2,s112084503040;s112084503073
W3,s112084503079,84503,8.0,25,offline_friend,8-3_2,23.0,23,ambiguous_duplicate_seat,2,s112084503044;s112084503077
W3,s112084503079,84503,8.0,25,offline_enemy,8-4_0,8.0,8,ambiguous_duplicate_seat,2,s112084503031;s112084503063
W3,s112084503074,84503,8.0,20,online_friend,8-1_0,17.0,17,ambiguous_duplicate_seat,2,s112084503071;s113084503003
W3,s112084503074,84503,8.0,20,online_enemy,8-2_0,30.0,30,ambiguous_duplicate_seat,3,s113084503004;s113084503005;s112084503085
W3,s112084503074,84503,8.0,20,online_enemy,8-2_1,8.0,8,ambiguous_duplicate_seat,2,s112084503031;s112084503063
W3,s112084503074,84503,8.0,20,offline_friend,8-3_0,17.0,17,ambiguous_duplicate_seat,2,s112084503071;s113084503003
W3,s112084503074,84503,8.0,20,offline_friend,8-3_3,1.0,1,ambiguous_duplicate_seat,2,s112084503024;s112084503056
W3,s112084503074,84503,8.0,20,offline_friend,8-3_4,2.0,2,ambiguous_duplicate_seat,2,s112084503025;s112084503057
W3,s112084503074,84503,8.0,20,offline_enemy,8-4_0,8.0,8,ambiguous_duplicate_seat,2,s112084503031;s112084503063
W3,s112084503074,84503,8.0,20,offline_enemy,8-4_1,30.0,30,ambiguous_duplicate_seat,3,s113084503004;s113084503005;s112084503085
W3,s113084503005,84503,8.0,30,online_friend,8-1_0,17.0,17,ambiguous_duplicate_seat,2,s112084503071;s113084503003
W3,s113084503005,84503,8.0,30,online_enemy,8-2_0,29.0,29,ambiguous_duplicate_seat,2,s112084503053;s112084503083
W3,s113084503005,84503,8.0,30,online_enemy,8-2_1,8.0,8,ambiguous_duplicate_seat,2,s112084503031;s112084503063
W3,s113084503005,84503,8.0,30,offline_friend,8-3_0,17.0,17,ambiguous_duplicate_seat,2,s112084503071;s113084503003
W3,s113084503005,84503,8.0,30,offline_enemy,8-4_0,29.0,29,ambiguous_duplicate_seat,2,s112084503053;s112084503083
W3,s113084503005,84503,8.0,30,offline_enemy,8-4_1,8.0,8,ambiguous_duplicate_seat,2,s112084503031;s112084503063
W3,s112084503076,84503,8.0,22,online_friend,8-1_0,1.0,1,ambiguous_duplicate_seat,2,s112084503024;s112084503056
W3,s112084503076,84503,8.0,22,online_friend,8-1_3,3.0,3,ambiguous_duplicate_seat,2,s112084503026;s112084503058
W3,s112084503076,84503,8.0,22,online_enemy,8-2_0,8.0,8,ambiguous_duplicate_seat,2,s112084503031;s112084503063
W3,s112084503076,84503,8.0,22,online_enemy,8-2_1,30.0,30,ambiguous_duplicate_seat,3,s113084503004;s113084503005;s112084503085
W3,s112084503076,84503,8.0,22,online_enemy,8-2_2,23.0,23,ambiguous_duplicate_seat,2,s112084503044;s112084503077
W3,s112084503076,84503,8.0,22,online_enemy,8-2_3,17.0,17,ambiguous_duplicate_seat,2,s112084503071;s113084503003
W3,s112084503076,84503,8.0,22,offline_friend,8-3_0,1.0,1,ambiguous_duplicate_seat,2,s112084503024;s112084503056
W3,s112084503076,84503,8.0,22,offline_friend,8-3_3,28.0,28,ambiguous_duplicate_seat,2,s112084503050;s112084503082
W3,s112084503076,84503,8.0,22,offline_friend,8-3_4,29.0,29,ambiguous_duplicate_seat,2,s112084503053;s112084503083
W3,s112084503076,84503,8.0,22,offline_enemy,8-4_0,30.0,30,ambiguous_duplicate_seat,3,s113084503004;s113084503005;s112084503085
W3,s112084503076,84503,8.0,22,offline_enemy,8-4_1,8.0,8,ambiguous_duplicate_seat,2,s112084503031;s112084503063
W3,s112084503076,84503,8.0,22,offline_enemy,8-4_2,6.0,6,ambiguous_duplicate_seat,2,s112084503029;s112084503061
W3,s112084503076,84503,8.0,22,offline_enemy,8-4_3,23.0,23,ambiguous_duplicate_seat,2,s112084503044;s112084503077
W3,s112084503076,84503,8.0,22,offline_enemy,8-4_4,17.0,17,ambiguous_duplicate_seat,2,s112084503071;s113084503003
W3,s112124521079,124521,205.0,25,online_friend,8-1_0,23.0,23,ambiguous_duplicate_seat,2,s112124521076;s112124521077
W3,s112124521079,124521,205.0,25,offline_friend,8-3_0,23.0,23,ambiguous_duplicate_seat,2,s112124521076;s112124521077
W3,s112084503078,84503,8.0,24,online_friend,8-1_0,25.0,25,ambiguous_duplicate_seat,3,s112084503047;s112084503079;s112084503080
W3,s112084503078,84503,8.0,24,online_friend,8-1_1,26.0,26,ambiguous_duplicate_seat,2,s112084503048;s112084503081
W3,s112084503078,84503,8.0,24,online_enemy,8-2_0,29.0,29,ambiguous_duplicate_seat,2,s112084503053;s112084503083
W3,s112084503078,84503,8.0,24,offline_friend,8-3_0,26.0,26,ambiguous_duplicate_seat,2,s112084503048;s112084503081
W3,s112084503078,84503,8.0,24,offline_friend,8-3_1,25.0,25,ambiguous_duplicate_seat,3,s112084503047;s112084503079;s112084503080
W3,s112084503078,84503,8.0,24,offline_friend,8-3_3,28.0,28,ambiguous_duplicate_seat,2,s112084503050;s112084503082
W3,s112084503078,84503,8.0,24,offline_enemy,8-4_0,29.0,29,ambiguous_duplicate_seat,2,s112084503053;s112084503083
W3,s112084503073,84503,8.0,19,online_friend,8-1_1,25.0,25,ambiguous_duplicate_seat,3,s112084503047;s112084503079;s112084503080
W3,s112084503073,84503,8.0,19,online_friend,8-1_2,22.0,22,ambiguous_duplicate_seat,2,s112084503043;s112084503076
W3,s112084503073,84503,8.0,19,online_enemy,8-2_0,26.0,26,ambiguous_duplicate_seat,2,s112084503048;s112084503081
W3,s112084503073,84503,8.0,19,offline_friend,8-3_0,22.0,22,ambiguous_duplicate_seat,2,s112084503043;s112084503076
W3,s112084503073,84503,8.0,19,offline_friend,8-3_2,25.0,25,ambiguous_duplicate_seat,3,s112084503047;s112084503079;s112084503080
W3,s112084503073,84503,8.0,19,offline_enemy,8-4_0,26.0,26,ambiguous_duplicate_seat,2,s112084503048;s112084503081
W3,s112124521072,124521,205.0,18,online_friend,8-1_0,23.0,23,ambiguous_duplicate_seat,2,s112124521076;s112124521077
W3,s112124521072,124521,205.0,18,offline_friend,8-3_0,23.0,23,ambiguous_duplicate_seat,2,s112124521076;s112124521077
W3,s112084503083,84503,8.0,29,online_friend,8-1_0,28.0,28,ambiguous_duplicate_seat,2,s112084503050;s112084503082
W3,s112084503083,84503,8.0,29,online_friend,8-1_1,22.0,22,ambiguous_duplicate_seat,2,s112084503043;s112084503076
W3,s112084503083,84503,8.0,29,online_enemy,8-2_0,30.0,30,ambiguous_duplicate_seat,3,s113084503004;s113084503005;s112084503085
W3,s112084503083,84503,8.0,29,online_enemy,8-2_1,17.0,17,ambiguous_duplicate_seat,2,s112084503071;s113084503003
W3,s112084503083,84503,8.0,29,offline_friend,8-3_0,28.0,28,ambiguous_duplicate_seat,2,s112084503050;s112084503082
W3,s112084503083,84503,8.0,29,offline_friend,8-3_1,22.0,22,ambiguous_duplicate_seat,2,s112084503043;s112084503076
W3,s112084503083,84503,8.0,29,offline_enemy,8-4_0,30.0,30,ambiguous_duplicate_seat,3,s113084503004;s113084503005;s112084503085
W3,s112084503083,84503,8.0,29,offline_enemy,8-4_1,17.0,17,ambiguous_duplicate_seat,2,s112084503071;s113084503003
W3,s112084503085,84503,8.0,30,offline_friend,8-3_1,23.0,23,ambiguous_duplicate_seat,2,s112084503044;s112084503077
W3,s112084503085,84503,8.0,30,offline_friend,8-3_2,25.0,25,ambiguous_duplicate_seat,3,s112084503047;s112084503079;s112084503080
W3,s112084503085,84503,8.0,30,offline_friend,8-3_3,26.0,26,ambiguous_duplicate_seat,2,s112084503048;s112084503081
W3,s112084503085,84503,8.0,30,offline_enemy,8-4_0,1.0,1,ambiguous_duplicate_seat,2,s112084503024;s112084503056
W3,s112084503085,84503,8.0,30,offline_enemy,8-4_3,17.0,17,ambiguous_duplicate_seat,2,s112084503071;s113084503003
W3,s112084503085,84503,8.0,30,offline_enemy,8-4_4,22.0,22,ambiguous_duplicate_seat,2,s112084503043;s112084503076
W3,s112084503082,84503,8.0,28,online_friend,8-1_0,29.0,29,ambiguous_duplicate_seat,2,s112084503053;s112084503083
W3,s112084503082,84503,8.0,28,online_friend,8-1_1,22.0,22,ambiguous_duplicate_seat,2,s112084503043;s112084503076
W3,s112084503082,84503,8.0,28,online_friend,8-1_2,26.0,26,ambiguous_duplicate_seat,2,s112084503048;s112084503081
W3,s112084503082,84503,8.0,28,online_enemy,8-2_0,30.0,30,ambiguous_duplicate_seat,3,s113084503004;s113084503005;s112084503085
W3,s112084503082,84503,8.0,28,online_enemy,8-2_1,17.0,17,ambiguous_duplicate_seat,2,s112084503071;s113084503003
W3,s112084503082,84503,8.0,28,offline_friend,8-3_0,29.0,29,ambiguous_duplicate_seat,2,s112084503053;s112084503083
W3,s112084503082,84503,8.0,28,offline_friend,8-3_1,26.0,26,ambiguous_duplicate_seat,2,s112084503048;s112084503081
W3,s112084503082,84503,8.0,28,offline_friend,8-3_2,22.0,22,ambiguous_duplicate_seat,2,s112084503043;s112084503076
W3,s112084503082,84503,8.0,28,offline_enemy,8-4_0,30.0,30,ambiguous_duplicate_seat,3,s113084503004;s113084503005;s112084503085
W3,s112084503082,84503,8.0,28,offline_enemy,8-4_1,17.0,17,ambiguous_duplicate_seat,2,s112084503071;s113084503003
W3,s112084503081,84503,8.0,26,online_enemy,8-2_0,17.0,17,ambiguous_duplicate_seat,2,s112084503071;s113084503003
W3,s112084503081,84503,8.0,26,online_enemy,8-2_2,22.0,22,ambiguous_duplicate_seat,2,s112084503043;s112084503076
W3,s112084503081,84503,8.0,26,online_enemy,8-2_3,25.0,25,ambiguous_duplicate_seat,3,s112084503047;s112084503079;s112084503080
W3,s112084503081,84503,8.0,26,online_enemy,8-2_4,29.0,29,ambiguous_duplicate_seat,2,s112084503053;s112084503083
W3,s112084503081,84503,8.0,26,offline_enemy,8-4_0,17.0,17,ambiguous_duplicate_seat,2,s112084503071;s113084503003
W3,s112084503081,84503,8.0,26,offline_enemy,8-4_2,22.0,22,ambiguous_duplicate_seat,2,s112084503043;s112084503076
W3,s112084503081,84503,8.0,26,offline_enemy,8-4_3,19.0,19,ambiguous_duplicate_seat,2,s112084503040;s112084503073
W3,s112084503081,84503,8.0,26,offline_enemy,8-4_4,29.0,29,ambiguous_duplicate_seat,2,s112084503053;s112084503083
W3,s112084503080,84503,8.0,25,online_friend,8-1_1,19.0,19,ambiguous_duplicate_seat,2,s112084503040;s112084503073
W3,s112084503080,84503,8.0,25,online_friend,8-1_2,22.0,22,ambiguous_duplicate_seat,2,s112084503043;s112084503076
W3,s112084503080,84503,8.0,25,online_enemy,8-2_0,29.0,29,ambiguous_duplicate_seat,2,s112084503053;s112084503083
W3,s112084503080,84503,8.0,25,online_enemy,8-2_2,26.0,26,ambiguous_duplicate_seat,2,s112084503048;s112084503081
W3,s112084503080,84503,8.0,25,offline_friend,8-3_0,19.0,19,ambiguous_duplicate_seat,2,s112084503040;s112084503073
W3,s112084503080,84503,8.0,25,offline_friend,8-3_2,22.0,22,ambiguous_duplicate_seat,2,s112084503043;s112084503076
W3,s112084503080,84503,8.0,25,offline_enemy,8-4_0,8.0,8,ambiguous_duplicate_seat,2,s112084503031;s112084503063
W3,s112084503080,84503,8.0,25,offline_enemy,8-4_2,26.0,26,ambiguous_duplicate_seat,2,s112084503048;s112084503081
W3,s112084503071,84503,8.0,17,online_friend,8-1_2,30.0,30,ambiguous_duplicate_seat,3,s113084503004;s113084503005;s112084503085
W3,s112084503071,84503,8.0,17,online_friend,8-1_4,2.0,2,ambiguous_duplicate_seat,2,s112084503025;s112084503057
W3,s112084503071,84503,8.0,17,online_enemy,8-2_1,8.0,8,ambiguous_duplicate_seat,2,s112084503031;s112084503063
W3,s112084503071,84503,8.0,17,online_enemy,8-2_3,29.0,29,ambiguous_duplicate_seat,2,s112084503053;s112084503083
W3,s112084503071,84503,8.0,17,offline_enemy,8-4_0,30.0,30,ambiguous_duplicate_seat,3,s113084503004;s113084503005;s112084503085
W3,s112084503071,84503,8.0,17,offline_enemy,8-4_1,30.0,30,ambiguous_duplicate_seat,3,s113084503004;s113084503005;s112084503085
W3,s112084503071,84503,8.0,17,offline_enemy,8-4_2,30.0,30,ambiguous_duplicate_seat,3,s113084503004;s113084503005;s112084503085
W3,s112084503071,84503,8.0,17,offline_enemy,8-4_3,30.0,30,ambiguous_duplicate_seat,3,s113084503004;s113084503005;s112084503085
W3,s112084503071,84503,8.0,17,offline_enemy,8-4_4,30.0,30,ambiguous_duplicate_seat,3,s113084503004;s113084503005;s112084503085
W3,s112124521073,124521,205.0,19,offline_enemy,8-4_3,23.0,23,ambiguous_duplicate_seat,2,s112124521076;s112124521077
W3,s112034506046,34506,八年8班,28,online_enemy,8-2_0,1.0,1,ambiguous_duplicate_seat,2,s112034506033;s112034506024
W3,s112034506046,34506,八年8班,28,offline_enemy,8-4_0,1.0,1,ambiguous_duplicate_seat,2,s112034506033;s112034506024
W3,s112034506043,34506,八年8班,25,offline_friend,8-3_3,1.0,1,ambiguous_duplicate_seat,2,s112034506033;s112034506024
W3,s112034563048,34563,802.0,27,online_enemy,8-2_2,3.0,3,ambiguous_duplicate_seat,2,s112034563026;s112034563033
W3,s112034563048,34563,802.0,27,offline_enemy,8-4_2,3.0,3,ambiguous_duplicate_seat,2,s112034563026;s112034563033
W3,s112034563046,34563,802.0,25,offline_enemy,8-4_0,3.0,3,ambiguous_duplicate_seat,2,s112034563026;s112034563033
W3,s112064538024,64538,八年五班,1,online_friend,8-1_1,10.0,10,ambiguous_duplicate_seat,2,s112064538033;s112064538047
W3,s112064538030,64538,八年五班,7,offline_friend,8-3_0,10.0,10,ambiguous_duplicate_seat,2,s112064538033;s112064538047
W3,s112074511069,74511,八年四班,16,online_enemy,8-2_0,1.0,1,ambiguous_duplicate_seat,2,s112074511063;s112074511054
W3,s112074511069,74511,八年四班,16,offline_enemy,8-4_0,1.0,1,ambiguous_duplicate_seat,2,s112074511063;s112074511054
W3,s112074323069,74323,208.0,19,online_enemy,8-2_1,9.0,9,ambiguous_duplicate_seat,2,s112074323051;s112074323059
W3,s112074323069,74323,208.0,19,offline_enemy,8-4_1,9.0,9,ambiguous_duplicate_seat,2,s112074323051;s112074323059
W3,s112074511070,74511,八年四班,17,online_friend,8-1_2,1.0,1,ambiguous_duplicate_seat,2,s112074511063;s112074511054
W3,s112074511070,74511,八年四班,17,offline_friend,8-3_2,1.0,1,ambiguous_duplicate_seat,2,s112074511063;s112074511054
W3,s112074511073,74511,八年四班,20,offline_friend,8-3_3,1.0,1,ambiguous_duplicate_seat,2,s112074511063;s112074511054
W3,s112540301045,540301,201.0,22,online_enemy,8-2_3,1.0,1,ambiguous_duplicate_seat,2,s112540301026;s112540301024
W3,s112333505027,333505,8.0,4,online_friend,8-1_3,10.0,10,ambiguous_duplicate_seat,2,s112333505063;s112333505032
W3,s112333505027,333505,8.0,4,offline_friend,8-3_3,10.0,10,ambiguous_duplicate_seat,2,s112333505063;s112333505032
W3,s112333505036,333505,8.0,14,online_enemy,8-2_0,1.0,1,ambiguous_duplicate_seat,2,s112333505024;s112333505054
W3,s112333505036,333505,8.0,14,online_enemy,8-2_2,32.0,32,ambiguous_duplicate_seat,2,s112333505044;s112333505074
W3,s112333505036,333505,8.0,14,offline_enemy,8-4_1,1.0,1,ambiguous_duplicate_seat,2,s112333505024;s112333505054
W3,s112333505059,333505,8.0,6,online_friend,8-1_2,14.0,14,ambiguous_duplicate_seat,2,s112333505036;s112333505067
W3,s112333505059,333505,8.0,6,online_friend,8-1_4,1.0,1,ambiguous_duplicate_seat,2,s112333505024;s112333505054
W3,s112333505059,333505,8.0,6,offline_friend,8-3_2,14.0,14,ambiguous_duplicate_seat,2,s112333505036;s112333505067
W3,s112333505061,333505,8.0,8,online_friend,8-1_1,6.0,6,ambiguous_duplicate_seat,2,s112333505059;s112333505029
W3,s112333505061,333505,8.0,8,online_friend,8-1_4,1.0,1,ambiguous_duplicate_seat,2,s112333505024;s112333505054
W3,s112333505061,333505,8.0,8,offline_friend,8-3_0,6.0,6,ambiguous_duplicate_seat,2,s112333505059;s112333505029
W3,s112333505061,333505,8.0,8,offline_friend,8-3_4,1.0,1,ambiguous_duplicate_seat,2,s112333505024;s112333505054
W3,s112333505063,333505,8.0,10,online_friend,8-1_0,1.0,1,ambiguous_duplicate_seat,2,s112333505024;s112333505054
W3,s112333505063,333505,8.0,10,online_friend,8-1_2,14.0,14,ambiguous_duplicate_seat,2,s112333505036;s112333505067
W3,s112333505063,333505,8.0,10,offline_friend,8-3_0,1.0,1,ambiguous_duplicate_seat,2,s112333505024;s112333505054
W3,s112333505063,333505,8.0,10,offline_friend,8-3_1,14.0,14,ambiguous_duplicate_seat,2,s112333505036;s112333505067
W3,s112333505063,333505,8.0,10,offline_friend,8-3_2,6.0,6,ambiguous_duplicate_seat,2,s112333505059;s112333505029
W3,s112333505063,333505,8.0,10,offline_friend,8-3_4,9.0,9,ambiguous_duplicate_seat,2,s112333505031;s112333505062
W3,s112333505064,333505,8.0,11,online_friend,8-1_0,6.0,6,ambiguous_duplicate_seat,2,s112333505059;s112333505029
W3,s112333505064,333505,8.0,11,online_friend,8-1_4,10.0,10,ambiguous_duplicate_seat,2,s112333505063;s112333505032
W3,s112333505064,333505,8.0,11,offline_friend,8-3_0,6.0,6,ambiguous_duplicate_seat,2,s112333505059;s112333505029
W3,s112333505064,333505,8.0,11,offline_friend,8-3_4,10.0,10,ambiguous_duplicate_seat,2,s112333505063;s112333505032
W3,s112333505064,333505,8.0,11,offline_enemy,8-4_1,37.0,37,ambiguous_duplicate_seat,2,s112333505049;s112333505079
W3,s112333505067,333505,8.0,14,online_friend,8-1_0,1.0,1,ambiguous_duplicate_seat,2,s112333505024;s112333505054
W3,s112333505067,333505,8.0,14,online_friend,8-1_1,6.0,6,ambiguous_duplicate_seat,2,s112333505059;s112333505029
W3,s112333505067,333505,8.0,14,online_friend,8-1_3,10.0,10,ambiguous_duplicate_seat,2,s112333505063;s112333505032
W3,s112333505067,333505,8.0,14,online_enemy,8-2_2,33.0,33,ambiguous_duplicate_seat,2,s112333505075;s112333505045
W3,s112333505067,333505,8.0,14,offline_friend,8-3_0,1.0,1,ambiguous_duplicate_seat,2,s112333505024;s112333505054
W3,s112333505067,333505,8.0,14,offline_friend,8-3_1,6.0,6,ambiguous_duplicate_seat,2,s112333505059;s112333505029
W3,s112333505067,333505,8.0,14,offline_friend,8-3_3,10.0,10,ambiguous_duplicate_seat,2,s112333505063;s112333505032
W3,s112333505067,333505,8.0,14,offline_enemy,8-4_2,9.0,9,ambiguous_duplicate_seat,2,s112333505031;s112333505062
W3,s112333505065,333505,8.0,12,online_friend,8-1_1,9.0,9,ambiguous_duplicate_seat,2,s112333505031;s112333505062
W3,s112333505065,333505,8.0,12,offline_friend,8-3_0,9.0,9,ambiguous_duplicate_seat,2,s112333505031;s112333505062
W3,s112333505024,333505,8.0,1,online_friend,8-1_2,9.0,9,ambiguous_duplicate_seat,2,s112333505031;s112333505062
W3,s112333505024,333505,8.0,1,online_friend,8-1_3,10.0,10,ambiguous_duplicate_seat,2,s112333505063;s112333505032
W3,s112333505024,333505,8.0,1,offline_friend,8-3_2,9.0,9,ambiguous_duplicate_seat,2,s112333505031;s112333505062
W3,s112333505024,333505,8.0,1,offline_friend,8-3_3,10.0,10,ambiguous_duplicate_seat,2,s112333505063;s112333505032
W3,s112333505054,333505,8.0,1,online_friend,8-1_1,6.0,6,ambiguous_duplicate_seat,2,s112333505059;s112333505029
W3,s112333505054,333505,8.0,1,online_friend,8-1_4,14.0,14,ambiguous_duplicate_seat,2,s112333505036;s112333505067
W3,s112333505054,333505,8.0,1,offline_friend,8-3_1,6.0,6,ambiguous_duplicate_seat,2,s112333505059;s112333505029
W3,s112333505054,333505,8.0,1,offline_friend,8-3_4,14.0,14,ambiguous_duplicate_seat,2,s112333505036;s112333505067
W3,s112333505054,333505,8.0,1,offline_enemy,8-4_1,9.0,9,ambiguous_duplicate_seat,2,s112333505031;s112333505062
W3,s112034565045,34565,803.0,27,offline_friend,8-3_1,14.0,14,ambiguous_duplicate_seat,2,s112034565036;s112034565037
W3,s112201304085,201304,二年3班,27,online_friend,8-1_0,26.0,26,ambiguous_duplicate_seat,2,s112201304081;s112201304071
W3,s112201304085,201304,二年3班,27,offline_friend,8-3_0,26.0,26,ambiguous_duplicate_seat,2,s112201304081;s112201304071
W3,s112201304037,201304,二年1班,9,online_friend,8-1_0,7.0,7,ambiguous_duplicate_seat,2,s112201304034;s112201304053
W3,s112201304037,201304,二年1班,9,online_friend,8-1_2,3.0,3,ambiguous_duplicate_seat,2,s112201304028;s112201304035
W3,s112201304037,201304,二年1班,9,online_friend,8-1_3,4.0,4,ambiguous_duplicate_seat,2,s112201304029;s112201304039
W3,s112201304037,201304,二年1班,9,online_friend,8-1_4,6.0,6,ambiguous_duplicate_seat,2,s112201304049;s112201304032
W3,s112201304037,201304,二年1班,9,offline_friend,8-3_0,7.0,7,ambiguous_duplicate_seat,2,s112201304034;s112201304053
W3,s112201304037,201304,二年1班,9,offline_friend,8-3_2,3.0,3,ambiguous_duplicate_seat,2,s112201304028;s112201304035
W3,s112201304037,201304,二年1班,9,offline_friend,8-3_3,4.0,4,ambiguous_duplicate_seat,2,s112201304029;s112201304039
W3,s112201304037,201304,二年1班,9,offline_friend,8-3_4,6.0,6,ambiguous_duplicate_seat,2,s112201304049;s112201304032
W3,s112201304034,201304,二年1班,7,online_friend,8-1_0,9.0,9,ambiguous_duplicate_seat,2,s112201304037;s112201304056
W3,s112201304034,201304,二年1班,7,online_friend,8-1_2,3.0,3,ambiguous_duplicate_seat,2,s112201304028;s112201304035
W3,s112201304034,201304,二年1班,7,online_friend,8-1_3,4.0,4,ambiguous_duplicate_seat,2,s112201304029;s112201304039
W3,s112201304034,201304,二年1班,7,online_friend,8-1_4,6.0,6,ambiguous_duplicate_seat,2,s112201304049;s112201304032
W3,s112201304034,201304,二年1班,7,offline_friend,8-3_0,9.0,9,ambiguous_duplicate_seat,2,s112201304037;s112201304056
W3,s112201304034,201304,二年1班,7,offline_friend,8-3_2,3.0,3,ambiguous_duplicate_seat,2,s112201304028;s112201304035
W3,s112201304034,201304,二年1班,7,offline_friend,8-3_3,4.0,4,ambiguous_duplicate_seat,2,s112201304029;s112201304039
W3,s112201304034,201304,二年1班,7,offline_friend,8-3_4,6.0,6,ambiguous_duplicate_seat,2,s112201304049;s112201304032
W3,s112201304029,201304,二年1班,4,online_friend,8-1_0,3.0,3,ambiguous_duplicate_seat,2,s112201304028;s112201304035
W3,s112201304029,201304,二年1班,4,online_friend,8-1_2,9.0,9,ambiguous_duplicate_seat,2,s112201304037;s112201304056
W3,s112201304029,201304,二年1班,4,online_friend,8-1_3,2.0,2,ambiguous_duplicate_seat,2,s112201304031;s112201304027
W3,s112201304029,201304,二年1班,4,online_friend,8-1_4,7.0,7,ambiguous_duplicate_seat,2,s112201304034;s112201304053
W3,s112201304029,201304,二年1班,4,offline_friend,8-3_0,3.0,3,ambiguous_duplicate_seat,2,s112201304028;s112201304035
W3,s112201304029,201304,二年1班,4,offline_friend,8-3_2,9.0,9,ambiguous_duplicate_seat,2,s112201304037;s112201304056
W3,s112201304029,201304,二年1班,4,offline_friend,8-3_3,2.0,2,ambiguous_duplicate_seat,2,s112201304031;s112201304027
W3,s112201304029,201304,二年1班,4,offline_friend,8-3_4,7.0,7,ambiguous_duplicate_seat,2,s112201304034;s112201304053
W3,s112201304081,201304,二年3班,26,online_friend,8-1_0,27.0,27,ambiguous_duplicate_seat,3,s112201304085;s112201304073;s112201304024
W3,s112201304081,201304,二年3班,26,online_friend,8-1_1,27.0,27,ambiguous_duplicate_seat,3,s112201304085;s112201304073;s112201304024
W3,s112201304081,201304,二年3班,26,online_friend,8-1_2,27.0,27,ambiguous_duplicate_seat,3,s112201304085;s112201304073;s112201304024
W3,s112201304081,201304,二年3班,26,online_friend,8-1_3,27.0,27,ambiguous_duplicate_seat,3,s112201304085;s112201304073;s112201304024
W3,s112201304081,201304,二年3班,26,online_friend,8-1_4,27.0,27,ambiguous_duplicate_seat,3,s112201304085;s112201304073;s112201304024
W3,s112201304081,201304,二年3班,26,offline_friend,8-3_0,27.0,27,ambiguous_duplicate_seat,3,s112201304085;s112201304073;s112201304024
W3,s112201304081,201304,二年3班,26,offline_friend,8-3_1,27.0,27,ambiguous_duplicate_seat,3,s112201304085;s112201304073;s112201304024
W3,s112201304081,201304,二年3班,26,offline_friend,8-3_2,27.0,27,ambiguous_duplicate_seat,3,s112201304085;s112201304073;s112201304024
W3,s112201304081,201304,二年3班,26,offline_friend,8-3_3,27.0,27,ambiguous_duplicate_seat,3,s112201304085;s112201304073;s112201304024
W3,s112201304081,201304,二年3班,26,offline_friend,8-3_4,27.0,27,ambiguous_duplicate_seat,3,s112201304085;s112201304073;s112201304024
W3,s112201304051,201304,二年1班,23,online_friend,8-1_1,3.0,3,ambiguous_duplicate_seat,2,s112201304028;s112201304035
W3,s112201304051,201304,二年1班,23,offline_friend,8-3_1,3.0,3,ambiguous_duplicate_seat,2,s112201304028;s112201304035
W3,s112201304040,201304,二年1班,10,online_enemy,8-2_0,2.0,2,ambiguous_duplicate_seat,2,s112201304031;s112201304027
W3,s112201304040,201304,二年1班,10,offline_enemy,8-4_0,2.0,2,ambiguous_duplicate_seat,2,s112201304031;s112201304027
W3,s112201304045,201304,二年1班,14,online_friend,8-1_1,2.0,2,ambiguous_duplicate_seat,2,s112201304031;s112201304027
W3,s112201304045,201304,二年1班,14,online_friend,8-1_3,7.0,7,ambiguous_duplicate_seat,2,s112201304034;s112201304053
W3,s112201304045,201304,二年1班,14,online_friend,8-1_4,9.0,9,ambiguous_duplicate_seat,2,s112201304037;s112201304056
W3,s112201304045,201304,二年1班,14,offline_friend,8-3_0,9.0,9,ambiguous_duplicate_seat,2,s112201304037;s112201304056
W3,s112201304045,201304,二年1班,14,offline_friend,8-3_1,7.0,7,ambiguous_duplicate_seat,2,s112201304034;s112201304053
W3,s112201304045,201304,二年1班,14,offline_friend,8-3_4,2.0,2,ambiguous_duplicate_seat,2,s112201304031;s112201304027
W3,s112071311102,71311,812.0,38,online_friend,8-1_1,41.0,41,ambiguous_duplicate_seat,2,s112071311120;s112071311093
W3,s112071311102,71311,812.0,38,offline_friend,8-3_1,41.0,41,ambiguous_duplicate_seat,2,s112071311120;s112071311093
W3,s112071311095,71311,812.0,37,online_enemy,8-2_3,47.0,47,ambiguous_duplicate_seat,2,s112071311116;s112071311110
W3,s112071311095,71311,812.0,37,offline_enemy,8-4_1,47.0,47,ambiguous_duplicate_seat,2,s112071311116;s112071311110
W3,s112071311064,71311,805.0,29,online_friend,8-1_0,27.0,27,ambiguous_duplicate_seat,2,s112071311061;s112071311050
W3,s112071311064,71311,805.0,29,offline_friend,8-3_0,27.0,27,ambiguous_duplicate_seat,2,s112071311061;s112071311050
W3,s112044529024,44529,8.0,1,online_friend,8-1_0,3.0,3,ambiguous_duplicate_seat,2,s112044529026;s112044529058
W3,s112044529024,44529,8.0,1,online_friend,8-1_1,12.0,12,ambiguous_duplicate_seat,2,s112044529035;s112044529067
W3,s112044529024,44529,8.0,1,online_enemy,8-2_0,24.0,24,ambiguous_duplicate_seat,2,s112044529075;s112044529042
W3,s112044529024,44529,8.0,1,online_enemy,8-2_1,24.0,24,ambiguous_duplicate_seat,2,s112044529075;s112044529042
W3,s112044529024,44529,8.0,1,online_enemy,8-2_2,24.0,24,ambiguous_duplicate_seat,2,s112044529075;s112044529042
W3,s112044529024,44529,8.0,1,online_enemy,8-2_3,24.0,24,ambiguous_duplicate_seat,2,s112044529075;s112044529042
W3,s112044529024,44529,8.0,1,online_enemy,8-2_4,24.0,24,ambiguous_duplicate_seat,2,s112044529075;s112044529042
W3,s112044529024,44529,8.0,1,offline_friend,8-3_0,3.0,3,ambiguous_duplicate_seat,2,s112044529026;s112044529058
W3,s112044529024,44529,8.0,1,offline_friend,8-3_2,12.0,12,ambiguous_duplicate_seat,2,s112044529035;s112044529067
W3,s112044529024,44529,8.0,1,offline_enemy,8-4_0,24.0,24,ambiguous_duplicate_seat,2,s112044529075;s112044529042
W3,s112044529024,44529,8.0,1,offline_enemy,8-4_1,24.0,24,ambiguous_duplicate_seat,2,s112044529075;s112044529042
W3,s112044529024,44529,8.0,1,offline_enemy,8-4_2,24.0,24,ambiguous_duplicate_seat,2,s112044529075;s112044529042
W3,s112044529024,44529,8.0,1,offline_enemy,8-4_3,24.0,24,ambiguous_duplicate_seat,2,s112044529075;s112044529042
W3,s112044529024,44529,8.0,1,offline_enemy,8-4_4,24.0,24,ambiguous_duplicate_seat,2,s112044529075;s112044529042
W3,s112044529050,44529,8.0,32,online_friend,8-1_1,29.0,29,ambiguous_duplicate_seat,2,s112044529047;s112044529080
W3,s112044529050,44529,8.0,32,online_friend,8-1_2,31.0,31,ambiguous_duplicate_seat,2,s112044529049;s112044529082
W3,s112044529050,44529,8.0,32,online_friend,8-1_3,26.0,26,ambiguous_duplicate_seat,2,s112044529077;s112044529044
W3,s112044529050,44529,8.0,32,online_enemy,8-2_1,1.0,1,ambiguous_duplicate_seat,2,s112044529024;s112044529056
W3,s112044529050,44529,8.0,32,offline_friend,8-3_1,29.0,29,ambiguous_duplicate_seat,2,s112044529047;s112044529080
W3,s112044529050,44529,8.0,32,offline_friend,8-3_3,31.0,31,ambiguous_duplicate_seat,2,s112044529049;s112044529082
W3,s112044529050,44529,8.0,32,offline_friend,8-3_4,26.0,26,ambiguous_duplicate_seat,2,s112044529077;s112044529044
W3,s112044529050,44529,8.0,32,offline_enemy,8-4_1,1.0,1,ambiguous_duplicate_seat,2,s112044529024;s112044529056
W3,s112044529049,44529,8.0,31,online_friend,8-1_0,32.0,32,ambiguous_duplicate_seat,2,s112044529050;s112044529083
W3,s112044529049,44529,8.0,31,online_friend,8-1_1,26.0,26,ambiguous_duplicate_seat,2,s112044529077;s112044529044
W3,s112044529049,44529,8.0,31,online_friend,8-1_3,34.0,34,ambiguous_duplicate_seat,2,s112044529052;s112044529085
W3,s112044529049,44529,8.0,31,online_friend,8-1_4,29.0,29,ambiguous_duplicate_seat,2,s112044529047;s112044529080
W3,s112044529049,44529,8.0,31,offline_friend,8-3_0,32.0,32,ambiguous_duplicate_seat,2,s112044529050;s112044529083
W3,s112044529049,44529,8.0,31,offline_friend,8-3_1,26.0,26,ambiguous_duplicate_seat,2,s112044529077;s112044529044
W3,s112044529049,44529,8.0,31,offline_friend,8-3_3,34.0,34,ambiguous_duplicate_seat,2,s112044529052;s112044529085
W3,s112044529049,44529,8.0,31,offline_friend,8-3_4,29.0,29,ambiguous_duplicate_seat,2,s112044529047;s112044529080
W3,s112044529049,44529,8.0,31,offline_enemy,8-4_1,1.0,1,ambiguous_duplicate_seat,2,s112044529024;s112044529056
W3,s112044529049,44529,8.0,31,offline_enemy,8-4_2,4.0,4,ambiguous_duplicate_seat,2,s112044529027;s112044529059
W3,s112044529076,44529,8.0,25,online_friend,8-1_0,29.0,29,ambiguous_duplicate_seat,2,s112044529047;s112044529080
W3,s112044529076,44529,8.0,25,online_friend,8-1_2,24.0,24,ambiguous_duplicate_seat,2,s112044529075;s112044529042
W3,s112044529076,44529,8.0,25,online_friend,8-1_4,1.0,1,ambiguous_duplicate_seat,2,s112044529024;s112044529056
W3,s112044529076,44529,8.0,25,online_enemy,8-2_0,34.0,34,ambiguous_duplicate_seat,2,s112044529052;s112044529085
W3,s112044529076,44529,8.0,25,online_enemy,8-2_1,13.0,13,ambiguous_duplicate_seat,2,s112044529068;s112044529036
W3,s112044529076,44529,8.0,25,online_enemy,8-2_2,4.0,4,ambiguous_duplicate_seat,2,s112044529027;s112044529059
W3,s112044529076,44529,8.0,25,online_enemy,8-2_4,30.0,30,ambiguous_duplicate_seat,2,s112044529048;s112044529081
W3,s112044529076,44529,8.0,25,offline_friend,8-3_1,29.0,29,ambiguous_duplicate_seat,2,s112044529047;s112044529080
W3,s112044529076,44529,8.0,25,offline_friend,8-3_3,24.0,24,ambiguous_duplicate_seat,2,s112044529075;s112044529042
W3,s112044529076,44529,8.0,25,offline_friend,8-3_4,32.0,32,ambiguous_duplicate_seat,2,s112044529050;s112044529083
W3,s112044529076,44529,8.0,25,offline_enemy,8-4_0,34.0,34,ambiguous_duplicate_seat,2,s112044529052;s112044529085
W3,s112044529076,44529,8.0,25,offline_enemy,8-4_1,13.0,13,ambiguous_duplicate_seat,2,s112044529068;s112044529036
W3,s112044529076,44529,8.0,25,offline_enemy,8-4_2,4.0,4,ambiguous_duplicate_seat,2,s112044529027;s112044529059
W3,s112044529076,44529,8.0,25,offline_enemy,8-4_3,30.0,30,ambiguous_duplicate_seat,2,s112044529048;s112044529081
W3,s112044529076,44529,8.0,25,offline_enemy,8-4_4,31.0,31,ambiguous_duplicate_seat,2,s112044529049;s112044529082
W3,s112044529047,44529,8.0,29,online_friend,8-1_0,34.0,34,ambiguous_duplicate_seat,2,s112044529052;s112044529085
W3,s112044529047,44529,8.0,29,online_friend,8-1_1,32.0,32,ambiguous_duplicate_seat,2,s112044529050;s112044529083
W3,s112044529047,44529,8.0,29,online_friend,8-1_2,30.0,30,ambiguous_duplicate_seat,2,s112044529048;s112044529081
W3,s112044529047,44529,8.0,29,online_friend,8-1_3,13.0,13,ambiguous_duplicate_seat,2,s112044529068;s112044529036
W3,s112044529047,44529,8.0,29,offline_friend,8-3_0,34.0,34,ambiguous_duplicate_seat,2,s112044529052;s112044529085
W3,s112044529047,44529,8.0,29,offline_friend,8-3_1,32.0,32,ambiguous_duplicate_seat,2,s112044529050;s112044529083
W3,s112044529047,44529,8.0,29,offline_friend,8-3_2,30.0,30,ambiguous_duplicate_seat,2,s112044529048;s112044529081
W3,s112044529047,44529,8.0,29,offline_friend,8-3_3,13.0,13,ambiguous_duplicate_seat,2,s112044529068;s112044529036
W3,s112044529040,44529,8.0,22,online_friend,8-1_0,26.0,26,ambiguous_duplicate_seat,2,s112044529077;s112044529044
W3,s112044529040,44529,8.0,22,online_friend,8-1_1,31.0,31,ambiguous_duplicate_seat,2,s112044529049;s112044529082
W3,s112044529040,44529,8.0,22,online_friend,8-1_3,29.0,29,ambiguous_duplicate_seat,2,s112044529047;s112044529080
W3,s112044529040,44529,8.0,22,offline_friend,8-3_0,26.0,26,ambiguous_duplicate_seat,2,s112044529077;s112044529044
W3,s112044529040,44529,8.0,22,offline_friend,8-3_1,31.0,31,ambiguous_duplicate_seat,2,s112044529049;s112044529082
W3,s112044529040,44529,8.0,22,offline_friend,8-3_3,29.0,29,ambiguous_duplicate_seat,2,s112044529047;s112044529080
W3,s112044529052,44529,8.0,34,online_friend,8-1_0,26.0,26,ambiguous_duplicate_seat,2,s112044529077;s112044529044
W3,s112044529052,44529,8.0,34,online_friend,8-1_3,29.0,29,ambiguous_duplicate_seat,2,s112044529047;s112044529080
W3,s112044529052,44529,8.0,34,offline_friend,8-3_0,26.0,26,ambiguous_duplicate_seat,2,s112044529077;s112044529044
W3,s112044529052,44529,8.0,34,offline_friend,8-3_1,29.0,29,ambiguous_duplicate_seat,2,s112044529047;s112044529080
W3,s112044529074,44529,8.0,23,online_friend,8-1_0,24.0,24,ambiguous_duplicate_seat,2,s112044529075;s112044529042
W3,s112044529074,44529,8.0,23,online_friend,8-1_1,24.0,24,ambiguous_duplicate_seat,2,s112044529075;s112044529042
W3,s112044529074,44529,8.0,23,online_friend,8-1_2,24.0,24,ambiguous_duplicate_seat,2,s112044529075;s112044529042
W3,s112044529074,44529,8.0,23,online_friend,8-1_3,24.0,24,ambiguous_duplicate_seat,2,s112044529075;s112044529042
W3,s112044529074,44529,8.0,23,online_friend,8-1_4,24.0,24,ambiguous_duplicate_seat,2,s112044529075;s112044529042
W3,s112044529074,44529,8.0,23,offline_friend,8-3_0,24.0,24,ambiguous_duplicate_seat,2,s112044529075;s112044529042
W3,s112044529074,44529,8.0,23,offline_friend,8-3_1,24.0,24,ambiguous_duplicate_seat,2,s112044529075;s112044529042
W3,s112044529074,44529,8.0,23,offline_friend,8-3_2,24.0,24,ambiguous_duplicate_seat,2,s112044529075;s112044529042
W3,s112044529074,44529,8.0,23,offline_friend,8-3_3,24.0,24,ambiguous_duplicate_seat,2,s112044529075;s112044529042
W3,s112044529074,44529,8.0,23,offline_friend,8-3_4,24.0,24,ambiguous_duplicate_seat,2,s112044529075;s112044529042
W3,s112044529080,44529,8.0,29,online_enemy,8-2_0,13.0,13,ambiguous_duplicate_seat,2,s112044529068;s112044529036
W3,s112044529080,44529,8.0,29,offline_friend,8-3_3,32.0,32,ambiguous_duplicate_seat,2,s112044529050;s112044529083
W3,s112044529080,44529,8.0,29,offline_enemy,8-4_0,13.0,13,ambiguous_duplicate_seat,2,s112044529068;s112044529036
W3,s112044529080,44529,8.0,29,offline_enemy,8-4_1,4.0,4,ambiguous_duplicate_seat,2,s112044529027;s112044529059
W3,s112044529048,44529,8.0,30,online_friend,8-1_1,29.0,29,ambiguous_duplicate_seat,2,s112044529047;s112044529080
W3,s112044529048,44529,8.0,30,online_friend,8-1_4,26.0,26,ambiguous_duplicate_seat,2,s112044529077;s112044529044
W3,s112044529048,44529,8.0,30,online_enemy,8-2_1,13.0,13,ambiguous_duplicate_seat,2,s112044529068;s112044529036
W3,s112044529048,44529,8.0,30,offline_friend,8-3_1,29.0,29,ambiguous_duplicate_seat,2,s112044529047;s112044529080
W3,s112044529048,44529,8.0,30,offline_friend,8-3_4,26.0,26,ambiguous_duplicate_seat,2,s112044529077;s112044529044
W3,s112044529048,44529,8.0,30,offline_enemy,8-4_1,13.0,13,ambiguous_duplicate_seat,2,s112044529068;s112044529036
W3,s112044529051,44529,8.0,33,online_friend,8-1_1,34.0,34,ambiguous_duplicate_seat,2,s112044529052;s112044529085
W3,s112044529051,44529,8.0,33,online_friend,8-1_4,26.0,26,ambiguous_duplicate_seat,2,s112044529077;s112044529044
W3,s112044529051,44529,8.0,33,online_enemy,8-2_2,13.0,13,ambiguous_duplicate_seat,2,s112044529068;s112044529036
W3,s112044529051,44529,8.0,33,offline_friend,8-3_1,34.0,34,ambiguous_duplicate_seat,2,s112044529052;s112044529085
W3,s112044529051,44529,8.0,33,offline_friend,8-3_3,29.0,29,ambiguous_duplicate_seat,2,s112044529047;s112044529080
W3,s112044529051,44529,8.0,33,offline_friend,8-3_4,30.0,30,ambiguous_duplicate_seat,2,s112044529048;s112044529081
W3,s112044529051,44529,8.0,33,offline_enemy,8-4_2,13.0,13,ambiguous_duplicate_seat,2,s112044529068;s112044529036
W3,s112044529051,44529,8.0,33,offline_enemy,8-4_3,24.0,24,ambiguous_duplicate_seat,2,s112044529075;s112044529042
W3,s112044529042,44529,8.0,24,online_friend,8-1_2,31.0,31,ambiguous_duplicate_seat,2,s112044529049;s112044529082
W3,s112044529042,44529,8.0,24,online_friend,8-1_3,34.0,34,ambiguous_duplicate_seat,2,s112044529052;s112044529085
W3,s112044529042,44529,8.0,24,online_enemy,8-2_0,1.0,1,ambiguous_duplicate_seat,2,s112044529024;s112044529056
W3,s112044529042,44529,8.0,24,online_enemy,8-2_1,3.0,3,ambiguous_duplicate_seat,2,s112044529026;s112044529058
W3,s112044529042,44529,8.0,24,online_enemy,8-2_4,26.0,26,ambiguous_duplicate_seat,2,s112044529077;s112044529044
W3,s112044529042,44529,8.0,24,offline_friend,8-3_1,34.0,34,ambiguous_duplicate_seat,2,s112044529052;s112044529085
W3,s112044529042,44529,8.0,24,offline_friend,8-3_3,31.0,31,ambiguous_duplicate_seat,2,s112044529049;s112044529082
W3,s112044529042,44529,8.0,24,offline_friend,8-3_4,32.0,32,ambiguous_duplicate_seat,2,s112044529050;s112044529083
W3,s112044529042,44529,8.0,24,offline_enemy,8-4_0,1.0,1,ambiguous_duplicate_seat,2,s112044529024;s112044529056
W3,s112044529042,44529,8.0,24,offline_enemy,8-4_1,3.0,3,ambiguous_duplicate_seat,2,s112044529026;s112044529058
W3,s112044529042,44529,8.0,24,offline_enemy,8-4_4,26.0,26,ambiguous_duplicate_seat,2,s112044529077;s112044529044
W3,s112044529053,44529,8.0,35,online_friend,8-1_0,30.0,30,ambiguous_duplicate_seat,2,s112044529048;s112044529081
W3,s112044529053,44529,8.0,35,online_friend,8-1_1,30.0,30,ambiguous_duplicate_seat,2,s112044529048;s112044529081
W3,s112044529053,44529,8.0,35,online_friend,8-1_2,30.0,30,ambiguous_duplicate_seat,2,s112044529048;s112044529081
W3,s112044529053,44529,8.0,35,online_friend,8-1_3,30.0,30,ambiguous_duplicate_seat,2,s112044529048;s112044529081
W3,s112044529053,44529,8.0,35,online_friend,8-1_4,30.0,30,ambiguous_duplicate_seat,2,s112044529048;s112044529081
W3,s112044529053,44529,8.0,35,online_enemy,8-2_1,32.0,32,ambiguous_duplicate_seat,2,s112044529050;s112044529083
W3,s112044529053,44529,8.0,35,offline_friend,8-3_0,30.0,30,ambiguous_duplicate_seat,2,s112044529048;s112044529081
W3,s112044529053,44529,8.0,35,offline_friend,8-3_1,30.0,30,ambiguous_duplicate_seat,2,s112044529048;s112044529081
W3,s112044529053,44529,8.0,35,offline_friend,8-3_2,30.0,30,ambiguous_duplicate_seat,2,s112044529048;s112044529081
W3,s112044529053,44529,8.0,35,offline_friend,8-3_3,30.0,30,ambiguous_duplicate_seat,2,s112044529048;s112044529081
W3,s112044529053,44529,8.0,35,offline_friend,8-3_4,30.0,30,ambiguous_duplicate_seat,2,s112044529048;s112044529081
W3,s112044529053,44529,8.0,35,offline_enemy,8-4_1,32.0,32,ambiguous_duplicate_seat,2,s112044529050;s112044529083
W3,s112044529077,44529,8.0,26,online_friend,8-1_1,30.0,30,ambiguous_duplicate_seat,2,s112044529048;s112044529081
W3,s112044529077,44529,8.0,26,online_friend,8-1_2,31.0,31,ambiguous_duplicate_seat,2,s112044529049;s112044529082
W3,s112044529077,44529,8.0,26,online_friend,8-1_3,34.0,34,ambiguous_duplicate_seat,2,s112044529052;s112044529085
W3,s112044529077,44529,8.0,26,online_friend,8-1_4,24.0,24,ambiguous_duplicate_seat,2,s112044529075;s112044529042
W3,s112044529077,44529,8.0,26,online_enemy,8-2_2,13.0,13,ambiguous_duplicate_seat,2,s112044529068;s112044529036
W3,s112044529077,44529,8.0,26,offline_friend,8-3_1,30.0,30,ambiguous_duplicate_seat,2,s112044529048;s112044529081
W3,s112044529077,44529,8.0,26,offline_friend,8-3_2,31.0,31,ambiguous_duplicate_seat,2,s112044529049;s112044529082
W3,s112044529077,44529,8.0,26,offline_friend,8-3_3,34.0,34,ambiguous_duplicate_seat,2,s112044529052;s112044529085
W3,s112044529077,44529,8.0,26,offline_enemy,8-4_4,15.0,15,ambiguous_duplicate_seat,2,s112044529038;s112044529070
W3,s112044529081,44529,8.0,30,online_friend,8-1_1,31.0,31,ambiguous_duplicate_seat,2,s112044529049;s112044529082
W3,s112044529081,44529,8.0,30,online_friend,8-1_2,26.0,26,ambiguous_duplicate_seat,2,s112044529077;s112044529044
W3,s112044529081,44529,8.0,30,online_friend,8-1_3,34.0,34,ambiguous_duplicate_seat,2,s112044529052;s112044529085
W3,s112044529083,44529,8.0,32,online_friend,8-1_1,24.0,24,ambiguous_duplicate_seat,2,s112044529075;s112044529042
W3,s112044529083,44529,8.0,32,online_enemy,8-2_0,13.0,13,ambiguous_duplicate_seat,2,s112044529068;s112044529036
W3,s112044529083,44529,8.0,32,offline_friend,8-3_1,24.0,24,ambiguous_duplicate_seat,2,s112044529075;s112044529042
W3,s112044529083,44529,8.0,32,offline_friend,8-3_3,29.0,29,ambiguous_duplicate_seat,2,s112044529047;s112044529080
W3,s112044529083,44529,8.0,32,offline_enemy,8-4_2,13.0,13,ambiguous_duplicate_seat,2,s112044529068;s112044529036
W3,s112044529085,44529,8.0,34,online_friend,8-1_1,30.0,30,ambiguous_duplicate_seat,2,s112044529048;s112044529081
W3,s112044529085,44529,8.0,34,online_friend,8-1_2,26.0,26,ambiguous_duplicate_seat,2,s112044529077;s112044529044
W3,s112044529085,44529,8.0,34,online_friend,8-1_3,24.0,24,ambiguous_duplicate_seat,2,s112044529075;s112044529042
W3,s112044529085,44529,8.0,34,online_friend,8-1_4,32.0,32,ambiguous_duplicate_seat,2,s112044529050;s112044529083
W3,s112044529085,44529,8.0,34,online_enemy,8-2_0,13.0,13,ambiguous_duplicate_seat,2,s112044529068;s112044529036
W3,s112044529085,44529,8.0,34,offline_friend,8-3_1,30.0,30,ambiguous_duplicate_seat,2,s112044529048;s112044529081
W3,s112044529085,44529,8.0,34,offline_friend,8-3_2,26.0,26,ambiguous_duplicate_seat,2,s112044529077;s112044529044
W3,s112044529085,44529,8.0,34,offline_friend,8-3_3,31.0,31,ambiguous_duplicate_seat,2,s112044529049;s112044529082
W3,s112044529085,44529,8.0,34,offline_friend,8-3_4,24.0,24,ambiguous_duplicate_seat,2,s112044529075;s112044529042
W3,s112044529085,44529,8.0,34,offline_enemy,8-4_0,13.0,13,ambiguous_duplicate_seat,2,s112044529068;s112044529036
W3,s112044529085,44529,8.0,34,offline_enemy,8-4_4,15.0,15,ambiguous_duplicate_seat,2,s112044529038;s112044529070
W3,s112044529079,44529,8.0,28,online_friend,8-1_0,29.0,29,ambiguous_duplicate_seat,2,s112044529047;s112044529080
W3,s112044529079,44529,8.0,28,offline_friend,8-3_0,29.0,29,ambiguous_duplicate_seat,2,s112044529047;s112044529080
W3,s112044529079,44529,8.0,28,offline_friend,8-3_3,24.0,24,ambiguous_duplicate_seat,2,s112044529075;s112044529042
W3,s112044529079,44529,8.0,28,offline_friend,8-3_4,32.0,32,ambiguous_duplicate_seat,2,s112044529050;s112044529083
W3,s112044529079,44529,8.0,28,offline_enemy,8-4_2,4.0,4,ambiguous_duplicate_seat,2,s112044529027;s112044529059
W3,s112044529079,44529,8.0,28,offline_enemy,8-4_3,13.0,13,ambiguous_duplicate_seat,2,s112044529068;s112044529036
W3,s112044529044,44529,8.0,26,online_friend,8-1_1,31.0,31,ambiguous_duplicate_seat,2,s112044529049;s112044529082
W3,s112044529044,44529,8.0,26,online_friend,8-1_2,34.0,34,ambiguous_duplicate_seat,2,s112044529052;s112044529085
W3,s112044529044,44529,8.0,26,online_friend,8-1_3,32.0,32,ambiguous_duplicate_seat,2,s112044529050;s112044529083
W3,s112044529044,44529,8.0,26,offline_friend,8-3_1,31.0,31,ambiguous_duplicate_seat,2,s112044529049;s112044529082
W3,s112044529044,44529,8.0,26,offline_friend,8-3_2,34.0,34,ambiguous_duplicate_seat,2,s112044529052;s112044529085
W3,s112044529044,44529,8.0,26,offline_friend,8-3_3,32.0,32,ambiguous_duplicate_seat,2,s112044529050;s112044529083
W3,s112044529044,44529,8.0,26,offline_friend,8-3_4,30.0,30,ambiguous_duplicate_seat,2,s112044529048;s112044529081
W3,s112044529045,44529,8.0,27,online_friend,8-1_0,29.0,29,ambiguous_duplicate_seat,2,s112044529047;s112044529080
W3,s112044529045,44529,8.0,27,online_friend,8-1_1,31.0,31,ambiguous_duplicate_seat,2,s112044529049;s112044529082
W3,s112044529045,44529,8.0,27,online_enemy,8-2_0,24.0,24,ambiguous_duplicate_seat,2,s112044529075;s112044529042
W3,s112044529045,44529,8.0,27,offline_friend,8-3_0,29.0,29,ambiguous_duplicate_seat,2,s112044529047;s112044529080
W3,s112044529045,44529,8.0,27,offline_enemy,8-4_0,24.0,24,ambiguous_duplicate_seat,2,s112044529075;s112044529042
W3,s112044529082,44529,8.0,31,online_friend,8-1_0,30.0,30,ambiguous_duplicate_seat,2,s112044529048;s112044529081
W3,s112044529082,44529,8.0,31,offline_friend,8-3_1,26.0,26,ambiguous_duplicate_seat,2,s112044529077;s112044529044
W3,s112044529082,44529,8.0,31,offline_friend,8-3_2,30.0,30,ambiguous_duplicate_seat,2,s112044529048;s112044529081
W3,s112044529082,44529,8.0,31,offline_friend,8-3_3,34.0,34,ambiguous_duplicate_seat,2,s112044529052;s112044529085
W3,s112071311060,71311,805.0,33,online_friend,8-1_0,35.0,35,ambiguous_duplicate_seat,2,s112071311071;s112071311070
W3,s112071311060,71311,805.0,33,offline_friend,8-3_1,35.0,35,ambiguous_duplicate_seat,2,s112071311071;s112071311070
W3,s112071311097,71311,812.0,42,online_friend,8-1_2,41.0,41,ambiguous_duplicate_seat,2,s112071311120;s112071311093
W3,s112071311097,71311,812.0,42,offline_friend,8-3_2,41.0,41,ambiguous_duplicate_seat,2,s112071311120;s112071311093
W3,s112071311105,71311,812.0,44,online_friend,8-1_3,41.0,41,ambiguous_duplicate_seat,2,s112071311120;s112071311093
W3,s112071311105,71311,812.0,44,offline_friend,8-3_3,41.0,41,ambiguous_duplicate_seat,2,s112071311120;s112071311093
W3,s112124322025,124322,803.0,2,online_friend,8-1_2,18.0,18,ambiguous_duplicate_seat,2,s112124322043;s112124322039
W3,s112124322025,124322,803.0,2,offline_friend,8-3_1,18.0,18,ambiguous_duplicate_seat,2,s112124322043;s112124322039
W3,s112124322025,124322,803.0,2,offline_friend,8-3_4,8.0,8,ambiguous_duplicate_seat,2,s112124322030;s112124322037
W3,s112124322024,124322,803.0,1,online_friend,8-1_3,18.0,18,ambiguous_duplicate_seat,2,s112124322043;s112124322039
W3,s112124322028,124322,803.0,6,online_enemy,8-2_1,8.0,8,ambiguous_duplicate_seat,2,s112124322030;s112124322037
W3,s112124322028,124322,803.0,6,offline_enemy,8-4_3,8.0,8,ambiguous_duplicate_seat,2,s112124322030;s112124322037
W3,s112124322031,124322,803.0,9,online_friend,8-1_1,8.0,8,ambiguous_duplicate_seat,2,s112124322030;s112124322037
W3,s112124322031,124322,803.0,9,online_enemy,8-2_4,18.0,18,ambiguous_duplicate_seat,2,s112124322043;s112124322039
W3,s112124322031,124322,803.0,9,offline_friend,8-3_1,8.0,8,ambiguous_duplicate_seat,2,s112124322030;s112124322037
W3,s112124322026,124322,803.0,4,online_friend,8-1_0,8.0,8,ambiguous_duplicate_seat,2,s112124322030;s112124322037
W3,s112124322026,124322,803.0,4,offline_friend,8-3_0,8.0,8,ambiguous_duplicate_seat,2,s112124322030;s112124322037
W3,s112124322029,124322,803.0,7,online_enemy,8-2_1,8.0,8,ambiguous_duplicate_seat,2,s112124322030;s112124322037
W3,s112124322029,124322,803.0,7,offline_enemy,8-4_2,8.0,8,ambiguous_duplicate_seat,2,s112124322030;s112124322037
W3,s112213509058,213509,2.0,5,online_friend,8-1_2,4.0,4,ambiguous_duplicate_seat,2,s112213509057;s112213509027
W3,s112213509058,213509,2.0,5,online_enemy,8-2_0,10.0,10,ambiguous_duplicate_seat,2,s112213509063;s112213509033
W3,s112213509058,213509,2.0,5,online_enemy,8-2_2,27.0,27,ambiguous_duplicate_seat,2,s112213509080;s112213509049
W3,s112213509058,213509,2.0,5,offline_friend,8-3_2,4.0,4,ambiguous_duplicate_seat,2,s112213509057;s112213509027
W3,s112213509058,213509,2.0,5,offline_enemy,8-4_0,10.0,10,ambiguous_duplicate_seat,2,s112213509063;s112213509033
W3,s112213509058,213509,2.0,5,offline_enemy,8-4_3,27.0,27,ambiguous_duplicate_seat,2,s112213509080;s112213509049
W3,s112121320049,121320,203.0,6,online_enemy,8-2_3,1.0,1,ambiguous_duplicate_seat,2,s112121320044;s112121320058
W3,s112121320049,121320,203.0,6,offline_enemy,8-4_1,1.0,1,ambiguous_duplicate_seat,2,s112121320044;s112121320058
W3,s112121320044,121320,203.0,1,online_friend,8-1_0,1.0,1,ambiguous_duplicate_seat,2,s112121320044;s112121320058
W3,s112121320044,121320,203.0,1,offline_friend,8-3_0,1.0,1,ambiguous_duplicate_seat,2,s112121320044;s112121320058
W3,s112213509056,213509,2.0,3,online_enemy,8-2_0,6.0,6,ambiguous_duplicate_seat,2,s112213509059;s112213509029
W3,s112213509056,213509,2.0,3,online_enemy,8-2_2,27.0,27,ambiguous_duplicate_seat,2,s112213509080;s112213509049
W3,s112213509056,213509,2.0,3,offline_enemy,8-4_0,6.0,6,ambiguous_duplicate_seat,2,s112213509059;s112213509029
W3,s112213509056,213509,2.0,3,offline_enemy,8-4_1,27.0,27,ambiguous_duplicate_seat,2,s112213509080;s112213509049
W3,s112213509057,213509,2.0,4,online_friend,8-1_2,7.0,7,ambiguous_duplicate_seat,2,s112213509060;s112213509030
W3,s112213509057,213509,2.0,4,offline_friend,8-3_3,7.0,7,ambiguous_duplicate_seat,2,s112213509060;s112213509030
W3,s112213509057,213509,2.0,4,offline_friend,8-3_4,10.0,10,ambiguous_duplicate_seat,2,s112213509063;s112213509033
W3,s112213509063,213509,2.0,10,online_friend,8-1_0,4.0,4,ambiguous_duplicate_seat,2,s112213509057;s112213509027
W3,s112213509063,213509,2.0,10,online_enemy,8-2_1,27.0,27,ambiguous_duplicate_seat,2,s112213509080;s112213509049
W3,s112213509063,213509,2.0,10,offline_friend,8-3_3,6.0,6,ambiguous_duplicate_seat,2,s112213509059;s112213509029
W3,s112213509063,213509,2.0,10,offline_enemy,8-4_1,27.0,27,ambiguous_duplicate_seat,2,s112213509080;s112213509049
W3,s112213509033,213509,2.0,10,online_friend,8-1_0,6.0,6,ambiguous_duplicate_seat,2,s112213509059;s112213509029
W3,s112213509033,213509,2.0,10,online_friend,8-1_1,4.0,4,ambiguous_duplicate_seat,2,s112213509057;s112213509027
W3,s112213509033,213509,2.0,10,online_friend,8-1_4,7.0,7,ambiguous_duplicate_seat,2,s112213509060;s112213509030
W3,s112213509033,213509,2.0,10,offline_friend,8-3_2,7.0,7,ambiguous_duplicate_seat,2,s112213509060;s112213509030
W3,s112213509033,213509,2.0,10,offline_friend,8-3_3,6.0,6,ambiguous_duplicate_seat,2,s112213509059;s112213509029
W3,s112213509033,213509,2.0,10,offline_friend,8-3_4,4.0,4,ambiguous_duplicate_seat,2,s112213509057;s112213509027
W3,s112213509060,213509,2.0,7,online_friend,8-1_0,4.0,4,ambiguous_duplicate_seat,2,s112213509057;s112213509027
W3,s112213509060,213509,2.0,7,online_enemy,8-2_3,27.0,27,ambiguous_duplicate_seat,2,s112213509080;s112213509049
W3,s112213509060,213509,2.0,7,online_enemy,8-2_4,16.0,16,ambiguous_duplicate_seat,2,s112213509069;s112213509039
W3,s112213509060,213509,2.0,7,offline_friend,8-3_4,4.0,4,ambiguous_duplicate_seat,2,s112213509057;s112213509027
W3,s112213509060,213509,2.0,7,offline_enemy,8-4_0,27.0,27,ambiguous_duplicate_seat,2,s112213509080;s112213509049
W3,s112213509060,213509,2.0,7,offline_enemy,8-4_4,16.0,16,ambiguous_duplicate_seat,2,s112213509069;s112213509039
W3,s112213509059,213509,2.0,6,online_friend,8-1_0,26.0,26,ambiguous_duplicate_seat,2,s112213509079;s112213509048
W3,s112213509059,213509,2.0,6,online_friend,8-1_2,10.0,10,ambiguous_duplicate_seat,2,s112213509063;s112213509033
W3,s112213509059,213509,2.0,6,online_friend,8-1_4,21.0,21,ambiguous_duplicate_seat,2,s112213509074;s112213509044
W3,s112213509059,213509,2.0,6,online_enemy,8-2_2,27.0,27,ambiguous_duplicate_seat,2,s112213509080;s112213509049
W3,s112213509059,213509,2.0,6,online_enemy,8-2_3,16.0,16,ambiguous_duplicate_seat,2,s112213509069;s112213509039
W3,s112213509059,213509,2.0,6,offline_friend,8-3_0,26.0,26,ambiguous_duplicate_seat,2,s112213509079;s112213509048
W3,s112213509059,213509,2.0,6,offline_friend,8-3_2,10.0,10,ambiguous_duplicate_seat,2,s112213509063;s112213509033
W3,s112213509059,213509,2.0,6,offline_enemy,8-4_1,27.0,27,ambiguous_duplicate_seat,2,s112213509080;s112213509049
W3,s112213509059,213509,2.0,6,offline_enemy,8-4_3,16.0,16,ambiguous_duplicate_seat,2,s112213509069;s112213509039
W3,s112121320047,121320,203.0,4,online_enemy,8-2_0,1.0,1,ambiguous_duplicate_seat,2,s112121320044;s112121320058
W3,s112121320047,121320,203.0,4,offline_enemy,8-4_0,1.0,1,ambiguous_duplicate_seat,2,s112121320044;s112121320058
W3,s112213509027,213509,2.0,4,online_friend,8-1_1,10.0,10,ambiguous_duplicate_seat,2,s112213509063;s112213509033
W3,s112213509027,213509,2.0,4,online_friend,8-1_2,6.0,6,ambiguous_duplicate_seat,2,s112213509059;s112213509029
W3,s112213509027,213509,2.0,4,offline_friend,8-3_1,10.0,10,ambiguous_duplicate_seat,2,s112213509063;s112213509033
W3,s112213509027,213509,2.0,4,offline_friend,8-3_4,6.0,6,ambiguous_duplicate_seat,2,s112213509059;s112213509029
W3,s112213509029,213509,2.0,6,online_friend,8-1_0,10.0,10,ambiguous_duplicate_seat,2,s112213509063;s112213509033
W3,s112213509029,213509,2.0,6,online_friend,8-1_3,4.0,4,ambiguous_duplicate_seat,2,s112213509057;s112213509027
W3,s112213509029,213509,2.0,6,online_enemy,8-2_0,16.0,16,ambiguous_duplicate_seat,2,s112213509069;s112213509039
W3,s112213509029,213509,2.0,6,offline_friend,8-3_1,10.0,10,ambiguous_duplicate_seat,2,s112213509063;s112213509033
W3,s112213509029,213509,2.0,6,offline_friend,8-3_2,4.0,4,ambiguous_duplicate_seat,2,s112213509057;s112213509027
W3,s112213509029,213509,2.0,6,offline_enemy,8-4_0,16.0,16,ambiguous_duplicate_seat,2,s112213509069;s112213509039
W3,s112213509054,213509,2.0,1,online_friend,8-1_1,10.0,10,ambiguous_duplicate_seat,2,s112213509063;s112213509033
W3,s112213509054,213509,2.0,1,online_friend,8-1_4,4.0,4,ambiguous_duplicate_seat,2,s112213509057;s112213509027
W3,s112213509054,213509,2.0,1,offline_friend,8-3_1,10.0,10,ambiguous_duplicate_seat,2,s112213509063;s112213509033
W3,s112213509054,213509,2.0,1,offline_friend,8-3_4,4.0,4,ambiguous_duplicate_seat,2,s112213509057;s112213509027
W3,s112213509062,213509,2.0,9,online_friend,8-1_1,6.0,6,ambiguous_duplicate_seat,2,s112213509059;s112213509029
W3,s112213509062,213509,2.0,9,online_friend,8-1_2,7.0,7,ambiguous_duplicate_seat,2,s112213509060;s112213509030
W3,s112213509062,213509,2.0,9,online_friend,8-1_3,10.0,10,ambiguous_duplicate_seat,2,s112213509063;s112213509033
W3,s112213509062,213509,2.0,9,online_friend,8-1_4,4.0,4,ambiguous_duplicate_seat,2,s112213509057;s112213509027
W3,s112213509062,213509,2.0,9,online_enemy,8-2_2,27.0,27,ambiguous_duplicate_seat,2,s112213509080;s112213509049
W3,s112213509062,213509,2.0,9,offline_friend,8-3_1,6.0,6,ambiguous_duplicate_seat,2,s112213509059;s112213509029
W3,s112213509062,213509,2.0,9,offline_friend,8-3_3,10.0,10,ambiguous_duplicate_seat,2,s112213509063;s112213509033
W3,s112213509062,213509,2.0,9,offline_friend,8-3_4,7.0,7,ambiguous_duplicate_seat,2,s112213509060;s112213509030
W3,s112213509062,213509,2.0,9,offline_enemy,8-4_1,27.0,27,ambiguous_duplicate_seat,2,s112213509080;s112213509049
W3,s112213509034,213509,2.0,11,online_friend,8-1_0,7.0,7,ambiguous_duplicate_seat,2,s112213509060;s112213509030
W3,s112213509034,213509,2.0,11,online_friend,8-1_2,10.0,10,ambiguous_duplicate_seat,2,s112213509063;s112213509033
W3,s112213509034,213509,2.0,11,offline_friend,8-3_0,7.0,7,ambiguous_duplicate_seat,2,s112213509060;s112213509030
W3,s112213509034,213509,2.0,11,offline_friend,8-3_2,10.0,10,ambiguous_duplicate_seat,2,s112213509063;s112213509033
W3,s112213509055,213509,2.0,2,online_friend,8-1_2,6.0,6,ambiguous_duplicate_seat,2,s112213509059;s112213509029
W3,s112213509055,213509,2.0,2,online_friend,8-1_3,10.0,10,ambiguous_duplicate_seat,2,s112213509063;s112213509033
W3,s112213509055,213509,2.0,2,online_friend,8-1_4,4.0,4,ambiguous_duplicate_seat,2,s112213509057;s112213509027
W3,s112213509055,213509,2.0,2,offline_friend,8-3_1,10.0,10,ambiguous_duplicate_seat,2,s112213509063;s112213509033
W3,s112213509055,213509,2.0,2,offline_friend,8-3_3,6.0,6,ambiguous_duplicate_seat,2,s112213509059;s112213509029
W3,s112014332077,14332,811.0,26,online_friend,8-1_3,1.0,1,ambiguous_duplicate_seat,2,s112014332052;s112014332056
W3,s112014332077,14332,811.0,26,offline_friend,8-3_1,1.0,1,ambiguous_duplicate_seat,2,s112014332052;s112014332056
W3,s112014332081,14332,811.0,30,offline_friend,8-3_4,1.0,1,ambiguous_duplicate_seat,2,s112014332052;s112014332056
W3,s112014332078,14332,811.0,27,online_friend,8-1_4,1.0,1,ambiguous_duplicate_seat,2,s112014332052;s112014332056
W3,s112014332078,14332,811.0,27,offline_friend,8-3_4,1.0,1,ambiguous_duplicate_seat,2,s112014332052;s112014332056
W3,s112014332079,14332,811.0,28,online_friend,8-1_4,1.0,1,ambiguous_duplicate_seat,2,s112014332052;s112014332056
W3,s112014332080,14332,811.0,29,online_friend,8-1_2,1.0,1,ambiguous_duplicate_seat,2,s112014332052;s112014332056
W3,s112014332080,14332,811.0,29,offline_friend,8-3_2,1.0,1,ambiguous_duplicate_seat,2,s112014332052;s112014332056
W3,s112014332071,14332,811.0,20,online_friend,8-1_0,1.0,1,ambiguous_duplicate_seat,2,s112014332052;s112014332056
W3,s112014332071,14332,811.0,20,offline_friend,8-3_0,1.0,1,ambiguous_duplicate_seat,2,s112014332052;s112014332056
W3,s112014332070,14332,811.0,19,online_friend,8-1_0,1.0,1,ambiguous_duplicate_seat,2,s112014332052;s112014332056
W3,s112014332070,14332,811.0,19,offline_friend,8-3_1,1.0,1,ambiguous_duplicate_seat,2,s112014332052;s112014332056
W3,s112014332072,14332,811.0,21,online_friend,8-1_4,1.0,1,ambiguous_duplicate_seat,2,s112014332052;s112014332056
W3,s112014332072,14332,811.0,21,offline_friend,8-3_4,1.0,1,ambiguous_duplicate_seat,2,s112014332052;s112014332056
W3,s112014332075,14332,811.0,24,online_friend,8-1_1,1.0,1,ambiguous_duplicate_seat,2,s112014332052;s112014332056
W3,s112014332075,14332,811.0,24,offline_friend,8-3_1,1.0,1,ambiguous_duplicate_seat,2,s112014332052;s112014332056
W3,s112024507054,24507,806.0,11,online_friend,8-1_3,3.0,3,ambiguous_duplicate_seat,2,s112024507050;s112024507047
W3,s112024507058,24507,806.0,15,online_friend,8-1_1,3.0,3,ambiguous_duplicate_seat,2,s112024507050;s112024507047
W3,s112024507058,24507,806.0,15,offline_friend,8-3_1,3.0,3,ambiguous_duplicate_seat,2,s112024507050;s112024507047
W3,s112044501071,44501,八年五班,16,online_friend,8-1_1,20.0,20,ambiguous_duplicate_seat,2,s112044501075;s112044501082
W3,s112044501071,44501,八年五班,16,offline_friend,8-3_1,20.0,20,ambiguous_duplicate_seat,2,s112044501075;s112044501082
W3,s112044501081,44501,八年五班,26,online_friend,8-1_3,20.0,20,ambiguous_duplicate_seat,2,s112044501075;s112044501082
W3,s112044501081,44501,八年五班,26,offline_friend,8-3_2,20.0,20,ambiguous_duplicate_seat,2,s112044501075;s112044501082
W3,s112213501083,213501,819.0,28,online_friend,8-1_2,26.0,26,ambiguous_duplicate_seat,2,s112213501081;s112213501080
W3,s112213501083,213501,819.0,28,offline_friend,8-3_3,26.0,26,ambiguous_duplicate_seat,2,s112213501081;s112213501080
W3,s112213501071,213501,819.0,17,online_friend,8-1_1,26.0,26,ambiguous_duplicate_seat,2,s112213501081;s112213501080
W3,s112213501071,213501,819.0,17,offline_friend,8-3_1,26.0,26,ambiguous_duplicate_seat,2,s112213501081;s112213501080
W3,s112213501074,213501,819.0,19,online_enemy,8-2_0,14.0,14,ambiguous_duplicate_seat,2,s112213501069;s112213501068
W3,s112213501074,213501,819.0,19,offline_enemy,8-4_0,14.0,14,ambiguous_duplicate_seat,2,s112213501069;s112213501068
W3,s112011324050,11324,國二忠,30,online_friend,8-1_0,25.0,25,ambiguous_duplicate_seat,2,s112011324044;s112011324045
W3,s112011324050,11324,國二忠,30,offline_friend,8-3_0,25.0,25,ambiguous_duplicate_seat,2,s112011324044;s112011324045
W3,s112011324051,11324,國二忠,32,online_friend,8-1_1,38.0,38,ambiguous_duplicate_seat,2,s112011324057;s112011324059
W3,s112011324051,11324,國二忠,32,offline_friend,8-3_3,38.0,38,ambiguous_duplicate_seat,2,s112011324057;s112011324059
W3,s112011324048,11324,國二忠,29,online_friend,8-1_0,30.0,30,ambiguous_duplicate_seat,2,s112011324050;s112011324049
W3,s112011324048,11324,國二忠,29,offline_friend,8-3_0,30.0,30,ambiguous_duplicate_seat,2,s112011324050;s112011324049
W3,s112011324048,11324,國二忠,29,offline_friend,8-3_2,25.0,25,ambiguous_duplicate_seat,2,s112011324044;s112011324045
W3,s112011324046,11324,國二忠,27,online_friend,8-1_0,25.0,25,ambiguous_duplicate_seat,2,s112011324044;s112011324045
W3,s112011324046,11324,國二忠,27,online_friend,8-1_3,30.0,30,ambiguous_duplicate_seat,2,s112011324050;s112011324049
W3,s112011324046,11324,國二忠,27,offline_friend,8-3_0,25.0,25,ambiguous_duplicate_seat,2,s112011324044;s112011324045
W3,s112011324046,11324,國二忠,27,offline_friend,8-3_1,30.0,30,ambiguous_duplicate_seat,2,s112011324050;s112011324049
W3,s112011324041,11324,國二忠,20,online_friend,8-1_2,32.0,32,ambiguous_duplicate_seat,2,s112011324051;s112011324054
W3,s112011324041,11324,國二忠,20,online_friend,8-1_3,4.0,4,ambiguous_duplicate_seat,2,s112011324027;s112011324026
W3,s112011324041,11324,國二忠,20,offline_friend,8-3_1,32.0,32,ambiguous_duplicate_seat,2,s112011324051;s112011324054
W3,s112011324041,11324,國二忠,20,offline_friend,8-3_2,38.0,38,ambiguous_duplicate_seat,2,s112011324057;s112011324059
W3,s112011324041,11324,國二忠,20,offline_friend,8-3_4,4.0,4,ambiguous_duplicate_seat,2,s112011324027;s112011324026
W3,s112011324044,11324,國二忠,25,online_friend,8-1_1,30.0,30,ambiguous_duplicate_seat,2,s112011324050;s112011324049
W3,s112011324044,11324,國二忠,25,offline_friend,8-3_3,30.0,30,ambiguous_duplicate_seat,2,s112011324050;s112011324049
W3,s112011324052,11324,國二忠,33,online_friend,8-1_1,32.0,32,ambiguous_duplicate_seat,2,s112011324051;s112011324054
W3,s112011324052,11324,國二忠,33,online_friend,8-1_2,38.0,38,ambiguous_duplicate_seat,2,s112011324057;s112011324059
W3,s112011324052,11324,國二忠,33,offline_friend,8-3_1,32.0,32,ambiguous_duplicate_seat,2,s112011324051;s112011324054
W3,s112011324052,11324,國二忠,33,offline_friend,8-3_2,38.0,38,ambiguous_duplicate_seat,2,s112011324057;s112011324059
W3,s112011324057,11324,國二忠,38,online_friend,8-1_1,32.0,32,ambiguous_duplicate_seat,2,s112011324051;s112011324054
W3,s112011324057,11324,國二忠,38,online_enemy,8-2_0,30.0,30,ambiguous_duplicate_seat,2,s112011324050;s112011324049
W3,s112011324057,11324,國二忠,38,offline_friend,8-3_2,32.0,32,ambiguous_duplicate_seat,2,s112011324051;s112011324054
W3,s112011324057,11324,國二忠,38,offline_enemy,8-4_2,30.0,30,ambiguous_duplicate_seat,2,s112011324050;s112011324049
W3,s112011324045,11324,國二忠,25,online_friend,8-1_0,25.0,25,ambiguous_duplicate_seat,2,s112011324044;s112011324045
W3,s112011324045,11324,國二忠,25,offline_friend,8-3_0,25.0,25,ambiguous_duplicate_seat,2,s112011324044;s112011324045
W3,s112011324045,11324,國二忠,25,offline_friend,8-3_3,30.0,30,ambiguous_duplicate_seat,2,s112011324050;s112011324049
W3,s112011324042,11324,國二忠,26,online_enemy,8-2_4,38.0,38,ambiguous_duplicate_seat,2,s112011324057;s112011324059
W3,s112011324042,11324,國二忠,26,offline_enemy,8-4_4,38.0,38,ambiguous_duplicate_seat,2,s112011324057;s112011324059
W3,s112011324055,11324,國二忠,34,online_friend,8-1_2,30.0,30,ambiguous_duplicate_seat,2,s112011324050;s112011324049
W3,s112011324055,11324,國二忠,34,offline_friend,8-3_3,30.0,30,ambiguous_duplicate_seat,2,s112011324050;s112011324049
W3,s112011324056,11324,國二忠,36,online_friend,8-1_0,30.0,30,ambiguous_duplicate_seat,2,s112011324050;s112011324049
W3,s112011324056,11324,國二忠,36,online_enemy,8-2_4,34.0,34,ambiguous_duplicate_seat,2,s112011324053;s112011324055
W3,s112011324056,11324,國二忠,36,offline_friend,8-3_1,30.0,30,ambiguous_duplicate_seat,2,s112011324050;s112011324049
W3,s112011324056,11324,國二忠,36,offline_friend,8-3_3,38.0,38,ambiguous_duplicate_seat,2,s112011324057;s112011324059
W3,s112011324056,11324,國二忠,36,offline_enemy,8-4_3,34.0,34,ambiguous_duplicate_seat,2,s112011324053;s112011324055
W3,s112064545036,64545,八年4班,11,online_enemy,8-2_1,7.0,7,ambiguous_duplicate_seat,2,s112064545031;s112064545030
W3,s112064545036,64545,八年4班,11,offline_enemy,8-4_1,7.0,7,ambiguous_duplicate_seat,2,s112064545031;s112064545030
W3,s112011324049,11324,國二忠,30,online_friend,8-1_1,17.0,17,ambiguous_duplicate_seat,2,s112011324036;s112011324037
W3,s112011324049,11324,國二忠,30,offline_friend,8-3_3,34.0,34,ambiguous_duplicate_seat,2,s112011324053;s112011324055
W3,s112011324058,11324,國二忠,37,offline_friend,8-3_1,30.0,30,ambiguous_duplicate_seat,2,s112011324050;s112011324049
W3,s112064545037,64545,八年4班,12,online_enemy,8-2_3,7.0,7,ambiguous_duplicate_seat,2,s112064545031;s112064545030
W3,s112064545037,64545,八年4班,12,offline_enemy,8-4_3,7.0,7,ambiguous_duplicate_seat,2,s112064545031;s112064545030
W3,s112011324060,11324,國二忠,40,online_friend,8-1_0,32.0,32,ambiguous_duplicate_seat,2,s112011324051;s112011324054
W3,s112011324060,11324,國二忠,40,offline_friend,8-3_0,32.0,32,ambiguous_duplicate_seat,2,s112011324051;s112011324054
W3,s112011324060,11324,國二忠,40,offline_friend,8-3_3,17.0,17,ambiguous_duplicate_seat,2,s112011324036;s112011324037
W3,s112011324061,11324,國二忠,42,online_friend,8-1_0,38.0,38,ambiguous_duplicate_seat,2,s112011324057;s112011324059
W3,s112011324061,11324,國二忠,42,offline_friend,8-3_3,38.0,38,ambiguous_duplicate_seat,2,s112011324057;s112011324059
W3,s112011324062,11324,國二忠,43,online_friend,8-1_2,25.0,25,ambiguous_duplicate_seat,2,s112011324044;s112011324045
W3,s112011324062,11324,國二忠,43,offline_friend,8-3_0,17.0,17,ambiguous_duplicate_seat,2,s112011324036;s112011324037
W3,s112011324062,11324,國二忠,43,offline_friend,8-3_3,25.0,25,ambiguous_duplicate_seat,2,s112011324044;s112011324045
W3,s112064545038,64545,八年4班,13,online_enemy,8-2_0,7.0,7,ambiguous_duplicate_seat,2,s112064545031;s112064545030
W3,s112064545038,64545,八年4班,13,offline_enemy,8-4_0,7.0,7,ambiguous_duplicate_seat,2,s112064545031;s112064545030
W3,s112011324054,11324,國二忠,32,online_friend,8-1_1,30.0,30,ambiguous_duplicate_seat,2,s112011324050;s112011324049
W3,s112011324054,11324,國二忠,32,offline_friend,8-3_1,30.0,30,ambiguous_duplicate_seat,2,s112011324050;s112011324049
W3,s112201304070,201304,二年3班,25,online_enemy,8-2_1,26.0,26,ambiguous_duplicate_seat,2,s112201304081;s112201304071
W3,s112201304070,201304,二年3班,25,offline_enemy,8-4_1,25.0,25,ambiguous_duplicate_seat,2,s112201304070;s112201304062
W3,s112201304048,201304,二年1班,5,online_friend,8-1_0,2.0,2,ambiguous_duplicate_seat,2,s112201304031;s112201304027
W3,s112201304048,201304,二年1班,5,offline_friend,8-3_0,1.0,1,ambiguous_duplicate_seat,2,s112201304025;s112201304026
W3,s112201304048,201304,二年1班,5,offline_friend,8-3_1,2.0,2,ambiguous_duplicate_seat,2,s112201304031;s112201304027
W3,s112201304048,201304,二年1班,5,offline_friend,8-3_2,3.0,3,ambiguous_duplicate_seat,2,s112201304028;s112201304035
W3,s112201304048,201304,二年1班,5,offline_friend,8-3_3,6.0,6,ambiguous_duplicate_seat,2,s112201304049;s112201304032
W3,s112201304079,201304,二年3班,29,online_friend,8-1_0,25.0,25,ambiguous_duplicate_seat,2,s112201304070;s112201304062
W3,s112201304079,201304,二年3班,29,online_enemy,8-2_1,26.0,26,ambiguous_duplicate_seat,2,s112201304081;s112201304071
W3,s112201304079,201304,二年3班,29,offline_friend,8-3_1,25.0,25,ambiguous_duplicate_seat,2,s112201304070;s112201304062
W3,s112201304079,201304,二年3班,29,offline_enemy,8-4_1,26.0,26,ambiguous_duplicate_seat,2,s112201304081;s112201304071
W3,s112201304049,201304,二年1班,6,online_friend,8-1_0,2.0,2,ambiguous_duplicate_seat,2,s112201304031;s112201304027
W3,s112201304049,201304,二年1班,6,online_friend,8-1_3,1.0,1,ambiguous_duplicate_seat,2,s112201304025;s112201304026
W3,s112201304049,201304,二年1班,6,online_friend,8-1_4,7.0,7,ambiguous_duplicate_seat,2,s112201304034;s112201304053
W3,s112201304049,201304,二年1班,6,online_enemy,8-2_0,5.0,5,ambiguous_duplicate_seat,2,s112201304048;s112201304030
W3,s112201304049,201304,二年1班,6,offline_friend,8-3_0,2.0,2,ambiguous_duplicate_seat,2,s112201304031;s112201304027
W3,s112201304049,201304,二年1班,6,offline_enemy,8-4_0,5.0,5,ambiguous_duplicate_seat,2,s112201304048;s112201304030
W3,s112201304031,201304,二年1班,2,online_friend,8-1_0,6.0,6,ambiguous_duplicate_seat,2,s112201304049;s112201304032
W3,s112201304031,201304,二年1班,2,online_friend,8-1_2,5.0,5,ambiguous_duplicate_seat,2,s112201304048;s112201304030
W3,s112201304031,201304,二年1班,2,offline_friend,8-3_0,6.0,6,ambiguous_duplicate_seat,2,s112201304049;s112201304032
W3,s112201304073,201304,二年3班,27,online_friend,8-1_3,25.0,25,ambiguous_duplicate_seat,2,s112201304070;s112201304062
W3,s112343302064,343302,8.0,12,online_friend,8-1_0,9.0,9,ambiguous_duplicate_seat,2,s112343302061;s112343302032
W3,s112343302064,343302,8.0,12,online_friend,8-1_1,5.0,5,ambiguous_duplicate_seat,2,s112343302057;s112343302028
W3,s112343302064,343302,8.0,12,online_enemy,8-2_0,8.0,8,ambiguous_duplicate_seat,2,s112343302060;s112343302031
W3,s112343302064,343302,8.0,12,offline_friend,8-3_0,2.0,2,ambiguous_duplicate_seat,2,s112343302054;s112343302025
W3,s112343302064,343302,8.0,12,offline_friend,8-3_1,5.0,5,ambiguous_duplicate_seat,2,s112343302057;s112343302028
W3,s112343302064,343302,8.0,12,offline_friend,8-3_2,9.0,9,ambiguous_duplicate_seat,2,s112343302061;s112343302032
W3,s112343302064,343302,8.0,12,offline_friend,8-3_3,10.0,10,ambiguous_duplicate_seat,2,s112343302062;s112343302033
W3,s112343302064,343302,8.0,12,offline_enemy,8-4_0,8.0,8,ambiguous_duplicate_seat,2,s112343302060;s112343302031
W3,s112343302061,343302,8.0,9,online_friend,8-1_2,33.0,33,ambiguous_duplicate_seat,2,s112343302077;s112343302050
W3,s112343302061,343302,8.0,9,online_friend,8-1_4,22.0,22,ambiguous_duplicate_seat,2,s112343302067;s112343302039
W3,s112343302061,343302,8.0,9,online_enemy,8-2_0,3.0,3,ambiguous_duplicate_seat,2,s112343302055;s112343302026
W3,s112343302061,343302,8.0,9,online_enemy,8-2_1,8.0,8,ambiguous_duplicate_seat,2,s112343302060;s112343302031
W3,s112343302061,343302,8.0,9,offline_friend,8-3_1,33.0,33,ambiguous_duplicate_seat,2,s112343302077;s112343302050
W3,s112343302061,343302,8.0,9,offline_friend,8-3_2,11.0,11,ambiguous_duplicate_seat,2,s112343302063;s112343302034
W3,s112343302061,343302,8.0,9,offline_friend,8-3_3,22.0,22,ambiguous_duplicate_seat,2,s112343302067;s112343302039
W3,s112343302061,343302,8.0,9,offline_friend,8-3_4,12.0,12,ambiguous_duplicate_seat,2,s112343302064;s112343302035
W3,s112343302063,343302,8.0,11,online_friend,8-1_0,2.0,2,ambiguous_duplicate_seat,2,s112343302054;s112343302025
W3,s112343302063,343302,8.0,11,online_friend,8-1_1,4.0,4,ambiguous_duplicate_seat,2,s112343302056;s112343302027
W3,s112343302063,343302,8.0,11,online_friend,8-1_2,10.0,10,ambiguous_duplicate_seat,2,s112343302062;s112343302033
W3,s112343302063,343302,8.0,11,online_friend,8-1_3,5.0,5,ambiguous_duplicate_seat,2,s112343302057;s112343302028
W3,s112343302063,343302,8.0,11,offline_friend,8-3_0,5.0,5,ambiguous_duplicate_seat,2,s112343302057;s112343302028
W3,s112343302063,343302,8.0,11,offline_friend,8-3_1,2.0,2,ambiguous_duplicate_seat,2,s112343302054;s112343302025
W3,s112343302063,343302,8.0,11,offline_friend,8-3_2,4.0,4,ambiguous_duplicate_seat,2,s112343302056;s112343302027
W3,s112343302063,343302,8.0,11,offline_friend,8-3_3,10.0,10,ambiguous_duplicate_seat,2,s112343302062;s112343302033
W3,s112343302062,343302,8.0,10,online_friend,8-1_0,3.0,3,ambiguous_duplicate_seat,2,s112343302055;s112343302026
W3,s112343302062,343302,8.0,10,online_friend,8-1_1,4.0,4,ambiguous_duplicate_seat,2,s112343302056;s112343302027
W3,s112343302062,343302,8.0,10,online_friend,8-1_2,7.0,7,ambiguous_duplicate_seat,2,s112343302059;s112343302030
W3,s112343302062,343302,8.0,10,online_enemy,8-2_0,13.0,13,ambiguous_duplicate_seat,2,s112343302065;s112343302036
W3,s112343302062,343302,8.0,10,online_enemy,8-2_1,8.0,8,ambiguous_duplicate_seat,2,s112343302060;s112343302031
W3,s112343302062,343302,8.0,10,offline_friend,8-3_0,3.0,3,ambiguous_duplicate_seat,2,s112343302055;s112343302026
W3,s112343302062,343302,8.0,10,offline_friend,8-3_1,4.0,4,ambiguous_duplicate_seat,2,s112343302056;s112343302027
W3,s112343302062,343302,8.0,10,offline_friend,8-3_3,7.0,7,ambiguous_duplicate_seat,2,s112343302059;s112343302030
W3,s112343302062,343302,8.0,10,offline_friend,8-3_4,11.0,11,ambiguous_duplicate_seat,2,s112343302063;s112343302034
W3,s112343302062,343302,8.0,10,offline_enemy,8-4_0,8.0,8,ambiguous_duplicate_seat,2,s112343302060;s112343302031
W3,s112343302062,343302,8.0,10,offline_enemy,8-4_1,13.0,13,ambiguous_duplicate_seat,2,s112343302065;s112343302036
W3,s112343302065,343302,8.0,13,online_friend,8-1_0,3.0,3,ambiguous_duplicate_seat,2,s112343302055;s112343302026
W3,s112343302065,343302,8.0,13,online_enemy,8-2_0,8.0,8,ambiguous_duplicate_seat,2,s112343302060;s112343302031
W3,s112343302065,343302,8.0,13,offline_friend,8-3_0,3.0,3,ambiguous_duplicate_seat,2,s112343302055;s112343302026
W3,s112343302065,343302,8.0,13,offline_friend,8-3_1,4.0,4,ambiguous_duplicate_seat,2,s112343302056;s112343302027
W3,s112343302065,343302,8.0,13,offline_enemy,8-4_0,8.0,8,ambiguous_duplicate_seat,2,s112343302060;s112343302031
W3,s112343302065,343302,8.0,13,offline_enemy,8-4_1,30.0,30,ambiguous_duplicate_seat,2,s112343302074;s112343302047
W3,s112343302059,343302,8.0,7,online_friend,8-1_0,3.0,3,ambiguous_duplicate_seat,2,s112343302055;s112343302026
W3,s112343302059,343302,8.0,7,online_enemy,8-2_0,1.0,1,ambiguous_duplicate_seat,2,s112343302053;s112343302024
W3,s112343302059,343302,8.0,7,online_enemy,8-2_1,8.0,8,ambiguous_duplicate_seat,2,s112343302060;s112343302031
W3,s112343302059,343302,8.0,7,offline_friend,8-3_0,3.0,3,ambiguous_duplicate_seat,2,s112343302055;s112343302026
W3,s112343302059,343302,8.0,7,offline_enemy,8-4_0,8.0,8,ambiguous_duplicate_seat,2,s112343302060;s112343302031
W3,s112343302059,343302,8.0,7,offline_enemy,8-4_1,1.0,1,ambiguous_duplicate_seat,2,s112343302053;s112343302024
W3,s112343302060,343302,8.0,8,online_friend,8-1_0,1.0,1,ambiguous_duplicate_seat,2,s112343302053;s112343302024
W3,s112343302060,343302,8.0,8,online_friend,8-1_1,9.0,9,ambiguous_duplicate_seat,2,s112343302061;s112343302032
W3,s112343302060,343302,8.0,8,online_friend,8-1_2,4.0,4,ambiguous_duplicate_seat,2,s112343302056;s112343302027
W3,s112343302060,343302,8.0,8,online_enemy,8-2_0,10.0,10,ambiguous_duplicate_seat,2,s112343302062;s112343302033
W3,s112343302060,343302,8.0,8,online_enemy,8-2_1,13.0,13,ambiguous_duplicate_seat,2,s112343302065;s112343302036
W3,s112343302060,343302,8.0,8,online_enemy,8-2_2,7.0,7,ambiguous_duplicate_seat,2,s112343302059;s112343302030
W3,s112343302060,343302,8.0,8,online_enemy,8-2_3,3.0,3,ambiguous_duplicate_seat,2,s112343302055;s112343302026
W3,s112343302060,343302,8.0,8,offline_friend,8-3_0,1.0,1,ambiguous_duplicate_seat,2,s112343302053;s112343302024
W3,s112343302060,343302,8.0,8,offline_friend,8-3_1,11.0,11,ambiguous_duplicate_seat,2,s112343302063;s112343302034
W3,s112343302060,343302,8.0,8,offline_friend,8-3_2,9.0,9,ambiguous_duplicate_seat,2,s112343302061;s112343302032
W3,s112343302060,343302,8.0,8,offline_friend,8-3_3,4.0,4,ambiguous_duplicate_seat,2,s112343302056;s112343302027
W3,s112343302060,343302,8.0,8,offline_enemy,8-4_0,10.0,10,ambiguous_duplicate_seat,2,s112343302062;s112343302033
W3,s112343302060,343302,8.0,8,offline_enemy,8-4_1,13.0,13,ambiguous_duplicate_seat,2,s112343302065;s112343302036
W3,s112343302060,343302,8.0,8,offline_enemy,8-4_3,3.0,3,ambiguous_duplicate_seat,2,s112343302055;s112343302026
W3,s112343302060,343302,8.0,8,offline_enemy,8-4_4,7.0,7,ambiguous_duplicate_seat,2,s112343302059;s112343302030
W3,s112343302055,343302,8.0,3,online_friend,8-1_0,4.0,4,ambiguous_duplicate_seat,2,s112343302056;s112343302027
W3,s112343302055,343302,8.0,3,online_friend,8-1_1,7.0,7,ambiguous_duplicate_seat,2,s112343302059;s112343302030
W3,s112343302055,343302,8.0,3,online_friend,8-1_2,22.0,22,ambiguous_duplicate_seat,2,s112343302067;s112343302039
W3,s112343302055,343302,8.0,3,online_friend,8-1_3,25.0,25,ambiguous_duplicate_seat,2,s112343302070;s112343302042
W3,s112343302055,343302,8.0,3,offline_friend,8-3_0,4.0,4,ambiguous_duplicate_seat,2,s112343302056;s112343302027
W3,s112343302055,343302,8.0,3,offline_friend,8-3_1,7.0,7,ambiguous_duplicate_seat,2,s112343302059;s112343302030
W3,s112343302055,343302,8.0,3,offline_friend,8-3_2,22.0,22,ambiguous_duplicate_seat,2,s112343302067;s112343302039
W3,s112343302055,343302,8.0,3,offline_friend,8-3_3,25.0,25,ambiguous_duplicate_seat,2,s112343302070;s112343302042
W3,s112343302057,343302,8.0,5,online_friend,8-1_1,4.0,4,ambiguous_duplicate_seat,2,s112343302056;s112343302027
W3,s112343302057,343302,8.0,5,online_friend,8-1_2,9.0,9,ambiguous_duplicate_seat,2,s112343302061;s112343302032
W3,s112343302057,343302,8.0,5,online_friend,8-1_3,11.0,11,ambiguous_duplicate_seat,2,s112343302063;s112343302034
W3,s112343302057,343302,8.0,5,online_friend,8-1_4,12.0,12,ambiguous_duplicate_seat,2,s112343302064;s112343302035
W3,s112343302057,343302,8.0,5,offline_friend,8-3_1,4.0,4,ambiguous_duplicate_seat,2,s112343302056;s112343302027
W3,s112343302057,343302,8.0,5,offline_friend,8-3_2,9.0,9,ambiguous_duplicate_seat,2,s112343302061;s112343302032
W3,s112343302057,343302,8.0,5,offline_friend,8-3_3,11.0,11,ambiguous_duplicate_seat,2,s112343302063;s112343302034
W3,s112343302057,343302,8.0,5,offline_friend,8-3_4,12.0,12,ambiguous_duplicate_seat,2,s112343302064;s112343302035
W3,s112343302056,343302,8.0,4,online_friend,8-1_0,3.0,3,ambiguous_duplicate_seat,2,s112343302055;s112343302026
W3,s112343302056,343302,8.0,4,online_friend,8-1_1,5.0,5,ambiguous_duplicate_seat,2,s112343302057;s112343302028
W3,s112343302056,343302,8.0,4,online_friend,8-1_3,7.0,7,ambiguous_duplicate_seat,2,s112343302059;s112343302030
W3,s112343302056,343302,8.0,4,online_friend,8-1_4,9.0,9,ambiguous_duplicate_seat,2,s112343302061;s112343302032
W3,s112343302056,343302,8.0,4,online_enemy,8-2_0,30.0,30,ambiguous_duplicate_seat,2,s112343302074;s112343302047
W3,s112343302056,343302,8.0,4,offline_friend,8-3_0,3.0,3,ambiguous_duplicate_seat,2,s112343302055;s112343302026
W3,s112343302056,343302,8.0,4,offline_friend,8-3_1,5.0,5,ambiguous_duplicate_seat,2,s112343302057;s112343302028
W3,s112343302056,343302,8.0,4,offline_friend,8-3_3,7.0,7,ambiguous_duplicate_seat,2,s112343302059;s112343302030
W3,s112343302056,343302,8.0,4,offline_friend,8-3_4,11.0,11,ambiguous_duplicate_seat,2,s112343302063;s112343302034
W3,s112343302056,343302,8.0,4,offline_enemy,8-4_0,30.0,30,ambiguous_duplicate_seat,2,s112343302074;s112343302047
W3,s112343302054,343302,8.0,2,online_friend,8-1_0,4.0,4,ambiguous_duplicate_seat,2,s112343302056;s112343302027
W3,s112343302054,343302,8.0,2,offline_friend,8-3_0,11.0,11,ambiguous_duplicate_seat,2,s112343302063;s112343302034
W3,s112343302053,343302,8.0,1,online_friend,8-1_0,8.0,8,ambiguous_duplicate_seat,2,s112343302060;s112343302031
W3,s112343302053,343302,8.0,1,online_enemy,8-2_0,10.0,10,ambiguous_duplicate_seat,2,s112343302062;s112343302033
W3,s112343302053,343302,8.0,1,offline_friend,8-3_0,8.0,8,ambiguous_duplicate_seat,2,s112343302060;s112343302031
W3,s112343302053,343302,8.0,1,offline_enemy,8-4_0,13.0,13,ambiguous_duplicate_seat,2,s112343302065;s112343302036
W3,s112154513027,154513,八年一班,4,online_enemy,8-2_2,19.0,19,ambiguous_duplicate_seat,2,s112154513042;s112154513043
W3,s112154513027,154513,八年一班,4,offline_enemy,8-4_2,19.0,19,ambiguous_duplicate_seat,2,s112154513042;s112154513043
W3,s112154513029,154513,八年一班,6,online_enemy,8-2_3,19.0,19,ambiguous_duplicate_seat,2,s112154513042;s112154513043
W3,s112154513029,154513,八年一班,6,offline_enemy,8-4_1,19.0,19,ambiguous_duplicate_seat,2,s112154513042;s112154513043
W3,s112154513025,154513,八年一班,2,online_enemy,8-2_2,19.0,19,ambiguous_duplicate_seat,2,s112154513042;s112154513043
W3,s112154513025,154513,八年一班,2,offline_enemy,8-4_2,19.0,19,ambiguous_duplicate_seat,2,s112154513042;s112154513043
W3,s112154513026,154513,八年一班,3,offline_enemy,8-4_0,19.0,19,ambiguous_duplicate_seat,2,s112154513042;s112154513043
W3,s113154513003,154513,八年一班,11,online_enemy,8-2_0,19.0,19,ambiguous_duplicate_seat,2,s112154513042;s112154513043
W3,s113154513003,154513,八年一班,11,offline_enemy,8-4_2,19.0,19,ambiguous_duplicate_seat,2,s112154513042;s112154513043
W3,s112014514069,14514,814.0,1,online_friend,8-1_0,1.0,1,ambiguous_duplicate_seat,2,s112014514069;s112014514054
W3,s112014514069,14514,814.0,1,online_friend,8-1_1,1.0,1,ambiguous_duplicate_seat,2,s112014514069;s112014514054
W3,s112014514069,14514,814.0,1,online_friend,8-1_2,1.0,1,ambiguous_duplicate_seat,2,s112014514069;s112014514054
W3,s112014514069,14514,814.0,1,online_friend,8-1_3,1.0,1,ambiguous_duplicate_seat,2,s112014514069;s112014514054
W3,s112014514069,14514,814.0,1,online_friend,8-1_4,1.0,1,ambiguous_duplicate_seat,2,s112014514069;s112014514054
W3,s112014514069,14514,814.0,1,online_enemy,8-2_0,1.0,1,ambiguous_duplicate_seat,2,s112014514069;s112014514054
W3,s112014514069,14514,814.0,1,online_enemy,8-2_1,1.0,1,ambiguous_duplicate_seat,2,s112014514069;s112014514054
W3,s112014514069,14514,814.0,1,online_enemy,8-2_2,1.0,1,ambiguous_duplicate_seat,2,s112014514069;s112014514054
W3,s112014514069,14514,814.0,1,online_enemy,8-2_3,1.0,1,ambiguous_duplicate_seat,2,s112014514069;s112014514054
W3,s112014514069,14514,814.0,1,online_enemy,8-2_4,1.0,1,ambiguous_duplicate_seat,2,s112014514069;s112014514054
W3,s112014514069,14514,814.0,1,offline_friend,8-3_0,1.0,1,ambiguous_duplicate_seat,2,s112014514069;s112014514054
W3,s112014514069,14514,814.0,1,offline_friend,8-3_1,1.0,1,ambiguous_duplicate_seat,2,s112014514069;s112014514054
W3,s112014514069,14514,814.0,1,offline_friend,8-3_2,1.0,1,ambiguous_duplicate_seat,2,s112014514069;s112014514054
W3,s112014514069,14514,814.0,1,offline_friend,8-3_3,1.0,1,ambiguous_duplicate_seat,2,s112014514069;s112014514054
W3,s112014514069,14514,814.0,1,offline_friend,8-3_4,1.0,1,ambiguous_duplicate_seat,2,s112014514069;s112014514054
W3,s112014514069,14514,814.0,1,offline_enemy,8-4_0,1.0,1,ambiguous_duplicate_seat,2,s112014514069;s112014514054
W3,s112014514069,14514,814.0,1,offline_enemy,8-4_1,1.0,1,ambiguous_duplicate_seat,2,s112014514069;s112014514054
W3,s112014514069,14514,814.0,1,offline_enemy,8-4_3,1.0,1,ambiguous_duplicate_seat,2,s112014514069;s112014514054
W3,s112014514069,14514,814.0,1,offline_enemy,8-4_4,1.0,1,ambiguous_duplicate_seat,2,s112014514069;s112014514054
W3,s112014514056,14514,814.0,3,online_enemy,8-2_0,1.0,1,ambiguous_duplicate_seat,2,s112014514069;s112014514054
W3,s112014514056,14514,814.0,3,offline_enemy,8-4_0,1.0,1,ambiguous_duplicate_seat,2,s112014514069;s112014514054
W3,s112014514060,14514,814.0,7,online_enemy,8-2_1,1.0,1,ambiguous_duplicate_seat,2,s112014514069;s112014514054
W3,s112014514060,14514,814.0,7,offline_enemy,8-4_0,1.0,1,ambiguous_duplicate_seat,2,s112014514069;s112014514054
W3,s112074510080,74510,807.0,29,offline_enemy,8-4_4,12.0,12,ambiguous_duplicate_seat,2,s112074510064;s112074510063
W3,s112154506096,154506,815.0,23,offline_enemy,8-4_2,10.0,10,ambiguous_duplicate_seat,2,s112154506083;s112154506082
W3,s112154506098,154506,815.0,25,online_enemy,8-2_1,10.0,10,ambiguous_duplicate_seat,2,s112154506083;s112154506082
W3,s112154506098,154506,815.0,25,offline_enemy,8-4_1,10.0,10,ambiguous_duplicate_seat,2,s112154506083;s112154506082
W3,s112154506088,154506,815.0,15,online_enemy,8-2_2,10.0,10,ambiguous_duplicate_seat,2,s112154506083;s112154506082
W3,s112154506088,154506,815.0,15,offline_enemy,8-4_2,10.0,10,ambiguous_duplicate_seat,2,s112154506083;s112154506082
W3,s113154506003,154506,815.0,30,offline_enemy,8-4_1,10.0,10,ambiguous_duplicate_seat,2,s112154506083;s112154506082
W3,s112154506089,154506,815.0,16,online_enemy,8-2_0,10.0,10,ambiguous_duplicate_seat,2,s112154506083;s112154506082
W3,s112154506089,154506,815.0,16,offline_enemy,8-4_0,10.0,10,ambiguous_duplicate_seat,2,s112154506083;s112154506082
W3,s112154506090,154506,815.0,17,online_enemy,8-2_1,10.0,10,ambiguous_duplicate_seat,2,s112154506083;s112154506082
W3,s112154506090,154506,815.0,17,offline_enemy,8-4_1,10.0,10,ambiguous_duplicate_seat,2,s112154506083;s112154506082
W3,s112064521049,64521,8.0,11,online_friend,8-1_0,8.0,8,ambiguous_duplicate_seat,2,s112064521046;s112064521031
W3,s112064521049,64521,8.0,11,online_friend,8-1_1,10.0,10,ambiguous_duplicate_seat,2,s112064521048;s112064521033
W3,s112064521049,64521,8.0,11,offline_friend,8-3_0,8.0,8,ambiguous_duplicate_seat,2,s112064521046;s112064521031
W3,s112064521049,64521,8.0,11,offline_friend,8-3_1,10.0,10,ambiguous_duplicate_seat,2,s112064521048;s112064521033
W3,s112064521048,64521,8.0,10,online_friend,8-1_0,11.0,11,ambiguous_duplicate_seat,2,s112064521049;s112064521034
W3,s112064521048,64521,8.0,10,online_friend,8-1_1,8.0,8,ambiguous_duplicate_seat,2,s112064521046;s112064521031
W3,s112064521048,64521,8.0,10,online_friend,8-1_2,5.0,5,ambiguous_duplicate_seat,2,s112064521043;s112064521028
W3,s112064521048,64521,8.0,10,offline_friend,8-3_0,11.0,11,ambiguous_duplicate_seat,2,s112064521049;s112064521034
W3,s112064521048,64521,8.0,10,offline_friend,8-3_1,8.0,8,ambiguous_duplicate_seat,2,s112064521046;s112064521031
W3,s112064521035,64521,8.0,12,online_friend,8-1_0,10.0,10,ambiguous_duplicate_seat,2,s112064521048;s112064521033
W3,s112064521035,64521,8.0,12,online_friend,8-1_1,11.0,11,ambiguous_duplicate_seat,2,s112064521049;s112064521034
W3,s112064521035,64521,8.0,12,online_enemy,8-2_0,2.0,2,ambiguous_duplicate_seat,2,s112064521025;s112064521040
W3,s112064521035,64521,8.0,12,online_enemy,8-2_1,5.0,5,ambiguous_duplicate_seat,2,s112064521043;s112064521028
W3,s112064521035,64521,8.0,12,offline_friend,8-3_0,10.0,10,ambiguous_duplicate_seat,2,s112064521048;s112064521033
W3,s112064521035,64521,8.0,12,offline_friend,8-3_1,11.0,11,ambiguous_duplicate_seat,2,s112064521049;s112064521034
W3,s112064521035,64521,8.0,12,offline_enemy,8-4_0,2.0,2,ambiguous_duplicate_seat,2,s112064521025;s112064521040
W3,s112064521035,64521,8.0,12,offline_enemy,8-4_1,5.0,5,ambiguous_duplicate_seat,2,s112064521043;s112064521028
W3,s112064521033,64521,8.0,10,online_friend,8-1_0,11.0,11,ambiguous_duplicate_seat,2,s112064521049;s112064521034
W3,s112064521033,64521,8.0,10,online_friend,8-1_1,12.0,12,ambiguous_duplicate_seat,2,s112064521035;s112064521050
W3,s112064521033,64521,8.0,10,online_enemy,8-2_0,5.0,5,ambiguous_duplicate_seat,2,s112064521043;s112064521028
W3,s112064521033,64521,8.0,10,online_enemy,8-2_1,2.0,2,ambiguous_duplicate_seat,2,s112064521025;s112064521040
W3,s112064521033,64521,8.0,10,offline_friend,8-3_0,8.0,8,ambiguous_duplicate_seat,2,s112064521046;s112064521031
W3,s112064521033,64521,8.0,10,offline_friend,8-3_1,9.0,9,ambiguous_duplicate_seat,2,s112064521032;s112064521047
W3,s112064521033,64521,8.0,10,offline_friend,8-3_2,11.0,11,ambiguous_duplicate_seat,2,s112064521049;s112064521034
W3,s112064521033,64521,8.0,10,offline_friend,8-3_3,12.0,12,ambiguous_duplicate_seat,2,s112064521035;s112064521050
W3,s112064521033,64521,8.0,10,offline_enemy,8-4_0,5.0,5,ambiguous_duplicate_seat,2,s112064521043;s112064521028
W3,s112064521036,64521,8.0,13,online_friend,8-1_0,11.0,11,ambiguous_duplicate_seat,2,s112064521049;s112064521034
W3,s112064521036,64521,8.0,13,online_friend,8-1_1,10.0,10,ambiguous_duplicate_seat,2,s112064521048;s112064521033
W3,s112064521036,64521,8.0,13,online_friend,8-1_2,12.0,12,ambiguous_duplicate_seat,2,s112064521035;s112064521050
W3,s112064521036,64521,8.0,13,online_friend,8-1_3,9.0,9,ambiguous_duplicate_seat,2,s112064521032;s112064521047
W3,s112064521036,64521,8.0,13,online_friend,8-1_4,8.0,8,ambiguous_duplicate_seat,2,s112064521046;s112064521031
W3,s112064521036,64521,8.0,13,online_enemy,8-2_1,2.0,2,ambiguous_duplicate_seat,2,s112064521025;s112064521040
W3,s112064521036,64521,8.0,13,offline_friend,8-3_0,11.0,11,ambiguous_duplicate_seat,2,s112064521049;s112064521034
W3,s112064521036,64521,8.0,13,offline_friend,8-3_1,10.0,10,ambiguous_duplicate_seat,2,s112064521048;s112064521033
W3,s112064521036,64521,8.0,13,offline_friend,8-3_2,12.0,12,ambiguous_duplicate_seat,2,s112064521035;s112064521050
W3,s112064521036,64521,8.0,13,offline_friend,8-3_3,9.0,9,ambiguous_duplicate_seat,2,s112064521032;s112064521047
W3,s112064521036,64521,8.0,13,offline_friend,8-3_4,8.0,8,ambiguous_duplicate_seat,2,s112064521046;s112064521031
W3,s112064521032,64521,8.0,9,online_friend,8-1_1,10.0,10,ambiguous_duplicate_seat,2,s112064521048;s112064521033
W3,s112064521032,64521,8.0,9,online_friend,8-1_2,11.0,11,ambiguous_duplicate_seat,2,s112064521049;s112064521034
W3,s112064521032,64521,8.0,9,online_friend,8-1_3,12.0,12,ambiguous_duplicate_seat,2,s112064521035;s112064521050
W3,s112064521032,64521,8.0,9,online_enemy,8-2_0,2.0,2,ambiguous_duplicate_seat,2,s112064521025;s112064521040
W3,s112064521032,64521,8.0,9,online_enemy,8-2_3,5.0,5,ambiguous_duplicate_seat,2,s112064521043;s112064521028
W3,s112064521032,64521,8.0,9,offline_friend,8-3_0,10.0,10,ambiguous_duplicate_seat,2,s112064521048;s112064521033
W3,s112064521032,64521,8.0,9,offline_friend,8-3_1,11.0,11,ambiguous_duplicate_seat,2,s112064521049;s112064521034
W3,s112064521032,64521,8.0,9,offline_friend,8-3_2,12.0,12,ambiguous_duplicate_seat,2,s112064521035;s112064521050
W3,s112064521032,64521,8.0,9,offline_enemy,8-4_0,2.0,2,ambiguous_duplicate_seat,2,s112064521025;s112064521040
W3,s112064521032,64521,8.0,9,offline_enemy,8-4_2,5.0,5,ambiguous_duplicate_seat,2,s112064521043;s112064521028
W3,s112064521032,64521,8.0,9,offline_enemy,8-4_3,8.0,8,ambiguous_duplicate_seat,2,s112064521046;s112064521031
W3,s112064521046,64521,8.0,8,online_friend,8-1_0,11.0,11,ambiguous_duplicate_seat,2,s112064521049;s112064521034
W3,s112064521046,64521,8.0,8,offline_friend,8-3_0,11.0,11,ambiguous_duplicate_seat,2,s112064521049;s112064521034
W3,s112064521046,64521,8.0,8,offline_friend,8-3_1,10.0,10,ambiguous_duplicate_seat,2,s112064521048;s112064521033
W3,s112064521034,64521,8.0,11,online_friend,8-1_0,10.0,10,ambiguous_duplicate_seat,2,s112064521048;s112064521033
W3,s112064521034,64521,8.0,11,online_friend,8-1_2,12.0,12,ambiguous_duplicate_seat,2,s112064521035;s112064521050
W3,s112064521034,64521,8.0,11,online_enemy,8-2_0,2.0,2,ambiguous_duplicate_seat,2,s112064521025;s112064521040
W3,s112064521034,64521,8.0,11,online_enemy,8-2_1,5.0,5,ambiguous_duplicate_seat,2,s112064521043;s112064521028
W3,s112064521034,64521,8.0,11,offline_friend,8-3_0,10.0,10,ambiguous_duplicate_seat,2,s112064521048;s112064521033
W3,s112064521034,64521,8.0,11,offline_friend,8-3_1,12.0,12,ambiguous_duplicate_seat,2,s112064521035;s112064521050
W3,s112064521034,64521,8.0,11,offline_enemy,8-4_0,2.0,2,ambiguous_duplicate_seat,2,s112064521025;s112064521040
W3,s112064521034,64521,8.0,11,offline_enemy,8-4_1,5.0,5,ambiguous_duplicate_seat,2,s112064521043;s112064521028
W3,s112064521047,64521,8.0,9,online_friend,8-1_0,12.0,12,ambiguous_duplicate_seat,2,s112064521035;s112064521050
W3,s112064521047,64521,8.0,9,online_enemy,8-2_0,4.0,4,ambiguous_duplicate_seat,2,s112064521042;s112064521027
W3,s112064521047,64521,8.0,9,online_enemy,8-2_3,8.0,8,ambiguous_duplicate_seat,2,s112064521046;s112064521031
W3,s112064521047,64521,8.0,9,offline_friend,8-3_0,12.0,12,ambiguous_duplicate_seat,2,s112064521035;s112064521050
W3,s112064521047,64521,8.0,9,offline_enemy,8-4_0,4.0,4,ambiguous_duplicate_seat,2,s112064521042;s112064521027
W3,s112064521047,64521,8.0,9,offline_enemy,8-4_3,8.0,8,ambiguous_duplicate_seat,2,s112064521046;s112064521031
W3,s112064521031,64521,8.0,8,online_friend,8-1_1,9.0,9,ambiguous_duplicate_seat,2,s112064521032;s112064521047
W3,s112064521031,64521,8.0,8,online_friend,8-1_2,10.0,10,ambiguous_duplicate_seat,2,s112064521048;s112064521033
W3,s112064521031,64521,8.0,8,online_friend,8-1_3,11.0,11,ambiguous_duplicate_seat,2,s112064521049;s112064521034
W3,s112064521031,64521,8.0,8,online_enemy,8-2_0,2.0,2,ambiguous_duplicate_seat,2,s112064521025;s112064521040
W3,s112064521031,64521,8.0,8,online_enemy,8-2_2,5.0,5,ambiguous_duplicate_seat,2,s112064521043;s112064521028
W3,s112064521031,64521,8.0,8,offline_friend,8-3_1,9.0,9,ambiguous_duplicate_seat,2,s112064521032;s112064521047
W3,s112064521031,64521,8.0,8,offline_friend,8-3_2,7.0,7,ambiguous_duplicate_seat,2,s112064521030;s112064521045
W3,s112064521031,64521,8.0,8,offline_friend,8-3_3,10.0,10,ambiguous_duplicate_seat,2,s112064521048;s112064521033
W3,s112064521031,64521,8.0,8,offline_enemy,8-4_0,2.0,2,ambiguous_duplicate_seat,2,s112064521025;s112064521040
W3,s112064521031,64521,8.0,8,offline_enemy,8-4_2,5.0,5,ambiguous_duplicate_seat,2,s112064521043;s112064521028
W3,s112064521050,64521,8.0,12,online_friend,8-1_0,9.0,9,ambiguous_duplicate_seat,2,s112064521032;s112064521047
W3,s112064521050,64521,8.0,12,online_friend,8-1_3,4.0,4,ambiguous_duplicate_seat,2,s112064521042;s112064521027
W3,s112064521050,64521,8.0,12,online_friend,8-1_4,7.0,7,ambiguous_duplicate_seat,2,s112064521030;s112064521045
W3,s112064521050,64521,8.0,12,online_enemy,8-2_0,8.0,8,ambiguous_duplicate_seat,2,s112064521046;s112064521031
W3,s112064521050,64521,8.0,12,offline_friend,8-3_0,9.0,9,ambiguous_duplicate_seat,2,s112064521032;s112064521047
W3,s112064521050,64521,8.0,12,offline_enemy,8-4_0,8.0,8,ambiguous_duplicate_seat,2,s112064521046;s112064521031
W3,s112343302035,343302,8.0,12,online_friend,8-1_0,4.0,4,ambiguous_duplicate_seat,2,s112343302056;s112343302027
W3,s112343302035,343302,8.0,12,online_friend,8-1_1,10.0,10,ambiguous_duplicate_seat,2,s112343302062;s112343302033
W3,s112343302035,343302,8.0,12,online_friend,8-1_3,3.0,3,ambiguous_duplicate_seat,2,s112343302055;s112343302026
W3,s112343302035,343302,8.0,12,online_friend,8-1_4,1.0,1,ambiguous_duplicate_seat,2,s112343302053;s112343302024
W3,s112343302035,343302,8.0,12,offline_friend,8-3_0,4.0,4,ambiguous_duplicate_seat,2,s112343302056;s112343302027
W3,s112343302035,343302,8.0,12,offline_friend,8-3_1,10.0,10,ambiguous_duplicate_seat,2,s112343302062;s112343302033
W3,s112343302035,343302,8.0,12,offline_friend,8-3_2,12.0,12,ambiguous_duplicate_seat,2,s112343302064;s112343302035
W3,s112343302035,343302,8.0,12,offline_friend,8-3_4,3.0,3,ambiguous_duplicate_seat,2,s112343302055;s112343302026
W3,s112343302037,343302,8.0,14,online_friend,8-1_0,3.0,3,ambiguous_duplicate_seat,2,s112343302055;s112343302026
W3,s112343302037,343302,8.0,14,online_friend,8-1_2,7.0,7,ambiguous_duplicate_seat,2,s112343302059;s112343302030
W3,s112343302037,343302,8.0,14,online_friend,8-1_3,9.0,9,ambiguous_duplicate_seat,2,s112343302061;s112343302032
W3,s112343302037,343302,8.0,14,online_friend,8-1_4,10.0,10,ambiguous_duplicate_seat,2,s112343302062;s112343302033
W3,s112343302037,343302,8.0,14,offline_friend,8-3_0,3.0,3,ambiguous_duplicate_seat,2,s112343302055;s112343302026
W3,s112343302037,343302,8.0,14,offline_friend,8-3_1,7.0,7,ambiguous_duplicate_seat,2,s112343302059;s112343302030
W3,s112343302037,343302,8.0,14,offline_friend,8-3_2,9.0,9,ambiguous_duplicate_seat,2,s112343302061;s112343302032
W3,s112343302034,343302,8.0,11,online_friend,8-1_0,11.0,11,ambiguous_duplicate_seat,2,s112343302063;s112343302034
W3,s112343302034,343302,8.0,11,online_friend,8-1_1,11.0,11,ambiguous_duplicate_seat,2,s112343302063;s112343302034
W3,s112343302034,343302,8.0,11,online_friend,8-1_2,11.0,11,ambiguous_duplicate_seat,2,s112343302063;s112343302034
W3,s112343302034,343302,8.0,11,online_friend,8-1_3,11.0,11,ambiguous_duplicate_seat,2,s112343302063;s112343302034
W3,s112343302034,343302,8.0,11,online_friend,8-1_4,11.0,11,ambiguous_duplicate_seat,2,s112343302063;s112343302034
W3,s112343302034,343302,8.0,11,online_enemy,8-2_0,8.0,8,ambiguous_duplicate_seat,2,s112343302060;s112343302031
W3,s112343302034,343302,8.0,11,online_enemy,8-2_1,5.0,5,ambiguous_duplicate_seat,2,s112343302057;s112343302028
W3,s112343302034,343302,8.0,11,online_enemy,8-2_3,25.0,25,ambiguous_duplicate_seat,2,s112343302070;s112343302042
W3,s112343302034,343302,8.0,11,online_enemy,8-2_4,33.0,33,ambiguous_duplicate_seat,2,s112343302077;s112343302050
W3,s112343302034,343302,8.0,11,offline_friend,8-3_0,11.0,11,ambiguous_duplicate_seat,2,s112343302063;s112343302034
W3,s112343302034,343302,8.0,11,offline_friend,8-3_1,2.0,2,ambiguous_duplicate_seat,2,s112343302054;s112343302025
W3,s112343302034,343302,8.0,11,offline_friend,8-3_2,3.0,3,ambiguous_duplicate_seat,2,s112343302055;s112343302026
W3,s112343302034,343302,8.0,11,offline_friend,8-3_3,7.0,7,ambiguous_duplicate_seat,2,s112343302059;s112343302030
W3,s112343302034,343302,8.0,11,offline_friend,8-3_4,13.0,13,ambiguous_duplicate_seat,2,s112343302065;s112343302036
W3,s112343302034,343302,8.0,11,offline_enemy,8-4_0,8.0,8,ambiguous_duplicate_seat,2,s112343302060;s112343302031
W3,s112343302034,343302,8.0,11,offline_enemy,8-4_1,5.0,5,ambiguous_duplicate_seat,2,s112343302057;s112343302028
W3,s112343302034,343302,8.0,11,offline_enemy,8-4_3,25.0,25,ambiguous_duplicate_seat,2,s112343302070;s112343302042
W3,s112343302034,343302,8.0,11,offline_enemy,8-4_4,33.0,33,ambiguous_duplicate_seat,2,s112343302077;s112343302050
W3,s112343302024,343302,8.0,1,online_friend,8-1_0,1.0,1,ambiguous_duplicate_seat,2,s112343302053;s112343302024
W3,s112343302024,343302,8.0,1,online_enemy,8-2_0,1.0,1,ambiguous_duplicate_seat,2,s112343302053;s112343302024
W3,s112343302024,343302,8.0,1,offline_friend,8-3_0,1.0,1,ambiguous_duplicate_seat,2,s112343302053;s112343302024
W3,s112343302024,343302,8.0,1,offline_enemy,8-4_0,1.0,1,ambiguous_duplicate_seat,2,s112343302053;s112343302024
W3,s112343302027,343302,8.0,4,online_friend,8-1_0,10.0,10,ambiguous_duplicate_seat,2,s112343302062;s112343302033
W3,s112343302027,343302,8.0,4,online_enemy,8-2_0,33.0,33,ambiguous_duplicate_seat,2,s112343302077;s112343302050
W3,s112343302027,343302,8.0,4,offline_friend,8-3_0,10.0,10,ambiguous_duplicate_seat,2,s112343302062;s112343302033
W3,s112343302027,343302,8.0,4,offline_friend,8-3_1,12.0,12,ambiguous_duplicate_seat,2,s112343302064;s112343302035
W3,s112343302027,343302,8.0,4,offline_friend,8-3_2,7.0,7,ambiguous_duplicate_seat,2,s112343302059;s112343302030
W3,s112343302027,343302,8.0,4,offline_friend,8-3_3,5.0,5,ambiguous_duplicate_seat,2,s112343302057;s112343302028
W3,s112343302027,343302,8.0,4,offline_enemy,8-4_0,33.0,33,ambiguous_duplicate_seat,2,s112343302077;s112343302050
W3,s112343302027,343302,8.0,4,offline_enemy,8-4_1,8.0,8,ambiguous_duplicate_seat,2,s112343302060;s112343302031
W3,s112343302032,343302,8.0,9,online_friend,8-1_0,1.0,1,ambiguous_duplicate_seat,2,s112343302053;s112343302024
W3,s112343302032,343302,8.0,9,online_friend,8-1_1,10.0,10,ambiguous_duplicate_seat,2,s112343302062;s112343302033
W3,s112343302032,343302,8.0,9,online_friend,8-1_2,33.0,33,ambiguous_duplicate_seat,2,s112343302077;s112343302050
W3,s112343302032,343302,8.0,9,online_enemy,8-2_0,1.0,1,ambiguous_duplicate_seat,2,s112343302053;s112343302024
W3,s112343302032,343302,8.0,9,online_enemy,8-2_1,10.0,10,ambiguous_duplicate_seat,2,s112343302062;s112343302033
W3,s112343302032,343302,8.0,9,online_enemy,8-2_2,33.0,33,ambiguous_duplicate_seat,2,s112343302077;s112343302050
W3,s112343302032,343302,8.0,9,offline_friend,8-3_0,5.0,5,ambiguous_duplicate_seat,2,s112343302057;s112343302028
W3,s112343302032,343302,8.0,9,offline_friend,8-3_2,3.0,3,ambiguous_duplicate_seat,2,s112343302055;s112343302026
W3,s112343302032,343302,8.0,9,offline_friend,8-3_3,7.0,7,ambiguous_duplicate_seat,2,s112343302059;s112343302030
W3,s112343302032,343302,8.0,9,offline_enemy,8-4_0,1.0,1,ambiguous_duplicate_seat,2,s112343302053;s112343302024
W3,s112343302032,343302,8.0,9,offline_enemy,8-4_1,10.0,10,ambiguous_duplicate_seat,2,s112343302062;s112343302033
W3,s112343302032,343302,8.0,9,offline_enemy,8-4_2,33.0,33,ambiguous_duplicate_seat,2,s112343302077;s112343302050
W3,s112343302031,343302,8.0,8,online_friend,8-1_0,4.0,4,ambiguous_duplicate_seat,2,s112343302056;s112343302027
W3,s112343302031,343302,8.0,8,online_friend,8-1_1,9.0,9,ambiguous_duplicate_seat,2,s112343302061;s112343302032
W3,s112343302031,343302,8.0,8,online_friend,8-1_2,10.0,10,ambiguous_duplicate_seat,2,s112343302062;s112343302033
W3,s112343302031,343302,8.0,8,online_enemy,8-2_0,11.0,11,ambiguous_duplicate_seat,2,s112343302063;s112343302034
W3,s112343302031,343302,8.0,8,online_enemy,8-2_1,13.0,13,ambiguous_duplicate_seat,2,s112343302065;s112343302036
W3,s112343302031,343302,8.0,8,offline_friend,8-3_0,4.0,4,ambiguous_duplicate_seat,2,s112343302056;s112343302027
W3,s112343302031,343302,8.0,8,offline_friend,8-3_1,9.0,9,ambiguous_duplicate_seat,2,s112343302061;s112343302032
W3,s112343302031,343302,8.0,8,offline_friend,8-3_2,10.0,10,ambiguous_duplicate_seat,2,s112343302062;s112343302033
W3,s112343302031,343302,8.0,8,offline_enemy,8-4_0,11.0,11,ambiguous_duplicate_seat,2,s112343302063;s112343302034
W3,s112343302031,343302,8.0,8,offline_enemy,8-4_1,13.0,13,ambiguous_duplicate_seat,2,s112343302065;s112343302036
W3,s112343302026,343302,8.0,3,online_friend,8-1_1,7.0,7,ambiguous_duplicate_seat,2,s112343302059;s112343302030
W3,s112343302026,343302,8.0,3,online_friend,8-1_2,9.0,9,ambiguous_duplicate_seat,2,s112343302061;s112343302032
W3,s112343302026,343302,8.0,3,online_enemy,8-2_0,5.0,5,ambiguous_duplicate_seat,2,s112343302057;s112343302028
W3,s112343302026,343302,8.0,3,offline_friend,8-3_1,7.0,7,ambiguous_duplicate_seat,2,s112343302059;s112343302030
W3,s112343302026,343302,8.0,3,offline_friend,8-3_2,9.0,9,ambiguous_duplicate_seat,2,s112343302061;s112343302032
W3,s112343302026,343302,8.0,3,offline_enemy,8-4_0,5.0,5,ambiguous_duplicate_seat,2,s112343302057;s112343302028
W3,s112343302028,343302,8.0,5,online_friend,8-1_1,9.0,9,ambiguous_duplicate_seat,2,s112343302061;s112343302032
W3,s112343302028,343302,8.0,5,online_friend,8-1_2,25.0,25,ambiguous_duplicate_seat,2,s112343302070;s112343302042
W3,s112343302028,343302,8.0,5,online_enemy,8-2_0,33.0,33,ambiguous_duplicate_seat,2,s112343302077;s112343302050
W3,s112343302028,343302,8.0,5,offline_friend,8-3_1,4.0,4,ambiguous_duplicate_seat,2,s112343302056;s112343302027
W3,s112343302028,343302,8.0,5,offline_friend,8-3_2,9.0,9,ambiguous_duplicate_seat,2,s112343302061;s112343302032
W3,s112343302028,343302,8.0,5,offline_friend,8-3_3,25.0,25,ambiguous_duplicate_seat,2,s112343302070;s112343302042
W3,s112343302028,343302,8.0,5,offline_friend,8-3_4,31.0,31,ambiguous_duplicate_seat,2,s112343302075;s112343302048
W3,s112343302028,343302,8.0,5,offline_enemy,8-4_0,33.0,33,ambiguous_duplicate_seat,2,s112343302077;s112343302050
W3,s112343302028,343302,8.0,5,offline_enemy,8-4_1,1.0,1,ambiguous_duplicate_seat,2,s112343302053;s112343302024
W3,s112343302028,343302,8.0,5,offline_enemy,8-4_2,8.0,8,ambiguous_duplicate_seat,2,s112343302060;s112343302031
W3,s112343302025,343302,8.0,2,online_friend,8-1_0,1.0,1,ambiguous_duplicate_seat,2,s112343302053;s112343302024
W3,s112343302025,343302,8.0,2,online_friend,8-1_1,3.0,3,ambiguous_duplicate_seat,2,s112343302055;s112343302026
W3,s112343302025,343302,8.0,2,online_friend,8-1_2,11.0,11,ambiguous_duplicate_seat,2,s112343302063;s112343302034
W3,s112343302025,343302,8.0,2,online_friend,8-1_3,13.0,13,ambiguous_duplicate_seat,2,s112343302065;s112343302036
W3,s112343302025,343302,8.0,2,online_enemy,8-2_0,8.0,8,ambiguous_duplicate_seat,2,s112343302060;s112343302031
W3,s112343302025,343302,8.0,2,online_enemy,8-2_1,10.0,10,ambiguous_duplicate_seat,2,s112343302062;s112343302033
W3,s112343302025,343302,8.0,2,offline_friend,8-3_0,1.0,1,ambiguous_duplicate_seat,2,s112343302053;s112343302024
W3,s112343302025,343302,8.0,2,offline_friend,8-3_1,3.0,3,ambiguous_duplicate_seat,2,s112343302055;s112343302026
W3,s112343302025,343302,8.0,2,offline_friend,8-3_2,11.0,11,ambiguous_duplicate_seat,2,s112343302063;s112343302034
W3,s112343302025,343302,8.0,2,offline_friend,8-3_3,13.0,13,ambiguous_duplicate_seat,2,s112343302065;s112343302036
W3,s112343302025,343302,8.0,2,offline_enemy,8-4_0,8.0,8,ambiguous_duplicate_seat,2,s112343302060;s112343302031
W3,s112343302025,343302,8.0,2,offline_enemy,8-4_1,10.0,10,ambiguous_duplicate_seat,2,s112343302062;s112343302033
W3,s112343302030,343302,8.0,7,online_friend,8-1_0,3.0,3,ambiguous_duplicate_seat,2,s112343302055;s112343302026
W3,s112343302030,343302,8.0,7,online_friend,8-1_2,4.0,4,ambiguous_duplicate_seat,2,s112343302056;s112343302027
W3,s112343302030,343302,8.0,7,online_enemy,8-2_0,8.0,8,ambiguous_duplicate_seat,2,s112343302060;s112343302031
W3,s112343302030,343302,8.0,7,offline_friend,8-3_0,3.0,3,ambiguous_duplicate_seat,2,s112343302055;s112343302026
W3,s112343302030,343302,8.0,7,offline_enemy,8-4_0,8.0,8,ambiguous_duplicate_seat,2,s112343302060;s112343302031
W3,s112343302036,343302,8.0,13,online_friend,8-1_0,2.0,2,ambiguous_duplicate_seat,2,s112343302054;s112343302025
W3,s112343302036,343302,8.0,13,offline_friend,8-3_0,2.0,2,ambiguous_duplicate_seat,2,s112343302054;s112343302025
W3,s112343302036,343302,8.0,13,offline_friend,8-3_1,11.0,11,ambiguous_duplicate_seat,2,s112343302063;s112343302034
W3,s112011306057,11306,108.0,30,online_friend,8-1_2,17.0,17,ambiguous_duplicate_seat,2,s112011306044;s112011306045
W3,s112011306057,11306,108.0,30,offline_friend,8-3_2,17.0,17,ambiguous_duplicate_seat,2,s112011306044;s112011306045
W3,s112011306054,11306,108.0,27,online_friend,8-1_2,30.0,30,ambiguous_duplicate_seat,2,s112011306057;s112011306051
W3,s112011306054,11306,108.0,27,offline_friend,8-3_2,30.0,30,ambiguous_duplicate_seat,2,s112011306057;s112011306051
W3,s112011306054,11306,108.0,27,offline_friend,8-3_3,17.0,17,ambiguous_duplicate_seat,2,s112011306044;s112011306045
W3,s112011306043,11306,108.0,16,online_friend,8-1_0,30.0,30,ambiguous_duplicate_seat,2,s112011306057;s112011306051
W3,s112011306043,11306,108.0,16,online_friend,8-1_2,17.0,17,ambiguous_duplicate_seat,2,s112011306044;s112011306045
W3,s112011306043,11306,108.0,16,offline_friend,8-3_2,17.0,17,ambiguous_duplicate_seat,2,s112011306044;s112011306045
W3,s112011306044,11306,108.0,17,offline_friend,8-3_4,30.0,30,ambiguous_duplicate_seat,2,s112011306057;s112011306051
W3,s112011306053,11306,108.0,26,online_friend,8-1_0,17.0,17,ambiguous_duplicate_seat,2,s112011306044;s112011306045
W3,s112011306053,11306,108.0,26,online_friend,8-1_2,30.0,30,ambiguous_duplicate_seat,2,s112011306057;s112011306051
W3,s112011306053,11306,108.0,26,offline_friend,8-3_0,17.0,17,ambiguous_duplicate_seat,2,s112011306044;s112011306045
W3,s112011306053,11306,108.0,26,offline_friend,8-3_2,30.0,30,ambiguous_duplicate_seat,2,s112011306057;s112011306051
W3,s112201310096,201310,國二4,28,online_enemy,8-2_4,9.0,9,ambiguous_duplicate_seat,2,s112201310081;s112201310077
W3,s112333505031,333505,8.0,9,offline_friend,8-3_0,6.0,6,ambiguous_duplicate_seat,2,s112333505059;s112333505029
W3,s112333505031,333505,8.0,9,offline_friend,8-3_1,10.0,10,ambiguous_duplicate_seat,2,s112333505063;s112333505032
W3,s112011306023,11306,108.0,2,online_friend,8-1_3,17.0,17,ambiguous_duplicate_seat,2,s112011306044;s112011306045
W3,s112011306023,11306,108.0,2,offline_friend,8-3_2,17.0,17,ambiguous_duplicate_seat,2,s112011306044;s112011306045
W3,s112071311104,71311,812.0,32,online_friend,8-1_4,41.0,41,ambiguous_duplicate_seat,2,s112071311120;s112071311093
W3,s112011324059,11324,國二忠,38,online_friend,8-1_0,32.0,32,ambiguous_duplicate_seat,2,s112011324051;s112011324054
W3,s112011324059,11324,國二忠,38,offline_friend,8-3_0,32.0,32,ambiguous_duplicate_seat,2,s112011324051;s112011324054
W3,s112333505029,333505,8.0,6,online_friend,8-1_2,10.0,10,ambiguous_duplicate_seat,2,s112333505063;s112333505032
W3,s112333505029,333505,8.0,6,offline_friend,8-3_3,10.0,10,ambiguous_duplicate_seat,2,s112333505063;s112333505032
W3,s112011306056,11306,108.0,34,online_enemy,8-2_4,2.0,2,ambiguous_duplicate_seat,2,s112011306023;s112011306027
W3,s112333505032,333505,8.0,10,online_friend,8-1_3,6.0,6,ambiguous_duplicate_seat,2,s112333505059;s112333505029
W3,s112011306055,11306,108.0,28,online_enemy,8-2_0,2.0,2,ambiguous_duplicate_seat,2,s112011306023;s112011306027
W3,s112011306055,11306,108.0,28,offline_enemy,8-4_0,2.0,2,ambiguous_duplicate_seat,2,s112011306023;s112011306027
W3,s112011306042,11306,108.0,20,online_friend,8-1_0,17.0,17,ambiguous_duplicate_seat,2,s112011306044;s112011306045
W3,s112011306042,11306,108.0,20,offline_friend,8-3_0,17.0,17,ambiguous_duplicate_seat,2,s112011306044;s112011306045
W3,s112213501082,213501,819.0,27,online_friend,8-1_3,26.0,26,ambiguous_duplicate_seat,2,s112213501081;s112213501080
W3,s112213501082,213501,819.0,27,offline_friend,8-3_3,26.0,26,ambiguous_duplicate_seat,2,s112213501081;s112213501080
W3,s112333505062,333505,8.0,9,offline_friend,8-3_1,10.0,10,ambiguous_duplicate_seat,2,s112333505063;s112333505032
W3,s112011306027,11306,108.0,2,offline_enemy,8-4_4,30.0,30,ambiguous_duplicate_seat,2,s112011306057;s112011306051
W3,s112064523033,64523,八年三班,9,online_friend,8-1_2,19.0,19,ambiguous_duplicate_seat,2,s112064523041;s112064523039
W3,s112064523033,64523,八年三班,9,offline_friend,8-3_2,19.0,19,ambiguous_duplicate_seat,2,s112064523041;s112064523039
W3,s112213509030,213509,2.0,7,online_friend,8-1_3,6.0,6,ambiguous_duplicate_seat,2,s112213509059;s112213509029
W3,s112343302033,343302,8.0,10,online_friend,8-1_0,4.0,4,ambiguous_duplicate_seat,2,s112343302056;s112343302027
W3,s112343302033,343302,8.0,10,online_friend,8-1_2,30.0,30,ambiguous_duplicate_seat,2,s112343302074;s112343302047
W3,s112343302033,343302,8.0,10,online_friend,8-1_3,3.0,3,ambiguous_duplicate_seat,2,s112343302055;s112343302026
W3,s112343302033,343302,8.0,10,online_friend,8-1_4,12.0,12,ambiguous_duplicate_seat,2,s112343302064;s112343302035
W3,s112343302033,343302,8.0,10,online_enemy,8-2_0,5.0,5,ambiguous_duplicate_seat,2,s112343302057;s112343302028
W3,s112343302033,343302,8.0,10,online_enemy,8-2_2,9.0,9,ambiguous_duplicate_seat,2,s112343302061;s112343302032
W3,s112343302033,343302,8.0,10,online_enemy,8-2_3,33.0,33,ambiguous_duplicate_seat,2,s112343302077;s112343302050
W3,s112343302033,343302,8.0,10,online_enemy,8-2_4,2.0,2,ambiguous_duplicate_seat,2,s112343302054;s112343302025
W3,s112343302033,343302,8.0,10,offline_friend,8-3_0,4.0,4,ambiguous_duplicate_seat,2,s112343302056;s112343302027
W3,s112343302033,343302,8.0,10,offline_friend,8-3_1,12.0,12,ambiguous_duplicate_seat,2,s112343302064;s112343302035
W3,s112343302033,343302,8.0,10,offline_friend,8-3_2,3.0,3,ambiguous_duplicate_seat,2,s112343302055;s112343302026
W3,s112343302033,343302,8.0,10,offline_friend,8-3_3,1.0,1,ambiguous_duplicate_seat,2,s112343302053;s112343302024
W3,s112343302033,343302,8.0,10,offline_friend,8-3_4,30.0,30,ambiguous_duplicate_seat,2,s112343302074;s112343302047
W3,s112343302033,343302,8.0,10,offline_enemy,8-4_0,5.0,5,ambiguous_duplicate_seat,2,s112343302057;s112343302028
W3,s112343302033,343302,8.0,10,offline_enemy,8-4_2,9.0,9,ambiguous_duplicate_seat,2,s112343302061;s112343302032
W3,s112343302033,343302,8.0,10,offline_enemy,8-4_3,2.0,2,ambiguous_duplicate_seat,2,s112343302054;s112343302025
W3,s112343302033,343302,8.0,10,offline_enemy,8-4_4,33.0,33,ambiguous_duplicate_seat,2,s112343302077;s112343302050
W3,s112201304024,201304,二年3班,27,online_friend,8-1_4,27.0,27,ambiguous_duplicate_seat,3,s112201304085;s112201304073;s112201304024
W3,s112124515039,124515,803.0,16,online_friend,8-1_1,23.0,23,ambiguous_duplicate_seat,2,s112124515046;s112124515048
W3,s112124515039,124515,803.0,16,offline_friend,8-3_1,23.0,23,ambiguous_duplicate_seat,2,s112124515046;s112124515048
W3,s112124515043,124515,803.0,20,online_friend,8-1_2,23.0,23,ambiguous_duplicate_seat,2,s112124515046;s112124515048
W3,s112124515043,124515,803.0,20,offline_friend,8-3_2,23.0,23,ambiguous_duplicate_seat,2,s112124515046;s112124515048
W3,s112124515042,124515,803.0,19,online_enemy,8-2_4,23.0,23,ambiguous_duplicate_seat,2,s112124515046;s112124515048
W3,s112124515042,124515,803.0,19,offline_enemy,8-4_3,23.0,23,ambiguous_duplicate_seat,2,s112124515046;s112124515048
W3,s112061315045,61315,201.0,20,online_friend,8-1_0,25.0,25,ambiguous_duplicate_seat,2,s112061315051;s112061315050
W3,s112061315045,61315,201.0,20,offline_friend,8-3_0,25.0,25,ambiguous_duplicate_seat,2,s112061315051;s112061315050
W3,s112124515048,124515,803.0,23,online_friend,8-1_4,23.0,23,ambiguous_duplicate_seat,2,s112124515046;s112124515048
W3,s112124515048,124515,803.0,23,offline_friend,8-3_2,23.0,23,ambiguous_duplicate_seat,2,s112124515046;s112124515048
W3,s112061315051,61315,201.0,25,online_friend,8-1_0,19.0,19,ambiguous_duplicate_seat,2,s112061315043;s112061315044
W3,s112061315051,61315,201.0,25,offline_friend,8-3_1,19.0,19,ambiguous_duplicate_seat,2,s112061315043;s112061315044
W3,s112124515065,124515,810.0,14,online_friend,8-1_4,20.0,20,ambiguous_duplicate_seat,2,s112124515071;s112124515076
W3,s112124515065,124515,810.0,14,offline_enemy,8-4_4,20.0,20,ambiguous_duplicate_seat,2,s112124515071;s112124515076
W3,s112061315059,61315,201.0,33,online_friend,8-1_1,25.0,25,ambiguous_duplicate_seat,2,s112061315051;s112061315050
W3,s112061315059,61315,201.0,33,offline_friend,8-3_1,25.0,25,ambiguous_duplicate_seat,2,s112061315051;s112061315050
W3,s112061315048,61315,201.0,24,online_friend,8-1_1,25.0,25,ambiguous_duplicate_seat,2,s112061315051;s112061315050
W3,s112061315048,61315,201.0,24,offline_friend,8-3_1,25.0,25,ambiguous_duplicate_seat,2,s112061315051;s112061315050
W3,s112124515075,124515,810.0,24,online_friend,8-1_1,20.0,20,ambiguous_duplicate_seat,2,s112124515071;s112124515076
W3,s112124515075,124515,810.0,24,offline_friend,8-3_1,20.0,20,ambiguous_duplicate_seat,2,s112124515071;s112124515076
W3,s112124515072,124515,810.0,21,online_friend,8-1_3,20.0,20,ambiguous_duplicate_seat,2,s112124515071;s112124515076
W3,s112124515073,124515,810.0,22,online_friend,8-1_1,20.0,20,ambiguous_duplicate_seat,2,s112124515071;s112124515076
W3,s112124515073,124515,810.0,22,offline_friend,8-3_2,20.0,20,ambiguous_duplicate_seat,2,s112124515071;s112124515076
W3,s112061315041,61315,201.0,17,online_friend,8-1_1,25.0,25,ambiguous_duplicate_seat,2,s112061315051;s112061315050
W3,s112061315041,61315,201.0,17,offline_friend,8-3_1,25.0,25,ambiguous_duplicate_seat,2,s112061315051;s112061315050
W3,s112061315053,61315,201.0,28,online_friend,8-1_4,25.0,25,ambiguous_duplicate_seat,2,s112061315051;s112061315050
W3,s112061315053,61315,201.0,28,online_enemy,8-2_2,19.0,19,ambiguous_duplicate_seat,2,s112061315043;s112061315044
W3,s112061315053,61315,201.0,28,offline_friend,8-3_3,25.0,25,ambiguous_duplicate_seat,2,s112061315051;s112061315050
W3,s112061315053,61315,201.0,28,offline_enemy,8-4_4,19.0,19,ambiguous_duplicate_seat,2,s112061315043;s112061315044
W3,s112061315047,61315,201.0,23,online_friend,8-1_0,12.0,12,ambiguous_duplicate_seat,2,s112061315036;s112061315035
W3,s112061315047,61315,201.0,23,offline_friend,8-3_0,12.0,12,ambiguous_duplicate_seat,2,s112061315036;s112061315035
W3,s112061315087,61315,204.0,17,online_friend,8-1_4,24.0,24,ambiguous_duplicate_seat,2,s112061315083;s112061315094
W3,s112061315099,61315,204.0,28,online_friend,8-1_1,24.0,24,ambiguous_duplicate_seat,2,s112061315083;s112061315094
W3,s112061315099,61315,204.0,28,offline_enemy,8-4_3,24.0,24,ambiguous_duplicate_seat,2,s112061315083;s112061315094
W3,s112061315100,61315,204.0,29,online_friend,8-1_3,24.0,24,ambiguous_duplicate_seat,2,s112061315083;s112061315094
W3,s112061315100,61315,204.0,29,offline_friend,8-3_4,24.0,24,ambiguous_duplicate_seat,2,s112061315083;s112061315094
W3,s112061315098,61315,204.0,27,online_friend,8-1_1,24.0,24,ambiguous_duplicate_seat,2,s112061315083;s112061315094
W3,s112061315098,61315,204.0,27,offline_friend,8-3_4,24.0,24,ambiguous_duplicate_seat,2,s112061315083;s112061315094
W3,s112413302055,413302,806.0,4,online_friend,8-1_0,24.0,24,ambiguous_duplicate_seat,2,s112413302067;s112413302066
W3,s112413302055,413302,806.0,4,offline_friend,8-3_0,24.0,24,ambiguous_duplicate_seat,2,s112413302067;s112413302066
W3,s112413302057,413302,806.0,6,online_friend,8-1_1,24.0,24,ambiguous_duplicate_seat,2,s112413302067;s112413302066
W3,s112413302057,413302,806.0,6,offline_friend,8-3_2,24.0,24,ambiguous_duplicate_seat,2,s112413302067;s112413302066
W3,s112191311035,191311,國二5,1,online_friend,8-1_0,1.0,1,ambiguous_duplicate_seat,2,s112191311035;s112191311024
W3,s112191311035,191311,國二5,1,online_friend,8-1_1,1.0,1,ambiguous_duplicate_seat,2,s112191311035;s112191311024
W3,s112191311035,191311,國二5,1,online_friend,8-1_2,1.0,1,ambiguous_duplicate_seat,2,s112191311035;s112191311024
W3,s112191311035,191311,國二5,1,online_friend,8-1_3,1.0,1,ambiguous_duplicate_seat,2,s112191311035;s112191311024
W3,s112191311035,191311,國二5,1,online_friend,8-1_4,1.0,1,ambiguous_duplicate_seat,2,s112191311035;s112191311024
W3,s112191311035,191311,國二5,1,online_enemy,8-2_0,1.0,1,ambiguous_duplicate_seat,2,s112191311035;s112191311024
W3,s112191311035,191311,國二5,1,online_enemy,8-2_1,1.0,1,ambiguous_duplicate_seat,2,s112191311035;s112191311024
W3,s112191311035,191311,國二5,1,online_enemy,8-2_2,1.0,1,ambiguous_duplicate_seat,2,s112191311035;s112191311024
W3,s112191311035,191311,國二5,1,online_enemy,8-2_3,1.0,1,ambiguous_duplicate_seat,2,s112191311035;s112191311024
W3,s112191311035,191311,國二5,1,online_enemy,8-2_4,1.0,1,ambiguous_duplicate_seat,2,s112191311035;s112191311024
W3,s112191311035,191311,國二5,1,offline_friend,8-3_0,1.0,1,ambiguous_duplicate_seat,2,s112191311035;s112191311024
W3,s112191311035,191311,國二5,1,offline_friend,8-3_1,1.0,1,ambiguous_duplicate_seat,2,s112191311035;s112191311024
W3,s112191311035,191311,國二5,1,offline_friend,8-3_2,1.0,1,ambiguous_duplicate_seat,2,s112191311035;s112191311024
W3,s112191311035,191311,國二5,1,offline_friend,8-3_3,1.0,1,ambiguous_duplicate_seat,2,s112191311035;s112191311024
W3,s112191311035,191311,國二5,1,offline_friend,8-3_4,1.0,1,ambiguous_duplicate_seat,2,s112191311035;s112191311024
W3,s112191311035,191311,國二5,1,offline_enemy,8-4_0,1.0,1,ambiguous_duplicate_seat,2,s112191311035;s112191311024
W3,s112191311035,191311,國二5,1,offline_enemy,8-4_1,1.0,1,ambiguous_duplicate_seat,2,s112191311035;s112191311024
W3,s112191311035,191311,國二5,1,offline_enemy,8-4_2,1.0,1,ambiguous_duplicate_seat,2,s112191311035;s112191311024
W3,s112191311035,191311,國二5,1,offline_enemy,8-4_3,1.0,1,ambiguous_duplicate_seat,2,s112191311035;s112191311024
W3,s112191311040,191311,國二5,17,online_enemy,8-2_0,1.0,1,ambiguous_duplicate_seat,2,s112191311035;s112191311024
W3,s112191311026,191311,國二5,3,online_friend,8-1_0,1.0,1,ambiguous_duplicate_seat,2,s112191311035;s112191311024
W3,s112191311026,191311,國二5,3,offline_friend,8-3_0,1.0,1,ambiguous_duplicate_seat,2,s112191311035;s112191311024
W3,s112191311032,191311,國二5,9,offline_friend,8-3_2,1.0,1,ambiguous_duplicate_seat,2,s112191311035;s112191311024
W3,s112114523066,114523,8.0,13,online_enemy,8-2_0,8.0,8,ambiguous_duplicate_seat,2,s112114523031;s112114523061
W3,s112114523066,114523,8.0,13,offline_enemy,8-4_0,8.0,8,ambiguous_duplicate_seat,2,s112114523031;s112114523061
W3,s112114523063,114523,8.0,10,online_friend,8-1_0,9.0,9,ambiguous_duplicate_seat,2,s112114523032;s112114523062
W3,s112114523063,114523,8.0,10,online_friend,8-1_2,24.0,24,ambiguous_duplicate_seat,2,s112114523047;s112114523076
W3,s112114523063,114523,8.0,10,online_friend,8-1_3,26.0,26,ambiguous_duplicate_seat,2,s112114523049;s112114523078
W3,s112114523063,114523,8.0,10,online_friend,8-1_4,27.0,27,ambiguous_duplicate_seat,2,s112114523050;s112114523079
W3,s112114523063,114523,8.0,10,offline_friend,8-3_0,9.0,9,ambiguous_duplicate_seat,2,s112114523032;s112114523062
W3,s112114523063,114523,8.0,10,offline_friend,8-3_2,24.0,24,ambiguous_duplicate_seat,2,s112114523047;s112114523076
W3,s112114523063,114523,8.0,10,offline_friend,8-3_3,26.0,26,ambiguous_duplicate_seat,2,s112114523049;s112114523078
W3,s112114523063,114523,8.0,10,offline_friend,8-3_4,27.0,27,ambiguous_duplicate_seat,2,s112114523050;s112114523079
W3,s112114523030,114523,8.0,7,online_friend,8-1_0,8.0,8,ambiguous_duplicate_seat,2,s112114523031;s112114523061
W3,s112114523030,114523,8.0,7,online_enemy,8-2_0,9.0,9,ambiguous_duplicate_seat,2,s112114523032;s112114523062
W3,s112114523030,114523,8.0,7,offline_friend,8-3_1,8.0,8,ambiguous_duplicate_seat,2,s112114523031;s112114523061
W3,s112114523030,114523,8.0,7,offline_enemy,8-4_1,9.0,9,ambiguous_duplicate_seat,2,s112114523032;s112114523062
W3,s112114523030,114523,8.0,7,offline_enemy,8-4_2,20.0,20,ambiguous_duplicate_seat,2,s112114523073;s112114523043
W3,s112114523060,114523,8.0,7,online_friend,8-1_3,8.0,8,ambiguous_duplicate_seat,2,s112114523031;s112114523061
W3,s112114523062,114523,8.0,9,online_friend,8-1_2,24.0,24,ambiguous_duplicate_seat,2,s112114523047;s112114523076
W3,s112114523062,114523,8.0,9,online_friend,8-1_3,26.0,26,ambiguous_duplicate_seat,2,s112114523049;s112114523078
W3,s112114523062,114523,8.0,9,online_friend,8-1_4,27.0,27,ambiguous_duplicate_seat,2,s112114523050;s112114523079
W3,s112114523062,114523,8.0,9,online_enemy,8-2_3,5.0,5,ambiguous_duplicate_seat,2,s112114523028;s112114523058
W3,s112114523062,114523,8.0,9,offline_friend,8-3_2,24.0,24,ambiguous_duplicate_seat,2,s112114523047;s112114523076
W3,s112114523062,114523,8.0,9,offline_friend,8-3_3,26.0,26,ambiguous_duplicate_seat,2,s112114523049;s112114523078
W3,s112114523062,114523,8.0,9,offline_friend,8-3_4,27.0,27,ambiguous_duplicate_seat,2,s112114523050;s112114523079
W3,s112114523062,114523,8.0,9,offline_enemy,8-4_3,5.0,5,ambiguous_duplicate_seat,2,s112114523028;s112114523058
W3,s112114523031,114523,8.0,8,online_friend,8-1_0,7.0,7,ambiguous_duplicate_seat,2,s112114523030;s112114523060
W3,s112114523031,114523,8.0,8,online_friend,8-1_1,19.0,19,ambiguous_duplicate_seat,2,s112114523042;s112114523072
W3,s112114523031,114523,8.0,8,offline_friend,8-3_0,7.0,7,ambiguous_duplicate_seat,2,s112114523030;s112114523060
W3,s112114523031,114523,8.0,8,offline_friend,8-3_2,19.0,19,ambiguous_duplicate_seat,2,s112114523042;s112114523072
W3,s112114523028,114523,8.0,5,online_friend,8-1_2,16.0,16,ambiguous_duplicate_seat,2,s112114523069;s112114523039
W3,s112114523029,114523,8.0,6,online_friend,8-1_1,7.0,7,ambiguous_duplicate_seat,2,s112114523030;s112114523060
W3,s112114523029,114523,8.0,6,online_friend,8-1_2,8.0,8,ambiguous_duplicate_seat,2,s112114523031;s112114523061
W3,s112114523029,114523,8.0,6,online_enemy,8-2_0,9.0,9,ambiguous_duplicate_seat,2,s112114523032;s112114523062
W3,s112114523029,114523,8.0,6,offline_friend,8-3_2,7.0,7,ambiguous_duplicate_seat,2,s112114523030;s112114523060
W3,s112114523029,114523,8.0,6,offline_friend,8-3_3,8.0,8,ambiguous_duplicate_seat,2,s112114523031;s112114523061
W3,s112114523029,114523,8.0,6,offline_enemy,8-4_0,9.0,9,ambiguous_duplicate_seat,2,s112114523032;s112114523062
W3,s112114523061,114523,8.0,8,online_friend,8-1_1,7.0,7,ambiguous_duplicate_seat,2,s112114523030;s112114523060
W3,s112114523061,114523,8.0,8,offline_friend,8-3_2,7.0,7,ambiguous_duplicate_seat,2,s112114523030;s112114523060
W3,s113114523003,114523,8.0,31,online_friend,8-1_0,8.0,8,ambiguous_duplicate_seat,2,s112114523031;s112114523061
W3,s113114523003,114523,8.0,31,online_enemy,8-2_0,26.0,26,ambiguous_duplicate_seat,2,s112114523049;s112114523078
W3,s113114523003,114523,8.0,31,online_enemy,8-2_1,27.0,27,ambiguous_duplicate_seat,2,s112114523050;s112114523079
W3,s113114523003,114523,8.0,31,online_enemy,8-2_2,24.0,24,ambiguous_duplicate_seat,2,s112114523047;s112114523076
W3,s113114523003,114523,8.0,31,online_enemy,8-2_4,9.0,9,ambiguous_duplicate_seat,2,s112114523032;s112114523062
W3,s113114523003,114523,8.0,31,offline_friend,8-3_0,8.0,8,ambiguous_duplicate_seat,2,s112114523031;s112114523061
W3,s113114523003,114523,8.0,31,offline_enemy,8-4_0,24.0,24,ambiguous_duplicate_seat,2,s112114523047;s112114523076
W3,s113114523003,114523,8.0,31,offline_enemy,8-4_1,26.0,26,ambiguous_duplicate_seat,2,s112114523049;s112114523078
W3,s113114523003,114523,8.0,31,offline_enemy,8-4_2,27.0,27,ambiguous_duplicate_seat,2,s112114523050;s112114523079
W3,s113114523003,114523,8.0,31,offline_enemy,8-4_4,9.0,9,ambiguous_duplicate_seat,2,s112114523032;s112114523062
W3,s112114523027,114523,8.0,4,online_friend,8-1_2,27.0,27,ambiguous_duplicate_seat,2,s112114523050;s112114523079
W3,s112114523027,114523,8.0,4,offline_friend,8-3_2,27.0,27,ambiguous_duplicate_seat,2,s112114523050;s112114523079
W3,s112114523027,114523,8.0,4,offline_enemy,8-4_2,20.0,20,ambiguous_duplicate_seat,2,s112114523073;s112114523043
W3,s112114523034,114523,8.0,11,online_friend,8-1_0,9.0,9,ambiguous_duplicate_seat,2,s112114523032;s112114523062
W3,s112114523034,114523,8.0,11,online_enemy,8-2_1,26.0,26,ambiguous_duplicate_seat,2,s112114523049;s112114523078
W3,s112114523034,114523,8.0,11,offline_friend,8-3_1,9.0,9,ambiguous_duplicate_seat,2,s112114523032;s112114523062
W3,s112114523034,114523,8.0,11,offline_friend,8-3_2,5.0,5,ambiguous_duplicate_seat,2,s112114523028;s112114523058
W3,s112114523034,114523,8.0,11,offline_enemy,8-4_1,26.0,26,ambiguous_duplicate_seat,2,s112114523049;s112114523078
W3,s112114523025,114523,8.0,2,online_friend,8-1_2,27.0,27,ambiguous_duplicate_seat,2,s112114523050;s112114523079
W3,s112114523025,114523,8.0,2,offline_friend,8-3_1,8.0,8,ambiguous_duplicate_seat,2,s112114523031;s112114523061
W3,s112114523025,114523,8.0,2,offline_enemy,8-4_3,24.0,24,ambiguous_duplicate_seat,2,s112114523047;s112114523076
W3,s112551301085,551301,國中203,21,online_enemy,8-2_0,21.0,21,ambiguous_duplicate_seat,3,s112551301085;s112551301081;s112551301086
W3,s112551301085,551301,國中203,21,offline_enemy,8-4_0,21.0,21,ambiguous_duplicate_seat,3,s112551301085;s112551301081;s112551301086
W3,s112551301085,551301,國中203,21,offline_enemy,8-4_1,21.0,21,ambiguous_duplicate_seat,3,s112551301085;s112551301081;s112551301086
W3,s112551301085,551301,國中203,21,offline_enemy,8-4_3,21.0,21,ambiguous_duplicate_seat,3,s112551301085;s112551301081;s112551301086
W3,s112551301077,551301,國中203,17,online_friend,8-1_4,21.0,21,ambiguous_duplicate_seat,3,s112551301085;s112551301081;s112551301086
W3,s112551301081,551301,國中203,21,online_enemy,8-2_2,10.0,10,ambiguous_duplicate_seat,2,s112551301069;s112551301070
W3,s112551301090,551301,國中203,33,offline_friend,8-3_0,21.0,21,ambiguous_duplicate_seat,3,s112551301085;s112551301081;s112551301086
W3,s112551301090,551301,國中203,33,offline_friend,8-3_1,21.0,21,ambiguous_duplicate_seat,3,s112551301085;s112551301081;s112551301086
W3,s112551301090,551301,國中203,33,offline_friend,8-3_2,21.0,21,ambiguous_duplicate_seat,3,s112551301085;s112551301081;s112551301086
W3,s112551301090,551301,國中203,33,offline_friend,8-3_3,21.0,21,ambiguous_duplicate_seat,3,s112551301085;s112551301081;s112551301086
W3,s112551301090,551301,國中203,33,offline_friend,8-3_4,21.0,21,ambiguous_duplicate_seat,3,s112551301085;s112551301081;s112551301086
W3,s112183510058,183510,820.0,6,online_friend,8-1_1,6.0,6,ambiguous_duplicate_seat,2,s112183510058;s112183510059
W3,s112183510058,183510,820.0,6,online_friend,8-1_2,6.0,6,ambiguous_duplicate_seat,2,s112183510058;s112183510059
W3,s112183510058,183510,820.0,6,online_friend,8-1_3,6.0,6,ambiguous_duplicate_seat,2,s112183510058;s112183510059
W3,s112183510058,183510,820.0,6,online_friend,8-1_4,6.0,6,ambiguous_duplicate_seat,2,s112183510058;s112183510059
W3,s112183510058,183510,820.0,6,online_enemy,8-2_0,6.0,6,ambiguous_duplicate_seat,2,s112183510058;s112183510059
W3,s112183510058,183510,820.0,6,online_enemy,8-2_1,6.0,6,ambiguous_duplicate_seat,2,s112183510058;s112183510059
W3,s112183510058,183510,820.0,6,online_enemy,8-2_2,6.0,6,ambiguous_duplicate_seat,2,s112183510058;s112183510059
W3,s112183510058,183510,820.0,6,online_enemy,8-2_3,6.0,6,ambiguous_duplicate_seat,2,s112183510058;s112183510059
W3,s112183510058,183510,820.0,6,online_enemy,8-2_4,6.0,6,ambiguous_duplicate_seat,2,s112183510058;s112183510059
W3,s112183510058,183510,820.0,6,offline_friend,8-3_0,6.0,6,ambiguous_duplicate_seat,2,s112183510058;s112183510059
W3,s112183510058,183510,820.0,6,offline_friend,8-3_1,6.0,6,ambiguous_duplicate_seat,2,s112183510058;s112183510059
W3,s112183510058,183510,820.0,6,offline_friend,8-3_2,6.0,6,ambiguous_duplicate_seat,2,s112183510058;s112183510059
W3,s112183510058,183510,820.0,6,offline_friend,8-3_3,6.0,6,ambiguous_duplicate_seat,2,s112183510058;s112183510059
W3,s112183510058,183510,820.0,6,offline_friend,8-3_4,6.0,6,ambiguous_duplicate_seat,2,s112183510058;s112183510059
W3,s112183510058,183510,820.0,6,offline_enemy,8-4_0,6.0,6,ambiguous_duplicate_seat,2,s112183510058;s112183510059
W3,s112183510058,183510,820.0,6,offline_enemy,8-4_1,6.0,6,ambiguous_duplicate_seat,2,s112183510058;s112183510059
W3,s112183510058,183510,820.0,6,offline_enemy,8-4_2,6.0,6,ambiguous_duplicate_seat,2,s112183510058;s112183510059
W3,s112183510058,183510,820.0,6,offline_enemy,8-4_3,6.0,6,ambiguous_duplicate_seat,2,s112183510058;s112183510059
W3,s112183510058,183510,820.0,6,offline_enemy,8-4_4,6.0,6,ambiguous_duplicate_seat,2,s112183510058;s112183510059
W3,s112183510056,183510,820.0,3,online_friend,8-1_4,6.0,6,ambiguous_duplicate_seat,2,s112183510058;s112183510059
W3,s112183510062,183510,820.0,9,offline_friend,8-3_0,6.0,6,ambiguous_duplicate_seat,2,s112183510058;s112183510059
W3,s112183510067,183510,820.0,14,online_friend,8-1_2,6.0,6,ambiguous_duplicate_seat,2,s112183510058;s112183510059
W3,s112084503038,84503,8.0,15,online_friend,8-1_0,1.0,1,ambiguous_duplicate_seat,2,s112084503024;s112084503056
W3,s112084503038,84503,8.0,15,online_friend,8-1_1,3.0,3,ambiguous_duplicate_seat,2,s112084503026;s112084503058
W3,s112084503038,84503,8.0,15,online_friend,8-1_3,9.0,9,ambiguous_duplicate_seat,2,s112084503032;s112084503064
W3,s112084503038,84503,8.0,15,online_enemy,8-2_0,17.0,17,ambiguous_duplicate_seat,2,s112084503071;s113084503003
W3,s112084503038,84503,8.0,15,online_enemy,8-2_1,17.0,17,ambiguous_duplicate_seat,2,s112084503071;s113084503003
W3,s112084503038,84503,8.0,15,online_enemy,8-2_2,17.0,17,ambiguous_duplicate_seat,2,s112084503071;s113084503003
W3,s112084503038,84503,8.0,15,online_enemy,8-2_3,17.0,17,ambiguous_duplicate_seat,2,s112084503071;s113084503003
W3,s112084503038,84503,8.0,15,online_enemy,8-2_4,17.0,17,ambiguous_duplicate_seat,2,s112084503071;s113084503003
W3,s112084503038,84503,8.0,15,offline_friend,8-3_0,3.0,3,ambiguous_duplicate_seat,2,s112084503026;s112084503058
W3,s112084503038,84503,8.0,15,offline_friend,8-3_2,4.0,4,ambiguous_duplicate_seat,2,s112084503027;s112084503059
W3,s112084503038,84503,8.0,15,offline_friend,8-3_3,9.0,9,ambiguous_duplicate_seat,2,s112084503032;s112084503064
W3,s112084503038,84503,8.0,15,offline_enemy,8-4_0,17.0,17,ambiguous_duplicate_seat,2,s112084503071;s113084503003
W3,s112084503038,84503,8.0,15,offline_enemy,8-4_3,7.0,7,ambiguous_duplicate_seat,2,s112084503030;s112084503062
W3,s112084503038,84503,8.0,15,offline_enemy,8-4_4,11.0,11,ambiguous_duplicate_seat,2,s112084503034;s112084503066
W3,s112084503052,84503,8.0,16,online_friend,8-1_0,1.0,1,ambiguous_duplicate_seat,2,s112084503024;s112084503056
W3,s112084503052,84503,8.0,16,online_friend,8-1_1,3.0,3,ambiguous_duplicate_seat,2,s112084503026;s112084503058
W3,s112084503052,84503,8.0,16,online_friend,8-1_2,25.0,25,ambiguous_duplicate_seat,3,s112084503047;s112084503079;s112084503080
W3,s112084503052,84503,8.0,16,online_friend,8-1_4,15.0,15,ambiguous_duplicate_seat,2,s112084503038;s112084503070
W3,s112084503052,84503,8.0,16,online_enemy,8-2_0,17.0,17,ambiguous_duplicate_seat,2,s112084503071;s113084503003
W3,s112084503052,84503,8.0,16,online_enemy,8-2_1,17.0,17,ambiguous_duplicate_seat,2,s112084503071;s113084503003
W3,s112084503052,84503,8.0,16,online_enemy,8-2_2,17.0,17,ambiguous_duplicate_seat,2,s112084503071;s113084503003
W3,s112084503052,84503,8.0,16,online_enemy,8-2_3,17.0,17,ambiguous_duplicate_seat,2,s112084503071;s113084503003
W3,s112084503052,84503,8.0,16,online_enemy,8-2_4,17.0,17,ambiguous_duplicate_seat,2,s112084503071;s113084503003
W3,s112084503052,84503,8.0,16,offline_friend,8-3_0,1.0,1,ambiguous_duplicate_seat,2,s112084503024;s112084503056
W3,s112084503052,84503,8.0,16,offline_friend,8-3_1,3.0,3,ambiguous_duplicate_seat,2,s112084503026;s112084503058
W3,s112084503052,84503,8.0,16,offline_friend,8-3_2,4.0,4,ambiguous_duplicate_seat,2,s112084503027;s112084503059
W3,s112084503052,84503,8.0,16,offline_friend,8-3_4,9.0,9,ambiguous_duplicate_seat,2,s112084503032;s112084503064
W3,s112084503052,84503,8.0,16,offline_enemy,8-4_0,17.0,17,ambiguous_duplicate_seat,2,s112084503071;s113084503003
W3,s112084503052,84503,8.0,16,offline_enemy,8-4_1,17.0,17,ambiguous_duplicate_seat,2,s112084503071;s113084503003
W3,s112084503052,84503,8.0,16,offline_enemy,8-4_2,17.0,17,ambiguous_duplicate_seat,2,s112084503071;s113084503003
W3,s112084503052,84503,8.0,16,offline_enemy,8-4_3,17.0,17,ambiguous_duplicate_seat,2,s112084503071;s113084503003
W3,s112084503052,84503,8.0,16,offline_enemy,8-4_4,17.0,17,ambiguous_duplicate_seat,2,s112084503071;s113084503003
W3,s112084503032,84503,8.0,9,online_friend,8-1_1,3.0,3,ambiguous_duplicate_seat,2,s112084503026;s112084503058
W3,s112084503032,84503,8.0,9,online_friend,8-1_3,4.0,4,ambiguous_duplicate_seat,2,s112084503027;s112084503059
W3,s112084503032,84503,8.0,9,online_friend,8-1_4,1.0,1,ambiguous_duplicate_seat,2,s112084503024;s112084503056
W3,s112084503032,84503,8.0,9,online_enemy,8-2_3,11.0,11,ambiguous_duplicate_seat,2,s112084503034;s112084503066
W3,s112084503032,84503,8.0,9,online_enemy,8-2_4,17.0,17,ambiguous_duplicate_seat,2,s112084503071;s113084503003
W3,s112084503032,84503,8.0,9,offline_friend,8-3_1,3.0,3,ambiguous_duplicate_seat,2,s112084503026;s112084503058
W3,s112084503032,84503,8.0,9,offline_friend,8-3_3,4.0,4,ambiguous_duplicate_seat,2,s112084503027;s112084503059
W3,s112084503032,84503,8.0,9,offline_friend,8-3_4,15.0,15,ambiguous_duplicate_seat,2,s112084503038;s112084503070
W3,s112084503032,84503,8.0,9,offline_enemy,8-4_2,11.0,11,ambiguous_duplicate_seat,2,s112084503034;s112084503066
W3,s112084503032,84503,8.0,9,offline_enemy,8-4_4,17.0,17,ambiguous_duplicate_seat,2,s112084503071;s113084503003
W3,s112084503026,84503,8.0,3,online_friend,8-1_0,4.0,4,ambiguous_duplicate_seat,2,s112084503027;s112084503059
W3,s112084503026,84503,8.0,3,online_friend,8-1_2,9.0,9,ambiguous_duplicate_seat,2,s112084503032;s112084503064
W3,s112084503026,84503,8.0,3,online_friend,8-1_3,15.0,15,ambiguous_duplicate_seat,2,s112084503038;s112084503070
W3,s112084503026,84503,8.0,3,online_enemy,8-2_0,17.0,17,ambiguous_duplicate_seat,2,s112084503071;s113084503003
W3,s112084503026,84503,8.0,3,offline_friend,8-3_0,4.0,4,ambiguous_duplicate_seat,2,s112084503027;s112084503059
W3,s112084503026,84503,8.0,3,offline_friend,8-3_2,9.0,9,ambiguous_duplicate_seat,2,s112084503032;s112084503064
W3,s112084503026,84503,8.0,3,offline_friend,8-3_3,15.0,15,ambiguous_duplicate_seat,2,s112084503038;s112084503070
W3,s112084503026,84503,8.0,3,offline_enemy,8-4_0,17.0,17,ambiguous_duplicate_seat,2,s112084503071;s113084503003
W3,s112084503031,84503,8.0,8,online_friend,8-1_0,2.0,2,ambiguous_duplicate_seat,2,s112084503025;s112084503057
W3,s112084503031,84503,8.0,8,online_friend,8-1_2,7.0,7,ambiguous_duplicate_seat,2,s112084503030;s112084503062
W3,s112084503031,84503,8.0,8,online_friend,8-1_3,6.0,6,ambiguous_duplicate_seat,2,s112084503029;s112084503061
W3,s112084503031,84503,8.0,8,online_enemy,8-2_0,17.0,17,ambiguous_duplicate_seat,2,s112084503071;s113084503003
W3,s112084503031,84503,8.0,8,online_enemy,8-2_1,17.0,17,ambiguous_duplicate_seat,2,s112084503071;s113084503003
W3,s112084503031,84503,8.0,8,online_enemy,8-2_2,17.0,17,ambiguous_duplicate_seat,2,s112084503071;s113084503003
W3,s112084503031,84503,8.0,8,online_enemy,8-2_3,17.0,17,ambiguous_duplicate_seat,2,s112084503071;s113084503003
W3,s112084503031,84503,8.0,8,online_enemy,8-2_4,17.0,17,ambiguous_duplicate_seat,2,s112084503071;s113084503003
W3,s112084503031,84503,8.0,8,offline_friend,8-3_0,2.0,2,ambiguous_duplicate_seat,2,s112084503025;s112084503057
W3,s112084503031,84503,8.0,8,offline_friend,8-3_2,7.0,7,ambiguous_duplicate_seat,2,s112084503030;s112084503062
W3,s112084503031,84503,8.0,8,offline_friend,8-3_3,6.0,6,ambiguous_duplicate_seat,2,s112084503029;s112084503061
W3,s112084503031,84503,8.0,8,offline_enemy,8-4_0,17.0,17,ambiguous_duplicate_seat,2,s112084503071;s113084503003
W3,s112084503031,84503,8.0,8,offline_enemy,8-4_1,17.0,17,ambiguous_duplicate_seat,2,s112084503071;s113084503003
W3,s112084503031,84503,8.0,8,offline_enemy,8-4_2,17.0,17,ambiguous_duplicate_seat,2,s112084503071;s113084503003
W3,s112084503031,84503,8.0,8,offline_enemy,8-4_3,17.0,17,ambiguous_duplicate_seat,2,s112084503071;s113084503003
W3,s112084503031,84503,8.0,8,offline_enemy,8-4_4,17.0,17,ambiguous_duplicate_seat,2,s112084503071;s113084503003
W3,s112084503029,84503,8.0,6,online_friend,8-1_0,15.0,15,ambiguous_duplicate_seat,2,s112084503038;s112084503070
W3,s112084503029,84503,8.0,6,online_friend,8-1_1,7.0,7,ambiguous_duplicate_seat,2,s112084503030;s112084503062
W3,s112084503029,84503,8.0,6,online_friend,8-1_2,8.0,8,ambiguous_duplicate_seat,2,s112084503031;s112084503063
W3,s112084503029,84503,8.0,6,offline_friend,8-3_0,2.0,2,ambiguous_duplicate_seat,2,s112084503025;s112084503057
W3,s112084503029,84503,8.0,6,offline_friend,8-3_1,8.0,8,ambiguous_duplicate_seat,2,s112084503031;s112084503063
W3,s112084503029,84503,8.0,6,offline_friend,8-3_2,7.0,7,ambiguous_duplicate_seat,2,s112084503030;s112084503062
W3,s112084503027,84503,8.0,4,online_friend,8-1_0,3.0,3,ambiguous_duplicate_seat,2,s112084503026;s112084503058
W3,s112084503027,84503,8.0,4,online_friend,8-1_2,9.0,9,ambiguous_duplicate_seat,2,s112084503032;s112084503064
W3,s112084503027,84503,8.0,4,online_friend,8-1_3,15.0,15,ambiguous_duplicate_seat,2,s112084503038;s112084503070
W3,s112084503027,84503,8.0,4,online_friend,8-1_4,29.0,29,ambiguous_duplicate_seat,2,s112084503053;s112084503083
W3,s112084503027,84503,8.0,4,online_enemy,8-2_0,17.0,17,ambiguous_duplicate_seat,2,s112084503071;s113084503003
W3,s112084503027,84503,8.0,4,online_enemy,8-2_1,17.0,17,ambiguous_duplicate_seat,2,s112084503071;s113084503003
W3,s112084503027,84503,8.0,4,online_enemy,8-2_2,17.0,17,ambiguous_duplicate_seat,2,s112084503071;s113084503003
W3,s112084503027,84503,8.0,4,online_enemy,8-2_3,17.0,17,ambiguous_duplicate_seat,2,s112084503071;s113084503003
W3,s112084503027,84503,8.0,4,online_enemy,8-2_4,17.0,17,ambiguous_duplicate_seat,2,s112084503071;s113084503003
W3,s112084503027,84503,8.0,4,offline_friend,8-3_0,3.0,3,ambiguous_duplicate_seat,2,s112084503026;s112084503058
W3,s112084503027,84503,8.0,4,offline_friend,8-3_2,9.0,9,ambiguous_duplicate_seat,2,s112084503032;s112084503064
W3,s112084503027,84503,8.0,4,offline_friend,8-3_4,29.0,29,ambiguous_duplicate_seat,2,s112084503053;s112084503083
W3,s112084503027,84503,8.0,4,offline_enemy,8-4_0,17.0,17,ambiguous_duplicate_seat,2,s112084503071;s113084503003
W3,s112084503027,84503,8.0,4,offline_enemy,8-4_1,17.0,17,ambiguous_duplicate_seat,2,s112084503071;s113084503003
W3,s112084503027,84503,8.0,4,offline_enemy,8-4_2,17.0,17,ambiguous_duplicate_seat,2,s112084503071;s113084503003
W3,s112084503027,84503,8.0,4,offline_enemy,8-4_3,17.0,17,ambiguous_duplicate_seat,2,s112084503071;s113084503003
W3,s112084503027,84503,8.0,4,offline_enemy,8-4_4,17.0,17,ambiguous_duplicate_seat,2,s112084503071;s113084503003
W3,s112084503028,84503,8.0,5,online_friend,8-1_0,3.0,3,ambiguous_duplicate_seat,2,s112084503026;s112084503058
W3,s112084503028,84503,8.0,5,online_friend,8-1_1,9.0,9,ambiguous_duplicate_seat,2,s112084503032;s112084503064
W3,s112084503028,84503,8.0,5,online_friend,8-1_3,15.0,15,ambiguous_duplicate_seat,2,s112084503038;s112084503070
W3,s112084503028,84503,8.0,5,online_friend,8-1_4,4.0,4,ambiguous_duplicate_seat,2,s112084503027;s112084503059
W3,s112084503028,84503,8.0,5,online_enemy,8-2_2,17.0,17,ambiguous_duplicate_seat,2,s112084503071;s113084503003
W3,s112084503028,84503,8.0,5,online_enemy,8-2_4,11.0,11,ambiguous_duplicate_seat,2,s112084503034;s112084503066
W3,s112084503028,84503,8.0,5,offline_friend,8-3_0,3.0,3,ambiguous_duplicate_seat,2,s112084503026;s112084503058
W3,s112084503028,84503,8.0,5,offline_friend,8-3_1,9.0,9,ambiguous_duplicate_seat,2,s112084503032;s112084503064
W3,s112084503028,84503,8.0,5,offline_friend,8-3_3,15.0,15,ambiguous_duplicate_seat,2,s112084503038;s112084503070
W3,s112084503028,84503,8.0,5,offline_friend,8-3_4,4.0,4,ambiguous_duplicate_seat,2,s112084503027;s112084503059
W3,s112084503028,84503,8.0,5,offline_enemy,8-4_1,17.0,17,ambiguous_duplicate_seat,2,s112084503071;s113084503003
W3,s112084503028,84503,8.0,5,offline_enemy,8-4_4,11.0,11,ambiguous_duplicate_seat,2,s112084503034;s112084503066
W3,s112084503030,84503,8.0,7,online_friend,8-1_0,6.0,6,ambiguous_duplicate_seat,2,s112084503029;s112084503061
W3,s112084503030,84503,8.0,7,online_enemy,8-2_0,17.0,17,ambiguous_duplicate_seat,2,s112084503071;s113084503003
W3,s112084503030,84503,8.0,7,offline_friend,8-3_0,8.0,8,ambiguous_duplicate_seat,2,s112084503031;s112084503063
W3,s112084503030,84503,8.0,7,offline_friend,8-3_1,6.0,6,ambiguous_duplicate_seat,2,s112084503029;s112084503061
W3,s112084503030,84503,8.0,7,offline_friend,8-3_2,2.0,2,ambiguous_duplicate_seat,2,s112084503025;s112084503057
W3,s112084503030,84503,8.0,7,offline_friend,8-3_4,1.0,1,ambiguous_duplicate_seat,2,s112084503024;s112084503056
W3,s112084503030,84503,8.0,7,offline_enemy,8-4_0,28.0,28,ambiguous_duplicate_seat,2,s112084503050;s112084503082
W3,s112084503030,84503,8.0,7,offline_enemy,8-4_1,17.0,17,ambiguous_duplicate_seat,2,s112084503071;s113084503003
W3,s112084503030,84503,8.0,7,offline_enemy,8-4_2,30.0,30,ambiguous_duplicate_seat,3,s113084503004;s113084503005;s112084503085
W3,s113084503003,84503,8.0,17,online_friend,8-1_0,6.0,6,ambiguous_duplicate_seat,2,s112084503029;s112084503061
W3,s113084503003,84503,8.0,17,online_friend,8-1_1,7.0,7,ambiguous_duplicate_seat,2,s112084503030;s112084503062
W3,s113084503003,84503,8.0,17,online_enemy,8-2_0,2.0,2,ambiguous_duplicate_seat,2,s112084503025;s112084503057
W3,s113084503003,84503,8.0,17,online_enemy,8-2_1,8.0,8,ambiguous_duplicate_seat,2,s112084503031;s112084503063
W3,s113084503003,84503,8.0,17,online_enemy,8-2_2,11.0,11,ambiguous_duplicate_seat,2,s112084503034;s112084503066
W3,s113084503003,84503,8.0,17,offline_friend,8-3_0,6.0,6,ambiguous_duplicate_seat,2,s112084503029;s112084503061
W3,s113084503003,84503,8.0,17,offline_friend,8-3_1,7.0,7,ambiguous_duplicate_seat,2,s112084503030;s112084503062
W3,s113084503003,84503,8.0,17,offline_enemy,8-4_0,2.0,2,ambiguous_duplicate_seat,2,s112084503025;s112084503057
W3,s113084503003,84503,8.0,17,offline_enemy,8-4_1,8.0,8,ambiguous_duplicate_seat,2,s112084503031;s112084503063
W3,s113084503003,84503,8.0,17,offline_enemy,8-4_2,11.0,11,ambiguous_duplicate_seat,2,s112084503034;s112084503066
W3,s113084503003,84503,8.0,17,offline_enemy,8-4_4,2.0,2,ambiguous_duplicate_seat,2,s112084503025;s112084503057
W3,s112084503035,84503,8.0,12,online_friend,8-1_0,11.0,11,ambiguous_duplicate_seat,2,s112084503034;s112084503066
W3,s112084503035,84503,8.0,12,online_enemy,8-2_0,17.0,17,ambiguous_duplicate_seat,2,s112084503071;s113084503003
W3,s112084503035,84503,8.0,12,online_enemy,8-2_1,28.0,28,ambiguous_duplicate_seat,2,s112084503050;s112084503082
W3,s112084503035,84503,8.0,12,offline_friend,8-3_0,11.0,11,ambiguous_duplicate_seat,2,s112084503034;s112084503066
W3,s112084503035,84503,8.0,12,offline_friend,8-3_1,6.0,6,ambiguous_duplicate_seat,2,s112084503029;s112084503061
W3,s112084503035,84503,8.0,12,offline_friend,8-3_2,2.0,2,ambiguous_duplicate_seat,2,s112084503025;s112084503057
W3,s112084503035,84503,8.0,12,offline_enemy,8-4_0,17.0,17,ambiguous_duplicate_seat,2,s112084503071;s113084503003
W3,s112084503035,84503,8.0,12,offline_enemy,8-4_1,28.0,28,ambiguous_duplicate_seat,2,s112084503050;s112084503082
W3,s112084503025,84503,8.0,2,online_friend,8-1_0,7.0,7,ambiguous_duplicate_seat,2,s112084503030;s112084503062
W3,s112084503025,84503,8.0,2,online_friend,8-1_1,8.0,8,ambiguous_duplicate_seat,2,s112084503031;s112084503063
W3,s112084503025,84503,8.0,2,online_friend,8-1_3,6.0,6,ambiguous_duplicate_seat,2,s112084503029;s112084503061
W3,s112084503025,84503,8.0,2,online_enemy,8-2_0,17.0,17,ambiguous_duplicate_seat,2,s112084503071;s113084503003
W3,s112084503025,84503,8.0,2,online_enemy,8-2_1,17.0,17,ambiguous_duplicate_seat,2,s112084503071;s113084503003
W3,s112084503025,84503,8.0,2,online_enemy,8-2_2,17.0,17,ambiguous_duplicate_seat,2,s112084503071;s113084503003
W3,s112084503025,84503,8.0,2,online_enemy,8-2_3,17.0,17,ambiguous_duplicate_seat,2,s112084503071;s113084503003
W3,s112084503025,84503,8.0,2,online_enemy,8-2_4,17.0,17,ambiguous_duplicate_seat,2,s112084503071;s113084503003
W3,s112084503025,84503,8.0,2,offline_friend,8-3_0,6.0,6,ambiguous_duplicate_seat,2,s112084503029;s112084503061
W3,s112084503025,84503,8.0,2,offline_friend,8-3_1,7.0,7,ambiguous_duplicate_seat,2,s112084503030;s112084503062
W3,s112084503025,84503,8.0,2,offline_friend,8-3_2,8.0,8,ambiguous_duplicate_seat,2,s112084503031;s112084503063
W3,s112084503025,84503,8.0,2,offline_enemy,8-4_0,17.0,17,ambiguous_duplicate_seat,2,s112084503071;s113084503003
W3,s112084503025,84503,8.0,2,offline_enemy,8-4_1,17.0,17,ambiguous_duplicate_seat,2,s112084503071;s113084503003
W3,s112084503025,84503,8.0,2,offline_enemy,8-4_2,17.0,17,ambiguous_duplicate_seat,2,s112084503071;s113084503003
W3,s112084503025,84503,8.0,2,offline_enemy,8-4_3,17.0,17,ambiguous_duplicate_seat,2,s112084503071;s113084503003
W3,s112084503025,84503,8.0,2,offline_enemy,8-4_4,17.0,17,ambiguous_duplicate_seat,2,s112084503071;s113084503003
W3,s112084503034,84503,8.0,11,online_friend,8-1_0,6.0,6,ambiguous_duplicate_seat,2,s112084503029;s112084503061
W3,s112084503034,84503,8.0,11,online_friend,8-1_2,7.0,7,ambiguous_duplicate_seat,2,s112084503030;s112084503062
W3,s112084503034,84503,8.0,11,online_friend,8-1_3,2.0,2,ambiguous_duplicate_seat,2,s112084503025;s112084503057
W3,s112084503034,84503,8.0,11,online_friend,8-1_4,8.0,8,ambiguous_duplicate_seat,2,s112084503031;s112084503063
W3,s112084503034,84503,8.0,11,online_enemy,8-2_0,17.0,17,ambiguous_duplicate_seat,2,s112084503071;s113084503003
W3,s112084503034,84503,8.0,11,online_enemy,8-2_1,17.0,17,ambiguous_duplicate_seat,2,s112084503071;s113084503003
W3,s112084503034,84503,8.0,11,online_enemy,8-2_2,17.0,17,ambiguous_duplicate_seat,2,s112084503071;s113084503003
W3,s112084503034,84503,8.0,11,online_enemy,8-2_3,17.0,17,ambiguous_duplicate_seat,2,s112084503071;s113084503003
W3,s112084503034,84503,8.0,11,online_enemy,8-2_4,17.0,17,ambiguous_duplicate_seat,2,s112084503071;s113084503003
W3,s112084503034,84503,8.0,11,offline_friend,8-3_1,6.0,6,ambiguous_duplicate_seat,2,s112084503029;s112084503061
W3,s112084503034,84503,8.0,11,offline_friend,8-3_2,7.0,7,ambiguous_duplicate_seat,2,s112084503030;s112084503062
W3,s112084503034,84503,8.0,11,offline_enemy,8-4_0,17.0,17,ambiguous_duplicate_seat,2,s112084503071;s113084503003
W3,s112084503034,84503,8.0,11,offline_enemy,8-4_1,17.0,17,ambiguous_duplicate_seat,2,s112084503071;s113084503003
W3,s112084503034,84503,8.0,11,offline_enemy,8-4_2,17.0,17,ambiguous_duplicate_seat,2,s112084503071;s113084503003
W3,s112084503034,84503,8.0,11,offline_enemy,8-4_3,17.0,17,ambiguous_duplicate_seat,2,s112084503071;s113084503003
W3,s112084503034,84503,8.0,11,offline_enemy,8-4_4,17.0,17,ambiguous_duplicate_seat,2,s112084503071;s113084503003
W3,s112084503070,84503,8.0,15,online_friend,8-1_1,7.0,7,ambiguous_duplicate_seat,2,s112084503030;s112084503062
W3,s112084503070,84503,8.0,15,online_friend,8-1_2,2.0,2,ambiguous_duplicate_seat,2,s112084503025;s112084503057
W3,s112084503070,84503,8.0,15,online_friend,8-1_3,9.0,9,ambiguous_duplicate_seat,2,s112084503032;s112084503064
W3,s112084503070,84503,8.0,15,online_enemy,8-2_0,29.0,29,ambiguous_duplicate_seat,2,s112084503053;s112084503083
W3,s112084503070,84503,8.0,15,online_enemy,8-2_1,29.0,29,ambiguous_duplicate_seat,2,s112084503053;s112084503083
W3,s112084503070,84503,8.0,15,online_enemy,8-2_2,29.0,29,ambiguous_duplicate_seat,2,s112084503053;s112084503083
W3,s112084503070,84503,8.0,15,online_enemy,8-2_3,29.0,29,ambiguous_duplicate_seat,2,s112084503053;s112084503083
W3,s112084503070,84503,8.0,15,online_enemy,8-2_4,29.0,29,ambiguous_duplicate_seat,2,s112084503053;s112084503083
W3,s112084503070,84503,8.0,15,offline_friend,8-3_0,2.0,2,ambiguous_duplicate_seat,2,s112084503025;s112084503057
W3,s112084503070,84503,8.0,15,offline_friend,8-3_3,9.0,9,ambiguous_duplicate_seat,2,s112084503032;s112084503064
W3,s112084503070,84503,8.0,15,offline_friend,8-3_4,7.0,7,ambiguous_duplicate_seat,2,s112084503030;s112084503062
W3,s112084503070,84503,8.0,15,offline_enemy,8-4_0,29.0,29,ambiguous_duplicate_seat,2,s112084503053;s112084503083
W3,s112084503070,84503,8.0,15,offline_enemy,8-4_1,29.0,29,ambiguous_duplicate_seat,2,s112084503053;s112084503083
W3,s112084503070,84503,8.0,15,offline_enemy,8-4_2,29.0,29,ambiguous_duplicate_seat,2,s112084503053;s112084503083
W3,s112084503070,84503,8.0,15,offline_enemy,8-4_3,29.0,29,ambiguous_duplicate_seat,2,s112084503053;s112084503083
W3,s112084503070,84503,8.0,15,offline_enemy,8-4_4,29.0,29,ambiguous_duplicate_seat,2,s112084503053;s112084503083
W3,s112034506033,34506,八年8班,1,online_friend,8-1_0,1.0,1,ambiguous_duplicate_seat,2,s112034506033;s112034506024
W3,s112034506033,34506,八年8班,1,online_friend,8-1_1,1.0,1,ambiguous_duplicate_seat,2,s112034506033;s112034506024
W3,s112034506033,34506,八年8班,1,online_friend,8-1_2,1.0,1,ambiguous_duplicate_seat,2,s112034506033;s112034506024
W3,s112034506033,34506,八年8班,1,online_friend,8-1_3,1.0,1,ambiguous_duplicate_seat,2,s112034506033;s112034506024
W3,s112034506033,34506,八年8班,1,online_friend,8-1_4,1.0,1,ambiguous_duplicate_seat,2,s112034506033;s112034506024
W3,s112034506033,34506,八年8班,1,online_enemy,8-2_0,1.0,1,ambiguous_duplicate_seat,2,s112034506033;s112034506024
W3,s112034506033,34506,八年8班,1,online_enemy,8-2_1,1.0,1,ambiguous_duplicate_seat,2,s112034506033;s112034506024
W3,s112034506033,34506,八年8班,1,online_enemy,8-2_2,1.0,1,ambiguous_duplicate_seat,2,s112034506033;s112034506024
W3,s112034506033,34506,八年8班,1,online_enemy,8-2_3,1.0,1,ambiguous_duplicate_seat,2,s112034506033;s112034506024
W3,s112034506033,34506,八年8班,1,online_enemy,8-2_4,1.0,1,ambiguous_duplicate_seat,2,s112034506033;s112034506024
W3,s112034506033,34506,八年8班,1,offline_friend,8-3_0,1.0,1,ambiguous_duplicate_seat,2,s112034506033;s112034506024
W3,s112034506033,34506,八年8班,1,offline_friend,8-3_1,1.0,1,ambiguous_duplicate_seat,2,s112034506033;s112034506024
W3,s112034506033,34506,八年8班,1,offline_friend,8-3_2,1.0,1,ambiguous_duplicate_seat,2,s112034506033;s112034506024
W3,s112034506033,34506,八年8班,1,offline_friend,8-3_3,1.0,1,ambiguous_duplicate_seat,2,s112034506033;s112034506024
W3,s112034506033,34506,八年8班,1,offline_friend,8-3_4,1.0,1,ambiguous_duplicate_seat,2,s112034506033;s112034506024
W3,s112034506033,34506,八年8班,1,offline_enemy,8-4_0,1.0,1,ambiguous_duplicate_seat,2,s112034506033;s112034506024
W3,s112034506033,34506,八年8班,1,offline_enemy,8-4_1,1.0,1,ambiguous_duplicate_seat,2,s112034506033;s112034506024
W3,s112034506033,34506,八年8班,1,offline_enemy,8-4_2,1.0,1,ambiguous_duplicate_seat,2,s112034506033;s112034506024
W3,s112034506033,34506,八年8班,1,offline_enemy,8-4_3,1.0,1,ambiguous_duplicate_seat,2,s112034506033;s112034506024
W3,s112034506033,34506,八年8班,1,offline_enemy,8-4_4,1.0,1,ambiguous_duplicate_seat,2,s112034506033;s112034506024
W3,s112084503066,84503,8.0,11,online_friend,8-1_0,1.0,1,ambiguous_duplicate_seat,2,s112084503024;s112084503056
W3,s112084503066,84503,8.0,11,online_friend,8-1_3,19.0,19,ambiguous_duplicate_seat,2,s112084503040;s112084503073
W3,s112084503066,84503,8.0,11,online_friend,8-1_4,22.0,22,ambiguous_duplicate_seat,2,s112084503043;s112084503076
W3,s112084503066,84503,8.0,11,online_enemy,8-2_0,8.0,8,ambiguous_duplicate_seat,2,s112084503031;s112084503063
W3,s112084503066,84503,8.0,11,online_enemy,8-2_1,29.0,29,ambiguous_duplicate_seat,2,s112084503053;s112084503083
W3,s112084503066,84503,8.0,11,offline_friend,8-3_0,6.0,6,ambiguous_duplicate_seat,2,s112084503029;s112084503061
W3,s112084503066,84503,8.0,11,offline_friend,8-3_2,28.0,28,ambiguous_duplicate_seat,2,s112084503050;s112084503082
W3,s112084503066,84503,8.0,11,offline_friend,8-3_4,22.0,22,ambiguous_duplicate_seat,2,s112084503043;s112084503076
W3,s112084503066,84503,8.0,11,offline_enemy,8-4_0,8.0,8,ambiguous_duplicate_seat,2,s112084503031;s112084503063
W3,s112084503066,84503,8.0,11,offline_enemy,8-4_1,29.0,29,ambiguous_duplicate_seat,2,s112084503053;s112084503083
W3,s112124521056,124521,205.0,2,online_enemy,8-2_2,23.0,23,ambiguous_duplicate_seat,2,s112124521076;s112124521077
W3,s112124521056,124521,205.0,2,offline_enemy,8-4_4,23.0,23,ambiguous_duplicate_seat,2,s112124521076;s112124521077
W3,s112084503068,84503,8.0,13,online_friend,8-1_0,1.0,1,ambiguous_duplicate_seat,2,s112084503024;s112084503056
W3,s112084503068,84503,8.0,13,online_enemy,8-2_0,1.0,1,ambiguous_duplicate_seat,2,s112084503024;s112084503056
W3,s112084503068,84503,8.0,13,offline_friend,8-3_0,1.0,1,ambiguous_duplicate_seat,2,s112084503024;s112084503056
W3,s112084503068,84503,8.0,13,offline_enemy,8-4_0,1.0,1,ambiguous_duplicate_seat,2,s112084503024;s112084503056
W3,s112084503057,84503,8.0,2,online_friend,8-1_0,15.0,15,ambiguous_duplicate_seat,2,s112084503038;s112084503070
W3,s112084503057,84503,8.0,2,online_friend,8-1_1,9.0,9,ambiguous_duplicate_seat,2,s112084503032;s112084503064
W3,s112084503057,84503,8.0,2,online_friend,8-1_2,22.0,22,ambiguous_duplicate_seat,2,s112084503043;s112084503076
W3,s112084503057,84503,8.0,2,online_friend,8-1_3,19.0,19,ambiguous_duplicate_seat,2,s112084503040;s112084503073
W3,s112084503057,84503,8.0,2,online_friend,8-1_4,3.0,3,ambiguous_duplicate_seat,2,s112084503026;s112084503058
W3,s112084503057,84503,8.0,2,online_enemy,8-2_1,29.0,29,ambiguous_duplicate_seat,2,s112084503053;s112084503083
W3,s112084503057,84503,8.0,2,online_enemy,8-2_2,8.0,8,ambiguous_duplicate_seat,2,s112084503031;s112084503063
W3,s112084503057,84503,8.0,2,online_enemy,8-2_4,7.0,7,ambiguous_duplicate_seat,2,s112084503030;s112084503062
W3,s112084503057,84503,8.0,2,offline_friend,8-3_0,15.0,15,ambiguous_duplicate_seat,2,s112084503038;s112084503070
W3,s112084503057,84503,8.0,2,offline_friend,8-3_1,3.0,3,ambiguous_duplicate_seat,2,s112084503026;s112084503058
W3,s112084503057,84503,8.0,2,offline_friend,8-3_2,9.0,9,ambiguous_duplicate_seat,2,s112084503032;s112084503064
W3,s112084503057,84503,8.0,2,offline_enemy,8-4_2,29.0,29,ambiguous_duplicate_seat,2,s112084503053;s112084503083
W3,s112084503057,84503,8.0,2,offline_enemy,8-4_3,7.0,7,ambiguous_duplicate_seat,2,s112084503030;s112084503062
W3,s112084503057,84503,8.0,2,offline_enemy,8-4_4,8.0,8,ambiguous_duplicate_seat,2,s112084503031;s112084503063
W3,s112084503064,84503,8.0,9,online_friend,8-1_0,2.0,2,ambiguous_duplicate_seat,2,s112084503025;s112084503057
W3,s112084503064,84503,8.0,9,online_friend,8-1_1,15.0,15,ambiguous_duplicate_seat,2,s112084503038;s112084503070
W3,s112084503064,84503,8.0,9,online_friend,8-1_2,7.0,7,ambiguous_duplicate_seat,2,s112084503030;s112084503062
W3,s112084503064,84503,8.0,9,online_friend,8-1_4,3.0,3,ambiguous_duplicate_seat,2,s112084503026;s112084503058
W3,s112084503064,84503,8.0,9,online_enemy,8-2_0,29.0,29,ambiguous_duplicate_seat,2,s112084503053;s112084503083
W3,s112084503064,84503,8.0,9,online_enemy,8-2_1,8.0,8,ambiguous_duplicate_seat,2,s112084503031;s112084503063
W3,s112084503064,84503,8.0,9,online_enemy,8-2_2,23.0,23,ambiguous_duplicate_seat,2,s112084503044;s112084503077
W3,s112084503064,84503,8.0,9,online_enemy,8-2_3,29.0,29,ambiguous_duplicate_seat,2,s112084503053;s112084503083
W3,s112084503064,84503,8.0,9,online_enemy,8-2_4,29.0,29,ambiguous_duplicate_seat,2,s112084503053;s112084503083
W3,s112084503064,84503,8.0,9,offline_friend,8-3_0,2.0,2,ambiguous_duplicate_seat,2,s112084503025;s112084503057
W3,s112084503064,84503,8.0,9,offline_friend,8-3_1,7.0,7,ambiguous_duplicate_seat,2,s112084503030;s112084503062
W3,s112084503064,84503,8.0,9,offline_friend,8-3_2,15.0,15,ambiguous_duplicate_seat,2,s112084503038;s112084503070
W3,s112084503064,84503,8.0,9,offline_friend,8-3_3,22.0,22,ambiguous_duplicate_seat,2,s112084503043;s112084503076
W3,s112084503064,84503,8.0,9,offline_enemy,8-4_0,29.0,29,ambiguous_duplicate_seat,2,s112084503053;s112084503083
W3,s112084503064,84503,8.0,9,offline_enemy,8-4_1,8.0,8,ambiguous_duplicate_seat,2,s112084503031;s112084503063
W3,s112084503064,84503,8.0,9,offline_enemy,8-4_2,29.0,29,ambiguous_duplicate_seat,2,s112084503053;s112084503083
W3,s112084503064,84503,8.0,9,offline_enemy,8-4_3,29.0,29,ambiguous_duplicate_seat,2,s112084503053;s112084503083
W3,s112084503064,84503,8.0,9,offline_enemy,8-4_4,29.0,29,ambiguous_duplicate_seat,2,s112084503053;s112084503083
W3,s113034506002,34506,八年8班,16,offline_friend,8-3_0,1.0,1,ambiguous_duplicate_seat,2,s112034506033;s112034506024
W3,s112084503058,84503,8.0,3,online_friend,8-1_0,1.0,1,ambiguous_duplicate_seat,2,s112084503024;s112084503056
W3,s112084503058,84503,8.0,3,online_friend,8-1_3,15.0,15,ambiguous_duplicate_seat,2,s112084503038;s112084503070
W3,s112084503058,84503,8.0,3,online_friend,8-1_4,9.0,9,ambiguous_duplicate_seat,2,s112084503032;s112084503064
W3,s112084503058,84503,8.0,3,online_enemy,8-2_0,30.0,30,ambiguous_duplicate_seat,3,s113084503004;s113084503005;s112084503085
W3,s112084503058,84503,8.0,3,offline_friend,8-3_0,1.0,1,ambiguous_duplicate_seat,2,s112084503024;s112084503056
W3,s112084503058,84503,8.0,3,offline_friend,8-3_1,2.0,2,ambiguous_duplicate_seat,2,s112084503025;s112084503057
W3,s112084503058,84503,8.0,3,offline_friend,8-3_2,4.0,4,ambiguous_duplicate_seat,2,s112084503027;s112084503059
W3,s112084503058,84503,8.0,3,offline_friend,8-3_4,15.0,15,ambiguous_duplicate_seat,2,s112084503038;s112084503070
W3,s112084503058,84503,8.0,3,offline_enemy,8-4_0,30.0,30,ambiguous_duplicate_seat,3,s113084503004;s113084503005;s112084503085
W3,s112084503065,84503,8.0,10,online_friend,8-1_0,11.0,11,ambiguous_duplicate_seat,2,s112084503034;s112084503066
W3,s112084503065,84503,8.0,10,online_friend,8-1_1,4.0,4,ambiguous_duplicate_seat,2,s112084503027;s112084503059
W3,s112084503065,84503,8.0,10,online_friend,8-1_2,1.0,1,ambiguous_duplicate_seat,2,s112084503024;s112084503056
W3,s112084503065,84503,8.0,10,online_friend,8-1_3,6.0,6,ambiguous_duplicate_seat,2,s112084503029;s112084503061
W3,s112084503065,84503,8.0,10,online_friend,8-1_4,9.0,9,ambiguous_duplicate_seat,2,s112084503032;s112084503064
W3,s112084503065,84503,8.0,10,online_enemy,8-2_0,29.0,29,ambiguous_duplicate_seat,2,s112084503053;s112084503083
W3,s112084503065,84503,8.0,10,online_enemy,8-2_1,8.0,8,ambiguous_duplicate_seat,2,s112084503031;s112084503063
W3,s112084503065,84503,8.0,10,offline_friend,8-3_0,11.0,11,ambiguous_duplicate_seat,2,s112084503034;s112084503066
W3,s112084503065,84503,8.0,10,offline_friend,8-3_1,4.0,4,ambiguous_duplicate_seat,2,s112084503027;s112084503059
W3,s112084503065,84503,8.0,10,offline_friend,8-3_2,1.0,1,ambiguous_duplicate_seat,2,s112084503024;s112084503056
W3,s112084503065,84503,8.0,10,offline_friend,8-3_3,6.0,6,ambiguous_duplicate_seat,2,s112084503029;s112084503061
W3,s112084503065,84503,8.0,10,offline_enemy,8-4_0,29.0,29,ambiguous_duplicate_seat,2,s112084503053;s112084503083
W3,s112084503065,84503,8.0,10,offline_enemy,8-4_1,8.0,8,ambiguous_duplicate_seat,2,s112084503031;s112084503063
W3,s112084503056,84503,8.0,1,online_friend,8-1_0,4.0,4,ambiguous_duplicate_seat,2,s112084503027;s112084503059
W3,s112084503056,84503,8.0,1,online_friend,8-1_1,3.0,3,ambiguous_duplicate_seat,2,s112084503026;s112084503058
W3,s112084503056,84503,8.0,1,online_enemy,8-2_0,29.0,29,ambiguous_duplicate_seat,2,s112084503053;s112084503083
W3,s112084503056,84503,8.0,1,online_enemy,8-2_1,23.0,23,ambiguous_duplicate_seat,2,s112084503044;s112084503077
W3,s112084503056,84503,8.0,1,online_enemy,8-2_2,8.0,8,ambiguous_duplicate_seat,2,s112084503031;s112084503063
W3,s112084503056,84503,8.0,1,offline_friend,8-3_0,4.0,4,ambiguous_duplicate_seat,2,s112084503027;s112084503059
W3,s112084503056,84503,8.0,1,offline_friend,8-3_1,3.0,3,ambiguous_duplicate_seat,2,s112084503026;s112084503058
W3,s112084503056,84503,8.0,1,offline_enemy,8-4_0,29.0,29,ambiguous_duplicate_seat,2,s112084503053;s112084503083
W3,s112084503056,84503,8.0,1,offline_enemy,8-4_1,23.0,23,ambiguous_duplicate_seat,2,s112084503044;s112084503077
W3,s112084503056,84503,8.0,1,offline_enemy,8-4_2,8.0,8,ambiguous_duplicate_seat,2,s112084503031;s112084503063
W3,s112124521062,124521,205.0,8,online_enemy,8-2_3,23.0,23,ambiguous_duplicate_seat,2,s112124521076;s112124521077
W3,s112124521062,124521,205.0,8,offline_enemy,8-4_4,23.0,23,ambiguous_duplicate_seat,2,s112124521076;s112124521077
W3,s112124521066,124521,205.0,12,online_enemy,8-2_0,23.0,23,ambiguous_duplicate_seat,2,s112124521076;s112124521077
W3,s112124521066,124521,205.0,12,offline_enemy,8-4_0,23.0,23,ambiguous_duplicate_seat,2,s112124521076;s112124521077
W3,s112124521059,124521,205.0,5,online_enemy,8-2_4,23.0,23,ambiguous_duplicate_seat,2,s112124521076;s112124521077
W3,s112124521067,124521,205.0,13,online_enemy,8-2_3,23.0,23,ambiguous_duplicate_seat,2,s112124521076;s112124521077
W3,s112124521067,124521,205.0,13,offline_enemy,8-4_3,23.0,23,ambiguous_duplicate_seat,2,s112124521076;s112124521077
W3,s112084503061,84503,8.0,6,online_friend,8-1_1,11.0,11,ambiguous_duplicate_seat,2,s112084503034;s112084503066
W3,s112084503061,84503,8.0,6,online_friend,8-1_2,9.0,9,ambiguous_duplicate_seat,2,s112084503032;s112084503064
W3,s112084503061,84503,8.0,6,online_friend,8-1_4,4.0,4,ambiguous_duplicate_seat,2,s112084503027;s112084503059
W3,s112084503061,84503,8.0,6,online_enemy,8-2_0,29.0,29,ambiguous_duplicate_seat,2,s112084503053;s112084503083
W3,s112084503061,84503,8.0,6,online_enemy,8-2_1,22.0,22,ambiguous_duplicate_seat,2,s112084503043;s112084503076
W3,s112084503061,84503,8.0,6,online_enemy,8-2_2,23.0,23,ambiguous_duplicate_seat,2,s112084503044;s112084503077
W3,s112084503061,84503,8.0,6,online_enemy,8-2_3,8.0,8,ambiguous_duplicate_seat,2,s112084503031;s112084503063
W3,s112084503061,84503,8.0,6,online_enemy,8-2_4,1.0,1,ambiguous_duplicate_seat,2,s112084503024;s112084503056
W3,s112084503061,84503,8.0,6,offline_friend,8-3_1,11.0,11,ambiguous_duplicate_seat,2,s112084503034;s112084503066
W3,s112084503061,84503,8.0,6,offline_friend,8-3_3,9.0,9,ambiguous_duplicate_seat,2,s112084503032;s112084503064
W3,s112084503061,84503,8.0,6,offline_friend,8-3_4,7.0,7,ambiguous_duplicate_seat,2,s112084503030;s112084503062
W3,s112084503061,84503,8.0,6,offline_enemy,8-4_0,29.0,29,ambiguous_duplicate_seat,2,s112084503053;s112084503083
W3,s112084503061,84503,8.0,6,offline_enemy,8-4_1,22.0,22,ambiguous_duplicate_seat,2,s112084503043;s112084503076
W3,s112084503061,84503,8.0,6,offline_enemy,8-4_3,8.0,8,ambiguous_duplicate_seat,2,s112084503031;s112084503063
W3,s112084503061,84503,8.0,6,offline_enemy,8-4_4,1.0,1,ambiguous_duplicate_seat,2,s112084503024;s112084503056
W3,s112034506029,34506,八年8班,6,online_friend,8-1_4,1.0,1,ambiguous_duplicate_seat,2,s112034506033;s112034506024
W3,s112034506029,34506,八年8班,6,offline_friend,8-3_4,1.0,1,ambiguous_duplicate_seat,2,s112034506033;s112034506024
W3,s112034506031,34506,八年8班,8,online_friend,8-1_0,1.0,1,ambiguous_duplicate_seat,2,s112034506033;s112034506024
W3,s112034506031,34506,八年8班,8,offline_friend,8-3_0,1.0,1,ambiguous_duplicate_seat,2,s112034506033;s112034506024
W3,s112034506026,34506,八年8班,3,online_friend,8-1_4,1.0,1,ambiguous_duplicate_seat,2,s112034506033;s112034506024
W3,s112034506026,34506,八年8班,3,offline_friend,8-3_4,1.0,1,ambiguous_duplicate_seat,2,s112034506033;s112034506024
W3,s112084503063,84503,8.0,8,online_friend,8-1_0,7.0,7,ambiguous_duplicate_seat,2,s112084503030;s112084503062
W3,s112084503063,84503,8.0,8,online_friend,8-1_1,9.0,9,ambiguous_duplicate_seat,2,s112084503032;s112084503064
W3,s112084503063,84503,8.0,8,online_enemy,8-2_0,29.0,29,ambiguous_duplicate_seat,2,s112084503053;s112084503083
W3,s112084503063,84503,8.0,8,offline_friend,8-3_1,9.0,9,ambiguous_duplicate_seat,2,s112084503032;s112084503064
W3,s112084503063,84503,8.0,8,offline_friend,8-3_2,7.0,7,ambiguous_duplicate_seat,2,s112084503030;s112084503062
W3,s112084503063,84503,8.0,8,offline_enemy,8-4_0,29.0,29,ambiguous_duplicate_seat,2,s112084503053;s112084503083
W3,s112084503059,84503,8.0,4,online_friend,8-1_0,1.0,1,ambiguous_duplicate_seat,2,s112084503024;s112084503056
W3,s112084503059,84503,8.0,4,online_friend,8-1_2,15.0,15,ambiguous_duplicate_seat,2,s112084503038;s112084503070
W3,s112084503059,84503,8.0,4,online_enemy,8-2_0,29.0,29,ambiguous_duplicate_seat,2,s112084503053;s112084503083
W3,s112084503059,84503,8.0,4,online_enemy,8-2_1,8.0,8,ambiguous_duplicate_seat,2,s112084503031;s112084503063
W3,s112084503059,84503,8.0,4,offline_friend,8-3_1,1.0,1,ambiguous_duplicate_seat,2,s112084503024;s112084503056
W3,s112084503059,84503,8.0,4,offline_friend,8-3_3,3.0,3,ambiguous_duplicate_seat,2,s112084503026;s112084503058
W3,s112084503059,84503,8.0,4,offline_enemy,8-4_0,29.0,29,ambiguous_duplicate_seat,2,s112084503053;s112084503083
W3,s112084503059,84503,8.0,4,offline_enemy,8-4_1,8.0,8,ambiguous_duplicate_seat,2,s112084503031;s112084503063
W3,s112084503062,84503,8.0,7,online_friend,8-1_0,9.0,9,ambiguous_duplicate_seat,2,s112084503032;s112084503064
W3,s112084503062,84503,8.0,7,online_friend,8-1_2,1.0,1,ambiguous_duplicate_seat,2,s112084503024;s112084503056
W3,s112084503062,84503,8.0,7,online_friend,8-1_3,2.0,2,ambiguous_duplicate_seat,2,s112084503025;s112084503057
W3,s112084503062,84503,8.0,7,online_enemy,8-2_0,29.0,29,ambiguous_duplicate_seat,2,s112084503053;s112084503083
W3,s112084503062,84503,8.0,7,online_enemy,8-2_2,6.0,6,ambiguous_duplicate_seat,2,s112084503029;s112084503061
W3,s112084503062,84503,8.0,7,online_enemy,8-2_3,8.0,8,ambiguous_duplicate_seat,2,s112084503031;s112084503063
W3,s112084503062,84503,8.0,7,online_enemy,8-2_4,4.0,4,ambiguous_duplicate_seat,2,s112084503027;s112084503059
W3,s112084503062,84503,8.0,7,offline_friend,8-3_0,2.0,2,ambiguous_duplicate_seat,2,s112084503025;s112084503057
W3,s112084503062,84503,8.0,7,offline_friend,8-3_1,9.0,9,ambiguous_duplicate_seat,2,s112084503032;s112084503064
W3,s112084503062,84503,8.0,7,offline_friend,8-3_2,22.0,22,ambiguous_duplicate_seat,2,s112084503043;s112084503076
W3,s112084503062,84503,8.0,7,offline_friend,8-3_3,15.0,15,ambiguous_duplicate_seat,2,s112084503038;s112084503070
W3,s112084503062,84503,8.0,7,offline_enemy,8-4_0,29.0,29,ambiguous_duplicate_seat,2,s112084503053;s112084503083
W3,s112084503062,84503,8.0,7,offline_enemy,8-4_1,23.0,23,ambiguous_duplicate_seat,2,s112084503044;s112084503077
W3,s112034506027,34506,八年8班,4,online_friend,8-1_0,1.0,1,ambiguous_duplicate_seat,2,s112034506033;s112034506024
W3,s112034506027,34506,八年8班,4,offline_friend,8-3_0,1.0,1,ambiguous_duplicate_seat,2,s112034506033;s112034506024
W3,s112034563032,34563,802.0,9,online_enemy,8-2_2,3.0,3,ambiguous_duplicate_seat,2,s112034563026;s112034563033
W3,s112034563031,34563,802.0,8,online_enemy,8-2_0,3.0,3,ambiguous_duplicate_seat,2,s112034563026;s112034563033
W3,s112034563031,34563,802.0,8,offline_enemy,8-4_0,3.0,3,ambiguous_duplicate_seat,2,s112034563026;s112034563033
W3,s112034563025,34563,802.0,2,online_friend,8-1_1,3.0,3,ambiguous_duplicate_seat,2,s112034563026;s112034563033
W3,s112034563025,34563,802.0,2,offline_friend,8-3_1,3.0,3,ambiguous_duplicate_seat,2,s112034563026;s112034563033
W3,s112034563033,34563,802.0,3,online_friend,8-1_0,3.0,3,ambiguous_duplicate_seat,2,s112034563026;s112034563033
W3,s112034563033,34563,802.0,3,offline_friend,8-3_0,3.0,3,ambiguous_duplicate_seat,2,s112034563026;s112034563033
W3,s112034563035,34563,802.0,13,online_friend,8-1_1,3.0,3,ambiguous_duplicate_seat,2,s112034563026;s112034563033
W3,s112034563035,34563,802.0,13,offline_friend,8-3_1,3.0,3,ambiguous_duplicate_seat,2,s112034563026;s112034563033
W3,s112034563034,34563,802.0,12,online_friend,8-1_0,3.0,3,ambiguous_duplicate_seat,2,s112034563026;s112034563033
W3,s112034563034,34563,802.0,12,offline_friend,8-3_0,3.0,3,ambiguous_duplicate_seat,2,s112034563026;s112034563033
W3,s112034563029,34563,802.0,6,online_friend,8-1_4,3.0,3,ambiguous_duplicate_seat,2,s112034563026;s112034563033
W3,s112201310072,201310,國二4,4,online_enemy,8-2_3,9.0,9,ambiguous_duplicate_seat,2,s112201310081;s112201310077
W3,s112201310097,201310,國二4,29,offline_enemy,8-4_0,9.0,9,ambiguous_duplicate_seat,2,s112201310081;s112201310077
W3,s112201310099,201310,國二4,31,offline_friend,8-3_0,9.0,9,ambiguous_duplicate_seat,2,s112201310081;s112201310077
W3,s112201310060,201310,國二1,28,online_friend,8-1_0,28.0,28,ambiguous_duplicate_seat,2,s112201310051;s112201310060
W3,s112201310060,201310,國二1,28,offline_friend,8-3_0,28.0,28,ambiguous_duplicate_seat,2,s112201310051;s112201310060
W3,s112201310108,201310,國二4,30,online_enemy,8-2_0,9.0,9,ambiguous_duplicate_seat,2,s112201310081;s112201310077
W3,s112201310108,201310,國二4,30,offline_enemy,8-4_1,9.0,9,ambiguous_duplicate_seat,2,s112201310081;s112201310077
W3,s112064538043,64538,八年五班,20,online_enemy,8-2_3,10.0,10,ambiguous_duplicate_seat,2,s112064538033;s112064538047
W3,s112064538048,64538,八年五班,25,online_enemy,8-2_3,10.0,10,ambiguous_duplicate_seat,2,s112064538033;s112064538047
W3,s112064538047,64538,八年五班,10,online_friend,8-1_0,10.0,10,ambiguous_duplicate_seat,2,s112064538033;s112064538047
W3,s112064538047,64538,八年五班,10,offline_friend,8-3_0,10.0,10,ambiguous_duplicate_seat,2,s112064538033;s112064538047
W3,s112064538040,64538,八年五班,17,online_enemy,8-2_0,10.0,10,ambiguous_duplicate_seat,2,s112064538033;s112064538047
W3,s112064538040,64538,八年五班,17,offline_enemy,8-4_0,10.0,10,ambiguous_duplicate_seat,2,s112064538033;s112064538047
W3,s112074323051,74323,208.0,9,online_friend,8-1_0,9.0,9,ambiguous_duplicate_seat,2,s112074323051;s112074323059
W3,s112074323051,74323,208.0,9,online_friend,8-1_1,9.0,9,ambiguous_duplicate_seat,2,s112074323051;s112074323059
W3,s112074323051,74323,208.0,9,online_friend,8-1_2,9.0,9,ambiguous_duplicate_seat,2,s112074323051;s112074323059
W3,s112074323051,74323,208.0,9,online_friend,8-1_3,9.0,9,ambiguous_duplicate_seat,2,s112074323051;s112074323059
W3,s112074323051,74323,208.0,9,online_friend,8-1_4,9.0,9,ambiguous_duplicate_seat,2,s112074323051;s112074323059
W3,s112074323051,74323,208.0,9,offline_friend,8-3_0,9.0,9,ambiguous_duplicate_seat,2,s112074323051;s112074323059
W3,s112074323051,74323,208.0,9,offline_friend,8-3_1,9.0,9,ambiguous_duplicate_seat,2,s112074323051;s112074323059
W3,s112074323051,74323,208.0,9,offline_friend,8-3_2,9.0,9,ambiguous_duplicate_seat,2,s112074323051;s112074323059
W3,s112074323051,74323,208.0,9,offline_friend,8-3_3,9.0,9,ambiguous_duplicate_seat,2,s112074323051;s112074323059
W3,s112074323051,74323,208.0,9,offline_friend,8-3_4,9.0,9,ambiguous_duplicate_seat,2,s112074323051;s112074323059
W3,s112074323052,74323,208.0,2,online_enemy,8-2_0,9.0,9,ambiguous_duplicate_seat,2,s112074323051;s112074323059
W3,s112074323052,74323,208.0,2,online_enemy,8-2_1,9.0,9,ambiguous_duplicate_seat,2,s112074323051;s112074323059
W3,s112074323052,74323,208.0,2,online_enemy,8-2_2,9.0,9,ambiguous_duplicate_seat,2,s112074323051;s112074323059
W3,s112074323052,74323,208.0,2,online_enemy,8-2_3,9.0,9,ambiguous_duplicate_seat,2,s112074323051;s112074323059
W3,s112074323052,74323,208.0,2,online_enemy,8-2_4,9.0,9,ambiguous_duplicate_seat,2,s112074323051;s112074323059
W3,s112074323057,74323,208.0,7,online_enemy,8-2_1,9.0,9,ambiguous_duplicate_seat,2,s112074323051;s112074323059
W3,s112074323057,74323,208.0,7,offline_enemy,8-4_1,9.0,9,ambiguous_duplicate_seat,2,s112074323051;s112074323059
W3,s112074323054,74323,208.0,4,online_enemy,8-2_2,9.0,9,ambiguous_duplicate_seat,2,s112074323051;s112074323059
W3,s112074323054,74323,208.0,4,offline_enemy,8-4_2,9.0,9,ambiguous_duplicate_seat,2,s112074323051;s112074323059
W3,s112074323063,74323,208.0,13,online_enemy,8-2_1,9.0,9,ambiguous_duplicate_seat,2,s112074323051;s112074323059
W3,s112074323063,74323,208.0,13,offline_enemy,8-4_1,9.0,9,ambiguous_duplicate_seat,2,s112074323051;s112074323059
W3,s112074511058,74511,八年四班,5,offline_friend,8-3_1,1.0,1,ambiguous_duplicate_seat,2,s112074511063;s112074511054
W3,s112074511068,74511,八年四班,15,online_enemy,8-2_1,1.0,1,ambiguous_duplicate_seat,2,s112074511063;s112074511054
W3,s112074511068,74511,八年四班,15,offline_enemy,8-4_4,1.0,1,ambiguous_duplicate_seat,2,s112074511063;s112074511054
W3,s112074511082,74511,八年四班,29,online_friend,8-1_0,1.0,1,ambiguous_duplicate_seat,2,s112074511063;s112074511054
W3,s112074511082,74511,八年四班,29,offline_friend,8-3_0,1.0,1,ambiguous_duplicate_seat,2,s112074511063;s112074511054
W3,s112074323065,74323,208.0,15,offline_enemy,8-4_2,9.0,9,ambiguous_duplicate_seat,2,s112074323051;s112074323059
W3,s112540301035,540301,201.0,12,offline_enemy,8-4_0,1.0,1,ambiguous_duplicate_seat,2,s112540301026;s112540301024
W3,s112540301026,540301,201.0,1,online_friend,8-1_0,1.0,1,ambiguous_duplicate_seat,2,s112540301026;s112540301024
W3,s112540301026,540301,201.0,1,online_friend,8-1_1,1.0,1,ambiguous_duplicate_seat,2,s112540301026;s112540301024
W3,s112540301026,540301,201.0,1,online_friend,8-1_3,1.0,1,ambiguous_duplicate_seat,2,s112540301026;s112540301024
W3,s112540301026,540301,201.0,1,online_friend,8-1_4,1.0,1,ambiguous_duplicate_seat,2,s112540301026;s112540301024
W3,s112540301026,540301,201.0,1,online_enemy,8-2_0,1.0,1,ambiguous_duplicate_seat,2,s112540301026;s112540301024
W3,s112540301026,540301,201.0,1,online_enemy,8-2_1,1.0,1,ambiguous_duplicate_seat,2,s112540301026;s112540301024
W3,s112540301026,540301,201.0,1,online_enemy,8-2_2,1.0,1,ambiguous_duplicate_seat,2,s112540301026;s112540301024
W3,s112540301026,540301,201.0,1,online_enemy,8-2_3,1.0,1,ambiguous_duplicate_seat,2,s112540301026;s112540301024
W3,s112540301026,540301,201.0,1,offline_friend,8-3_0,1.0,1,ambiguous_duplicate_seat,2,s112540301026;s112540301024
W3,s112540301026,540301,201.0,1,offline_friend,8-3_1,1.0,1,ambiguous_duplicate_seat,2,s112540301026;s112540301024
W3,s112540301026,540301,201.0,1,offline_friend,8-3_2,1.0,1,ambiguous_duplicate_seat,2,s112540301026;s112540301024
W3,s112540301026,540301,201.0,1,offline_friend,8-3_3,1.0,1,ambiguous_duplicate_seat,2,s112540301026;s112540301024
W3,s112540301026,540301,201.0,1,offline_friend,8-3_4,1.0,1,ambiguous_duplicate_seat,2,s112540301026;s112540301024
W3,s112540301026,540301,201.0,1,offline_enemy,8-4_0,1.0,1,ambiguous_duplicate_seat,2,s112540301026;s112540301024
W3,s112540301026,540301,201.0,1,offline_enemy,8-4_1,1.0,1,ambiguous_duplicate_seat,2,s112540301026;s112540301024
W3,s112540301026,540301,201.0,1,offline_enemy,8-4_2,1.0,1,ambiguous_duplicate_seat,2,s112540301026;s112540301024
W3,s112540301026,540301,201.0,1,offline_enemy,8-4_3,1.0,1,ambiguous_duplicate_seat,2,s112540301026;s112540301024
W3,s112540301026,540301,201.0,1,offline_enemy,8-4_4,1.0,1,ambiguous_duplicate_seat,2,s112540301026;s112540301024
W3,s112540301029,540301,201.0,6,online_enemy,8-2_0,1.0,1,ambiguous_duplicate_seat,2,s112540301026;s112540301024
W3,s112540301028,540301,201.0,5,online_friend,8-1_3,1.0,1,ambiguous_duplicate_seat,2,s112540301026;s112540301024
W3,s112540301028,540301,201.0,5,offline_friend,8-3_4,1.0,1,ambiguous_duplicate_seat,2,s112540301026;s112540301024
W3,s112540301033,540301,201.0,10,online_friend,8-1_3,1.0,1,ambiguous_duplicate_seat,2,s112540301026;s112540301024
W3,s112540301034,540301,201.0,11,online_friend,8-1_0,1.0,1,ambiguous_duplicate_seat,2,s112540301026;s112540301024
W3,s112540301034,540301,201.0,11,offline_friend,8-3_0,1.0,1,ambiguous_duplicate_seat,2,s112540301026;s112540301024
W3,s112333505048,333505,8.0,36,online_friend,8-1_0,33.0,33,ambiguous_duplicate_seat,2,s112333505075;s112333505045
W3,s112333505048,333505,8.0,36,online_enemy,8-2_0,1.0,1,ambiguous_duplicate_seat,2,s112333505024;s112333505054
W3,s112333505048,333505,8.0,36,offline_friend,8-3_0,33.0,33,ambiguous_duplicate_seat,2,s112333505075;s112333505045
W3,s112333505048,333505,8.0,36,offline_enemy,8-4_0,1.0,1,ambiguous_duplicate_seat,2,s112333505024;s112333505054
W3,s112333505049,333505,8.0,37,online_friend,8-1_0,38.0,38,ambiguous_duplicate_seat,2,s112333505050;s112333505080
W3,s112333505049,333505,8.0,37,online_friend,8-1_4,33.0,33,ambiguous_duplicate_seat,2,s112333505075;s112333505045
W3,s112333505049,333505,8.0,37,online_enemy,8-2_0,1.0,1,ambiguous_duplicate_seat,2,s112333505024;s112333505054
W3,s112333505049,333505,8.0,37,offline_friend,8-3_1,38.0,38,ambiguous_duplicate_seat,2,s112333505050;s112333505080
W3,s112333505049,333505,8.0,37,offline_enemy,8-4_0,14.0,14,ambiguous_duplicate_seat,2,s112333505036;s112333505067
W3,s112333505050,333505,8.0,38,online_friend,8-1_0,37.0,37,ambiguous_duplicate_seat,2,s112333505049;s112333505079
W3,s112333505050,333505,8.0,38,offline_friend,8-3_0,37.0,37,ambiguous_duplicate_seat,2,s112333505049;s112333505079
W3,s112333505069,333505,8.0,27,online_friend,8-1_0,32.0,32,ambiguous_duplicate_seat,2,s112333505044;s112333505074
W3,s112333505069,333505,8.0,27,online_friend,8-1_1,38.0,38,ambiguous_duplicate_seat,2,s112333505050;s112333505080
W3,s112333505069,333505,8.0,27,online_enemy,8-2_1,9.0,9,ambiguous_duplicate_seat,2,s112333505031;s112333505062
W3,s112333505069,333505,8.0,27,offline_friend,8-3_0,38.0,38,ambiguous_duplicate_seat,2,s112333505050;s112333505080
W3,s112333505069,333505,8.0,27,offline_friend,8-3_1,32.0,32,ambiguous_duplicate_seat,2,s112333505044;s112333505074
W3,s112333505069,333505,8.0,27,offline_enemy,8-4_1,9.0,9,ambiguous_duplicate_seat,2,s112333505031;s112333505062
W3,s112333505082,333505,8.0,40,online_friend,8-1_1,10.0,10,ambiguous_duplicate_seat,2,s112333505063;s112333505032
W3,s112333505082,333505,8.0,40,offline_friend,8-3_1,10.0,10,ambiguous_duplicate_seat,2,s112333505063;s112333505032
W3,s112333505044,333505,8.0,32,online_friend,8-1_0,33.0,33,ambiguous_duplicate_seat,2,s112333505075;s112333505045
W3,s112333505080,333505,8.0,38,online_friend,8-1_0,32.0,32,ambiguous_duplicate_seat,2,s112333505044;s112333505074
W3,s112333505080,333505,8.0,38,online_enemy,8-2_3,1.0,1,ambiguous_duplicate_seat,2,s112333505024;s112333505054
W3,s112333505080,333505,8.0,38,offline_friend,8-3_0,32.0,32,ambiguous_duplicate_seat,2,s112333505044;s112333505074
W3,s112333505080,333505,8.0,38,offline_enemy,8-4_0,1.0,1,ambiguous_duplicate_seat,2,s112333505024;s112333505054
W3,s112333505075,333505,8.0,33,online_friend,8-1_0,32.0,32,ambiguous_duplicate_seat,2,s112333505044;s112333505074
W3,s112333505075,333505,8.0,33,online_friend,8-1_1,37.0,37,ambiguous_duplicate_seat,2,s112333505049;s112333505079
W3,s112333505075,333505,8.0,33,online_enemy,8-2_2,1.0,1,ambiguous_duplicate_seat,2,s112333505024;s112333505054
W3,s112333505075,333505,8.0,33,offline_friend,8-3_0,37.0,37,ambiguous_duplicate_seat,2,s112333505049;s112333505079
W3,s112333505075,333505,8.0,33,offline_friend,8-3_1,32.0,32,ambiguous_duplicate_seat,2,s112333505044;s112333505074
W3,s112333505075,333505,8.0,33,offline_enemy,8-4_0,1.0,1,ambiguous_duplicate_seat,2,s112333505024;s112333505054
W3,s112333505072,333505,8.0,30,online_friend,8-1_0,32.0,32,ambiguous_duplicate_seat,2,s112333505044;s112333505074
W3,s112333505072,333505,8.0,30,online_friend,8-1_3,38.0,38,ambiguous_duplicate_seat,2,s112333505050;s112333505080
W3,s112333505072,333505,8.0,30,offline_friend,8-3_0,32.0,32,ambiguous_duplicate_seat,2,s112333505044;s112333505074
W3,s112333505072,333505,8.0,30,offline_friend,8-3_3,38.0,38,ambiguous_duplicate_seat,2,s112333505050;s112333505080
W3,s112333505074,333505,8.0,32,online_friend,8-1_0,33.0,33,ambiguous_duplicate_seat,2,s112333505075;s112333505045
W3,s112333505074,333505,8.0,32,online_friend,8-1_1,38.0,38,ambiguous_duplicate_seat,2,s112333505050;s112333505080
W3,s112333505074,333505,8.0,32,online_enemy,8-2_0,33.0,33,ambiguous_duplicate_seat,2,s112333505075;s112333505045
W3,s112333505074,333505,8.0,32,online_enemy,8-2_1,38.0,38,ambiguous_duplicate_seat,2,s112333505050;s112333505080
W3,s112333505074,333505,8.0,32,online_enemy,8-2_4,37.0,37,ambiguous_duplicate_seat,2,s112333505049;s112333505079
W3,s112333505074,333505,8.0,32,offline_friend,8-3_1,38.0,38,ambiguous_duplicate_seat,2,s112333505050;s112333505080
W3,s112333505074,333505,8.0,32,offline_friend,8-3_2,33.0,33,ambiguous_duplicate_seat,2,s112333505075;s112333505045
W3,s112333505074,333505,8.0,32,offline_enemy,8-4_0,37.0,37,ambiguous_duplicate_seat,2,s112333505049;s112333505079
W3,s112333505074,333505,8.0,32,offline_enemy,8-4_1,33.0,33,ambiguous_duplicate_seat,2,s112333505075;s112333505045
W3,s112333505051,333505,8.0,39,online_friend,8-1_0,6.0,6,ambiguous_duplicate_seat,2,s112333505059;s112333505029
W3,s112333505051,333505,8.0,39,online_friend,8-1_1,10.0,10,ambiguous_duplicate_seat,2,s112333505063;s112333505032
W3,s112333505051,333505,8.0,39,offline_friend,8-3_1,6.0,6,ambiguous_duplicate_seat,2,s112333505059;s112333505029
W3,s112333505051,333505,8.0,39,offline_friend,8-3_4,9.0,9,ambiguous_duplicate_seat,2,s112333505031;s112333505062
W3,s112333505076,333505,8.0,34,online_friend,8-1_3,38.0,38,ambiguous_duplicate_seat,2,s112333505050;s112333505080
W3,s112333505076,333505,8.0,34,online_friend,8-1_4,32.0,32,ambiguous_duplicate_seat,2,s112333505044;s112333505074
W3,s112333505076,333505,8.0,34,online_enemy,8-2_3,9.0,9,ambiguous_duplicate_seat,2,s112333505031;s112333505062
W3,s112333505076,333505,8.0,34,offline_friend,8-3_2,32.0,32,ambiguous_duplicate_seat,2,s112333505044;s112333505074
W3,s112333505076,333505,8.0,34,offline_friend,8-3_4,38.0,38,ambiguous_duplicate_seat,2,s112333505050;s112333505080
W3,s112333505076,333505,8.0,34,offline_enemy,8-4_2,9.0,9,ambiguous_duplicate_seat,2,s112333505031;s112333505062
W3,s112333505070,333505,8.0,28,online_friend,8-1_0,1.0,1,ambiguous_duplicate_seat,2,s112333505024;s112333505054
W3,s112333505070,333505,8.0,28,offline_friend,8-3_0,6.0,6,ambiguous_duplicate_seat,2,s112333505059;s112333505029
W3,s112333505070,333505,8.0,28,offline_friend,8-3_3,9.0,9,ambiguous_duplicate_seat,2,s112333505031;s112333505062
W3,s112333505070,333505,8.0,28,offline_friend,8-3_4,10.0,10,ambiguous_duplicate_seat,2,s112333505063;s112333505032
W3,s112333505045,333505,8.0,33,online_friend,8-1_3,38.0,38,ambiguous_duplicate_seat,2,s112333505050;s112333505080
W3,s112333505045,333505,8.0,33,offline_friend,8-3_2,38.0,38,ambiguous_duplicate_seat,2,s112333505050;s112333505080
W3,s112333505077,333505,8.0,35,offline_friend,8-3_1,32.0,32,ambiguous_duplicate_seat,2,s112333505044;s112333505074
W3,s112333505077,333505,8.0,35,offline_enemy,8-4_1,37.0,37,ambiguous_duplicate_seat,2,s112333505049;s112333505079
W3,s112333505079,333505,8.0,37,online_friend,8-1_0,33.0,33,ambiguous_duplicate_seat,2,s112333505075;s112333505045
W3,s112333505079,333505,8.0,37,online_friend,8-1_1,38.0,38,ambiguous_duplicate_seat,2,s112333505050;s112333505080
W3,s112333505079,333505,8.0,37,online_friend,8-1_3,32.0,32,ambiguous_duplicate_seat,2,s112333505044;s112333505074
W3,s112333505079,333505,8.0,37,online_enemy,8-2_0,1.0,1,ambiguous_duplicate_seat,2,s112333505024;s112333505054
W3,s112333505079,333505,8.0,37,online_enemy,8-2_2,9.0,9,ambiguous_duplicate_seat,2,s112333505031;s112333505062
W3,s112333505079,333505,8.0,37,offline_friend,8-3_0,33.0,33,ambiguous_duplicate_seat,2,s112333505075;s112333505045
W3,s112333505079,333505,8.0,37,offline_friend,8-3_1,32.0,32,ambiguous_duplicate_seat,2,s112333505044;s112333505074
W3,s112333505079,333505,8.0,37,offline_friend,8-3_3,38.0,38,ambiguous_duplicate_seat,2,s112333505050;s112333505080
W3,s112333505079,333505,8.0,37,offline_friend,8-3_4,37.0,37,ambiguous_duplicate_seat,2,s112333505049;s112333505079
W3,s112333505079,333505,8.0,37,offline_enemy,8-4_0,1.0,1,ambiguous_duplicate_seat,2,s112333505024;s112333505054
W3,s112333505068,333505,8.0,26,online_friend,8-1_1,32.0,32,ambiguous_duplicate_seat,2,s112333505044;s112333505074
W3,s112333505068,333505,8.0,26,online_friend,8-1_2,38.0,38,ambiguous_duplicate_seat,2,s112333505050;s112333505080
W3,s112333505068,333505,8.0,26,online_enemy,8-2_3,9.0,9,ambiguous_duplicate_seat,2,s112333505031;s112333505062
W3,s112333505068,333505,8.0,26,online_enemy,8-2_4,1.0,1,ambiguous_duplicate_seat,2,s112333505024;s112333505054
W3,s112333505068,333505,8.0,26,offline_friend,8-3_1,32.0,32,ambiguous_duplicate_seat,2,s112333505044;s112333505074
W3,s112333505068,333505,8.0,26,offline_friend,8-3_2,38.0,38,ambiguous_duplicate_seat,2,s112333505050;s112333505080
W3,s112333505068,333505,8.0,26,offline_enemy,8-4_2,9.0,9,ambiguous_duplicate_seat,2,s112333505031;s112333505062
W3,s112333505068,333505,8.0,26,offline_enemy,8-4_3,1.0,1,ambiguous_duplicate_seat,2,s112333505024;s112333505054
W3,s112034565036,34565,803.0,14,online_friend,8-1_2,14.0,14,ambiguous_duplicate_seat,2,s112034565036;s112034565037
W3,s112034565036,34565,803.0,14,offline_friend,8-3_3,14.0,14,ambiguous_duplicate_seat,2,s112034565036;s112034565037
W3,s112034565028,34565,803.0,5,offline_friend,8-3_3,14.0,14,ambiguous_duplicate_seat,2,s112034565036;s112034565037
W3,s112034565035,34565,803.0,12,online_friend,8-1_1,14.0,14,ambiguous_duplicate_seat,2,s112034565036;s112034565037
W3,s112034565035,34565,803.0,12,offline_friend,8-3_2,14.0,14,ambiguous_duplicate_seat,2,s112034565036;s112034565037
W3,s112201304027,201304,二年1班,2,online_friend,8-1_0,1.0,1,ambiguous_duplicate_seat,2,s112201304025;s112201304026
W3,s112201304027,201304,二年1班,2,online_friend,8-1_4,6.0,6,ambiguous_duplicate_seat,2,s112201304049;s112201304032
W3,s112201304027,201304,二年1班,2,offline_friend,8-3_0,1.0,1,ambiguous_duplicate_seat,2,s112201304025;s112201304026
W3,s112201304027,201304,二年1班,2,offline_friend,8-3_1,5.0,5,ambiguous_duplicate_seat,2,s112201304048;s112201304030
W3,s112034565032,34565,803.0,9,online_friend,8-1_4,14.0,14,ambiguous_duplicate_seat,2,s112034565036;s112034565037
W3,s112034565032,34565,803.0,9,offline_friend,8-3_4,14.0,14,ambiguous_duplicate_seat,2,s112034565036;s112034565037
W3,s112034565033,34565,803.0,10,online_friend,8-1_3,14.0,14,ambiguous_duplicate_seat,2,s112034565036;s112034565037
W3,s112201304042,201304,二年1班,11,online_enemy,8-2_0,5.0,5,ambiguous_duplicate_seat,2,s112201304048;s112201304030
W3,s112201304042,201304,二年1班,11,offline_enemy,8-4_0,5.0,5,ambiguous_duplicate_seat,2,s112201304048;s112201304030
W3,s112201304032,201304,二年1班,6,online_friend,8-1_0,1.0,1,ambiguous_duplicate_seat,2,s112201304025;s112201304026
W3,s112201304032,201304,二年1班,6,online_friend,8-1_1,1.0,1,ambiguous_duplicate_seat,2,s112201304025;s112201304026
W3,s112201304032,201304,二年1班,6,online_friend,8-1_2,1.0,1,ambiguous_duplicate_seat,2,s112201304025;s112201304026
W3,s112201304032,201304,二年1班,6,online_friend,8-1_3,1.0,1,ambiguous_duplicate_seat,2,s112201304025;s112201304026
W3,s112201304032,201304,二年1班,6,online_friend,8-1_4,1.0,1,ambiguous_duplicate_seat,2,s112201304025;s112201304026
W3,s112201304032,201304,二年1班,6,online_enemy,8-2_0,7.0,7,ambiguous_duplicate_seat,2,s112201304034;s112201304053
W3,s112201304032,201304,二年1班,6,online_enemy,8-2_1,7.0,7,ambiguous_duplicate_seat,2,s112201304034;s112201304053
W3,s112201304032,201304,二年1班,6,online_enemy,8-2_2,7.0,7,ambiguous_duplicate_seat,2,s112201304034;s112201304053
W3,s112201304032,201304,二年1班,6,online_enemy,8-2_3,7.0,7,ambiguous_duplicate_seat,2,s112201304034;s112201304053
W3,s112201304032,201304,二年1班,6,online_enemy,8-2_4,7.0,7,ambiguous_duplicate_seat,2,s112201304034;s112201304053
W3,s112201304032,201304,二年1班,6,offline_friend,8-3_0,7.0,7,ambiguous_duplicate_seat,2,s112201304034;s112201304053
W3,s112201304032,201304,二年1班,6,offline_friend,8-3_1,7.0,7,ambiguous_duplicate_seat,2,s112201304034;s112201304053
W3,s112201304032,201304,二年1班,6,offline_friend,8-3_2,7.0,7,ambiguous_duplicate_seat,2,s112201304034;s112201304053
W3,s112201304032,201304,二年1班,6,offline_friend,8-3_3,7.0,7,ambiguous_duplicate_seat,2,s112201304034;s112201304053
W3,s112201304032,201304,二年1班,6,offline_friend,8-3_4,7.0,7,ambiguous_duplicate_seat,2,s112201304034;s112201304053
W3,s113034565003,34565,803.0,16,online_friend,8-1_2,14.0,14,ambiguous_duplicate_seat,2,s112034565036;s112034565037
W3,s113034565003,34565,803.0,16,offline_friend,8-3_2,14.0,14,ambiguous_duplicate_seat,2,s112034565036;s112034565037
W3,s112034565029,34565,803.0,6,online_friend,8-1_3,14.0,14,ambiguous_duplicate_seat,2,s112034565036;s112034565037
W3,s112034565029,34565,803.0,6,offline_friend,8-3_4,14.0,14,ambiguous_duplicate_seat,2,s112034565036;s112034565037
W3,s112201304060,201304,二年3班,21,online_friend,8-1_1,25.0,25,ambiguous_duplicate_seat,2,s112201304070;s112201304062
W3,s112201304060,201304,二年3班,21,offline_friend,8-3_1,25.0,25,ambiguous_duplicate_seat,2,s112201304070;s112201304062
W3,s112201304044,201304,二年1班,13,online_friend,8-1_4,1.0,1,ambiguous_duplicate_seat,2,s112201304025;s112201304026
W3,s112201304044,201304,二年1班,13,online_enemy,8-2_0,2.0,2,ambiguous_duplicate_seat,2,s112201304031;s112201304027
W3,s112201304044,201304,二年1班,13,online_enemy,8-2_1,5.0,5,ambiguous_duplicate_seat,2,s112201304048;s112201304030
W3,s112201304044,201304,二年1班,13,online_enemy,8-2_2,4.0,4,ambiguous_duplicate_seat,2,s112201304029;s112201304039
W3,s112201304044,201304,二年1班,13,online_enemy,8-2_4,6.0,6,ambiguous_duplicate_seat,2,s112201304049;s112201304032
W3,s112201304046,201304,二年1班,15,online_friend,8-1_0,1.0,1,ambiguous_duplicate_seat,2,s112201304025;s112201304026
W3,s112201304046,201304,二年1班,15,online_friend,8-1_4,2.0,2,ambiguous_duplicate_seat,2,s112201304031;s112201304027
W3,s112201304046,201304,二年1班,15,offline_friend,8-3_0,1.0,1,ambiguous_duplicate_seat,2,s112201304025;s112201304026
W3,s112201304046,201304,二年1班,15,offline_friend,8-3_1,2.0,2,ambiguous_duplicate_seat,2,s112201304031;s112201304027
W3,s112201304046,201304,二年1班,15,offline_friend,8-3_2,5.0,5,ambiguous_duplicate_seat,2,s112201304048;s112201304030
W3,s112201304057,201304,二年1班,20,online_friend,8-1_0,5.0,5,ambiguous_duplicate_seat,2,s112201304048;s112201304030
W3,s112201304057,201304,二年1班,20,online_enemy,8-2_0,2.0,2,ambiguous_duplicate_seat,2,s112201304031;s112201304027
W3,s112201304057,201304,二年1班,20,offline_friend,8-3_0,5.0,5,ambiguous_duplicate_seat,2,s112201304048;s112201304030
W3,s112201304057,201304,二年1班,20,offline_enemy,8-4_0,2.0,2,ambiguous_duplicate_seat,2,s112201304031;s112201304027
W3,s112201304061,201304,二年3班,24,online_friend,8-1_0,25.0,25,ambiguous_duplicate_seat,2,s112201304070;s112201304062
W3,s112201304061,201304,二年3班,24,online_friend,8-1_3,26.0,26,ambiguous_duplicate_seat,2,s112201304081;s112201304071
W3,s112201304061,201304,二年3班,24,online_friend,8-1_4,27.0,27,ambiguous_duplicate_seat,3,s112201304085;s112201304073;s112201304024
W3,s112201304061,201304,二年3班,24,offline_friend,8-3_1,25.0,25,ambiguous_duplicate_seat,2,s112201304070;s112201304062
W3,s112201304061,201304,二年3班,24,offline_friend,8-3_2,26.0,26,ambiguous_duplicate_seat,2,s112201304081;s112201304071
W3,s112201304061,201304,二年3班,24,offline_friend,8-3_3,27.0,27,ambiguous_duplicate_seat,3,s112201304085;s112201304073;s112201304024
W3,s112201304050,201304,二年1班,17,online_friend,8-1_2,6.0,6,ambiguous_duplicate_seat,2,s112201304049;s112201304032
W3,s112201304050,201304,二年1班,17,offline_friend,8-3_0,6.0,6,ambiguous_duplicate_seat,2,s112201304049;s112201304032
W3,s112201304050,201304,二年1班,17,offline_friend,8-3_4,6.0,6,ambiguous_duplicate_seat,2,s112201304049;s112201304032
W3,s112201304025,201304,二年1班,1,online_friend,8-1_1,2.0,2,ambiguous_duplicate_seat,2,s112201304031;s112201304027
W3,s112201304025,201304,二年1班,1,online_friend,8-1_2,6.0,6,ambiguous_duplicate_seat,2,s112201304049;s112201304032
W3,s112201304025,201304,二年1班,1,offline_friend,8-3_1,5.0,5,ambiguous_duplicate_seat,2,s112201304048;s112201304030
W3,s112201304025,201304,二年1班,1,offline_friend,8-3_2,2.0,2,ambiguous_duplicate_seat,2,s112201304031;s112201304027
W3,s112201304025,201304,二年1班,1,offline_friend,8-3_3,6.0,6,ambiguous_duplicate_seat,2,s112201304049;s112201304032
W3,s112201304036,201304,二年1班,8,online_friend,8-1_1,5.0,5,ambiguous_duplicate_seat,2,s112201304048;s112201304030
W3,s112201304036,201304,二年1班,8,online_friend,8-1_4,1.0,1,ambiguous_duplicate_seat,2,s112201304025;s112201304026
W3,s112201304036,201304,二年1班,8,online_enemy,8-2_1,7.0,7,ambiguous_duplicate_seat,2,s112201304034;s112201304053
W3,s112201304036,201304,二年1班,8,online_enemy,8-2_2,4.0,4,ambiguous_duplicate_seat,2,s112201304029;s112201304039
W3,s112201304036,201304,二年1班,8,online_enemy,8-2_3,2.0,2,ambiguous_duplicate_seat,2,s112201304031;s112201304027
W3,s112201304036,201304,二年1班,8,offline_friend,8-3_1,1.0,1,ambiguous_duplicate_seat,2,s112201304025;s112201304026
W3,s112201304036,201304,二年1班,8,offline_enemy,8-4_0,2.0,2,ambiguous_duplicate_seat,2,s112201304031;s112201304027
W3,s112201304036,201304,二年1班,8,offline_enemy,8-4_1,4.0,4,ambiguous_duplicate_seat,2,s112201304029;s112201304039
W3,s112201304036,201304,二年1班,8,offline_enemy,8-4_4,7.0,7,ambiguous_duplicate_seat,2,s112201304034;s112201304053
W3,s112201304047,201304,二年1班,16,online_friend,8-1_0,1.0,1,ambiguous_duplicate_seat,2,s112201304025;s112201304026
W3,s112201304047,201304,二年1班,16,offline_friend,8-3_0,1.0,1,ambiguous_duplicate_seat,2,s112201304025;s112201304026
W3,s112201304030,201304,二年1班,5,online_friend,8-1_0,1.0,1,ambiguous_duplicate_seat,2,s112201304025;s112201304026
W3,s112201304030,201304,二年1班,5,online_friend,8-1_2,9.0,9,ambiguous_duplicate_seat,2,s112201304037;s112201304056
W3,s112201304030,201304,二年1班,5,offline_friend,8-3_0,1.0,1,ambiguous_duplicate_seat,2,s112201304025;s112201304026
W3,s112201304062,201304,二年3班,25,online_friend,8-1_2,26.0,26,ambiguous_duplicate_seat,2,s112201304081;s112201304071
W3,s112201304062,201304,二年3班,25,online_friend,8-1_4,27.0,27,ambiguous_duplicate_seat,3,s112201304085;s112201304073;s112201304024
W3,s112201304062,201304,二年3班,25,offline_friend,8-3_1,26.0,26,ambiguous_duplicate_seat,2,s112201304081;s112201304071
W3,s112201304062,201304,二年3班,25,offline_friend,8-3_2,27.0,27,ambiguous_duplicate_seat,3,s112201304085;s112201304073;s112201304024
W3,s112201304041,201304,二年1班,22,online_friend,8-1_2,2.0,2,ambiguous_duplicate_seat,2,s112201304031;s112201304027
W3,s112201304041,201304,二年1班,22,online_friend,8-1_3,6.0,6,ambiguous_duplicate_seat,2,s112201304049;s112201304032
W3,s112201304041,201304,二年1班,22,offline_friend,8-3_2,2.0,2,ambiguous_duplicate_seat,2,s112201304031;s112201304027
W3,s112201304041,201304,二年1班,22,offline_friend,8-3_3,6.0,6,ambiguous_duplicate_seat,2,s112201304049;s112201304032
W3,s112071311082,71311,812.0,18,online_friend,8-1_3,41.0,41,ambiguous_duplicate_seat,2,s112071311120;s112071311093
W3,s112071311082,71311,812.0,18,offline_friend,8-3_2,41.0,41,ambiguous_duplicate_seat,2,s112071311120;s112071311093
W3,s112071311038,71311,805.0,7,online_friend,8-1_3,14.0,14,ambiguous_duplicate_seat,2,s112071311040;s112071311054
W3,s112071311038,71311,805.0,7,offline_friend,8-3_3,14.0,14,ambiguous_duplicate_seat,2,s112071311040;s112071311054
W3,s112044529035,44529,8.0,12,online_friend,8-1_1,3.0,3,ambiguous_duplicate_seat,2,s112044529026;s112044529058
W3,s112044529035,44529,8.0,12,online_friend,8-1_3,1.0,1,ambiguous_duplicate_seat,2,s112044529024;s112044529056
W3,s112044529035,44529,8.0,12,online_enemy,8-2_0,24.0,24,ambiguous_duplicate_seat,2,s112044529075;s112044529042
W3,s112044529035,44529,8.0,12,offline_enemy,8-4_0,24.0,24,ambiguous_duplicate_seat,2,s112044529075;s112044529042
W3,s112044529067,44529,8.0,12,online_friend,8-1_4,13.0,13,ambiguous_duplicate_seat,2,s112044529068;s112044529036
W3,s112044529067,44529,8.0,12,online_enemy,8-2_2,34.0,34,ambiguous_duplicate_seat,2,s112044529052;s112044529085
W3,s112044529067,44529,8.0,12,online_enemy,8-2_3,26.0,26,ambiguous_duplicate_seat,2,s112044529077;s112044529044
W3,s112044529067,44529,8.0,12,online_enemy,8-2_4,30.0,30,ambiguous_duplicate_seat,2,s112044529048;s112044529081
W3,s112044529067,44529,8.0,12,offline_friend,8-3_4,13.0,13,ambiguous_duplicate_seat,2,s112044529068;s112044529036
W3,s112044529067,44529,8.0,12,offline_enemy,8-4_2,34.0,34,ambiguous_duplicate_seat,2,s112044529052;s112044529085
W3,s112044529067,44529,8.0,12,offline_enemy,8-4_3,26.0,26,ambiguous_duplicate_seat,2,s112044529077;s112044529044
W3,s112044529067,44529,8.0,12,offline_enemy,8-4_4,30.0,30,ambiguous_duplicate_seat,2,s112044529048;s112044529081
W3,s112044529065,44529,8.0,10,online_friend,8-1_0,12.0,12,ambiguous_duplicate_seat,2,s112044529035;s112044529067
W3,s112044529065,44529,8.0,10,online_friend,8-1_4,15.0,15,ambiguous_duplicate_seat,2,s112044529038;s112044529070
W3,s112044529065,44529,8.0,10,online_enemy,8-2_0,13.0,13,ambiguous_duplicate_seat,2,s112044529068;s112044529036
W3,s112044529065,44529,8.0,10,online_enemy,8-2_1,4.0,4,ambiguous_duplicate_seat,2,s112044529027;s112044529059
W3,s112044529065,44529,8.0,10,online_enemy,8-2_2,15.0,15,ambiguous_duplicate_seat,2,s112044529038;s112044529070
W3,s112044529065,44529,8.0,10,online_enemy,8-2_3,3.0,3,ambiguous_duplicate_seat,2,s112044529026;s112044529058
W3,s112044529065,44529,8.0,10,offline_friend,8-3_0,12.0,12,ambiguous_duplicate_seat,2,s112044529035;s112044529067
W3,s112044529065,44529,8.0,10,offline_enemy,8-4_0,13.0,13,ambiguous_duplicate_seat,2,s112044529068;s112044529036
W3,s112044529065,44529,8.0,10,offline_enemy,8-4_1,4.0,4,ambiguous_duplicate_seat,2,s112044529027;s112044529059
W3,s112044529065,44529,8.0,10,offline_enemy,8-4_2,3.0,3,ambiguous_duplicate_seat,2,s112044529026;s112044529058
W3,s112044529032,44529,8.0,9,online_friend,8-1_2,32.0,32,ambiguous_duplicate_seat,2,s112044529050;s112044529083
W3,s112044529032,44529,8.0,9,online_friend,8-1_3,15.0,15,ambiguous_duplicate_seat,2,s112044529038;s112044529070
W3,s112044529032,44529,8.0,9,online_enemy,8-2_0,24.0,24,ambiguous_duplicate_seat,2,s112044529075;s112044529042
W3,s112044529032,44529,8.0,9,online_enemy,8-2_2,12.0,12,ambiguous_duplicate_seat,2,s112044529035;s112044529067
W3,s112044529032,44529,8.0,9,offline_friend,8-3_0,32.0,32,ambiguous_duplicate_seat,2,s112044529050;s112044529083
W3,s112044529032,44529,8.0,9,offline_friend,8-3_4,15.0,15,ambiguous_duplicate_seat,2,s112044529038;s112044529070
W3,s112044529032,44529,8.0,9,offline_enemy,8-4_0,24.0,24,ambiguous_duplicate_seat,2,s112044529075;s112044529042
W3,s112044529032,44529,8.0,9,offline_enemy,8-4_2,12.0,12,ambiguous_duplicate_seat,2,s112044529035;s112044529067
W3,s112044529062,44529,8.0,7,online_friend,8-1_0,3.0,3,ambiguous_duplicate_seat,2,s112044529026;s112044529058
W3,s112044529062,44529,8.0,7,online_friend,8-1_2,15.0,15,ambiguous_duplicate_seat,2,s112044529038;s112044529070
W3,s112044529062,44529,8.0,7,online_enemy,8-2_0,13.0,13,ambiguous_duplicate_seat,2,s112044529068;s112044529036
W3,s112044529062,44529,8.0,7,online_enemy,8-2_1,4.0,4,ambiguous_duplicate_seat,2,s112044529027;s112044529059
W3,s112044529062,44529,8.0,7,offline_friend,8-3_0,3.0,3,ambiguous_duplicate_seat,2,s112044529026;s112044529058
W3,s112044529062,44529,8.0,7,offline_friend,8-3_3,15.0,15,ambiguous_duplicate_seat,2,s112044529038;s112044529070
W3,s112044529062,44529,8.0,7,offline_enemy,8-4_0,4.0,4,ambiguous_duplicate_seat,2,s112044529027;s112044529059
W3,s112044529062,44529,8.0,7,offline_enemy,8-4_1,13.0,13,ambiguous_duplicate_seat,2,s112044529068;s112044529036
W3,s112044529062,44529,8.0,7,offline_enemy,8-4_3,26.0,26,ambiguous_duplicate_seat,2,s112044529077;s112044529044
W3,s112044529068,44529,8.0,13,online_friend,8-1_0,1.0,1,ambiguous_duplicate_seat,2,s112044529024;s112044529056
W3,s112044529068,44529,8.0,13,online_friend,8-1_1,12.0,12,ambiguous_duplicate_seat,2,s112044529035;s112044529067
W3,s112044529068,44529,8.0,13,online_friend,8-1_2,4.0,4,ambiguous_duplicate_seat,2,s112044529027;s112044529059
W3,s112044529068,44529,8.0,13,online_enemy,8-2_0,34.0,34,ambiguous_duplicate_seat,2,s112044529052;s112044529085
W3,s112044529068,44529,8.0,13,online_enemy,8-2_1,29.0,29,ambiguous_duplicate_seat,2,s112044529047;s112044529080
W3,s112044529068,44529,8.0,13,online_enemy,8-2_3,30.0,30,ambiguous_duplicate_seat,2,s112044529048;s112044529081
W3,s112044529068,44529,8.0,13,online_enemy,8-2_4,32.0,32,ambiguous_duplicate_seat,2,s112044529050;s112044529083
W3,s112044529068,44529,8.0,13,offline_friend,8-3_0,1.0,1,ambiguous_duplicate_seat,2,s112044529024;s112044529056
W3,s112044529068,44529,8.0,13,offline_friend,8-3_1,12.0,12,ambiguous_duplicate_seat,2,s112044529035;s112044529067
W3,s112044529068,44529,8.0,13,offline_friend,8-3_2,4.0,4,ambiguous_duplicate_seat,2,s112044529027;s112044529059
W3,s112044529068,44529,8.0,13,offline_enemy,8-4_0,34.0,34,ambiguous_duplicate_seat,2,s112044529052;s112044529085
W3,s112044529068,44529,8.0,13,offline_enemy,8-4_1,29.0,29,ambiguous_duplicate_seat,2,s112044529047;s112044529080
W3,s112044529068,44529,8.0,13,offline_enemy,8-4_3,32.0,32,ambiguous_duplicate_seat,2,s112044529050;s112044529083
W3,s112044529068,44529,8.0,13,offline_enemy,8-4_4,26.0,26,ambiguous_duplicate_seat,2,s112044529077;s112044529044
W3,s112044529034,44529,8.0,11,online_friend,8-1_1,3.0,3,ambiguous_duplicate_seat,2,s112044529026;s112044529058
W3,s112044529034,44529,8.0,11,online_friend,8-1_3,12.0,12,ambiguous_duplicate_seat,2,s112044529035;s112044529067
W3,s112044529034,44529,8.0,11,online_friend,8-1_4,1.0,1,ambiguous_duplicate_seat,2,s112044529024;s112044529056
W3,s112044529034,44529,8.0,11,offline_friend,8-3_0,3.0,3,ambiguous_duplicate_seat,2,s112044529026;s112044529058
W3,s112044529034,44529,8.0,11,offline_friend,8-3_1,1.0,1,ambiguous_duplicate_seat,2,s112044529024;s112044529056
W3,s112044529034,44529,8.0,11,offline_friend,8-3_2,12.0,12,ambiguous_duplicate_seat,2,s112044529035;s112044529067
W3,s112044529034,44529,8.0,11,offline_enemy,8-4_0,24.0,24,ambiguous_duplicate_seat,2,s112044529075;s112044529042
W3,s112044529027,44529,8.0,4,online_friend,8-1_0,34.0,34,ambiguous_duplicate_seat,2,s112044529052;s112044529085
W3,s112044529027,44529,8.0,4,online_friend,8-1_1,1.0,1,ambiguous_duplicate_seat,2,s112044529024;s112044529056
W3,s112044529027,44529,8.0,4,online_friend,8-1_2,3.0,3,ambiguous_duplicate_seat,2,s112044529026;s112044529058
W3,s112044529027,44529,8.0,4,online_friend,8-1_4,15.0,15,ambiguous_duplicate_seat,2,s112044529038;s112044529070
W3,s112044529027,44529,8.0,4,offline_friend,8-3_0,34.0,34,ambiguous_duplicate_seat,2,s112044529052;s112044529085
W3,s112044529027,44529,8.0,4,offline_friend,8-3_1,1.0,1,ambiguous_duplicate_seat,2,s112044529024;s112044529056
W3,s112044529027,44529,8.0,4,offline_friend,8-3_2,3.0,3,ambiguous_duplicate_seat,2,s112044529026;s112044529058
W3,s112044529027,44529,8.0,4,offline_friend,8-3_4,15.0,15,ambiguous_duplicate_seat,2,s112044529038;s112044529070
W3,s112044529026,44529,8.0,3,online_friend,8-1_0,1.0,1,ambiguous_duplicate_seat,2,s112044529024;s112044529056
W3,s112044529026,44529,8.0,3,online_friend,8-1_1,12.0,12,ambiguous_duplicate_seat,2,s112044529035;s112044529067
W3,s112044529026,44529,8.0,3,online_enemy,8-2_0,24.0,24,ambiguous_duplicate_seat,2,s112044529075;s112044529042
W3,s112044529026,44529,8.0,3,online_enemy,8-2_1,24.0,24,ambiguous_duplicate_seat,2,s112044529075;s112044529042
W3,s112044529026,44529,8.0,3,online_enemy,8-2_2,24.0,24,ambiguous_duplicate_seat,2,s112044529075;s112044529042
W3,s112044529026,44529,8.0,3,online_enemy,8-2_3,24.0,24,ambiguous_duplicate_seat,2,s112044529075;s112044529042
W3,s112044529026,44529,8.0,3,online_enemy,8-2_4,24.0,24,ambiguous_duplicate_seat,2,s112044529075;s112044529042
W3,s112044529026,44529,8.0,3,offline_friend,8-3_0,1.0,1,ambiguous_duplicate_seat,2,s112044529024;s112044529056
W3,s112044529026,44529,8.0,3,offline_friend,8-3_1,12.0,12,ambiguous_duplicate_seat,2,s112044529035;s112044529067
W3,s112044529026,44529,8.0,3,offline_enemy,8-4_0,24.0,24,ambiguous_duplicate_seat,2,s112044529075;s112044529042
W3,s112044529026,44529,8.0,3,offline_enemy,8-4_1,24.0,24,ambiguous_duplicate_seat,2,s112044529075;s112044529042
W3,s112044529026,44529,8.0,3,offline_enemy,8-4_2,24.0,24,ambiguous_duplicate_seat,2,s112044529075;s112044529042
W3,s112044529026,44529,8.0,3,offline_enemy,8-4_3,24.0,24,ambiguous_duplicate_seat,2,s112044529075;s112044529042
W3,s112044529026,44529,8.0,3,offline_enemy,8-4_4,24.0,24,ambiguous_duplicate_seat,2,s112044529075;s112044529042
W3,s112044529071,44529,8.0,16,online_friend,8-1_1,1.0,1,ambiguous_duplicate_seat,2,s112044529024;s112044529056
W3,s112044529071,44529,8.0,16,online_enemy,8-2_0,34.0,34,ambiguous_duplicate_seat,2,s112044529052;s112044529085
W3,s112044529071,44529,8.0,16,online_enemy,8-2_2,30.0,30,ambiguous_duplicate_seat,2,s112044529048;s112044529081
W3,s112044529071,44529,8.0,16,online_enemy,8-2_4,13.0,13,ambiguous_duplicate_seat,2,s112044529068;s112044529036
W3,s112044529071,44529,8.0,16,offline_friend,8-3_1,1.0,1,ambiguous_duplicate_seat,2,s112044529024;s112044529056
W3,s112044529071,44529,8.0,16,offline_enemy,8-4_0,34.0,34,ambiguous_duplicate_seat,2,s112044529052;s112044529085
W3,s112044529071,44529,8.0,16,offline_enemy,8-4_1,13.0,13,ambiguous_duplicate_seat,2,s112044529068;s112044529036
W3,s112044529071,44529,8.0,16,offline_enemy,8-4_2,4.0,4,ambiguous_duplicate_seat,2,s112044529027;s112044529059
W3,s112044529071,44529,8.0,16,offline_enemy,8-4_3,32.0,32,ambiguous_duplicate_seat,2,s112044529050;s112044529083
W3,s112044529058,44529,8.0,3,online_friend,8-1_3,12.0,12,ambiguous_duplicate_seat,2,s112044529035;s112044529067
W3,s112044529058,44529,8.0,3,offline_friend,8-3_4,12.0,12,ambiguous_duplicate_seat,2,s112044529035;s112044529067
W3,s112044529058,44529,8.0,3,offline_enemy,8-4_1,13.0,13,ambiguous_duplicate_seat,2,s112044529068;s112044529036
W3,s112044529036,44529,8.0,13,online_friend,8-1_4,29.0,29,ambiguous_duplicate_seat,2,s112044529047;s112044529080
W3,s112044529036,44529,8.0,13,online_enemy,8-2_0,1.0,1,ambiguous_duplicate_seat,2,s112044529024;s112044529056
W3,s112044529036,44529,8.0,13,online_enemy,8-2_2,3.0,3,ambiguous_duplicate_seat,2,s112044529026;s112044529058
W3,s112044529036,44529,8.0,13,online_enemy,8-2_3,4.0,4,ambiguous_duplicate_seat,2,s112044529027;s112044529059
W3,s112044529036,44529,8.0,13,offline_friend,8-3_2,29.0,29,ambiguous_duplicate_seat,2,s112044529047;s112044529080
W3,s112044529036,44529,8.0,13,offline_enemy,8-4_0,1.0,1,ambiguous_duplicate_seat,2,s112044529024;s112044529056
W3,s112044529036,44529,8.0,13,offline_enemy,8-4_2,4.0,4,ambiguous_duplicate_seat,2,s112044529027;s112044529059
W3,s112044529036,44529,8.0,13,offline_enemy,8-4_3,3.0,3,ambiguous_duplicate_seat,2,s112044529026;s112044529058
W3,s112044529060,44529,8.0,5,online_friend,8-1_1,3.0,3,ambiguous_duplicate_seat,2,s112044529026;s112044529058
W3,s112044529060,44529,8.0,5,online_friend,8-1_2,15.0,15,ambiguous_duplicate_seat,2,s112044529038;s112044529070
W3,s112044529060,44529,8.0,5,online_enemy,8-2_1,13.0,13,ambiguous_duplicate_seat,2,s112044529068;s112044529036
W3,s112044529060,44529,8.0,5,offline_friend,8-3_3,15.0,15,ambiguous_duplicate_seat,2,s112044529038;s112044529070
W3,s112044529057,44529,8.0,2,online_friend,8-1_0,12.0,12,ambiguous_duplicate_seat,2,s112044529035;s112044529067
W3,s112044529057,44529,8.0,2,online_friend,8-1_1,24.0,24,ambiguous_duplicate_seat,2,s112044529075;s112044529042
W3,s112044529057,44529,8.0,2,offline_friend,8-3_0,12.0,12,ambiguous_duplicate_seat,2,s112044529035;s112044529067
W3,s112044529057,44529,8.0,2,offline_friend,8-3_1,24.0,24,ambiguous_duplicate_seat,2,s112044529075;s112044529042
W3,s112044529057,44529,8.0,2,offline_enemy,8-4_0,34.0,34,ambiguous_duplicate_seat,2,s112044529052;s112044529085
W3,s112044529037,44529,8.0,14,online_friend,8-1_1,13.0,13,ambiguous_duplicate_seat,2,s112044529068;s112044529036
W3,s112044529037,44529,8.0,14,online_friend,8-1_2,29.0,29,ambiguous_duplicate_seat,2,s112044529047;s112044529080
W3,s112044529037,44529,8.0,14,online_enemy,8-2_0,1.0,1,ambiguous_duplicate_seat,2,s112044529024;s112044529056
W3,s112044529037,44529,8.0,14,offline_friend,8-3_0,13.0,13,ambiguous_duplicate_seat,2,s112044529068;s112044529036
W3,s112044529037,44529,8.0,14,offline_friend,8-3_2,29.0,29,ambiguous_duplicate_seat,2,s112044529047;s112044529080
W3,s112044529037,44529,8.0,14,offline_enemy,8-4_0,1.0,1,ambiguous_duplicate_seat,2,s112044529024;s112044529056
W3,s112044529070,44529,8.0,15,online_friend,8-1_3,3.0,3,ambiguous_duplicate_seat,2,s112044529026;s112044529058
W3,s112044529070,44529,8.0,15,online_friend,8-1_4,24.0,24,ambiguous_duplicate_seat,2,s112044529075;s112044529042
W3,s112044529070,44529,8.0,15,offline_enemy,8-4_0,31.0,31,ambiguous_duplicate_seat,2,s112044529049;s112044529082
W3,s112071311045,71311,805.0,15,online_enemy,8-2_1,14.0,14,ambiguous_duplicate_seat,2,s112071311040;s112071311054
W3,s112071311045,71311,805.0,15,offline_enemy,8-4_1,14.0,14,ambiguous_duplicate_seat,2,s112071311040;s112071311054
W3,s112071311056,71311,805.0,17,online_enemy,8-2_1,14.0,14,ambiguous_duplicate_seat,2,s112071311040;s112071311054
W3,s112071311056,71311,805.0,17,offline_enemy,8-4_1,14.0,14,ambiguous_duplicate_seat,2,s112071311040;s112071311054
W3,s112071311083,71311,812.0,24,online_friend,8-1_4,41.0,41,ambiguous_duplicate_seat,2,s112071311120;s112071311093
W3,s112071311083,71311,812.0,24,offline_friend,8-3_4,41.0,41,ambiguous_duplicate_seat,2,s112071311120;s112071311093
W3,s112124322042,124322,803.0,21,online_friend,8-1_2,18.0,18,ambiguous_duplicate_seat,2,s112124322043;s112124322039
W3,s112124322043,124322,803.0,18,online_friend,8-1_0,18.0,18,ambiguous_duplicate_seat,2,s112124322043;s112124322039
W3,s112124322043,124322,803.0,18,offline_friend,8-3_3,18.0,18,ambiguous_duplicate_seat,2,s112124322043;s112124322039
W3,s112124322037,124322,803.0,8,online_friend,8-1_0,8.0,8,ambiguous_duplicate_seat,2,s112124322030;s112124322037
W3,s112124322037,124322,803.0,8,online_friend,8-1_1,18.0,18,ambiguous_duplicate_seat,2,s112124322043;s112124322039
W3,s112124322037,124322,803.0,8,offline_friend,8-3_0,8.0,8,ambiguous_duplicate_seat,2,s112124322030;s112124322037
W3,s112124322037,124322,803.0,8,offline_friend,8-3_1,18.0,18,ambiguous_duplicate_seat,2,s112124322043;s112124322039
W3,s112124322038,124322,803.0,17,online_friend,8-1_1,18.0,18,ambiguous_duplicate_seat,2,s112124322043;s112124322039
W3,s112124322038,124322,803.0,17,offline_friend,8-3_1,18.0,18,ambiguous_duplicate_seat,2,s112124322043;s112124322039
W3,s112124322044,124322,803.0,23,online_friend,8-1_1,18.0,18,ambiguous_duplicate_seat,2,s112124322043;s112124322039
W3,s112124322044,124322,803.0,23,offline_friend,8-3_1,18.0,18,ambiguous_duplicate_seat,2,s112124322043;s112124322039
W3,s112124322049,124322,803.0,28,online_friend,8-1_1,18.0,18,ambiguous_duplicate_seat,2,s112124322043;s112124322039
W3,s112124322049,124322,803.0,28,online_enemy,8-2_0,8.0,8,ambiguous_duplicate_seat,2,s112124322030;s112124322037
W3,s112124322049,124322,803.0,28,offline_friend,8-3_1,18.0,18,ambiguous_duplicate_seat,2,s112124322043;s112124322039
W3,s112124322049,124322,803.0,28,offline_enemy,8-4_0,8.0,8,ambiguous_duplicate_seat,2,s112124322030;s112124322037
W3,s112124322047,124322,803.0,26,online_friend,8-1_1,18.0,18,ambiguous_duplicate_seat,2,s112124322043;s112124322039
W3,s112124322047,124322,803.0,26,offline_friend,8-3_3,8.0,8,ambiguous_duplicate_seat,2,s112124322030;s112124322037
W3,s112124322048,124322,803.0,27,online_friend,8-1_1,18.0,18,ambiguous_duplicate_seat,2,s112124322043;s112124322039
W3,s112124322048,124322,803.0,27,offline_friend,8-3_1,18.0,18,ambiguous_duplicate_seat,2,s112124322043;s112124322039
W3,s112213509074,213509,2.0,21,online_friend,8-1_1,26.0,26,ambiguous_duplicate_seat,2,s112213509079;s112213509048
W3,s112213509074,213509,2.0,21,online_enemy,8-2_0,4.0,4,ambiguous_duplicate_seat,2,s112213509057;s112213509027
W3,s112213509074,213509,2.0,21,offline_friend,8-3_1,26.0,26,ambiguous_duplicate_seat,2,s112213509079;s112213509048
W3,s112213509074,213509,2.0,21,offline_enemy,8-4_0,4.0,4,ambiguous_duplicate_seat,2,s112213509057;s112213509027
W3,s112213509042,213509,2.0,19,online_friend,8-1_2,26.0,26,ambiguous_duplicate_seat,2,s112213509079;s112213509048
W3,s112213509042,213509,2.0,19,offline_friend,8-3_3,26.0,26,ambiguous_duplicate_seat,2,s112213509079;s112213509048
W3,s112213509081,213509,2.0,28,online_enemy,8-2_1,27.0,27,ambiguous_duplicate_seat,2,s112213509080;s112213509049
W3,s112213509081,213509,2.0,28,offline_friend,8-3_2,26.0,26,ambiguous_duplicate_seat,2,s112213509079;s112213509048
W3,s112213509081,213509,2.0,28,offline_enemy,8-4_2,27.0,27,ambiguous_duplicate_seat,2,s112213509080;s112213509049
W3,s112213509071,213509,2.0,18,online_friend,8-1_0,26.0,26,ambiguous_duplicate_seat,2,s112213509079;s112213509048
W3,s112213509071,213509,2.0,18,online_friend,8-1_2,21.0,21,ambiguous_duplicate_seat,2,s112213509074;s112213509044
W3,s112213509071,213509,2.0,18,online_enemy,8-2_0,27.0,27,ambiguous_duplicate_seat,2,s112213509080;s112213509049
W3,s112213509071,213509,2.0,18,offline_friend,8-3_0,26.0,26,ambiguous_duplicate_seat,2,s112213509079;s112213509048
W3,s112213509071,213509,2.0,18,offline_enemy,8-4_0,27.0,27,ambiguous_duplicate_seat,2,s112213509080;s112213509049
W3,s112213509051,213509,2.0,29,online_friend,8-1_0,26.0,26,ambiguous_duplicate_seat,2,s112213509079;s112213509048
W3,s112213509051,213509,2.0,29,online_enemy,8-2_0,16.0,16,ambiguous_duplicate_seat,2,s112213509069;s112213509039
W3,s112213509051,213509,2.0,29,offline_friend,8-3_1,26.0,26,ambiguous_duplicate_seat,2,s112213509079;s112213509048
W3,s112213509051,213509,2.0,29,offline_enemy,8-4_0,16.0,16,ambiguous_duplicate_seat,2,s112213509069;s112213509039
W3,s112213509065,213509,2.0,12,offline_enemy,8-4_1,27.0,27,ambiguous_duplicate_seat,2,s112213509080;s112213509049
W3,s112213509079,213509,2.0,26,online_friend,8-1_0,6.0,6,ambiguous_duplicate_seat,2,s112213509059;s112213509029
W3,s112213509079,213509,2.0,26,online_friend,8-1_2,21.0,21,ambiguous_duplicate_seat,2,s112213509074;s112213509044
W3,s112213509079,213509,2.0,26,offline_friend,8-3_3,16.0,16,ambiguous_duplicate_seat,2,s112213509069;s112213509039
W3,s112213509080,213509,2.0,27,online_friend,8-1_0,26.0,26,ambiguous_duplicate_seat,2,s112213509079;s112213509048
W3,s112213509080,213509,2.0,27,online_friend,8-1_1,21.0,21,ambiguous_duplicate_seat,2,s112213509074;s112213509044
W3,s112213509080,213509,2.0,27,online_friend,8-1_4,7.0,7,ambiguous_duplicate_seat,2,s112213509060;s112213509030
W3,s112213509080,213509,2.0,27,offline_friend,8-3_0,26.0,26,ambiguous_duplicate_seat,2,s112213509079;s112213509048
W3,s112213509080,213509,2.0,27,offline_friend,8-3_1,21.0,21,ambiguous_duplicate_seat,2,s112213509074;s112213509044
W3,s112213509080,213509,2.0,27,offline_friend,8-3_4,7.0,7,ambiguous_duplicate_seat,2,s112213509060;s112213509030
W3,s112213509048,213509,2.0,26,online_enemy,8-2_0,16.0,16,ambiguous_duplicate_seat,2,s112213509069;s112213509039
W3,s112213509048,213509,2.0,26,online_enemy,8-2_2,16.0,16,ambiguous_duplicate_seat,2,s112213509069;s112213509039
W3,s112213509048,213509,2.0,26,online_enemy,8-2_4,16.0,16,ambiguous_duplicate_seat,2,s112213509069;s112213509039
W3,s112213509048,213509,2.0,26,offline_enemy,8-4_1,16.0,16,ambiguous_duplicate_seat,2,s112213509069;s112213509039
W3,s112213509076,213509,2.0,23,online_friend,8-1_0,21.0,21,ambiguous_duplicate_seat,2,s112213509074;s112213509044
W3,s112213509076,213509,2.0,23,online_friend,8-1_4,26.0,26,ambiguous_duplicate_seat,2,s112213509079;s112213509048
W3,s112213509076,213509,2.0,23,offline_friend,8-3_1,21.0,21,ambiguous_duplicate_seat,2,s112213509074;s112213509044
W3,s112213509076,213509,2.0,23,offline_friend,8-3_2,26.0,26,ambiguous_duplicate_seat,2,s112213509079;s112213509048
W3,s112213509076,213509,2.0,23,offline_enemy,8-4_0,27.0,27,ambiguous_duplicate_seat,2,s112213509080;s112213509049
W3,s112213509076,213509,2.0,23,offline_enemy,8-4_2,27.0,27,ambiguous_duplicate_seat,2,s112213509080;s112213509049
W3,s112213509076,213509,2.0,23,offline_enemy,8-4_3,27.0,27,ambiguous_duplicate_seat,2,s112213509080;s112213509049
W3,s112213509076,213509,2.0,23,offline_enemy,8-4_4,27.0,27,ambiguous_duplicate_seat,2,s112213509080;s112213509049
W3,s112213509036,213509,2.0,13,online_friend,8-1_0,21.0,21,ambiguous_duplicate_seat,2,s112213509074;s112213509044
W3,s112213509036,213509,2.0,13,online_enemy,8-2_0,16.0,16,ambiguous_duplicate_seat,2,s112213509069;s112213509039
W3,s112213509069,213509,2.0,16,online_friend,8-1_0,26.0,26,ambiguous_duplicate_seat,2,s112213509079;s112213509048
W3,s112213509069,213509,2.0,16,offline_friend,8-3_1,26.0,26,ambiguous_duplicate_seat,2,s112213509079;s112213509048
W3,s112213509077,213509,2.0,24,online_friend,8-1_0,16.0,16,ambiguous_duplicate_seat,2,s112213509069;s112213509039
W3,s112213509077,213509,2.0,24,online_friend,8-1_2,26.0,26,ambiguous_duplicate_seat,2,s112213509079;s112213509048
W3,s112213509077,213509,2.0,24,online_enemy,8-2_1,10.0,10,ambiguous_duplicate_seat,2,s112213509063;s112213509033
W3,s112213509077,213509,2.0,24,offline_friend,8-3_0,16.0,16,ambiguous_duplicate_seat,2,s112213509069;s112213509039
W3,s112213509077,213509,2.0,24,offline_friend,8-3_3,26.0,26,ambiguous_duplicate_seat,2,s112213509079;s112213509048
W3,s112213509077,213509,2.0,24,offline_enemy,8-4_1,10.0,10,ambiguous_duplicate_seat,2,s112213509063;s112213509033
W3,s112213509075,213509,2.0,22,online_friend,8-1_1,21.0,21,ambiguous_duplicate_seat,2,s112213509074;s112213509044
W3,s112213509075,213509,2.0,22,online_enemy,8-2_0,27.0,27,ambiguous_duplicate_seat,2,s112213509080;s112213509049
W3,s112213509075,213509,2.0,22,online_enemy,8-2_2,27.0,27,ambiguous_duplicate_seat,2,s112213509080;s112213509049
W3,s112213509075,213509,2.0,22,online_enemy,8-2_4,27.0,27,ambiguous_duplicate_seat,2,s112213509080;s112213509049
W3,s112213509075,213509,2.0,22,offline_enemy,8-4_0,27.0,27,ambiguous_duplicate_seat,2,s112213509080;s112213509049
W3,s112213509075,213509,2.0,22,offline_enemy,8-4_2,27.0,27,ambiguous_duplicate_seat,2,s112213509080;s112213509049
W3,s112213509075,213509,2.0,22,offline_enemy,8-4_4,27.0,27,ambiguous_duplicate_seat,2,s112213509080;s112213509049
W3,s112213509067,213509,2.0,14,online_friend,8-1_0,26.0,26,ambiguous_duplicate_seat,2,s112213509079;s112213509048
W3,s112213509067,213509,2.0,14,online_friend,8-1_1,21.0,21,ambiguous_duplicate_seat,2,s112213509074;s112213509044
W3,s112213509067,213509,2.0,14,online_enemy,8-2_0,7.0,7,ambiguous_duplicate_seat,2,s112213509060;s112213509030
W3,s112213509067,213509,2.0,14,offline_friend,8-3_0,7.0,7,ambiguous_duplicate_seat,2,s112213509060;s112213509030
W3,s112213509067,213509,2.0,14,offline_friend,8-3_2,26.0,26,ambiguous_duplicate_seat,2,s112213509079;s112213509048
W3,s112213509070,213509,2.0,17,online_friend,8-1_2,4.0,4,ambiguous_duplicate_seat,2,s112213509057;s112213509027
W3,s112213509070,213509,2.0,17,online_enemy,8-2_0,27.0,27,ambiguous_duplicate_seat,2,s112213509080;s112213509049
W3,s112213509070,213509,2.0,17,online_enemy,8-2_1,27.0,27,ambiguous_duplicate_seat,2,s112213509080;s112213509049
W3,s112213509070,213509,2.0,17,online_enemy,8-2_2,27.0,27,ambiguous_duplicate_seat,2,s112213509080;s112213509049
W3,s112213509070,213509,2.0,17,online_enemy,8-2_3,27.0,27,ambiguous_duplicate_seat,2,s112213509080;s112213509049
W3,s112213509070,213509,2.0,17,online_enemy,8-2_4,27.0,27,ambiguous_duplicate_seat,2,s112213509080;s112213509049
W3,s112213509070,213509,2.0,17,offline_enemy,8-4_0,27.0,27,ambiguous_duplicate_seat,2,s112213509080;s112213509049
W3,s112213509039,213509,2.0,16,online_friend,8-1_1,21.0,21,ambiguous_duplicate_seat,2,s112213509074;s112213509044
W3,s112213509039,213509,2.0,16,online_enemy,8-2_4,26.0,26,ambiguous_duplicate_seat,2,s112213509079;s112213509048
W3,s112213509039,213509,2.0,16,offline_friend,8-3_2,21.0,21,ambiguous_duplicate_seat,2,s112213509074;s112213509044
W3,s112213509039,213509,2.0,16,offline_enemy,8-4_4,26.0,26,ambiguous_duplicate_seat,2,s112213509079;s112213509048
W3,s112014332062,14332,811.0,11,online_enemy,8-2_1,1.0,1,ambiguous_duplicate_seat,2,s112014332052;s112014332056
W3,s112014332062,14332,811.0,11,offline_enemy,8-4_1,1.0,1,ambiguous_duplicate_seat,2,s112014332052;s112014332056
W3,s112014332052,14332,811.0,1,online_friend,8-1_2,1.0,1,ambiguous_duplicate_seat,2,s112014332052;s112014332056
W3,s112014332052,14332,811.0,1,online_friend,8-1_3,1.0,1,ambiguous_duplicate_seat,2,s112014332052;s112014332056
W3,s112014332052,14332,811.0,1,online_friend,8-1_4,1.0,1,ambiguous_duplicate_seat,2,s112014332052;s112014332056
W3,s112014332052,14332,811.0,1,offline_friend,8-3_0,1.0,1,ambiguous_duplicate_seat,2,s112014332052;s112014332056
W3,s112014332052,14332,811.0,1,offline_friend,8-3_1,1.0,1,ambiguous_duplicate_seat,2,s112014332052;s112014332056
W3,s112014332052,14332,811.0,1,offline_friend,8-3_2,1.0,1,ambiguous_duplicate_seat,2,s112014332052;s112014332056
W3,s112014332052,14332,811.0,1,offline_friend,8-3_3,1.0,1,ambiguous_duplicate_seat,2,s112014332052;s112014332056
W3,s112014332052,14332,811.0,1,offline_friend,8-3_4,1.0,1,ambiguous_duplicate_seat,2,s112014332052;s112014332056
W3,s112014332061,14332,811.0,10,online_enemy,8-2_0,1.0,1,ambiguous_duplicate_seat,2,s112014332052;s112014332056
W3,s112014332061,14332,811.0,10,offline_friend,8-3_0,1.0,1,ambiguous_duplicate_seat,2,s112014332052;s112014332056
W3,s112014332061,14332,811.0,10,offline_enemy,8-4_0,1.0,1,ambiguous_duplicate_seat,2,s112014332052;s112014332056
W3,s112014332056,14332,811.0,1,online_friend,8-1_0,1.0,1,ambiguous_duplicate_seat,2,s112014332052;s112014332056
W3,s112014332056,14332,811.0,1,online_enemy,8-2_0,1.0,1,ambiguous_duplicate_seat,2,s112014332052;s112014332056
W3,s112014332056,14332,811.0,1,online_enemy,8-2_1,1.0,1,ambiguous_duplicate_seat,2,s112014332052;s112014332056
W3,s112014332056,14332,811.0,1,online_enemy,8-2_2,1.0,1,ambiguous_duplicate_seat,2,s112014332052;s112014332056
W3,s112014332056,14332,811.0,1,online_enemy,8-2_3,1.0,1,ambiguous_duplicate_seat,2,s112014332052;s112014332056
W3,s112014332056,14332,811.0,1,online_enemy,8-2_4,1.0,1,ambiguous_duplicate_seat,2,s112014332052;s112014332056
W3,s112014332056,14332,811.0,1,offline_friend,8-3_0,1.0,1,ambiguous_duplicate_seat,2,s112014332052;s112014332056
W3,s112014332056,14332,811.0,1,offline_friend,8-3_1,1.0,1,ambiguous_duplicate_seat,2,s112014332052;s112014332056
W3,s112014332056,14332,811.0,1,offline_friend,8-3_2,1.0,1,ambiguous_duplicate_seat,2,s112014332052;s112014332056
W3,s112014332065,14332,811.0,14,online_enemy,8-2_1,1.0,1,ambiguous_duplicate_seat,2,s112014332052;s112014332056
W3,s112014332065,14332,811.0,14,offline_enemy,8-4_2,1.0,1,ambiguous_duplicate_seat,2,s112014332052;s112014332056
W3,s112024507051,24507,806.0,7,online_friend,8-1_1,3.0,3,ambiguous_duplicate_seat,2,s112024507050;s112024507047
W3,s112024507051,24507,806.0,7,offline_friend,8-3_1,3.0,3,ambiguous_duplicate_seat,2,s112024507050;s112024507047
W3,s112024507050,24507,806.0,3,online_friend,8-1_0,3.0,3,ambiguous_duplicate_seat,2,s112024507050;s112024507047
W3,s112024507050,24507,806.0,3,online_friend,8-1_1,3.0,3,ambiguous_duplicate_seat,2,s112024507050;s112024507047
W3,s112024507050,24507,806.0,3,online_friend,8-1_2,3.0,3,ambiguous_duplicate_seat,2,s112024507050;s112024507047
W3,s112024507050,24507,806.0,3,online_friend,8-1_3,3.0,3,ambiguous_duplicate_seat,2,s112024507050;s112024507047
W3,s112024507050,24507,806.0,3,online_friend,8-1_4,3.0,3,ambiguous_duplicate_seat,2,s112024507050;s112024507047
W3,s112024507050,24507,806.0,3,online_enemy,8-2_0,3.0,3,ambiguous_duplicate_seat,2,s112024507050;s112024507047
W3,s112024507050,24507,806.0,3,online_enemy,8-2_1,3.0,3,ambiguous_duplicate_seat,2,s112024507050;s112024507047
W3,s112024507050,24507,806.0,3,online_enemy,8-2_2,3.0,3,ambiguous_duplicate_seat,2,s112024507050;s112024507047
W3,s112024507050,24507,806.0,3,online_enemy,8-2_3,3.0,3,ambiguous_duplicate_seat,2,s112024507050;s112024507047
W3,s112024507050,24507,806.0,3,online_enemy,8-2_4,3.0,3,ambiguous_duplicate_seat,2,s112024507050;s112024507047
W3,s112024507050,24507,806.0,3,offline_friend,8-3_0,3.0,3,ambiguous_duplicate_seat,2,s112024507050;s112024507047
W3,s112024507050,24507,806.0,3,offline_friend,8-3_1,3.0,3,ambiguous_duplicate_seat,2,s112024507050;s112024507047
W3,s112024507050,24507,806.0,3,offline_friend,8-3_2,3.0,3,ambiguous_duplicate_seat,2,s112024507050;s112024507047
W3,s112024507050,24507,806.0,3,offline_friend,8-3_3,3.0,3,ambiguous_duplicate_seat,2,s112024507050;s112024507047
W3,s112024507050,24507,806.0,3,offline_friend,8-3_4,3.0,3,ambiguous_duplicate_seat,2,s112024507050;s112024507047
W3,s112024507050,24507,806.0,3,offline_enemy,8-4_0,3.0,3,ambiguous_duplicate_seat,2,s112024507050;s112024507047
W3,s112024507050,24507,806.0,3,offline_enemy,8-4_1,3.0,3,ambiguous_duplicate_seat,2,s112024507050;s112024507047
W3,s112024507050,24507,806.0,3,offline_enemy,8-4_2,3.0,3,ambiguous_duplicate_seat,2,s112024507050;s112024507047
W3,s112024507050,24507,806.0,3,offline_enemy,8-4_3,3.0,3,ambiguous_duplicate_seat,2,s112024507050;s112024507047
W3,s112024507050,24507,806.0,3,offline_enemy,8-4_4,3.0,3,ambiguous_duplicate_seat,2,s112024507050;s112024507047
W3,s112024507049,24507,806.0,5,online_friend,8-1_1,3.0,3,ambiguous_duplicate_seat,2,s112024507050;s112024507047
W3,s112024507049,24507,806.0,5,offline_friend,8-3_1,3.0,3,ambiguous_duplicate_seat,2,s112024507050;s112024507047
W3,s112024507046,24507,806.0,2,online_friend,8-1_1,3.0,3,ambiguous_duplicate_seat,2,s112024507050;s112024507047
W3,s112024507046,24507,806.0,2,offline_friend,8-3_1,3.0,3,ambiguous_duplicate_seat,2,s112024507050;s112024507047
W3,s112024507048,24507,806.0,4,online_friend,8-1_1,3.0,3,ambiguous_duplicate_seat,2,s112024507050;s112024507047
W3,s112024507048,24507,806.0,4,offline_friend,8-3_1,3.0,3,ambiguous_duplicate_seat,2,s112024507050;s112024507047
W3,s112024507045,24507,806.0,1,online_friend,8-1_1,3.0,3,ambiguous_duplicate_seat,2,s112024507050;s112024507047
W3,s112024507045,24507,806.0,1,offline_friend,8-3_1,3.0,3,ambiguous_duplicate_seat,2,s112024507050;s112024507047
W3,s112024507047,24507,806.0,3,online_enemy,8-2_0,3.0,3,ambiguous_duplicate_seat,2,s112024507050;s112024507047
W3,s112024507047,24507,806.0,3,offline_enemy,8-4_0,3.0,3,ambiguous_duplicate_seat,2,s112024507050;s112024507047
W3,s112044501058,44501,八年五班,3,online_friend,8-1_1,20.0,20,ambiguous_duplicate_seat,2,s112044501075;s112044501082
W3,s112044501058,44501,八年五班,3,offline_friend,8-3_0,20.0,20,ambiguous_duplicate_seat,2,s112044501075;s112044501082
W3,s112213501058,213501,819.0,4,online_friend,8-1_3,14.0,14,ambiguous_duplicate_seat,2,s112213501069;s112213501068
W3,s112213501058,213501,819.0,4,offline_friend,8-3_3,14.0,14,ambiguous_duplicate_seat,2,s112213501069;s112213501068
W3,s112213501063,213501,819.0,8,online_friend,8-1_3,14.0,14,ambiguous_duplicate_seat,2,s112213501069;s112213501068
W3,s112213501063,213501,819.0,8,offline_friend,8-3_3,14.0,14,ambiguous_duplicate_seat,2,s112213501069;s112213501068
W3,s112213501057,213501,819.0,3,online_friend,8-1_0,14.0,14,ambiguous_duplicate_seat,2,s112213501069;s112213501068
W3,s112213501057,213501,819.0,3,offline_friend,8-3_1,14.0,14,ambiguous_duplicate_seat,2,s112213501069;s112213501068
W3,s112213501055,213501,819.0,1,online_friend,8-1_3,14.0,14,ambiguous_duplicate_seat,2,s112213501069;s112213501068
W3,s112213501056,213501,819.0,2,online_friend,8-1_2,14.0,14,ambiguous_duplicate_seat,2,s112213501069;s112213501068
W3,s112213501056,213501,819.0,2,online_enemy,8-2_2,17.0,17,ambiguous_duplicate_seat,2,s112213501071;s112213501072
W3,s112213501056,213501,819.0,2,offline_friend,8-3_3,14.0,14,ambiguous_duplicate_seat,2,s112213501069;s112213501068
W3,s112213501056,213501,819.0,2,offline_enemy,8-4_1,17.0,17,ambiguous_duplicate_seat,2,s112213501071;s112213501072
W3,s112213501067,213501,819.0,12,offline_friend,8-3_4,14.0,14,ambiguous_duplicate_seat,2,s112213501069;s112213501068
W3,s112064523041,64523,八年三班,19,online_friend,8-1_0,19.0,19,ambiguous_duplicate_seat,2,s112064523041;s112064523039
W3,s112064523041,64523,八年三班,19,online_friend,8-1_1,19.0,19,ambiguous_duplicate_seat,2,s112064523041;s112064523039
W3,s112064523041,64523,八年三班,19,online_friend,8-1_2,19.0,19,ambiguous_duplicate_seat,2,s112064523041;s112064523039
W3,s112064523041,64523,八年三班,19,online_friend,8-1_3,19.0,19,ambiguous_duplicate_seat,2,s112064523041;s112064523039
W3,s112064523041,64523,八年三班,19,online_friend,8-1_4,19.0,19,ambiguous_duplicate_seat,2,s112064523041;s112064523039
W3,s112064523041,64523,八年三班,19,offline_friend,8-3_0,19.0,19,ambiguous_duplicate_seat,2,s112064523041;s112064523039
W3,s112064523041,64523,八年三班,19,offline_friend,8-3_1,19.0,19,ambiguous_duplicate_seat,2,s112064523041;s112064523039
W3,s112064523041,64523,八年三班,19,offline_friend,8-3_2,19.0,19,ambiguous_duplicate_seat,2,s112064523041;s112064523039
W3,s112064523041,64523,八年三班,19,offline_friend,8-3_3,19.0,19,ambiguous_duplicate_seat,2,s112064523041;s112064523039
W3,s112064523041,64523,八年三班,19,offline_friend,8-3_4,19.0,19,ambiguous_duplicate_seat,2,s112064523041;s112064523039
W3,s112064523044,64523,八年三班,21,online_friend,8-1_1,19.0,19,ambiguous_duplicate_seat,2,s112064523041;s112064523039
W3,s112064523044,64523,八年三班,21,offline_friend,8-3_2,19.0,19,ambiguous_duplicate_seat,2,s112064523041;s112064523039
W3,s112064523040,64523,八年三班,18,online_friend,8-1_2,19.0,19,ambiguous_duplicate_seat,2,s112064523041;s112064523039
W3,s112064523040,64523,八年三班,18,offline_friend,8-3_2,19.0,19,ambiguous_duplicate_seat,2,s112064523041;s112064523039
W3,s112011324030,11324,國二忠,6,online_friend,8-1_2,17.0,17,ambiguous_duplicate_seat,2,s112011324036;s112011324037
W3,s112011324030,11324,國二忠,6,offline_friend,8-3_2,17.0,17,ambiguous_duplicate_seat,2,s112011324036;s112011324037
W3,s112011324034,11324,國二忠,10,online_friend,8-1_1,4.0,4,ambiguous_duplicate_seat,2,s112011324027;s112011324026
W3,s112011324034,11324,國二忠,10,offline_friend,8-3_1,4.0,4,ambiguous_duplicate_seat,2,s112011324027;s112011324026
W3,s112011324040,11324,國二忠,19,online_friend,8-1_1,17.0,17,ambiguous_duplicate_seat,2,s112011324036;s112011324037
W3,s112011324040,11324,國二忠,19,offline_friend,8-3_1,17.0,17,ambiguous_duplicate_seat,2,s112011324036;s112011324037
W3,s112011324038,11324,國二忠,18,online_friend,8-1_3,17.0,17,ambiguous_duplicate_seat,2,s112011324036;s112011324037
W3,s112011324028,11324,國二忠,5,online_enemy,8-2_0,17.0,17,ambiguous_duplicate_seat,2,s112011324036;s112011324037
W3,s112011324028,11324,國二忠,5,offline_friend,8-3_1,4.0,4,ambiguous_duplicate_seat,2,s112011324027;s112011324026
W3,s112011324028,11324,國二忠,5,offline_enemy,8-4_0,17.0,17,ambiguous_duplicate_seat,2,s112011324036;s112011324037
W3,s112011324027,11324,國二忠,4,online_friend,8-1_3,4.0,4,ambiguous_duplicate_seat,2,s112011324027;s112011324026
W3,s112011324027,11324,國二忠,4,online_friend,8-1_4,4.0,4,ambiguous_duplicate_seat,2,s112011324027;s112011324026
W3,s112011324027,11324,國二忠,4,offline_friend,8-3_0,4.0,4,ambiguous_duplicate_seat,2,s112011324027;s112011324026
W3,s112011324027,11324,國二忠,4,offline_friend,8-3_1,4.0,4,ambiguous_duplicate_seat,2,s112011324027;s112011324026
W3,s112011324027,11324,國二忠,4,offline_friend,8-3_2,4.0,4,ambiguous_duplicate_seat,2,s112011324027;s112011324026
W3,s112011324027,11324,國二忠,4,offline_friend,8-3_3,4.0,4,ambiguous_duplicate_seat,2,s112011324027;s112011324026
W3,s112011324027,11324,國二忠,4,offline_friend,8-3_4,4.0,4,ambiguous_duplicate_seat,2,s112011324027;s112011324026
W3,s112011324037,11324,國二忠,17,online_friend,8-1_2,25.0,25,ambiguous_duplicate_seat,2,s112011324044;s112011324045
W3,s112011324037,11324,國二忠,17,online_enemy,8-2_1,34.0,34,ambiguous_duplicate_seat,2,s112011324053;s112011324055
W3,s112011324037,11324,國二忠,17,offline_friend,8-3_2,25.0,25,ambiguous_duplicate_seat,2,s112011324044;s112011324045
W3,s112011324037,11324,國二忠,17,offline_enemy,8-4_3,34.0,34,ambiguous_duplicate_seat,2,s112011324053;s112011324055
W3,s112064545025,64545,八年4班,2,offline_friend,8-3_4,7.0,7,ambiguous_duplicate_seat,2,s112064545031;s112064545030
W3,s112064545028,64545,八年4班,5,online_friend,8-1_2,7.0,7,ambiguous_duplicate_seat,2,s112064545031;s112064545030
W3,s112064545029,64545,八年4班,6,online_friend,8-1_3,7.0,7,ambiguous_duplicate_seat,2,s112064545031;s112064545030
W3,s112064545029,64545,八年4班,6,offline_friend,8-3_3,7.0,7,ambiguous_duplicate_seat,2,s112064545031;s112064545030
W3,s112011324026,11324,國二忠,4,online_friend,8-1_0,4.0,4,ambiguous_duplicate_seat,2,s112011324027;s112011324026
W3,s112011324026,11324,國二忠,4,online_friend,8-1_1,4.0,4,ambiguous_duplicate_seat,2,s112011324027;s112011324026
W3,s112011324026,11324,國二忠,4,online_friend,8-1_2,4.0,4,ambiguous_duplicate_seat,2,s112011324027;s112011324026
W3,s112011324026,11324,國二忠,4,online_friend,8-1_3,4.0,4,ambiguous_duplicate_seat,2,s112011324027;s112011324026
W3,s112011324026,11324,國二忠,4,online_friend,8-1_4,4.0,4,ambiguous_duplicate_seat,2,s112011324027;s112011324026
W3,s112201304035,201304,二年1班,3,online_friend,8-1_0,1.0,1,ambiguous_duplicate_seat,2,s112201304025;s112201304026
W3,s112201304035,201304,二年1班,3,online_friend,8-1_1,2.0,2,ambiguous_duplicate_seat,2,s112201304031;s112201304027
W3,s112201304035,201304,二年1班,3,online_friend,8-1_2,3.0,3,ambiguous_duplicate_seat,2,s112201304028;s112201304035
W3,s112201304035,201304,二年1班,3,online_friend,8-1_3,4.0,4,ambiguous_duplicate_seat,2,s112201304029;s112201304039
W3,s112201304035,201304,二年1班,3,online_friend,8-1_4,5.0,5,ambiguous_duplicate_seat,2,s112201304048;s112201304030
W3,s112201304035,201304,二年1班,3,online_enemy,8-2_0,6.0,6,ambiguous_duplicate_seat,2,s112201304049;s112201304032
W3,s112201304035,201304,二年1班,3,online_enemy,8-2_1,7.0,7,ambiguous_duplicate_seat,2,s112201304034;s112201304053
W3,s112201304035,201304,二年1班,3,online_enemy,8-2_3,9.0,9,ambiguous_duplicate_seat,2,s112201304037;s112201304056
W3,s112201304039,201304,二年1班,4,online_friend,8-1_0,1.0,1,ambiguous_duplicate_seat,2,s112201304025;s112201304026
W3,s112201304039,201304,二年1班,4,online_friend,8-1_1,2.0,2,ambiguous_duplicate_seat,2,s112201304031;s112201304027
W3,s112201304039,201304,二年1班,4,online_friend,8-1_2,3.0,3,ambiguous_duplicate_seat,2,s112201304028;s112201304035
W3,s112201304039,201304,二年1班,4,online_friend,8-1_3,7.0,7,ambiguous_duplicate_seat,2,s112201304034;s112201304053
W3,s112201304039,201304,二年1班,4,offline_friend,8-3_0,1.0,1,ambiguous_duplicate_seat,2,s112201304025;s112201304026
W3,s112201304039,201304,二年1班,4,offline_friend,8-3_1,2.0,2,ambiguous_duplicate_seat,2,s112201304031;s112201304027
W3,s112201304039,201304,二年1班,4,offline_friend,8-3_2,3.0,3,ambiguous_duplicate_seat,2,s112201304028;s112201304035
W3,s112201304039,201304,二年1班,4,offline_friend,8-3_3,7.0,7,ambiguous_duplicate_seat,2,s112201304034;s112201304053
W3,s112201304056,201304,二年1班,9,online_friend,8-1_0,3.0,3,ambiguous_duplicate_seat,2,s112201304028;s112201304035
W3,s112201304056,201304,二年1班,9,online_friend,8-1_1,7.0,7,ambiguous_duplicate_seat,2,s112201304034;s112201304053
W3,s112201304056,201304,二年1班,9,offline_friend,8-3_0,3.0,3,ambiguous_duplicate_seat,2,s112201304028;s112201304035
W3,s112201304082,201304,二年3班,30,online_friend,8-1_2,26.0,26,ambiguous_duplicate_seat,2,s112201304081;s112201304071
W3,s112201304082,201304,二年3班,30,offline_friend,8-3_1,26.0,26,ambiguous_duplicate_seat,2,s112201304081;s112201304071
W3,s112201304071,201304,二年3班,26,online_enemy,8-2_0,25.0,25,ambiguous_duplicate_seat,2,s112201304070;s112201304062
W3,s112201304071,201304,二年3班,26,online_enemy,8-2_2,27.0,27,ambiguous_duplicate_seat,3,s112201304085;s112201304073;s112201304024
W3,s112201304071,201304,二年3班,26,offline_enemy,8-4_0,25.0,25,ambiguous_duplicate_seat,2,s112201304070;s112201304062
W3,s112201304071,201304,二年3班,26,offline_enemy,8-4_2,27.0,27,ambiguous_duplicate_seat,3,s112201304085;s112201304073;s112201304024
W3,s112201304053,201304,二年1班,7,online_friend,8-1_0,3.0,3,ambiguous_duplicate_seat,2,s112201304028;s112201304035
W3,s112201304053,201304,二年1班,7,online_friend,8-1_1,4.0,4,ambiguous_duplicate_seat,2,s112201304029;s112201304039
W3,s112201304053,201304,二年1班,7,online_friend,8-1_3,9.0,9,ambiguous_duplicate_seat,2,s112201304037;s112201304056
W3,s112201304053,201304,二年1班,7,offline_friend,8-3_0,3.0,3,ambiguous_duplicate_seat,2,s112201304028;s112201304035
W3,s112201304053,201304,二年1班,7,offline_friend,8-3_2,9.0,9,ambiguous_duplicate_seat,2,s112201304037;s112201304056
W3,s112201304026,201304,二年1班,1,online_friend,8-1_0,9.0,9,ambiguous_duplicate_seat,2,s112201304037;s112201304056
W3,s112201304026,201304,二年1班,1,online_friend,8-1_2,3.0,3,ambiguous_duplicate_seat,2,s112201304028;s112201304035
W3,s112201304026,201304,二年1班,1,online_friend,8-1_3,6.0,6,ambiguous_duplicate_seat,2,s112201304049;s112201304032
W3,s112201304026,201304,二年1班,1,online_friend,8-1_4,2.0,2,ambiguous_duplicate_seat,2,s112201304031;s112201304027
W3,s112201304026,201304,二年1班,1,offline_friend,8-3_0,9.0,9,ambiguous_duplicate_seat,2,s112201304037;s112201304056
W3,s112201304026,201304,二年1班,1,offline_friend,8-3_2,3.0,3,ambiguous_duplicate_seat,2,s112201304028;s112201304035
W3,s112201304026,201304,二年1班,1,offline_friend,8-3_4,2.0,2,ambiguous_duplicate_seat,2,s112201304031;s112201304027
W3,s112343302067,343302,8.0,22,online_friend,8-1_0,25.0,25,ambiguous_duplicate_seat,2,s112343302070;s112343302042
W3,s112343302067,343302,8.0,22,online_enemy,8-2_0,10.0,10,ambiguous_duplicate_seat,2,s112343302062;s112343302033
W3,s112343302067,343302,8.0,22,offline_friend,8-3_0,25.0,25,ambiguous_duplicate_seat,2,s112343302070;s112343302042
W3,s112343302067,343302,8.0,22,offline_enemy,8-4_0,10.0,10,ambiguous_duplicate_seat,2,s112343302062;s112343302033
W3,s112343302066,343302,8.0,21,online_friend,8-1_0,27.0,27,ambiguous_duplicate_seat,2,s112343302072;s112343302044
W3,s112343302066,343302,8.0,21,online_friend,8-1_2,31.0,31,ambiguous_duplicate_seat,2,s112343302075;s112343302048
W3,s112343302066,343302,8.0,21,online_friend,8-1_3,23.0,23,ambiguous_duplicate_seat,2,s112343302068;s112343302040
W3,s112343302066,343302,8.0,21,online_friend,8-1_4,29.0,29,ambiguous_duplicate_seat,2,s112343302073;s112343302046
W3,s112343302066,343302,8.0,21,online_enemy,8-2_0,3.0,3,ambiguous_duplicate_seat,2,s112343302055;s112343302026
W3,s112343302066,343302,8.0,21,online_enemy,8-2_2,7.0,7,ambiguous_duplicate_seat,2,s112343302059;s112343302030
W3,s112343302066,343302,8.0,21,online_enemy,8-2_3,8.0,8,ambiguous_duplicate_seat,2,s112343302060;s112343302031
W3,s112343302066,343302,8.0,21,online_enemy,8-2_4,13.0,13,ambiguous_duplicate_seat,2,s112343302065;s112343302036
W3,s112343302066,343302,8.0,21,offline_friend,8-3_0,27.0,27,ambiguous_duplicate_seat,2,s112343302072;s112343302044
W3,s112343302066,343302,8.0,21,offline_friend,8-3_2,31.0,31,ambiguous_duplicate_seat,2,s112343302075;s112343302048
W3,s112343302066,343302,8.0,21,offline_friend,8-3_3,29.0,29,ambiguous_duplicate_seat,2,s112343302073;s112343302046
W3,s112343302066,343302,8.0,21,offline_friend,8-3_4,23.0,23,ambiguous_duplicate_seat,2,s112343302068;s112343302040
W3,s112343302066,343302,8.0,21,offline_enemy,8-4_0,3.0,3,ambiguous_duplicate_seat,2,s112343302055;s112343302026
W3,s112343302066,343302,8.0,21,offline_enemy,8-4_1,13.0,13,ambiguous_duplicate_seat,2,s112343302065;s112343302036
W3,s112343302072,343302,8.0,27,online_friend,8-1_0,21.0,21,ambiguous_duplicate_seat,2,s112343302066;s112343302038
W3,s112343302072,343302,8.0,27,online_friend,8-1_1,22.0,22,ambiguous_duplicate_seat,2,s112343302067;s112343302039
W3,s112343302072,343302,8.0,27,online_friend,8-1_2,29.0,29,ambiguous_duplicate_seat,2,s112343302073;s112343302046
W3,s112343302072,343302,8.0,27,online_enemy,8-2_0,1.0,1,ambiguous_duplicate_seat,2,s112343302053;s112343302024
W3,s112343302072,343302,8.0,27,online_enemy,8-2_1,8.0,8,ambiguous_duplicate_seat,2,s112343302060;s112343302031
W3,s112343302072,343302,8.0,27,online_enemy,8-2_2,10.0,10,ambiguous_duplicate_seat,2,s112343302062;s112343302033
W3,s112343302072,343302,8.0,27,online_enemy,8-2_3,25.0,25,ambiguous_duplicate_seat,2,s112343302070;s112343302042
W3,s112343302072,343302,8.0,27,offline_friend,8-3_0,21.0,21,ambiguous_duplicate_seat,2,s112343302066;s112343302038
W3,s112343302072,343302,8.0,27,offline_friend,8-3_1,23.0,23,ambiguous_duplicate_seat,2,s112343302068;s112343302040
W3,s112343302072,343302,8.0,27,offline_friend,8-3_2,31.0,31,ambiguous_duplicate_seat,2,s112343302075;s112343302048
W3,s112343302072,343302,8.0,27,offline_friend,8-3_3,33.0,33,ambiguous_duplicate_seat,2,s112343302077;s112343302050
W3,s112343302072,343302,8.0,27,offline_enemy,8-4_0,1.0,1,ambiguous_duplicate_seat,2,s112343302053;s112343302024
W3,s112343302072,343302,8.0,27,offline_enemy,8-4_1,8.0,8,ambiguous_duplicate_seat,2,s112343302060;s112343302031
W3,s112343302072,343302,8.0,27,offline_enemy,8-4_2,10.0,10,ambiguous_duplicate_seat,2,s112343302062;s112343302033
W3,s112343302074,343302,8.0,30,online_friend,8-1_0,31.0,31,ambiguous_duplicate_seat,2,s112343302075;s112343302048
W3,s112343302074,343302,8.0,30,online_friend,8-1_1,27.0,27,ambiguous_duplicate_seat,2,s112343302072;s112343302044
W3,s112343302074,343302,8.0,30,online_friend,8-1_2,21.0,21,ambiguous_duplicate_seat,2,s112343302066;s112343302038
W3,s112343302074,343302,8.0,30,online_enemy,8-2_0,22.0,22,ambiguous_duplicate_seat,2,s112343302067;s112343302039
W3,s112343302074,343302,8.0,30,online_enemy,8-2_1,25.0,25,ambiguous_duplicate_seat,2,s112343302070;s112343302042
W3,s112343302074,343302,8.0,30,offline_friend,8-3_0,31.0,31,ambiguous_duplicate_seat,2,s112343302075;s112343302048
W3,s112343302074,343302,8.0,30,offline_enemy,8-4_0,22.0,22,ambiguous_duplicate_seat,2,s112343302067;s112343302039
W3,s112343302074,343302,8.0,30,offline_enemy,8-4_1,25.0,25,ambiguous_duplicate_seat,2,s112343302070;s112343302042
W3,s112343302068,343302,8.0,23,online_friend,8-1_0,21.0,21,ambiguous_duplicate_seat,2,s112343302066;s112343302038
W3,s112343302068,343302,8.0,23,online_friend,8-1_1,27.0,27,ambiguous_duplicate_seat,2,s112343302072;s112343302044
W3,s112343302068,343302,8.0,23,online_enemy,8-2_0,8.0,8,ambiguous_duplicate_seat,2,s112343302060;s112343302031
W3,s112343302068,343302,8.0,23,offline_friend,8-3_0,21.0,21,ambiguous_duplicate_seat,2,s112343302066;s112343302038
W3,s112343302068,343302,8.0,23,offline_friend,8-3_1,27.0,27,ambiguous_duplicate_seat,2,s112343302072;s112343302044
W3,s112343302068,343302,8.0,23,offline_enemy,8-4_0,8.0,8,ambiguous_duplicate_seat,2,s112343302060;s112343302031
W3,s112343302070,343302,8.0,25,online_friend,8-1_0,7.0,7,ambiguous_duplicate_seat,2,s112343302059;s112343302030
W3,s112343302070,343302,8.0,25,online_friend,8-1_1,22.0,22,ambiguous_duplicate_seat,2,s112343302067;s112343302039
W3,s112343302070,343302,8.0,25,online_friend,8-1_2,3.0,3,ambiguous_duplicate_seat,2,s112343302055;s112343302026
W3,s112343302070,343302,8.0,25,online_friend,8-1_3,13.0,13,ambiguous_duplicate_seat,2,s112343302065;s112343302036
W3,s112343302070,343302,8.0,25,online_enemy,8-2_0,1.0,1,ambiguous_duplicate_seat,2,s112343302053;s112343302024
W3,s112343302070,343302,8.0,25,online_enemy,8-2_1,8.0,8,ambiguous_duplicate_seat,2,s112343302060;s112343302031
W3,s112343302070,343302,8.0,25,online_enemy,8-2_2,27.0,27,ambiguous_duplicate_seat,2,s112343302072;s112343302044
W3,s112343302070,343302,8.0,25,offline_friend,8-3_0,7.0,7,ambiguous_duplicate_seat,2,s112343302059;s112343302030
W3,s112343302070,343302,8.0,25,offline_friend,8-3_1,22.0,22,ambiguous_duplicate_seat,2,s112343302067;s112343302039
W3,s112343302070,343302,8.0,25,offline_enemy,8-4_0,1.0,1,ambiguous_duplicate_seat,2,s112343302053;s112343302024
W3,s112343302070,343302,8.0,25,offline_enemy,8-4_1,8.0,8,ambiguous_duplicate_seat,2,s112343302060;s112343302031
W3,s112343302070,343302,8.0,25,offline_enemy,8-4_2,27.0,27,ambiguous_duplicate_seat,2,s112343302072;s112343302044
W3,s112343302075,343302,8.0,31,online_friend,8-1_0,21.0,21,ambiguous_duplicate_seat,2,s112343302066;s112343302038
W3,s112343302075,343302,8.0,31,online_enemy,8-2_0,30.0,30,ambiguous_duplicate_seat,2,s112343302074;s112343302047
W3,s112343302075,343302,8.0,31,offline_friend,8-3_0,21.0,21,ambiguous_duplicate_seat,2,s112343302066;s112343302038
W3,s112343302075,343302,8.0,31,offline_friend,8-3_1,33.0,33,ambiguous_duplicate_seat,2,s112343302077;s112343302050
W3,s112343302075,343302,8.0,31,offline_friend,8-3_3,22.0,22,ambiguous_duplicate_seat,2,s112343302067;s112343302039
W3,s112343302075,343302,8.0,31,offline_friend,8-3_4,4.0,4,ambiguous_duplicate_seat,2,s112343302056;s112343302027
W3,s112343302075,343302,8.0,31,offline_enemy,8-4_0,30.0,30,ambiguous_duplicate_seat,2,s112343302074;s112343302047
W3,s112343302076,343302,8.0,32,online_friend,8-1_1,29.0,29,ambiguous_duplicate_seat,2,s112343302073;s112343302046
W3,s112343302076,343302,8.0,32,online_friend,8-1_2,21.0,21,ambiguous_duplicate_seat,2,s112343302066;s112343302038
W3,s112343302076,343302,8.0,32,online_friend,8-1_3,27.0,27,ambiguous_duplicate_seat,2,s112343302072;s112343302044
W3,s112343302076,343302,8.0,32,online_friend,8-1_4,9.0,9,ambiguous_duplicate_seat,2,s112343302061;s112343302032
W3,s112343302076,343302,8.0,32,offline_friend,8-3_1,33.0,33,ambiguous_duplicate_seat,2,s112343302077;s112343302050
W3,s112343302076,343302,8.0,32,offline_friend,8-3_2,29.0,29,ambiguous_duplicate_seat,2,s112343302073;s112343302046
W3,s112343302076,343302,8.0,32,offline_friend,8-3_3,21.0,21,ambiguous_duplicate_seat,2,s112343302066;s112343302038
W3,s112343302076,343302,8.0,32,offline_friend,8-3_4,27.0,27,ambiguous_duplicate_seat,2,s112343302072;s112343302044
W3,s112343302077,343302,8.0,33,online_friend,8-1_2,29.0,29,ambiguous_duplicate_seat,2,s112343302073;s112343302046
W3,s112343302077,343302,8.0,33,online_friend,8-1_3,13.0,13,ambiguous_duplicate_seat,2,s112343302065;s112343302036
W3,s112343302077,343302,8.0,33,online_friend,8-1_4,9.0,9,ambiguous_duplicate_seat,2,s112343302061;s112343302032
W3,s112343302077,343302,8.0,33,offline_friend,8-3_1,29.0,29,ambiguous_duplicate_seat,2,s112343302073;s112343302046
W3,s112343302077,343302,8.0,33,offline_friend,8-3_2,13.0,13,ambiguous_duplicate_seat,2,s112343302065;s112343302036
W3,s112343302077,343302,8.0,33,offline_enemy,8-4_0,8.0,8,ambiguous_duplicate_seat,2,s112343302060;s112343302031
W3,s112343302073,343302,8.0,29,offline_friend,8-3_0,22.0,22,ambiguous_duplicate_seat,2,s112343302067;s112343302039
W3,s112343302073,343302,8.0,29,offline_friend,8-3_3,33.0,33,ambiguous_duplicate_seat,2,s112343302077;s112343302050
W3,s112343302078,343302,8.0,34,online_friend,8-1_0,33.0,33,ambiguous_duplicate_seat,2,s112343302077;s112343302050
W3,s112343302078,343302,8.0,34,online_friend,8-1_2,29.0,29,ambiguous_duplicate_seat,2,s112343302073;s112343302046
W3,s112343302078,343302,8.0,34,online_friend,8-1_3,13.0,13,ambiguous_duplicate_seat,2,s112343302065;s112343302036
W3,s112343302078,343302,8.0,34,offline_friend,8-3_0,33.0,33,ambiguous_duplicate_seat,2,s112343302077;s112343302050
W3,s112343302078,343302,8.0,34,offline_friend,8-3_2,29.0,29,ambiguous_duplicate_seat,2,s112343302073;s112343302046
W3,s112343302078,343302,8.0,34,offline_friend,8-3_3,13.0,13,ambiguous_duplicate_seat,2,s112343302065;s112343302036
W3,s112154513040,154513,八年一班,17,online_friend,8-1_3,19.0,19,ambiguous_duplicate_seat,2,s112154513042;s112154513043
W3,s112154513040,154513,八年一班,17,offline_friend,8-3_1,19.0,19,ambiguous_duplicate_seat,2,s112154513042;s112154513043
W3,s112154513042,154513,八年一班,19,online_friend,8-1_3,19.0,19,ambiguous_duplicate_seat,2,s112154513042;s112154513043
W3,s112154513041,154513,八年一班,18,online_friend,8-1_3,19.0,19,ambiguous_duplicate_seat,2,s112154513042;s112154513043
W3,s112154513041,154513,八年一班,18,offline_friend,8-3_2,19.0,19,ambiguous_duplicate_seat,2,s112154513042;s112154513043
W3,s112154513037,154513,八年一班,14,online_friend,8-1_3,19.0,19,ambiguous_duplicate_seat,2,s112154513042;s112154513043
W3,s112154513037,154513,八年一班,14,offline_friend,8-3_3,19.0,19,ambiguous_duplicate_seat,2,s112154513042;s112154513043
W3,s112154513043,154513,八年一班,19,online_friend,8-1_0,19.0,19,ambiguous_duplicate_seat,2,s112154513042;s112154513043
W3,s112154513043,154513,八年一班,19,online_friend,8-1_1,19.0,19,ambiguous_duplicate_seat,2,s112154513042;s112154513043
W3,s112154513043,154513,八年一班,19,online_friend,8-1_4,19.0,19,ambiguous_duplicate_seat,2,s112154513042;s112154513043
W3,s112154513043,154513,八年一班,19,offline_friend,8-3_0,19.0,19,ambiguous_duplicate_seat,2,s112154513042;s112154513043
W3,s112154513043,154513,八年一班,19,offline_friend,8-3_1,19.0,19,ambiguous_duplicate_seat,2,s112154513042;s112154513043
W3,s112154513043,154513,八年一班,19,offline_friend,8-3_2,19.0,19,ambiguous_duplicate_seat,2,s112154513042;s112154513043
W3,s112154513043,154513,八年一班,19,offline_friend,8-3_3,19.0,19,ambiguous_duplicate_seat,2,s112154513042;s112154513043
W3,s112154513043,154513,八年一班,19,offline_friend,8-3_4,19.0,19,ambiguous_duplicate_seat,2,s112154513042;s112154513043
W3,s112014514072,14514,814.0,19,online_friend,8-1_0,15.0,15,ambiguous_duplicate_seat,2,s112014514078;s112014514068
W3,s112014514072,14514,814.0,19,online_enemy,8-2_0,1.0,1,ambiguous_duplicate_seat,2,s112014514069;s112014514054
W3,s112014514072,14514,814.0,19,offline_friend,8-3_0,15.0,15,ambiguous_duplicate_seat,2,s112014514078;s112014514068
W3,s112014514072,14514,814.0,19,offline_enemy,8-4_0,1.0,1,ambiguous_duplicate_seat,2,s112014514069;s112014514054
W3,s112014514071,14514,814.0,18,online_friend,8-1_0,15.0,15,ambiguous_duplicate_seat,2,s112014514078;s112014514068
W3,s112014514071,14514,814.0,18,offline_friend,8-3_0,15.0,15,ambiguous_duplicate_seat,2,s112014514078;s112014514068
W3,s112074510059,74510,807.0,8,online_friend,8-1_1,12.0,12,ambiguous_duplicate_seat,2,s112074510064;s112074510063
W3,s112074510059,74510,807.0,8,offline_friend,8-3_0,12.0,12,ambiguous_duplicate_seat,2,s112074510064;s112074510063
W3,s112074510066,74510,807.0,15,online_enemy,8-2_0,12.0,12,ambiguous_duplicate_seat,2,s112074510064;s112074510063
W3,s112074510066,74510,807.0,15,offline_enemy,8-4_0,12.0,12,ambiguous_duplicate_seat,2,s112074510064;s112074510063
W3,s112074510058,74510,807.0,7,online_friend,8-1_1,12.0,12,ambiguous_duplicate_seat,2,s112074510064;s112074510063
W3,s112074510063,74510,807.0,12,online_friend,8-1_0,12.0,12,ambiguous_duplicate_seat,2,s112074510064;s112074510063
W3,s112074510063,74510,807.0,12,online_friend,8-1_1,12.0,12,ambiguous_duplicate_seat,2,s112074510064;s112074510063
W3,s112074510063,74510,807.0,12,online_friend,8-1_2,12.0,12,ambiguous_duplicate_seat,2,s112074510064;s112074510063
W3,s112074510063,74510,807.0,12,online_friend,8-1_3,12.0,12,ambiguous_duplicate_seat,2,s112074510064;s112074510063
W3,s112074510063,74510,807.0,12,online_friend,8-1_4,12.0,12,ambiguous_duplicate_seat,2,s112074510064;s112074510063
W3,s112074510063,74510,807.0,12,offline_friend,8-3_0,12.0,12,ambiguous_duplicate_seat,2,s112074510064;s112074510063
W3,s112074510063,74510,807.0,12,offline_friend,8-3_1,12.0,12,ambiguous_duplicate_seat,2,s112074510064;s112074510063
W3,s112074510063,74510,807.0,12,offline_friend,8-3_2,12.0,12,ambiguous_duplicate_seat,2,s112074510064;s112074510063
W3,s112074510063,74510,807.0,12,offline_friend,8-3_3,12.0,12,ambiguous_duplicate_seat,2,s112074510064;s112074510063
W3,s112074510063,74510,807.0,12,offline_friend,8-3_4,12.0,12,ambiguous_duplicate_seat,2,s112074510064;s112074510063
W3,s112074510062,74510,807.0,11,online_enemy,8-2_1,12.0,12,ambiguous_duplicate_seat,2,s112074510064;s112074510063
W3,s112154506081,154506,815.0,8,online_enemy,8-2_1,10.0,10,ambiguous_duplicate_seat,2,s112154506083;s112154506082
W3,s112154506081,154506,815.0,8,offline_enemy,8-4_0,10.0,10,ambiguous_duplicate_seat,2,s112154506083;s112154506082
W3,s112154506087,154506,815.0,14,online_enemy,8-2_0,10.0,10,ambiguous_duplicate_seat,2,s112154506083;s112154506082
W3,s112154506087,154506,815.0,14,offline_enemy,8-4_0,10.0,10,ambiguous_duplicate_seat,2,s112154506083;s112154506082
W3,s112064521043,64521,8.0,5,online_friend,8-1_0,2.0,2,ambiguous_duplicate_seat,2,s112064521025;s112064521040
W3,s112064521043,64521,8.0,5,online_friend,8-1_3,4.0,4,ambiguous_duplicate_seat,2,s112064521042;s112064521027
W3,s112064521043,64521,8.0,5,online_friend,8-1_4,7.0,7,ambiguous_duplicate_seat,2,s112064521030;s112064521045
W3,s112064521043,64521,8.0,5,offline_friend,8-3_1,2.0,2,ambiguous_duplicate_seat,2,s112064521025;s112064521040
W3,s112064521043,64521,8.0,5,offline_friend,8-3_2,4.0,4,ambiguous_duplicate_seat,2,s112064521042;s112064521027
W3,s112064521043,64521,8.0,5,offline_friend,8-3_4,7.0,7,ambiguous_duplicate_seat,2,s112064521030;s112064521045
W3,s112064521030,64521,8.0,7,online_friend,8-1_0,2.0,2,ambiguous_duplicate_seat,2,s112064521025;s112064521040
W3,s112064521030,64521,8.0,7,online_friend,8-1_1,5.0,5,ambiguous_duplicate_seat,2,s112064521043;s112064521028
W3,s112064521030,64521,8.0,7,online_enemy,8-2_0,12.0,12,ambiguous_duplicate_seat,2,s112064521035;s112064521050
W3,s112064521030,64521,8.0,7,offline_friend,8-3_0,2.0,2,ambiguous_duplicate_seat,2,s112064521025;s112064521040
W3,s112064521030,64521,8.0,7,offline_friend,8-3_3,4.0,4,ambiguous_duplicate_seat,2,s112064521042;s112064521027
W3,s112064521030,64521,8.0,7,offline_friend,8-3_4,5.0,5,ambiguous_duplicate_seat,2,s112064521043;s112064521028
W3,s112064521030,64521,8.0,7,offline_enemy,8-4_0,12.0,12,ambiguous_duplicate_seat,2,s112064521035;s112064521050
W3,s112064521030,64521,8.0,7,offline_enemy,8-4_1,12.0,12,ambiguous_duplicate_seat,2,s112064521035;s112064521050
W3,s112064521030,64521,8.0,7,offline_enemy,8-4_2,12.0,12,ambiguous_duplicate_seat,2,s112064521035;s112064521050
W3,s112064521030,64521,8.0,7,offline_enemy,8-4_3,12.0,12,ambiguous_duplicate_seat,2,s112064521035;s112064521050
W3,s112064521030,64521,8.0,7,offline_enemy,8-4_4,12.0,12,ambiguous_duplicate_seat,2,s112064521035;s112064521050
W3,s112064521042,64521,8.0,4,online_friend,8-1_1,2.0,2,ambiguous_duplicate_seat,2,s112064521025;s112064521040
W3,s112064521042,64521,8.0,4,online_friend,8-1_2,5.0,5,ambiguous_duplicate_seat,2,s112064521043;s112064521028
W3,s112064521042,64521,8.0,4,online_friend,8-1_4,7.0,7,ambiguous_duplicate_seat,2,s112064521030;s112064521045
W3,s112064521042,64521,8.0,4,offline_friend,8-3_0,7.0,7,ambiguous_duplicate_seat,2,s112064521030;s112064521045
W3,s112064521045,64521,8.0,7,online_friend,8-1_1,2.0,2,ambiguous_duplicate_seat,2,s112064521025;s112064521040
W3,s112064521045,64521,8.0,7,online_friend,8-1_2,4.0,4,ambiguous_duplicate_seat,2,s112064521042;s112064521027
W3,s112064521045,64521,8.0,7,online_friend,8-1_3,5.0,5,ambiguous_duplicate_seat,2,s112064521043;s112064521028
W3,s112064521045,64521,8.0,7,online_enemy,8-2_1,12.0,12,ambiguous_duplicate_seat,2,s112064521035;s112064521050
W3,s112064521045,64521,8.0,7,online_enemy,8-2_2,9.0,9,ambiguous_duplicate_seat,2,s112064521032;s112064521047
W3,s112064521045,64521,8.0,7,offline_friend,8-3_0,2.0,2,ambiguous_duplicate_seat,2,s112064521025;s112064521040
W3,s112064521045,64521,8.0,7,offline_friend,8-3_2,4.0,4,ambiguous_duplicate_seat,2,s112064521042;s112064521027
W3,s112064521045,64521,8.0,7,offline_friend,8-3_4,5.0,5,ambiguous_duplicate_seat,2,s112064521043;s112064521028
W3,s112064521045,64521,8.0,7,offline_enemy,8-4_1,12.0,12,ambiguous_duplicate_seat,2,s112064521035;s112064521050
W3,s112064521045,64521,8.0,7,offline_enemy,8-4_2,9.0,9,ambiguous_duplicate_seat,2,s112064521032;s112064521047
W3,s112064521039,64521,8.0,1,online_friend,8-1_0,2.0,2,ambiguous_duplicate_seat,2,s112064521025;s112064521040
W3,s112064521039,64521,8.0,1,online_friend,8-1_2,7.0,7,ambiguous_duplicate_seat,2,s112064521030;s112064521045
W3,s112064521039,64521,8.0,1,online_friend,8-1_3,4.0,4,ambiguous_duplicate_seat,2,s112064521042;s112064521027
W3,s112064521039,64521,8.0,1,online_friend,8-1_4,5.0,5,ambiguous_duplicate_seat,2,s112064521043;s112064521028
W3,s112064521039,64521,8.0,1,online_enemy,8-2_1,8.0,8,ambiguous_duplicate_seat,2,s112064521046;s112064521031
W3,s112064521039,64521,8.0,1,online_enemy,8-2_2,9.0,9,ambiguous_duplicate_seat,2,s112064521032;s112064521047
W3,s112064521039,64521,8.0,1,online_enemy,8-2_3,10.0,10,ambiguous_duplicate_seat,2,s112064521048;s112064521033
W3,s112064521039,64521,8.0,1,online_enemy,8-2_4,11.0,11,ambiguous_duplicate_seat,2,s112064521049;s112064521034
W3,s112064521039,64521,8.0,1,offline_friend,8-3_0,2.0,2,ambiguous_duplicate_seat,2,s112064521025;s112064521040
W3,s112064521039,64521,8.0,1,offline_friend,8-3_2,4.0,4,ambiguous_duplicate_seat,2,s112064521042;s112064521027
W3,s112064521039,64521,8.0,1,offline_friend,8-3_3,7.0,7,ambiguous_duplicate_seat,2,s112064521030;s112064521045
W3,s112064521039,64521,8.0,1,offline_friend,8-3_4,5.0,5,ambiguous_duplicate_seat,2,s112064521043;s112064521028
W3,s112064521039,64521,8.0,1,offline_enemy,8-4_1,9.0,9,ambiguous_duplicate_seat,2,s112064521032;s112064521047
W3,s112064521039,64521,8.0,1,offline_enemy,8-4_2,8.0,8,ambiguous_duplicate_seat,2,s112064521046;s112064521031
W3,s112064521039,64521,8.0,1,offline_enemy,8-4_3,10.0,10,ambiguous_duplicate_seat,2,s112064521048;s112064521033
W3,s112064521039,64521,8.0,1,offline_enemy,8-4_4,11.0,11,ambiguous_duplicate_seat,2,s112064521049;s112064521034
W3,s112064521025,64521,8.0,2,online_friend,8-1_1,4.0,4,ambiguous_duplicate_seat,2,s112064521042;s112064521027
W3,s112064521025,64521,8.0,2,online_friend,8-1_2,5.0,5,ambiguous_duplicate_seat,2,s112064521043;s112064521028
W3,s112064521025,64521,8.0,2,online_friend,8-1_4,7.0,7,ambiguous_duplicate_seat,2,s112064521030;s112064521045
W3,s112064521025,64521,8.0,2,online_enemy,8-2_0,12.0,12,ambiguous_duplicate_seat,2,s112064521035;s112064521050
W3,s112064521025,64521,8.0,2,online_enemy,8-2_2,9.0,9,ambiguous_duplicate_seat,2,s112064521032;s112064521047
W3,s112064521025,64521,8.0,2,online_enemy,8-2_3,8.0,8,ambiguous_duplicate_seat,2,s112064521046;s112064521031
W3,s112064521025,64521,8.0,2,online_enemy,8-2_4,10.0,10,ambiguous_duplicate_seat,2,s112064521048;s112064521033
W3,s112064521025,64521,8.0,2,offline_friend,8-3_1,4.0,4,ambiguous_duplicate_seat,2,s112064521042;s112064521027
W3,s112064521025,64521,8.0,2,offline_friend,8-3_2,5.0,5,ambiguous_duplicate_seat,2,s112064521043;s112064521028
W3,s112064521025,64521,8.0,2,offline_friend,8-3_4,7.0,7,ambiguous_duplicate_seat,2,s112064521030;s112064521045
W3,s112064521025,64521,8.0,2,offline_enemy,8-4_0,10.0,10,ambiguous_duplicate_seat,2,s112064521048;s112064521033
W3,s112064521025,64521,8.0,2,offline_enemy,8-4_1,12.0,12,ambiguous_duplicate_seat,2,s112064521035;s112064521050
W3,s112064521025,64521,8.0,2,offline_enemy,8-4_3,8.0,8,ambiguous_duplicate_seat,2,s112064521046;s112064521031
W3,s112064521025,64521,8.0,2,offline_enemy,8-4_4,9.0,9,ambiguous_duplicate_seat,2,s112064521032;s112064521047
W3,s112064521040,64521,8.0,2,online_friend,8-1_0,5.0,5,ambiguous_duplicate_seat,2,s112064521043;s112064521028
W3,s112064521040,64521,8.0,2,online_friend,8-1_3,7.0,7,ambiguous_duplicate_seat,2,s112064521030;s112064521045
W3,s112064521040,64521,8.0,2,offline_friend,8-3_0,5.0,5,ambiguous_duplicate_seat,2,s112064521043;s112064521028
W3,s112064521040,64521,8.0,2,offline_friend,8-3_2,7.0,7,ambiguous_duplicate_seat,2,s112064521030;s112064521045
W3,s112064521040,64521,8.0,2,offline_friend,8-3_4,4.0,4,ambiguous_duplicate_seat,2,s112064521042;s112064521027
W3,s112064521041,64521,8.0,3,online_friend,8-1_1,2.0,2,ambiguous_duplicate_seat,2,s112064521025;s112064521040
W3,s112064521041,64521,8.0,3,online_friend,8-1_2,12.0,12,ambiguous_duplicate_seat,2,s112064521035;s112064521050
W3,s112064521041,64521,8.0,3,online_friend,8-1_3,9.0,9,ambiguous_duplicate_seat,2,s112064521032;s112064521047
W3,s112064521028,64521,8.0,5,online_friend,8-1_0,7.0,7,ambiguous_duplicate_seat,2,s112064521030;s112064521045
W3,s112064521028,64521,8.0,5,online_friend,8-1_1,7.0,7,ambiguous_duplicate_seat,2,s112064521030;s112064521045
W3,s112064521028,64521,8.0,5,online_friend,8-1_2,7.0,7,ambiguous_duplicate_seat,2,s112064521030;s112064521045
W3,s112064521028,64521,8.0,5,online_enemy,8-2_0,2.0,2,ambiguous_duplicate_seat,2,s112064521025;s112064521040
W3,s112064521028,64521,8.0,5,online_enemy,8-2_1,12.0,12,ambiguous_duplicate_seat,2,s112064521035;s112064521050
W3,s112064521028,64521,8.0,5,offline_friend,8-3_0,7.0,7,ambiguous_duplicate_seat,2,s112064521030;s112064521045
W3,s112064521028,64521,8.0,5,offline_friend,8-3_1,7.0,7,ambiguous_duplicate_seat,2,s112064521030;s112064521045
W3,s112064521028,64521,8.0,5,offline_friend,8-3_2,7.0,7,ambiguous_duplicate_seat,2,s112064521030;s112064521045
W3,s112064521028,64521,8.0,5,offline_enemy,8-4_0,2.0,2,ambiguous_duplicate_seat,2,s112064521025;s112064521040
W3,s112064521028,64521,8.0,5,offline_enemy,8-4_1,11.0,11,ambiguous_duplicate_seat,2,s112064521049;s112064521034
W3,s112064521028,64521,8.0,5,offline_enemy,8-4_2,12.0,12,ambiguous_duplicate_seat,2,s112064521035;s112064521050
W3,s112064521029,64521,8.0,6,online_friend,8-1_0,7.0,7,ambiguous_duplicate_seat,2,s112064521030;s112064521045
W3,s112064521029,64521,8.0,6,online_friend,8-1_1,2.0,2,ambiguous_duplicate_seat,2,s112064521025;s112064521040
W3,s112064521029,64521,8.0,6,online_friend,8-1_2,4.0,4,ambiguous_duplicate_seat,2,s112064521042;s112064521027
W3,s112064521029,64521,8.0,6,online_friend,8-1_3,5.0,5,ambiguous_duplicate_seat,2,s112064521043;s112064521028
W3,s112064521029,64521,8.0,6,offline_friend,8-3_0,7.0,7,ambiguous_duplicate_seat,2,s112064521030;s112064521045
W3,s112064521029,64521,8.0,6,offline_friend,8-3_1,4.0,4,ambiguous_duplicate_seat,2,s112064521042;s112064521027
W3,s112064521029,64521,8.0,6,offline_friend,8-3_2,5.0,5,ambiguous_duplicate_seat,2,s112064521043;s112064521028
W3,s112064521029,64521,8.0,6,offline_friend,8-3_3,2.0,2,ambiguous_duplicate_seat,2,s112064521025;s112064521040
W3,s112343302038,343302,8.0,21,online_friend,8-1_0,27.0,27,ambiguous_duplicate_seat,2,s112343302072;s112343302044
W3,s112343302038,343302,8.0,21,online_friend,8-1_1,1.0,1,ambiguous_duplicate_seat,2,s112343302053;s112343302024
W3,s112343302038,343302,8.0,21,online_friend,8-1_2,25.0,25,ambiguous_duplicate_seat,2,s112343302070;s112343302042
W3,s112343302038,343302,8.0,21,online_friend,8-1_3,10.0,10,ambiguous_duplicate_seat,2,s112343302062;s112343302033
W3,s112343302038,343302,8.0,21,online_enemy,8-2_0,8.0,8,ambiguous_duplicate_seat,2,s112343302060;s112343302031
W3,s112343302038,343302,8.0,21,offline_friend,8-3_0,27.0,27,ambiguous_duplicate_seat,2,s112343302072;s112343302044
W3,s112343302038,343302,8.0,21,offline_friend,8-3_1,10.0,10,ambiguous_duplicate_seat,2,s112343302062;s112343302033
W3,s112343302038,343302,8.0,21,offline_friend,8-3_2,25.0,25,ambiguous_duplicate_seat,2,s112343302070;s112343302042
W3,s112343302038,343302,8.0,21,offline_friend,8-3_3,1.0,1,ambiguous_duplicate_seat,2,s112343302053;s112343302024
W3,s112343302038,343302,8.0,21,offline_enemy,8-4_0,8.0,8,ambiguous_duplicate_seat,2,s112343302060;s112343302031
W3,s112343302040,343302,8.0,23,online_friend,8-1_0,27.0,27,ambiguous_duplicate_seat,2,s112343302072;s112343302044
W3,s112343302040,343302,8.0,23,online_friend,8-1_1,30.0,30,ambiguous_duplicate_seat,2,s112343302074;s112343302047
W3,s112343302040,343302,8.0,23,online_friend,8-1_3,29.0,29,ambiguous_duplicate_seat,2,s112343302073;s112343302046
W3,s112343302040,343302,8.0,23,online_enemy,8-2_0,8.0,8,ambiguous_duplicate_seat,2,s112343302060;s112343302031
W3,s112343302040,343302,8.0,23,online_enemy,8-2_1,8.0,8,ambiguous_duplicate_seat,2,s112343302060;s112343302031
W3,s112343302040,343302,8.0,23,online_enemy,8-2_2,8.0,8,ambiguous_duplicate_seat,2,s112343302060;s112343302031
W3,s112343302040,343302,8.0,23,online_enemy,8-2_3,8.0,8,ambiguous_duplicate_seat,2,s112343302060;s112343302031
W3,s112343302040,343302,8.0,23,online_enemy,8-2_4,8.0,8,ambiguous_duplicate_seat,2,s112343302060;s112343302031
W3,s112343302040,343302,8.0,23,offline_friend,8-3_0,27.0,27,ambiguous_duplicate_seat,2,s112343302072;s112343302044
W3,s112343302040,343302,8.0,23,offline_friend,8-3_2,29.0,29,ambiguous_duplicate_seat,2,s112343302073;s112343302046
W3,s112343302040,343302,8.0,23,offline_friend,8-3_3,30.0,30,ambiguous_duplicate_seat,2,s112343302074;s112343302047
W3,s112343302040,343302,8.0,23,offline_enemy,8-4_0,8.0,8,ambiguous_duplicate_seat,2,s112343302060;s112343302031
W3,s112343302040,343302,8.0,23,offline_enemy,8-4_1,8.0,8,ambiguous_duplicate_seat,2,s112343302060;s112343302031
W3,s112343302040,343302,8.0,23,offline_enemy,8-4_2,8.0,8,ambiguous_duplicate_seat,2,s112343302060;s112343302031
W3,s112343302040,343302,8.0,23,offline_enemy,8-4_3,8.0,8,ambiguous_duplicate_seat,2,s112343302060;s112343302031
W3,s112343302040,343302,8.0,23,offline_enemy,8-4_4,8.0,8,ambiguous_duplicate_seat,2,s112343302060;s112343302031
W3,s112343302048,343302,8.0,31,online_friend,8-1_0,22.0,22,ambiguous_duplicate_seat,2,s112343302067;s112343302039
W3,s112343302048,343302,8.0,31,online_enemy,8-2_0,31.0,31,ambiguous_duplicate_seat,2,s112343302075;s112343302048
W3,s112343302048,343302,8.0,31,offline_friend,8-3_0,22.0,22,ambiguous_duplicate_seat,2,s112343302067;s112343302039
W3,s112343302048,343302,8.0,31,offline_friend,8-3_1,25.0,25,ambiguous_duplicate_seat,2,s112343302070;s112343302042
W3,s112343302048,343302,8.0,31,offline_enemy,8-4_0,8.0,8,ambiguous_duplicate_seat,2,s112343302060;s112343302031
W3,s112343302042,343302,8.0,25,online_friend,8-1_0,31.0,31,ambiguous_duplicate_seat,2,s112343302075;s112343302048
W3,s112343302042,343302,8.0,25,online_friend,8-1_1,22.0,22,ambiguous_duplicate_seat,2,s112343302067;s112343302039
W3,s112343302042,343302,8.0,25,online_friend,8-1_2,27.0,27,ambiguous_duplicate_seat,2,s112343302072;s112343302044
W3,s112343302042,343302,8.0,25,online_friend,8-1_3,5.0,5,ambiguous_duplicate_seat,2,s112343302057;s112343302028
W3,s112343302042,343302,8.0,25,online_enemy,8-2_0,8.0,8,ambiguous_duplicate_seat,2,s112343302060;s112343302031
W3,s112343302042,343302,8.0,25,online_enemy,8-2_1,7.0,7,ambiguous_duplicate_seat,2,s112343302059;s112343302030
W3,s112343302042,343302,8.0,25,offline_friend,8-3_0,5.0,5,ambiguous_duplicate_seat,2,s112343302057;s112343302028
W3,s112343302042,343302,8.0,25,offline_friend,8-3_2,22.0,22,ambiguous_duplicate_seat,2,s112343302067;s112343302039
W3,s112343302042,343302,8.0,25,offline_friend,8-3_3,31.0,31,ambiguous_duplicate_seat,2,s112343302075;s112343302048
W3,s112343302042,343302,8.0,25,offline_friend,8-3_4,27.0,27,ambiguous_duplicate_seat,2,s112343302072;s112343302044
W3,s112343302042,343302,8.0,25,offline_enemy,8-4_0,8.0,8,ambiguous_duplicate_seat,2,s112343302060;s112343302031
W3,s112343302042,343302,8.0,25,offline_enemy,8-4_1,7.0,7,ambiguous_duplicate_seat,2,s112343302059;s112343302030
W3,s112343302045,343302,8.0,28,online_friend,8-1_0,29.0,29,ambiguous_duplicate_seat,2,s112343302073;s112343302046
W3,s112343302045,343302,8.0,28,online_friend,8-1_1,30.0,30,ambiguous_duplicate_seat,2,s112343302074;s112343302047
W3,s112343302045,343302,8.0,28,online_enemy,8-2_0,1.0,1,ambiguous_duplicate_seat,2,s112343302053;s112343302024
W3,s112343302045,343302,8.0,28,online_enemy,8-2_1,5.0,5,ambiguous_duplicate_seat,2,s112343302057;s112343302028
W3,s112343302045,343302,8.0,28,offline_friend,8-3_0,30.0,30,ambiguous_duplicate_seat,2,s112343302074;s112343302047
W3,s112343302045,343302,8.0,28,offline_friend,8-3_1,29.0,29,ambiguous_duplicate_seat,2,s112343302073;s112343302046
W3,s112343302045,343302,8.0,28,offline_enemy,8-4_0,1.0,1,ambiguous_duplicate_seat,2,s112343302053;s112343302024
W3,s112343302045,343302,8.0,28,offline_enemy,8-4_1,5.0,5,ambiguous_duplicate_seat,2,s112343302057;s112343302028
W3,s112343302045,343302,8.0,28,offline_enemy,8-4_3,8.0,8,ambiguous_duplicate_seat,2,s112343302060;s112343302031
W3,s112343302047,343302,8.0,30,online_friend,8-1_0,22.0,22,ambiguous_duplicate_seat,2,s112343302067;s112343302039
W3,s112343302047,343302,8.0,30,online_friend,8-1_2,29.0,29,ambiguous_duplicate_seat,2,s112343302073;s112343302046
W3,s112343302047,343302,8.0,30,online_enemy,8-2_0,13.0,13,ambiguous_duplicate_seat,2,s112343302065;s112343302036
W3,s112343302047,343302,8.0,30,offline_friend,8-3_0,21.0,21,ambiguous_duplicate_seat,2,s112343302066;s112343302038
W3,s112343302047,343302,8.0,30,offline_friend,8-3_1,22.0,22,ambiguous_duplicate_seat,2,s112343302067;s112343302039
W3,s112343302047,343302,8.0,30,offline_friend,8-3_2,27.0,27,ambiguous_duplicate_seat,2,s112343302072;s112343302044
W3,s112343302047,343302,8.0,30,offline_friend,8-3_3,29.0,29,ambiguous_duplicate_seat,2,s112343302073;s112343302046
W3,s112343302047,343302,8.0,30,offline_enemy,8-4_0,13.0,13,ambiguous_duplicate_seat,2,s112343302065;s112343302036
W3,s112343302041,343302,8.0,24,offline_enemy,8-4_0,5.0,5,ambiguous_duplicate_seat,2,s112343302057;s112343302028
W3,s112343302044,343302,8.0,27,online_friend,8-1_0,1.0,1,ambiguous_duplicate_seat,2,s112343302053;s112343302024
W3,s112343302044,343302,8.0,27,online_friend,8-1_1,21.0,21,ambiguous_duplicate_seat,2,s112343302066;s112343302038
W3,s112343302044,343302,8.0,27,online_friend,8-1_2,33.0,33,ambiguous_duplicate_seat,2,s112343302077;s112343302050
W3,s112343302044,343302,8.0,27,online_friend,8-1_3,25.0,25,ambiguous_duplicate_seat,2,s112343302070;s112343302042
W3,s112343302044,343302,8.0,27,online_friend,8-1_4,31.0,31,ambiguous_duplicate_seat,2,s112343302075;s112343302048
W3,s112343302044,343302,8.0,27,online_enemy,8-2_0,8.0,8,ambiguous_duplicate_seat,2,s112343302060;s112343302031
W3,s112343302044,343302,8.0,27,offline_friend,8-3_0,1.0,1,ambiguous_duplicate_seat,2,s112343302053;s112343302024
W3,s112343302044,343302,8.0,27,offline_friend,8-3_1,21.0,21,ambiguous_duplicate_seat,2,s112343302066;s112343302038
W3,s112343302044,343302,8.0,27,offline_friend,8-3_2,33.0,33,ambiguous_duplicate_seat,2,s112343302077;s112343302050
W3,s112343302044,343302,8.0,27,offline_friend,8-3_3,25.0,25,ambiguous_duplicate_seat,2,s112343302070;s112343302042
W3,s112343302044,343302,8.0,27,offline_friend,8-3_4,31.0,31,ambiguous_duplicate_seat,2,s112343302075;s112343302048
W3,s112343302044,343302,8.0,27,offline_enemy,8-4_0,8.0,8,ambiguous_duplicate_seat,2,s112343302060;s112343302031
W3,s112343302039,343302,8.0,22,online_friend,8-1_0,31.0,31,ambiguous_duplicate_seat,2,s112343302075;s112343302048
W3,s112343302039,343302,8.0,22,online_friend,8-1_1,25.0,25,ambiguous_duplicate_seat,2,s112343302070;s112343302042
W3,s112343302039,343302,8.0,22,online_friend,8-1_2,30.0,30,ambiguous_duplicate_seat,2,s112343302074;s112343302047
W3,s112343302039,343302,8.0,22,online_enemy,8-2_0,8.0,8,ambiguous_duplicate_seat,2,s112343302060;s112343302031
W3,s112343302039,343302,8.0,22,online_enemy,8-2_1,33.0,33,ambiguous_duplicate_seat,2,s112343302077;s112343302050
W3,s112343302039,343302,8.0,22,online_enemy,8-2_2,13.0,13,ambiguous_duplicate_seat,2,s112343302065;s112343302036
W3,s112343302039,343302,8.0,22,online_enemy,8-2_4,31.0,31,ambiguous_duplicate_seat,2,s112343302075;s112343302048
W3,s112343302039,343302,8.0,22,offline_friend,8-3_0,31.0,31,ambiguous_duplicate_seat,2,s112343302075;s112343302048
W3,s112343302039,343302,8.0,22,offline_friend,8-3_1,25.0,25,ambiguous_duplicate_seat,2,s112343302070;s112343302042
W3,s112343302039,343302,8.0,22,offline_friend,8-3_2,30.0,30,ambiguous_duplicate_seat,2,s112343302074;s112343302047
W3,s112343302039,343302,8.0,22,offline_friend,8-3_3,22.0,22,ambiguous_duplicate_seat,2,s112343302067;s112343302039
W3,s112343302039,343302,8.0,22,offline_enemy,8-4_0,8.0,8,ambiguous_duplicate_seat,2,s112343302060;s112343302031
W3,s112343302039,343302,8.0,22,offline_enemy,8-4_1,33.0,33,ambiguous_duplicate_seat,2,s112343302077;s112343302050
W3,s112343302039,343302,8.0,22,offline_enemy,8-4_2,13.0,13,ambiguous_duplicate_seat,2,s112343302065;s112343302036
W3,s112343302046,343302,8.0,29,online_friend,8-1_0,23.0,23,ambiguous_duplicate_seat,2,s112343302068;s112343302040
W3,s112343302046,343302,8.0,29,online_friend,8-1_2,30.0,30,ambiguous_duplicate_seat,2,s112343302074;s112343302047
W3,s112343302046,343302,8.0,29,online_enemy,8-2_0,8.0,8,ambiguous_duplicate_seat,2,s112343302060;s112343302031
W3,s112343302046,343302,8.0,29,offline_enemy,8-4_0,8.0,8,ambiguous_duplicate_seat,2,s112343302060;s112343302031
W3,s112343302050,343302,8.0,33,online_friend,8-1_0,1.0,1,ambiguous_duplicate_seat,2,s112343302053;s112343302024
W3,s112343302050,343302,8.0,33,online_friend,8-1_1,21.0,21,ambiguous_duplicate_seat,2,s112343302066;s112343302038
W3,s112343302050,343302,8.0,33,online_friend,8-1_2,27.0,27,ambiguous_duplicate_seat,2,s112343302072;s112343302044
W3,s112343302050,343302,8.0,33,online_friend,8-1_3,23.0,23,ambiguous_duplicate_seat,2,s112343302068;s112343302040
W3,s112343302050,343302,8.0,33,online_enemy,8-2_0,5.0,5,ambiguous_duplicate_seat,2,s112343302057;s112343302028
W3,s112343302050,343302,8.0,33,online_enemy,8-2_1,9.0,9,ambiguous_duplicate_seat,2,s112343302061;s112343302032
W3,s112343302050,343302,8.0,33,online_enemy,8-2_3,8.0,8,ambiguous_duplicate_seat,2,s112343302060;s112343302031
W3,s112343302050,343302,8.0,33,online_enemy,8-2_4,10.0,10,ambiguous_duplicate_seat,2,s112343302062;s112343302033
W3,s112343302050,343302,8.0,33,offline_friend,8-3_0,21.0,21,ambiguous_duplicate_seat,2,s112343302066;s112343302038
W3,s112343302050,343302,8.0,33,offline_friend,8-3_1,27.0,27,ambiguous_duplicate_seat,2,s112343302072;s112343302044
W3,s112343302050,343302,8.0,33,offline_friend,8-3_2,1.0,1,ambiguous_duplicate_seat,2,s112343302053;s112343302024
W3,s112343302050,343302,8.0,33,offline_friend,8-3_3,23.0,23,ambiguous_duplicate_seat,2,s112343302068;s112343302040
W3,s112343302050,343302,8.0,33,offline_enemy,8-4_0,5.0,5,ambiguous_duplicate_seat,2,s112343302057;s112343302028
W3,s112343302050,343302,8.0,33,offline_enemy,8-4_2,8.0,8,ambiguous_duplicate_seat,2,s112343302060;s112343302031
W3,s112343302050,343302,8.0,33,offline_enemy,8-4_3,9.0,9,ambiguous_duplicate_seat,2,s112343302061;s112343302032
W3,s112343302050,343302,8.0,33,offline_enemy,8-4_4,10.0,10,ambiguous_duplicate_seat,2,s112343302062;s112343302033
W3,s112540301036,540301,201.0,13,online_friend,8-1_3,1.0,1,ambiguous_duplicate_seat,2,s112540301026;s112540301024
W3,s112540301036,540301,201.0,13,offline_friend,8-3_3,1.0,1,ambiguous_duplicate_seat,2,s112540301026;s112540301024
W3,s112071311054,71311,805.0,14,online_friend,8-1_4,35.0,35,ambiguous_duplicate_seat,2,s112071311071;s112071311070
W3,s112071311054,71311,805.0,14,offline_friend,8-3_3,35.0,35,ambiguous_duplicate_seat,2,s112071311071;s112071311070
W3,s113034563003,34563,802.0,10,online_enemy,8-2_1,3.0,3,ambiguous_duplicate_seat,2,s112034563026;s112034563033
W3,s113034563003,34563,802.0,10,offline_enemy,8-4_1,3.0,3,ambiguous_duplicate_seat,2,s112034563026;s112034563033
W3,s112074323055,74323,208.0,5,online_enemy,8-2_2,9.0,9,ambiguous_duplicate_seat,2,s112074323051;s112074323059
W3,s112074323055,74323,208.0,5,offline_enemy,8-4_2,9.0,9,ambiguous_duplicate_seat,2,s112074323051;s112074323059
W3,s112044529063,44529,8.0,8,online_friend,8-1_1,15.0,15,ambiguous_duplicate_seat,2,s112044529038;s112044529070
W3,s112044529063,44529,8.0,8,online_friend,8-1_2,3.0,3,ambiguous_duplicate_seat,2,s112044529026;s112044529058
W3,s112044529063,44529,8.0,8,online_friend,8-1_4,24.0,24,ambiguous_duplicate_seat,2,s112044529075;s112044529042
W3,s112044529063,44529,8.0,8,online_enemy,8-2_2,13.0,13,ambiguous_duplicate_seat,2,s112044529068;s112044529036
W3,s112044529063,44529,8.0,8,online_enemy,8-2_3,32.0,32,ambiguous_duplicate_seat,2,s112044529050;s112044529083
W3,s112044529063,44529,8.0,8,offline_friend,8-3_1,15.0,15,ambiguous_duplicate_seat,2,s112044529038;s112044529070
W3,s112044529063,44529,8.0,8,offline_friend,8-3_2,3.0,3,ambiguous_duplicate_seat,2,s112044529026;s112044529058
W3,s112044529063,44529,8.0,8,offline_friend,8-3_3,24.0,24,ambiguous_duplicate_seat,2,s112044529075;s112044529042
W3,s112044529063,44529,8.0,8,offline_enemy,8-4_1,13.0,13,ambiguous_duplicate_seat,2,s112044529068;s112044529036
W3,s112044529063,44529,8.0,8,offline_enemy,8-4_3,32.0,32,ambiguous_duplicate_seat,2,s112044529050;s112044529083
W3,s112551301075,551301,國中203,15,online_friend,8-1_4,21.0,21,ambiguous_duplicate_seat,3,s112551301085;s112551301081;s112551301086
W3,s112551301075,551301,國中203,15,offline_friend,8-3_4,21.0,21,ambiguous_duplicate_seat,3,s112551301085;s112551301081;s112551301086
W3,s112034506035,34506,八年8班,12,online_friend,8-1_0,1.0,1,ambiguous_duplicate_seat,2,s112034506033;s112034506024
W3,s112034506035,34506,八年8班,12,offline_enemy,8-4_0,1.0,1,ambiguous_duplicate_seat,2,s112034506033;s112034506024
W3,s112044529029,44529,8.0,6,online_friend,8-1_1,34.0,34,ambiguous_duplicate_seat,2,s112044529052;s112044529085
W3,s112044529029,44529,8.0,6,online_friend,8-1_4,4.0,4,ambiguous_duplicate_seat,2,s112044529027;s112044529059
W3,s112044529029,44529,8.0,6,online_enemy,8-2_1,15.0,15,ambiguous_duplicate_seat,2,s112044529038;s112044529070
W3,s112044529029,44529,8.0,6,offline_friend,8-3_3,12.0,12,ambiguous_duplicate_seat,2,s112044529035;s112044529067
W3,s112044529029,44529,8.0,6,offline_friend,8-3_4,13.0,13,ambiguous_duplicate_seat,2,s112044529068;s112044529036
W3,s112044529029,44529,8.0,6,offline_enemy,8-4_1,15.0,15,ambiguous_duplicate_seat,2,s112044529038;s112044529070
W3,s112071311027,71311,805.0,10,online_friend,8-1_4,14.0,14,ambiguous_duplicate_seat,2,s112071311040;s112071311054
W3,s112071311027,71311,805.0,10,offline_friend,8-3_4,14.0,14,ambiguous_duplicate_seat,2,s112071311040;s112071311054
W3,s112114523058,114523,8.0,5,online_friend,8-1_0,5.0,5,ambiguous_duplicate_seat,2,s112114523028;s112114523058
W3,s112114523058,114523,8.0,5,online_friend,8-1_1,5.0,5,ambiguous_duplicate_seat,2,s112114523028;s112114523058
W3,s112114523058,114523,8.0,5,online_friend,8-1_2,5.0,5,ambiguous_duplicate_seat,2,s112114523028;s112114523058
W3,s112114523058,114523,8.0,5,online_friend,8-1_3,5.0,5,ambiguous_duplicate_seat,2,s112114523028;s112114523058
W3,s112114523058,114523,8.0,5,online_friend,8-1_4,5.0,5,ambiguous_duplicate_seat,2,s112114523028;s112114523058
