node_index,student_id
0,s112011301024
1,s112011301025
2,s112011301026
3,s112011301028
4,s112011301031
5,s112011301032
6,s112011301033
7,s112011301034
8,s112011301035
9,s112011301037
10,s112011301038
11,s112011301039
12,s112011301040
13,s112011301042
14,s112011301043
15,s112011301044
16,s112011301045
17,s112011301046
18,s112011301047
19,s112011301048
20,s112011301049
21,s112011301050
22,s112011301052
23,s112011301054
24,s112011301055
25,s112011301056
26,s112011301057
27,s113011301004
28,s112011301061
29,s112011301062
30,s112011301063
31,s112011301064
32,s112011301065
33,s112011301067
34,s112011301068
35,s112011301069
36,s112011301070
37,s112011301071
38,s112011301072
39,s112011301073
40,s112011301074
41,s112011301075
42,s112011301076
43,s112011301078
44,s112011301079
45,s112011301080
46,s112011301081
47,s112011301082
48,s112011301083
49,s112011301084
50,s112011301086
51,s112011301087
52,s112011301088
53,s112011301089
54,s112011301090
55,s112011301094
56,s112011306023
57,s112011306026
58,s112011306027
59,s112011306029
60,s112011306034
61,s112011306037
62,s112011306038
63,s112011306039
64,s112011306042
65,s112011306043
66,s112011306044
67,s112011306045
68,s112011306046
69,s112011306049
70,s112011306050
71,s112011306051
72,s112011306053
73,s112011306054
74,s112011306055
75,s112011306056
76,s112011306057
77,s112011306058
78,s112011324025
79,s112011324026
80,s112011324027
81,s112011324028
82,s112011324030
83,s112011324032
84,s112011324033
85,s112011324034
86,s112011324036
87,s112011324037
88,s112011324038
89,s112011324040
90,s112011324041
91,s112011324042
92,s112011324043
93,s112011324044
94,s112011324045
95,s112011324046
96,s112011324048
97,s112011324049
98,s112011324050
99,s112011324051
100,s112011324052
101,s112011324053
102,s112011324054
103,s112011324055
104,s112011324056
105,s112011324057
106,s112011324058
107,s112011324059
108,s112011324060
109,s112011324061
110,s112011324062
111,s112011324063
112,s112011324073
113,s112011324083
114,s112011324094
115,s112011324097
116,s112014302024
117,s112014302028
118,s112014302031
119,s112014302033
120,s112014302034
121,s112014302035
122,s112014302036
123,s112014302037
124,s112014302038
125,s112014302043
126,s112014302044
127,s112014302045
128,s112014302046
129,s112014302050
130,s112014302051
131,s112014302054
132,s112014302057
133,s112014302059
134,s112014302060
135,s112014302061
136,s112014302062
137,s112014302063
138,s112014302064
139,s112014302066
140,s112014302067
141,s112014302068
142,s112014302071
143,s112014302073
144,s112014302075
145,s112014302076
146,s112014302077
147,s112014302078
148,s112014302079
149,s112014302080
150,s112014302081
151,s112014302084
152,s112014302085
153,s112014322024
154,s112014322025
155,s112014322026
156,s112014322027
157,s112014322028
158,s112014322029
159,s112014322030
160,s112014322031
161,s112014322032
162,s112014322033
163,s112014322034
164,s112014322035
165,s112014322036
166,s112014322039
167,s112014322040
168,s112014322041
169,s112014322042
170,s112014322043
171,s112014322044
172,s112014322045
173,s112014322046
174,s112014322047
175,s112014322048
176,s112014322049
177,s112014322052
178,s112014322055
179,s112014322056
180,s112014322057
181,s112014322058
182,s112014322059
183,s112014322060
184,s112014322061
185,s112014322062
186,s112014322063
187,s112014322064
188,s112014322065
189,s112014322066
190,s112014322067
191,s112014322068
192,s112014322069
193,s112014322070
194,s112014322071
195,s112014322072
196,s112014322073
197,s112014322074
198,s112014322075
199,s112014322076
200,s112014322077
201,s112014322078
202,s112014332025
203,s112014332026
204,s112014332027
205,s112014332028
206,s112014332029
207,s112014332030
208,s112014332031
209,s112014332032
210,s112014332033
211,s112014332034
212,s112014332035
213,s112014332036
214,s112014332037
215,s112014332038
216,s112014332039
217,s112014332040
218,s112014332041
219,s112014332042
220,s112014332044
221,s112014332045
222,s112014332046
223,s112014332047
224,s112014332048
225,s112014332049
226,s112014332052
227,s112014332053
228,s112014332054
229,s112014332055
230,s112014332056
231,s112014332058
232,s112014332059
233,s112014332060
234,s112014332061
235,s112014332062
236,s112014332063
237,s112014332064
238,s112014332065
239,s112014332066
240,s112014332068
241,s112014332069
242,s112014332070
243,s112014332071
244,s112014332072
245,s112014332073
246,s112014332075
247,s112014332076
248,s112014332077
249,s112014332078
250,s112014332079
251,s112014332080
252,s112014332081
253,s112014332082
254,s112014356024
255,s112014356025
256,s112014356026
257,s112014356027
258,s112014356028
259,s112014356029
260,s112014356030
261,s112014356031
262,s112014356032
263,s112014356033
264,s112014356034
265,s112014356036
266,s112014356037
267,s112014356038
268,s112014356039
269,s112014356040
270,s112014356041
271,s112014356042
272,s112014356043
273,s112014356044
274,s112014356045
275,s112014356046
276,s112014356047
277,s112014356048
278,s112014356049
279,s112014356050
280,s113014356003
281,s113014356004
282,s112014356057
283,s112014356059
284,s112014356061
285,s112014356065
286,s112014356066
287,s112014356071
288,s112014356073
289,s113014356005
290,s112014364024
291,s112014364025
292,s112014364026
293,s112014364027
294,s112014364028
295,s112014364029
296,s112014364030
297,s112014364031
298,s112014364032
299,s112014364033
300,s112014364034
301,s112014364035
302,s112014364036
303,s112014364037
304,s112014364040
305,s112014364041
306,s112014364042
307,s112014364043
308,s112014364044
309,s112014364045
310,s112014364046
311,s112014364047
312,s112014364048
313,s112014364049
314,s112014364050
315,s112014364053
316,s112014364054
317,s112014364055
318,s112014364058
319,s112014364059
320,s112014364060
321,s112014364061
322,s112014364062
323,s112014364063
324,s112014364065
325,s112014364066
326,s112014364067
327,s112014364068
328,s112014364069
329,s112014364070
330,s112014364071
331,s112014364073
332,s112014364074
333,s112014364075
334,s112014364076
335,s112014364077
336,s112014364079
337,s112014364080
338,s112014505024
339,s112014505025
340,s112014505026
341,s112014505028
342,s112014505029
343,s112014505030
344,s112014505031
345,s112014505032
346,s112014505034
347,s112014505035
348,s112014505036
349,s112014505037
350,s112014505038
351,s112014505039
352,s112014505040
353,s112014505042
354,s112014505043
355,s112014505045
356,s112014505047
357,s112014505048
358,s112014505051
359,s112014505052
360,s112014505053
361,s112014505054
362,s112014505055
363,s112014505059
364,s112014505060
365,s112014505062
366,s112014505063
367,s112014505064
368,s112014505065
369,s112014505066
370,s112014505067
371,s112014505069
372,s112014505070
373,s112014505071
374,s112014505072
375,s112014505073
376,s112014505074
377,s112014505076
378,s112014505077
379,s112014505078
380,s112014505079
381,s112014505080
382,s112014505081
383,s112014505083
384,s112014505084
385,s112014505085
386,s112014505086
387,s112014509024
388,s112014509025
389,s112014509026
390,s112014509028
391,s112014509029
392,s112014509030
393,s112014509031
394,s112014509032
395,s112014509033
396,s112014509034
397,s112014509035
398,s112014509036
399,s112014509037
400,s112014509038
401,s112014509042
402,s112014509043
403,s112014509044
404,s112014509045
405,s112014509046
406,s112014509047
407,s112014509048
408,s112014509055
409,s112014509056
410,s112014509057
411,s112014509058
412,s112014509060
413,s112014509061
414,s112014509062
415,s112014509063
416,s112014509064
417,s112014509065
418,s112014509066
419,s112014509067
420,s112014509069
421,s112014509070
422,s112014509071
423,s112014509072
424,s112014509073
425,s112014509074
426,s112014509075
427,s112014509076
428,s112014509077
429,s112014509078
430,s112014510024
431,s112014510025
432,s112014510026
433,s112014510030
434,s112014510031
435,s112014510032
436,s112014510033
437,s112014510034
438,s112014510035
439,s112014510037
440,s112014510038
441,s112014510039
442,s112014510040
443,s112014510041
444,s112014510043
445,s112014510044
446,s112014510045
447,s112014510046
448,s112014510047
449,s112014510049
450,s113014510005
451,s112014510053
452,s112014510054
453,s112014510055
454,s112014510057
455,s112014510059
456,s112014510060
457,s112014510061
458,s112014510062
459,s112014510063
460,s112014510064
461,s112014510066
462,s112014510067
463,s112014510069
464,s112014510070
465,s112014510071
466,s112014510072
467,s112014510073
468,s112014510074
469,s112014510075
470,s113014510003
471,s113014510004
472,s112014513024
473,s112014513025
474,s112014513026
475,s112014513027
476,s112014513028
477,s112014513029
478,s112014513030
479,s112014513031
480,s112014513032
481,s112014513033
482,s112014513034
483,s112014513035
484,s112014513036
485,s112014513037
486,s112014513039
487,s112014513041
488,s112014513042
489,s112014513043
490,s112014513044
491,s112014513045
492,s112014513046
493,s112014513052
494,s112014513054
495,s112014513055
496,s112014513056
497,s112014513059
498,s112014513060
499,s112014513062
500,s112014513063
501,s112014513064
502,s112014513065
503,s112014513066
504,s112014513067
505,s112014513069
506,s112014513071
507,s112014513072
508,s112014513074
509,s112014513075
510,s112014513077
511,s112014514024
512,s112014514025
513,s112014514027
514,s112014514028
515,s112014514029
516,s112014514030
517,s112014514032
518,s112014514033
519,s112014514034
520,s112014514035
521,s112014514036
522,s112014514038
523,s112014514039
524,s112014514040
525,s112014514041
526,s112014514042
527,s112014514043
528,s112014514044
529,s112014514045
530,s112014514046
531,s112014514047
532,s112014514048
533,s112014514049
534,s112014514050
535,s112014514054
536,s112014514056
537,s112014514057
538,s112014514060
539,s112014514061
540,s112014514064
541,s112014514065
542,s112014514066
543,s112014514068
544,s112014514069
545,s112014514070
546,s112014514071
547,s112014514072
548,s112014514073
549,s112014514075
550,s112014514076
551,s112014514077
552,s112014514078
553,s112014514079
554,s112014516025
555,s112014516026
556,s112014516030
557,s112014516031
558,s112014516032
559,s112014516033
560,s112014516034
561,s112014516037
562,s112014516038
563,s112014516039
564,s112014516040
565,s112014516042
566,s112014516043
567,s112014516047
568,s113014516003
569,s112014516051
570,s112014516052
571,s112014516053
572,s112014516054
573,s112014516055
574,s112014516056
575,s112014516057
576,s112014516058
577,s112014516059
578,s112014516060
579,s112014516061
580,s112014516062
581,s112014516063
582,s112014516064
583,s112014516065
584,s112014516068
585,s112014516069
586,s112014516074
587,s113014516005
588,s112014517024
589,s112014517025
590,s112014517026
591,s112014517027
592,s112014517029
593,s112014517030
594,s112014517031
595,s112014517032
596,s112014517038
597,s112014517039
598,s112014517040
599,s112014517041
600,s112014517042
601,s112014517043
602,s112014517044
603,s112014517045
604,s112014517047
605,s112014517048
606,s112014517050
607,s112014517053
608,s112014517054
609,s112014517056
610,s112014517057
611,s112014517058
612,s112014517060
613,s112014517061
614,s112014517062
615,s112014517064
616,s112014517065
617,s112014517067
618,s112014517068
619,s112014517069
620,s112014517071
621,s112014517072
622,s112014517073
623,s112014517074
624,s112014517075
625,s112014517076
626,s112014517077
627,s112014517078
628,s112014518024
629,s112014518026
630,s112014518027
631,s112014518028
632,s112014518029
633,s112014518030
634,s112014518031
635,s112014518032
636,s112014518033
637,s112014518034
638,s112014518037
639,s112014518040
640,s112014518041
641,s112014518042
642,s112014518043
643,s112014518046
644,s112014518048
645,s112014518049
646,s112014518050
647,s112014518052
648,s112014518053
649,s112014518054
650,s112014518055
651,s112014518056
652,s112014518057
653,s112014518058
654,s112014518063
655,s112014518064
656,s112014518065
657,s112014518066
658,s113014518003
659,s113014518006
660,s112014524024
661,s112014524026
662,s112014524027
663,s112014524029
664,s112014524030
665,s112014524032
666,s112014524033
667,s112014524035
668,s112014524037
669,s112014524038
670,s112014524040
671,s112014524041
672,s112014524042
673,s112014524043
674,s112014524046
675,s112014524047
676,s112014524050
677,s112014524054
678,s112014524055
679,s112014524058
680,s112014524064
681,s112014524065
682,s112014524066
683,s112014524067
684,s112014524068
685,s112014524069
686,s112014524070
687,s112014524071
688,s112014524072
689,s112014524074
690,s112014524075
691,s112014524076
692,s112014524077
693,s112014524079
694,s112014524080
695,s112014524081
696,s112014525024
697,s112014525025
698,s112014525026
699,s112014525027
700,s112014525028
701,s112014525029
702,s112014525030
703,s112014525031
704,s112014525033
705,s112014525034
706,s112014525035
707,s112014525036
708,s112014525037
709,s112014525038
710,s112014525039
711,s112014525040
712,s112014525041
713,s112014525043
714,s112014525044
715,s112014525045
716,s112014525046
717,s112014525047
718,s112014525048
719,s112014525051
720,s112014525052
721,s112014525053
722,s112014525054
723,s112014525056
724,s112014525057
725,s112014525058
726,s112014525059
727,s112014525060
728,s112014525061
729,s112014525062
730,s112014525063
731,s112014525064
732,s112014525065
733,s112014525066
734,s112014525067
735,s112014525068
736,s112014525069
737,s112014525070
738,s112014525071
739,s112014525072
740,s112014525073
741,s112014525075
742,s112014525076
743,s112014525077
744,s112014531058
745,s112014531059
746,s112014531060
747,s112014531061
748,s112014531062
749,s112014531063
750,s112014531065
751,s112014531066
752,s112014531068
753,s112014531069
754,s112014531070
755,s112014531071
756,s112014531072
757,s112014531076
758,s112014531077
759,s112014531078
760,s112014531079
761,s112014531080
762,s112014531081
763,s112014531082
764,s112014531085
765,s112014531086
766,s112014531087
767,s112014531088
768,s112014531089
769,s112014531024
770,s112014531026
771,s112014531027
772,s112014531029
773,s112014531030
774,s112014531033
775,s112014531036
776,s112014531037
777,s112014531038
778,s112014531039
779,s112014531040
780,s112014531041
781,s112014531042
782,s112014531043
783,s112014531044
784,s112014531045
785,s112014531046
786,s112014531047
787,s112014531048
788,s112014531049
789,s112014531050
790,s112014531051
791,s112014531052
792,s112014531053
793,s112014531054
794,s112014531055
795,s112014555024
796,s112014555025
797,s112014555028
798,s112014555030
799,s112014555032
800,s112014555033
801,s112014555035
802,s112014555037
803,s112014555038
804,s112014555040
805,s112014555042
806,s112014555045
807,s112014555046
808,s112014555048
809,s112014555049
810,s112014555053
811,s112014555057
812,s112014555059
813,s112014555060
814,s112014555061
815,s112014555063
816,s112014555064
817,s112014555065
818,s112014555066
819,s112014555067
820,s112014555068
821,s112014555069
822,s112014555071
823,s112014555072
824,s112014555073
825,s112014555074
826,s112014559024
827,s112014559025
828,s112014559026
829,s112014559027
830,s112014559028
831,s112014559029
832,s112014559030
833,s112014559032
834,s112014559033
835,s112014559034
836,s112014559035
837,s112014559036
838,s112014559038
839,s112014559039
840,s112014559040
841,s112014559041
842,s112014559042
843,s112014559043
844,s112014559044
845,s112014559045
846,s112014559046
847,s112014559047
848,s112014559048
849,s112014559050
850,s112014559052
851,s112014559053
852,s112014559054
853,s112014559055
854,s112014559058
855,s112014559060
856,s112014559061
857,s112014559062
858,s112014559064
859,s112014559066
860,s112014559067
861,s112014559068
862,s112014559070
863,s112014559071
864,s112014559073
865,s112014559074
866,s112014559075
867,s112014559076
868,s112014559078
869,s112014559079
870,s112014559080
871,s112014559081
872,s112014559083
873,s112014559084
874,s112014559085
875,s112014559086
876,s112014559087
877,s112014559088
878,s112014559089
879,s112014559090
880,s112014560025
881,s112014560026
882,s112014560027
883,s112014560028
884,s112014560029
885,s112014560030
886,s112014560031
887,s112014560032
888,s112014560033
889,s112014560034
890,s112014560035
891,s112014560037
892,s112014560038
893,s112014560039
894,s112014560040
895,s112014560041
896,s112014560042
897,s112014560043
898,s112014560046
899,s112014560052
900,s112014560053
901,s112014560055
902,s112014560056
903,s112014560057
904,s112014560058
905,s112014560059
906,s112014560060
907,s112014560061
908,s112014560063
909,s112014560064
910,s112014560065
911,s112014560066
912,s112014560067
913,s112014560068
914,s112014560070
915,s112014560071
916,s112014560072
917,s112014566024
918,s112014566025
919,s112014566028
920,s112014566029
921,s112014566030
922,s112014566031
923,s112014566032
924,s112014566033
925,s112014566035
926,s112014566036
927,s112014566037
928,s112014566039
929,s112014566041
930,s112014566043
931,s112014566044
932,s112014566045
933,s112014566047
934,s112014566051
935,s112014566055
936,s112014566056
937,s112014566059
938,s112014566061
939,s112014566063
940,s112014566064
941,s112014566065
942,s112014566066
943,s112014566071
944,s112014566073
945,s112014566074
946,s112014566075
947,s112014566076
948,s112014566078
949,s112014566080
950,s112014566081
951,s112014566082
952,s112014576024
953,s112014576025
954,s112014576027
955,s112014576030
956,s112014576031
957,s112014576032
958,s112014576034
959,s112014576036
960,s112014576037
961,s112014576038
962,s112014576039
963,s112014576040
964,s112014576042
965,s112014576043
966,s112014576045
967,s112014576046
968,s112014576047
969,s113014576003
970,s113014576004
971,s113014576005
972,s112014576051
973,s112014576052
974,s112014576053
975,s112014576054
976,s112014576055
977,s112014576056
978,s112014576057
979,s112014576058
980,s112014576059
981,s112014576060
982,s112014576061
983,s112014576062
984,s112014576063
985,s112014576064
986,s112014576065
987,s112014576066
988,s112014576067
989,s112014576069
990,s112014576070
991,s112014576071
992,s112014576073
993,s112014576074
994,s112014576075
995,s112014576076
996,s113014576006
997,s112024503053
998,s112024503054
999,s112024503055
1000,s112024503056
1001,s112024503057
1002,s112024503058
1003,s112024503059
1004,s112024503061
1005,s112024503062
1006,s112024503064
1007,s112024503065
1008,s112024503066
1009,s112024503067
1010,s112024503068
1011,s112024503069
1012,s112024503070
1013,s112024503072
1014,s112024503073
1015,s112024503074
1016,s112024503075
1017,s112024503076
1018,s112024503077
1019,s112024503078
1020,s112024503079
1021,s112024503082
1022,s112024503085
1023,s112024503086
1024,s112024503087
1025,s112024503088
1026,s112024503089
1027,s112024503090
1028,s112024503091
1029,s112024503092
1030,s112024503093
1031,s112024503094
1032,s112024503097
1033,s112024503099
1034,s112024503100
1035,s112024503101
1036,s112024503103
1037,s112024503104
1038,s112024503105
1039,s112024503106
1040,s112024503107
1041,s112024503108
1042,s112024503109
1043,s112024507024
1044,s112024507025
1045,s112024507026
1046,s112024507027
1047,s112024507028
1048,s112024507029
1049,s112024507030
1050,s112024507031
1051,s112024507032
1052,s112024507034
1053,s112024507035
1054,s112024507036
1055,s112024507037
1056,s112024507038
1057,s112024507040
1058,s112024507042
1059,s113024507003
1060,s112024507045
1061,s112024507046
1062,s112024507047
1063,s112024507048
1064,s112024507049
1065,s112024507050
1066,s112024507051
1067,s112024507052
1068,s112024507053
1069,s112024507054
1070,s112024507055
1071,s112024507056
1072,s112024507058
1073,s112024507060
1074,s112024507061
1075,s113024507004
1076,s112024523023
1077,s112024523025
1078,s112024523026
1079,s112024523027
1080,s112024523028
1081,s112024523029
1082,s112024523030
1083,s112024523031
1084,s112024523034
1085,s112034348051
1086,s112034348052
1087,s112034348053
1088,s112034348055
1089,s112034348056
1090,s112034348057
1091,s112034348058
1092,s112034348062
1093,s112034348064
1094,s112034348065
1095,s112034348066
1096,s112034348068
1097,s112034348071
1098,s112034348073
1099,s113034348006
1100,s112034348025
1101,s112034348026
1102,s112034348031
1103,s112034348034
1104,s112034348036
1105,s112034348037
1106,s112034348038
1107,s112034348040
1108,s112034348042
1109,s113034348004
1110,s113034348008
1111,s113034348009
1112,s112034502025
1113,s112034502026
1114,s112034502027
1115,s112034502028
1116,s112034502029
1117,s112034502030
1118,s112034502031
1119,s112034502032
1120,s112034502033
1121,s112034502034
1122,s112034502035
1123,s112034502036
1124,s112034502038
1125,s112034502039
1126,s112034502041
1127,s112034502045
1128,s112034502047
1129,s112034502048
1130,s112034502049
1131,s112034502050
1132,s112034502055
1133,s112034502057
1134,s112034502058
1135,s112034502059
1136,s112034502060
1137,s112034502061
1138,s112034502062
1139,s112034502063
1140,s112034502064
1141,s112034502065
1142,s112034502067
1143,s112034502068
1144,s112034502069
1145,s112034502070
1146,s112034502072
1147,s112034502073
1148,s112034502075
1149,s112034502076
1150,s112034502079
1151,s112034502080
1152,s112034502081
1153,s112034502082
1154,s112034502083
1155,s112034506024
1156,s112034506026
1157,s112034506027
1158,s112034506028
1159,s112034506029
1160,s112034506030
1161,s112034506031
1162,s112034506032
1163,s112034506033
1164,s112034506034
1165,s112034506035
1166,s112034506036
1167,s112034506037
1168,s112034506038
1169,s112034506039
1170,s112034506040
1171,s112034506041
1172,s112034506043
1173,s112034506044
1174,s112034506045
1175,s112034506046
1176,s112034506047
1177,s112034506048
1178,s112034506049
1179,s112034506050
1180,s112034506051
1181,s113034506002
1182,s112034508024
1183,s112034508025
1184,s112034508027
1185,s112034508028
1186,s112034508029
1187,s112034508030
1188,s112034508032
1189,s112034508034
1190,s112034508035
1191,s112034508036
1192,s112034508037
1193,s112034508038
1194,s112034508039
1195,s112034508040
1196,s112034508041
1197,s112034508043
1198,s112034508044
1199,s112034508045
1200,s112034508046
1201,s112034508047
1202,s112034508048
1203,s112034508049
1204,s112034508050
1205,s112034508051
1206,s112034508054
1207,s112034508055
1208,s112034508057
1209,s112034508058
1210,s112034508059
1211,s112034508060
1212,s112034508061
1213,s112034508066
1214,s112034508067
1215,s112034508070
1216,s112034508071
1217,s112034508072
1218,s112034508073
1219,s112034508074
1220,s112034508075
1221,s112034508076
1222,s112034508077
1223,s112034508078
1224,s112034508079
1225,s113034508004
1226,s112034513024
1227,s112034513025
1228,s112034513026
1229,s112034513027
1230,s112034513028
1231,s112034513029
1232,s112034513030
1233,s112034513031
1234,s112034513033
1235,s112034513035
1236,s112034513037
1237,s112034513038
1238,s112034513039
1239,s112034513040
1240,s112034513042
1241,s112034513043
1242,s112034513044
1243,s112034513045
1244,s112034513046
1245,s112034513047
1246,s112034513048
1247,s112034513049
1248,s112034513051
1249,s113034513003
1250,s112034513054
1251,s112034513056
1252,s112034513057
1253,s112034513058
1254,s112034513059
1255,s112034513060
1256,s112034513061
1257,s112034513062
1258,s112034513063
1259,s112034513064
1260,s112034513065
1261,s112034513066
1262,s112034513067
1263,s112034513068
1264,s112034513069
1265,s112034513070
1266,s112034513071
1267,s112034513073
1268,s112034513074
1269,s112034513075
1270,s112034513076
1271,s112034513077
1272,s112034513078
1273,s113034513004
1274,s112034517027
1275,s112034517029
1276,s112034517032
1277,s112034517033
1278,s112034517035
1279,s112034517036
1280,s112034517037
1281,s112034517039
1282,s112034517040
1283,s112034517041
1284,s112034517042
1285,s112034517043
1286,s112034517044
1287,s112034517045
1288,s112034517046
1289,s112034517047
1290,s112034517048
1291,s112034517049
1292,s112034517050
1293,s112034517052
1294,s112034517053
1295,s112034517054
1296,s112034517057
1297,s112034517059
1298,s112034517060
1299,s112034517061
1300,s112034517062
1301,s112034517064
1302,s112034517065
1303,s112034517068
1304,s112034517069
1305,s112034517070
1306,s112034517071
1307,s112034517072
1308,s112034517073
1309,s112034517074
1310,s112034517075
1311,s112034517076
1312,s112034517077
1313,s112034517078
1314,s112034517079
1315,s112034517080
1316,s112034517082
1317,s112034517083
1318,s112034517084
1319,s112034517085
1320,s112034518024
1321,s112034518025
1322,s112034518026
1323,s112034518028
1324,s112034518029
1325,s112034518030
1326,s112034518031
1327,s112034518032
1328,s112034518034
1329,s112034518035
1330,s112034518036
1331,s112034518040
1332,s112034518041
1333,s112034518043
1334,s112034518046
1335,s112034518047
1336,s112034518048
1337,s112034518049
1338,s113034518003
1339,s112034518053
1340,s112034518054
1341,s112034518055
1342,s112034518057
1343,s112034518058
1344,s112034518059
1345,s112034518060
1346,s112034518062
1347,s112034518067
1348,s112034518068
1349,s112034518069
1350,s112034518070
1351,s112034518072
1352,s112034518075
1353,s112034518076
1354,s112034518078
1355,s112034518079
1356,s112034518081
1357,s113034518004
1358,s113034518005
1359,s112034524053
1360,s112034524055
1361,s112034524056
1362,s112034524057
1363,s112034524058
1364,s112034524059
1365,s112034524060
1366,s112034524061
1367,s112034524062
1368,s112034524063
1369,s112034524064
1370,s112034524065
1371,s112034524066
1372,s112034524067
1373,s112034524068
1374,s112034524069
1375,s112034524070
1376,s112034524071
1377,s112034524072
1378,s112034524073
1379,s112034524074
1380,s112034524075
1381,s112034524076
1382,s112034524077
1383,s112034524078
1384,s112034524079
1385,s112034524080
1386,s112034524024
1387,s112034524026
1388,s112034524027
1389,s112034524028
1390,s112034524029
1391,s112034524030
1392,s112034524031
1393,s112034524032
1394,s112034524033
1395,s112034524034
1396,s112034524035
1397,s112034524036
1398,s112034524037
1399,s112034524039
1400,s112034524040
1401,s112034524041
1402,s112034524042
1403,s112034524043
1404,s112034524044
1405,s112034524045
1406,s112034524046
1407,s112034524047
1408,s112034524048
1409,s112034524049
1410,s112034524050
1411,s112034527024
1412,s112034527025
1413,s112034527026
1414,s112034527027
1415,s112034527029
1416,s112034527030
1417,s112034527031
1418,s112034527032
1419,s112034527033
1420,s112034527034
1421,s112034527035
1422,s112034527036
1423,s112034527037
1424,s112034527038
1425,s112034527039
1426,s112034527040
1427,s112034527041
1428,s112034527042
1429,s112034527043
1430,s112034527044
1431,s112034527046
1432,s112034527047
1433,s112034527048
1434,s112034527049
1435,s112034527050
1436,s113034527003
1437,s113034527004
1438,s112034527052
1439,s112034527053
1440,s112034527054
1441,s112034527055
1442,s112034527057
1443,s112034527058
1444,s112034527059
1445,s112034527060
1446,s112034527061
1447,s112034527062
1448,s112034527063
1449,s112034527065
1450,s112034527066
1451,s112034527067
1452,s112034527069
1453,s112034527070
1454,s112034527071
1455,s112034527072
1456,s112034527073
1457,s112034527074
1458,s112034527075
1459,s112034527076
1460,s112034527077
1461,s112034527078
1462,s112034527080
1463,s112034543024
1464,s112034543025
1465,s112034543026
1466,s112034543027
1467,s112034543028
1468,s112034543029
1469,s112034543031
1470,s112034543033
1471,s112034543034
1472,s112034543036
1473,s112034543037
1474,s112034543038
1475,s112034543040
1476,s112034543042
1477,s112034543043
1478,s112034543044
1479,s112034543045
1480,s112034543046
1481,s113034543003
1482,s112034543053
1483,s112034543054
1484,s112034543056
1485,s112034543057
1486,s112034543058
1487,s112034543059
1488,s112034543061
1489,s112034543063
1490,s112034543064
1491,s112034543065
1492,s112034543066
1493,s112034543067
1494,s112034543068
1495,s112034543070
1496,s112034543071
1497,s112034543072
1498,s112034543073
1499,s112034543076
1500,s112034543078
1501,s112034543079
1502,s112034554053
1503,s112034554054
1504,s112034554055
1505,s112034554056
1506,s112034554057
1507,s112034554058
1508,s112034554060
1509,s112034554061
1510,s112034554062
1511,s112034554064
1512,s112034554065
1513,s112034554066
1514,s112034554067
1515,s112034554068
1516,s112034554071
1517,s112034554072
1518,s112034554073
1519,s112034554074
1520,s112034554076
1521,s112034554077
1522,s113034554004
1523,s112034554024
1524,s112034554025
1525,s112034554026
1526,s112034554027
1527,s112034554028
1528,s112034554030
1529,s112034554031
1530,s112034554032
1531,s112034554033
1532,s112034554034
1533,s112034554036
1534,s112034554037
1535,s112034554038
1536,s112034554039
1537,s112034554040
1538,s112034554041
1539,s112034554042
1540,s112034554043
1541,s112034554044
1542,s112034554045
1543,s112034554046
1544,s112034554047
1545,s112034554048
1546,s112034554049
1547,s112034557024
1548,s112034557026
1549,s112034557027
1550,s112034557028
1551,s112034557029
1552,s112034557030
1553,s112034557031
1554,s112034557032
1555,s112034557034
1556,s112034557035
1557,s112034557036
1558,s112034557037
1559,s112034557038
1560,s112034557039
1561,s112034557040
1562,s112034557041
1563,s112034557042
1564,s112034557043
1565,s112034557046
1566,s113034557003
1567,s113034557004
1568,s113034557005
1569,s112034557050
1570,s112034557051
1571,s112034557052
1572,s112034557053
1573,s112034557054
1574,s112034557055
1575,s112034557057
1576,s112034557058
1577,s112034557059
1578,s112034557060
1579,s112034557061
1580,s112034557062
1581,s112034557063
1582,s112034557064
1583,s112034557065
1584,s112034557066
1585,s112034557067
1586,s112034557068
1587,s112034557069
1588,s112034557070
1589,s112034557071
1590,s112034557072
1591,s112034557074
1592,s112034557075
1593,s112034560374
1594,s112034560375
1595,s112034560376
1596,s112034560377
1597,s112034560378
1598,s112034560379
1599,s112034560381
1600,s112034560384
1601,s112034560385
1602,s112034560387
1603,s112034560389
1604,s112034560394
1605,s112034560395
1606,s112034560396
1607,s112034560399
1608,s112034560400
1609,s112034560404
1610,s112034560405
1611,s112034560407
1612,s112034560408
1613,s112034560409
1614,s112034560410
1615,s112034560411
1616,s112034560413
1617,s112034560414
1618,s112034560415
1619,s112034560416
1620,s112034560417
1621,s112034560418
1622,s112034560420
1623,s112034560421
1624,s112034560422
1625,s112034560424
1626,s112034560425
1627,s112034560426
1628,s112034560427
1629,s112034560428
1630,s112034560429
1631,s112034560430
1632,s112034563024
1633,s112034563025
1634,s112034563026
1635,s112034563028
1636,s112034563029
1637,s112034563030
1638,s112034563031
1639,s112034563032
1640,s112034563033
1641,s112034563034
1642,s112034563035
1643,s112034563036
1644,s112034563037
1645,s112034563039
1646,s112034563040
1647,s112034563041
1648,s112034563043
1649,s112034563044
1650,s112034563045
1651,s112034563046
1652,s112034563048
1653,s113034563003
1654,s113034563004
1655,s112034563053
1656,s112034563054
1657,s112034563055
1658,s112034563057
1659,s112034563058
1660,s112034563059
1661,s112034563060
1662,s112034563062
1663,s112034563063
1664,s112034563064
1665,s112034563065
1666,s112034563066
1667,s112034563067
1668,s112034563068
1669,s112034563069
1670,s112034563073
1671,s112034563075
1672,s112034563076
1673,s112034565025
1674,s112034565026
1675,s112034565028
1676,s112034565029
1677,s112034565030
1678,s112034565031
1679,s112034565032
1680,s112034565033
1681,s112034565035
1682,s112034565036
1683,s112034565037
1684,s112034565038
1685,s112034565039
1686,s112034565040
1687,s112034565042
1688,s112034565043
1689,s112034565045
1690,s112034565046
1691,s112034565047
1692,s112034565048
1693,s112034565049
1694,s112034565050
1695,s112034565052
1696,s113034565003
1697,s112034565055
1698,s112034565056
1699,s112034565057
1700,s112034565058
1701,s112034565059
1702,s112034565060
1703,s112034565061
1704,s112034565062
1705,s112034565063
1706,s112034565064
1707,s112034565065
1708,s112034565066
1709,s112034565067
1710,s112034565068
1711,s112034565069
1712,s112034565071
1713,s112034565072
1714,s112034565073
1715,s112034565074
1716,s112034565075
1717,s112034565076
1718,s112034565077
1719,s112034565078
1720,s112034565079
1721,s112034565080
1722,s112034565081
1723,s112034565082
1724,s112034565083
1725,s113034565004
1726,s112044501024
1727,s112044501025
1728,s112044501026
1729,s112044501027
1730,s112044501028
1731,s112044501029
1732,s112044501030
1733,s112044501031
1734,s112044501032
1735,s112044501033
1736,s112044501035
1737,s112044501037
1738,s112044501039
1739,s112044501040
1740,s112044501043
1741,s112044501045
1742,s112044501047
1743,s112044501049
1744,s112044501050
1745,s112044501051
1746,s112044501052
1747,s112044501057
1748,s112044501058
1749,s112044501059
1750,s112044501060
1751,s112044501062
1752,s112044501065
1753,s112044501067
1754,s112044501070
1755,s112044501071
1756,s112044501074
1757,s112044501075
1758,s112044501076
1759,s112044501081
1760,s112044501082
1761,s112044501083
1762,s112044506024
1763,s112044506025
1764,s112044506027
1765,s112044506028
1766,s112044506031
1767,s112044506033
1768,s112044506034
1769,s112044506035
1770,s112044506037
1771,s112044506038
1772,s112044506039
1773,s112044506041
1774,s113044506003
1775,s112044522024
1776,s112044522025
1777,s112044522027
1778,s112044522028
1779,s112044522029
1780,s112044522032
1781,s112044522033
1782,s112044522034
1783,s112044522035
1784,s112044522036
1785,s112044522037
1786,s112044522038
1787,s112044522039
1788,s112044522040
1789,s112044522041
1790,s112044522042
1791,s112044522043
1792,s112044522044
1793,s112044522047
1794,s113044522003
1795,s112044522055
1796,s112044522056
1797,s112044522057
1798,s112044522058
1799,s112044522059
1800,s112044522060
1801,s112044522061
1802,s112044522065
1803,s112044522066
1804,s112044522067
1805,s112044522069
1806,s112044522070
1807,s112044522071
1808,s112044522072
1809,s112044522075
1810,s112044522076
1811,s112044522077
1812,s112044522078
1813,s112044522081
1814,s112044524026
1815,s112044524027
1816,s112044524032
1817,s112044524034
1818,s112044524036
1819,s112044524037
1820,s112044524041
1821,s112044524042
1822,s112044524043
1823,s112044524045
1824,s113044524008
1825,s112044524048
1826,s112044524049
1827,s112044524050
1828,s112044524054
1829,s112044524058
1830,s112044524060
1831,s112044524061
1832,s112044524062
1833,s112044524063
1834,s112044524064
1835,s112044524065
1836,s112044524066
1837,s113044524005
1838,s113044524007
1839,s112044529056
1840,s112044529057
1841,s112044529058
1842,s112044529059
1843,s112044529060
1844,s112044529062
1845,s112044529063
1846,s112044529065
1847,s112044529067
1848,s112044529068
1849,s112044529070
1850,s112044529071
1851,s112044529074
1852,s112044529075
1853,s112044529076
1854,s112044529077
1855,s112044529079
1856,s112044529080
1857,s112044529081
1858,s112044529082
1859,s112044529083
1860,s112044529085
1861,s112044529024
1862,s112044529026
1863,s112044529027
1864,s112044529029
1865,s112044529032
1866,s112044529034
1867,s112044529035
1868,s112044529036
1869,s112044529037
1870,s112044529038
1871,s112044529040
1872,s112044529042
1873,s112044529044
1874,s112044529045
1875,s112044529047
1876,s112044529048
1877,s112044529049
1878,s112044529050
1879,s112044529051
1880,s112044529052
1881,s112044529053
1882,s112051302024
1883,s112051302025
1884,s112051302026
1885,s112051302027
1886,s112051302028
1887,s112051302029
1888,s112051302030
1889,s112051302031
1890,s112051302032
1891,s112051302034
1892,s112051302035
1893,s112051302036
1894,s112051302037
1895,s112051302038
1896,s112051302039
1897,s112051302040
1898,s112051302041
1899,s112051302042
1900,s112051302043
1901,s112051302044
1902,s112051302045
1903,s112051302047
1904,s112051302048
1905,s112051302049
1906,s112051302050
1907,s112051302051
1908,s112051302052
1909,s112051302053
1910,s112051302054
1911,s112051302055
1912,s112051302056
1913,s112051302059
1914,s112051302060
1915,s112051302061
1916,s112051302063
1917,s112051302064
1918,s112051302065
1919,s113051302003
1920,s112051302068
1921,s112051302070
1922,s112051302071
1923,s112051302072
1924,s112051302078
1925,s112051302079
1926,s112051302080
1927,s112051302087
1928,s112051302091
1929,s112051302093
1930,s112051302094
1931,s112051302095
1932,s112051302096
1933,s112051302097
1934,s112051302099
1935,s112051302100
1936,s112051302102
1937,s112051302104
1938,s112051302107
1939,s112051302109
1940,s112054502024
1941,s112054502025
1942,s112054502026
1943,s112054502027
1944,s112054502028
1945,s112054502029
1946,s112054502030
1947,s112054502031
1948,s112054502032
1949,s112054502033
1950,s112054502037
1951,s112054502039
1952,s112054502040
1953,s112054502042
1954,s112054502043
1955,s112054502044
1956,s112054502045
1957,s112054502046
1958,s113054502003
1959,s112054502050
1960,s112054502051
1961,s112054502053
1962,s112054502054
1963,s112054502055
1964,s112054502057
1965,s112054502058
1966,s112054502059
1967,s112054502061
1968,s112054502062
1969,s112054502065
1970,s112054502066
1971,s112054502069
1972,s113054502004
1973,s112054505026
1974,s112054505027
1975,s112054505028
1976,s112054505035
1977,s112054505036
1978,s112054505040
1979,s112054505041
1980,s112054505042
1981,s112054505043
1982,s112054505045
1983,s112054505048
1984,s113054505003
1985,s112054505054
1986,s112054505056
1987,s112054505057
1988,s112054505058
1989,s112054505059
1990,s112054505061
1991,s112054505062
1992,s112054505063
1993,s112054505064
1994,s112054505067
1995,s112054505068
1996,s112054505069
1997,s112054505070
1998,s112054505071
1999,s112054505073
2000,s112054505074
2001,s112054505075
2002,s112054505076
2003,s112054505078
2004,s112054523041
2005,s112054523042
2006,s112054523044
2007,s112054523045
2008,s112054523046
2009,s112054523047
2010,s112054523048
2011,s112054523050
2012,s112054523051
2013,s112054523053
2014,s112054523055
2015,s113054523005
2016,s112054523024
2017,s112054523025
2018,s112054523027
2019,s112054523028
2020,s112054523029
2021,s112054523030
2022,s112054523031
2023,s112054523032
2024,s112054523034
2025,s112054523036
2026,s112054523037
2027,s112054523038
2028,s112060323074
2029,s112060323076
2030,s112060323077
2031,s112060323078
2032,s112060323079
2033,s112060323080
2034,s112060323081
2035,s112060323084
2036,s112060323085
2037,s112060323086
2038,s112060323087
2039,s112060323088
2040,s112060323089
2041,s112060323090
2042,s112060323091
2043,s112060323093
2044,s112060323095
2045,s112060323096
2046,s112060323098
2047,s112060323099
2048,s112060323100
2049,s112060323102
2050,s113060323003
2051,s112060323105
2052,s112060323106
2053,s112060323107
2054,s112060323108
2055,s112060323110
2056,s112060323111
2057,s112060323112
2058,s112060323113
2059,s112060323115
2060,s112060323116
2061,s112060323117
2062,s112060323118
2063,s112060323119
2064,s112060323121
2065,s112060323122
2066,s112060323123
2067,s112060323124
2068,s112060323125
2069,s112060323126
2070,s112060323127
2071,s112060323128
2072,s112060323129
2073,s112060323130
2074,s112060323131
2075,s112060323132
2076,s113060323004
2077,s113060323005
2078,s113060323006
2079,s112060323092
2080,s112061313069
2081,s112061313070
2082,s112061313072
2083,s112061313073
2084,s112061313074
2085,s112061313075
2086,s112061313076
2087,s112061313077
2088,s112061313078
2089,s112061313080
2090,s112061313081
2091,s112061313082
2092,s112061313085
2093,s112061313086
2094,s112061313087
2095,s112061313089
2096,s112061313090
2097,s112061313092
2098,s112061313093
2099,s112061313094
2100,s112061313095
2101,s112061313096
2102,s112061313097
2103,s112061313098
2104,s112061313099
2105,s112061313100
2106,s112061313101
2107,s112061313102
2108,s112061313103
2109,s112061313104
2110,s112061313105
2111,s112061313106
2112,s112061313107
2113,s112061313108
2114,s112061313024
2115,s112061313025
2116,s112061313026
2117,s112061313027
2118,s112061313029
2119,s112061313030
2120,s112061313031
2121,s112061313032
2122,s112061313033
2123,s112061313034
2124,s112061313035
2125,s112061313036
2126,s112061313037
2127,s112061313038
2128,s112061313039
2129,s112061313040
2130,s112061313041
2131,s112061313042
2132,s112061313043
2133,s112061313044
2134,s112061313045
2135,s112061313047
2136,s112061313048
2137,s112061313049
2138,s112061313050
2139,s112061313051
2140,s112061313052
2141,s112061313053
2142,s112061313054
2143,s112061313055
2144,s112061313056
2145,s112061313057
2146,s112061313058
2147,s112061313059
2148,s112061313061
2149,s112061313062
2150,s112061313063
2151,s112061315024
2152,s112061315025
2153,s112061315027
2154,s112061315028
2155,s112061315029
2156,s112061315031
2157,s112061315033
2158,s112061315034
2159,s112061315035
2160,s112061315036
2161,s112061315038
2162,s112061315039
2163,s112061315041
2164,s112061315043
2165,s112061315044
2166,s112061315045
2167,s112061315046
2168,s112061315047
2169,s112061315048
2170,s112061315050
2171,s112061315051
2172,s112061315052
2173,s112061315053
2174,s112061315054
2175,s112061315058
2176,s112061315059
2177,s112061315060
2178,s112061315061
2179,s112061315062
2180,s112061315064
2181,s112061315067
2182,s112061315068
2183,s112061315069
2184,s112061315072
2185,s112061315073
2186,s112061315080
2187,s112061315083
2188,s112061315085
2189,s112061315087
2190,s112061315089
2191,s112061315093
2192,s112061315094
2193,s112061315098
2194,s112061315099
2195,s112061315100
2196,s112061315102
2197,s112061315105
2198,s112061315106
2199,s112061315108
2200,s112061317024
2201,s112061317025
2202,s112061317027
2203,s112061317030
2204,s112061317031
2205,s112061317032
2206,s112061317033
2207,s112061317034
2208,s112061317037
2209,s112061317038
2210,s112061317039
2211,s112061317040
2212,s112061317041
2213,s112061317042
2214,s112061317045
2215,s112061317048
2216,s112061317049
2217,s112061317050
2218,s112061317051
2219,s112061317052
2220,s112061317053
2221,s112061317054
2222,s112061317055
2223,s112061317056
2224,s112061317057
2225,s112061317058
2226,s112061317059
2227,s112061317061
2228,s112061317063
2229,s112061317064
2230,s112061317065
2231,s112061317067
2232,s112061317070
2233,s113061317003
2234,s112061317074
2235,s112061317075
2236,s112061317076
2237,s112061317079
2238,s112061317080
2239,s112061317081
2240,s112061317082
2241,s112061317083
2242,s112061317085
2243,s112061317086
2244,s112061317087
2245,s112061317088
2246,s112061317089
2247,s112061317090
2248,s112061317092
2249,s112061317093
2250,s112061317095
2251,s112061317096
2252,s112061317097
2253,s112061317098
2254,s112061317100
2255,s112061317101
2256,s112061317102
2257,s112061317103
2258,s112061317106
2259,s112061317107
2260,s112061317108
2261,s112061317110
2262,s112061317111
2263,s112061317112
2264,s112061317113
2265,s113061317004
2266,s113061317007
2267,s113061317008
2268,s112064350025
2269,s112064350026
2270,s112064350027
2271,s112064350028
2272,s112064350029
2273,s112064350030
2274,s112064350032
2275,s112064350033
2276,s112064350034
2277,s112064350035
2278,s112064350037
2279,s112064350038
2280,s112064350039
2281,s112064350040
2282,s112064350041
2283,s112064350042
2284,s112064350043
2285,s112064350044
2286,s112064350045
2287,s113064350003
2288,s113064350004
2289,s113064350005
2290,s112064350048
2291,s112064350049
2292,s112064350051
2293,s112064350052
2294,s112064350053
2295,s112064350054
2296,s112064350055
2297,s112064350060
2298,s112064350061
2299,s112064350062
2300,s112064350063
2301,s112064350064
2302,s112064350065
2303,s112064350066
2304,s112064350067
2305,s112064350071
2306,s112064350073
2307,s112064510025
2308,s112064510026
2309,s112064510027
2310,s112064510028
2311,s112064510029
2312,s112064510030
2313,s112064510031
2314,s112064510032
2315,s112064510033
2316,s112064510034
2317,s112064510035
2318,s112064510036
2319,s112064510037
2320,s112064510038
2321,s112064510039
2322,s112064510040
2323,s112064510042
2324,s112064510043
2325,s112064510044
2326,s112064510045
2327,s112064510048
2328,s112064510049
2329,s112064510050
2330,s112064510051
2331,s112064510052
2332,s112064510054
2333,s112064510055
2334,s112064510056
2335,s112064510057
2336,s112064510058
2337,s112064510059
2338,s112064510060
2339,s112064510061
2340,s112064510062
2341,s112064510063
2342,s112064510065
2343,s112064510066
2344,s112064510067
2345,s112064510068
2346,s112064510069
2347,s112064510070
2348,s112064510073
2349,s112064515025
2350,s112064515026
2351,s112064515027
2352,s112064515029
2353,s112064515030
2354,s112064515031
2355,s112064515032
2356,s112064515033
2357,s112064515034
2358,s112064515035
2359,s112064515036
2360,s112064515037
2361,s112064515038
2362,s112064515039
2363,s112064515040
2364,s112064515041
2365,s112064515042
2366,s112064515043
2367,s112064515044
2368,s112064515045
2369,s112064515046
2370,s112064515047
2371,s112064515048
2372,s112064515049
2373,s112064515050
2374,s113064515003
2375,s113064515004
2376,s112064515053
2377,s112064515056
2378,s112064515057
2379,s112064515059
2380,s112064515060
2381,s112064515061
2382,s112064515062
2383,s112064515063
2384,s112064515064
2385,s112064515066
2386,s112064515067
2387,s112064515068
2388,s112064515069
2389,s112064515070
2390,s112064515071
2391,s112064515072
2392,s112064515073
2393,s112064515076
2394,s112064515077
2395,s112064515078
2396,s112064515079
2397,s112064519024
2398,s112064519026
2399,s112064519027
2400,s112064519028
2401,s112064519031
2402,s112064519032
2403,s112064519033
2404,s112064519034
2405,s112064519035
2406,s112064519036
2407,s112064519040
2408,s112064519043
2409,s112064519044
2410,s112064519046
2411,s112064521025
2412,s112064521027
2413,s112064521028
2414,s112064521029
2415,s112064521030
2416,s112064521031
2417,s112064521032
2418,s112064521033
2419,s112064521034
2420,s112064521035
2421,s112064521036
2422,s112064521039
2423,s112064521040
2424,s112064521041
2425,s112064521042
2426,s112064521043
2427,s112064521045
2428,s112064521046
2429,s112064521047
2430,s112064521048
2431,s112064521049
2432,s112064521050
2433,s112064523050
2434,s112064523051
2435,s112064523052
2436,s112064523053
2437,s112064523054
2438,s112064523055
2439,s112064523056
2440,s112064523057
2441,s112064523058
2442,s112064523059
2443,s112064523060
2444,s112064523061
2445,s112064523062
2446,s112064523063
2447,s112064523064
2448,s112064523065
2449,s112064523067
2450,s112064523068
2451,s112064523069
2452,s112064523070
2453,s112064523071
2454,s112064523024
2455,s112064523027
2456,s112064523028
2457,s112064523029
2458,s112064523030
2459,s112064523032
2460,s112064523033
2461,s112064523034
2462,s112064523036
2463,s112064523037
2464,s112064523038
2465,s112064523039
2466,s112064523040
2467,s112064523041
2468,s112064523044
2469,s113064523003
2470,s113064523004
2471,s113064523006
2472,s112064526024
2473,s112064526025
2474,s112064526026
2475,s112064526028
2476,s112064526029
2477,s112064526030
2478,s112064526031
2479,s112064526032
2480,s112064526033
2481,s112064526034
2482,s112064526036
2483,s112064526037
2484,s112064526038
2485,s112064526039
2486,s112064526041
2487,s112064526042
2488,s112064526043
2489,s112064526044
2490,s112064526045
2491,s112064526046
2492,s112064526047
2493,s112064526049
2494,s112064526050
2495,s113064526003
2496,s112064526055
2497,s112064526056
2498,s112064526060
2499,s112064526061
2500,s112064526063
2501,s112064526064
2502,s112064526066
2503,s112064526067
2504,s112064526068
2505,s112064526069
2506,s112064526072
2507,s112064526074
2508,s112064526075
2509,s112064533025
2510,s112064533026
2511,s112064533027
2512,s112064533029
2513,s112064533034
2514,s112064533035
2515,s112064533036
2516,s112064537045
2517,s112064537047
2518,s112064537049
2519,s112064537050
2520,s112064537051
2521,s112064537052
2522,s112064537053
2523,s112064537054
2524,s112064537058
2525,s112064537059
2526,s112064537061
2527,s112064537025
2528,s112064537030
2529,s112064537032
2530,s112064537033
2531,s112064537034
2532,s112064537036
2533,s112064537038
2534,s112064537039
2535,s112064537040
2536,s112064538055
2537,s112064538056
2538,s112064538057
2539,s112064538058
2540,s112064538059
2541,s112064538060
2542,s112064538061
2543,s112064538062
2544,s112064538063
2545,s112064538064
2546,s112064538065
2547,s112064538066
2548,s112064538067
2549,s112064538069
2550,s112064538070
2551,s112064538071
2552,s112064538072
2553,s112064538073
2554,s112064538074
2555,s112064538075
2556,s112064538076
2557,s112064538077
2558,s112064538078
2559,s112064538079
2560,s113064538005
2561,s113064538006
2562,s113064538007
2563,s112064538024
2564,s112064538025
2565,s112064538027
2566,s112064538028
2567,s112064538029
2568,s112064538030
2569,s112064538032
2570,s112064538033
2571,s112064538034
2572,s112064538035
2573,s112064538036
2574,s112064538037
2575,s112064538039
2576,s112064538040
2577,s112064538041
2578,s112064538042
2579,s112064538043
2580,s112064538044
2581,s112064538045
2582,s112064538046
2583,s112064538047
2584,s112064538048
2585,s112064538049
2586,s112064538050
2587,s112064538051
2588,s113064538003
2589,s113064538004
2590,s112064543025
2591,s112064543026
2592,s112064543029
2593,s112064543030
2594,s112064543031
2595,s112064543032
2596,s112064543033
2597,s112064543034
2598,s112064543036
2599,s112064543037
2600,s112064543038
2601,s112064543039
2602,s112064543041
2603,s112064543042
2604,s112064543044
2605,s112064543045
2606,s112064543048
2607,s113064543004
2608,s113064543005
2609,s112064543052
2610,s112064543054
2611,s112064543055
2612,s112064543057
2613,s112064543060
2614,s112064543061
2615,s112064543062
2616,s112064543064
2617,s112064543065
2618,s112064543066
2619,s112064543067
2620,s112064543068
2621,s112064543069
2622,s112064543072
2623,s112064545024
2624,s112064545025
2625,s112064545026
2626,s112064545028
2627,s112064545029
2628,s112064545030
2629,s112064545031
2630,s112064545034
2631,s112064545035
2632,s112064545036
2633,s112064545037
2634,s112064545038
2635,s112064545044
2636,s112064545045
2637,s112064545046
2638,s112064545048
2639,s112064545050
2640,s112064545051
2641,s112064545052
2642,s112064545053
2643,s112064545054
2644,s112064545055
2645,s112064545056
2646,s112064545057
2647,s112064545058
2648,s112064545059
2649,s112064545060
2650,s113064545004
2651,s112064546053
2652,s112064546054
2653,s112064546055
2654,s112064546057
2655,s112064546058
2656,s112064546059
2657,s112064546060
2658,s112064546061
2659,s112064546062
2660,s112064546063
2661,s112064546064
2662,s112064546065
2663,s112064546066
2664,s112064546067
2665,s112064546068
2666,s112064546069
2667,s112064546070
2668,s112064546071
2669,s112064546072
2670,s112064546073
2671,s112064546074
2672,s112064546075
2673,s112064546076
2674,s112064546077
2675,s113064546004
2676,s112064546024
2677,s112064546025
2678,s112064546026
2679,s112064546027
2680,s112064546028
2681,s112064546030
2682,s112064546031
2683,s112064546032
2684,s112064546033
2685,s112064546037
2686,s112064546038
2687,s112064546039
2688,s112064546040
2689,s112064546041
2690,s112064546042
2691,s112064546043
2692,s112064546044
2693,s112064546045
2694,s112064546046
2695,s112064546047
2696,s112064546048
2697,s112064546049
2698,s112064546050
2699,s113064546003
2700,s112064548025
2701,s112064548027
2702,s112064548029
2703,s112064548030
2704,s112064548031
2705,s112064548032
2706,s112064548033
2707,s112064548034
2708,s112064548035
2709,s112064548036
2710,s112064548037
2711,s112064548038
2712,s112064548039
2713,s112064548040
2714,s112064548041
2715,s112064548042
2716,s112064548043
2717,s112064548044
2718,s112064548047
2719,s112064548048
2720,s112064548049
2721,s112064548050
2722,s113064548003
2723,s112064548054
2724,s112064548056
2725,s112064548057
2726,s112064548058
2727,s112064548059
2728,s112064548060
2729,s112064548062
2730,s112064548063
2731,s112064548065
2732,s112064548066
2733,s112064548067
2734,s112064548068
2735,s112064548069
2736,s112064548070
2737,s112064548071
2738,s112064548072
2739,s112064548073
2740,s112064548074
2741,s112064548075
2742,s112064548076
2743,s112064548077
2744,s112064548079
2745,s112064551024
2746,s112064551025
2747,s112064551026
2748,s112064551027
2749,s112064551028
2750,s112064551029
2751,s112064551030
2752,s112064551031
2753,s112064551032
2754,s112064551033
2755,s112064551034
2756,s112064551035
2757,s112064551037
2758,s112064551038
2759,s112064551039
2760,s112064551040
2761,s112064551041
2762,s112064551042
2763,s112064551043
2764,s112064551044
2765,s112064551045
2766,s112064551046
2767,s112064551047
2768,s112064551048
2769,s112064551051
2770,s112064551053
2771,s112064551054
2772,s112064551055
2773,s112064551056
2774,s112064551057
2775,s112064551058
2776,s112064551060
2777,s112064551063
2778,s112064551064
2779,s112064551067
2780,s112064551068
2781,s112064551069
2782,s112064551070
2783,s112064551071
2784,s112064551072
2785,s112064551073
2786,s112064551074
2787,s112064551075
2788,s112064551076
2789,s112064551077
2790,s112071311024
2791,s112071311027
2792,s112071311031
2793,s112071311032
2794,s112071311034
2795,s112071311038
2796,s112071311039
2797,s112071311040
2798,s112071311043
2799,s112071311045
2800,s112071311047
2801,s112071311049
2802,s112071311050
2803,s112071311052
2804,s112071311054
2805,s112071311056
2806,s112071311060
2807,s112071311061
2808,s112071311063
2809,s112071311064
2810,s112071311068
2811,s112071311070
2812,s112071311071
2813,s112071311074
2814,s112071311076
2815,s112071311080
2816,s112071311082
2817,s112071311083
2818,s112071311085
2819,s112071311087
2820,s112071311088
2821,s112071311093
2822,s112071311095
2823,s112071311097
2824,s112071311098
2825,s112071311102
2826,s112071311104
2827,s112071311105
2828,s112071311110
2829,s112071311116
2830,s112071311120
2831,s113071311004
2832,s112071318023
2833,s112071318024
2834,s112071318025
2835,s112071318026
2836,s112071318030
2837,s113071318002
2838,s112074323024
2839,s112074323025
2840,s112074323026
2841,s112074323027
2842,s112074323028
2843,s112074323029
2844,s112074323030
2845,s112074323031
2846,s112074323033
2847,s112074323034
2848,s112074323037
2849,s112074323038
2850,s112074323039
2851,s112074323040
2852,s112074323041
2853,s112074323042
2854,s112074323044
2855,s112074323045
2856,s112074323046
2857,s112074323047
2858,s112074323048
2859,s112074323051
2860,s112074323052
2861,s112074323054
2862,s112074323055
2863,s112074323056
2864,s112074323057
2865,s112074323058
2866,s112074323059
2867,s112074323060
2868,s112074323061
2869,s112074323062
2870,s112074323063
2871,s112074323064
2872,s112074323065
2873,s112074323066
2874,s112074323067
2875,s112074323068
2876,s112074323069
2877,s112074323070
2878,s112074323071
2879,s112074323072
2880,s112074323073
2881,s112074323074
2882,s112074323075
2883,s112074323076
2884,s112074505024
2885,s112074505025
2886,s112074505026
2887,s112074505028
2888,s112074505030
2889,s112074505031
2890,s112074505032
2891,s112074505033
2892,s112074505034
2893,s112074505035
2894,s112074505036
2895,s112074505037
2896,s112074505038
2897,s112074505039
2898,s112074505040
2899,s112074505041
2900,s112074505043
2901,s112074505044
2902,s112074505045
2903,s112074505046
2904,s112074505048
2905,s112074505049
2906,s112074505051
2907,s112074505054
2908,s112074505055
2909,s112074505056
2910,s112074505057
2911,s112074505058
2912,s112074505059
2913,s112074505060
2914,s112074505061
2915,s112074505062
2916,s112074505063
2917,s112074505065
2918,s112074505066
2919,s112074505067
2920,s112074505068
2921,s112074505069
2922,s112074505071
2923,s112074505072
2924,s112074505073
2925,s112074505074
2926,s112074505075
2927,s112074505076
2928,s112074505077
2929,s112074505078
2930,s112074505079
2931,s112074505080
2932,s112074505081
2933,s112074510024
2934,s112074510025
2935,s112074510026
2936,s112074510027
2937,s112074510028
2938,s112074510029
2939,s112074510030
2940,s112074510031
2941,s112074510032
2942,s112074510034
2943,s112074510035
2944,s112074510036
2945,s112074510037
2946,s112074510040
2947,s112074510041
2948,s112074510042
2949,s112074510043
2950,s112074510044
2951,s112074510045
2952,s112074510046
2953,s112074510047
2954,s112074510048
2955,s112074510049
2956,s112074510050
2957,s113074510003
2958,s113074510004
2959,s112074510053
2960,s112074510054
2961,s112074510055
2962,s112074510056
2963,s112074510057
2964,s112074510058
2965,s112074510059
2966,s112074510060
2967,s112074510061
2968,s112074510062
2969,s112074510063
2970,s112074510064
2971,s112074510065
2972,s112074510066
2973,s112074510067
2974,s112074510068
2975,s112074510069
2976,s112074510070
2977,s112074510071
2978,s112074510073
2979,s112074510074
2980,s112074510075
2981,s112074510076
2982,s112074510077
2983,s112074510078
2984,s112074510079
2985,s112074510080
2986,s113074510006
2987,s112074511024
2988,s112074511025
2989,s112074511026
2990,s112074511027
2991,s112074511028
2992,s112074511029
2993,s112074511030
2994,s112074511031
2995,s112074511033
2996,s112074511034
2997,s112074511035
2998,s112074511036
2999,s112074511037
3000,s112074511038
3001,s112074511040
3002,s112074511041
3003,s112074511042
3004,s112074511043
3005,s112074511044
3006,s112074511046
3007,s112074511047
3008,s112074511048
3009,s112074511049
3010,s112074511050
3011,s112074511051
3012,s113074511003
3013,s113074511004
3014,s112074511054
3015,s112074511055
3016,s112074511057
3017,s112074511058
3018,s112074511059
3019,s112074511060
3020,s112074511061
3021,s112074511062
3022,s112074511063
3023,s112074511064
3024,s112074511065
3025,s112074511066
3026,s112074511067
3027,s112074511068
3028,s112074511069
3029,s112074511070
3030,s112074511071
3031,s112074511072
3032,s112074511073
3033,s112074511074
3034,s112074511076
3035,s112074511078
3036,s112074511080
3037,s112074511082
3038,s112074518024
3039,s112074518025
3040,s112074518026
3041,s112074518027
3042,s112074518029
3043,s112074518030
3044,s112074518031
3045,s112074518032
3046,s112074518033
3047,s112074518034
3048,s112074518035
3049,s112074518037
3050,s112074518038
3051,s112074518039
3052,s112074518040
3053,s112074518041
3054,s112074518042
3055,s112074518043
3056,s112074518044
3057,s112074518045
3058,s112074518046
3059,s112074518047
3060,s112074518048
3061,s112074518049
3062,s113074518003
3063,s112074518054
3064,s112074518055
3065,s112074518056
3066,s112074518057
3067,s112074518059
3068,s112074518060
3069,s112074518061
3070,s112074518064
3071,s112074518065
3072,s112074518066
3073,s112074518067
3074,s112074518068
3075,s112074518069
3076,s112074518070
3077,s112074518072
3078,s112074518073
3079,s112074518074
3080,s112074518075
3081,s112074518076
3082,s113074518004
3083,s112074534024
3084,s112074534025
3085,s112074534026
3086,s112074534029
3087,s112074534030
3088,s112074534033
3089,s112074534034
3090,s112074534035
3091,s112074534036
3092,s112074534037
3093,s112074534040
3094,s112074534041
3095,s112074534042
3096,s112074534043
3097,s112074534044
3098,s112074534045
3099,s112074534046
3100,s112074534047
3101,s112074534050
3102,s112074534051
3103,s112074534053
3104,s112074534054
3105,s112074534055
3106,s112074534056
3107,s112074534057
3108,s112074534058
3109,s112074534059
3110,s112074534060
3111,s112074534061
3112,s112074534062
3113,s112074534063
3114,s112074534064
3115,s112074534065
3116,s112074534066
3117,s112074534067
3118,s112074534068
3119,s112074534069
3120,s112074534070
3121,s112074534071
3122,s112074534072
3123,s113074534003
3124,s112074536024
3125,s112074536026
3126,s112074536027
3127,s112074536028
3128,s112074536029
3129,s112074536030
3130,s112074536031
3131,s112074536032
3132,s112074536033
3133,s112074536034
3134,s112074536035
3135,s112074536036
3136,s112074536037
3137,s112074536038
3138,s112074536039
3139,s112074536040
3140,s112074536041
3141,s112074536042
3142,s112074536043
3143,s112074536044
3144,s112074536046
3145,s112074536047
3146,s112074536048
3147,s112074536049
3148,s112074536053
3149,s112074536054
3150,s112074536055
3151,s112074536057
3152,s112074536058
3153,s112074536059
3154,s112074536060
3155,s112074536061
3156,s112074536062
3157,s112074536063
3158,s112074536065
3159,s112074536066
3160,s112074536067
3161,s112074536069
3162,s112074536070
3163,s112074536071
3164,s112074536072
3165,s112074536073
3166,s112074536074
3167,s112074536075
3168,s112074536076
3169,s112074536077
3170,s112074536078
3171,s113074536003
3172,s113074536004
3173,s112074538025
3174,s112074538026
3175,s112074538028
3176,s112074538029
3177,s112074538030
3178,s112074538031
3179,s112074538032
3180,s112074538033
3181,s112074538034
3182,s112074538035
3183,s112074538036
3184,s112074538037
3185,s112074538038
3186,s112074538039
3187,s112074538040
3188,s112074538041
3189,s112074538042
3190,s112074538043
3191,s112074538044
3192,s112074538045
3193,s112074538046
3194,s112074538047
3195,s112074538048
3196,s112074538049
3197,s112074538050
3198,s112074538053
3199,s112074538054
3200,s112074538055
3201,s112074538056
3202,s112074538057
3203,s112074538059
3204,s112074538060
3205,s112074538061
3206,s112074538065
3207,s112074538066
3208,s112074538067
3209,s112074538068
3210,s112074538069
3211,s112074538070
3212,s112074538071
3213,s112074538073
3214,s112074538074
3215,s112074538075
3216,s112074538076
3217,s112074538077
3218,s112074538078
3219,s112074538079
3220,s112084503056
3221,s112084503057
3222,s112084503058
3223,s112084503059
3224,s112084503061
3225,s112084503062
3226,s112084503063
3227,s112084503064
3228,s112084503065
3229,s112084503066
3230,s112084503068
3231,s112084503070
3232,s112084503071
3233,s112084503073
3234,s112084503074
3235,s112084503076
3236,s112084503077
3237,s112084503078
3238,s112084503079
3239,s112084503080
3240,s112084503081
3241,s112084503082
3242,s112084503083
3243,s112084503084
3244,s112084503085
3245,s113084503005
3246,s112084503024
3247,s112084503025
3248,s112084503026
3249,s112084503027
3250,s112084503028
3251,s112084503029
3252,s112084503030
3253,s112084503031
3254,s112084503032
3255,s112084503033
3256,s112084503034
3257,s112084503035
3258,s112084503038
3259,s112084503039
3260,s112084503040
3261,s112084503042
3262,s112084503043
3263,s112084503044
3264,s112084503047
3265,s112084503048
3266,s112084503049
3267,s112084503050
3268,s112084503052
3269,s112084503053
3270,s113084503003
3271,s113084503004
3272,s112084507024
3273,s112084507025
3274,s112084507026
3275,s112084507027
3276,s112084507028
3277,s112084507029
3278,s112084507030
3279,s112084507031
3280,s112084507032
3281,s112084507033
3282,s112084507034
3283,s112084507035
3284,s112084507036
3285,s112084507037
3286,s112084507039
3287,s112084507040
3288,s112084507041
3289,s112084507042
3290,s112084507043
3291,s112084507044
3292,s112084507045
3293,s112084507046
3294,s112084507047
3295,s113084507003
3296,s113084507004
3297,s113084507005
3298,s112084507051
3299,s112084507052
3300,s112084507053
3301,s112084507055
3302,s112084507056
3303,s112084507058
3304,s112084507059
3305,s112084507060
3306,s112084507061
3307,s112084507062
3308,s112084507063
3309,s112084507064
3310,s112084507065
3311,s112084507066
3312,s112084507067
3313,s112084507068
3314,s112084507069
3315,s112084507070
3316,s112084507071
3317,s112084507072
3318,s112084507073
3319,s112084507074
3320,s112084507075
3321,s112084507076
3322,s112084507077
3323,s112084507078
3324,s112084507079
3325,s112084516024
3326,s112084516025
3327,s112084516027
3328,s112084516028
3329,s112084516029
3330,s112084516030
3331,s112084516031
3332,s112084516033
3333,s112084516034
3334,s112084516035
3335,s112084516036
3336,s112084516038
3337,s112084516039
3338,s112084516040
3339,s112084516041
3340,s112084516042
3341,s112084516043
3342,s112084516044
3343,s112084516046
3344,s112084516047
3345,s113084516003
3346,s113084516004
3347,s112084516050
3348,s112084516051
3349,s112084516052
3350,s112084516053
3351,s112084516054
3352,s112084516055
3353,s112084516056
3354,s112084516057
3355,s112084516058
3356,s112084516059
3357,s112084516060
3358,s112084516061
3359,s112084516062
3360,s112084516063
3361,s112084516064
3362,s112084516065
3363,s112084516066
3364,s112084516067
3365,s112084516068
3366,s112084516069
3367,s112084516070
3368,s112084516071
3369,s112084516072
3370,s112084516073
3371,s112084516074
3372,s112084523023
3373,s112084523024
3374,s112084523025
3375,s112084523026
3376,s112084523028
3377,s112084523029
3378,s113084523002
3379,s112084530045
3380,s112084530049
3381,s112084530050
3382,s112084530051
3383,s112084530054
3384,s112084530055
3385,s112084530057
3386,s112084530058
3387,s112084530059
3388,s112084530061
3389,s112084530062
3390,s113084530004
3391,s112084530024
3392,s112084530026
3393,s112084530028
3394,s112084530029
3395,s112084530032
3396,s112084530034
3397,s112084530035
3398,s112084530036
3399,s112084530038
3400,s112084530039
3401,s112084530040
3402,s112084530041
3403,s112091503025
3404,s112091503026
3405,s112091503027
3406,s112091503028
3407,s112091503029
3408,s112091503030
3409,s112091503032
3410,s112091503033
3411,s112091503034
3412,s112091503035
3413,s112091503036
3414,s112091503037
3415,s112091503039
3416,s112091503040
3417,s112091503041
3418,s112091503042
3419,s112091503043
3420,s112091503044
3421,s112091503045
3422,s112091503047
3423,s112091503048
3424,s112091503049
3425,s112091503052
3426,s112091503054
3427,s112091503055
3428,s112091503056
3429,s112091503057
3430,s112091503058
3431,s112091503059
3432,s112091503060
3433,s112091503061
3434,s112091503062
3435,s112091503063
3436,s112091503064
3437,s112091503065
3438,s112091503066
3439,s112091503067
3440,s112091503068
3441,s112091503069
3442,s112091503070
3443,s112091503071
3444,s112091503072
3445,s112091503073
3446,s112091503074
3447,s112091503075
3448,s112091503076
3449,s112104319024
3450,s112104319025
3451,s112104319026
3452,s112104319027
3453,s112104319028
3454,s112104319029
3455,s112104319030
3456,s112104319031
3457,s112104319032
3458,s112104319033
3459,s112104319035
3460,s112104319036
3461,s112104319037
3462,s112104319038
3463,s112104319039
3464,s112104319040
3465,s112104319041
3466,s112104319042
3467,s112104319043
3468,s112104319044
3469,s112104319045
3470,s112104319047
3471,s112104319048
3472,s112104319049
3473,s112104319050
3474,s112104319053
3475,s112104319055
3476,s112104319056
3477,s112104319057
3478,s112104319058
3479,s112104319059
3480,s112104319061
3481,s112104319063
3482,s112104319064
3483,s112104319065
3484,s112104319066
3485,s112104319067
3486,s112104319069
3487,s112104319071
3488,s112104319072
3489,s112104319073
3490,s112104319074
3491,s112104319076
3492,s113104319004
3493,s112104326025
3494,s112104326026
3495,s112104326027
3496,s112104326028
3497,s112104326029
3498,s112104326031
3499,s112104326032
3500,s112104326033
3501,s112104326034
3502,s112104326035
3503,s112104326036
3504,s112104326037
3505,s112104326038
3506,s112104326039
3507,s112104326040
3508,s112104326041
3509,s112104326042
3510,s112104326043
3511,s112104326044
3512,s112104326045
3513,s112104326047
3514,s112104326048
3515,s112104326049
3516,s112104326050
3517,s112104326051
3518,s112104326055
3519,s112104326058
3520,s112104326059
3521,s112104326060
3522,s112104326062
3523,s112104326063
3524,s112104326064
3525,s112104326065
3526,s112104326066
3527,s112104326067
3528,s112104326068
3529,s112104326069
3530,s112104326070
3531,s112104326071
3532,s112104326072
3533,s112104326073
3534,s112104326074
3535,s112104326075
3536,s112104326076
3537,s112104326077
3538,s112104326078
3539,s112104326080
3540,s113104326003
3541,s113104326004
3542,s112104501024
3543,s112104501026
3544,s112104501027
3545,s112104501028
3546,s112104501029
3547,s112104501030
3548,s112104501031
3549,s112104501032
3550,s112104501034
3551,s112104501036
3552,s112104501038
3553,s112104501039
3554,s112104501040
3555,s112104501041
3556,s112104501043
3557,s112104501045
3558,s112104501046
3559,s112104501050
3560,s112104501052
3561,s112104501053
3562,s112104501054
3563,s112104501055
3564,s112104501056
3565,s112104501057
3566,s112104501058
3567,s112104501059
3568,s112104501060
3569,s112104501062
3570,s112104501063
3571,s112104501064
3572,s112104501065
3573,s112104501066
3574,s112104501067
3575,s112104501068
3576,s112104501069
3577,s112104501070
3578,s112104501071
3579,s112104506025
3580,s112104506026
3581,s112104506027
3582,s112104506028
3583,s112104506029
3584,s112104506030
3585,s112104506031
3586,s112104506032
3587,s112104506033
3588,s112104506034
3589,s112104506035
3590,s112104506036
3591,s112104506037
3592,s112104506038
3593,s112104506039
3594,s112104506040
3595,s112104506042
3596,s112104506045
3597,s112104506046
3598,s112104506049
3599,s112104506050
3600,s112104506052
3601,s112104506053
3602,s112104506054
3603,s112104506055
3604,s112104506056
3605,s112104506057
3606,s112104506058
3607,s112104506059
3608,s112104506060
3609,s112104506063
3610,s112104506064
3611,s112104506065
3612,s112104506066
3613,s112104506067
3614,s112104506068
3615,s112104506069
3616,s112104506070
3617,s112104506071
3618,s112104506072
3619,s112104506073
3620,s113104506003
3621,s113104506004
3622,s112104518025
3623,s112104518026
3624,s112104518028
3625,s112104518030
3626,s112104518031
3627,s112104518032
3628,s112104518033
3629,s112104518034
3630,s112104518035
3631,s112104518037
3632,s112104518038
3633,s112104518039
3634,s112104518040
3635,s112104518041
3636,s112104518042
3637,s112104518043
3638,s112104518044
3639,s112104518045
3640,s112104518048
3641,s112104518049
3642,s112104518050
3643,s112104518053
3644,s112104518054
3645,s112104518055
3646,s112104518057
3647,s112104518058
3648,s112104518060
3649,s112104518061
3650,s112104518062
3651,s112104518063
3652,s112104518064
3653,s112104518065
3654,s112104518066
3655,s112104518067
3656,s113104518003
3657,s112104521026
3658,s112104521027
3659,s112104521034
3660,s112104521036
3661,s112104521037
3662,s112104521039
3663,s112104521042
3664,s112104521048
3665,s112104521049
3666,s112104521050
3667,s112104521051
3668,s112104521053
3669,s112104521055
3670,s112104521056
3671,s112104521057
3672,s112104521058
3673,s112104521059
3674,s112104521060
3675,s112104521061
3676,s112104521062
3677,s112104521064
3678,s112104521066
3679,s112104521067
3680,s112104521068
3681,s112104521069
3682,s113104521005
3683,s112111321024
3684,s112111321025
3685,s112111321026
3686,s112111321027
3687,s112111321028
3688,s112111321030
3689,s112111321032
3690,s112111321033
3691,s112111321034
3692,s112111321035
3693,s112111321036
3694,s112111321037
3695,s112111321038
3696,s112111321039
3697,s112111321040
3698,s112111321041
3699,s112111321042
3700,s112111321043
3701,s112111321047
3702,s112111321048
3703,s112111321049
3704,s112111321050
3705,s112111321051
3706,s112111321052
3707,s112111321054
3708,s112111321056
3709,s112111321057
3710,s112111321058
3711,s112111321059
3712,s112111321060
3713,s112111321061
3714,s112111321065
3715,s112111321066
3716,s112111321070
3717,s112111321071
3718,s112111321072
3719,s112111321074
3720,s112111321077
3721,s112111321079
3722,s112111321080
3723,s112111321083
3724,s112111321084
3725,s112111321085
3726,s112111321086
3727,s112111321089
3728,s112111321091
3729,s112111321092
3730,s112111321093
3731,s112111321094
3732,s112111321097
3733,s112111321099
3734,s112111321100
3735,s113111321003
3736,s112111323025
3737,s112111323026
3738,s112111323027
3739,s112111323028
3740,s112111323029
3741,s112111323030
3742,s112111323031
3743,s112111323032
3744,s112111323035
3745,s112111323036
3746,s112111323037
3747,s112111323038
3748,s112111323039
3749,s112111323040
3750,s112111323041
3751,s112111323042
3752,s112111323043
3753,s112111323044
3754,s112111323045
3755,s112111323046
3756,s112111323047
3757,s112111323048
3758,s112111323049
3759,s112111323050
3760,s112111323051
3761,s112111323052
3762,s112111323053
3763,s112111323054
3764,s112111323055
3765,s112111323056
3766,s112111323057
3767,s112111323058
3768,s112111323059
3769,s112111323060
3770,s112111323061
3771,s112111323062
3772,s112111323063
3773,s112111323064
3774,s112111323065
3775,s112111323069
3776,s112111323070
3777,s112111323071
3778,s112111323072
3779,s112111323073
3780,s112111323074
3781,s112111323075
3782,s112111323077
3783,s112111323078
3784,s112111323079
3785,s112111323080
3786,s112111323081
3787,s112111323082
3788,s112111323083
3789,s112111323084
3790,s112111323085
3791,s112111323086
3792,s112111323087
3793,s112111323088
3794,s112111323089
3795,s112111323091
3796,s112111323092
3797,s112111323093
3798,s112111323094
3799,s112111323095
3800,s112111323096
3801,s112111323097
3802,s112111323098
3803,s112111323100
3804,s112111323102
3805,s112111323104
3806,s112111323105
3807,s112111323106
3808,s112111323107
3809,s112111323108
3810,s113111323003
3811,s113111323004
3812,s112114501024
3813,s112114501025
3814,s112114501026
3815,s112114501027
3816,s112114501028
3817,s112114501029
3818,s112114501030
3819,s112114501031
3820,s112114501033
3821,s112114501037
3822,s112114501038
3823,s112114501039
3824,s112114501044
3825,s112114501045
3826,s112114501046
3827,s112114501048
3828,s112114501050
3829,s112114501055
3830,s112114501056
3831,s112114501057
3832,s112114501059
3833,s112114501060
3834,s112114501063
3835,s112114501066
3836,s112114501067
3837,s112114501069
3838,s112114501070
3839,s112114501071
3840,s112114501072
3841,s112114501073
3842,s112114501074
3843,s112114501076
3844,s112114501077
3845,s112114501078
3846,s112114501079
3847,s113114501004
3848,s112114503054
3849,s112114503055
3850,s112114503056
3851,s112114503057
3852,s112114503058
3853,s112114503059
3854,s112114503060
3855,s112114503061
3856,s112114503062
3857,s112114503063
3858,s112114503065
3859,s112114503066
3860,s112114503067
3861,s112114503068
3862,s112114503069
3863,s112114503070
3864,s112114503071
3865,s112114503075
3866,s112114503077
3867,s112114503078
3868,s112114503079
3869,s112114503080
3870,s112114503081
3871,s112114503082
3872,s112114503024
3873,s112114503025
3874,s112114503027
3875,s112114503029
3876,s112114503030
3877,s112114503031
3878,s112114503032
3879,s112114503033
3880,s112114503034
3881,s112114503035
3882,s112114503036
3883,s112114503037
3884,s112114503038
3885,s112114503039
3886,s112114503040
3887,s112114503042
3888,s112114503043
3889,s112114503044
3890,s112114503045
3891,s112114503046
3892,s112114503048
3893,s112114503049
3894,s112114503050
3895,s113114503003
3896,s112114510024
3897,s112114510026
3898,s112114510029
3899,s112114510031
3900,s112114510032
3901,s112114510033
3902,s112114510034
3903,s112114510037
3904,s112114510039
3905,s112114510040
3906,s112114510041
3907,s112114510043
3908,s112114510044
3909,s112114510045
3910,s112114510048
3911,s112114510049
3912,s112114510050
3913,s112114510053
3914,s112114510056
3915,s112114510057
3916,s112114510058
3917,s112114510059
3918,s112114510060
3919,s112114510061
3920,s112114510062
3921,s112114510063
3922,s112114510064
3923,s112114510066
3924,s112114510067
3925,s112114510069
3926,s112114510070
3927,s112114510071
3928,s112114510072
3929,s112114510073
3930,s112114510074
3931,s112114510075
3932,s113114510003
3933,s112114523025
3934,s112114523026
3935,s112114523027
3936,s112114523028
3937,s112114523029
3938,s112114523030
3939,s112114523031
3940,s112114523032
3941,s112114523034
3942,s112114523037
3943,s112114523038
3944,s112114523039
3945,s112114523040
3946,s112114523041
3947,s112114523042
3948,s112114523043
3949,s112114523044
3950,s112114523045
3951,s112114523046
3952,s112114523047
3953,s112114523048
3954,s112114523049
3955,s112114523050
3956,s112114523058
3957,s112114523060
3958,s112114523061
3959,s112114523062
3960,s112114523063
3961,s112114523066
3962,s112114523069
3963,s112114523072
3964,s112114523073
3965,s112114523076
3966,s112114523078
3967,s112114523079
3968,s112114523080
3969,s112114523082
3970,s113114523003
3971,s112114534024
3972,s112114534025
3973,s112114534026
3974,s112114534029
3975,s112114534030
3976,s112114534031
3977,s112114534032
3978,s112114534034
3979,s112114534035
3980,s112114534036
3981,s112114534037
3982,s112114534038
3983,s112114534039
3984,s112114534040
3985,s112114534041
3986,s112114534042
3987,s112114534043
3988,s112114534044
3989,s113114534003
3990,s112114534048
3991,s112114534050
3992,s112114534051
3993,s112114534052
3994,s112114534053
3995,s112114534056
3996,s112114534058
3997,s112114534060
3998,s112114534061
3999,s112114534062
4000,s112114534063
4001,s112114534064
4002,s112114534067
4003,s112114534068
4004,s113114534004
4005,s112114537023
4006,s112114537025
4007,s112114537027
4008,s112114537028
4009,s112114537029
4010,s112114537030
4011,s113114537002
4012,s112121320029
4013,s112121320030
4014,s112121320031
4015,s112121320035
4016,s112121320036
4017,s112121320038
4018,s112121320039
4019,s112121320040
4020,s112121320041
4021,s113121320003
4022,s113121320004
4023,s112121320044
4024,s112121320045
4025,s112121320046
4026,s112121320047
4027,s112121320049
4028,s112121320051
4029,s112121320053
4030,s112121320054
4031,s112121320056
4032,s112121320057
4033,s112121320058
4034,s112124311024
4035,s112124311025
4036,s112124311026
4037,s112124311027
4038,s112124311028
4039,s112124311029
4040,s112124311030
4041,s112124311033
4042,s112124311034
4043,s112124311035
4044,s112124311036
4045,s112124311037
4046,s112124311038
4047,s112124311039
4048,s112124311040
4049,s112124311041
4050,s112124311042
4051,s112124311043
4052,s112124311044
4053,s112124311045
4054,s112124311046
4055,s112124311048
4056,s112124311049
4057,s112124311050
4058,s112124311051
4059,s113124311003
4060,s112124311054
4061,s112124311055
4062,s112124311056
4063,s112124311057
4064,s112124311058
4065,s112124311059
4066,s112124311060
4067,s112124311061
4068,s112124311062
4069,s112124311063
4070,s112124311064
4071,s112124311065
4072,s112124311066
4073,s112124311067
4074,s112124311068
4075,s112124311069
4076,s112124311070
4077,s112124311071
4078,s112124311072
4079,s112124311073
4080,s112124311074
4081,s112124311075
4082,s112124311076
4083,s112124311077
4084,s112124311078
4085,s112124311079
4086,s112124311080
4087,s112124311081
4088,s112124322024
4089,s112124322025
4090,s112124322026
4091,s112124322027
4092,s112124322028
4093,s112124322029
4094,s112124322030
4095,s112124322031
4096,s112124322032
4097,s112124322033
4098,s112124322034
4099,s112124322035
4100,s112124322036
4101,s112124322037
4102,s112124322038
4103,s112124322039
4104,s112124322041
4105,s112124322042
4106,s112124322043
4107,s112124322044
4108,s112124322045
4109,s112124322046
4110,s112124322047
4111,s112124322048
4112,s112124322049
4113,s112124322052
4114,s112124322053
4115,s112124322054
4116,s112124322055
4117,s112124322056
4118,s112124322057
4119,s112124322058
4120,s112124322059
4121,s112124322060
4122,s112124322061
4123,s112124322062
4124,s112124322063
4125,s112124322064
4126,s112124322065
4127,s112124322066
4128,s112124322067
4129,s112124322068
4130,s112124322069
4131,s112124322070
4132,s112124322071
4133,s112124322072
4134,s112124322073
4135,s112124322074
4136,s112124322075
4137,s112124501026
4138,s112124501028
4139,s112124501031
4140,s112124501032
4141,s112124501033
4142,s112124501034
4143,s112124501036
4144,s112124501037
4145,s112124501038
4146,s112124501039
4147,s112124501040
4148,s112124501041
4149,s112124501042
4150,s112124501045
4151,s112124501048
4152,s112124501049
4153,s112124501050
4154,s112124501051
4155,s112124501053
4156,s112124501054
4157,s112124501055
4158,s112124501056
4159,s112124501057
4160,s112124501058
4161,s112124501059
4162,s112124501060
4163,s112124501061
4164,s112124501062
4165,s112124501063
4166,s112124501064
4167,s112124501066
4168,s112124501068
4169,s112124501069
4170,s112124503025
4171,s112124503027
4172,s112124503028
4173,s112124503029
4174,s112124503030
4175,s112124503031
4176,s112124503033
4177,s112124503034
4178,s112124503035
4179,s112124503036
4180,s112124503037
4181,s112124503038
4182,s112124503039
4183,s112124503041
4184,s112124503043
4185,s112124503044
4186,s112124503046
4187,s112124503048
4188,s113124503003
4189,s113124503004
4190,s112124503051
4191,s112124503052
4192,s112124503054
4193,s112124503055
4194,s112124503056
4195,s112124503057
4196,s112124503058
4197,s112124503062
4198,s112124503063
4199,s112124503065
4200,s112124503066
4201,s112124503067
4202,s112124503068
4203,s112124503069
4204,s112124503071
4205,s112124503072
4206,s112124503074
4207,s112124503076
4208,s112124503078
4209,s112124507024
4210,s112124507025
4211,s112124507026
4212,s112124507027
4213,s112124507028
4214,s112124507029
4215,s112124507030
4216,s112124507031
4217,s112124507032
4218,s112124507034
4219,s112124507035
4220,s112124507036
4221,s112124507040
4222,s112124507041
4223,s112124507042
4224,s112124507043
4225,s112124507045
4226,s112124507046
4227,s112124507049
4228,s112124507050
4229,s112124507051
4230,s112124507052
4231,s112124507053
4232,s112124507054
4233,s112124507055
4234,s112124507056
4235,s112124507057
4236,s112124507058
4237,s112124507059
4238,s112124507072
4239,s112124507061
4240,s112124507064
4241,s112124507065
4242,s112124507066
4243,s112124507067
4244,s112124507069
4245,s112124515024
4246,s112124515025
4247,s112124515027
4248,s112124515028
4249,s112124515029
4250,s112124515030
4251,s112124515031
4252,s112124515032
4253,s112124515033
4254,s112124515034
4255,s112124515035
4256,s112124515036
4257,s112124515037
4258,s112124515038
4259,s112124515039
4260,s112124515040
4261,s112124515041
4262,s112124515042
4263,s112124515043
4264,s112124515044
4265,s112124515045
4266,s112124515046
4267,s112124515047
4268,s112124515048
4269,s112124515049
4270,s112124515052
4271,s112124515053
4272,s112124515054
4273,s112124515055
4274,s112124515056
4275,s112124515057
4276,s112124515058
4277,s112124515059
4278,s112124515060
4279,s112124515061
4280,s112124515062
4281,s112124515063
4282,s112124515064
4283,s112124515065
4284,s112124515068
4285,s112124515069
4286,s112124515070
4287,s112124515071
4288,s112124515072
4289,s112124515073
4290,s112124515074
4291,s112124515075
4292,s112124515076
4293,s112124515077
4294,s112124521024
4295,s112124521025
4296,s112124521026
4297,s112124521027
4298,s112124521029
4299,s112124521031
4300,s112124521032
4301,s112124521033
4302,s112124521034
4303,s112124521035
4304,s112124521036
4305,s112124521037
4306,s112124521038
4307,s112124521039
4308,s112124521040
4309,s112124521041
4310,s112124521042
4311,s112124521043
4312,s112124521044
4313,s112124521046
4314,s112124521047
4315,s112124521048
4316,s112124521049
4317,s112124521050
4318,s112124521051
4319,s112124521052
4320,s112124521055
4321,s112124521056
4322,s112124521057
4323,s112124521058
4324,s112124521059
4325,s112124521060
4326,s112124521061
4327,s112124521062
4328,s112124521064
4329,s112124521065
4330,s112124521066
4331,s112124521067
4332,s112124521068
4333,s112124521069
4334,s112124521070
4335,s112124521071
4336,s112124521072
4337,s112124521073
4338,s112124521074
4339,s112124521075
4340,s112124521076
4341,s112124521077
4342,s112124521078
4343,s112124521079
4344,s112124521080
4345,s112124521081
4346,s112124521082
4347,s112124521083
4348,s112124542025
4349,s112124542026
4350,s112124542027
4351,s112124542028
4352,s112124542029
4353,s112124542031
4354,s112124542032
4355,s112124542033
4356,s112124542037
4357,s112124542038
4358,s112124542039
4359,s112124542040
4360,s112124542041
4361,s112124542042
4362,s112124542043
4363,s112124542044
4364,s112124542045
4365,s112124542046
4366,s112124542047
4367,s112124542051
4368,s112124546024
4369,s112124546025
4370,s112124546026
4371,s112124546028
4372,s112124546029
4373,s112124546030
4374,s112124546031
4375,s112124546032
4376,s112124546033
4377,s112124546034
4378,s112124546035
4379,s112124546036
4380,s112124546037
4381,s112124546038
4382,s112124546039
4383,s112124546040
4384,s112124546041
4385,s112124546042
4386,s112124546045
4387,s112124546046
4388,s112124546047
4389,s112124546048
4390,s112124546049
4391,s112124546050
4392,s112124546051
4393,s112124546052
4394,s112124546053
4395,s112124546054
4396,s112124546056
4397,s112124546057
4398,s112124546058
4399,s112124546059
4400,s112124546060
4401,s112124546061
4402,s112124546062
4403,s112124546063
4404,s113124546003
4405,s112124548023
4406,s112124548024
4407,s112124548025
4408,s112124548027
4409,s112124548028
4410,s112124548030
4411,s112124548031
4412,s113124548003
4413,s112124550024
4414,s112124550025
4415,s112124550027
4416,s112124550028
4417,s112124550029
4418,s112124550030
4419,s112124550031
4420,s112124550032
4421,s112124550033
4422,s112124550035
4423,s112124550038
4424,s112124550039
4425,s112124550040
4426,s112124550041
4427,s112124550042
4428,s112124550043
4429,s112124550044
4430,s112124550045
4431,s112124550047
4432,s112124550048
4433,s112124550049
4434,s112124550050
4435,s112124550052
4436,s112124550053
4437,s112124550055
4438,s112124550056
4439,s112124550057
4440,s112124550061
4441,s112124550062
4442,s112124550063
4443,s112124550064
4444,s112124550065
4445,s112124550066
4446,s112124550067
4447,s112124550068
4448,s112124550069
4449,s112124550070
4450,s112124550071
4451,s112124550072
4452,s112124550073
4453,s112124550074
4454,s112124550075
4455,s112124550076
4456,s112124550077
4457,s112124550079
4458,s112124550080
4459,s112124550082
4460,s112124550084
4461,s112124550085
4462,s112124550086
4463,s112124550087
4464,s112124550088
4465,s112124550089
4466,s112124550090
4467,s112124550092
4468,s112124550093
4469,s112124550094
4470,s112124550095
4471,s112134501024
4472,s112134501025
4473,s112134501026
4474,s112134501027
4475,s112134501028
4476,s112134501030
4477,s112134501031
4478,s112134501033
4479,s112134501034
4480,s112134501035
4481,s112134501036
4482,s112134501037
4483,s112134501038
4484,s112134501039
4485,s112134501040
4486,s112134501041
4487,s112134501043
4488,s112134501044
4489,s112134501046
4490,s112134501047
4491,s112134501048
4492,s112134501049
4493,s112134501050
4494,s112134501051
4495,s112134501054
4496,s112134501055
4497,s112134501059
4498,s112134501060
4499,s112134501061
4500,s112134501066
4501,s112134501067
4502,s112134501068
4503,s112134501069
4504,s112134501070
4505,s112134501071
4506,s112134501074
4507,s112134501075
4508,s112134501076
4509,s112134501077
4510,s112134501078
4511,s112134501079
4512,s112134501080
4513,s112134501081
4514,s113134501004
4515,s113134501005
4516,s112134527024
4517,s112134527027
4518,s112134527029
4519,s112134527030
4520,s112134527031
4521,s112134527034
4522,s112134527035
4523,s112134527036
4524,s112134527038
4525,s112134527041
4526,s112134527042
4527,s112134527043
4528,s112134527044
4529,s112134527045
4530,s112134527046
4531,s113134527004
4532,s112134527049
4533,s112134527050
4534,s112134527051
4535,s112134527052
4536,s112134527053
4537,s112134527056
4538,s112134527057
4539,s112134527058
4540,s112134527059
4541,s112134527060
4542,s112134527061
4543,s112134527062
4544,s112134527063
4545,s112134527065
4546,s112134527066
4547,s112134527067
4548,s112134527068
4549,s112134527069
4550,s112134527070
4551,s113134527005
4552,s113134527006
4553,s112134542024
4554,s112134542025
4555,s112134542026
4556,s112134542027
4557,s112134542028
4558,s112134542029
4559,s112134542030
4560,s112134542032
4561,s112134542033
4562,s112134542034
4563,s112134542035
4564,s112134542037
4565,s112134542038
4566,s112134542039
4567,s112134542040
4568,s112134542042
4569,s112134542043
4570,s112134542047
4571,s112134542048
4572,s112134542049
4573,s112134542050
4574,s112134542051
4575,s112134542052
4576,s112134542053
4577,s112134542054
4578,s112134542055
4579,s112134542056
4580,s112134542057
4581,s112134542058
4582,s112134542059
4583,s112134542060
4584,s112134542061
4585,s112134542062
4586,s112134542064
4587,s112134542065
4588,s113134542003
4589,s112144501024
4590,s112144501025
4591,s112144501026
4592,s112144501027
4593,s112144501028
4594,s112144501029
4595,s112144501030
4596,s112144501031
4597,s112144501033
4598,s112144501034
4599,s112144501035
4600,s112144501036
4601,s112144501037
4602,s112144501038
4603,s112144501039
4604,s112144501040
4605,s112144501041
4606,s112144501042
4607,s112144501043
4608,s112144501044
4609,s112144501046
4610,s112144501047
4611,s112144501048
4612,s112144501049
4613,s112144501050
4614,s112144501051
4615,s112144501052
4616,s113144501003
4617,s112144501055
4618,s112144501056
4619,s112144501057
4620,s112144501058
4621,s112144501059
4622,s112144501060
4623,s112144501061
4624,s112144501062
4625,s112144501063
4626,s112144501064
4627,s112144501065
4628,s112144501066
4629,s112144501067
4630,s112144501069
4631,s112144501070
4632,s112144501071
4633,s112144501073
4634,s112144501074
4635,s112144501075
4636,s112144501076
4637,s112144501078
4638,s112144501079
4639,s112144501080
4640,s112144501081
4641,s112144501082
4642,s112144501083
4643,s113144501004
4644,s113144501005
4645,s113144501006
4646,s112144504024
4647,s112144504030
4648,s112144504031
4649,s112144504034
4650,s112144504036
4651,s112144504039
4652,s112144504040
4653,s112144504042
4654,s113144504004
4655,s112144504028
4656,s112144504046
4657,s112144504047
4658,s112144504048
4659,s112144504049
4660,s112144504050
4661,s112144504051
4662,s112144504052
4663,s112144504053
4664,s112144504054
4665,s112144504056
4666,s112144504059
4667,s112144511024
4668,s112144511025
4669,s112144511026
4670,s112144511027
4671,s112144511029
4672,s112144511030
4673,s112144511031
4674,s112144511032
4675,s112144511033
4676,s112144511034
4677,s112144511035
4678,s112144511036
4679,s112144511038
4680,s112144511040
4681,s112144511041
4682,s112144511042
4683,s112144511043
4684,s112144511044
4685,s112144511045
4686,s113144511003
4687,s112144511049
4688,s112144511050
4689,s112144511051
4690,s112144511052
4691,s112144511053
4692,s112144511054
4693,s112144511055
4694,s112144511056
4695,s112144511057
4696,s112144511058
4697,s112144511059
4698,s112144511060
4699,s112144511062
4700,s112144511063
4701,s112144511064
4702,s112144511065
4703,s112144511066
4704,s112144511067
4705,s112144511068
4706,s112144511071
4707,s112144512023
4708,s112144512024
4709,s112144512025
4710,s112144512027
4711,s112144512028
4712,s112144512029
4713,s112144512030
4714,s112144512031
4715,s112144512032
4716,s112144512033
4717,s112144512034
4718,s112144512035
4719,s112144512038
4720,s112144512039
4721,s112144512041
4722,s112144512042
4723,s112144512043
4724,s113144512002
4725,s112144517025
4726,s112144517026
4727,s112144517027
4728,s112144517028
4729,s112144517029
4730,s112144517030
4731,s112144517031
4732,s112144517033
4733,s112144517034
4734,s112144517035
4735,s112144517036
4736,s112144517037
4737,s112144517038
4738,s112144517039
4739,s112144517041
4740,s112144517042
4741,s112144517043
4742,s112144517044
4743,s113144517003
4744,s112144517050
4745,s112144517052
4746,s112144517054
4747,s112144517056
4748,s112144517057
4749,s112144517060
4750,s112144517062
4751,s112144517063
4752,s112144517064
4753,s112144517065
4754,s113144517004
4755,s112154501024
4756,s112154501025
4757,s112154501026
4758,s112154501027
4759,s112154501028
4760,s112154501029
4761,s112154501030
4762,s112154501031
4763,s112154501032
4764,s112154501033
4765,s112154501035
4766,s112154501036
4767,s112154501037
4768,s112154501038
4769,s112154501039
4770,s112154501040
4771,s112154501041
4772,s112154501042
4773,s112154501043
4774,s112154501044
4775,s112154501045
4776,s112154501046
4777,s112154501047
4778,s112154501048
4779,s113154501003
4780,s112154501051
4781,s112154501053
4782,s112154501054
4783,s112154501055
4784,s112154501056
4785,s112154501058
4786,s112154501060
4787,s112154501061
4788,s112154501062
4789,s112154501063
4790,s112154501064
4791,s112154501067
4792,s112154501068
4793,s112154501069
4794,s112154501070
4795,s112154501071
4796,s112154501072
4797,s112154501073
4798,s112154501074
4799,s112154501076
4800,s112154505024
4801,s112154505026
4802,s112154505027
4803,s112154505028
4804,s112154505031
4805,s112154505032
4806,s112154505033
4807,s112154505034
4808,s112154505035
4809,s112154505036
4810,s112154505037
4811,s112154505038
4812,s112154505039
4813,s112154505040
4814,s112154505041
4815,s112154505043
4816,s112154505044
4817,s112154505045
4818,s112154505046
4819,s112154505047
4820,s112154505048
4821,s112154505049
4822,s112154505051
4823,s113154505003
4824,s112154505055
4825,s112154505056
4826,s112154505057
4827,s112154505058
4828,s112154505059
4829,s112154505060
4830,s112154505061
4831,s112154505062
4832,s112154505063
4833,s112154505064
4834,s112154505065
4835,s112154505066
4836,s112154505067
4837,s112154505068
4838,s112154505069
4839,s112154505070
4840,s112154505071
4841,s112154505074
4842,s112154505075
4843,s112154505077
4844,s112154505079
4845,s112154505080
4846,s112154505081
4847,s112154505082
4848,s113154505004
4849,s112154506045
4850,s112154506047
4851,s112154506048
4852,s112154506049
4853,s112154506050
4854,s112154506051
4855,s112154506052
4856,s112154506053
4857,s112154506054
4858,s112154506055
4859,s112154506056
4860,s112154506057
4861,s112154506058
4862,s112154506060
4863,s112154506062
4864,s112154506064
4865,s112154506065
4866,s112154506066
4867,s112154506067
4868,s112154506068
4869,s112154506069
4870,s112154506070
4871,s112154506071
4872,s112154506072
4873,s112154506075
4874,s112154506076
4875,s112154506077
4876,s112154506079
4877,s112154506081
4878,s112154506082
4879,s112154506083
4880,s112154506084
4881,s112154506085
4882,s112154506086
4883,s112154506087
4884,s112154506088
4885,s112154506089
4886,s112154506090
4887,s112154506093
4888,s112154506095
4889,s112154506096
4890,s112154506098
4891,s112154506100
4892,s112154506101
4893,s113154506003
4894,s112154513025
4895,s112154513026
4896,s112154513027
4897,s112154513028
4898,s112154513029
4899,s112154513031
4900,s112154513032
4901,s112154513033
4902,s112154513037
4903,s112154513038
4904,s112154513039
4905,s112154513040
4906,s112154513041
4907,s112154513042
4908,s112154513043
4909,s112154513046
4910,s112154513047
4911,s113154513003
4912,s112154513050
4913,s112154513051
4914,s112154513052
4915,s112154513053
4916,s112154513054
4917,s112154513055
4918,s112154513057
4919,s112154513059
4920,s112154513061
4921,s112154513062
4922,s112154513063
4923,s112154513064
4924,s112154513065
4925,s112154513066
4926,s112154513067
4927,s112154513068
4928,s112154513069
4929,s112154513070
4930,s112154513071
4931,s112154513072
4932,s112154515024
4933,s112154515025
4934,s112154515026
4935,s112154515027
4936,s112154515030
4937,s112154515033
4938,s112154515036
4939,s112154515038
4940,s112154515039
4941,s112154515040
4942,s112154515041
4943,s113154515003
4944,s112154515043
4945,s112154515045
4946,s112154515047
4947,s112154515048
4948,s112154515049
4949,s112154515050
4950,s112154515051
4951,s112154515052
4952,s112154515053
4953,s112154515054
4954,s112154515055
4955,s112154515057
4956,s112154515058
4957,s112154515059
4958,s112154515060
4959,s112154515061
4960,s112154515063
4961,s112154515064
4962,s113154515005
4963,s112154522026
4964,s112154522034
4965,s112154522035
4966,s112154522047
4967,s112154522060
4968,s112154522069
4969,s112154522070
4970,s113154522006
4971,s112164501025
4972,s112164501026
4973,s112164501028
4974,s112164501029
4975,s112164501030
4976,s112164501031
4977,s112164501032
4978,s112164501034
4979,s112164501035
4980,s112164501036
4981,s112164501037
4982,s112164501039
4983,s112164501040
4984,s112164501041
4985,s112164501043
4986,s112164501045
4987,s112164501046
4988,s112164501048
4989,s112164501049
4990,s112164501052
4991,s112164501053
4992,s112164501054
4993,s112164501057
4994,s112164501058
4995,s112164501059
4996,s112164501060
4997,s112164501061
4998,s112164501062
4999,s112164501064
5000,s112164501066
5001,s112164501068
5002,s112164501069
5003,s112164501070
5004,s112164501071
5005,s112164501073
5006,s112164501075
5007,s113164501003
5008,s112164513025
5009,s112164513026
5010,s112164513027
5011,s112164513028
5012,s112164513029
5013,s112164513031
5014,s112164513032
5015,s112164513033
5016,s112164513034
5017,s112164513035
5018,s112164513036
5019,s112164513038
5020,s112164513040
5021,s112164513041
5022,s112164513042
5023,s112164513044
5024,s112164513045
5025,s112164513046
5026,s112164513049
5027,s112164513051
5028,s112164513052
5029,s112164513058
5030,s112164513060
5031,s112164513062
5032,s112164513053
5033,s112164513054
5034,s112164513064
5035,s112164513065
5036,s112164513056
5037,s112164513066
5038,s112164513057
5039,s112164513067
5040,s112164513068
5041,s112164513069
5042,s112164513071
5043,s113164513003
5044,s112171306024
5045,s112171306026
5046,s112171306028
5047,s112171306030
5048,s112171306033
5049,s112171306035
5050,s112171306039
5051,s112171306040
5052,s112171306041
5053,s112171306042
5054,s112171306044
5055,s112171306045
5056,s112171306047
5057,s112171306049
5058,s112171306053
5059,s112171306054
5060,s112171306056
5061,s112171306057
5062,s112171306058
5063,s112171306059
5064,s112171306060
5065,s112171306061
5066,s112171306062
5067,s112171306064
5068,s112171306066
5069,s112171306069
5070,s112171306070
5071,s112171306071
5072,s112171306072
5073,s112171306073
5074,s112171306074
5075,s112171306076
5076,s112171306077
5077,s112171306078
5078,s112171306081
5079,s112171306082
5080,s112171306083
5081,s112171306084
5082,s112171306085
5083,s112171306087
5084,s112171306088
5085,s112171306089
5086,s112171306090
5087,s112171306091
5088,s112171306092
5089,s112171306093
5090,s112171306094
5091,s112171306096
5092,s112171306097
5093,s112171306099
5094,s112171306100
5095,s112171306101
5096,s112171306102
5097,s112171306103
5098,s112171306104
5099,s112171306105
5100,s112171306106
5101,s112171306107
5102,s112171306109
5103,s112171306111
5104,s112171306112
5105,s112183502274
5106,s112183502276
5107,s112183502277
5108,s112183502278
5109,s112183502279
5110,s112183502280
5111,s112183502281
5112,s112183502282
5113,s112183502283
5114,s112183502284
5115,s112183502285
5116,s112183502286
5117,s112183502287
5118,s112183502288
5119,s112183502289
5120,s112183502290
5121,s112183502291
5122,s112183502292
5123,s112183502293
5124,s112183502294
5125,s112183502295
5126,s112183502297
5127,s112183502298
5128,s112183502299
5129,s112183502304
5130,s112183502306
5131,s112183502309
5132,s112183502310
5133,s112183502313
5134,s112183502314
5135,s112183502315
5136,s112183502317
5137,s112183502318
5138,s112183502321
5139,s112183502322
5140,s112183502323
5141,s112183502324
5142,s112183502325
5143,s112183502326
5144,s112183502327
5145,s112183502328
5146,s112183502329
5147,s112183502330
5148,s112183502331
5149,s112183510024
5150,s112183510025
5151,s112183510026
5152,s112183510028
5153,s112183510029
5154,s112183510031
5155,s112183510032
5156,s112183510033
5157,s112183510034
5158,s112183510035
5159,s112183510037
5160,s112183510038
5161,s112183510039
5162,s112183510040
5163,s112183510042
5164,s112183510044
5165,s112183510046
5166,s112183510048
5167,s112183510049
5168,s112183510050
5169,s112183510051
5170,s113183510003
5171,s112183510054
5172,s112183510056
5173,s112183510058
5174,s112183510059
5175,s112183510060
5176,s112183510061
5177,s112183510062
5178,s112183510064
5179,s112183510065
5180,s112183510066
5181,s112183510067
5182,s112183510069
5183,s112183510070
5184,s112183510071
5185,s112183510072
5186,s112183510074
5187,s112183510075
5188,s112183510076
5189,s112183510077
5190,s112183510078
5191,s112183510079
5192,s112183510080
5193,s113183510004
5194,s113183510005
5195,s112191309024
5196,s112191309025
5197,s112191309026
5198,s112191309027
5199,s112191309029
5200,s112191309030
5201,s112191309034
5202,s112191309036
5203,s112191309037
5204,s112191309038
5205,s112191309040
5206,s112191309041
5207,s112191309042
5208,s112191309043
5209,s112191309044
5210,s112191309045
5211,s112191309046
5212,s112191309047
5213,s112191309050
5214,s112191309052
5215,s112191309054
5216,s112191309055
5217,s112191309056
5218,s112191309058
5219,s112191309059
5220,s112191309060
5221,s112191309061
5222,s112191309062
5223,s112191311075
5224,s112191311076
5225,s112191311077
5226,s112191311078
5227,s112191311079
5228,s112191311080
5229,s112191311081
5230,s112191311082
5231,s112191311083
5232,s112191311084
5233,s112191311085
5234,s112191311086
5235,s112191311087
5236,s112191311088
5237,s112191311089
5238,s112191311090
5239,s112191311091
5240,s112191311092
5241,s112191311093
5242,s112191311094
5243,s112191311095
5244,s112191311097
5245,s112191311098
5246,s112191311099
5247,s112191311100
5248,s112191311101
5249,s112191311102
5250,s112191311103
5251,s112191311104
5252,s112191311105
5253,s112191311107
5254,s112191311108
5255,s112191311109
5256,s112191311110
5257,s112191311111
5258,s112191311115
5259,s112191311116
5260,s112191311117
5261,s112191311118
5262,s112191311119
5263,s112191311121
5264,s112191311122
5265,s113191311003
5266,s112191311024
5267,s112191311025
5268,s112191311026
5269,s112191311027
5270,s112191311028
5271,s112191311029
5272,s112191311030
5273,s112191311032
5274,s112191311034
5275,s112191311035
5276,s112191311037
5277,s112191311038
5278,s112191311040
5279,s112191311041
5280,s112191311042
5281,s112191311043
5282,s112191311044
5283,s112191311045
5284,s112191311046
5285,s112191311047
5286,s112191311048
5287,s112191311049
5288,s112191311050
5289,s112191311051
5290,s112191311052
5291,s112191311053
5292,s112191311054
5293,s112191311055
5294,s112191311056
5295,s112191311058
5296,s112191311059
5297,s112191311060
5298,s112191311061
5299,s112191311062
5300,s112191311063
5301,s112191311064
5302,s112191311065
5303,s112191311066
5304,s112191311067
5305,s112191311068
5306,s112191311069
5307,s112191311070
5308,s112191311071
5309,s112191311072
5310,s112191313075
5311,s112191313076
5312,s112191313077
5313,s112191313078
5314,s112191313079
5315,s112191313080
5316,s112191313081
5317,s112191313083
5318,s112191313084
5319,s112191313085
5320,s112191313087
5321,s112191313088
5322,s112191313089
5323,s112191313090
5324,s112191313091
5325,s112191313092
5326,s112191313093
5327,s112191313094
5328,s112191313095
5329,s112191313096
5330,s112191313097
5331,s112191313098
5332,s112191313099
5333,s112191313100
5334,s112191313101
5335,s112191313102
5336,s112191313103
5337,s112191313104
5338,s112191313105
5339,s112191313106
5340,s112191313107
5341,s112191313108
5342,s112191313109
5343,s112191313110
5344,s112191313111
5345,s112191313112
5346,s112191313113
5347,s112191313114
5348,s112191313115
5349,s112191313116
5350,s112191313117
5351,s112191313118
5352,s112191313119
5353,s112191313120
5354,s112191313121
5355,s112191313122
5356,s112191313123
5357,s113191313006
5358,s112191313024
5359,s112191313025
5360,s112191313026
5361,s112191313027
5362,s112191313028
5363,s112191313029
5364,s112191313030
5365,s112191313031
5366,s112191313032
5367,s112191313034
5368,s112191313035
5369,s112191313036
5370,s112191313039
5371,s112191313040
5372,s112191313041
5373,s112191313042
5374,s112191313043
5375,s112191313044
5376,s112191313045
5377,s112191313046
5378,s112191313047
5379,s112191313049
5380,s112191313050
5381,s112191313051
5382,s112191313053
5383,s112191313054
5384,s112191313055
5385,s112191313056
5386,s112191313057
5387,s112191313058
5388,s112191313059
5389,s112191313062
5390,s112191313063
5391,s112191313064
5392,s112191313066
5393,s112191313067
5394,s112191313068
5395,s112191313069
5396,s112191313070
5397,s112191313071
5398,s112191313072
5399,s113191313003
5400,s113191313005
5401,s112193315023
5402,s112193315024
5403,s112193315026
5404,s112193315029
5405,s112193315030
5406,s112193315031
5407,s112193315032
5408,s112193315033
5409,s112193315035
5410,s112193315036
5411,s112193315037
5412,s112193315038
5413,s112193315040
5414,s112193315041
5415,s112193315042
5416,s112193315043
5417,s112193315044
5418,s112193315045
5419,s112193315046
5420,s112193315047
5421,s112193315050
5422,s112193501024
5423,s112193501025
5424,s112193501026
5425,s112193501027
5426,s112193501029
5427,s112193501030
5428,s112193501031
5429,s112193501032
5430,s112193501033
5431,s112193501034
5432,s112193501035
5433,s112193501036
5434,s112193501037
5435,s112193501038
5436,s112193501039
5437,s112193501040
5438,s112193501042
5439,s112193501043
5440,s112193501045
5441,s112193501046
5442,s112193501047
5443,s112193501048
5444,s113193501005
5445,s112193501052
5446,s112193501053
5447,s112193501054
5448,s112193501055
5449,s112193501056
5450,s112193501057
5451,s112193501058
5452,s112193501059
5453,s112193501060
5454,s112193501061
5455,s112193501062
5456,s112193501063
5457,s112193501064
5458,s112193501065
5459,s112193501066
5460,s112193501067
5461,s112193501068
5462,s112193501069
5463,s112193501070
5464,s112193501071
5465,s112193501072
5466,s112193501073
5467,s112193501074
5468,s112193501075
5469,s112193501076
5470,s112193501077
5471,s112193501078
5472,s112193501079
5473,s112193501080
5474,s112193508024
5475,s112193508025
5476,s112193508026
5477,s112193508027
5478,s112193508030
5479,s112193508031
5480,s112193508032
5481,s112193508033
5482,s112193508034
5483,s112193508035
5484,s112193508036
5485,s112193508037
5486,s112193508038
5487,s112193508039
5488,s112193508040
5489,s112193508041
5490,s112193508043
5491,s112193508044
5492,s112193508046
5493,s112193508050
5494,s112193508052
5495,s112193508053
5496,s112193508054
5497,s112193508055
5498,s112193508056
5499,s112193508057
5500,s112193508059
5501,s112193508061
5502,s112193508062
5503,s112193508063
5504,s112193508066
5505,s112193508068
5506,s112193508070
5507,s112193508071
5508,s112193508072
5509,s112193508073
5510,s112193508075
5511,s112193508076
5512,s112193512025
5513,s112193512026
5514,s112193512027
5515,s112193512028
5516,s112193512029
5517,s112193512030
5518,s112193512031
5519,s112193512032
5520,s112193512034
5521,s112193512035
5522,s112193512037
5523,s112193512040
5524,s112193512041
5525,s112193512042
5526,s112193512044
5527,s112193512045
5528,s112193512046
5529,s112193512050
5530,s112193512051
5531,s112193512052
5532,s112193512053
5533,s112193512054
5534,s112193512055
5535,s112193512056
5536,s112193512057
5537,s112193512058
5538,s112193512059
5539,s112193512060
5540,s112193512061
5541,s112193512062
5542,s112193512064
5543,s112193512065
5544,s112193512066
5545,s112193512067
5546,s112193512068
5547,s112193512069
5548,s112193526024
5549,s112193526025
5550,s112193526026
5551,s112193526027
5552,s112193526028
5553,s112193526029
5554,s112193526030
5555,s112193526031
5556,s112193526032
5557,s112193526033
5558,s112193526035
5559,s112193526036
5560,s112193526037
5561,s112193526038
5562,s112193526040
5563,s112193526041
5564,s112193526042
5565,s112193526043
5566,s112193526044
5567,s112193526046
5568,s112193526047
5569,s112193526048
5570,s112193526049
5571,s112193526050
5572,s112193526052
5573,s112193526053
5574,s112193526058
5575,s112193526059
5576,s112193526060
5577,s112193526061
5578,s112193526062
5579,s112193526063
5580,s112193526064
5581,s112193526065
5582,s112193526066
5583,s112193526068
5584,s112193526069
5585,s112193526070
5586,s112193526072
5587,s112193526073
5588,s112193526074
5589,s112193526075
5590,s112193526076
5591,s112193526078
5592,s112193526079
5593,s112193526080
5594,s112193526081
5595,s112193526082
5596,s112193526083
5597,s112193526084
5598,s112193526085
5599,s112193526086
5600,s112193526089
5601,s112193526090
5602,s112201304025
5603,s112201304026
5604,s112201304027
5605,s112201304028
5606,s112201304029
5607,s112201304030
5608,s112201304031
5609,s112201304032
5610,s112201304034
5611,s112201304035
5612,s112201304036
5613,s112201304037
5614,s112201304039
5615,s112201304040
5616,s112201304041
5617,s112201304042
5618,s112201304043
5619,s112201304044
5620,s112201304045
5621,s112201304046
5622,s112201304047
5623,s112201304048
5624,s112201304049
5625,s112201304050
5626,s112201304051
5627,s112201304053
5628,s112201304055
5629,s112201304056
5630,s112201304057
5631,s112201304024
5632,s112201304060
5633,s112201304061
5634,s112201304062
5635,s112201304064
5636,s112201304066
5637,s112201304069
5638,s112201304070
5639,s112201304071
5640,s112201304073
5641,s112201304078
5642,s112201304079
5643,s112201304081
5644,s112201304082
5645,s112201304085
5646,s112201310025
5647,s112201310026
5648,s112201310030
5649,s112201310037
5650,s112201310040
5651,s112201310041
5652,s112201310044
5653,s112201310045
5654,s112201310046
5655,s112201310047
5656,s112201310049
5657,s112201310050
5658,s112201310051
5659,s112201310052
5660,s112201310053
5661,s112201310056
5662,s112201310060
5663,s112201310062
5664,s112201310065
5665,s112201310066
5666,s112201310070
5667,s112201310072
5668,s112201310075
5669,s112201310077
5670,s112201310079
5671,s112201310080
5672,s112201310081
5673,s112201310083
5674,s112201310084
5675,s112201310085
5676,s112201310087
5677,s112201310089
5678,s112201310090
5679,s112201310091
5680,s112201310092
5681,s112201310093
5682,s112201310094
5683,s112201310096
5684,s112201310097
5685,s112201310099
5686,s112201310100
5687,s112201310101
5688,s112201310102
5689,s112201310103
5690,s112201310106
5691,s112201310107
5692,s112201310108
5693,s112203505053
5694,s112203505054
5695,s112203505055
5696,s112203505056
5697,s112203505057
5698,s112203505058
5699,s112203505059
5700,s112203505060
5701,s112203505061
5702,s112203505062
5703,s112203505063
5704,s112203505064
5705,s112203505065
5706,s112203505066
5707,s112203505067
5708,s112203505068
5709,s112203505070
5710,s112203505071
5711,s112203505073
5712,s113203505003
5713,s112203505025
5714,s112203505026
5715,s112203505027
5716,s112203505028
5717,s112203505030
5718,s112203505031
5719,s112203505032
5720,s112203505033
5721,s112203505034
5722,s112203505035
5723,s112203505036
5724,s112203505037
5725,s112203505038
5726,s112203505040
5727,s112203505041
5728,s112203505043
5729,s112203505044
5730,s112203505045
5731,s112203505046
5732,s112203505048
5733,s112211318024
5734,s112211318025
5735,s112211318027
5736,s112211318032
5737,s112211318033
5738,s112211318035
5739,s112211318036
5740,s112211318037
5741,s112211318038
5742,s112211318039
5743,s112211318040
5744,s112211318041
5745,s112211318042
5746,s112211318044
5747,s112211318046
5748,s112211318048
5749,s112211318049
5750,s112211318051
5751,s112211318052
5752,s112211318053
5753,s112211318054
5754,s112211318056
5755,s112211318057
5756,s112211318059
5757,s112211318060
5758,s112211318061
5759,s112211318063
5760,s112211318064
5761,s112211318065
5762,s112211318067
5763,s113211318003
5764,s113211318004
5765,s112211318070
5766,s112211318071
5767,s112211318072
5768,s112211318073
5769,s112211318074
5770,s112211318075
5771,s112211318076
5772,s112211318077
5773,s112211318078
5774,s112211318080
5775,s112211318081
5776,s112211318083
5777,s112211318084
5778,s112211318085
5779,s112211318086
5780,s112211318088
5781,s112211318089
5782,s112211318090
5783,s112211318091
5784,s112211318092
5785,s112211318093
5786,s112211318094
5787,s112211318096
5788,s112211318098
5789,s112211318099
5790,s112211318100
5791,s112211318102
5792,s112211318103
5793,s112211318105
5794,s112211318106
5795,s112211318107
5796,s112211318108
5797,s112211318111
5798,s112211318113
5799,s113211318005
5800,s112213501024
5801,s112213501026
5802,s112213501027
5803,s112213501028
5804,s112213501029
5805,s112213501030
5806,s112213501031
5807,s112213501032
5808,s112213501034
5809,s112213501035
5810,s112213501037
5811,s112213501038
5812,s112213501039
5813,s112213501040
5814,s112213501041
5815,s112213501042
5816,s112213501043
5817,s112213501044
5818,s112213501045
5819,s112213501046
5820,s112213501047
5821,s112213501048
5822,s112213501049
5823,s112213501050
5824,s112213501051
5825,s112213501052
5826,s112213501055
5827,s112213501056
5828,s112213501057
5829,s112213501058
5830,s112213501059
5831,s112213501060
5832,s112213501061
5833,s112213501063
5834,s112213501065
5835,s112213501066
5836,s112213501067
5837,s112213501068
5838,s112213501069
5839,s112213501070
5840,s112213501071
5841,s112213501072
5842,s112213501073
5843,s112213501074
5844,s112213501075
5845,s112213501076
5846,s112213501077
5847,s112213501078
5848,s112213501079
5849,s112213501080
5850,s112213501081
5851,s112213501082
5852,s112213501083
5853,s112213501084
5854,s112213506024
5855,s112213506025
5856,s112213506026
5857,s112213506027
5858,s112213506028
5859,s112213506029
5860,s112213506030
5861,s112213506031
5862,s112213506033
5863,s112213506034
5864,s112213506035
5865,s112213506036
5866,s112213506037
5867,s112213506038
5868,s112213506041
5869,s112213506042
5870,s112213506044
5871,s112213506045
5872,s112213506046
5873,s112213506047
5874,s112213506048
5875,s112213506049
5876,s112213506050
5877,s112213506051
5878,s112213506052
5879,s112213506055
5880,s112213506056
5881,s112213506057
5882,s112213506058
5883,s112213506059
5884,s112213506060
5885,s112213506061
5886,s112213506062
5887,s112213506063
5888,s112213506064
5889,s112213506066
5890,s112213506067
5891,s112213506068
5892,s112213506070
5893,s112213506071
5894,s112213506072
5895,s112213506073
5896,s112213506074
5897,s112213506075
5898,s112213506076
5899,s112213506078
5900,s112213506079
5901,s112213506081
5902,s112213506082
5903,s112213506083
5904,s112213506084
5905,s112213509054
5906,s112213509055
5907,s112213509056
5908,s112213509057
5909,s112213509058
5910,s112213509059
5911,s112213509060
5912,s112213509062
5913,s112213509063
5914,s112213509065
5915,s112213509067
5916,s112213509068
5917,s112213509069
5918,s112213509070
5919,s112213509071
5920,s112213509073
5921,s112213509074
5922,s112213509075
5923,s112213509076
5924,s112213509077
5925,s112213509079
5926,s112213509080
5927,s112213509081
5928,s112213509027
5929,s112213509029
5930,s112213509030
5931,s112213509033
5932,s112213509034
5933,s112213509036
5934,s112213509039
5935,s112213509042
5936,s112213509044
5937,s112213509048
5938,s112213509049
5939,s112213509051
5940,s112213510024
5941,s112213510025
5942,s112213510026
5943,s112213510027
5944,s112213510028
5945,s112213510029
5946,s112213510030
5947,s112213510033
5948,s112213510034
5949,s112213510035
5950,s112213510037
5951,s112213510038
5952,s112213510039
5953,s112213510040
5954,s112213510041
5955,s112213510042
5956,s112213510043
5957,s112213510046
5958,s112213510047
5959,s112213510048
5960,s113213510006
5961,s112213510051
5962,s112213510052
5963,s112213510053
5964,s112213510054
5965,s112213510058
5966,s112213510059
5967,s112213510060
5968,s112213510061
5969,s112213510062
5970,s112213510063
5971,s112213510066
5972,s112213510067
5973,s112213510068
5974,s112213510069
5975,s112213510070
5976,s112213510072
5977,s112213510075
5978,s112213510076
5979,s113213510004
5980,s112213514025
5981,s112213514027
5982,s112213514028
5983,s112213514029
5984,s112213514031
5985,s112213514032
5986,s112213514033
5987,s112213514034
5988,s112213514035
5989,s112213514036
5990,s112213514037
5991,s112213514038
5992,s112213514040
5993,s112213514041
5994,s112213514042
5995,s112213514043
5996,s112213514044
5997,s112213514046
5998,s112213514047
5999,s112213514048
6000,s112213514049
6001,s112213514050
6002,s112213514052
6003,s113213514003
6004,s112213514055
6005,s112213514056
6006,s112213514057
6007,s112213514058
6008,s112213514059
6009,s112213514060
6010,s112213514061
6011,s112213514062
6012,s112213514063
6013,s112213514064
6014,s112213514065
6015,s112213514066
6016,s112213514067
6017,s112213514068
6018,s112213514069
6019,s112213514070
6020,s112213514071
6021,s112213514072
6022,s112213514073
6023,s112213514074
6024,s112213514075
6025,s112213514076
6026,s112213514077
6027,s112213514078
6028,s112213514079
6029,s112213514080
6030,s112213514081
6031,s112213514082
6032,s112213514083
6033,s112213514084
6034,s112313505055
6035,s112313505056
6036,s112313505057
6037,s112313505058
6038,s112313505059
6039,s112313505060
6040,s112313505061
6041,s112313505062
6042,s112313505063
6043,s112313505064
6044,s112313505065
6045,s112313505066
6046,s112313505067
6047,s112313505068
6048,s112313505069
6049,s112313505070
6050,s112313505071
6051,s112313505072
6052,s112313505073
6053,s112313505074
6054,s112313505076
6055,s112313505077
6056,s112313505078
6057,s112313505079
6058,s112313505080
6059,s112313505081
6060,s112313505082
6061,s112313505024
6062,s112313505025
6063,s112313505026
6064,s112313505027
6065,s112313505028
6066,s112313505029
6067,s112313505030
6068,s112313505031
6069,s112313505032
6070,s112313505035
6071,s112313505036
6072,s112313505037
6073,s112313505038
6074,s112313505039
6075,s112313505040
6076,s112313505044
6077,s112313505045
6078,s112313505046
6079,s112313505047
6080,s112313505048
6081,s112313505049
6082,s112313505050
6083,s112313505052
6084,s112323502023
6085,s112323502024
6086,s112323502025
6087,s112323502027
6088,s112323502029
6089,s112323502030
6090,s112323502032
6091,s112323502033
6092,s112323502034
6093,s112323502035
6094,s112323502037
6095,s112323502039
6096,s112323502041
6097,s112323502042
6098,s112323502043
6099,s112323502044
6100,s112323502045
6101,s112323502046
6102,s112323502047
6103,s112323502049
6104,s112333501025
6105,s112333501026
6106,s112333501027
6107,s112333501028
6108,s112333501029
6109,s112333501030
6110,s112333501031
6111,s112333501033
6112,s112333501034
6113,s112333501035
6114,s112333501036
6115,s112333501038
6116,s112333501040
6117,s112333501041
6118,s112333501044
6119,s112333501047
6120,s112333501050
6121,s112333501051
6122,s112333501052
6123,s113333501003
6124,s112333501055
6125,s112333501056
6126,s112333501057
6127,s112333501059
6128,s112333501060
6129,s112333501062
6130,s112333501064
6131,s112333501065
6132,s112333501067
6133,s112333501070
6134,s112333501073
6135,s112333501077
6136,s112333501080
6137,s112333501083
6138,s112333505024
6139,s112333505027
6140,s112333505029
6141,s112333505031
6142,s112333505032
6143,s112333505036
6144,s112333505044
6145,s112333505045
6146,s112333505048
6147,s112333505049
6148,s112333505050
6149,s112333505051
6150,s112333505054
6151,s112333505058
6152,s112333505059
6153,s112333505061
6154,s112333505062
6155,s112333505063
6156,s112333505064
6157,s112333505065
6158,s112333505067
6159,s112333505068
6160,s112333505069
6161,s112333505070
6162,s112333505072
6163,s112333505074
6164,s112333505075
6165,s112333505076
6166,s112333505077
6167,s112333505079
6168,s112333505080
6169,s112333505082
6170,s112343302024
6171,s112343302025
6172,s112343302026
6173,s112343302027
6174,s112343302028
6175,s112343302030
6176,s112343302031
6177,s112343302032
6178,s112343302033
6179,s112343302034
6180,s112343302035
6181,s112343302036
6182,s112343302037
6183,s112343302038
6184,s112343302039
6185,s112343302040
6186,s112343302041
6187,s112343302042
6188,s112343302044
6189,s112343302045
6190,s112343302046
6191,s112343302047
6192,s112343302048
6193,s112343302050
6194,s112343302053
6195,s112343302054
6196,s112343302055
6197,s112343302056
6198,s112343302057
6199,s112343302059
6200,s112343302060
6201,s112343302061
6202,s112343302062
6203,s112343302063
6204,s112343302064
6205,s112343302065
6206,s112343302066
6207,s112343302067
6208,s112343302068
6209,s112343302070
6210,s112343302072
6211,s112343302073
6212,s112343302074
6213,s112343302075
6214,s112343302076
6215,s112343302077
6216,s112343302078
6217,s112343507024
6218,s112343507026
6219,s112343507029
6220,s112343507035
6221,s112343507037
6222,s112343507038
6223,s112343507039
6224,s112343507040
6225,s112343507041
6226,s112343507042
6227,s112343507045
6228,s112343507047
6229,s112343507048
6230,s112343507049
6231,s112343507053
6232,s112343507054
6233,s112343507055
6234,s112343507057
6235,s112343507060
6236,s112343507061
6237,s112343507062
6238,s112343507063
6239,s113343507003
6240,s113343507004
6241,s112353504024
6242,s112353504025
6243,s112353504026
6244,s112353504027
6245,s112353504028
6246,s112353504030
6247,s112353504031
6248,s112353504033
6249,s112353504034
6250,s112353504036
6251,s112353504037
6252,s112353504038
6253,s112353504039
6254,s112353504040
6255,s112353504041
6256,s112353504042
6257,s112353504043
6258,s112353504045
6259,s112353504046
6260,s112353504047
6261,s112353504048
6262,s112353504049
6263,s112353504050
6264,s112353504051
6265,s112353504052
6266,s112353504056
6267,s112353504057
6268,s112353504058
6269,s112353504059
6270,s112353504060
6271,s112353504061
6272,s112353504062
6273,s112353504063
6274,s112353504064
6275,s112353504065
6276,s112353504066
6277,s112353504067
6278,s112353504068
6279,s112353504069
6280,s112353504070
6281,s112353504071
6282,s112353504072
6283,s112353504074
6284,s112353504075
6285,s112353504076
6286,s112353504077
6287,s112353504078
6288,s112353504080
6289,s112353505024
6290,s112353505025
6291,s112353505026
6292,s112353505027
6293,s112353505028
6294,s112353505029
6295,s112353505031
6296,s112353505032
6297,s112353505033
6298,s112353505034
6299,s112353505035
6300,s112353505036
6301,s112353505037
6302,s112353505038
6303,s112353505040
6304,s112353505041
6305,s112353505042
6306,s112353505043
6307,s112353505044
6308,s112353505045
6309,s112353505047
6310,s112353505048
6311,s112353505049
6312,s112353505050
6313,s112353505052
6314,s112353505056
6315,s112353505059
6316,s112353505060
6317,s112353505061
6318,s112353505062
6319,s112353505064
6320,s112353505065
6321,s112353505066
6322,s112353505067
6323,s112353505068
6324,s112353505069
6325,s112353505070
6326,s112353505077
6327,s112353505078
6328,s112353505081
6329,s112353505082
6330,s112353505083
6331,s112353505084
6332,s112353505085
6333,s112353505086
6334,s112353505087
6335,s112363501024
6336,s112363501025
6337,s112363501027
6338,s112363501028
6339,s112363501029
6340,s112363501032
6341,s112363501033
6342,s112363501034
6343,s112363501035
6344,s112363501036
6345,s112363501038
6346,s112363501039
6347,s112363501040
6348,s112363501041
6349,s112363501042
6350,s112363501043
6351,s112363501044
6352,s112363501046
6353,s112363501047
6354,s112363501048
6355,s113363501003
6356,s112363501052
6357,s112363501053
6358,s112363501054
6359,s112363501055
6360,s112363501056
6361,s112363501057
6362,s112363501059
6363,s112363501061
6364,s112363501062
6365,s112363501063
6366,s112363501064
6367,s112363501065
6368,s112363501066
6369,s112363501067
6370,s112363501068
6371,s112363501069
6372,s112363501070
6373,s112363501071
6374,s112363501072
6375,s113363501004
6376,s113363501005
6377,s113363501006
6378,s113363501007
6379,s112381301066
6380,s112381301070
6381,s112381301083
6382,s112381301085
6383,s112381301086
6384,s112381301087
6385,s112381301097
6386,s112381301105
6387,s112381301106
6388,s112381301028
6389,s112381301030
6390,s112381301050
6391,s112381301053
6392,s112381301056
6393,s112381301058
6394,s112381301060
6395,s112383501032
6396,s112383501040
6397,s112383501042
6398,s112383501044
6399,s112383501046
6400,s112383501049
6401,s112383501052
6402,s112383501058
6403,s112383501060
6404,s112383501071
6405,s112383501074
6406,s112383501077
6407,s112403501025
6408,s112403501026
6409,s112403501027
6410,s112403501031
6411,s112403501033
6412,s112403501034
6413,s112403501036
6414,s112403501038
6415,s112403501039
6416,s112403501040
6417,s112403501041
6418,s112403501042
6419,s113403501004
6420,s112403501049
6421,s112403501050
6422,s112403501057
6423,s112403501059
6424,s112403501060
6425,s112403501061
6426,s112403501062
6427,s112403501063
6428,s112403501067
6429,s112403501068
6430,s112403502024
6431,s112403502025
6432,s112403502026
6433,s112403502027
6434,s112403502029
6435,s112403502030
6436,s112403502032
6437,s112403502033
6438,s112403502034
6439,s112403502036
6440,s112403502037
6441,s112403502040
6442,s112403502042
6443,s112403502043
6444,s112403502044
6445,s112403502046
6446,s112403502047
6447,s112403502048
6448,s112403502049
6449,s112403502050
6450,s112403502051
6451,s112403502055
6452,s112403502056
6453,s112403502058
6454,s112403502060
6455,s112403502061
6456,s112403502063
6457,s112403502065
6458,s112403502066
6459,s112403502068
6460,s112403502069
6461,s112403502070
6462,s112403502071
6463,s112403502072
6464,s112403502073
6465,s112403502074
6466,s112403502075
6467,s112403502076
6468,s112403502077
6469,s112403502078
6470,s112403502079
6471,s112403502080
6472,s112403502081
6473,s112403502082
6474,s112403502083
6475,s112411303024
6476,s112411303025
6477,s112411303027
6478,s112411303028
6479,s112411303029
6480,s112411303030
6481,s112411303031
6482,s112411303032
6483,s112411303034
6484,s112411303035
6485,s112411303039
6486,s112411303040
6487,s112411303041
6488,s112411303042
6489,s112411303043
6490,s112411303044
6491,s112411303045
6492,s112411303046
6493,s112411303047
6494,s112411303051
6495,s112411303052
6496,s112411303053
6497,s112411303055
6498,s112411303056
6499,s112411303059
6500,s112411303060
6501,s112411303062
6502,s112411303063
6503,s112411303064
6504,s112411303065
6505,s112411303066
6506,s112411303071
6507,s112411303073
6508,s112411303074
6509,s112411303076
6510,s112411303077
6511,s112411303078
6512,s112411303079
6513,s112411303080
6514,s112411303081
6515,s112411303082
6516,s112411303083
6517,s112411303087
6518,s112411303088
6519,s112411303090
6520,s112411303091
6521,s112411303093
6522,s112411303094
6523,s112411303095
6524,s112411303096
6525,s112411303097
6526,s112411303098
6527,s112411303101
6528,s112411303102
6529,s112411303103
6530,s112411303104
6531,s112411303105
6532,s112411303106
6533,s112411303108
6534,s112411303109
6535,s112411303110
6536,s112411303112
6537,s113411303003
6538,s113411303004
6539,s112413301024
6540,s112413301025
6541,s112413301026
6542,s112413301027
6543,s112413301028
6544,s112413301029
6545,s112413301030
6546,s112413301031
6547,s112413301032
6548,s112413301034
6549,s112413301036
6550,s112413301037
6551,s112413301038
6552,s112413301039
6553,s112413301040
6554,s112413301041
6555,s112413301042
6556,s112413301043
6557,s112413301044
6558,s112413301045
6559,s112413301046
6560,s112413301047
6561,s112413301048
6562,s112413301049
6563,s112413301050
6564,s112413301051
6565,s112413301054
6566,s112413301055
6567,s112413301056
6568,s112413301057
6569,s112413301058
6570,s112413301059
6571,s112413301060
6572,s112413301062
6573,s112413301063
6574,s112413301064
6575,s112413301068
6576,s112413301070
6577,s112413301071
6578,s112413301073
6579,s112413301074
6580,s112413301076
6581,s112413301077
6582,s112413301078
6583,s112413301079
6584,s112413301080
6585,s112413301081
6586,s112413301082
6587,s113413301003
6588,s112413302024
6589,s112413302026
6590,s112413302027
6591,s112413302028
6592,s112413302029
6593,s112413302034
6594,s112413302036
6595,s112413302037
6596,s112413302038
6597,s112413302039
6598,s112413302040
6599,s112413302042
6600,s112413302043
6601,s112413302044
6602,s112413302045
6603,s112413302047
6604,s112413302048
6605,s113413302003
6606,s113413302004
6607,s112413302052
6608,s112413302053
6609,s112413302054
6610,s112413302055
6611,s112413302056
6612,s112413302057
6613,s112413302058
6614,s112413302059
6615,s112413302060
6616,s112413302061
6617,s112413302063
6618,s112413302064
6619,s112413302066
6620,s112413302067
6621,s112413302068
6622,s112413302069
6623,s112413302070
6624,s112413302072
6625,s112413302073
6626,s112413302074
6627,s112413302075
6628,s112413302076
6629,s112413508024
6630,s112413508025
6631,s112413508027
6632,s112413508028
6633,s112413508029
6634,s112413508030
6635,s112413508031
6636,s112413508032
6637,s112413508033
6638,s112413508034
6639,s112413508037
6640,s112413508038
6641,s112413508040
6642,s112413508041
6643,s112413508044
6644,s112413508046
6645,s112413508048
6646,s113413508003
6647,s112413508052
6648,s112413508054
6649,s112413508055
6650,s112413508056
6651,s112413508058
6652,s112413508059
6653,s112413508060
6654,s112413508062
6655,s112413508063
6656,s112413508064
6657,s112413508067
6658,s112413508069
6659,s112413508070
6660,s112413508073
6661,s112413508074
6662,s113413508004
6663,s113413508005
6664,s112421302024
6665,s112421302025
6666,s112421302026
6667,s112421302027
6668,s112421302028
6669,s112421302029
6670,s112421302030
6671,s112421302031
6672,s112421302032
6673,s112421302033
6674,s112421302034
6675,s112421302036
6676,s112421302037
6677,s112421302038
6678,s112421302039
6679,s112421302040
6680,s112421302041
6681,s112421302042
6682,s112421302043
6683,s112421302046
6684,s112421302047
6685,s112421302048
6686,s112421302049
6687,s112421302050
6688,s112421302051
6689,s112421302052
6690,s112421302054
6691,s112421302055
6692,s112421302056
6693,s112421302060
6694,s112421302061
6695,s112421302062
6696,s112421302063
6697,s112421302064
6698,s112421302066
6699,s112421302067
6700,s112421302073
6701,s112421302077
6702,s112421302085
6703,s112421302086
6704,s112421302087
6705,s112421302088
6706,s112421302090
6707,s112423505024
6708,s112423505027
6709,s112423505029
6710,s112423505030
6711,s112423505031
6712,s112423505034
6713,s112423505037
6714,s112423505039
6715,s112423505041
6716,s112423505043
6717,s112423505045
6718,s112423505047
6719,s112423505048
6720,s112423505049
6721,s112423505052
6722,s112423505053
6723,s112423505056
6724,s112423505057
6725,s112423505058
6726,s112423505059
6727,s112423505061
6728,s112423505064
6729,s112423505065
6730,s112423505067
6731,s112423505068
6732,s112423505069
6733,s112423505071
6734,s112423505072
6735,s112423505073
6736,s112423505074
6737,s112423505075
6738,s112423505076
6739,s112423505078
6740,s112423505079
6741,s112423505081
6742,s112423505082
6743,s112423505083
6744,s112423505084
6745,s112533503026
6746,s112533503028
6747,s112533503029
6748,s112533503031
6749,s112533503033
6750,s112533503034
6751,s112533503037
6752,s112533503042
6753,s112533503043
6754,s112533503044
6755,s112533503045
6756,s112533503046
6757,s112533503047
6758,s112533503048
6759,s112533503049
6760,s112533503050
6761,s112533503051
6762,s112533503052
6763,s112533503053
6764,s112533503055
6765,s112533503056
6766,s112533503057
6767,s112533504025
6768,s112533504026
6769,s112533504027
6770,s112533504028
6771,s112533504029
6772,s112533504032
6773,s112533504033
6774,s112533504034
6775,s112533504035
6776,s112533504036
6777,s112533504038
6778,s112533504039
6779,s112533504040
6780,s112533504041
6781,s112533504042
6782,s112533504043
6783,s112533504044
6784,s112533504045
6785,s112533504046
6786,s112533504047
6787,s112533504048
6788,s112533504049
6789,s112533504050
6790,s112533504055
6791,s112533504056
6792,s112533504057
6793,s112533504058
6794,s112533504059
6795,s112533504060
6796,s112533504061
6797,s112533504062
6798,s112533504063
6799,s112533504064
6800,s112533504065
6801,s112533504066
6802,s112533504067
6803,s112533504068
6804,s112533504069
6805,s112533504072
6806,s112533504073
6807,s112533504074
6808,s112533504075
6809,s112533504077
6810,s112533504079
6811,s112533504080
6812,s112533504081
6813,s112533506024
6814,s112533506025
6815,s112533506026
6816,s112533506028
6817,s112533506029
6818,s112533506030
6819,s112533506031
6820,s112533506032
6821,s112533506033
6822,s112533506036
6823,s112533506037
6824,s112533506038
6825,s112533506040
6826,s112533506041
6827,s112533506042
6828,s112533506045
6829,s112533506046
6830,s112533506048
6831,s112533506049
6832,s113533506003
6833,s112533506053
6834,s112533506054
6835,s112533506055
6836,s112533506056
6837,s112533506057
6838,s112533506058
6839,s112533506059
6840,s112533506060
6841,s112533506061
6842,s112533506062
6843,s112533506063
6844,s112533506064
6845,s112533506065
6846,s112533506066
6847,s112533506067
6848,s112533506069
6849,s112533506070
6850,s112533506071
6851,s112533506072
6852,s112533506076
6853,s112533506077
6854,s112533506078
6855,s112540301024
6856,s112540301026
6857,s112540301027
6858,s112540301028
6859,s112540301029
6860,s112540301030
6861,s112540301032
6862,s112540301033
6863,s112540301034
6864,s112540301035
6865,s112540301036
6866,s112540301038
6867,s112540301039
6868,s112540301041
6869,s112540301042
6870,s112540301043
6871,s112540301044
6872,s112540301045
6873,s112540301046
6874,s112540301047
6875,s112540301048
6876,s112540301049
6877,s112540301050
6878,s112540301052
6879,s112540301056
6880,s112540301057
6881,s112540301062
6882,s112540301063
6883,s112540301064
6884,s112540301065
6885,s112540301066
6886,s112540301068
6887,s112540301069
6888,s112540301070
6889,s112540301071
6890,s112540301073
6891,s112540301074
6892,s112540301075
6893,s112540301076
6894,s112540301078
6895,s112540301079
6896,s112540301080
6897,s112540301081
6898,s112540301082
6899,s112540301083
6900,s112540301084
6901,s112540301085
6902,s112543501024
6903,s112543501025
6904,s112543501026
6905,s112543501027
6906,s112543501028
6907,s112543501029
6908,s112543501030
6909,s112543501031
6910,s112543501032
6911,s112543501033
6912,s112543501034
6913,s112543501035
6914,s112543501036
6915,s112543501038
6916,s112543501039
6917,s112543501040
6918,s112543501041
6919,s112543501042
6920,s112543501043
6921,s112543501044
6922,s112543501046
6923,s112543501047
6924,s112543501048
6925,s112543501049
6926,s112543501050
6927,s112543501051
6928,s112543501052
6929,s112543501055
6930,s112543501056
6931,s112543501057
6932,s112543501058
6933,s112543501059
6934,s112543501060
6935,s112543501061
6936,s112543501062
6937,s112543501063
6938,s112543501064
6939,s112543501065
6940,s112543501066
6941,s112543501067
6942,s112543501068
6943,s112543501070
6944,s112543501071
6945,s112543501072
6946,s112543501073
6947,s112543501074
6948,s112543501075
6949,s112543501076
6950,s112543501077
6951,s112543501078
6952,s112543501079
6953,s112543501080
6954,s112543501081
6955,s112543501082
6956,s112543501083
6957,s112551301024
6958,s112551301025
6959,s112551301026
6960,s112551301027
6961,s112551301028
6962,s112551301030
6963,s112551301031
6964,s112551301034
6965,s112551301036
6966,s112551301037
6967,s112551301038
6968,s112551301039
6969,s112551301040
6970,s112551301041
6971,s112551301043
6972,s112551301045
6973,s112551301048
6974,s112551301050
6975,s112551301052
6976,s112551301055
6977,s112551301056
6978,s112551301059
6979,s112551301064
6980,s112551301067
6981,s112551301069
6982,s112551301070
6983,s112551301071
6984,s112551301072
6985,s112551301073
6986,s112551301075
6987,s112551301077
6988,s112551301079
6989,s112551301080
6990,s112551301081
6991,s112551301083
6992,s112551301085
6993,s112551301086
6994,s112551301087
6995,s112551301089
6996,s112551301090
6997,s112551301092
6998,s112551301093
6999,s112551301094
7000,s112581302025
7001,s112581302026
7002,s112581302028
7003,s112581302029
7004,s112581302031
7005,s112581302032
7006,s112581302033
7007,s112581302034
7008,s112581302035
7009,s112581302036
7010,s112581302037
7011,s112581302038
7012,s112581302039
7013,s112581302040
7014,s112581302041
7015,s112581302042
7016,s112581302043
7017,s112581302044
7018,s112581302045
7019,s112581302046
7020,s112581302048
7021,s112581302049
7022,s112581302050
7023,s112581302051
7024,s112581302053
7025,s112581302054
7026,s112581302055
7027,s112581302056
7028,s112581302058
7029,s112581302059
7030,s113581302004
7031,s113581302005
7032,s113581302008
7033,s112581302063
7034,s112581302064
7035,s112581302070
7036,s112581302074
7037,s112581302075
7038,s112581302077
7039,s112581302078
7040,s112581302084
7041,s112581302092
7042,s112583501023
7043,s112583501024
7044,s112583501025
7045,s112583501026
7046,s112583501027
7047,s112583501028
7048,s112583501030
7049,s112583501031
7050,s112583501032
7051,s112583501034
7052,s112583501035
7053,s112583501036
7054,s112583501037
7055,s112583501038
7056,s112583501039
7057,s112583501040
7058,s112583501042
7059,s112583501043
7060,s112583501044
7061,s112583501045
7062,s112583501046
7063,s113583501002
7064,s112593504025
7065,s112593504027
7066,s112593504030
7067,s112593504031
7068,s112593504032
7069,s112593504036
7070,s112593504039
7071,s112593504040
7072,s112593504042
7073,s112593504044
7074,s112593504045
7075,s112593504047
7076,s112593504048
7077,s112593504049
7078,s113593504003
7079,s112593504052
7080,s112593504053
7081,s112593504054
7082,s112593504055
7083,s112593504056
7084,s112593504057
7085,s112593504058
7086,s112593504059
7087,s112593504060
7088,s112593504061
7089,s112593504062
7090,s112593504063
7091,s112593504064
7092,s112593504065
7093,s112593504066
7094,s112593504067
7095,s112593504068
7096,s112593504070
7097,s112593504071
7098,s112593504072
7099,s112593504073
7100,s112593504074
7101,s112593504075
7102,s112593504076
7103,s112613503044
7104,s112613503045
7105,s112613503046
7106,s112613503047
7107,s112613503048
7108,s112613503049
7109,s112613503050
7110,s112613503052
7111,s112613503053
7112,s112613503054
7113,s112613503055
7114,s112613503057
7115,s112613503058
7116,s112613503059
7117,s112613503061
7118,s112613503063
7119,s112613503064
7120,s112613503065
7121,s112613503070
7122,s112613503071
7123,s112613503072
7124,s112613503073
7125,s112613503074
7126,s112613503075
7127,s112613503076
7128,s112613503077
7129,s112613503078
7130,s112613503079
7131,s112613503080
7132,s112613503081
7133,s112613503082
7134,s112613503083
7135,s112613503084
7136,s112613503085
7137,s112613503086
7138,s112613503087
7139,s112613503088
7140,s112613503089
7141,s112613503090
7142,s112613503091
7143,s112714502024
7144,s112714502025
7145,s112714502026
7146,s112714502027
7147,s112714502028
7148,s112714502029
7149,s112714502030
7150,s112714502031
7151,s112714502032
7152,s112714502033
7153,s112714502034
7154,s112714502035
7155,s112714502037
7156,s112714502038
7157,s112714502039
7158,s112714502040
7159,s112714502041
7160,s112714502042
7161,s112714502044
7162,s113714502003
7163,s112714502048
7164,s112714502050
7165,s112714502053
7166,s112714502054
7167,s112714502055
7168,s112714502056
7169,s112714502057
7170,s112714502059
7171,s112714502061
7172,s112714502062
7173,s112714502065
7174,s112714502066
