src_student_id,dst_student_id,weight,src_idx,dst_idx
s112011301024,s112011301056,1,0,25
s112011301025,s112011301042,1,1,13
s112011301025,s112011301056,1,1,25
s112011301031,s112011301042,1,4,13
s112011301035,s112011301042,1,8,13
s112011301035,s112011301043,1,8,14
s112011301035,s112011301054,1,8,23
s112011301039,s112011301044,1,11,15
s112011301039,s112011301045,1,11,16
s112011301039,s112011301056,1,11,25
s112011301039,s112011301057,1,11,26
s112011301040,s112011301056,1,12,25
s112011301040,s112011301057,1,12,26
s112011301042,s112011301057,1,13,26
s112011301043,s112011301026,1,14,2
s112011301043,s112011301038,1,14,10
s112011301044,s112011301042,1,15,13
s112011301044,s112011301050,1,15,21
s112011301049,s112011301033,1,20,6
s112011301049,s112011301044,1,20,15
s112011301049,s112011301056,1,20,25
s112011301049,s112011301057,1,20,26
s112011301052,s112011301055,1,22,24
s112011301055,s112011301042,1,24,13
s112011301055,s112011301056,1,24,25
s112011301056,s112011301025,1,25,1
s112011301057,s112011301038,1,26,10
s112011301057,s112011301039,1,26,11
s112011301057,s112011301040,1,26,12
s112011301061,s112011301081,1,28,46
s112011301061,s112011301088,1,28,52
s112011301061,s112011301094,1,28,55
s112011301065,s112011301080,1,32,45
s112011301068,s112011301071,1,34,37
s112011301068,s112011301081,1,34,46
s112011301068,s112011301083,1,34,48
s112011301068,s112011301084,1,34,49
s112011301068,s112011301094,1,34,55
s112011301072,s112011301081,1,38,46
s112011301072,s112011301083,1,38,48
s112011301072,s112011301084,1,38,49
s112011301072,s112011301086,1,38,50
s112011301076,s112011301073,1,42,39
s112011301078,s112011301083,1,43,48
s112011301080,s112011301069,1,45,35
s112011301080,s112011301083,1,45,48
s112011301080,s112011301084,1,45,49
s112011301080,s112011301087,1,45,51
s112011301084,s112011301067,1,49,33
s112011301084,s112011301078,1,49,43
s112011301084,s112011301094,1,49,55
s112011301087,s112011301068,1,51,34
s112011301087,s112011301072,1,51,38
s112011301087,s112011301073,1,51,39
s112011301087,s112011301082,1,51,47
s112011301087,s112011301094,1,51,55
s112011301088,s112011301061,1,52,28
s112011301088,s112011301063,1,52,30
s112011301088,s112011301068,1,52,34
s112011301088,s112011301078,1,52,43
s112011301088,s112011301080,1,52,45
s112011306023,s112011306026,1,56,57
s112011306023,s112011306039,1,56,63
s112011306023,s112011306042,1,56,64
s112011306027,s112011306029,1,58,59
s112011306029,s112011306055,1,59,73
s112011306042,s112011306029,1,64,59
s112011306042,s112011306037,1,64,61
s112011306042,s112011306039,1,64,63
s112011306042,s112011306053,1,64,71
s112011306045,s112011306037,1,67,61
s112011306045,s112011306039,1,67,63
s112011306045,s112011306053,1,67,71
s112011306045,s112011306055,1,67,73
s112011306046,s112011306026,1,68,57
s112011306046,s112011306054,1,68,72
s112011306046,s112011306055,1,68,73
s112011306046,s112011306057,1,68,75
s112011306050,s112011306053,1,69,71
s112011306055,s112011306023,1,73,56
s112011306055,s112011306043,1,73,65
s112011306055,s112011306056,1,73,74
s112011306056,s112011306023,1,74,56
s112011306057,s112011306042,1,75,64
s112011324033,s112011324056,1,83,103
s112011324036,s112011324046,1,85,94
s112011324036,s112011324056,1,85,103
s112011324037,s112011324045,1,86,93
s112011324037,s112011324056,1,86,103
s112011324037,s112011324062,1,86,109
s112011324038,s112011324056,1,87,103
s112011324040,s112011324056,1,88,103
s112011324044,s112011324053,1,92,100
s112011324044,s112011324056,1,92,103
s112011324044,s112011324062,1,92,109
s112011324045,s112011324056,1,93,103
s112011324045,s112011324062,1,93,109
s112011324046,s112011324056,1,94,103
s112011324046,s112011324058,1,94,105
s112011324046,s112011324061,1,94,108
s112011324046,s112011324062,1,94,109
s112011324048,s112011324056,1,95,103
s112011324048,s112011324058,1,95,105
s112011324051,s112011324037,1,98,86
s112011324051,s112011324038,1,98,87
s112011324051,s112011324045,1,98,93
s112011324051,s112011324056,1,98,103
s112011324053,s112011324056,1,100,103
s112011324056,s112011324053,1,103,100
s112011324056,s112011324062,1,103,109
s112011324057,s112011324038,1,104,87
s112011324057,s112011324045,1,104,93
s112011324057,s112011324053,1,104,100
s112011324057,s112011324056,1,104,103
s112011324058,s112011324034,1,105,84
s112011324058,s112011324056,1,105,103
s112011324058,s112011324062,1,105,109
s112011324058,s112011324063,1,105,110
s112011324059,s112011324056,1,106,103
s112011324060,s112011324037,1,107,86
s112011324060,s112011324038,1,107,87
s112011324060,s112011324045,1,107,93
s112011324060,s112011324056,1,107,103
s112011324060,s112011324058,1,107,105
s112011324061,s112011324033,1,108,83
s112011324061,s112011324038,1,108,87
s112011324061,s112011324045,1,108,93
s112011324061,s112011324056,1,108,103
s112011324061,s112011324058,1,108,105
s112011324062,s112011324037,1,109,86
s112011324062,s112011324038,1,109,87
s112011324062,s112011324049,1,109,96
s112011324062,s112011324056,1,109,103
s112011324062,s112011324058,1,109,105
s112011324063,s112011324056,1,110,103
s112011324063,s112011324058,1,110,105
s112014302024,s112014302035,1,114,118
s112014302024,s112014302038,1,114,121
s112014302024,s112014302046,1,114,125
s112014302024,s112014302054,1,114,128
s112014302033,s112014302043,1,117,122
s112014302035,s112014302044,1,118,123
s112014302035,s112014302050,1,118,126
s112014302038,s112014302044,1,121,123
s112014302038,s112014302054,1,121,128
s112014302057,s112014302060,1,129,131
s112014302057,s112014302081,1,129,147
s112014302062,s112014302075,1,133,141
s112014302063,s112014302060,1,134,131
s112014302063,s112014302085,1,134,149
s112014302064,s112014302060,1,135,131
s112014302064,s112014302061,1,135,132
s112014302064,s112014302067,1,135,137
s112014302064,s112014302068,1,135,138
s112014302066,s112014302078,1,136,144
s112014302068,s112014302064,1,138,135
s112014302068,s112014302078,1,138,144
s112014302071,s112014302064,1,139,135
s112014302073,s112014302063,1,140,134
s112014302073,s112014302064,1,140,135
s112014302073,s112014302075,1,140,141
s112014302073,s112014302078,1,140,144
s112014302077,s112014302062,1,143,133
s112014302077,s112014302063,1,143,134
s112014302077,s112014302064,1,143,135
s112014302077,s112014302066,1,143,136
s112014302078,s112014302060,1,144,131
s112014302078,s112014302064,1,144,135
s112014322024,s112014322035,1,150,161
s112014322024,s112014322039,1,150,163
s112014322024,s112014322040,1,150,164
s112014322024,s112014322043,1,150,167
s112014322024,s112014322049,1,150,173
s112014322026,s112014322033,1,152,159
s112014322026,s112014322035,1,152,161
s112014322026,s112014322036,1,152,162
s112014322026,s112014322042,1,152,166
s112014322026,s112014322043,1,152,167
s112014322029,s112014322033,1,155,159
s112014322029,s112014322035,1,155,161
s112014322029,s112014322036,1,155,162
s112014322029,s112014322042,1,155,166
s112014322029,s112014322043,1,155,167
s112014322030,s112014322033,1,156,159
s112014322030,s112014322035,1,156,161
s112014322030,s112014322036,1,156,162
s112014322030,s112014322042,1,156,166
s112014322030,s112014322043,1,156,167
s112014322032,s112014322033,1,158,159
s112014322032,s112014322036,1,158,162
s112014322032,s112014322042,1,158,166
s112014322032,s112014322046,1,158,170
s112014322032,s112014322048,1,158,172
s112014322034,s112014322025,1,160,151
s112014322034,s112014322032,1,160,158
s112014322034,s112014322035,1,160,161
s112014322034,s112014322036,1,160,162
s112014322034,s112014322043,1,160,167
s112014322035,s112014322032,1,161,158
s112014322035,s112014322036,1,161,162
s112014322035,s112014322041,1,161,165
s112014322036,s112014322039,1,162,163
s112014322036,s112014322041,1,162,165
s112014322039,s112014322025,1,163,151
s112014322039,s112014322033,1,163,159
s112014322039,s112014322035,1,163,161
s112014322039,s112014322036,1,163,162
s112014322039,s112014322042,1,163,166
s112014322042,s112014322032,1,166,158
s112014322042,s112014322035,1,166,161
s112014322042,s112014322039,1,166,163
s112014322042,s112014322040,1,166,164
s112014322042,s112014322045,1,166,169
s112014322045,s112014322025,1,169,151
s112014322045,s112014322033,1,169,159
s112014322045,s112014322035,1,169,161
s112014322045,s112014322036,1,169,162
s112014322048,s112014322028,1,172,154
s112014322048,s112014322033,1,172,159
s112014322048,s112014322035,1,172,161
s112014322048,s112014322036,1,172,162
s112014322049,s112014322024,1,173,150
s112014322049,s112014322025,1,173,151
s112014322049,s112014322028,1,173,154
s112014322049,s112014322035,1,173,161
s112014322049,s112014322036,1,173,162
s112014322052,s112014322058,1,174,178
s112014322052,s112014322059,1,174,179
s112014322052,s112014322062,1,174,182
s112014322052,s112014322070,1,174,190
s112014322052,s112014322075,1,174,195
s112014322057,s112014322061,1,177,181
s112014322057,s112014322063,1,177,183
s112014322057,s112014322071,1,177,191
s112014322057,s112014322074,1,177,194
s112014322058,s112014322052,1,178,174
s112014322058,s112014322055,1,178,175
s112014322058,s112014322056,1,178,176
s112014322058,s112014322065,1,178,185
s112014322058,s112014322077,1,178,197
s112014322059,s112014322075,1,179,195
s112014322060,s112014322052,1,180,174
s112014322060,s112014322058,1,180,178
s112014322060,s112014322061,1,180,181
s112014322062,s112014322071,1,182,191
s112014322062,s112014322074,1,182,194
s112014322064,s112014322058,1,184,178
s112014322064,s112014322060,1,184,180
s112014322064,s112014322061,1,184,181
s112014322064,s112014322071,1,184,191
s112014322070,s112014322052,1,190,174
s112014322070,s112014322058,1,190,178
s112014322070,s112014322063,1,190,183
s112014322071,s112014322052,1,191,174
s112014322071,s112014322060,1,191,180
s112014322071,s112014322063,1,191,183
s112014322071,s112014322064,1,191,184
s112014322074,s112014322057,1,194,177
s112014322074,s112014322070,1,194,190
s112014322074,s112014322071,1,194,191
s112014322074,s112014322076,1,194,196
s112014322074,s112014322077,1,194,197
s112014322075,s112014322060,1,195,180
s112014322075,s112014322070,1,195,190
s112014322075,s112014322071,1,195,191
s112014322075,s112014322076,1,195,196
s112014322075,s112014322077,1,195,197
s112014322076,s112014322052,1,196,174
s112014322076,s112014322060,1,196,180
s112014322076,s112014322061,1,196,181
s112014322076,s112014322074,1,196,194
s112014322076,s112014322075,1,196,195
s112014322077,s112014322057,1,197,177
s112014322077,s112014322058,1,197,178
s112014332026,s112014332030,1,200,204
s112014332026,s112014332034,1,200,208
s112014332026,s112014332037,1,200,211
s112014332026,s112014332039,1,200,213
s112014332026,s112014332040,1,200,214
s112014332027,s112014332034,1,201,208
s112014332028,s112014332034,1,202,208
s112014332028,s112014332040,1,202,214
s112014332029,s112014332034,1,203,208
s112014332029,s112014332040,1,203,214
s112014332030,s112014332026,1,204,200
s112014332030,s112014332034,1,204,208
s112014332030,s112014332038,1,204,212
s112014332030,s112014332040,1,204,214
s112014332030,s112014332048,1,204,221
s112014332032,s112014332040,1,206,214
s112014332033,s112014332040,1,207,214
s112014332034,s112014332028,1,208,202
s112014332034,s112014332048,1,208,221
s112014332035,s112014332033,1,209,207
s112014332035,s112014332034,1,209,208
s112014332036,s112014332033,1,210,207
s112014332036,s112014332034,1,210,208
s112014332036,s112014332040,1,210,214
s112014332036,s112014332048,1,210,221
s112014332037,s112014332034,1,211,208
s112014332037,s112014332036,1,211,210
s112014332037,s112014332040,1,211,214
s112014332037,s112014332048,1,211,221
s112014332038,s112014332034,1,212,208
s112014332038,s112014332040,1,212,214
s112014332039,s112014332033,1,213,207
s112014332039,s112014332034,1,213,208
s112014332040,s112014332032,1,214,206
s112014332040,s112014332034,1,214,208
s112014332040,s112014332036,1,214,210
s112014332040,s112014332048,1,214,221
s112014332042,s112014332028,1,216,202
s112014332042,s112014332033,1,216,207
s112014332042,s112014332034,1,216,208
s112014332042,s112014332040,1,216,214
s112014332042,s112014332048,1,216,221
s112014332044,s112014332034,1,217,208
s112014332044,s112014332040,1,217,214
s112014332047,s112014332033,1,220,207
s112014332047,s112014332034,1,220,208
s112014332047,s112014332040,1,220,214
s112014332048,s112014332033,1,221,207
s112014332048,s112014332034,1,221,208
s112014332048,s112014332040,1,221,214
s112014332049,s112014332033,1,222,207
s112014332049,s112014332034,1,222,208
s112014332052,s112014332054,1,223,225
s112014332052,s112014332059,1,223,229
s112014332052,s112014332060,1,223,230
s112014332052,s112014332068,1,223,237
s112014332052,s112014332080,1,223,248
s112014332053,s112014332060,1,224,230
s112014332054,s112014332060,1,225,230
s112014332055,s112014332060,1,226,230
s112014332055,s112014332068,1,226,237
s112014332055,s112014332080,1,226,248
s112014332056,s112014332060,1,227,230
s112014332058,s112014332060,1,228,230
s112014332059,s112014332060,1,229,230
s112014332060,s112014332054,1,230,225
s112014332060,s112014332056,1,230,227
s112014332060,s112014332058,1,230,228
s112014332060,s112014332059,1,230,229
s112014332060,s112014332082,1,230,250
s112014332062,s112014332059,1,232,229
s112014332062,s112014332060,1,232,230
s112014332062,s112014332063,1,232,233
s112014332062,s112014332066,1,232,236
s112014332062,s112014332068,1,232,237
s112014332063,s112014332052,1,233,223
s112014332063,s112014332056,1,233,227
s112014332063,s112014332073,1,233,242
s112014332063,s112014332080,1,233,248
s112014332063,s112014332082,1,233,250
s112014332064,s112014332059,1,234,229
s112014332064,s112014332060,1,234,230
s112014332065,s112014332060,1,235,230
s112014332066,s112014332060,1,236,230
s112014332068,s112014332060,1,237,230
s112014332068,s112014332063,1,237,233
s112014332068,s112014332065,1,237,235
s112014332068,s112014332066,1,237,236
s112014332068,s112014332079,1,237,247
s112014332069,s112014332080,1,238,248
s112014332070,s112014332068,1,239,237
s112014332070,s112014332080,1,239,248
s112014332071,s112014332054,1,240,225
s112014332071,s112014332059,1,240,229
s112014332071,s112014332060,1,240,230
s112014332071,s112014332065,1,240,235
s112014332071,s112014332068,1,240,237
s112014332072,s112014332059,1,241,229
s112014332072,s112014332060,1,241,230
s112014332072,s112014332063,1,241,233
s112014332072,s112014332065,1,241,235
s112014332072,s112014332068,1,241,237
s112014332075,s112014332052,1,243,223
s112014332075,s112014332063,1,243,233
s112014332075,s112014332068,1,243,237
s112014332075,s112014332079,1,243,247
s112014332078,s112014332059,1,246,229
s112014332078,s112014332060,1,246,230
s112014332078,s112014332063,1,246,233
s112014332078,s112014332065,1,246,235
s112014332078,s112014332082,1,246,250
s112014332079,s112014332059,1,247,229
s112014332079,s112014332060,1,247,230
s112014332079,s112014332063,1,247,233
s112014332079,s112014332068,1,247,237
s112014332080,s112014332052,1,248,223
s112014332080,s112014332060,1,248,230
s112014332080,s112014332070,1,248,239
s112014332080,s112014332077,1,248,245
s112014332081,s112014332054,1,249,225
s112014332081,s112014332060,1,249,230
s112014332082,s112014332060,1,250,230
s112014356024,s112014356028,1,251,255
s112014356024,s112014356030,1,251,257
s112014356024,s112014356031,1,251,258
s112014356024,s112014356033,1,251,260
s112014356024,s112014356034,1,251,261
s112014356030,s112014356024,1,257,251
s112014356030,s112014356036,1,257,262
s112014356030,s112014356046,1,257,272
s112014356030,s112014356049,1,257,275
s112014356030,s113014356004,1,257,278
s112014356031,s112014356024,1,258,251
s112014356031,s112014356026,1,258,253
s112014356031,s112014356036,1,258,262
s112014356031,s112014356048,1,258,274
s112014356031,s112014356049,1,258,275
s112014356032,s112014356024,1,259,251
s112014356032,s112014356040,1,259,266
s112014356034,s112014356024,1,261,251
s112014356034,s112014356036,1,261,262
s112014356034,s112014356037,1,261,263
s112014356034,s112014356038,1,261,264
s112014356034,s112014356046,1,261,272
s112014356036,s112014356030,1,262,257
s112014356036,s112014356033,1,262,260
s112014356036,s112014356046,1,262,272
s112014356036,s112014356049,1,262,275
s112014356036,s113014356004,1,262,278
s112014356037,s112014356033,1,263,260
s112014356037,s112014356034,1,263,261
s112014356037,s112014356036,1,263,262
s112014356037,s112014356046,1,263,272
s112014356037,s112014356049,1,263,275
s112014356038,s112014356030,1,264,257
s112014356038,s112014356036,1,264,262
s112014356038,s112014356043,1,264,269
s112014356038,s112014356046,1,264,272
s112014356038,s112014356049,1,264,275
s112014356040,s112014356024,1,266,251
s112014356040,s112014356036,1,266,262
s112014356040,s112014356045,1,266,271
s112014356040,s112014356046,1,266,272
s112014356040,s113014356004,1,266,278
s112014356041,s112014356024,1,267,251
s112014356041,s112014356046,1,267,272
s112014356041,s113014356004,1,267,278
s112014356044,s112014356024,1,270,251
s112014356044,s112014356036,1,270,262
s112014356044,s112014356049,1,270,275
s112014356045,s112014356040,1,271,266
s112014356045,s112014356049,1,271,275
s112014356046,s112014356024,1,272,251
s112014356046,s112014356026,1,272,253
s112014356046,s112014356049,1,272,275
s112014356047,s112014356024,1,273,251
s112014356047,s112014356025,1,273,252
s112014356047,s112014356026,1,273,253
s112014356047,s112014356031,1,273,258
s112014356047,s112014356036,1,273,262
s112014356048,s112014356024,1,274,251
s112014356048,s112014356036,1,274,262
s112014356049,s113014356004,1,275,278
s112014356050,s112014356049,1,276,275
s112014356061,s112014356066,1,281,283
s112014356066,s112014356071,1,283,284
s112014356071,s112014356073,1,284,285
s112014364024,s112014364033,1,287,296
s112014364024,s112014364041,1,287,302
s112014364025,s112014364030,1,288,293
s112014364025,s112014364033,1,288,296
s112014364025,s112014364040,1,288,301
s112014364025,s112014364041,1,288,302
s112014364026,s112014364033,1,289,296
s112014364026,s112014364041,1,289,302
s112014364028,s112014364033,1,291,296
s112014364028,s112014364035,1,291,298
s112014364028,s112014364041,1,291,302
s112014364028,s112014364044,1,291,305
s112014364029,s112014364033,1,292,296
s112014364029,s112014364040,1,292,301
s112014364029,s112014364041,1,292,302
s112014364029,s112014364043,1,292,304
s112014364030,s112014364033,1,293,296
s112014364030,s112014364040,1,293,301
s112014364030,s112014364041,1,293,302
s112014364031,s112014364026,1,294,289
s112014364031,s112014364028,1,294,291
s112014364031,s112014364029,1,294,292
s112014364033,s112014364041,1,296,302
s112014364033,s112014364043,1,296,304
s112014364033,s112014364044,1,296,305
s112014364033,s112014364048,1,296,309
s112014364035,s112014364024,1,298,287
s112014364035,s112014364025,1,298,288
s112014364035,s112014364033,1,298,296
s112014364035,s112014364036,1,298,299
s112014364036,s112014364041,1,299,302
s112014364037,s112014364040,1,300,301
s112014364037,s112014364041,1,300,302
s112014364040,s112014364041,1,301,302
s112014364040,s112014364042,1,301,303
s112014364040,s112014364045,1,301,306
s112014364040,s112014364047,1,301,308
s112014364042,s112014364040,1,303,301
s112014364042,s112014364044,1,303,305
s112014364043,s112014364024,1,304,287
s112014364043,s112014364041,1,304,302
s112014364043,s112014364044,1,304,305
s112014364043,s112014364048,1,304,309
s112014364044,s112014364029,1,305,292
s112014364044,s112014364031,1,305,294
s112014364044,s112014364033,1,305,296
s112014364044,s112014364035,1,305,298
s112014364044,s112014364037,1,305,300
s112014364045,s112014364040,1,306,301
s112014364047,s112014364040,1,308,301
s112014364047,s112014364041,1,308,302
s112014364047,s112014364043,1,308,304
s112014364047,s112014364044,1,308,305
s112014364048,s112014364027,1,309,290
s112014364048,s112014364028,1,309,291
s112014364048,s112014364030,1,309,293
s112014364050,s112014364035,1,311,298
s112014364053,s112014364055,1,312,314
s112014364053,s112014364060,1,312,317
s112014364053,s112014364069,1,312,325
s112014364053,s112014364077,1,312,331
s112014364053,s112014364080,1,312,333
s112014364054,s112014364059,1,313,316
s112014364054,s112014364070,1,313,326
s112014364055,s112014364070,1,314,326
s112014364055,s112014364071,1,314,327
s112014364055,s112014364075,1,314,330
s112014364055,s112014364077,1,314,331
s112014364058,s112014364059,1,315,316
s112014364058,s112014364060,1,315,317
s112014364058,s112014364062,1,315,319
s112014364058,s112014364067,1,315,323
s112014364058,s112014364077,1,315,331
s112014364059,s112014364077,1,316,331
s112014364060,s112014364077,1,317,331
s112014364061,s112014364077,1,318,331
s112014364062,s112014364077,1,319,331
s112014364066,s112014364077,1,322,331
s112014364067,s112014364079,1,323,332
s112014364070,s112014364055,1,326,314
s112014364071,s112014364055,1,327,314
s112014364071,s112014364060,1,327,317
s112014364071,s112014364067,1,327,323
s112014364071,s112014364073,1,327,328
s112014364071,s112014364077,1,327,331
s112014364074,s112014364069,1,329,325
s112014364074,s112014364077,1,329,331
s112014364075,s112014364077,1,330,331
s112014364079,s112014364055,1,332,314
s112014364079,s112014364077,1,332,331
s112014364080,s112014364053,1,333,312
s112014364080,s112014364060,1,333,317
s112014364080,s112014364062,1,333,319
s112014364080,s112014364077,1,333,331
s112014505024,s112014505047,1,334,352
s112014505024,s112014505048,1,334,353
s112014505024,s112014505054,1,334,357
s112014505026,s112014505039,1,336,347
s112014505026,s112014505042,1,336,349
s112014505028,s112014505024,1,337,334
s112014505028,s112014505035,1,337,343
s112014505028,s112014505036,1,337,344
s112014505028,s112014505055,1,337,358
s112014505029,s112014505024,1,338,334
s112014505029,s112014505026,1,338,336
s112014505029,s112014505037,1,338,345
s112014505029,s112014505038,1,338,346
s112014505030,s112014505037,1,339,345
s112014505030,s112014505047,1,339,352
s112014505030,s112014505051,1,339,354
s112014505030,s112014505052,1,339,355
s112014505031,s112014505037,1,340,345
s112014505032,s112014505025,1,341,335
s112014505032,s112014505037,1,341,345
s112014505032,s112014505038,1,341,346
s112014505034,s112014505024,1,342,334
s112014505034,s112014505047,1,342,352
s112014505034,s112014505048,1,342,353
s112014505034,s112014505051,1,342,354
s112014505034,s112014505052,1,342,355
s112014505035,s112014505028,1,343,337
s112014505035,s112014505037,1,343,345
s112014505035,s112014505038,1,343,346
s112014505035,s112014505047,1,343,352
s112014505035,s112014505052,1,343,355
s112014505036,s112014505024,1,344,334
s112014505036,s112014505038,1,344,346
s112014505036,s112014505047,1,344,352
s112014505036,s112014505052,1,344,355
s112014505040,s112014505024,1,348,334
s112014505040,s112014505036,1,348,344
s112014505040,s112014505045,1,348,351
s112014505040,s112014505052,1,348,355
s112014505043,s112014505024,1,350,334
s112014505043,s112014505026,1,350,336
s112014505043,s112014505038,1,350,346
s112014505043,s112014505040,1,350,348
s112014505045,s112014505024,1,351,334
s112014505045,s112014505054,1,351,357
s112014505047,s112014505035,1,352,343
s112014505047,s112014505040,1,352,348
s112014505048,s112014505024,1,353,334
s112014505048,s112014505026,1,353,336
s112014505048,s112014505038,1,353,346
s112014505048,s112014505040,1,353,348
s112014505051,s112014505024,1,354,334
s112014505051,s112014505035,1,354,343
s112014505051,s112014505038,1,354,346
s112014505051,s112014505039,1,354,347
s112014505051,s112014505040,1,354,348
s112014505052,s112014505040,1,355,348
s112014505053,s112014505024,1,356,334
s112014505053,s112014505030,1,356,339
s112014505053,s112014505042,1,356,349
s112014505054,s112014505030,1,357,339
s112014505054,s112014505036,1,357,344
s112014505055,s112014505028,1,358,337
s112014505059,s112014505063,1,359,362
s112014505059,s112014505072,1,359,370
s112014505060,s112014505063,2,360,362
s112014505060,s112014505072,3,360,370
s112014505062,s112014505063,1,361,362
s112014505062,s112014505072,1,361,370
s112014505063,s112014505072,1,362,370
s112014505065,s112014505063,1,364,362
s112014505065,s112014505072,1,364,370
s112014505066,s112014505072,1,365,370
s112014505067,s112014505063,1,366,362
s112014505067,s112014505072,1,366,370
s112014505067,s112014505083,1,366,379
s112014505070,s112014505063,1,368,362
s112014505070,s112014505072,1,368,370
s112014505071,s112014505063,1,369,362
s112014505073,s112014505072,1,371,370
s112014505074,s112014505063,1,372,362
s112014505074,s112014505072,1,372,370
s112014505077,s112014505063,1,374,362
s112014505077,s112014505072,1,374,370
s112014505078,s112014505072,1,375,370
s112014505081,s112014505063,1,378,362
s112014505081,s112014505069,1,378,367
s112014505081,s112014505072,1,378,370
s112014505083,s112014505063,1,379,362
s112014505083,s112014505067,1,379,366
s112014505083,s112014505069,1,379,367
s112014505083,s112014505072,1,379,370
s112014505085,s112014505063,1,381,362
s112014505085,s112014505072,1,381,370
s112014505086,s112014505063,1,382,362
s112014505086,s112014505072,1,382,370
s112014505086,s112014505081,1,382,378
s112014509024,s112014509025,1,383,384
s112014509024,s112014509042,1,383,396
s112014509025,s112014509042,1,384,396
s112014509025,s112014509044,1,384,398
s112014509025,s112014509048,1,384,402
s112014509026,s112014509024,1,385,383
s112014509026,s112014509030,1,385,388
s112014509026,s112014509035,1,385,392
s112014509026,s112014509038,1,385,395
s112014509028,s112014509025,1,386,384
s112014509029,s112014509042,1,387,396
s112014509031,s112014509026,1,389,385
s112014509032,s112014509024,1,390,383
s112014509032,s112014509042,1,390,396
s112014509034,s112014509024,1,391,383
s112014509034,s112014509030,1,391,388
s112014509034,s112014509036,1,391,393
s112014509036,s112014509024,1,393,383
s112014509036,s112014509034,1,393,391
s112014509036,s112014509042,1,393,396
s112014509037,s112014509024,1,394,383
s112014509037,s112014509026,1,394,385
s112014509037,s112014509042,1,394,396
s112014509038,s112014509024,1,395,383
s112014509038,s112014509026,1,395,385
s112014509038,s112014509042,1,395,396
s112014509042,s112014509025,1,396,384
s112014509043,s112014509042,1,397,396
s112014509043,s112014509046,1,397,400
s112014509045,s112014509025,1,399,384
s112014509045,s112014509026,1,399,385
s112014509045,s112014509042,1,399,396
s112014509046,s112014509025,1,400,384
s112014509046,s112014509034,1,400,391
s112014509047,s112014509042,1,401,396
s112014509047,s112014509043,1,401,397
s112014509048,s112014509024,1,402,383
s112014509048,s112014509025,1,402,384
s112014509048,s112014509042,1,402,396
s112014509056,s112014509073,1,404,418
s112014509061,s112014509056,1,407,404
s112014509061,s112014509066,1,407,412
s112014509061,s112014509067,1,407,413
s112014509064,s112014509063,1,410,409
s112014509065,s112014509055,1,411,403
s112014509067,s112014509055,1,413,403
s112014509067,s112014509056,1,413,404
s112014509069,s112014509056,1,414,404
s112014509069,s112014509058,1,414,406
s112014509069,s112014509066,1,414,412
s112014509073,s112014509055,1,418,403
s112014509073,s112014509056,1,418,404
s112014509073,s112014509058,1,418,406
s112014509074,s112014509055,1,419,403
s112014509074,s112014509056,1,419,404
s112014509074,s112014509069,1,419,414
s112014509075,s112014509056,1,420,404
s112014509076,s112014509056,1,421,404
s112014509076,s112014509058,1,421,406
s112014509076,s112014509066,1,421,412
s112014509076,s112014509067,1,421,413
s112014509077,s112014509055,1,422,403
s112014509077,s112014509056,1,422,404
s112014509078,s112014509056,1,423,404
s112014510025,s112014510038,1,425,434
s112014510025,s112014510040,1,425,436
s112014510025,s112014510046,1,425,441
s112014510025,s112014510049,1,425,443
s112014510031,s112014510038,1,428,434
s112014510033,s112014510038,1,430,434
s112014510033,s112014510040,1,430,436
s112014510033,s112014510046,1,430,441
s112014510033,s112014510047,1,430,442
s112014510034,s112014510040,1,431,436
s112014510034,s112014510046,1,431,441
s112014510034,s112014510047,1,431,442
s112014510034,s112014510049,1,431,443
s112014510035,s112014510040,1,432,436
s112014510035,s112014510046,1,432,441
s112014510035,s112014510047,1,432,442
s112014510035,s112014510049,1,432,443
s112014510037,s112014510038,1,433,434
s112014510037,s112014510040,1,433,436
s112014510037,s112014510046,1,433,441
s112014510039,s112014510034,1,435,431
s112014510039,s112014510046,1,435,441
s112014510039,s112014510047,1,435,442
s112014510039,s112014510049,1,435,443
s112014510040,s112014510033,1,436,430
s112014510041,s112014510033,1,437,430
s112014510041,s112014510040,1,437,436
s112014510041,s112014510049,1,437,443
s112014510044,s112014510026,1,439,426
s112014510044,s112014510041,1,439,437
s112014510044,s112014510049,1,439,443
s112014510045,s112014510041,1,440,437
s112014510045,s112014510046,1,440,441
s112014510045,s112014510049,1,440,443
s112014510046,s112014510033,1,441,430
s112014510053,s112014510055,1,445,447
s112014510053,s112014510059,1,445,449
s112014510053,s112014510060,1,445,450
s112014510057,s113014510003,1,448,464
s112014510061,s113014510003,1,451,464
s112014510062,s113014510003,1,452,464
s112014510064,s112014510066,1,454,455
s112014510067,s112014510069,1,456,457
s112014510067,s113014510003,1,456,464
s112014510067,s113014510004,1,456,465
s112014510069,s112014510059,1,457,449
s112014510069,s112014510060,1,457,450
s112014510069,s112014510062,1,457,452
s112014510070,s112014510055,1,458,447
s112014510070,s112014510062,1,458,452
s112014510070,s112014510072,1,458,460
s112014510071,s112014510055,1,459,447
s112014510071,s112014510062,1,459,452
s112014510072,s112014510062,1,460,452
s112014510072,s112014510069,1,460,457
s112014510072,s113014510004,1,460,465
s112014510073,s112014510054,1,461,446
s112014510073,s112014510059,1,461,449
s112014510073,s112014510062,1,461,452
s112014513024,s112014513029,1,466,471
s112014513024,s112014513042,1,466,482
s112014513026,s112014513032,1,468,474
s112014513027,s112014513036,1,469,478
s112014513032,s112014513029,1,474,471
s112014513032,s112014513034,1,474,476
s112014513032,s112014513039,1,474,480
s112014513034,s112014513029,1,476,471
s112014513037,s112014513024,1,479,466
s112014513037,s112014513027,1,479,469
s112014513037,s112014513033,1,479,475
s112014513037,s112014513039,1,479,480
s112014513041,s112014513028,1,481,470
s112014513041,s112014513039,1,481,480
s112014513042,s112014513024,1,482,466
s112014513042,s112014513039,1,482,480
s112014513055,s112014513052,1,489,487
s112014513055,s112014513060,1,489,492
s112014513056,s112014513059,1,490,491
s112014513056,s112014513063,1,490,494
s112014513056,s112014513072,1,490,501
s112014513062,s112014513055,1,493,489
s112014513062,s112014513064,1,493,495
s112014513063,s112014513055,1,494,489
s112014513064,s112014513056,1,495,490
s112014513064,s112014513063,1,495,494
s112014513064,s112014513071,1,495,500
s112014513071,s112014513055,1,500,489
s112014513071,s112014513056,1,500,490
s112014513071,s112014513063,1,500,494
s112014513071,s112014513075,1,500,503
s112014513071,s112014513077,1,500,504
s112014513074,s112014513055,1,502,489
s112014513074,s112014513071,1,502,500
s112014513075,s112014513055,1,503,489
s112014513075,s112014513063,1,503,494
s112014513075,s112014513066,1,503,497
s112014513075,s112014513071,1,503,500
s112014514024,s112014514027,1,505,507
s112014514024,s112014514032,1,505,511
s112014514024,s112014514033,1,505,512
s112014514024,s112014514044,1,505,522
s112014514025,s112014514027,1,506,507
s112014514027,s112014514033,1,507,512
s112014514028,s112014514027,1,508,507
s112014514028,s112014514039,1,508,517
s112014514028,s112014514040,1,508,518
s112014514028,s112014514045,1,508,523
s112014514029,s112014514039,1,509,517
s112014514029,s112014514040,1,509,518
s112014514029,s112014514046,1,509,524
s112014514030,s112014514039,1,510,517
s112014514030,s112014514040,1,510,518
s112014514033,s112014514024,1,512,505
s112014514033,s112014514027,1,512,507
s112014514033,s112014514040,1,512,518
s112014514033,s112014514045,1,512,523
s112014514038,s112014514027,1,516,507
s112014514039,s112014514032,1,517,511
s112014514039,s112014514048,1,517,526
s112014514040,s112014514025,1,518,506
s112014514040,s112014514042,1,518,520
s112014514040,s112014514044,1,518,522
s112014514040,s112014514048,1,518,526
s112014514040,s112014514049,1,518,527
s112014514041,s112014514040,1,519,518
s112014514042,s112014514040,1,520,518
s112014514042,s112014514049,1,520,527
s112014514043,s112014514024,1,521,505
s112014514043,s112014514040,1,521,518
s112014514043,s112014514049,1,521,527
s112014514044,s112014514024,1,522,505
s112014514044,s112014514039,1,522,517
s112014514044,s112014514040,1,522,518
s112014514044,s112014514049,1,522,527
s112014514047,s112014514024,1,525,505
s112014514047,s112014514025,1,525,506
s112014514047,s112014514027,1,525,507
s112014514047,s112014514040,1,525,518
s112014514048,s112014514032,1,526,511
s112014514048,s112014514039,1,526,517
s112014514048,s112014514040,1,526,518
s112014514048,s112014514049,1,526,527
s112014514049,s112014514040,1,527,518
s112014514054,s112014514068,1,529,537
s112014514054,s112014514069,1,529,538
s112014514054,s112014514070,1,529,539
s112014514054,s112014514071,1,529,540
s112014514056,s112014514061,1,530,533
s112014514056,s112014514066,1,530,536
s112014514056,s112014514069,1,530,538
s112014514056,s112014514071,1,530,540
s112014514057,s112014514068,1,531,537
s112014514057,s112014514069,1,531,538
s112014514057,s112014514071,1,531,540
s112014514057,s112014514072,1,531,541
s112014514060,s112014514054,1,532,529
s112014514060,s112014514071,1,532,540
s112014514061,s112014514056,1,533,530
s112014514061,s112014514060,1,533,532
s112014514061,s112014514065,1,533,535
s112014514064,s112014514061,1,534,533
s112014514064,s112014514069,1,534,538
s112014514064,s112014514071,1,534,540
s112014514065,s112014514054,1,535,529
s112014514065,s112014514061,1,535,533
s112014514065,s112014514069,1,535,538
s112014514065,s112014514072,1,535,541
s112014514071,s112014514054,1,540,529
s112014514071,s112014514056,1,540,530
s112014514071,s112014514076,1,540,543
s112014514072,s112014514054,1,541,529
s112014514072,s112014514056,1,541,530
s112014514072,s112014514060,1,541,532
s112014514072,s112014514061,1,541,533
s112014514076,s112014514071,1,543,540
s112014514076,s112014514072,1,543,541
s112014514078,s112014514071,1,544,540
s112014514079,s112014514065,1,545,535
s112014516026,s112014516047,1,547,559
s112014516030,s112014516031,1,548,549
s112014516030,s112014516032,1,548,550
s112014516030,s112014516034,1,548,552
s112014516030,s112014516037,1,548,553
s112014516031,s112014516037,1,549,553
s112014516031,s112014516038,1,549,554
s112014516031,s112014516043,1,549,558
s112014516038,s112014516031,1,554,549
s112014516039,s112014516031,1,555,549
s112014516039,s112014516034,1,555,552
s112014516039,s112014516047,1,555,559
s112014516040,s112014516031,1,556,549
s112014516040,s112014516032,1,556,550
s112014516047,s112014516026,1,559,547
s112014516047,s112014516042,1,559,557
s112014516047,s112014516043,1,559,558
s112014516053,s112014516065,1,563,575
s112014516054,s112014516060,1,564,570
s112014516054,s112014516063,1,564,573
s112014516054,s113014516005,1,564,579
s112014516055,s113014516005,1,565,579
s112014516057,s113014516005,1,567,579
s112014516058,s112014516060,1,568,570
s112014516058,s112014516061,1,568,571
s112014516058,s112014516062,1,568,572
s112014516058,s112014516063,1,568,573
s112014516058,s113014516005,1,568,579
s112014516060,s112014516059,1,570,569
s112014516061,s112014516063,1,571,573
s112014516061,s112014516064,1,571,574
s112014516061,s113014516005,1,571,579
s112014516062,s112014516069,1,572,577
s112014516062,s113014516005,1,572,579
s112014516063,s112014516069,1,573,577
s112014516063,s113014516005,1,573,579
s112014516068,s112014516056,1,576,566
s112014516068,s112014516057,1,576,567
s112014516068,s112014516061,1,576,571
s112014516068,s113014516005,1,576,579
s112014516074,s113014516005,1,578,579
s112014517024,s112014517027,1,580,583
s112014517024,s112014517029,1,580,584
s112014517024,s112014517030,1,580,585
s112014517024,s112014517038,1,580,588
s112014517024,s112014517040,1,580,590
s112014517029,s112014517027,1,584,583
s112014517029,s112014517040,1,584,590
s112014517029,s112014517045,1,584,595
s112014517038,s112014517040,1,588,590
s112014517038,s112014517047,1,588,596
s112014517040,s112014517038,1,590,588
s112014517040,s112014517043,1,590,593
s112014517040,s112014517050,1,590,598
s112014517041,s112014517027,1,591,583
s112014517041,s112014517031,1,591,586
s112014517041,s112014517039,1,591,589
s112014517041,s112014517040,1,591,590
s112014517041,s112014517050,1,591,598
s112014517042,s112014517029,1,592,584
s112014517043,s112014517040,1,593,590
s112014517050,s112014517030,1,598,585
s112014517050,s112014517040,1,598,590
s112014517050,s112014517041,1,598,591
s112014517054,s112014517062,1,600,606
s112014517056,s112014517069,1,601,611
s112014517058,s112014517057,1,603,602
s112014517058,s112014517065,1,603,608
s112014517060,s112014517058,1,604,603
s112014517061,s112014517057,1,605,602
s112014517061,s112014517062,1,605,606
s112014517061,s112014517065,1,605,608
s112014517062,s112014517054,1,606,600
s112014517062,s112014517061,1,606,605
s112014517069,s112014517056,1,611,601
s112014517069,s112014517062,1,611,606
s112014517072,s112014517054,1,613,600
s112014517072,s112014517057,1,613,602
s112014517072,s112014517065,1,613,608
s112014517073,s112014517057,1,614,602
s112014517073,s112014517065,1,614,608
s112014517075,s112014517054,1,616,600
s112014517075,s112014517057,1,616,602
s112014517075,s112014517065,1,616,608
s112014517075,s112014517073,1,616,614
s112014517076,s112014517054,1,617,600
s112014517076,s112014517065,1,617,608
s112014517078,s112014517062,1,619,606
s112014518024,s112014518031,1,620,626
s112014518024,s112014518041,1,620,632
s112014518026,s112014518031,1,621,626
s112014518026,s112014518041,1,621,632
s112014518028,s112014518030,1,623,625
s112014518030,s112014518031,1,625,626
s112014518030,s112014518041,1,625,632
s112014518032,s112014518030,1,627,625
s112014518032,s112014518041,1,627,632
s112014518033,s112014518031,1,628,626
s112014518034,s112014518029,1,629,624
s112014518034,s112014518031,1,629,626
s112014518042,s112014518031,1,633,626
s112014518049,s112014518056,1,637,643
s112014518050,s113014518003,1,638,650
s112014518053,s112014518056,1,640,643
s112014518053,s112014518058,1,640,645
s112014518054,s112014518056,1,641,643
s112014518054,s113014518006,1,641,651
s112014518056,s112014518049,1,643,637
s112014518056,s112014518050,1,643,638
s112014518056,s112014518054,1,643,641
s112014518066,s112014518054,1,649,641
s112014518066,s112014518058,1,649,645
s112014518066,s112014518063,1,649,646
s112014524041,s112014524030,1,662,656
s112014524058,s112014524054,1,669,667
s112014524058,s112014524055,1,669,668
s112014524058,s112014524070,1,669,676
s112014524058,s112014524076,1,669,681
s112014524064,s112014524055,1,670,668
s112014524064,s112014524076,1,670,681
s112014524064,s112014524080,1,670,683
s112014524066,s112014524054,1,672,667
s112014524066,s112014524055,1,672,668
s112014524066,s112014524067,1,672,673
s112014524066,s112014524076,1,672,681
s112014524071,s112014524076,1,677,681
s112014524072,s112014524070,1,678,676
s112014524074,s112014524055,1,679,668
s112014524074,s112014524067,1,679,673
s112014524074,s112014524070,1,679,676
s112014524074,s112014524076,1,679,681
s112014524075,s112014524055,1,680,668
s112014524080,s112014524055,1,683,668
s112014524080,s112014524070,1,683,676
s112014524080,s112014524076,1,683,681
s112014525027,s112014525026,1,688,687
s112014525029,s112014525024,1,689,685
s112014525033,s112014525024,1,692,685
s112014525033,s112014525038,1,692,697
s112014525033,s112014525039,1,692,698
s112014525033,s112014525044,1,692,702
s112014525033,s112014525047,1,692,705
s112014525039,s112014525024,1,698,685
s112014525039,s112014525027,1,698,688
s112014525039,s112014525029,1,698,689
s112014525039,s112014525036,1,698,695
s112014525043,s112014525031,1,701,691
s112014525043,s112014525034,1,701,693
s112014525043,s112014525037,1,701,696
s112014525043,s112014525038,1,701,697
s112014525047,s112014525027,1,705,688
s112014525047,s112014525031,1,705,691
s112014525047,s112014525040,1,705,699
s112014525047,s112014525041,1,705,700
s112014525051,s112014525058,1,707,713
s112014525052,s112014525058,1,708,713
s112014525052,s112014525061,1,708,716
s112014525052,s112014525065,1,708,720
s112014525053,s112014525058,1,709,713
s112014525053,s112014525072,1,709,727
s112014525053,s112014525076,1,709,730
s112014525057,s112014525058,1,712,713
s112014525062,s112014525058,1,717,713
s112014525063,s112014525058,1,718,713
s112014525064,s112014525058,1,719,713
s112014525065,s112014525054,1,720,710
s112014525065,s112014525058,1,720,713
s112014525065,s112014525060,1,720,715
s112014525065,s112014525070,1,720,725
s112014525065,s112014525076,1,720,730
s112014525066,s112014525058,1,721,713
s112014525066,s112014525060,1,721,715
s112014525067,s112014525058,1,722,713
s112014525067,s112014525060,1,722,715
s112014525067,s112014525061,1,722,716
s112014525067,s112014525070,1,722,725
s112014525068,s112014525058,1,723,713
s112014525068,s112014525060,1,723,715
s112014525071,s112014525058,1,726,713
s112014525071,s112014525060,1,726,715
s112014525071,s112014525069,1,726,724
s112014525072,s112014525058,1,727,713
s112014525073,s112014525058,1,728,713
s112014525073,s112014525060,1,728,715
s112014525073,s112014525061,1,728,716
s112014525073,s112014525069,1,728,724
s112014525075,s112014525058,1,729,713
s112014525076,s112014525054,1,730,710
s112014525076,s112014525058,1,730,713
s112014525076,s112014525060,1,730,715
s112014525076,s112014525073,1,730,728
s112014525077,s112014525056,1,731,711
s112014525077,s112014525058,1,731,713
s112014525077,s112014525060,1,731,715
s112014525077,s112014525073,1,731,728
s112014531029,s112014531038,1,760,765
s112014531029,s112014531047,1,760,774
s112014531029,s112014531050,1,760,777
s112014531029,s112014531054,1,760,781
s112014531029,s112014531055,1,760,782
s112014531036,s112014531039,1,763,766
s112014531037,s112014531024,1,764,757
s112014531037,s112014531033,1,764,762
s112014531037,s112014531036,1,764,763
s112014531040,s112014531039,1,767,766
s112014531040,s112014531042,1,767,769
s112014531040,s112014531049,1,767,776
s112014531040,s112014531054,1,767,781
s112014531042,s112014531038,1,769,765
s112014531042,s112014531039,1,769,766
s112014531042,s112014531048,1,769,775
s112014531042,s112014531049,1,769,776
s112014531043,s112014531049,1,770,776
s112014531046,s112014531024,1,773,757
s112014531046,s112014531036,1,773,763
s112014531046,s112014531038,1,773,765
s112014531047,s112014531038,1,774,765
s112014531047,s112014531043,1,774,770
s112014531047,s112014531044,1,774,771
s112014531047,s112014531048,1,774,775
s112014531047,s112014531054,1,774,781
s112014531053,s112014531024,1,780,757
s112014531060,s112014531079,1,734,748
s112014531061,s112014531077,1,735,746
s112014531061,s112014531078,1,735,747
s112014531061,s112014531079,1,735,748
s112014531061,s112014531081,1,735,750
s112014531063,s112014531061,1,737,735
s112014531063,s112014531086,1,737,753
s112014531065,s112014531060,1,738,734
s112014531065,s112014531061,1,738,735
s112014531065,s112014531077,1,738,746
s112014531066,s112014531060,1,739,734
s112014531066,s112014531062,1,739,736
s112014531066,s112014531079,1,739,748
s112014531069,s112014531062,1,741,736
s112014531069,s112014531079,1,741,748
s112014531070,s112014531062,1,742,736
s112014531070,s112014531079,1,742,748
s112014531071,s112014531062,1,743,736
s112014531071,s112014531079,1,743,748
s112014531077,s112014531058,1,746,732
s112014531077,s112014531062,1,746,736
s112014531078,s112014531060,1,747,734
s112014531078,s112014531062,1,747,736
s112014531080,s112014531058,1,749,732
s112014531080,s112014531062,1,749,736
s112014531080,s112014531068,1,749,740
s112014531082,s112014531063,1,751,737
s112014531082,s112014531065,1,751,738
s112014531082,s112014531066,1,751,739
s112014531085,s112014531062,1,752,736
s112014531085,s112014531065,1,752,738
s112014531085,s112014531068,1,752,740
s112014531085,s112014531079,1,752,748
s112014531086,s112014531062,1,753,736
s112014531086,s112014531065,1,753,738
s112014531086,s112014531070,1,753,742
s112014531088,s112014531062,1,755,736
s112014531088,s112014531079,1,755,748
s112014531089,s112014531062,1,756,736
s112014531089,s112014531070,1,756,742
s112014531089,s112014531079,1,756,748
s112014555024,s112014555042,1,783,793
s112014555024,s112014555049,1,783,797
s112014555025,s112014555042,1,784,793
s112014555025,s112014555049,1,784,797
s112014555032,s112014555024,1,787,783
s112014555032,s112014555038,1,787,791
s112014555032,s112014555042,1,787,793
s112014555032,s112014555049,1,787,797
s112014555042,s112014555025,1,793,784
s112014555042,s112014555028,1,793,785
s112014555042,s112014555049,1,793,797
s112014555049,s112014555024,1,797,783
s112014555049,s112014555025,1,797,784
s112014555049,s112014555032,1,797,787
s112014555049,s112014555042,1,797,793
s112014555059,s112014555074,1,800,813
s112014555061,s112014555063,1,802,803
s112014555061,s112014555073,1,802,812
s112014555064,s112014555059,1,804,800
s112014555066,s112014555053,1,806,798
s112014555066,s112014555063,1,806,803
s112014555066,s112014555065,1,806,805
s112014559025,s112014559053,1,815,838
s112014559028,s112014559040,1,817,827
s112014559028,s112014559050,1,817,836
s112014559028,s112014559052,1,817,837
s112014559028,s112014559053,1,817,838
s112014559029,s112014559025,1,818,815
s112014559029,s112014559035,1,818,823
s112014559029,s112014559052,1,818,837
s112014559029,s112014559053,1,818,838
s112014559036,s112014559033,1,824,821
s112014559036,s112014559050,1,824,836
s112014559038,s112014559050,1,825,836
s112014559038,s112014559053,1,825,838
s112014559038,s112014559054,1,825,839
s112014559039,s112014559041,1,826,828
s112014559040,s112014559042,1,827,829
s112014559040,s112014559050,1,827,836
s112014559040,s112014559052,1,827,837
s112014559040,s112014559053,1,827,838
s112014559041,s112014559035,1,828,823
s112014559041,s112014559050,1,828,836
s112014559041,s112014559052,1,828,837
s112014559041,s112014559053,1,828,838
s112014559048,s112014559028,1,835,817
s112014559048,s112014559038,1,835,825
s112014559048,s112014559040,1,835,827
s112014559048,s112014559053,1,835,838
s112014559050,s112014559035,1,836,823
s112014559050,s112014559038,1,836,825
s112014559050,s112014559040,1,836,827
s112014559050,s112014559053,1,836,838
s112014559053,s112014559025,1,838,815
s112014559053,s112014559029,1,838,818
s112014559053,s112014559044,1,838,831
s112014559053,s112014559050,1,838,836
s112014559054,s112014559035,1,839,823
s112014559054,s112014559038,1,839,825
s112014559054,s112014559040,1,839,827
s112014559054,s112014559045,1,839,832
s112014559055,s112014559024,1,840,814
s112014559055,s112014559035,1,840,823
s112014559055,s112014559053,1,840,838
s112014559058,s112014559074,1,841,852
s112014559058,s112014559078,1,841,855
s112014559058,s112014559084,1,841,860
s112014559058,s112014559085,1,841,861
s112014559062,s112014559084,1,844,860
s112014559064,s112014559066,1,845,846
s112014559064,s112014559084,1,845,860
s112014559066,s112014559070,1,846,849
s112014559066,s112014559080,1,846,857
s112014559066,s112014559084,1,846,860
s112014559066,s112014559089,1,846,865
s112014559067,s112014559058,1,847,841
s112014559067,s112014559060,1,847,842
s112014559067,s112014559062,1,847,844
s112014559067,s112014559064,1,847,845
s112014559067,s112014559066,1,847,846
s112014559068,s112014559086,1,848,862
s112014559068,s112014559089,1,848,865
s112014559070,s112014559058,1,849,841
s112014559070,s112014559060,1,849,842
s112014559070,s112014559066,1,849,846
s112014559070,s112014559075,1,849,853
s112014559071,s112014559081,1,850,858
s112014559071,s112014559083,1,850,859
s112014559071,s112014559089,1,850,865
s112014559071,s112014559090,1,850,866
s112014559079,s112014559085,1,856,861
s112014559081,s112014559060,1,858,842
s112014559081,s112014559061,1,858,843
s112014559081,s112014559062,1,858,844
s112014559081,s112014559066,1,858,846
s112014559081,s112014559074,1,858,852
s112014559083,s112014559086,1,859,862
s112014559086,s112014559074,1,862,852
s112014559086,s112014559084,1,862,860
s112014560032,s112014560025,1,874,867
s112014560032,s112014560027,1,874,869
s112014560032,s112014560030,1,874,872
s112014560032,s112014560041,1,874,882
s112014560033,s112014560027,1,875,869
s112014560033,s112014560028,1,875,870
s112014560033,s112014560039,1,875,880
s112014560033,s112014560042,1,875,883
s112014560037,s112014560027,1,878,869
s112014560037,s112014560030,1,878,872
s112014560038,s112014560027,1,879,869
s112014560038,s112014560034,1,879,876
s112014560039,s112014560029,1,880,871
s112014560039,s112014560033,1,880,875
s112014560039,s112014560034,1,880,876
s112014560046,s112014560027,1,885,869
s112014560046,s112014560028,1,885,870
s112014560046,s112014560034,1,885,876
s112014560052,s112014560053,1,886,887
s112014560052,s112014560058,1,886,891
s112014560052,s112014560061,1,886,894
s112014560052,s112014560068,1,886,900
s112014560053,s112014560055,1,887,888
s112014560053,s112014560058,1,887,891
s112014560053,s112014560066,1,887,898
s112014560055,s112014560063,1,888,895
s112014560055,s112014560068,1,888,900
s112014560055,s112014560070,1,888,901
s112014560056,s112014560053,1,889,887
s112014560056,s112014560055,1,889,888
s112014560057,s112014560053,1,890,887
s112014560057,s112014560065,1,890,897
s112014560057,s112014560066,1,890,898
s112014560057,s112014560068,1,890,900
s112014560058,s112014560053,1,891,887
s112014560058,s112014560055,1,891,888
s112014560058,s112014560061,1,891,894
s112014560060,s112014560053,1,893,887
s112014560060,s112014560066,1,893,898
s112014560063,s112014560052,1,895,886
s112014560063,s112014560059,1,895,892
s112014560063,s112014560060,1,895,893
s112014560066,s112014560055,1,898,888
s112014560066,s112014560059,1,898,892
s112014560066,s112014560060,1,898,893
s112014560070,s112014560055,1,901,888
s112014560070,s112014560060,1,901,893
s112014560072,s112014560059,1,903,892
s112014566025,s112014566039,1,905,915
s112014566025,s112014566051,1,905,921
s112014566028,s112014566037,1,906,914
s112014566028,s112014566039,1,906,915
s112014566029,s112014566039,1,907,915
s112014566029,s112014566043,1,907,917
s112014566030,s112014566039,1,908,915
s112014566030,s112014566047,1,908,920
s112014566031,s112014566039,1,909,915
s112014566031,s112014566043,1,909,917
s112014566031,s112014566044,1,909,918
s112014566031,s112014566045,1,909,919
s112014566032,s112014566039,1,910,915
s112014566032,s112014566051,1,910,921
s112014566033,s112014566051,1,911,921
s112014566035,s112014566029,1,912,907
s112014566035,s112014566033,1,912,911
s112014566036,s112014566030,1,913,908
s112014566036,s112014566031,1,913,909
s112014566036,s112014566037,1,913,914
s112014566036,s112014566039,1,913,915
s112014566036,s112014566051,1,913,921
s112014566037,s112014566030,1,914,908
s112014566037,s112014566039,1,914,915
s112014566039,s112014566051,1,915,921
s112014566041,s112014566029,1,916,907
s112014566041,s112014566037,1,916,914
s112014566043,s112014566029,1,917,907
s112014566047,s112014566024,1,920,904
s112014566047,s112014566025,1,920,905
s112014566051,s112014566029,1,921,907
s112014566051,s112014566033,1,921,911
s112014566056,s112014566071,1,922,929
s112014566056,s112014566082,1,922,937
s112014566061,s112014566063,1,924,925
s112014566065,s112014566063,1,927,925
s112014566065,s112014566073,1,927,930
s112014566071,s112014566056,1,929,922
s112014566071,s112014566063,1,929,925
s112014566074,s112014566063,1,931,925
s112014566075,s112014566056,1,932,922
s112014566075,s112014566064,1,932,926
s112014566075,s112014566065,1,932,927
s112014566078,s112014566075,1,934,932
s112014566080,s112014566063,1,935,925
s112014566081,s112014566075,1,936,932
s112014566082,s112014566056,1,937,922
s112014566082,s112014566063,1,937,925
s112014566082,s112014566066,1,937,928
s112014576024,s112014576032,1,938,943
s112014576024,s113014576003,1,938,955
s112014576025,s112014576032,1,939,943
s112014576025,s112014576046,1,939,953
s112014576027,s112014576037,1,940,946
s112014576027,s113014576003,1,940,955
s112014576027,s113014576004,1,940,956
s112014576030,s112014576032,1,941,943
s112014576030,s113014576003,1,941,955
s112014576032,s112014576040,1,943,949
s112014576032,s112014576046,1,943,953
s112014576032,s112014576047,1,943,954
s112014576032,s113014576003,1,943,955
s112014576034,s112014576027,1,944,940
s112014576034,s112014576032,1,944,943
s112014576034,s112014576038,1,944,947
s112014576034,s112014576046,1,944,953
s112014576038,s112014576034,1,947,944
s112014576038,s113014576003,1,947,955
s112014576039,s112014576045,1,948,952
s112014576039,s112014576046,1,948,953
s112014576039,s113014576003,1,948,955
s112014576043,s112014576032,1,951,943
s112014576043,s113014576003,1,951,955
s112014576045,s112014576032,1,952,943
s112014576045,s113014576003,1,952,955
s112014576045,s113014576004,1,952,956
s112014576046,s112014576034,1,953,944
s112014576046,s113014576003,1,953,955
s112014576046,s113014576004,1,953,956
s112014576047,s112014576036,1,954,945
s112014576047,s113014576003,1,954,955
s112014576051,s112014576054,1,958,961
s112014576051,s112014576059,1,958,966
s112014576051,s112014576064,1,958,971
s112014576051,s112014576070,1,958,976
s112014576051,s112014576071,1,958,977
s112014576052,s112014576059,1,959,966
s112014576052,s112014576066,1,959,973
s112014576052,s112014576071,1,959,977
s112014576052,s112014576073,1,959,978
s112014576052,s112014576074,1,959,979
s112014576053,s112014576066,1,960,973
s112014576054,s112014576059,1,961,966
s112014576054,s112014576066,1,961,973
s112014576055,s112014576059,1,962,966
s112014576055,s112014576066,1,962,973
s112014576055,s112014576071,1,962,977
s112014576056,s112014576051,1,963,958
s112014576056,s112014576061,1,963,968
s112014576056,s112014576065,1,963,972
s112014576056,s112014576069,1,963,975
s112014576056,s112014576073,1,963,978
s112014576057,s112014576054,1,964,961
s112014576057,s112014576059,1,964,966
s112014576057,s112014576066,1,964,973
s112014576057,s112014576071,1,964,977
s112014576058,s112014576059,1,965,966
s112014576058,s112014576064,1,965,971
s112014576058,s112014576067,1,965,974
s112014576058,s112014576073,1,965,978
s112014576058,s113014576006,1,965,982
s112014576059,s112014576051,1,966,958
s112014576059,s112014576058,1,966,965
s112014576059,s112014576060,1,966,967
s112014576059,s112014576066,1,966,973
s112014576059,s112014576076,1,966,981
s112014576060,s112014576052,1,967,959
s112014576060,s112014576054,1,967,961
s112014576060,s112014576059,1,967,966
s112014576060,s112014576071,1,967,977
s112014576060,s112014576075,1,967,980
s112014576061,s112014576059,1,968,966
s112014576061,s112014576067,1,968,974
s112014576062,s112014576054,1,969,961
s112014576062,s112014576059,1,969,966
s112014576062,s112014576066,1,969,973
s112014576062,s112014576067,1,969,974
s112014576062,s112014576074,1,969,979
s112014576064,s112014576065,1,971,972
s112014576065,s112014576052,1,972,959
s112014576065,s112014576054,1,972,961
s112014576065,s112014576059,1,972,966
s112014576065,s112014576071,1,972,977
s112014576066,s112014576052,1,973,959
s112014576066,s112014576054,1,973,961
s112014576066,s112014576059,1,973,966
s112014576067,s112014576061,1,974,968
s112014576067,s112014576062,1,974,969
s112014576067,s112014576064,1,974,971
s112014576067,s112014576065,1,974,972
s112014576067,s112014576066,1,974,973
s112014576069,s112014576052,1,975,959
s112014576070,s112014576066,1,976,973
s112014576071,s112014576059,1,977,966
s112014576073,s112014576052,1,978,959
s112014576073,s112014576054,1,978,961
s112014576073,s112014576059,1,978,966
s112014576075,s112014576052,1,980,959
s112014576075,s112014576062,1,980,969
s112014576076,s112014576055,1,981,962
s112014576076,s112014576056,1,981,963
s112014576076,s112014576059,1,981,966
s112014576076,s112014576060,1,981,967
s112024503053,s112024503061,1,983,990
s112024503053,s112024503076,1,983,1003
s112024503053,s112024503079,1,983,1006
s112024503054,s112024503056,1,984,986
s112024503054,s112024503064,1,984,992
s112024503054,s112024503077,1,984,1004
s112024503057,s112024503067,1,987,995
s112024503057,s112024503068,1,987,996
s112024503057,s112024503072,1,987,999
s112024503057,s112024503077,1,987,1004
s112024503058,s112024503068,1,988,996
s112024503058,s112024503076,1,988,1003
s112024503058,s112024503077,1,988,1004
s112024503058,s112024503078,1,988,1005
s112024503059,s112024503053,1,989,983
s112024503061,s112024503053,1,990,983
s112024503064,s112024503053,1,992,983
s112024503067,s112024503069,1,995,997
s112024503067,s112024503070,1,995,998
s112024503067,s112024503072,1,995,999
s112024503067,s112024503076,1,995,1003
s112024503068,s112024503054,1,996,984
s112024503068,s112024503057,1,996,987
s112024503068,s112024503075,1,996,1002
s112024503068,s112024503076,1,996,1003
s112024503070,s112024503072,1,998,999
s112024503072,s112024503054,1,999,984
s112024503072,s112024503057,1,999,987
s112024503076,s112024503077,1,1003,1004
s112024503077,s112024503054,1,1004,984
s112024503077,s112024503057,1,1004,987
s112024503077,s112024503058,1,1004,988
s112024503077,s112024503075,1,1004,1002
s112024503079,s112024503053,1,1006,983
s112024503085,s112024503082,1,1008,1007
s112024503085,s112024503086,1,1008,1009
s112024503085,s112024503087,1,1008,1010
s112024503085,s112024503088,1,1008,1011
s112024503086,s112024503082,1,1009,1007
s112024503086,s112024503089,1,1009,1012
s112024503086,s112024503090,1,1009,1013
s112024503086,s112024503100,1,1009,1020
s112024503087,s112024503082,1,1010,1007
s112024503087,s112024503085,1,1010,1008
s112024503087,s112024503090,1,1010,1013
s112024503087,s112024503100,1,1010,1020
s112024503087,s112024503107,1,1010,1026
s112024503088,s112024503082,1,1011,1007
s112024503088,s112024503085,1,1011,1008
s112024503088,s112024503094,1,1011,1017
s112024503088,s112024503100,1,1011,1020
s112024503088,s112024503104,1,1011,1023
s112024503089,s112024503085,1,1012,1008
s112024503089,s112024503092,1,1012,1015
s112024503089,s112024503100,1,1012,1020
s112024503089,s112024503101,1,1012,1021
s112024503089,s112024503103,1,1012,1022
s112024503090,s112024503082,1,1013,1007
s112024503090,s112024503100,1,1013,1020
s112024503090,s112024503106,1,1013,1025
s112024503090,s112024503109,1,1013,1028
s112024503091,s112024503106,1,1014,1025
s112024503093,s112024503085,1,1016,1008
s112024503093,s112024503086,1,1016,1009
s112024503093,s112024503089,1,1016,1012
s112024503093,s112024503090,1,1016,1013
s112024503094,s112024503082,1,1017,1007
s112024503094,s112024503088,1,1017,1011
s112024503094,s112024503089,1,1017,1012
s112024503094,s112024503092,1,1017,1015
s112024503094,s112024503105,1,1017,1024
s112024503099,s112024503082,1,1019,1007
s112024503099,s112024503085,1,1019,1008
s112024503099,s112024503088,1,1019,1011
s112024503099,s112024503094,1,1019,1017
s112024503099,s112024503109,1,1019,1028
s112024503100,s112024503103,1,1020,1022
s112024503101,s112024503085,1,1021,1008
s112024503101,s112024503106,1,1021,1025
s112024503104,s112024503088,1,1023,1011
s112024503104,s112024503105,1,1023,1024
s112024503105,s112024503082,1,1024,1007
s112024503105,s112024503086,1,1024,1009
s112024503105,s112024503089,1,1024,1012
s112024503105,s112024503094,1,1024,1017
s112024503105,s112024503109,1,1024,1028
s112024503108,s112024503105,1,1027,1024
s112024503108,s112024503106,1,1027,1025
s112024503109,s112024503089,1,1028,1012
s112024503109,s112024503100,1,1028,1020
s112024503109,s112024503106,1,1028,1025
s112024507024,s112024507025,1,1029,1030
s112024507024,s112024507027,1,1029,1032
s112024507024,s112024507029,1,1029,1034
s112024507024,s112024507035,1,1029,1039
s112024507024,s112024507037,1,1029,1041
s112024507026,s112024507024,1,1031,1029
s112024507026,s112024507029,1,1031,1034
s112024507027,s112024507024,1,1032,1029
s112024507028,s112024507024,1,1033,1029
s112024507028,s112024507025,1,1033,1030
s112024507028,s112024507029,1,1033,1034
s112024507028,s112024507035,1,1033,1039
s112024507028,s112024507037,1,1033,1041
s112024507030,s112024507027,1,1035,1032
s112024507030,s112024507029,1,1035,1034
s112024507030,s112024507035,1,1035,1039
s112024507030,s112024507037,1,1035,1041
s112024507032,s112024507027,1,1037,1032
s112024507032,s112024507029,1,1037,1034
s112024507032,s112024507035,1,1037,1039
s112024507032,s112024507037,1,1037,1041
s112024507035,s112024507024,1,1039,1029
s112024507035,s112024507026,1,1039,1031
s112024507035,s112024507036,1,1039,1040
s112024507035,s112024507040,1,1039,1043
s112024507035,s112024507042,1,1039,1044
s112024507036,s112024507027,1,1040,1032
s112024507036,s112024507029,1,1040,1034
s112024507036,s112024507035,1,1040,1039
s112024507036,s112024507037,1,1040,1041
s112024507038,s112024507027,1,1042,1032
s112024507038,s112024507029,1,1042,1034
s112024507038,s112024507034,1,1042,1038
s112024507038,s112024507035,1,1042,1039
s112024507038,s112024507037,1,1042,1041
s112024507042,s112024507025,1,1044,1030
s112024507042,s112024507029,1,1044,1034
s112024507042,s112024507035,1,1044,1039
s112024507042,s112024507037,1,1044,1041
s112024507045,s112024507060,1,1046,1059
s112024507046,s112024507045,1,1047,1046
s112024507046,s112024507051,1,1047,1052
s112024507049,s112024507051,1,1050,1052
s112024507049,s112024507058,1,1050,1058
s112024507050,s112024507060,1,1051,1059
s112024507051,s112024507060,1,1052,1059
s112024507056,s112024507045,1,1057,1046
s112024507058,s112024507045,1,1058,1046
s112024507058,s112024507049,1,1058,1050
s112024507058,s112024507050,1,1058,1051
s112024507058,s112024507051,1,1058,1052
s112024507058,s112024507054,1,1058,1055
s112024507060,s112024507050,1,1059,1051
s112024507060,s112024507051,1,1059,1052
s112024507060,s112024507061,1,1059,1060
s112024507061,s112024507060,1,1060,1059
s112024523025,s112024523034,1,1063,1069
s112034348031,s112034348025,1,1087,1085
s112034348031,s112034348036,1,1087,1089
s112034348036,s112034348025,1,1089,1085
s112034348036,s112034348026,1,1089,1086
s112034348036,s112034348034,1,1089,1088
s112034348037,s112034348025,1,1090,1085
s112034348038,s112034348026,1,1091,1086
s112034348038,s112034348040,1,1091,1092
s112034348040,s112034348026,1,1092,1086
s112034348040,s112034348031,1,1092,1087
s112034348040,s112034348034,1,1092,1088
s112034348040,s113034348008,1,1092,1095
s112034348042,s112034348026,1,1093,1086
s112034348042,s113034348008,1,1093,1095
s112034348051,s112034348066,1,1070,1080
s112034348052,s112034348051,1,1071,1070
s112034348052,s112034348053,1,1071,1072
s112034348052,s112034348055,1,1071,1073
s112034348052,s112034348058,1,1071,1076
s112034348053,s112034348055,1,1072,1073
s112034348053,s112034348064,1,1072,1078
s112034348053,s112034348065,1,1072,1079
s112034348053,s112034348068,1,1072,1081
s112034348055,s112034348065,1,1073,1079
s112034348056,s112034348053,1,1074,1072
s112034348056,s112034348057,1,1074,1075
s112034348056,s113034348006,1,1074,1084
s112034348058,s112034348055,1,1076,1073
s112034348058,s112034348062,1,1076,1077
s112034348058,s112034348065,1,1076,1079
s112034348058,s113034348006,1,1076,1084
s112034348064,s112034348052,1,1078,1071
s112034348064,s112034348065,1,1078,1079
s112034348064,s113034348006,1,1078,1084
s112034348066,s112034348057,1,1080,1075
s112034348066,s112034348058,1,1080,1076
s112034348066,s112034348062,1,1080,1077
s112034348068,s112034348064,1,1081,1078
s112034348068,s112034348065,1,1081,1079
s112034348068,s113034348006,1,1081,1084
s112034502029,s112034502025,1,1101,1097
s112034502032,s112034502026,1,1104,1098
s112034502032,s112034502031,1,1104,1103
s112034502032,s112034502047,1,1104,1113
s112034502036,s112034502029,1,1108,1101
s112034502038,s112034502045,1,1109,1112
s112034502038,s112034502047,1,1109,1113
s112034502038,s112034502050,1,1109,1116
s112034502039,s112034502045,1,1110,1112
s112034502041,s112034502029,1,1111,1101
s112034502041,s112034502038,1,1111,1109
s112034502041,s112034502050,1,1111,1116
s112034502045,s112034502025,1,1112,1097
s112034502045,s112034502029,1,1112,1101
s112034502045,s112034502038,1,1112,1109
s112034502048,s112034502025,1,1114,1097
s112034502048,s112034502032,1,1114,1104
s112034502048,s112034502036,1,1114,1108
s112034502049,s112034502031,1,1115,1103
s112034502049,s112034502032,1,1115,1104
s112034502050,s112034502031,1,1116,1103
s112034502061,s112034502070,1,1122,1130
s112034502063,s112034502070,1,1124,1130
s112034502063,s112034502072,1,1124,1131
s112034502063,s112034502075,1,1124,1133
s112034502068,s112034502063,1,1128,1124
s112034502069,s112034502055,1,1129,1117
s112034502069,s112034502063,1,1129,1124
s112034502069,s112034502068,1,1129,1128
s112034502072,s112034502061,1,1131,1122
s112034502072,s112034502062,1,1131,1123
s112034502072,s112034502063,1,1131,1124
s112034502072,s112034502064,1,1131,1125
s112034502073,s112034502063,1,1132,1124
s112034502073,s112034502064,1,1132,1125
s112034502073,s112034502070,1,1132,1130
s112034502080,s112034502055,1,1136,1117
s112034502080,s112034502063,1,1136,1124
s112034502081,s112034502063,1,1137,1124
s112034502081,s112034502068,1,1137,1128
s112034502081,s112034502076,1,1137,1134
s112034502082,s112034502063,1,1138,1124
s112034502082,s112034502064,1,1138,1125
s112034502082,s112034502068,1,1138,1128
s112034502083,s112034502063,1,1139,1124
s112034502083,s112034502064,1,1139,1125
s112034502083,s112034502068,1,1139,1128
s112034506026,s112034506033,1,1141,1148
s112034506026,s112034506050,1,1141,1164
s112034506027,s112034506033,1,1142,1148
s112034506027,s112034506039,1,1142,1154
s112034506027,s112034506050,1,1142,1164
s112034506027,s113034506002,1,1142,1166
s112034506028,s112034506033,1,1143,1148
s112034506028,s112034506041,1,1143,1156
s112034506028,s112034506050,1,1143,1164
s112034506028,s113034506002,1,1143,1166
s112034506029,s112034506033,1,1144,1148
s112034506029,s112034506039,1,1144,1154
s112034506029,s112034506040,1,1144,1155
s112034506029,s112034506050,1,1144,1164
s112034506030,s112034506032,1,1145,1147
s112034506030,s112034506033,1,1145,1148
s112034506030,s112034506035,1,1145,1150
s112034506030,s112034506050,1,1145,1164
s112034506031,s112034506033,1,1146,1148
s112034506031,s112034506039,1,1146,1154
s112034506031,s112034506040,1,1146,1155
s112034506031,s112034506041,1,1146,1156
s112034506031,s112034506050,1,1146,1164
s112034506032,s112034506033,1,1147,1148
s112034506032,s112034506039,1,1147,1154
s112034506032,s112034506040,1,1147,1155
s112034506032,s112034506045,1,1147,1159
s112034506032,s112034506050,1,1147,1164
s112034506033,s112034506026,1,1148,1141
s112034506033,s112034506035,1,1148,1150
s112034506033,s113034506002,1,1148,1166
s112034506034,s112034506039,1,1149,1154
s112034506035,s112034506027,1,1150,1142
s112034506035,s112034506033,1,1150,1148
s112034506035,s112034506040,1,1150,1155
s112034506035,s112034506041,1,1150,1156
s112034506035,s112034506050,1,1150,1164
s112034506036,s112034506026,1,1151,1141
s112034506036,s112034506031,1,1151,1146
s112034506036,s112034506032,1,1151,1147
s112034506036,s112034506033,1,1151,1148
s112034506036,s112034506038,1,1151,1153
s112034506037,s112034506033,1,1152,1148
s112034506037,s112034506039,1,1152,1154
s112034506037,s112034506041,1,1152,1156
s112034506037,s112034506050,1,1152,1164
s112034506037,s112034506051,1,1152,1165
s112034506038,s112034506040,1,1153,1155
s112034506038,s112034506041,1,1153,1156
s112034506038,s112034506050,1,1153,1164
s112034506039,s112034506026,1,1154,1141
s112034506039,s112034506033,1,1154,1148
s112034506039,s112034506041,1,1154,1156
s112034506039,s113034506002,1,1154,1166
s112034506041,s112034506024,1,1156,1140
s112034506041,s112034506033,1,1156,1148
s112034506041,s112034506035,1,1156,1150
s112034506041,s112034506050,1,1156,1164
s112034506041,s113034506002,1,1156,1166
s112034506045,s112034506026,1,1159,1141
s112034506045,s112034506032,1,1159,1147
s112034506045,s112034506033,1,1159,1148
s112034506045,s112034506035,1,1159,1150
s112034506045,s112034506038,1,1159,1153
s112034506048,s112034506027,1,1162,1142
s112034506048,s112034506039,1,1162,1154
s112034506048,s112034506041,1,1162,1156
s112034506048,s112034506050,1,1162,1164
s112034506048,s113034506002,1,1162,1166
s112034506049,s112034506033,1,1163,1148
s112034506049,s113034506002,1,1163,1166
s112034508024,s112034508030,1,1167,1172
s112034508024,s112034508032,1,1167,1173
s112034508024,s112034508034,1,1167,1174
s112034508027,s112034508032,1,1169,1173
s112034508027,s112034508040,1,1169,1180
s112034508028,s112034508032,1,1170,1173
s112034508028,s112034508038,1,1170,1178
s112034508028,s112034508040,1,1170,1180
s112034508029,s112034508032,1,1171,1173
s112034508030,s112034508027,1,1172,1169
s112034508030,s112034508032,1,1172,1173
s112034508030,s112034508040,1,1172,1180
s112034508030,s112034508047,1,1172,1186
s112034508034,s112034508027,1,1174,1169
s112034508034,s112034508032,1,1174,1173
s112034508035,s112034508030,1,1175,1172
s112034508035,s112034508032,1,1175,1173
s112034508035,s112034508037,1,1175,1177
s112034508035,s112034508045,1,1175,1184
s112034508035,s112034508047,1,1175,1186
s112034508036,s112034508032,1,1176,1173
s112034508037,s112034508032,1,1177,1173
s112034508037,s112034508038,1,1177,1178
s112034508037,s112034508040,1,1177,1180
s112034508037,s112034508045,1,1177,1184
s112034508038,s112034508030,1,1178,1172
s112034508038,s112034508032,1,1178,1173
s112034508038,s112034508047,1,1178,1186
s112034508039,s112034508030,1,1179,1172
s112034508039,s112034508032,1,1179,1173
s112034508039,s112034508045,1,1179,1184
s112034508040,s112034508047,1,1180,1186
s112034508043,s112034508032,1,1182,1173
s112034508043,s112034508040,1,1182,1180
s112034508044,s112034508027,1,1183,1169
s112034508044,s112034508030,1,1183,1172
s112034508044,s112034508032,1,1183,1173
s112034508044,s112034508045,1,1183,1184
s112034508044,s112034508047,1,1183,1186
s112034508045,s112034508032,1,1184,1173
s112034508046,s112034508032,1,1185,1173
s112034508046,s112034508040,1,1185,1180
s112034508046,s112034508047,1,1185,1186
s112034508047,s112034508040,1,1186,1180
s112034508047,s112034508044,1,1186,1183
s112034508047,s112034508045,1,1186,1184
s112034508048,s112034508032,1,1187,1173
s112034508049,s112034508030,1,1188,1172
s112034508049,s112034508032,1,1188,1173
s112034508049,s112034508040,1,1188,1180
s112034508049,s112034508047,1,1188,1186
s112034508051,s112034508027,1,1190,1169
s112034508051,s112034508032,1,1190,1173
s112034508057,s112034508059,1,1193,1195
s112034508057,s112034508060,1,1193,1196
s112034508060,s112034508054,1,1196,1191
s112034508060,s112034508055,1,1196,1192
s112034508060,s112034508066,1,1196,1198
s112034508061,s112034508055,1,1197,1192
s112034508066,s112034508055,1,1198,1192
s112034508066,s112034508067,1,1198,1199
s112034508070,s112034508055,1,1200,1192
s112034508070,s112034508066,1,1200,1198
s112034508071,s112034508055,1,1201,1192
s112034508071,s112034508066,1,1201,1198
s112034508071,s112034508077,1,1201,1207
s112034508072,s112034508055,1,1202,1192
s112034508073,s112034508055,1,1203,1192
s112034508073,s112034508066,1,1203,1198
s112034508074,s112034508055,1,1204,1192
s112034508074,s112034508066,1,1204,1198
s112034508074,s112034508067,1,1204,1199
s112034508075,s112034508055,1,1205,1192
s112034508075,s112034508066,1,1205,1198
s112034508075,s112034508077,1,1205,1207
s112034508076,s112034508055,1,1206,1192
s112034508076,s112034508066,1,1206,1198
s112034508077,s112034508055,1,1207,1192
s112034508079,s112034508055,1,1209,1192
s112034513024,s112034513026,1,1211,1213
s112034513024,s112034513031,1,1211,1218
s112034513024,s112034513045,1,1211,1228
s112034513024,s112034513049,1,1211,1231
s112034513025,s112034513035,1,1212,1220
s112034513027,s112034513026,1,1214,1213
s112034513027,s112034513039,1,1214,1223
s112034513027,s112034513049,1,1214,1231
s112034513028,s112034513026,1,1215,1213
s112034513028,s112034513042,1,1215,1225
s112034513029,s112034513035,1,1216,1220
s112034513029,s112034513037,1,1216,1221
s112034513029,s112034513049,1,1216,1231
s112034513030,s112034513049,1,1217,1231
s112034513035,s112034513039,1,1220,1223
s112034513035,s112034513049,1,1220,1231
s112034513038,s112034513031,1,1222,1218
s112034513038,s112034513039,1,1222,1223
s112034513040,s112034513026,1,1224,1213
s112034513040,s112034513031,1,1224,1218
s112034513040,s112034513035,1,1224,1220
s112034513040,s112034513039,1,1224,1223
s112034513040,s112034513049,1,1224,1231
s112034513042,s112034513039,1,1225,1223
s112034513042,s112034513049,1,1225,1231
s112034513044,s112034513035,1,1227,1220
s112034513044,s112034513049,1,1227,1231
s112034513045,s112034513031,1,1228,1218
s112034513045,s112034513035,1,1228,1220
s112034513045,s112034513049,1,1228,1231
s112034513046,s112034513026,1,1229,1213
s112034513046,s112034513031,1,1229,1218
s112034513046,s112034513035,1,1229,1220
s112034513046,s112034513039,1,1229,1223
s112034513047,s112034513029,1,1230,1216
s112034513049,s112034513026,1,1231,1213
s112034513049,s112034513039,1,1231,1223
s112034513049,s112034513044,1,1231,1227
s112034513051,s112034513026,1,1232,1213
s112034513051,s112034513037,1,1232,1221
s112034513051,s112034513039,1,1232,1223
s112034513051,s112034513049,1,1232,1231
s112034513054,s112034513061,1,1234,1240
s112034513056,s112034513061,1,1235,1240
s112034513056,s112034513064,1,1235,1243
s112034513056,s112034513068,1,1235,1246
s112034513056,s112034513069,1,1235,1247
s112034513058,s112034513070,1,1237,1248
s112034513058,s112034513071,1,1237,1249
s112034513059,s112034513061,1,1238,1240
s112034513061,s112034513063,1,1240,1242
s112034513061,s112034513064,1,1240,1243
s112034513061,s112034513068,1,1240,1246
s112034513061,s112034513070,1,1240,1248
s112034513061,s112034513071,1,1240,1249
s112034513063,s112034513061,1,1242,1240
s112034513064,s112034513061,1,1243,1240
s112034513064,s112034513068,1,1243,1246
s112034513064,s112034513069,1,1243,1247
s112034513064,s112034513070,1,1243,1248
s112034513064,s112034513071,1,1243,1249
s112034513066,s112034513070,1,1245,1248
s112034513066,s112034513071,1,1245,1249
s112034513068,s112034513061,1,1246,1240
s112034513068,s112034513070,1,1246,1248
s112034513068,s112034513071,1,1246,1249
s112034513070,s112034513063,1,1248,1242
s112034513070,s112034513068,1,1248,1246
s112034513073,s112034513064,1,1250,1243
s112034513073,s112034513068,1,1250,1246
s112034513073,s112034513070,1,1250,1248
s112034513073,s112034513071,1,1250,1249
s112034513074,s112034513061,1,1251,1240
s112034513075,s112034513061,1,1252,1240
s112034513075,s112034513063,1,1252,1242
s112034513075,s112034513068,1,1252,1246
s112034513075,s112034513070,1,1252,1248
s112034513075,s112034513071,1,1252,1249
s112034513078,s112034513069,1,1255,1247
s112034517027,s112034517040,1,1257,1265
s112034517029,s112034517045,1,1258,1270
s112034517029,s112034517050,1,1258,1275
s112034517029,s112034517053,1,1258,1277
s112034517032,s112034517029,1,1259,1258
s112034517032,s112034517045,1,1259,1270
s112034517032,s112034517050,1,1259,1275
s112034517032,s112034517053,1,1259,1277
s112034517033,s112034517036,1,1260,1262
s112034517033,s112034517050,1,1260,1275
s112034517037,s112034517036,1,1263,1262
s112034517039,s112034517027,1,1264,1257
s112034517039,s112034517032,1,1264,1259
s112034517040,s112034517027,1,1265,1257
s112034517040,s112034517049,1,1265,1274
s112034517041,s112034517027,1,1266,1257
s112034517041,s112034517036,1,1266,1262
s112034517042,s112034517027,1,1267,1257
s112034517042,s112034517036,1,1267,1262
s112034517043,s112034517036,1,1268,1262
s112034517043,s112034517050,1,1268,1275
s112034517044,s112034517050,1,1269,1275
s112034517045,s112034517050,1,1270,1275
s112034517047,s112034517050,1,1272,1275
s112034517047,s112034517053,1,1272,1277
s112034517048,s112034517043,1,1273,1268
s112034517048,s112034517045,1,1273,1270
s112034517048,s112034517050,1,1273,1275
s112034517048,s112034517053,1,1273,1277
s112034517052,s112034517036,1,1276,1262
s112034517053,s112034517045,1,1277,1270
s112034517053,s112034517050,1,1277,1275
s112034517054,s112034517029,1,1278,1258
s112034517054,s112034517032,1,1278,1259
s112034517054,s112034517053,1,1278,1277
s112034517057,s112034517060,1,1279,1281
s112034517057,s112034517064,1,1279,1284
s112034517057,s112034517073,1,1279,1291
s112034517061,s112034517060,1,1282,1281
s112034517061,s112034517070,1,1282,1288
s112034517061,s112034517071,1,1282,1289
s112034517061,s112034517073,1,1282,1291
s112034517062,s112034517070,1,1283,1288
s112034517062,s112034517071,1,1283,1289
s112034517062,s112034517073,1,1283,1291
s112034517062,s112034517079,1,1283,1297
s112034517064,s112034517073,1,1284,1291
s112034517064,s112034517078,1,1284,1296
s112034517065,s112034517073,1,1285,1291
s112034517069,s112034517060,1,1287,1281
s112034517069,s112034517064,1,1287,1284
s112034517069,s112034517073,1,1287,1291
s112034517069,s112034517085,1,1287,1302
s112034517070,s112034517062,1,1288,1283
s112034517070,s112034517071,1,1288,1289
s112034517070,s112034517073,1,1288,1291
s112034517070,s112034517078,1,1288,1296
s112034517071,s112034517060,1,1289,1281
s112034517071,s112034517062,1,1289,1283
s112034517071,s112034517073,1,1289,1291
s112034517072,s112034517071,1,1290,1289
s112034517072,s112034517073,1,1290,1291
s112034517072,s112034517078,1,1290,1296
s112034517072,s112034517085,1,1290,1302
s112034517073,s112034517062,1,1291,1283
s112034517073,s112034517064,1,1291,1284
s112034517073,s112034517070,1,1291,1288
s112034517073,s112034517078,1,1291,1296
s112034517073,s112034517079,1,1291,1297
s112034517074,s112034517073,1,1292,1291
s112034517075,s112034517060,1,1293,1281
s112034517075,s112034517062,1,1293,1283
s112034517075,s112034517064,1,1293,1284
s112034517075,s112034517078,1,1293,1296
s112034517076,s112034517070,1,1294,1288
s112034517076,s112034517071,1,1294,1289
s112034517076,s112034517073,1,1294,1291
s112034517077,s112034517069,1,1295,1287
s112034517077,s112034517070,1,1295,1288
s112034517077,s112034517071,1,1295,1289
s112034517077,s112034517073,1,1295,1291
s112034517078,s112034517064,1,1296,1284
s112034517078,s112034517070,1,1296,1288
s112034517078,s112034517073,1,1296,1291
s112034517078,s112034517085,1,1296,1302
s112034517079,s112034517065,1,1297,1285
s112034517079,s112034517070,1,1297,1288
s112034517079,s112034517073,1,1297,1291
s112034517080,s112034517059,1,1298,1280
s112034517080,s112034517070,1,1298,1288
s112034517080,s112034517071,1,1298,1289
s112034517080,s112034517073,1,1298,1291
s112034517083,s112034517060,1,1300,1281
s112034517083,s112034517064,1,1300,1284
s112034517083,s112034517070,1,1300,1288
s112034517083,s112034517073,1,1300,1291
s112034517083,s112034517078,1,1300,1296
s112034517084,s112034517060,1,1301,1281
s112034517084,s112034517064,1,1301,1284
s112034517084,s112034517071,1,1301,1289
s112034517084,s112034517073,1,1301,1291
s112034517085,s112034517060,1,1302,1281
s112034517085,s112034517064,1,1302,1284
s112034517085,s112034517071,1,1302,1289
s112034517085,s112034517073,1,1302,1291
s112034517085,s112034517078,1,1302,1296
s112034518024,s112034518035,1,1303,1311
s112034518029,s112034518035,1,1306,1311
s112034518029,s112034518046,1,1306,1316
s112034518032,s112034518029,1,1309,1306
s112034518035,s112034518028,1,1311,1305
s112034518035,s112034518029,1,1311,1306
s112034518035,s112034518047,1,1311,1317
s112034518036,s112034518032,1,1312,1309
s112034518036,s112034518035,1,1312,1311
s112034518040,s112034518024,1,1313,1303
s112034518040,s112034518030,1,1313,1307
s112034518040,s112034518032,1,1313,1309
s112034518040,s112034518041,1,1313,1314
s112034518043,s112034518032,1,1315,1309
s112034518043,s112034518041,1,1315,1314
s112034518047,s112034518035,1,1317,1311
s112034518055,s112034518067,1,1323,1329
s112034518055,s112034518069,1,1323,1331
s112034518055,s112034518070,1,1323,1332
s112034518057,s112034518070,1,1324,1332
s112034518057,s112034518072,1,1324,1333
s112034518057,s112034518075,1,1324,1334
s112034518057,s112034518076,1,1324,1335
s112034518058,s112034518070,1,1325,1332
s112034518059,s112034518058,1,1326,1325
s112034518060,s112034518057,1,1327,1324
s112034518062,s112034518058,1,1328,1325
s112034518067,s112034518054,1,1329,1322
s112034518067,s112034518057,1,1329,1324
s112034518067,s112034518058,1,1329,1325
s112034518067,s112034518062,1,1329,1328
s112034518067,s112034518076,1,1329,1335
s112034518070,s112034518054,1,1332,1322
s112034518070,s112034518057,1,1332,1324
s112034518070,s112034518081,1,1332,1338
s112034518072,s112034518054,1,1333,1322
s112034518072,s112034518058,1,1333,1325
s112034518072,s112034518062,1,1333,1328
s112034518072,s112034518075,1,1333,1334
s112034518075,s112034518055,1,1334,1323
s112034518075,s112034518057,1,1334,1324
s112034518075,s112034518058,1,1334,1325
s112034518075,s112034518068,1,1334,1330
s112034518075,s112034518072,1,1334,1333
s112034518076,s112034518057,1,1335,1324
s112034518076,s112034518062,1,1335,1328
s112034518076,s112034518081,1,1335,1338
s112034518081,s112034518058,1,1338,1325
s112034518081,s112034518062,1,1338,1328
s112034518081,s112034518075,1,1338,1334
s112034518081,s112034518076,1,1338,1335
s112034524024,s112034524029,1,1367,1371
s112034524026,s112034524024,1,1368,1367
s112034524026,s112034524030,1,1368,1372
s112034524026,s112034524034,1,1368,1376
s112034524026,s112034524040,1,1368,1381
s112034524026,s112034524042,1,1368,1383
s112034524027,s112034524029,1,1369,1371
s112034524027,s112034524033,1,1369,1375
s112034524027,s112034524042,1,1369,1383
s112034524027,s112034524043,1,1369,1384
s112034524027,s112034524045,1,1369,1386
s112034524029,s112034524033,1,1371,1375
s112034524029,s112034524042,1,1371,1383
s112034524032,s112034524029,1,1374,1371
s112034524032,s112034524039,1,1374,1380
s112034524032,s112034524042,1,1374,1383
s112034524032,s112034524050,1,1374,1391
s112034524035,s112034524042,1,1377,1383
s112034524036,s112034524024,1,1378,1367
s112034524036,s112034524029,1,1378,1371
s112034524036,s112034524042,1,1378,1383
s112034524036,s112034524045,1,1378,1386
s112034524037,s112034524024,1,1379,1367
s112034524037,s112034524029,1,1379,1371
s112034524037,s112034524042,1,1379,1383
s112034524037,s112034524050,1,1379,1391
s112034524040,s112034524024,1,1381,1367
s112034524040,s112034524029,1,1381,1371
s112034524040,s112034524034,1,1381,1376
s112034524040,s112034524042,1,1381,1383
s112034524040,s112034524043,1,1381,1384
s112034524041,s112034524024,1,1382,1367
s112034524041,s112034524029,1,1382,1371
s112034524041,s112034524033,1,1382,1375
s112034524041,s112034524042,1,1382,1383
s112034524042,s112034524030,1,1383,1372
s112034524042,s112034524037,1,1383,1379
s112034524043,s112034524033,1,1384,1375
s112034524043,s112034524036,1,1384,1378
s112034524043,s112034524037,1,1384,1379
s112034524043,s112034524041,1,1384,1382
s112034524043,s112034524042,1,1384,1383
s112034524046,s112034524024,1,1387,1367
s112034524046,s112034524042,1,1387,1383
s112034524046,s112034524050,1,1387,1391
s112034524048,s112034524043,1,1389,1384
s112034524048,s112034524046,1,1389,1387
s112034524053,s112034524059,1,1340,1345
s112034524053,s112034524063,1,1340,1349
s112034524053,s112034524065,1,1340,1351
s112034524053,s112034524073,1,1340,1359
s112034524053,s112034524074,1,1340,1360
s112034524055,s112034524073,1,1341,1359
s112034524056,s112034524073,1,1342,1359
s112034524057,s112034524079,1,1343,1365
s112034524058,s112034524059,1,1344,1345
s112034524059,s112034524063,1,1345,1349
s112034524059,s112034524069,1,1345,1355
s112034524059,s112034524071,1,1345,1357
s112034524059,s112034524072,1,1345,1358
s112034524060,s112034524073,1,1346,1359
s112034524060,s112034524078,1,1346,1364
s112034524060,s112034524079,1,1346,1365
s112034524062,s112034524059,1,1348,1345
s112034524062,s112034524067,1,1348,1353
s112034524062,s112034524068,1,1348,1354
s112034524062,s112034524073,1,1348,1359
s112034524062,s112034524074,1,1348,1360
s112034524063,s112034524058,1,1349,1344
s112034524063,s112034524060,1,1349,1346
s112034524063,s112034524065,1,1349,1351
s112034524063,s112034524079,1,1349,1365
s112034524064,s112034524071,1,1350,1357
s112034524064,s112034524073,1,1350,1359
s112034524064,s112034524077,1,1350,1363
s112034524064,s112034524079,1,1350,1365
s112034524065,s112034524055,1,1351,1341
s112034524065,s112034524057,1,1351,1343
s112034524065,s112034524069,1,1351,1355
s112034524065,s112034524070,1,1351,1356
s112034524065,s112034524077,1,1351,1363
s112034524067,s112034524073,1,1353,1359
s112034524067,s112034524079,1,1353,1365
s112034524068,s112034524079,1,1354,1365
s112034524071,s112034524069,1,1357,1355
s112034524071,s112034524073,1,1357,1359
s112034524071,s112034524074,1,1357,1360
s112034524071,s112034524077,1,1357,1363
s112034524072,s112034524065,1,1358,1351
s112034524072,s112034524069,1,1358,1355
s112034524072,s112034524073,1,1358,1359
s112034524072,s112034524074,1,1358,1360
s112034524072,s112034524077,1,1358,1363
s112034524073,s112034524065,1,1359,1351
s112034524073,s112034524071,1,1359,1357
s112034524073,s112034524072,1,1359,1358
s112034524073,s112034524078,1,1359,1364
s112034524073,s112034524079,1,1359,1365
s112034524074,s112034524065,1,1360,1351
s112034524074,s112034524079,1,1360,1365
s112034524075,s112034524058,1,1361,1344
s112034524075,s112034524065,1,1361,1351
s112034524076,s112034524058,1,1362,1344
s112034524076,s112034524065,1,1362,1351
s112034524076,s112034524071,1,1362,1357
s112034524076,s112034524079,1,1362,1365
s112034524077,s112034524071,1,1363,1357
s112034524077,s112034524079,1,1363,1365
s112034524078,s112034524056,1,1364,1342
s112034524078,s112034524058,1,1364,1344
s112034524078,s112034524059,1,1364,1345
s112034524078,s112034524065,1,1364,1351
s112034524078,s112034524073,1,1364,1359
s112034524079,s112034524057,1,1365,1343
s112034524079,s112034524060,1,1365,1346
s112034524079,s112034524069,1,1365,1355
s112034524079,s112034524073,1,1365,1359
s112034524079,s112034524077,1,1365,1363
s112034524080,s112034524058,1,1366,1344
s112034524080,s112034524060,1,1366,1346
s112034524080,s112034524065,1,1366,1351
s112034527026,s112034527024,1,1394,1392
s112034527026,s112034527027,1,1394,1395
s112034527026,s112034527032,1,1394,1399
s112034527026,s112034527046,1,1394,1412
s112034527027,s112034527024,1,1395,1392
s112034527027,s112034527026,1,1395,1394
s112034527027,s112034527046,1,1395,1412
s112034527027,s112034527050,1,1395,1416
s112034527027,s113034527003,1,1395,1417
s112034527029,s112034527027,1,1396,1395
s112034527029,s112034527035,1,1396,1402
s112034527029,s112034527050,1,1396,1416
s112034527031,s112034527027,1,1398,1395
s112034527031,s112034527032,1,1398,1399
s112034527031,s112034527035,1,1398,1402
s112034527031,s112034527039,1,1398,1406
s112034527031,s112034527050,1,1398,1416
s112034527032,s112034527027,1,1399,1395
s112034527032,s112034527050,1,1399,1416
s112034527033,s112034527035,1,1400,1402
s112034527034,s112034527027,1,1401,1395
s112034527034,s112034527035,1,1401,1402
s112034527034,s112034527050,1,1401,1416
s112034527035,s112034527027,1,1402,1395
s112034527035,s112034527033,1,1402,1400
s112034527035,s112034527040,1,1402,1407
s112034527035,s112034527050,1,1402,1416
s112034527037,s112034527024,1,1404,1392
s112034527037,s112034527035,1,1404,1402
s112034527040,s112034527027,1,1407,1395
s112034527040,s112034527035,1,1407,1402
s112034527041,s112034527027,1,1408,1395
s112034527041,s112034527035,1,1408,1402
s112034527041,s112034527050,1,1408,1416
s112034527042,s112034527027,1,1409,1395
s112034527046,s112034527027,1,1412,1395
s112034527047,s112034527027,1,1413,1395
s112034527052,s112034527063,1,1419,1427
s112034527052,s112034527066,1,1419,1429
s112034527052,s112034527078,1,1419,1440
s112034527053,s112034527059,1,1420,1425
s112034527053,s112034527069,1,1420,1431
s112034527053,s112034527074,1,1420,1436
s112034527053,s112034527075,1,1420,1437
s112034527053,s112034527078,1,1420,1440
s112034527058,s112034527066,1,1424,1429
s112034527059,s112034527053,1,1425,1420
s112034527059,s112034527066,1,1425,1429
s112034527059,s112034527067,1,1425,1430
s112034527060,s112034527053,1,1426,1420
s112034527060,s112034527059,1,1426,1425
s112034527060,s112034527066,1,1426,1429
s112034527060,s112034527069,1,1426,1431
s112034527063,s112034527053,1,1427,1420
s112034527063,s112034527059,1,1427,1425
s112034527063,s112034527066,1,1427,1429
s112034527063,s112034527069,1,1427,1431
s112034527066,s112034527053,1,1429,1420
s112034527066,s112034527059,1,1429,1425
s112034527066,s112034527065,1,1429,1428
s112034527066,s112034527067,1,1429,1430
s112034527074,s112034527053,1,1436,1420
s112034527074,s112034527066,1,1436,1429
s112034527076,s112034527053,1,1438,1420
s112034527076,s112034527059,1,1438,1425
s112034527076,s112034527063,1,1438,1427
s112034527076,s112034527066,1,1438,1429
s112034527077,s112034527053,1,1439,1420
s112034527077,s112034527059,1,1439,1425
s112034527077,s112034527063,1,1439,1427
s112034527077,s112034527066,1,1439,1429
s112034527078,s112034527053,1,1440,1420
s112034527078,s112034527063,1,1440,1427
s112034527078,s112034527066,1,1440,1429
s112034527080,s112034527053,1,1441,1420
s112034527080,s112034527059,1,1441,1425
s112034527080,s112034527063,1,1441,1427
s112034527080,s112034527066,1,1441,1429
s112034543024,s113034543003,1,1442,1460
s112034543029,s112034543027,1,1447,1445
s112034543029,s112034543031,1,1447,1448
s112034543031,s112034543027,1,1448,1445
s112034543031,s112034543033,1,1448,1449
s112034543031,s113034543003,1,1448,1460
s112034543034,s112034543031,1,1450,1448
s112034543034,s113034543003,1,1450,1460
s112034543040,s112034543027,1,1454,1445
s112034543040,s113034543003,1,1454,1460
s112034543042,s112034543027,1,1455,1445
s112034543042,s112034543033,1,1455,1449
s112034543042,s112034543034,1,1455,1450
s112034543042,s113034543003,1,1455,1460
s112034543044,s112034543027,1,1457,1445
s112034543044,s113034543003,1,1457,1460
s112034543045,s112034543027,1,1458,1445
s112034543045,s113034543003,1,1458,1460
s112034543053,s112034543059,1,1461,1466
s112034543053,s112034543063,1,1461,1468
s112034543053,s112034543072,1,1461,1476
s112034543056,s112034543063,1,1463,1468
s112034543058,s112034543054,1,1465,1462
s112034543058,s112034543059,1,1465,1466
s112034543058,s112034543063,1,1465,1468
s112034543058,s112034543079,1,1465,1480
s112034543059,s112034543053,1,1466,1461
s112034543059,s112034543054,1,1466,1462
s112034543059,s112034543058,1,1466,1465
s112034543061,s112034543059,1,1467,1466
s112034543061,s112034543072,1,1467,1476
s112034543063,s112034543053,1,1468,1461
s112034543063,s112034543056,1,1468,1463
s112034543063,s112034543058,1,1468,1465
s112034543063,s112034543059,1,1468,1466
s112034543065,s112034543059,1,1470,1466
s112034543065,s112034543072,1,1470,1476
s112034543068,s112034543059,1,1473,1466
s112034543068,s112034543063,1,1473,1468
s112034554024,s112034554025,1,1502,1503
s112034554024,s112034554036,1,1502,1512
s112034554024,s112034554049,1,1502,1525
s112034554025,s112034554036,1,1503,1512
s112034554025,s112034554039,1,1503,1515
s112034554025,s112034554043,1,1503,1519
s112034554025,s112034554049,1,1503,1525
s112034554026,s112034554036,1,1504,1512
s112034554027,s112034554036,1,1505,1512
s112034554030,s112034554025,1,1507,1503
s112034554030,s112034554027,1,1507,1505
s112034554031,s112034554032,1,1508,1509
s112034554031,s112034554036,1,1508,1512
s112034554032,s112034554025,1,1509,1503
s112034554032,s112034554036,1,1509,1512
s112034554032,s112034554039,1,1509,1515
s112034554033,s112034554036,1,1510,1512
s112034554034,s112034554036,1,1511,1512
s112034554036,s112034554026,1,1512,1504
s112034554036,s112034554033,1,1512,1510
s112034554038,s112034554033,1,1514,1510
s112034554038,s112034554034,1,1514,1511
s112034554038,s112034554036,1,1514,1512
s112034554038,s112034554039,1,1514,1515
s112034554039,s112034554036,1,1515,1512
s112034554039,s112034554041,1,1515,1517
s112034554039,s112034554042,1,1515,1518
s112034554039,s112034554049,1,1515,1525
s112034554041,s112034554036,1,1517,1512
s112034554041,s112034554037,1,1517,1513
s112034554041,s112034554039,1,1517,1515
s112034554042,s112034554036,1,1518,1512
s112034554044,s112034554031,1,1520,1508
s112034554044,s112034554033,1,1520,1510
s112034554044,s112034554043,1,1520,1519
s112034554046,s112034554036,1,1522,1512
s112034554047,s112034554036,1,1523,1512
s112034554048,s112034554039,1,1524,1515
s112034554049,s112034554024,1,1525,1502
s112034554053,s112034554054,1,1481,1482
s112034554053,s112034554055,1,1481,1483
s112034554053,s112034554061,1,1481,1488
s112034554054,s112034554071,1,1482,1495
s112034554055,s112034554071,1,1483,1495
s112034554056,s112034554054,1,1484,1482
s112034554057,s112034554058,1,1485,1486
s112034554057,s112034554065,1,1485,1491
s112034554057,s112034554066,1,1485,1492
s112034554058,s112034554055,1,1486,1483
s112034554058,s112034554060,1,1486,1487
s112034554058,s112034554064,1,1486,1490
s112034554061,s112034554058,1,1488,1486
s112034554061,s112034554066,1,1488,1492
s112034554061,s113034554004,1,1488,1501
s112034554062,s112034554058,1,1489,1486
s112034554062,s112034554066,1,1489,1492
s112034554062,s113034554004,1,1489,1501
s112034554064,s112034554058,1,1490,1486
s112034554064,s112034554066,1,1490,1492
s112034554064,s113034554004,1,1490,1501
s112034554066,s112034554053,1,1492,1481
s112034554066,s112034554055,1,1492,1483
s112034554066,s112034554064,1,1492,1490
s112034554066,s112034554071,1,1492,1495
s112034554067,s112034554061,1,1493,1488
s112034554067,s113034554004,1,1493,1501
s112034554071,s112034554054,1,1495,1482
s112034554071,s112034554055,1,1495,1483
s112034554071,s112034554058,1,1495,1486
s112034554071,s113034554004,1,1495,1501
s112034554072,s112034554054,1,1496,1482
s112034554072,s112034554055,1,1496,1483
s112034554072,s112034554058,1,1496,1486
s112034554072,s112034554067,1,1496,1493
s112034554074,s112034554058,1,1498,1486
s112034554076,s112034554058,1,1499,1486
s112034554076,s112034554060,1,1499,1487
s112034554077,s112034554058,1,1500,1486
s112034554077,s112034554065,1,1500,1491
s112034554077,s112034554066,1,1500,1492
s112034554077,s113034554004,1,1500,1501
s112034557029,s112034557027,1,1529,1527
s112034557029,s112034557028,1,1529,1528
s112034557029,s113034557004,1,1529,1543
s112034557030,s112034557041,1,1530,1538
s112034557030,s112034557046,1,1530,1541
s112034557030,s113034557004,1,1530,1543
s112034557031,s112034557028,1,1531,1528
s112034557031,s112034557039,1,1531,1536
s112034557031,s113034557004,1,1531,1543
s112034557031,s113034557005,1,1531,1544
s112034557035,s112034557046,1,1532,1541
s112034557035,s113034557004,1,1532,1543
s112034557035,s113034557005,1,1532,1544
s112034557036,s112034557028,1,1533,1528
s112034557036,s113034557005,1,1533,1544
s112034557037,s112034557040,1,1534,1537
s112034557037,s112034557041,1,1534,1538
s112034557037,s112034557042,1,1534,1539
s112034557037,s112034557046,1,1534,1541
s112034557038,s112034557028,1,1535,1528
s112034557038,s112034557029,1,1535,1529
s112034557039,s112034557028,1,1536,1528
s112034557039,s112034557031,1,1536,1531
s112034557039,s112034557038,1,1536,1535
s112034557041,s112034557027,1,1538,1527
s112034557041,s112034557028,1,1538,1528
s112034557041,s112034557029,1,1538,1529
s112034557041,s112034557038,1,1538,1535
s112034557043,s112034557024,1,1540,1526
s112034557043,s112034557028,1,1540,1528
s112034557043,s112034557029,1,1540,1529
s112034557043,s112034557031,1,1540,1531
s112034557046,s112034557028,1,1541,1528
s112034557046,s112034557031,1,1541,1531
s112034557050,s112034557055,1,1545,1550
s112034557050,s112034557058,1,1545,1552
s112034557050,s112034557062,1,1545,1556
s112034557050,s112034557075,1,1545,1568
s112034557051,s112034557057,1,1546,1551
s112034557051,s112034557061,1,1546,1555
s112034557051,s112034557070,1,1546,1564
s112034557051,s112034557071,1,1546,1565
s112034557053,s112034557061,1,1548,1555
s112034557053,s112034557070,1,1548,1564
s112034557054,s112034557051,1,1549,1546
s112034557054,s112034557067,1,1549,1561
s112034557054,s112034557069,1,1549,1563
s112034557054,s112034557070,1,1549,1564
s112034557055,s112034557061,1,1550,1555
s112034557058,s112034557051,1,1552,1546
s112034557058,s112034557054,1,1552,1549
s112034557058,s112034557075,1,1552,1568
s112034557060,s112034557051,1,1554,1546
s112034557060,s112034557061,1,1554,1555
s112034557060,s112034557070,1,1554,1564
s112034557060,s112034557074,1,1554,1567
s112034557063,s112034557061,1,1557,1555
s112034557063,s112034557062,1,1557,1556
s112034557063,s112034557070,1,1557,1564
s112034557063,s112034557075,1,1557,1568
s112034557064,s112034557067,1,1558,1561
s112034557064,s112034557069,1,1558,1563
s112034557064,s112034557070,1,1558,1564
s112034557065,s112034557060,1,1559,1554
s112034557065,s112034557061,1,1559,1555
s112034557065,s112034557062,1,1559,1556
s112034557065,s112034557070,1,1559,1564
s112034557066,s112034557061,1,1560,1555
s112034557066,s112034557062,1,1560,1556
s112034557066,s112034557069,1,1560,1563
s112034557066,s112034557070,1,1560,1564
s112034557067,s112034557071,1,1561,1565
s112034557067,s112034557075,1,1561,1568
s112034557068,s112034557051,1,1562,1546
s112034557068,s112034557061,1,1562,1555
s112034557068,s112034557062,1,1562,1556
s112034557068,s112034557070,1,1562,1564
s112034557068,s112034557071,1,1562,1565
s112034557071,s112034557051,1,1565,1546
s112034557071,s112034557057,1,1565,1551
s112034557072,s112034557055,1,1566,1550
s112034557072,s112034557058,1,1566,1552
s112034557072,s112034557061,1,1566,1555
s112034557072,s112034557062,1,1566,1556
s112034557075,s112034557051,1,1568,1546
s112034557075,s112034557057,1,1568,1551
s112034557075,s112034557061,1,1568,1555
s112034557075,s112034557071,1,1568,1565
s112034560376,s112034560381,1,1571,1575
s112034560376,s112034560384,1,1571,1576
s112034560377,s112034560375,1,1572,1570
s112034560377,s112034560396,1,1572,1582
s112034560377,s112034560399,1,1572,1583
s112034560378,s112034560375,1,1573,1570
s112034560381,s112034560384,1,1575,1576
s112034560385,s112034560377,1,1577,1572
s112034560387,s112034560375,1,1578,1570
s112034560387,s112034560377,1,1578,1572
s112034560387,s112034560394,1,1578,1580
s112034560389,s112034560384,1,1579,1576
s112034560389,s112034560399,1,1579,1583
s112034560394,s112034560399,1,1580,1583
s112034560399,s112034560375,1,1583,1570
s112034560399,s112034560379,1,1583,1574
s112034560399,s112034560384,1,1583,1576
s112034560400,s112034560384,1,1584,1576
s112034560405,s112034560408,1,1586,1588
s112034560405,s112034560410,1,1586,1590
s112034560405,s112034560414,1,1586,1593
s112034560405,s112034560415,1,1586,1594
s112034560409,s112034560405,1,1589,1586
s112034560414,s112034560428,1,1593,1605
s112034560415,s112034560405,1,1594,1586
s112034560415,s112034560407,1,1594,1587
s112034560415,s112034560422,1,1594,1600
s112034560422,s112034560426,1,1600,1603
s112034560422,s112034560429,1,1600,1606
s112034560422,s112034560430,1,1600,1607
s112034560425,s112034560417,1,1602,1596
s112034560425,s112034560426,1,1602,1603
s112034560425,s112034560427,1,1602,1604
s112034560425,s112034560429,1,1602,1606
s112034560426,s112034560428,1,1603,1605
s112034560427,s112034560428,1,1604,1605
s112034560429,s112034560414,1,1606,1593
s112034560429,s112034560415,1,1606,1594
s112034560429,s112034560426,1,1606,1603
s112034560430,s112034560410,1,1607,1590
s112034560430,s112034560425,1,1607,1602
s112034560430,s112034560429,1,1607,1606
s112034563024,s112034563031,1,1608,1614
s112034563024,s112034563032,1,1608,1615
s112034563024,s113034563003,1,1608,1629
s112034563025,s113034563003,1,1609,1629
s112034563028,s112034563032,1,1611,1615
s112034563028,s113034563003,1,1611,1629
s112034563029,s112034563032,1,1612,1615
s112034563030,s113034563003,1,1613,1629
s112034563032,s112034563031,1,1615,1614
s112034563032,s113034563003,1,1615,1629
s112034563032,s113034563004,1,1615,1630
s112034563033,s112034563036,1,1616,1619
s112034563033,s112034563037,1,1616,1620
s112034563033,s112034563039,1,1616,1621
s112034563033,s113034563003,1,1616,1629
s112034563034,s112034563026,1,1617,1610
s112034563034,s113034563003,1,1617,1629
s112034563036,s113034563003,1,1619,1629
s112034563040,s113034563003,1,1622,1629
s112034563041,s113034563003,1,1623,1629
s112034563048,s112034563026,1,1628,1610
s112034563048,s112034563035,1,1628,1618
s112034563048,s112034563041,1,1628,1623
s112034563048,s113034563003,1,1628,1629
s112034563053,s112034563065,1,1631,1640
s112034563053,s112034563067,1,1631,1642
s112034563053,s112034563075,1,1631,1646
s112034563055,s112034563064,1,1633,1639
s112034563055,s112034563067,1,1633,1642
s112034563055,s112034563073,1,1633,1645
s112034563057,s112034563064,1,1634,1639
s112034563057,s112034563067,1,1634,1642
s112034563057,s112034563073,1,1634,1645
s112034563057,s112034563075,1,1634,1646
s112034563058,s112034563053,1,1635,1631
s112034563058,s112034563054,1,1635,1632
s112034563062,s112034563064,1,1638,1639
s112034563062,s112034563066,1,1638,1641
s112034563062,s112034563067,1,1638,1642
s112034563066,s112034563054,1,1641,1632
s112034563066,s112034563059,1,1641,1636
s112034563066,s112034563067,1,1641,1642
s112034563066,s112034563075,1,1641,1646
s112034563068,s112034563053,1,1643,1631
s112034563075,s112034563053,1,1646,1631
s112034563075,s112034563054,1,1646,1632
s112034563075,s112034563055,1,1646,1633
s112034563075,s112034563066,1,1646,1641
s112034565025,s112034565030,1,1648,1652
s112034565025,s112034565031,1,1648,1653
s112034565028,s112034565025,1,1650,1648
s112034565028,s112034565030,1,1650,1652
s112034565028,s112034565031,1,1650,1653
s112034565028,s113034565003,1,1650,1671
s112034565029,s112034565025,1,1651,1648
s112034565029,s112034565026,1,1651,1649
s112034565029,s112034565031,1,1651,1653
s112034565029,s113034565003,1,1651,1671
s112034565030,s112034565025,1,1652,1648
s112034565031,s112034565039,1,1653,1660
s112034565031,s112034565048,1,1653,1667
s112034565033,s112034565031,1,1655,1653
s112034565033,s112034565036,1,1655,1657
s112034565033,s112034565047,1,1655,1666
s112034565033,s113034565003,1,1655,1671
s112034565035,s112034565025,1,1656,1648
s112034565035,s112034565026,1,1656,1649
s112034565039,s112034565031,1,1660,1653
s112034565039,s113034565003,1,1660,1671
s112034565040,s112034565031,1,1661,1653
s112034565040,s113034565003,1,1661,1671
s112034565043,s112034565025,1,1663,1648
s112034565043,s112034565031,1,1663,1653
s112034565043,s113034565003,1,1663,1671
s112034565046,s112034565033,1,1665,1655
s112034565047,s112034565026,1,1666,1649
s112034565047,s112034565031,1,1666,1653
s112034565047,s113034565003,1,1666,1671
s112034565049,s112034565031,1,1668,1653
s112034565049,s113034565003,1,1668,1671
s112034565052,s112034565031,1,1670,1653
s112034565052,s112034565035,1,1670,1656
s112034565052,s113034565003,1,1670,1671
s112034565056,s112034565055,1,1673,1672
s112034565056,s112034565081,1,1673,1697
s112034565058,s112034565060,1,1675,1677
s112034565058,s112034565081,1,1675,1697
s112034565058,s112034565082,1,1675,1698
s112034565059,s112034565055,1,1676,1672
s112034565059,s112034565060,1,1676,1677
s112034565059,s112034565081,1,1676,1697
s112034565060,s112034565055,1,1677,1672
s112034565060,s112034565059,1,1677,1676
s112034565060,s112034565062,1,1677,1679
s112034565061,s112034565055,1,1678,1672
s112034565061,s112034565060,1,1678,1677
s112034565061,s112034565074,1,1678,1690
s112034565061,s112034565081,1,1678,1697
s112034565061,s112034565082,1,1678,1698
s112034565062,s112034565055,1,1679,1672
s112034565063,s112034565055,1,1680,1672
s112034565063,s112034565060,1,1680,1677
s112034565063,s112034565074,1,1680,1690
s112034565063,s112034565081,1,1680,1697
s112034565065,s112034565055,1,1682,1672
s112034565065,s112034565062,1,1682,1679
s112034565065,s112034565082,1,1682,1698
s112034565067,s112034565055,1,1684,1672
s112034565067,s112034565060,1,1684,1677
s112034565067,s112034565082,1,1684,1698
s112034565069,s112034565055,1,1686,1672
s112034565069,s112034565060,1,1686,1677
s112034565069,s112034565072,1,1686,1688
s112034565069,s112034565075,1,1686,1691
s112034565069,s112034565081,1,1686,1697
s112034565072,s112034565074,1,1688,1690
s112034565072,s112034565081,1,1688,1697
s112034565073,s112034565055,1,1689,1672
s112034565073,s112034565060,1,1689,1677
s112034565073,s112034565081,1,1689,1697
s112034565075,s112034565055,1,1691,1672
s112034565075,s112034565069,1,1691,1686
s112034565075,s112034565071,1,1691,1687
s112034565075,s112034565073,1,1691,1689
s112034565075,s112034565081,1,1691,1697
s112034565076,s112034565055,1,1692,1672
s112034565076,s112034565059,1,1692,1676
s112034565076,s112034565060,1,1692,1677
s112034565076,s112034565081,1,1692,1697
s112034565076,s113034565004,1,1692,1700
s112034565078,s112034565055,1,1694,1672
s112034565078,s112034565059,1,1694,1676
s112034565078,s112034565074,1,1694,1690
s112034565079,s112034565055,1,1695,1672
s112034565079,s112034565060,1,1695,1677
s112034565079,s112034565071,1,1695,1687
s112034565079,s112034565081,1,1695,1697
s112034565081,s112034565055,1,1697,1672
s112034565081,s112034565060,1,1697,1677
s112034565081,s112034565062,1,1697,1679
s112034565081,s112034565072,1,1697,1688
s112034565081,s113034565004,1,1697,1700
s112034565083,s112034565055,1,1699,1672
s112034565083,s112034565059,1,1699,1676
s112034565083,s112034565081,1,1699,1697
s112044501027,s112044501037,1,1704,1711
s112044501028,s112044501025,1,1705,1702
s112044501028,s112044501027,1,1705,1704
s112044501028,s112044501029,1,1705,1706
s112044501028,s112044501030,1,1705,1707
s112044501028,s112044501050,1,1705,1718
s112044501029,s112044501024,1,1706,1701
s112044501029,s112044501033,1,1706,1709
s112044501029,s112044501040,1,1706,1713
s112044501029,s112044501045,1,1706,1715
s112044501029,s112044501052,1,1706,1720
s112044501031,s112044501025,1,1708,1702
s112044501031,s112044501029,1,1708,1706
s112044501031,s112044501030,1,1708,1707
s112044501031,s112044501037,1,1708,1711
s112044501031,s112044501043,1,1708,1714
s112044501043,s112044501027,1,1714,1704
s112044501043,s112044501029,1,1714,1706
s112044501043,s112044501030,1,1714,1707
s112044501043,s112044501031,1,1714,1708
s112044501043,s112044501037,1,1714,1711
s112044501047,s112044501033,1,1716,1709
s112044501047,s112044501051,1,1716,1719
s112044501051,s112044501037,1,1719,1711
s112044501051,s112044501047,1,1719,1716
s112044501052,s112044501025,1,1720,1702
s112044501052,s112044501029,1,1720,1706
s112044501052,s112044501035,1,1720,1710
s112044501052,s112044501037,1,1720,1711
s112044501059,s112044501065,1,1723,1725
s112044501059,s112044501074,1,1723,1729
s112044501060,s112044501057,1,1724,1721
s112044501060,s112044501059,1,1724,1723
s112044501060,s112044501067,1,1724,1726
s112044501065,s112044501058,1,1725,1722
s112044501065,s112044501059,1,1725,1723
s112044501065,s112044501070,1,1725,1727
s112044501065,s112044501081,1,1725,1732
s112044501074,s112044501065,1,1729,1725
s112044501074,s112044501070,1,1729,1727
s112044501075,s112044501058,1,1730,1722
s112044501075,s112044501074,1,1730,1729
s112044501083,s112044501070,1,1734,1727
s112044501083,s112044501074,1,1734,1729
s112044501083,s112044501076,1,1734,1731
s112044501083,s112044501081,1,1734,1732
s112044506025,s112044506033,1,1736,1740
s112044506031,s112044506033,1,1739,1740
s112044506031,s112044506037,1,1739,1743
s112044506038,s112044506033,1,1744,1740
s112044506038,s112044506037,1,1744,1743
s112044506039,s112044506033,1,1745,1740
s112044506041,s112044506033,1,1746,1740
s112044522024,s112044522038,1,1748,1757
s112044522037,s112044522038,1,1756,1757
s112044522056,s112044522072,1,1767,1778
s112044522056,s112044522075,1,1767,1779
s112044522056,s112044522076,1,1767,1780
s112044522058,s112044522060,1,1769,1771
s112044522058,s112044522061,1,1769,1772
s112044522058,s112044522081,1,1769,1783
s112044522060,s112044522071,1,1771,1777
s112044522060,s112044522075,1,1771,1779
s112044522065,s112044522072,1,1773,1778
s112044522065,s112044522075,1,1773,1779
s112044522065,s112044522076,1,1773,1780
s112044522070,s112044522055,1,1776,1766
s112044522070,s112044522060,1,1776,1771
s112044522071,s112044522060,1,1777,1771
s112044522072,s112044522060,1,1778,1771
s112044522072,s112044522078,1,1778,1782
s112044522072,s112044522081,1,1778,1783
s112044522076,s112044522056,1,1780,1767
s112044522076,s112044522078,1,1780,1782
s112044524032,s112044524042,1,1786,1791
s112044524034,s112044524026,1,1787,1784
s112044524034,s112044524041,1,1787,1790
s112044524036,s112044524026,1,1788,1784
s112044524036,s112044524032,1,1788,1786
s112044524041,s112044524026,1,1790,1784
s112044524041,s112044524032,1,1790,1786
s112044524042,s112044524026,1,1791,1784
s112044524043,s112044524026,1,1792,1784
s112044524048,s112044524058,1,1795,1799
s112044524048,s112044524060,1,1795,1800
s112044524048,s112044524061,1,1795,1801
s112044524048,s112044524062,1,1795,1802
s112044524049,s112044524050,1,1796,1797
s112044524049,s112044524061,1,1796,1801
s112044524049,s112044524062,1,1796,1802
s112044524049,s112044524063,1,1796,1803
s112044524049,s112044524066,1,1796,1806
s112044524050,s112044524065,1,1797,1805
s112044524050,s113044524005,1,1797,1807
s112044524050,s113044524007,1,1797,1808
s112044524058,s112044524061,1,1799,1801
s112044524058,s112044524062,1,1799,1802
s112044524058,s112044524065,1,1799,1805
s112044524061,s112044524048,1,1801,1795
s112044524061,s112044524065,1,1801,1805
s112044524061,s113044524007,1,1801,1808
s112044524062,s112044524050,1,1802,1797
s112044524062,s112044524065,1,1802,1805
s112044524062,s113044524005,1,1802,1807
s112044524062,s113044524007,1,1802,1808
s112044529024,s112044529027,1,1831,1833
s112044529024,s112044529029,1,1831,1834
s112044529024,s112044529042,1,1831,1842
s112044529024,s112044529045,1,1831,1844
s112044529026,s112044529042,1,1832,1842
s112044529026,s112044529045,1,1832,1844
s112044529027,s112044529036,1,1833,1838
s112044529035,s112044529048,1,1837,1846
s112044529036,s112044529024,1,1838,1831
s112044529036,s112044529027,1,1838,1833
s112044529044,s112044529027,1,1843,1833
s112044529044,s112044529029,1,1843,1834
s112044529045,s112044529027,1,1844,1833
s112044529045,s112044529042,1,1844,1842
s112044529047,s112044529024,1,1845,1831
s112044529047,s112044529027,1,1845,1833
s112044529047,s112044529029,1,1845,1834
s112044529049,s112044529024,1,1847,1831
s112044529049,s112044529029,1,1847,1834
s112044529049,s112044529042,1,1847,1842
s112044529049,s112044529045,1,1847,1844
s112044529049,s112044529047,1,1847,1845
s112044529050,s112044529024,1,1848,1831
s112044529050,s112044529027,1,1848,1833
s112044529053,s112044529024,1,1851,1831
s112044529053,s112044529026,1,1851,1832
s112044529053,s112044529027,1,1851,1833
s112044529057,s112044529068,1,1810,1818
s112044529058,s112044529059,1,1811,1812
s112044529058,s112044529068,1,1811,1818
s112044529058,s112044529070,1,1811,1819
s112044529058,s112044529075,1,1811,1822
s112044529060,s112044529068,1,1813,1818
s112044529060,s112044529081,1,1813,1827
s112044529060,s112044529085,1,1813,1830
s112044529063,s112044529059,1,1815,1812
s112044529063,s112044529060,1,1815,1813
s112044529063,s112044529068,1,1815,1818
s112044529063,s112044529077,1,1815,1824
s112044529065,s112044529057,1,1816,1810
s112044529065,s112044529059,1,1816,1812
s112044529065,s112044529068,1,1816,1818
s112044529065,s112044529083,1,1816,1829
s112044529067,s112044529074,1,1817,1821
s112044529067,s112044529075,1,1817,1822
s112044529067,s112044529077,1,1817,1824
s112044529067,s112044529083,1,1817,1829
s112044529067,s112044529085,1,1817,1830
s112044529071,s112044529074,1,1820,1821
s112044529071,s112044529081,1,1820,1827
s112044529071,s112044529083,1,1820,1829
s112044529071,s112044529085,1,1820,1830
s112044529074,s112044529059,1,1821,1812
s112044529074,s112044529068,1,1821,1818
s112044529075,s112044529059,1,1822,1812
s112044529075,s112044529068,1,1822,1818
s112044529076,s112044529068,1,1823,1818
s112044529077,s112044529059,1,1824,1812
s112044529077,s112044529068,1,1824,1818
s112044529079,s112044529059,1,1825,1812
s112044529079,s112044529068,1,1825,1818
s112044529079,s112044529077,1,1825,1824
s112044529080,s112044529059,1,1826,1812
s112044529080,s112044529068,1,1826,1818
s112044529080,s112044529077,1,1826,1824
s112044529083,s112044529058,1,1829,1811
s112044529083,s112044529059,1,1829,1812
s112044529083,s112044529065,1,1829,1816
s112044529083,s112044529068,1,1829,1818
s112044529085,s112044529057,1,1830,1810
s112044529085,s112044529068,1,1830,1818
s112044529085,s112044529070,1,1830,1819
s112051302024,s112051302034,1,1852,1861
s112051302025,s112051302024,1,1853,1852
s112051302025,s112051302034,1,1853,1861
s112051302026,s112051302024,1,1854,1852
s112051302026,s112051302034,1,1854,1861
s112051302026,s112051302039,1,1854,1866
s112051302029,s112051302034,1,1857,1861
s112051302031,s112051302034,1,1859,1861
s112051302032,s112051302024,1,1860,1852
s112051302032,s112051302026,1,1860,1854
s112051302032,s112051302042,1,1860,1869
s112051302034,s112051302024,1,1861,1852
s112051302034,s112051302055,1,1861,1880
s112051302035,s112051302024,1,1862,1852
s112051302035,s112051302042,1,1862,1869
s112051302037,s112051302034,1,1864,1861
s112051302037,s112051302042,1,1864,1869
s112051302037,s112051302055,1,1864,1880
s112051302037,s112051302060,1,1864,1883
s112051302038,s112051302024,1,1865,1852
s112051302038,s112051302034,1,1865,1861
s112051302038,s112051302055,1,1865,1880
s112051302038,s112051302064,1,1865,1886
s112051302039,s112051302034,1,1866,1861
s112051302040,s112051302024,1,1867,1852
s112051302040,s112051302027,1,1867,1855
s112051302040,s112051302038,1,1867,1865
s112051302040,s112051302039,1,1867,1866
s112051302040,s112051302065,1,1867,1887
s112051302042,s112051302024,1,1869,1852
s112051302042,s112051302032,1,1869,1860
s112051302042,s112051302035,1,1869,1862
s112051302042,s112051302036,1,1869,1863
s112051302042,s112051302039,1,1869,1866
s112051302044,s112051302024,1,1870,1852
s112051302044,s112051302025,1,1870,1853
s112051302044,s112051302032,1,1870,1860
s112051302044,s112051302047,1,1870,1872
s112051302044,s113051302003,1,1870,1888
s112051302045,s112051302024,1,1871,1852
s112051302045,s112051302034,1,1871,1861
s112051302045,s112051302039,1,1871,1866
s112051302045,s112051302064,1,1871,1886
s112051302047,s112051302024,1,1872,1852
s112051302047,s112051302064,1,1872,1886
s112051302049,s112051302024,1,1874,1852
s112051302049,s112051302039,1,1874,1866
s112051302052,s112051302024,1,1877,1852
s112051302052,s112051302027,1,1877,1855
s112051302052,s112051302031,1,1877,1859
s112051302052,s112051302034,1,1877,1861
s112051302052,s112051302065,1,1877,1887
s112051302053,s112051302024,1,1878,1852
s112051302053,s112051302027,1,1878,1855
s112051302053,s112051302029,1,1878,1857
s112051302053,s112051302034,1,1878,1861
s112051302053,s112051302065,1,1878,1887
s112051302059,s112051302024,1,1882,1852
s112051302059,s112051302027,1,1882,1855
s112051302059,s112051302034,1,1882,1861
s112051302059,s112051302038,1,1882,1865
s112051302059,s112051302047,1,1882,1872
s112051302061,s112051302024,1,1884,1852
s112051302061,s112051302032,1,1884,1860
s112051302061,s112051302034,1,1884,1861
s112051302061,s112051302044,1,1884,1870
s112051302063,s112051302024,1,1885,1852
s112051302063,s112051302034,1,1885,1861
s112051302063,s112051302035,1,1885,1862
s112051302063,s112051302064,1,1885,1886
s112051302063,s112051302065,1,1885,1887
s112051302064,s112051302024,1,1886,1852
s112051302064,s112051302027,1,1886,1855
s112051302064,s112051302032,1,1886,1860
s112051302064,s112051302034,1,1886,1861
s112051302064,s112051302047,1,1886,1872
s112051302065,s112051302024,1,1887,1852
s112051302065,s112051302034,1,1887,1861
s112051302068,s112051302079,1,1889,1894
s112051302071,s112051302095,1,1891,1900
s112051302078,s112051302094,1,1893,1899
s112051302078,s112051302095,1,1893,1900
s112051302079,s112051302091,1,1894,1897
s112051302080,s112051302094,1,1895,1899
s112051302087,s112051302091,1,1896,1897
s112051302091,s112051302078,1,1897,1893
s112051302091,s112051302100,1,1897,1904
s112051302095,s112051302100,1,1900,1904
s112051302096,s112051302087,1,1901,1896
s112051302097,s112051302087,1,1902,1896
s112051302100,s112051302091,1,1904,1897
s112051302102,s112051302091,1,1905,1897
s112051302104,s112051302079,1,1906,1894
s112051302104,s112051302099,1,1906,1903
s112054502024,s112054502027,1,1909,1912
s112054502024,s112054502028,1,1909,1913
s112054502024,s112054502031,1,1909,1916
s112054502024,s112054502033,1,1909,1918
s112054502024,s112054502045,1,1909,1925
s112054502025,s112054502045,1,1910,1925
s112054502026,s112054502027,1,1911,1912
s112054502026,s112054502028,1,1911,1913
s112054502026,s112054502031,1,1911,1916
s112054502026,s112054502045,1,1911,1925
s112054502027,s112054502039,1,1912,1920
s112054502027,s112054502044,1,1912,1924
s112054502027,s112054502045,1,1912,1925
s112054502027,s112054502046,1,1912,1926
s112054502031,s112054502027,1,1916,1912
s112054502031,s112054502045,1,1916,1925
s112054502031,s112054502046,1,1916,1926
s112054502032,s112054502045,1,1917,1925
s112054502033,s112054502030,1,1918,1915
s112054502033,s112054502045,1,1918,1925
s112054502037,s112054502027,1,1919,1912
s112054502037,s112054502030,1,1919,1915
s112054502037,s112054502045,1,1919,1925
s112054502039,s112054502027,1,1920,1912
s112054502040,s112054502027,1,1921,1912
s112054502040,s112054502042,1,1921,1922
s112054502040,s112054502045,1,1921,1925
s112054502042,s112054502027,1,1922,1912
s112054502042,s112054502045,1,1922,1925
s112054502042,s112054502046,1,1922,1926
s112054502043,s112054502027,1,1923,1912
s112054502043,s112054502028,1,1923,1913
s112054502043,s112054502030,1,1923,1915
s112054502043,s112054502031,1,1923,1916
s112054502043,s112054502046,1,1923,1926
s112054502044,s112054502027,1,1924,1912
s112054502044,s112054502030,1,1924,1915
s112054502046,s112054502027,1,1926,1912
s112054502046,s112054502028,1,1926,1913
s112054502046,s112054502031,1,1926,1916
s112054502046,s112054502045,1,1926,1925
s112054502050,s112054502057,1,1928,1933
s112054502050,s112054502062,1,1928,1937
s112054502051,s112054502057,1,1929,1933
s112054502057,s112054502066,1,1933,1939
s112054502058,s112054502051,1,1934,1929
s112054502058,s112054502057,1,1934,1933
s112054502058,s112054502065,1,1934,1938
s112054502058,s113054502004,1,1934,1941
s112054502059,s113054502004,1,1935,1941
s112054502061,s113054502004,1,1936,1941
s112054502062,s112054502057,1,1937,1933
s112054502062,s112054502059,1,1937,1935
s112054502065,s112054502051,1,1938,1929
s112054502065,s112054502054,1,1938,1931
s112054502065,s112054502057,1,1938,1933
s112054502065,s112054502059,1,1938,1935
s112054502066,s112054502057,1,1939,1933
s112054502066,s112054502059,1,1939,1935
s112054502066,s113054502004,1,1939,1941
s112054502069,s112054502050,1,1940,1928
s112054502069,s112054502051,1,1940,1929
s112054502069,s112054502057,1,1940,1933
s112054505027,s112054505036,1,1943,1946
s112054505027,s113054505003,1,1943,1953
s112054505035,s112054505026,1,1945,1942
s112054505040,s112054505026,1,1947,1942
s112054505040,s112054505027,1,1947,1943
s112054505040,s112054505043,1,1947,1950
s112054505041,s112054505026,1,1948,1942
s112054505041,s112054505036,1,1948,1946
s112054505041,s112054505043,1,1948,1950
s112054505043,s112054505036,1,1950,1946
s112054505048,s112054505026,1,1952,1942
s112054505048,s112054505036,1,1952,1946
s112054505048,s112054505043,1,1952,1950
s112054505054,s112054505061,1,1954,1959
s112054505056,s112054505064,1,1955,1962
s112054505057,s112054505056,1,1956,1955
s112054505058,s112054505059,1,1957,1958
s112054505058,s112054505069,1,1957,1965
s112054505058,s112054505071,1,1957,1967
s112054505058,s112054505073,1,1957,1968
s112054505059,s112054505078,1,1958,1972
s112054505063,s112054505059,1,1961,1958
s112054505064,s112054505059,1,1962,1958
s112054505070,s112054505058,1,1966,1957
s112054505070,s112054505059,1,1966,1958
s112054505070,s112054505063,1,1966,1961
s112054505070,s112054505064,1,1966,1962
s112054505070,s112054505068,1,1966,1964
s112054505071,s112054505059,1,1967,1958
s112054505071,s112054505063,1,1967,1961
s112054505071,s112054505064,1,1967,1962
s112054505071,s112054505068,1,1967,1964
s112054505074,s112054505059,1,1969,1958
s112054505074,s112054505063,1,1969,1961
s112054505078,s112054505056,1,1972,1955
s112054505078,s112054505058,1,1972,1957
s112054505078,s112054505059,1,1972,1958
s112054523028,s112054523027,1,1988,1987
s112054523028,s112054523032,1,1988,1992
s112054523028,s112054523038,1,1988,1996
s112054523029,s112054523034,1,1989,1993
s112054523034,s112054523024,1,1993,1985
s112054523034,s112054523028,1,1993,1988
s112054523034,s112054523029,1,1993,1989
s112054523034,s112054523036,1,1993,1994
s112054523037,s112054523024,1,1995,1985
s112054523037,s112054523031,1,1995,1991
s112054523037,s112054523036,1,1995,1994
s112054523041,s112054523051,1,1973,1981
s112054523042,s112054523044,1,1974,1975
s112054523042,s112054523050,1,1974,1980
s112054523042,s113054523005,1,1974,1984
s112054523044,s112054523041,1,1975,1973
s112054523044,s112054523046,1,1975,1977
s112054523044,s112054523048,1,1975,1979
s112054523044,s113054523005,1,1975,1984
s112054523045,s112054523041,1,1976,1973
s112054523045,s112054523044,1,1976,1975
s112054523045,s112054523046,1,1976,1977
s112054523045,s113054523005,1,1976,1984
s112054523046,s112054523044,1,1977,1975
s112054523046,s112054523051,1,1977,1981
s112054523046,s112054523053,1,1977,1982
s112054523046,s113054523005,1,1977,1984
s112054523047,s112054523044,1,1978,1975
s112054523047,s112054523050,1,1978,1980
s112054523048,s112054523044,1,1979,1975
s112054523048,s112054523050,1,1979,1980
s112054523048,s112054523051,1,1979,1981
s112054523048,s113054523005,1,1979,1984
s112054523050,s112054523041,1,1980,1973
s112054523050,s112054523044,1,1980,1975
s112054523051,s112054523050,1,1981,1980
s112054523051,s112054523055,1,1981,1983
s112054523053,s112054523041,1,1982,1973
s112054523053,s112054523044,1,1982,1975
s112054523053,s112054523050,1,1982,1980
s112054523053,s113054523005,1,1982,1984
s112054523055,s112054523041,1,1983,1973
s112054523055,s112054523044,1,1983,1975
s112054523055,s113054523005,1,1983,1984
s112060323076,s112060323074,1,1998,1997
s112060323076,s112060323078,1,1998,2000
s112060323076,s112060323091,1,1998,2011
s112060323076,s112060323099,1,1998,2016
s112060323076,s113060323003,1,1998,2019
s112060323077,s112060323096,1,1999,2014
s112060323077,s112060323098,1,1999,2015
s112060323077,s112060323099,1,1999,2016
s112060323077,s112060323102,1,1999,2018
s112060323078,s112060323096,1,2000,2014
s112060323078,s112060323098,1,2000,2015
s112060323078,s112060323099,1,2000,2016
s112060323079,s112060323074,1,2001,1997
s112060323079,s112060323081,1,2001,2003
s112060323079,s112060323091,1,2001,2011
s112060323084,s112060323091,1,2004,2011
s112060323085,s112060323074,1,2005,1997
s112060323085,s112060323091,1,2005,2011
s112060323085,s112060323099,1,2005,2016
s112060323091,s112060323076,1,2011,1998
s112060323091,s112060323096,1,2011,2014
s112060323091,s112060323098,1,2011,2015
s112060323093,s112060323091,1,2012,2011
s112060323098,s112060323078,1,2015,2000
s112060323098,s112060323085,1,2015,2005
s112060323098,s112060323091,1,2015,2011
s112060323098,s112060323100,1,2015,2017
s112060323099,s112060323074,1,2016,1997
s112060323099,s112060323090,1,2016,2010
s112060323099,s112060323091,1,2016,2011
s112060323099,s112060323100,1,2016,2017
s112060323100,s112060323074,1,2017,1997
s112060323100,s112060323077,1,2017,1999
s112060323100,s112060323078,1,2017,2000
s112060323100,s112060323099,1,2017,2016
s112060323100,s113060323003,1,2017,2019
s112060323102,s112060323074,1,2018,1997
s112060323102,s112060323077,1,2018,1999
s112060323102,s112060323081,1,2018,2003
s112060323102,s112060323091,1,2018,2011
s112060323102,s112060323100,1,2018,2017
s112060323106,s112060323128,1,2021,2037
s112060323108,s112060323122,1,2022,2032
s112060323108,s112060323124,1,2022,2033
s112060323108,s112060323128,1,2022,2037
s112060323108,s112060323132,1,2022,2041
s112060323111,s112060323122,1,2024,2032
s112060323111,s112060323124,1,2024,2033
s112060323111,s112060323126,1,2024,2035
s112060323111,s112060323128,1,2024,2037
s112060323113,s112060323128,1,2026,2037
s112060323116,s112060323128,1,2027,2037
s112060323117,s112060323122,1,2028,2032
s112060323117,s112060323128,1,2028,2037
s112060323117,s112060323131,1,2028,2040
s112060323118,s112060323128,1,2029,2037
s112060323121,s112060323126,1,2031,2035
s112060323121,s112060323131,1,2031,2040
s112060323122,s112060323110,1,2032,2023
s112060323122,s112060323128,1,2032,2037
s112060323131,s112060323132,1,2040,2041
s112060323132,s112060323131,1,2041,2040
s112061313025,s112061313030,1,2079,2083
s112061313025,s112061313031,1,2079,2084
s112061313025,s112061313032,1,2079,2085
s112061313025,s112061313035,1,2079,2088
s112061313026,s112061313047,1,2080,2099
s112061313032,s112061313047,1,2085,2099
s112061313032,s112061313050,1,2085,2102
s112061313034,s112061313039,1,2087,2092
s112061313034,s112061313042,1,2087,2095
s112061313034,s112061313049,1,2087,2101
s112061313034,s112061313050,1,2087,2102
s112061313045,s112061313032,1,2098,2085
s112061313045,s112061313050,1,2098,2102
s112061313048,s112061313053,1,2100,2105
s112061313050,s112061313031,1,2102,2084
s112061313050,s112061313033,1,2102,2086
s112061313050,s112061313039,1,2102,2092
s112061313050,s112061313047,1,2102,2099
s112061313050,s112061313051,1,2102,2103
s112061313056,s112061313050,1,2108,2102
s112061313058,s112061313026,1,2110,2080
s112061313058,s112061313030,1,2110,2083
s112061313059,s112061313039,1,2111,2092
s112061313059,s112061313048,1,2111,2100
s112061313059,s112061313050,1,2111,2102
s112061313059,s112061313054,1,2111,2106
s112061313059,s112061313058,1,2111,2110
s112061313069,s112061313075,1,2046,2051
s112061313069,s112061313097,1,2046,2067
s112061313070,s112061313075,1,2047,2051
s112061313070,s112061313099,1,2047,2069
s112061313075,s112061313096,1,2051,2066
s112061313075,s112061313097,1,2051,2067
s112061313075,s112061313098,1,2051,2068
s112061313075,s112061313101,1,2051,2071
s112061313075,s112061313104,1,2051,2074
s112061313076,s112061313075,1,2052,2051
s112061313076,s112061313085,1,2052,2057
s112061313078,s112061313075,1,2054,2051
s112061313078,s112061313089,1,2054,2060
s112061313085,s112061313089,1,2057,2060
s112061313087,s112061313089,1,2059,2060
s112061313087,s112061313096,1,2059,2066
s112061313087,s112061313097,1,2059,2067
s112061313087,s112061313104,1,2059,2074
s112061313099,s112061313090,1,2069,2061
s112061313099,s112061313096,1,2069,2066
s112061313100,s112061313075,1,2070,2051
s112061313100,s112061313096,1,2070,2066
s112061313100,s112061313097,1,2070,2067
s112061313100,s112061313099,1,2070,2069
s112061313100,s112061313106,1,2070,2076
s112061313101,s112061313097,1,2071,2067
s112061313101,s112061313104,1,2071,2074
s112061313102,s112061313104,1,2072,2074
s112061313103,s112061313096,1,2073,2066
s112061313103,s112061313097,1,2073,2067
s112061313103,s112061313104,1,2073,2074
s112061313104,s112061313096,1,2074,2066
s112061313104,s112061313097,1,2074,2067
s112061313104,s112061313106,1,2074,2076
s112061313105,s112061313075,1,2075,2051
s112061313105,s112061313097,1,2075,2067
s112061313105,s112061313099,1,2075,2069
s112061313105,s112061313103,1,2075,2073
s112061313106,s112061313075,1,2076,2051
s112061313106,s112061313077,1,2076,2053
s112061313106,s112061313104,1,2076,2074
s112061313108,s112061313075,1,2078,2051
s112061315038,s112061315046,1,2125,2131
s112061315041,s112061315034,1,2127,2122
s112061315048,s112061315024,1,2133,2115
s112061315048,s112061315033,1,2133,2121
s112061315048,s112061315034,1,2133,2122
s112061315053,s112061315029,1,2135,2119
s112061315053,s112061315048,1,2135,2133
s112061315053,s112061315064,1,2135,2142
s112061315058,s112061315047,1,2137,2132
s112061315060,s112061315035,1,2139,2123
s112061315060,s112061315043,1,2139,2128
s112061315060,s112061315058,1,2139,2137
s112061315061,s112061315060,1,2140,2139
s112061315083,s112061315072,1,2149,2146
s112061315083,s112061315099,1,2149,2155
s112061315105,s112061315106,1,2157,2158
s112061315106,s112061315098,1,2158,2154
s112061317024,s112061317059,1,2160,2185
s112061317024,s112061317063,1,2160,2187
s112061317024,s113061317003,1,2160,2192
s112061317025,s112061317042,1,2161,2172
s112061317025,s112061317059,1,2161,2185
s112061317027,s112061317057,1,2162,2183
s112061317027,s112061317063,1,2162,2187
s112061317027,s113061317003,1,2162,2192
s112061317030,s112061317063,1,2163,2187
s112061317030,s113061317003,1,2163,2192
s112061317031,s112061317054,1,2164,2180
s112061317031,s112061317063,1,2164,2187
s112061317042,s112061317025,1,2172,2161
s112061317042,s112061317031,1,2172,2164
s112061317042,s112061317039,1,2172,2170
s112061317048,s113061317003,1,2174,2192
s112061317049,s112061317063,1,2175,2187
s112061317049,s113061317003,1,2175,2192
s112061317052,s112061317063,1,2178,2187
s112061317053,s112061317063,1,2179,2187
s112061317055,s112061317038,1,2181,2169
s112061317056,s112061317038,1,2182,2169
s112061317056,s112061317063,1,2182,2187
s112061317058,s112061317038,1,2184,2169
s112061317058,s112061317063,1,2184,2187
s112061317064,s112061317063,1,2188,2187
s112061317065,s112061317063,1,2189,2187
s112061317067,s112061317063,1,2190,2187
s112061317070,s112061317063,1,2191,2187
s112061317074,s112061317076,1,2193,2195
s112061317074,s112061317080,1,2193,2197
s112061317074,s112061317096,1,2193,2210
s112061317075,s112061317096,1,2194,2210
s112061317075,s112061317102,1,2194,2215
s112061317076,s112061317079,1,2195,2196
s112061317076,s112061317088,1,2195,2204
s112061317076,s112061317096,1,2195,2210
s112061317076,s112061317102,1,2195,2215
s112061317086,s112061317102,1,2202,2215
s112061317087,s112061317074,1,2203,2193
s112061317087,s113061317004,1,2203,2224
s112061317088,s112061317096,1,2204,2210
s112061317088,s112061317100,1,2204,2213
s112061317088,s112061317102,1,2204,2215
s112061317088,s113061317008,1,2204,2226
s112061317092,s112061317074,1,2207,2193
s112061317092,s112061317079,1,2207,2196
s112061317092,s112061317080,1,2207,2197
s112061317093,s112061317108,1,2208,2219
s112061317095,s112061317074,1,2209,2193
s112061317096,s112061317102,1,2210,2215
s112061317096,s112061317113,1,2210,2223
s112061317097,s112061317096,1,2211,2210
s112061317097,s112061317108,1,2211,2219
s112061317098,s112061317088,1,2212,2204
s112061317101,s112061317096,1,2214,2210
s112061317101,s112061317108,1,2214,2219
s112061317102,s112061317082,1,2215,2199
s112061317102,s112061317096,1,2215,2210
s112061317102,s113061317007,1,2215,2225
s112061317103,s112061317079,1,2216,2196
s112061317103,s112061317102,1,2216,2215
s112061317108,s112061317093,1,2219,2208
s112061317108,s112061317096,1,2219,2210
s112061317108,s112061317102,1,2219,2215
s112061317108,s112061317106,1,2219,2217
s112061317110,s112061317074,1,2220,2193
s112061317110,s112061317085,1,2220,2201
s112061317110,s112061317113,1,2220,2223
s112061317110,s113061317008,1,2220,2226
s112061317113,s112061317075,1,2223,2194
s112061317113,s112061317076,1,2223,2195
s112061317113,s112061317080,1,2223,2197
s112061317113,s112061317082,1,2223,2199
s112064350027,s112064350033,1,2228,2233
s112064350027,s112064350038,1,2228,2237
s112064350027,s112064350039,1,2228,2238
s112064350027,s113064350004,1,2228,2246
s112064350028,s112064350029,1,2229,2230
s112064350028,s112064350038,1,2229,2237
s112064350028,s112064350043,1,2229,2242
s112064350029,s112064350038,1,2230,2237
s112064350030,s112064350038,1,2231,2237
s112064350032,s112064350033,1,2232,2233
s112064350032,s112064350038,1,2232,2237
s112064350033,s112064350027,1,2233,2228
s112064350033,s112064350037,1,2233,2236
s112064350033,s112064350041,1,2233,2240
s112064350033,s112064350045,1,2233,2244
s112064350034,s112064350038,1,2234,2237
s112064350035,s112064350033,1,2235,2233
s112064350035,s112064350038,1,2235,2237
s112064350035,s113064350004,1,2235,2246
s112064350039,s112064350038,1,2238,2237
s112064350039,s112064350045,1,2238,2244
s112064350040,s112064350038,1,2239,2237
s112064350041,s112064350033,1,2240,2233
s112064350041,s112064350038,1,2240,2237
s112064350041,s113064350004,1,2240,2246
s112064350042,s112064350038,1,2241,2237
s112064350049,s112064350066,1,2249,2261
s112064350051,s112064350062,1,2250,2257
s112064350053,s112064350055,1,2252,2254
s112064350063,s112064350053,1,2258,2252
s112064350067,s112064350071,1,2262,2263
s112064510025,s112064510031,1,2265,2270
s112064510028,s112064510031,1,2267,2270
s112064510029,s112064510031,1,2268,2270
s112064510030,s112064510031,1,2269,2270
s112064510032,s112064510031,1,2271,2270
s112064510032,s112064510035,1,2271,2274
s112064510033,s112064510031,1,2272,2270
s112064510033,s112064510035,1,2272,2274
s112064510033,s112064510044,1,2272,2282
s112064510033,s112064510045,1,2272,2283
s112064510035,s112064510031,1,2274,2270
s112064510036,s112064510031,1,2275,2270
s112064510037,s112064510031,1,2276,2270
s112064510037,s112064510033,1,2276,2272
s112064510038,s112064510031,1,2277,2270
s112064510038,s112064510033,1,2277,2272
s112064510039,s112064510031,1,2278,2270
s112064510040,s112064510031,1,2279,2270
s112064510042,s112064510031,1,2280,2270
s112064510043,s112064510030,1,2281,2269
s112064510043,s112064510031,1,2281,2270
s112064510044,s112064510031,1,2282,2270
s112064510044,s112064510032,1,2282,2271
s112064510044,s112064510033,1,2282,2272
s112064510044,s112064510035,1,2282,2274
s112064510049,s112064510060,1,2285,2294
s112064510049,s112064510068,1,2285,2301
s112064510049,s112064510073,1,2285,2304
s112064510050,s112064510058,1,2286,2292
s112064510051,s112064510062,1,2287,2296
s112064510051,s112064510063,1,2287,2297
s112064510051,s112064510066,1,2287,2299
s112064510051,s112064510069,1,2287,2302
s112064510058,s112064510073,1,2292,2304
s112064510062,s112064510058,1,2296,2292
s112064510062,s112064510060,1,2296,2294
s112064510062,s112064510073,1,2296,2304
s112064510063,s112064510058,1,2297,2292
s112064510063,s112064510069,1,2297,2302
s112064510063,s112064510073,1,2297,2304
s112064510066,s112064510051,1,2299,2287
s112064510066,s112064510058,1,2299,2292
s112064510066,s112064510059,1,2299,2293
s112064510069,s112064510048,1,2302,2284
s112064510069,s112064510060,1,2302,2294
s112064510070,s112064510051,1,2303,2287
s112064510070,s112064510055,1,2303,2290
s112064510070,s112064510058,1,2303,2292
s112064510070,s112064510065,1,2303,2298
s112064515025,s112064515027,1,2305,2307
s112064515025,s112064515036,1,2305,2315
s112064515025,s112064515037,1,2305,2316
s112064515026,s112064515039,1,2306,2318
s112064515027,s112064515025,1,2307,2305
s112064515027,s112064515043,1,2307,2322
s112064515027,s112064515044,1,2307,2323
s112064515027,s112064515046,1,2307,2325
s112064515027,s112064515047,1,2307,2326
s112064515034,s112064515041,1,2313,2320
s112064515034,s112064515044,1,2313,2323
s112064515034,s112064515046,1,2313,2325
s112064515034,s112064515048,1,2313,2327
s112064515034,s112064515050,1,2313,2329
s112064515037,s112064515043,1,2316,2322
s112064515040,s112064515026,1,2319,2306
s112064515040,s112064515043,1,2319,2322
s112064515040,s112064515050,1,2319,2329
s112064515041,s112064515046,1,2320,2325
s112064515044,s112064515025,1,2323,2305
s112064515044,s112064515026,1,2323,2306
s112064515044,s112064515043,1,2323,2322
s112064515044,s112064515046,1,2323,2325
s112064515045,s112064515041,1,2324,2320
s112064515045,s112064515042,1,2324,2321
s112064515045,s112064515047,1,2324,2326
s112064515046,s112064515041,1,2325,2320
s112064515046,s112064515042,1,2325,2321
s112064515046,s112064515044,1,2325,2323
s112064515046,s112064515048,1,2325,2327
s112064515046,s112064515049,1,2325,2328
s112064515047,s112064515025,1,2326,2305
s112064515047,s112064515026,1,2326,2306
s112064515047,s112064515027,1,2326,2307
s112064515049,s112064515046,1,2328,2325
s112064515050,s112064515043,1,2329,2322
s112064515050,s112064515044,1,2329,2323
s112064515050,s112064515046,1,2329,2325
s112064515050,s112064515047,1,2329,2326
s112064515057,s112064515053,1,2334,2332
s112064515057,s112064515056,1,2334,2333
s112064515057,s112064515078,1,2334,2351
s112064515064,s112064515053,1,2340,2332
s112064515064,s112064515056,1,2340,2333
s112064515066,s112064515053,1,2341,2332
s112064515066,s112064515056,1,2341,2333
s112064515068,s112064515056,1,2343,2333
s112064515068,s112064515071,1,2343,2346
s112064515068,s112064515072,1,2343,2347
s112064515069,s112064515053,1,2344,2332
s112064515069,s112064515056,1,2344,2333
s112064515069,s112064515072,1,2344,2347
s112064515069,s112064515073,1,2344,2348
s112064515072,s112064515053,1,2347,2332
s112064515072,s112064515056,1,2347,2333
s112064515072,s112064515064,1,2347,2340
s112064515073,s112064515053,1,2348,2332
s112064515073,s112064515056,1,2348,2333
s112064515073,s112064515064,1,2348,2340
s112064515076,s112064515056,1,2349,2333
s112064515077,s112064515056,1,2350,2333
s112064519024,s112064519033,1,2353,2359
s112064519024,s112064519043,1,2353,2364
s112064519026,s112064519043,1,2354,2364
s112064519031,s112064519043,1,2357,2364
s112064519033,s112064519026,1,2359,2354
s112064519033,s112064519027,1,2359,2355
s112064519033,s112064519040,1,2359,2363
s112064519040,s112064519028,1,2363,2356
s112064519040,s112064519033,1,2363,2359
s112064519043,s112064519024,1,2364,2353
s112064519043,s112064519032,1,2364,2358
s112064519043,s112064519033,1,2364,2359
s112064519043,s112064519040,1,2364,2363
s112064521025,s112064521035,1,2367,2376
s112064521027,s112064521028,1,2368,2369
s112064521028,s112064521025,1,2369,2367
s112064521030,s112064521025,1,2371,2367
s112064521030,s112064521028,1,2371,2369
s112064521030,s112064521032,1,2371,2373
s112064521030,s112064521035,1,2371,2376
s112064521030,s112064521036,1,2371,2377
s112064521031,s112064521025,1,2372,2367
s112064521031,s112064521028,1,2372,2369
s112064521032,s112064521025,1,2373,2367
s112064521032,s112064521027,1,2373,2368
s112064521032,s112064521028,1,2373,2369
s112064521032,s112064521029,1,2373,2370
s112064521033,s112064521028,1,2374,2369
s112064521034,s112064521028,1,2375,2369
s112064521035,s112064521028,1,2376,2369
s112064521043,s112064521046,1,2382,2384
s112064521043,s112064521047,1,2382,2385
s112064521043,s112064521048,1,2382,2386
s112064521043,s112064521049,1,2382,2387
s112064521043,s112064521050,1,2382,2388
s112064521045,s112064521041,1,2383,2380
s112064521045,s112064521042,1,2383,2381
s112064521045,s112064521050,1,2383,2388
s112064521046,s112064521041,1,2384,2380
s112064521046,s112064521042,1,2384,2381
s112064521046,s112064521043,1,2384,2382
s112064521047,s112064521039,1,2385,2378
s112064521047,s112064521042,1,2385,2381
s112064521047,s112064521043,1,2385,2382
s112064521048,s112064521041,1,2386,2380
s112064521048,s112064521042,1,2386,2381
s112064521048,s112064521045,1,2386,2383
s112064521049,s112064521041,1,2387,2380
s112064521049,s112064521042,1,2387,2381
s112064521049,s112064521043,1,2387,2382
s112064521049,s112064521050,1,2387,2388
s112064523024,s112064523030,1,2410,2414
s112064523024,s112064523032,1,2410,2415
s112064523024,s112064523033,1,2410,2416
s112064523027,s112064523024,1,2411,2410
s112064523030,s112064523024,1,2414,2410
s112064523030,s112064523032,1,2414,2415
s112064523030,s112064523033,1,2414,2416
s112064523030,s113064523006,1,2414,2425
s112064523032,s112064523024,1,2415,2410
s112064523033,s112064523027,1,2416,2411
s112064523033,s112064523030,1,2416,2414
s112064523036,s112064523024,1,2418,2410
s112064523040,s112064523024,1,2420,2410
s112064523040,s112064523029,1,2420,2413
s112064523040,s113064523004,1,2420,2424
s112064523050,s112064523054,1,2389,2393
s112064523050,s112064523064,1,2389,2403
s112064523050,s112064523069,1,2389,2407
s112064523051,s112064523056,1,2390,2395
s112064523051,s112064523057,1,2390,2396
s112064523051,s112064523064,1,2390,2403
s112064523051,s112064523069,1,2390,2407
s112064523052,s112064523054,1,2391,2393
s112064523052,s112064523056,1,2391,2395
s112064523052,s112064523067,1,2391,2405
s112064523052,s112064523069,1,2391,2407
s112064523053,s112064523062,1,2392,2401
s112064523053,s112064523063,1,2392,2402
s112064523053,s112064523064,1,2392,2403
s112064523053,s112064523069,1,2392,2407
s112064523053,s112064523071,1,2392,2409
s112064523054,s112064523064,1,2393,2403
s112064523054,s112064523067,1,2393,2405
s112064523054,s112064523069,1,2393,2407
s112064523054,s112064523071,1,2393,2409
s112064523057,s112064523059,1,2396,2398
s112064523057,s112064523061,1,2396,2400
s112064523057,s112064523063,1,2396,2402
s112064523057,s112064523064,1,2396,2403
s112064523058,s112064523056,1,2397,2395
s112064523058,s112064523057,1,2397,2396
s112064523058,s112064523069,1,2397,2407
s112064523059,s112064523057,1,2398,2396
s112064523059,s112064523065,1,2398,2404
s112064523059,s112064523069,1,2398,2407
s112064523060,s112064523051,1,2399,2390
s112064523060,s112064523053,1,2399,2392
s112064523060,s112064523054,1,2399,2393
s112064523060,s112064523069,1,2399,2407
s112064523061,s112064523069,1,2400,2407
s112064523062,s112064523069,1,2401,2407
s112064523063,s112064523057,1,2402,2396
s112064523063,s112064523059,1,2402,2398
s112064523063,s112064523064,1,2402,2403
s112064523063,s112064523069,1,2402,2407
s112064523064,s112064523051,1,2403,2390
s112064523064,s112064523054,1,2403,2393
s112064523064,s112064523056,1,2403,2395
s112064523064,s112064523057,1,2403,2396
s112064523065,s112064523054,1,2404,2393
s112064523065,s112064523067,1,2404,2405
s112064523065,s112064523068,1,2404,2406
s112064523065,s112064523069,1,2404,2407
s112064523067,s112064523057,1,2405,2396
s112064523067,s112064523064,1,2405,2403
s112064523067,s112064523069,1,2405,2407
s112064523068,s112064523054,1,2406,2393
s112064523068,s112064523057,1,2406,2396
s112064523068,s112064523069,1,2406,2407
s112064523071,s112064523051,1,2409,2390
s112064523071,s112064523054,1,2409,2393
s112064523071,s112064523063,1,2409,2402
s112064523071,s112064523064,1,2409,2403
s112064523071,s112064523069,1,2409,2407
s112064526024,s112064526036,1,2426,2436
s112064526024,s112064526050,1,2426,2448
s112064526028,s112064526024,1,2429,2426
s112064526028,s112064526026,1,2429,2428
s112064526028,s112064526029,1,2429,2430
s112064526028,s112064526034,1,2429,2435
s112064526028,s112064526050,1,2429,2448
s112064526029,s112064526028,1,2430,2429
s112064526029,s112064526036,1,2430,2436
s112064526029,s112064526049,1,2430,2447
s112064526030,s112064526028,1,2431,2429
s112064526030,s112064526036,1,2431,2436
s112064526030,s112064526045,1,2431,2444
s112064526031,s112064526034,1,2432,2435
s112064526031,s112064526036,1,2432,2436
s112064526031,s112064526037,1,2432,2437
s112064526031,s112064526050,1,2432,2448
s112064526033,s112064526028,1,2434,2429
s112064526033,s112064526029,1,2434,2430
s112064526033,s112064526036,1,2434,2436
s112064526033,s112064526041,1,2434,2440
s112064526033,s112064526050,1,2434,2448
s112064526034,s112064526028,1,2435,2429
s112064526034,s112064526041,1,2435,2440
s112064526034,s112064526044,1,2435,2443
s112064526034,s112064526050,1,2435,2448
s112064526037,s112064526028,1,2437,2429
s112064526037,s112064526034,1,2437,2435
s112064526037,s112064526042,1,2437,2441
s112064526037,s112064526050,1,2437,2448
s112064526038,s112064526024,1,2438,2426
s112064526038,s112064526036,1,2438,2436
s112064526038,s112064526042,1,2438,2441
s112064526038,s112064526045,1,2438,2444
s112064526039,s112064526025,1,2439,2427
s112064526039,s112064526028,1,2439,2429
s112064526039,s112064526036,1,2439,2436
s112064526039,s112064526042,1,2439,2441
s112064526041,s112064526028,1,2440,2429
s112064526041,s112064526036,1,2440,2436
s112064526043,s112064526028,1,2442,2429
s112064526043,s112064526029,1,2442,2430
s112064526043,s112064526034,1,2442,2435
s112064526043,s112064526036,1,2442,2436
s112064526044,s112064526028,1,2443,2429
s112064526044,s112064526029,1,2443,2430
s112064526044,s112064526034,1,2443,2435
s112064526044,s112064526036,1,2443,2436
s112064526045,s112064526044,1,2444,2443
s112064526045,s112064526049,1,2444,2447
s112064526046,s112064526028,1,2445,2429
s112064526046,s112064526034,1,2445,2435
s112064526046,s112064526036,1,2445,2436
s112064526047,s112064526028,1,2446,2429
s112064526047,s112064526032,1,2446,2433
s112064526047,s112064526036,1,2446,2436
s112064526047,s112064526042,1,2446,2441
s112064526049,s112064526029,1,2447,2430
s112064526049,s112064526036,1,2447,2436
s112064526049,s112064526050,1,2447,2448
s112064526050,s112064526028,1,2448,2429
s112064526050,s112064526036,1,2448,2436
s112064526050,s112064526042,1,2448,2441
s112064526050,s112064526045,1,2448,2444
s112064526055,s112064526067,1,2450,2457
s112064526055,s112064526069,1,2450,2459
s112064526055,s112064526075,1,2450,2462
s112064526056,s112064526069,1,2451,2459
s112064526056,s112064526075,1,2451,2462
s112064526060,s112064526069,1,2452,2459
s112064526060,s112064526075,1,2452,2462
s112064526074,s112064526063,1,2461,2454
s112064526074,s112064526069,1,2461,2459
s112064526075,s112064526064,1,2462,2455
s112064537025,s112064537034,1,2480,2484
s112064537025,s112064537036,1,2480,2485
s112064537025,s112064537038,1,2480,2486
s112064537032,s112064537025,1,2482,2480
s112064537033,s112064537025,1,2483,2480
s112064537036,s112064537025,1,2485,2480
s112064537038,s112064537025,1,2486,2480
s112064537038,s112064537033,1,2486,2483
s112064537045,s112064537049,1,2470,2471
s112064537050,s112064537049,1,2472,2471
s112064537051,s112064537049,1,2473,2471
s112064537052,s112064537049,1,2474,2471
s112064537052,s112064537050,1,2474,2472
s112064537052,s112064537058,1,2474,2477
s112064537061,s112064537049,1,2479,2471
s112064537061,s112064537050,1,2479,2472
s112064538024,s112064538029,1,2516,2519
s112064538024,s112064538033,1,2516,2522
s112064538024,s112064538035,1,2516,2524
s112064538024,s112064538043,1,2516,2531
s112064538024,s112064538047,1,2516,2535
s112064538027,s112064538032,1,2517,2521
s112064538027,s112064538043,1,2517,2531
s112064538027,s113064538004,1,2517,2541
s112064538029,s112064538032,1,2519,2521
s112064538029,s112064538044,1,2519,2532
s112064538029,s113064538004,1,2519,2541
s112064538032,s112064538024,1,2521,2516
s112064538032,s112064538027,1,2521,2517
s112064538032,s112064538035,1,2521,2524
s112064538032,s112064538046,1,2521,2534
s112064538032,s112064538050,1,2521,2538
s112064538033,s112064538024,1,2522,2516
s112064538033,s112064538030,1,2522,2520
s112064538034,s112064538024,1,2523,2516
s112064538034,s112064538029,1,2523,2519
s112064538034,s112064538032,1,2523,2521
s112064538036,s112064538032,1,2525,2521
s112064538036,s112064538039,1,2525,2527
s112064538036,s112064538040,1,2525,2528
s112064538036,s112064538041,1,2525,2529
s112064538036,s112064538042,1,2525,2530
s112064538037,s112064538032,1,2526,2521
s112064538037,s112064538036,1,2526,2525
s112064538037,s112064538044,1,2526,2532
s112064538037,s113064538004,1,2526,2541
s112064538039,s112064538036,1,2527,2525
s112064538040,s112064538033,1,2528,2522
s112064538040,s112064538036,1,2528,2525
s112064538043,s112064538032,1,2531,2521
s112064538043,s112064538033,1,2531,2522
s112064538043,s112064538036,1,2531,2525
s112064538043,s112064538047,1,2531,2535
s112064538043,s113064538003,1,2531,2540
s112064538044,s112064538036,1,2532,2525
s112064538046,s112064538032,1,2534,2521
s112064538046,s112064538036,1,2534,2525
s112064538046,s112064538039,1,2534,2527
s112064538046,s112064538049,1,2534,2537
s112064538047,s112064538032,1,2535,2521
s112064538047,s112064538036,1,2535,2525
s112064538047,s112064538039,1,2535,2527
s112064538047,s112064538044,1,2535,2532
s112064538047,s113064538004,1,2535,2541
s112064538048,s112064538032,1,2536,2521
s112064538048,s112064538036,1,2536,2525
s112064538048,s112064538049,1,2536,2537
s112064538048,s113064538004,1,2536,2541
s112064538049,s112064538036,1,2537,2525
s112064538050,s112064538032,1,2538,2521
s112064538050,s112064538036,1,2538,2525
s112064538051,s112064538032,1,2539,2521
s112064538051,s112064538036,1,2539,2525
s112064538057,s112064538062,1,2491,2496
s112064538059,s112064538064,1,2493,2498
s112064538059,s112064538075,1,2493,2508
s112064538060,s112064538058,1,2494,2492
s112064538060,s112064538059,1,2494,2493
s112064538060,s112064538064,1,2494,2498
s112064538060,s112064538070,1,2494,2503
s112064538060,s112064538077,1,2494,2510
s112064538061,s112064538064,1,2495,2498
s112064538061,s112064538075,1,2495,2508
s112064538062,s112064538055,1,2496,2489
s112064538062,s112064538067,1,2496,2501
s112064538062,s112064538069,1,2496,2502
s112064538062,s112064538075,1,2496,2508
s112064538062,s113064538006,1,2496,2514
s112064538063,s112064538058,1,2497,2492
s112064538063,s112064538075,1,2497,2508
s112064538063,s112064538077,1,2497,2510
s112064538063,s112064538079,1,2497,2512
s112064538063,s113064538006,1,2497,2514
s112064538065,s112064538057,1,2499,2491
s112064538065,s112064538062,1,2499,2496
s112064538065,s112064538066,1,2499,2500
s112064538065,s112064538069,1,2499,2502
s112064538065,s112064538075,1,2499,2508
s112064538071,s112064538075,1,2504,2508
s112064538073,s112064538057,1,2506,2491
s112064538073,s112064538062,1,2506,2496
s112064538073,s112064538063,1,2506,2497
s112064538073,s112064538064,1,2506,2498
s112064538073,s112064538075,1,2506,2508
s112064538074,s112064538057,1,2507,2491
s112064538074,s112064538060,1,2507,2494
s112064538074,s112064538062,1,2507,2496
s112064538074,s112064538063,1,2507,2497
s112064538074,s112064538079,1,2507,2512
s112064538076,s112064538059,1,2509,2493
s112064538076,s112064538064,1,2509,2498
s112064538076,s112064538072,1,2509,2505
s112064538076,s112064538073,1,2509,2506
s112064538076,s113064538006,1,2509,2514
s112064543033,s113064543004,1,2548,2559
s112064543038,s112064543025,1,2552,2542
s112064543038,s113064543005,1,2552,2560
s112064543041,s113064543004,1,2554,2559
s112064543041,s113064543005,1,2554,2560
s112064543042,s113064543004,1,2555,2559
s112064543042,s113064543005,1,2555,2560
s112064543045,s112064543034,1,2557,2549
s112064543045,s113064543004,1,2557,2559
s112064543045,s113064543005,1,2557,2560
s112064543048,s113064543004,1,2558,2559
s112064543048,s113064543005,1,2558,2560
s112064543052,s112064543057,1,2561,2564
s112064543052,s112064543065,1,2561,2569
s112064543055,s112064543057,1,2563,2564
s112064543060,s112064543057,1,2565,2564
s112064543061,s112064543052,1,2566,2561
s112064543061,s112064543057,1,2566,2564
s112064543061,s112064543068,1,2566,2572
s112064543062,s112064543052,1,2567,2561
s112064543062,s112064543057,1,2567,2564
s112064543062,s112064543065,1,2567,2569
s112064543062,s112064543067,1,2567,2571
s112064543064,s112064543057,1,2568,2564
s112064543064,s112064543069,1,2568,2573
s112064543065,s112064543066,1,2569,2570
s112064543065,s112064543067,1,2569,2571
s112064543065,s112064543069,1,2569,2573
s112064543066,s112064543057,1,2570,2564
s112064543067,s112064543057,1,2571,2564
s112064545024,s112064545029,1,2575,2579
s112064545024,s112064545030,1,2575,2580
s112064545025,s112064545029,1,2576,2579
s112064545025,s112064545031,1,2576,2581
s112064545030,s112064545024,1,2580,2575
s112064545036,s112064545024,1,2584,2575
s112064545036,s112064545026,1,2584,2577
s112064545036,s112064545028,1,2584,2578
s112064545037,s112064545024,1,2585,2575
s112064545038,s112064545024,1,2586,2575
s112064545050,s112064545045,1,2591,2588
s112064545050,s112064545055,1,2591,2596
s112064545051,s112064545060,1,2592,2601
s112064545053,s112064545045,1,2594,2588
s112064545053,s112064545058,1,2594,2599
s112064545055,s112064545045,1,2596,2588
s112064546024,s112064546028,1,2628,2632
s112064546024,s112064546032,1,2628,2635
s112064546024,s112064546033,1,2628,2636
s112064546024,s112064546046,1,2628,2646
s112064546024,s112064546048,1,2628,2648
s112064546025,s112064546024,1,2629,2628
s112064546025,s112064546038,1,2629,2638
s112064546026,s112064546024,1,2630,2628
s112064546030,s112064546033,1,2633,2636
s112064546030,s112064546040,1,2633,2640
s112064546030,s112064546048,1,2633,2648
s112064546030,s112064546049,1,2633,2649
s112064546032,s112064546024,1,2635,2628
s112064546032,s112064546038,1,2635,2638
s112064546032,s112064546043,1,2635,2643
s112064546032,s112064546046,1,2635,2646
s112064546033,s112064546024,1,2636,2628
s112064546033,s112064546038,1,2636,2638
s112064546033,s112064546046,1,2636,2646
s112064546033,s112064546048,1,2636,2648
s112064546037,s112064546038,1,2637,2638
s112064546037,s112064546044,1,2637,2644
s112064546037,s112064546046,1,2637,2646
s112064546038,s112064546024,1,2638,2628
s112064546038,s112064546025,1,2638,2629
s112064546038,s112064546026,1,2638,2630
s112064546038,s112064546032,1,2638,2635
s112064546038,s112064546048,1,2638,2648
s112064546040,s112064546024,1,2640,2628
s112064546040,s112064546025,1,2640,2629
s112064546040,s112064546026,1,2640,2630
s112064546040,s112064546030,1,2640,2633
s112064546042,s112064546024,1,2642,2628
s112064546042,s112064546025,1,2642,2629
s112064546042,s112064546026,1,2642,2630
s112064546042,s112064546046,1,2642,2646
s112064546042,s112064546048,1,2642,2648
s112064546043,s112064546024,1,2643,2628
s112064546043,s112064546040,1,2643,2640
s112064546044,s112064546030,1,2644,2633
s112064546044,s112064546048,1,2644,2648
s112064546048,s112064546024,1,2648,2628
s112064546048,s112064546038,1,2648,2638
s112064546050,s112064546024,1,2650,2628
s112064546050,s112064546025,1,2650,2629
s112064546050,s112064546026,1,2650,2630
s112064546050,s112064546027,1,2650,2631
s112064546053,s112064546054,1,2603,2604
s112064546053,s112064546055,1,2603,2605
s112064546053,s112064546075,1,2603,2624
s112064546053,s112064546077,1,2603,2626
s112064546055,s112064546067,1,2605,2616
s112064546055,s112064546068,1,2605,2617
s112064546055,s112064546070,1,2605,2619
s112064546055,s112064546074,1,2605,2623
s112064546055,s112064546076,1,2605,2625
s112064546058,s112064546066,1,2607,2615
s112064546058,s112064546070,1,2607,2619
s112064546058,s112064546072,1,2607,2621
s112064546058,s112064546075,1,2607,2624
s112064546058,s113064546004,1,2607,2627
s112064546059,s112064546055,1,2608,2605
s112064546059,s112064546066,1,2608,2615
s112064546059,s112064546075,1,2608,2624
s112064546059,s112064546076,1,2608,2625
s112064546059,s112064546077,1,2608,2626
s112064546066,s112064546055,1,2615,2605
s112064546067,s112064546055,1,2616,2605
s112064546068,s112064546055,1,2617,2605
s112064546070,s112064546055,1,2619,2605
s112064546070,s112064546077,1,2619,2626
s112064546071,s112064546055,1,2620,2605
s112064546071,s112064546067,1,2620,2616
s112064546071,s112064546077,1,2620,2626
s112064546073,s112064546055,1,2622,2605
s112064546076,s112064546055,1,2625,2605
s112064546077,s112064546055,1,2626,2605
s112064548025,s112064548033,1,2652,2658
s112064548027,s112064548030,1,2653,2655
s112064548027,s112064548033,1,2653,2658
s112064548031,s112064548033,1,2656,2658
s112064548033,s112064548027,1,2658,2653
s112064548033,s112064548030,1,2658,2655
s112064548033,s112064548031,1,2658,2656
s112064548033,s112064548039,1,2658,2664
s112064548034,s112064548027,1,2659,2653
s112064548034,s112064548033,1,2659,2658
s112064548034,s112064548048,1,2659,2671
s112064548036,s112064548039,1,2661,2664
s112064548036,s112064548048,1,2661,2671
s112064548040,s112064548039,1,2665,2664
s112064548040,s112064548048,1,2665,2671
s112064548041,s112064548027,1,2666,2653
s112064548041,s112064548033,1,2666,2658
s112064548041,s112064548048,1,2666,2671
s112064548042,s112064548039,1,2667,2664
s112064548043,s112064548027,1,2668,2653
s112064548043,s112064548039,1,2668,2664
s112064548043,s112064548048,1,2668,2671
s112064548044,s112064548027,1,2669,2653
s112064548044,s112064548039,1,2669,2664
s112064548044,s112064548048,1,2669,2671
s112064548047,s112064548027,1,2670,2653
s112064548049,s112064548031,1,2672,2656
s112064548049,s112064548039,1,2672,2664
s112064548049,s112064548048,1,2672,2671
s112064548050,s112064548039,1,2673,2664
s112064548054,s112064548067,1,2675,2684
s112064548054,s112064548073,1,2675,2690
s112064548059,s112064548067,1,2679,2684
s112064548059,s112064548074,1,2679,2691
s112064548065,s112064548062,1,2683,2681
s112064548065,s112064548067,1,2683,2684
s112064548065,s112064548072,1,2683,2689
s112064548067,s112064548057,1,2684,2677
s112064548067,s112064548070,1,2684,2687
s112064548067,s112064548075,1,2684,2692
s112064548073,s112064548075,1,2690,2692
s112064548074,s112064548071,1,2691,2688
s112064548075,s112064548062,1,2692,2681
s112064548075,s112064548073,1,2692,2690
s112064548075,s112064548074,1,2692,2691
s112064548076,s112064548057,1,2693,2677
s112064548076,s112064548062,1,2693,2681
s112064548076,s112064548074,1,2693,2691
s112064548076,s112064548075,1,2693,2692
s112064548077,s112064548067,1,2694,2684
s112064551024,s112064551028,1,2696,2700
s112064551024,s112064551030,1,2696,2702
s112064551025,s112064551028,1,2697,2700
s112064551025,s112064551030,1,2697,2702
s112064551026,s112064551033,1,2698,2705
s112064551027,s112064551028,1,2699,2700
s112064551027,s112064551030,1,2699,2702
s112064551027,s112064551039,1,2699,2710
s112064551028,s112064551039,1,2700,2710
s112064551029,s112064551028,1,2701,2700
s112064551029,s112064551039,1,2701,2710
s112064551031,s112064551028,1,2703,2700
s112064551031,s112064551030,1,2703,2702
s112064551031,s112064551033,1,2703,2705
s112064551033,s112064551028,1,2705,2700
s112064551034,s112064551028,1,2706,2700
s112064551034,s112064551030,1,2706,2702
s112064551034,s112064551039,1,2706,2710
s112064551035,s112064551028,1,2707,2700
s112064551035,s112064551030,1,2707,2702
s112064551035,s112064551039,1,2707,2710
s112064551037,s112064551028,1,2708,2700
s112064551037,s112064551030,1,2708,2702
s112064551040,s112064551028,1,2711,2700
s112064551040,s112064551030,1,2711,2702
s112064551040,s112064551039,1,2711,2710
s112064551041,s112064551028,1,2712,2700
s112064551041,s112064551029,1,2712,2701
s112064551041,s112064551030,1,2712,2702
s112064551041,s112064551039,1,2712,2710
s112064551043,s112064551028,1,2714,2700
s112064551043,s112064551030,1,2714,2702
s112064551046,s112064551028,1,2717,2700
s112064551046,s112064551030,1,2717,2702
s112064551048,s112064551028,1,2719,2700
s112064551048,s112064551030,1,2719,2702
s112064551048,s112064551039,1,2719,2710
s112064551051,s112064551060,1,2720,2727
s112064551051,s112064551070,1,2720,2733
s112064551051,s112064551076,1,2720,2739
s112064551051,s112064551077,1,2720,2740
s112064551053,s112064551077,1,2721,2740
s112064551055,s112064551054,1,2723,2722
s112064551055,s112064551063,1,2723,2728
s112064551055,s112064551067,1,2723,2730
s112064551055,s112064551074,1,2723,2737
s112064551058,s112064551070,1,2726,2733
s112064551058,s112064551074,1,2726,2737
s112064551058,s112064551076,1,2726,2739
s112064551058,s112064551077,1,2726,2740
s112064551063,s112064551055,1,2728,2723
s112064551063,s112064551067,1,2728,2730
s112064551063,s112064551074,1,2728,2737
s112064551063,s112064551077,1,2728,2740
s112064551067,s112064551063,1,2730,2728
s112064551067,s112064551070,1,2730,2733
s112064551067,s112064551076,1,2730,2739
s112064551067,s112064551077,1,2730,2740
s112064551069,s112064551063,1,2732,2728
s112064551070,s112064551055,1,2733,2723
s112064551070,s112064551067,1,2733,2730
s112064551073,s112064551054,1,2736,2722
s112064551073,s112064551055,1,2736,2723
s112064551073,s112064551077,1,2736,2740
s112064551075,s112064551058,1,2738,2726
s112064551075,s112064551076,1,2738,2739
s112064551075,s112064551077,1,2738,2740
s112071311031,s112071311045,1,2743,2750
s112071311032,s112071311045,1,2744,2750
s112071311034,s112071311045,1,2745,2750
s112071311039,s112071311045,1,2747,2750
s112071311039,s112071311064,1,2747,2759
s112071311040,s112071311045,1,2748,2750
s112071311040,s112071311050,1,2748,2752
s112071311045,s112071311039,1,2750,2747
s112071311045,s112071311050,1,2750,2752
s112071311045,s112071311063,1,2750,2758
s112071311047,s112071311045,1,2751,2750
s112071311052,s112071311024,1,2753,2741
s112071311052,s112071311045,1,2753,2750
s112071311052,s112071311070,1,2753,2761
s112071311056,s112071311045,1,2755,2750
s112071311061,s112071311045,1,2757,2750
s112071311061,s112071311050,1,2757,2752
s112071311063,s112071311039,1,2758,2747
s112071311063,s112071311045,1,2758,2750
s112071311063,s112071311070,1,2758,2761
s112071311070,s112071311045,1,2761,2750
s112071311070,s112071311050,1,2761,2752
s112071311070,s112071311064,1,2761,2759
s112071311070,s112071311071,1,2761,2762
s112071311098,s112071311080,1,2774,2765
s112071311098,s112071311105,1,2774,2777
s112071311116,s112071311102,1,2779,2775
s112071318023,s112071318024,1,2782,2783
s112071318023,s112071318025,1,2782,2784
s112071318023,s112071318030,1,2782,2786
s112071318026,s113071318002,1,2785,2787
s112071318030,s112071318023,1,2786,2782
s112074323025,s112074323037,1,2789,2798
s112074323025,s112074323042,1,2789,2803
s112074323029,s112074323027,1,2793,2791
s112074323029,s112074323033,1,2793,2796
s112074323029,s112074323034,1,2793,2797
s112074323030,s112074323025,1,2794,2789
s112074323030,s112074323033,1,2794,2796
s112074323030,s112074323034,1,2794,2797
s112074323030,s112074323042,1,2794,2803
s112074323031,s112074323024,1,2795,2788
s112074323031,s112074323025,1,2795,2789
s112074323031,s112074323026,1,2795,2790
s112074323031,s112074323029,1,2795,2793
s112074323031,s112074323030,1,2795,2794
s112074323033,s112074323024,1,2796,2788
s112074323033,s112074323030,1,2796,2794
s112074323033,s112074323039,1,2796,2800
s112074323033,s112074323044,1,2796,2804
s112074323033,s112074323047,1,2796,2807
s112074323039,s112074323033,1,2800,2796
s112074323042,s112074323044,1,2803,2804
s112074323051,s112074323055,1,2809,2812
s112074323051,s112074323065,1,2809,2821
s112074323051,s112074323069,1,2809,2825
s112074323051,s112074323072,1,2809,2828
s112074323054,s112074323051,1,2811,2809
s112074323054,s112074323057,1,2811,2814
s112074323054,s112074323059,1,2811,2816
s112074323055,s112074323051,1,2812,2809
s112074323055,s112074323057,1,2812,2814
s112074323055,s112074323059,1,2812,2816
s112074323059,s112074323051,1,2816,2809
s112074323059,s112074323054,1,2816,2811
s112074323059,s112074323062,1,2816,2819
s112074323059,s112074323065,1,2816,2821
s112074323060,s112074323051,1,2817,2809
s112074323060,s112074323062,1,2817,2819
s112074323060,s112074323068,1,2817,2824
s112074323060,s112074323069,1,2817,2825
s112074323061,s112074323051,1,2818,2809
s112074323062,s112074323051,1,2819,2809
s112074323062,s112074323059,1,2819,2816
s112074323062,s112074323068,1,2819,2824
s112074323062,s112074323072,1,2819,2828
s112074323062,s112074323074,1,2819,2830
s112074323063,s112074323055,1,2820,2812
s112074323066,s112074323069,1,2822,2825
s112074323066,s112074323072,1,2822,2828
s112074323066,s112074323073,1,2822,2829
s112074323067,s112074323069,1,2823,2825
s112074323069,s112074323051,1,2825,2809
s112074323069,s112074323057,1,2825,2814
s112074323069,s112074323058,1,2825,2815
s112074323069,s112074323059,1,2825,2816
s112074323069,s112074323060,1,2825,2817
s112074323073,s112074323051,1,2829,2809
s112074323073,s112074323059,1,2829,2816
s112074323073,s112074323069,1,2829,2825
s112074505024,s112074505046,1,2833,2852
s112074505026,s112074505030,1,2835,2837
s112074505026,s112074505034,1,2835,2841
s112074505026,s112074505046,1,2835,2852
s112074505028,s112074505024,1,2836,2833
s112074505028,s112074505026,1,2836,2835
s112074505030,s112074505026,1,2837,2835
s112074505030,s112074505034,1,2837,2841
s112074505030,s112074505035,1,2837,2842
s112074505030,s112074505044,1,2837,2850
s112074505030,s112074505046,1,2837,2852
s112074505031,s112074505034,1,2838,2841
s112074505031,s112074505037,1,2838,2844
s112074505031,s112074505041,1,2838,2848
s112074505031,s112074505044,1,2838,2850
s112074505031,s112074505046,1,2838,2852
s112074505035,s112074505037,1,2842,2844
s112074505035,s112074505041,1,2842,2848
s112074505035,s112074505043,1,2842,2849
s112074505035,s112074505044,1,2842,2850
s112074505035,s112074505046,1,2842,2852
s112074505038,s112074505030,1,2845,2837
s112074505038,s112074505031,1,2845,2838
s112074505038,s112074505032,1,2845,2839
s112074505038,s112074505034,1,2845,2841
s112074505038,s112074505035,1,2845,2842
s112074505039,s112074505030,1,2846,2837
s112074505039,s112074505031,1,2846,2838
s112074505039,s112074505032,1,2846,2839
s112074505039,s112074505034,1,2846,2841
s112074505039,s112074505035,1,2846,2842
s112074505041,s112074505030,1,2848,2837
s112074505041,s112074505032,1,2848,2839
s112074505041,s112074505035,1,2848,2842
s112074505041,s112074505038,1,2848,2845
s112074505041,s112074505046,1,2848,2852
s112074505043,s112074505032,1,2849,2839
s112074505043,s112074505034,1,2849,2841
s112074505043,s112074505035,1,2849,2842
s112074505043,s112074505038,1,2849,2845
s112074505043,s112074505046,1,2849,2852
s112074505044,s112074505034,1,2850,2841
s112074505044,s112074505035,1,2850,2842
s112074505048,s112074505024,1,2853,2833
s112074505048,s112074505028,1,2853,2836
s112074505048,s112074505038,1,2853,2845
s112074505048,s112074505043,1,2853,2849
s112074505049,s112074505028,1,2854,2836
s112074505049,s112074505038,1,2854,2845
s112074505049,s112074505043,1,2854,2849
s112074505051,s112074505032,1,2855,2839
s112074505051,s112074505035,1,2855,2842
s112074505054,s112074505056,1,2856,2858
s112074505054,s112074505062,1,2856,2864
s112074505054,s112074505080,1,2856,2878
s112074505056,s112074505066,1,2858,2867
s112074505056,s112074505067,1,2858,2868
s112074505056,s112074505078,1,2858,2876
s112074505056,s112074505080,1,2858,2878
s112074505059,s112074505054,1,2861,2856
s112074505059,s112074505063,1,2861,2865
s112074505059,s112074505080,1,2861,2878
s112074505060,s112074505058,1,2862,2860
s112074505060,s112074505059,1,2862,2861
s112074505060,s112074505061,1,2862,2863
s112074505060,s112074505080,1,2862,2878
s112074505061,s112074505078,1,2863,2876
s112074505061,s112074505080,1,2863,2878
s112074505062,s112074505060,1,2864,2862
s112074505062,s112074505066,1,2864,2867
s112074505062,s112074505080,1,2864,2878
s112074505063,s112074505080,1,2865,2878
s112074505065,s112074505080,1,2866,2878
s112074505067,s112074505080,1,2868,2878
s112074505069,s112074505065,1,2870,2866
s112074505069,s112074505078,1,2870,2876
s112074505069,s112074505080,1,2870,2878
s112074505072,s112074505054,1,2871,2856
s112074505072,s112074505078,1,2871,2876
s112074505072,s112074505080,1,2871,2878
s112074505074,s112074505080,1,2872,2878
s112074505075,s112074505080,1,2873,2878
s112074505078,s112074505065,1,2876,2866
s112074505078,s112074505066,1,2876,2867
s112074505078,s112074505075,1,2876,2873
s112074505078,s112074505076,1,2876,2874
s112074505078,s112074505080,1,2876,2878
s112074505080,s112074505057,1,2878,2859
s112074505080,s112074505058,1,2878,2860
s112074505080,s112074505061,1,2878,2863
s112074505080,s112074505063,1,2878,2865
s112074505080,s112074505072,1,2878,2871
s112074505081,s112074505060,1,2879,2862
s112074505081,s112074505078,1,2879,2876
s112074505081,s112074505080,1,2879,2878
s112074510024,s112074510043,1,2880,2896
s112074510024,s113074510003,1,2880,2904
s112074510027,s112074510032,1,2883,2888
s112074510027,s112074510046,1,2883,2899
s112074510027,s113074510003,1,2883,2904
s112074510028,s113074510003,1,2884,2904
s112074510031,s112074510025,1,2887,2881
s112074510031,s112074510029,1,2887,2885
s112074510031,s112074510032,1,2887,2888
s112074510031,s112074510036,1,2887,2891
s112074510035,s113074510003,1,2890,2904
s112074510037,s112074510025,1,2892,2881
s112074510037,s112074510034,1,2892,2889
s112074510037,s112074510046,1,2892,2899
s112074510046,s112074510047,1,2899,2900
s112074510056,s112074510054,1,2909,2907
s112074510056,s112074510060,1,2909,2913
s112074510056,s112074510065,1,2909,2918
s112074510058,s112074510054,1,2911,2907
s112074510058,s112074510060,1,2911,2913
s112074510058,s112074510065,1,2911,2918
s112074510062,s112074510059,1,2915,2912
s112074510062,s112074510064,1,2915,2917
s112074510062,s112074510067,1,2915,2920
s112074510062,s112074510074,1,2915,2926
s112074510063,s112074510054,1,2916,2907
s112074510063,s112074510065,1,2916,2918
s112074510064,s112074510065,1,2917,2918
s112074510065,s112074510073,1,2918,2925
s112074510065,s112074510074,1,2918,2926
s112074510065,s112074510075,1,2918,2927
s112074510066,s112074510063,1,2919,2916
s112074510067,s112074510065,1,2920,2918
s112074510069,s112074510065,1,2922,2918
s112074510069,s112074510067,1,2922,2920
s112074510069,s112074510078,1,2922,2930
s112074510070,s112074510060,1,2923,2913
s112074510070,s112074510061,1,2923,2914
s112074510070,s112074510065,1,2923,2918
s112074510070,s112074510075,1,2923,2927
s112074510070,s113074510006,1,2923,2933
s112074510071,s112074510062,1,2924,2915
s112074510073,s112074510060,1,2925,2913
s112074510073,s112074510065,1,2925,2918
s112074510074,s112074510060,1,2926,2913
s112074510074,s112074510062,1,2926,2915
s112074510074,s112074510063,1,2926,2916
s112074510074,s112074510065,1,2926,2918
s112074510074,s113074510006,1,2926,2933
s112074510076,s112074510056,1,2928,2909
s112074510076,s112074510060,1,2928,2913
s112074510076,s112074510062,1,2928,2915
s112074510076,s112074510065,1,2928,2918
s112074510076,s112074510069,1,2928,2922
s112074510078,s112074510062,1,2930,2915
s112074510078,s112074510065,1,2930,2918
s112074510079,s112074510060,1,2931,2913
s112074510079,s112074510062,1,2931,2915
s112074510079,s112074510065,1,2931,2918
s112074510079,s112074510069,1,2931,2922
s112074510080,s112074510060,1,2932,2913
s112074510080,s112074510062,1,2932,2915
s112074510080,s112074510065,1,2932,2918
s112074510080,s112074510069,1,2932,2922
s112074511024,s112074511025,1,2934,2935
s112074511024,s112074511030,1,2934,2940
s112074511024,s112074511033,1,2934,2942
s112074511024,s112074511034,1,2934,2943
s112074511025,s112074511026,1,2935,2936
s112074511025,s112074511042,1,2935,2949
s112074511025,s112074511047,1,2935,2953
s112074511026,s112074511037,1,2936,2945
s112074511026,s112074511038,1,2936,2946
s112074511026,s112074511041,1,2936,2948
s112074511026,s112074511047,1,2936,2953
s112074511027,s112074511024,1,2937,2934
s112074511027,s112074511026,1,2937,2936
s112074511027,s112074511042,1,2937,2949
s112074511027,s112074511047,1,2937,2953
s112074511027,s112074511048,1,2937,2954
s112074511028,s112074511026,1,2938,2936
s112074511028,s112074511047,1,2938,2953
s112074511029,s112074511042,1,2939,2949
s112074511029,s112074511047,1,2939,2953
s112074511030,s112074511024,1,2940,2934
s112074511030,s112074511026,1,2940,2936
s112074511030,s112074511049,1,2940,2955
s112074511031,s112074511042,1,2941,2949
s112074511033,s112074511024,1,2942,2934
s112074511033,s112074511026,1,2942,2936
s112074511033,s112074511042,1,2942,2949
s112074511033,s112074511047,1,2942,2953
s112074511034,s112074511042,1,2943,2949
s112074511034,s112074511047,1,2943,2953
s112074511036,s112074511042,1,2944,2949
s112074511037,s112074511024,1,2945,2934
s112074511037,s112074511026,1,2945,2936
s112074511037,s112074511042,1,2945,2949
s112074511041,s112074511026,1,2948,2936
s112074511041,s112074511029,1,2948,2939
s112074511042,s112074511026,1,2949,2936
s112074511042,s112074511036,1,2949,2944
s112074511042,s112074511040,1,2949,2947
s112074511042,s112074511049,1,2949,2955
s112074511042,s112074511051,1,2949,2957
s112074511044,s112074511030,1,2951,2940
s112074511044,s112074511042,1,2951,2949
s112074511044,s112074511047,1,2951,2953
s112074511044,s112074511048,1,2951,2954
s112074511044,s112074511051,1,2951,2957
s112074511047,s112074511026,1,2953,2936
s112074511047,s112074511030,1,2953,2940
s112074511047,s112074511044,1,2953,2951
s112074511047,s112074511051,1,2953,2957
s112074511047,s113074511004,1,2953,2959
s112074511051,s112074511026,1,2957,2936
s112074511051,s112074511044,1,2957,2951
s112074511051,s112074511047,1,2957,2953
s112074511057,s112074511078,1,2962,2981
s112074511058,s112074511060,1,2963,2965
s112074511060,s112074511058,1,2965,2963
s112074511060,s112074511069,1,2965,2974
s112074511061,s112074511060,1,2966,2965
s112074511061,s112074511076,1,2966,2980
s112074511062,s112074511057,1,2967,2962
s112074511062,s112074511060,1,2967,2965
s112074511062,s112074511070,1,2967,2975
s112074511063,s112074511057,1,2968,2962
s112074511063,s112074511060,1,2968,2965
s112074511063,s112074511068,1,2968,2973
s112074511063,s112074511071,1,2968,2976
s112074511066,s112074511057,1,2971,2962
s112074511066,s112074511076,1,2971,2980
s112074511067,s112074511054,1,2972,2960
s112074511067,s112074511068,1,2972,2973
s112074511067,s112074511070,1,2972,2975
s112074511068,s112074511054,1,2973,2960
s112074511068,s112074511058,1,2973,2963
s112074511068,s112074511061,1,2973,2966
s112074511068,s112074511066,1,2973,2971
s112074511068,s112074511082,1,2973,2983
s112074511069,s112074511054,1,2974,2960
s112074511069,s112074511057,1,2974,2962
s112074511069,s112074511070,1,2974,2975
s112074511069,s112074511071,1,2974,2976
s112074511070,s112074511060,1,2975,2965
s112074511070,s112074511066,1,2975,2971
s112074511071,s112074511058,1,2976,2963
s112074511071,s112074511063,1,2976,2968
s112074511072,s112074511058,1,2977,2963
s112074511078,s112074511057,1,2981,2962
s112074511078,s112074511068,1,2981,2973
s112074511080,s112074511057,1,2982,2962
s112074511082,s112074511057,1,2983,2962
s112074511082,s112074511058,1,2983,2963
s112074511082,s112074511071,1,2983,2976
s112074518024,s112074518027,1,2984,2987
s112074518024,s112074518030,1,2984,2989
s112074518024,s112074518037,1,2984,2995
s112074518024,s113074518003,1,2984,3008
s112074518025,s112074518024,1,2985,2984
s112074518025,s112074518027,1,2985,2987
s112074518025,s112074518031,1,2985,2990
s112074518025,s112074518037,1,2985,2995
s112074518025,s112074518038,1,2985,2996
s112074518026,s112074518037,1,2986,2995
s112074518027,s112074518037,1,2987,2995
s112074518027,s112074518038,1,2987,2996
s112074518029,s112074518027,1,2988,2987
s112074518029,s112074518032,1,2988,2991
s112074518029,s112074518038,1,2988,2996
s112074518030,s112074518027,1,2989,2987
s112074518030,s112074518034,1,2989,2993
s112074518030,s112074518035,1,2989,2994
s112074518030,s112074518041,1,2989,2999
s112074518031,s112074518027,1,2990,2987
s112074518031,s112074518029,1,2990,2988
s112074518031,s112074518034,1,2990,2993
s112074518031,s112074518035,1,2990,2994
s112074518031,s112074518037,1,2990,2995
s112074518033,s112074518027,1,2992,2987
s112074518033,s112074518031,1,2992,2990
s112074518033,s112074518035,1,2992,2994
s112074518033,s112074518037,1,2992,2995
s112074518034,s112074518037,1,2993,2995
s112074518035,s112074518026,1,2994,2986
s112074518035,s112074518029,1,2994,2988
s112074518035,s112074518033,1,2994,2992
s112074518035,s112074518047,1,2994,3005
s112074518035,s112074518048,1,2994,3006
s112074518037,s112074518024,1,2995,2984
s112074518037,s112074518031,1,2995,2990
s112074518037,s112074518038,1,2995,2996
s112074518038,s112074518026,1,2996,2986
s112074518038,s112074518027,1,2996,2987
s112074518038,s112074518029,1,2996,2988
s112074518038,s112074518033,1,2996,2992
s112074518039,s112074518024,1,2997,2984
s112074518039,s112074518027,1,2997,2987
s112074518039,s112074518031,1,2997,2990
s112074518039,s112074518037,1,2997,2995
s112074518040,s112074518030,1,2998,2989
s112074518040,s112074518035,1,2998,2994
s112074518040,s112074518037,1,2998,2995
s112074518040,s112074518038,1,2998,2996
s112074518041,s112074518030,1,2999,2989
s112074518042,s112074518037,1,3000,2995
s112074518042,s112074518038,1,3000,2996
s112074518046,s112074518037,1,3004,2995
s112074518047,s112074518024,1,3005,2984
s112074518047,s112074518037,1,3005,2995
s112074518048,s112074518025,1,3006,2985
s112074518048,s112074518035,1,3006,2994
s112074518048,s112074518037,1,3006,2995
s112074518048,s112074518038,1,3006,2996
s112074518049,s112074518027,1,3007,2987
s112074518049,s112074518035,1,3007,2994
s112074518049,s112074518037,1,3007,2995
s112074518049,s112074518038,1,3007,2996
s112074518059,s112074518054,1,3013,3009
s112074518059,s112074518056,1,3013,3011
s112074518064,s112074518057,1,3016,3012
s112074518069,s112074518057,1,3021,3012
s112074534024,s112074534026,1,3029,3031
s112074534024,s112074534029,1,3029,3032
s112074534024,s112074534044,1,3029,3043
s112074534025,s112074534029,1,3030,3032
s112074534025,s112074534035,1,3030,3036
s112074534025,s112074534041,1,3030,3040
s112074534025,s112074534043,1,3030,3042
s112074534026,s112074534024,1,3031,3029
s112074534026,s112074534029,1,3031,3032
s112074534026,s112074534041,1,3031,3040
s112074534026,s112074534043,1,3031,3042
s112074534029,s112074534037,1,3032,3038
s112074534029,s112074534042,1,3032,3041
s112074534029,s112074534045,1,3032,3044
s112074534033,s112074534029,1,3034,3032
s112074534034,s112074534024,1,3035,3029
s112074534034,s112074534029,1,3035,3032
s112074534034,s112074534035,1,3035,3036
s112074534034,s112074534041,1,3035,3040
s112074534036,s112074534029,1,3037,3032
s112074534036,s112074534044,1,3037,3043
s112074534036,s112074534046,1,3037,3045
s112074534037,s112074534029,1,3038,3032
s112074534037,s112074534035,1,3038,3036
s112074534037,s112074534043,1,3038,3042
s112074534042,s112074534029,1,3041,3032
s112074534042,s112074534033,1,3041,3034
s112074534042,s112074534041,1,3041,3040
s112074534042,s112074534043,1,3041,3042
s112074534042,s112074534045,1,3041,3044
s112074534043,s112074534042,1,3042,3041
s112074534043,s112074534044,1,3042,3043
s112074534043,s112074534045,1,3042,3044
s112074534043,s112074534047,1,3042,3046
s112074534044,s112074534025,1,3043,3030
s112074534044,s112074534035,1,3043,3036
s112074534044,s112074534042,1,3043,3041
s112074534046,s112074534036,1,3045,3037
s112074534046,s112074534042,1,3045,3041
s112074534046,s112074534045,1,3045,3044
s112074534047,s112074534025,1,3046,3030
s112074534047,s112074534035,1,3046,3036
s112074534047,s112074534042,1,3046,3041
s112074534050,s112074534053,1,3047,3049
s112074534050,s112074534054,1,3047,3050
s112074534050,s112074534058,1,3047,3054
s112074534050,s112074534059,1,3047,3055
s112074534051,s112074534054,1,3048,3050
s112074534051,s112074534058,1,3048,3054
s112074534051,s112074534059,1,3048,3055
s112074534053,s112074534050,1,3049,3047
s112074534053,s112074534051,1,3049,3048
s112074534053,s112074534057,1,3049,3053
s112074534053,s112074534059,1,3049,3055
s112074534054,s112074534051,1,3050,3048
s112074534054,s112074534058,1,3050,3054
s112074534054,s112074534060,1,3050,3056
s112074534056,s112074534058,1,3052,3054
s112074534056,s112074534066,1,3052,3062
s112074534057,s112074534053,1,3053,3049
s112074534057,s112074534054,1,3053,3050
s112074534057,s112074534058,1,3053,3054
s112074534057,s112074534060,1,3053,3056
s112074534058,s112074534050,1,3054,3047
s112074534058,s112074534051,1,3054,3048
s112074534058,s112074534056,1,3054,3052
s112074534058,s113074534003,1,3054,3069
s112074534060,s112074534051,1,3056,3048
s112074534060,s112074534054,1,3056,3050
s112074534060,s112074534058,1,3056,3054
s112074534060,s112074534059,1,3056,3055
s112074534065,s112074534058,1,3061,3054
s112074536026,s112074536033,1,3071,3078
s112074536026,s112074536046,1,3071,3090
s112074536027,s112074536037,1,3072,3082
s112074536027,s112074536042,1,3072,3087
s112074536027,s112074536043,1,3072,3088
s112074536027,s112074536047,1,3072,3091
s112074536029,s112074536030,1,3074,3075
s112074536029,s112074536031,1,3074,3076
s112074536029,s112074536041,1,3074,3086
s112074536029,s112074536043,1,3074,3088
s112074536031,s112074536033,1,3076,3078
s112074536031,s112074536035,1,3076,3080
s112074536031,s112074536039,1,3076,3084
s112074536031,s112074536044,1,3076,3089
s112074536032,s112074536030,1,3077,3075
s112074536032,s112074536033,1,3077,3078
s112074536032,s112074536039,1,3077,3084
s112074536032,s112074536041,1,3077,3086
s112074536036,s112074536033,1,3081,3078
s112074536036,s112074536041,1,3081,3086
s112074536036,s112074536044,1,3081,3089
s112074536036,s112074536046,1,3081,3090
s112074536041,s112074536035,1,3086,3080
s112074536042,s112074536028,1,3087,3073
s112074536042,s112074536041,1,3087,3086
s112074536043,s112074536028,1,3088,3073
s112074536043,s112074536030,1,3088,3075
s112074536043,s112074536041,1,3088,3086
s112074536044,s112074536028,1,3089,3073
s112074536044,s112074536030,1,3089,3075
s112074536044,s112074536031,1,3089,3076
s112074536044,s112074536036,1,3089,3081
s112074536044,s112074536042,1,3089,3087
s112074536046,s112074536024,1,3090,3070
s112074536046,s112074536028,1,3090,3073
s112074536046,s112074536033,1,3090,3078
s112074536048,s112074536028,1,3092,3073
s112074536048,s112074536041,1,3092,3086
s112074536049,s112074536028,1,3093,3073
s112074536049,s112074536039,1,3093,3084
s112074536049,s112074536041,1,3093,3086
s112074536058,s112074536067,1,3098,3105
s112074536060,s112074536057,1,3099,3097
s112074536063,s112074536069,1,3102,3106
s112074536063,s112074536073,1,3102,3109
s112074536063,s112074536075,1,3102,3111
s112074536063,s112074536076,1,3102,3112
s112074536066,s112074536057,1,3104,3097
s112074536067,s112074536053,1,3105,3094
s112074536067,s112074536055,1,3105,3096
s112074536067,s112074536057,1,3105,3097
s112074536067,s112074536060,1,3105,3099
s112074536067,s112074536061,1,3105,3100
s112074536071,s112074536067,1,3107,3105
s112074536072,s112074536061,1,3108,3100
s112074536072,s112074536067,1,3108,3105
s112074536072,s112074536071,1,3108,3107
s112074536074,s112074536057,1,3110,3097
s112074536074,s112074536067,1,3110,3105
s112074536075,s112074536067,1,3111,3105
s112074536076,s112074536057,1,3112,3097
s112074536077,s112074536067,1,3113,3105
s112074538026,s112074538028,1,3118,3119
s112074538028,s112074538026,1,3119,3118
s112074538028,s112074538030,1,3119,3121
s112074538028,s112074538036,1,3119,3127
s112074538029,s112074538028,1,3120,3119
s112074538030,s112074538028,1,3121,3119
s112074538032,s112074538031,1,3123,3122
s112074538032,s112074538033,1,3123,3124
s112074538032,s112074538038,1,3123,3129
s112074538032,s112074538049,1,3123,3140
s112074538035,s112074538044,1,3126,3135
s112074538036,s112074538028,1,3127,3119
s112074538036,s112074538031,1,3127,3122
s112074538036,s112074538044,1,3127,3135
s112074538041,s112074538025,1,3132,3117
s112074538041,s112074538028,1,3132,3119
s112074538041,s112074538033,1,3132,3124
s112074538041,s112074538034,1,3132,3125
s112074538041,s112074538038,1,3132,3129
s112074538043,s112074538028,1,3134,3119
s112074538043,s112074538029,1,3134,3120
s112074538044,s112074538025,1,3135,3117
s112074538044,s112074538028,1,3135,3119
s112074538044,s112074538032,1,3135,3123
s112074538044,s112074538033,1,3135,3124
s112074538044,s112074538035,1,3135,3126
s112074538045,s112074538028,1,3136,3119
s112074538045,s112074538032,1,3136,3123
s112074538046,s112074538028,1,3137,3119
s112074538046,s112074538029,1,3137,3120
s112074538046,s112074538031,1,3137,3122
s112074538046,s112074538032,1,3137,3123
s112074538047,s112074538025,1,3138,3117
s112074538047,s112074538028,1,3138,3119
s112074538047,s112074538031,1,3138,3122
s112074538047,s112074538032,1,3138,3123
s112074538047,s112074538038,1,3138,3129
s112074538048,s112074538028,1,3139,3119
s112074538048,s112074538032,1,3139,3123
s112074538048,s112074538033,1,3139,3124
s112074538048,s112074538035,1,3139,3126
s112074538048,s112074538038,1,3139,3129
s112074538049,s112074538025,1,3140,3117
s112074538049,s112074538028,1,3140,3119
s112074538049,s112074538032,1,3140,3123
s112074538049,s112074538038,1,3140,3129
s112074538049,s112074538048,1,3140,3139
s112074538050,s112074538028,1,3141,3119
s112074538050,s112074538032,1,3141,3123
s112074538053,s112074538054,1,3142,3143
s112074538053,s112074538077,1,3142,3161
s112074538056,s112074538054,1,3145,3143
s112074538056,s112074538059,1,3145,3147
s112074538056,s112074538066,1,3145,3151
s112074538057,s112074538054,1,3146,3143
s112074538057,s112074538059,1,3146,3147
s112074538059,s112074538054,1,3147,3143
s112074538059,s112074538066,1,3147,3151
s112074538059,s112074538069,1,3147,3154
s112074538059,s112074538079,1,3147,3163
s112074538060,s112074538074,1,3148,3158
s112074538061,s112074538066,1,3149,3151
s112074538065,s112074538066,1,3150,3151
s112074538069,s112074538053,1,3154,3142
s112074538069,s112074538066,1,3154,3151
s112074538069,s112074538075,1,3154,3159
s112074538069,s112074538077,1,3154,3161
s112074538073,s112074538054,1,3157,3143
s112074538073,s112074538059,1,3157,3147
s112074538073,s112074538066,1,3157,3151
s112074538074,s112074538053,1,3158,3142
s112074538074,s112074538055,1,3158,3144
s112074538074,s112074538061,1,3158,3149
s112074538075,s112074538054,1,3159,3143
s112074538075,s112074538066,1,3159,3151
s112074538079,s112074538054,1,3163,3143
s112074538079,s112074538059,1,3163,3147
s112074538079,s112074538066,1,3163,3151
s112074538079,s112074538078,1,3163,3162
s112084503025,s113084503003,1,3190,3212
s112084503027,s113084503003,1,3192,3212
s112084503028,s112084503049,1,3193,3208
s112084503029,s112084503049,1,3194,3208
s112084503032,s112084503049,1,3197,3208
s112084503032,s113084503004,1,3197,3213
s112084503034,s113084503003,1,3198,3212
s112084503035,s113084503003,1,3199,3212
s112084503038,s113084503003,1,3200,3212
s112084503039,s113084503004,1,3201,3213
s112084503042,s112084503034,1,3203,3198
s112084503042,s112084503038,1,3203,3200
s112084503042,s113084503003,1,3203,3212
s112084503043,s112084503035,1,3204,3199
s112084503043,s113084503003,1,3204,3212
s112084503044,s112084503035,1,3205,3199
s112084503044,s112084503038,1,3205,3200
s112084503044,s113084503003,1,3205,3212
s112084503047,s112084503034,1,3206,3198
s112084503047,s113084503003,1,3206,3212
s112084503049,s112084503034,1,3208,3198
s112084503049,s113084503003,1,3208,3212
s112084503049,s113084503004,1,3208,3213
s112084503050,s112084503025,1,3209,3190
s112084503050,s112084503047,1,3209,3206
s112084503050,s113084503003,1,3209,3212
s112084503056,s112084503063,1,3164,3170
s112084503056,s112084503077,1,3164,3180
s112084503056,s112084503078,1,3164,3181
s112084503056,s112084503085,1,3164,3187
s112084503057,s112084503078,1,3165,3181
s112084503057,s112084503085,1,3165,3187
s112084503058,s112084503085,1,3166,3187
s112084503059,s112084503063,1,3167,3170
s112084503059,s112084503085,1,3167,3187
s112084503061,s112084503063,1,3168,3170
s112084503061,s112084503085,1,3168,3187
s112084503063,s112084503085,1,3170,3187
s112084503064,s112084503063,1,3171,3170
s112084503064,s112084503085,1,3171,3187
s112084503065,s112084503085,1,3172,3187
s112084503066,s112084503063,1,3173,3170
s112084503066,s112084503085,1,3173,3187
s112084503068,s112084503085,1,3174,3187
s112084503070,s112084503061,1,3175,3168
s112084503070,s112084503063,1,3175,3170
s112084503070,s112084503076,1,3175,3179
s112084503070,s112084503078,1,3175,3181
s112084503070,s112084503085,1,3175,3187
s112084503071,s112084503063,1,3176,3170
s112084503071,s112084503073,1,3176,3177
s112084503071,s112084503081,1,3176,3184
s112084503071,s112084503082,1,3176,3185
s112084503071,s112084503085,1,3176,3187
s112084503076,s112084503061,1,3179,3168
s112084503076,s112084503063,1,3179,3170
s112084503076,s112084503073,1,3179,3177
s112084503076,s112084503077,1,3179,3180
s112084503076,s112084503085,1,3179,3187
s112084503078,s112084503063,1,3181,3170
s112084503078,s112084503077,1,3181,3180
s112084503078,s112084503080,1,3181,3183
s112084503078,s112084503081,1,3181,3184
s112084503078,s112084503085,1,3181,3187
s112084503080,s112084503078,1,3183,3181
s112084503081,s112084503061,1,3184,3168
s112084503081,s112084503063,1,3184,3170
s112084503081,s112084503073,1,3184,3177
s112084503081,s112084503085,1,3184,3187
s112084503082,s112084503063,1,3185,3170
s112084503082,s112084503085,1,3185,3187
s112084503083,s112084503085,1,3186,3187
s112084507026,s112084507039,1,3215,3226
s112084507026,s112084507046,1,3215,3232
s112084507026,s113084507005,1,3215,3236
s112084507029,s112084507039,1,3218,3226
s112084507030,s112084507034,1,3219,3223
s112084507031,s112084507028,1,3220,3217
s112084507031,s112084507035,1,3220,3224
s112084507031,s113084507004,1,3220,3235
s112084507035,s112084507031,1,3224,3220
s112084507035,s112084507042,1,3224,3229
s112084507035,s112084507047,1,3224,3233
s112084507039,s112084507027,1,3226,3216
s112084507039,s112084507030,1,3226,3219
s112084507039,s113084507003,1,3226,3234
s112084507040,s112084507042,1,3227,3229
s112084507040,s112084507045,1,3227,3231
s112084507040,s112084507047,1,3227,3233
s112084507040,s113084507004,1,3227,3235
s112084507042,s112084507035,1,3229,3224
s112084507042,s112084507039,1,3229,3226
s112084507042,s112084507046,1,3229,3232
s112084507042,s113084507004,1,3229,3235
s112084507045,s112084507040,1,3231,3227
s112084507046,s112084507042,1,3232,3229
s112084507053,s112084507059,1,3239,3243
s112084507053,s112084507067,1,3239,3251
s112084507053,s112084507071,1,3239,3255
s112084507053,s112084507075,1,3239,3259
s112084507053,s112084507077,1,3239,3261
s112084507055,s112084507051,1,3240,3237
s112084507055,s112084507053,1,3240,3239
s112084507055,s112084507078,1,3240,3262
s112084507055,s112084507079,1,3240,3263
s112084507058,s112084507069,1,3242,3253
s112084507058,s112084507071,1,3242,3255
s112084507058,s112084507077,1,3242,3261
s112084507058,s112084507078,1,3242,3262
s112084507059,s112084507051,1,3243,3237
s112084507059,s112084507053,1,3243,3239
s112084507059,s112084507056,1,3243,3241
s112084507059,s112084507078,1,3243,3262
s112084507059,s112084507079,1,3243,3263
s112084507060,s112084507056,1,3244,3241
s112084507060,s112084507071,1,3244,3255
s112084507060,s112084507075,1,3244,3259
s112084507060,s112084507077,1,3244,3261
s112084507060,s112084507078,1,3244,3262
s112084507061,s112084507069,1,3245,3253
s112084507061,s112084507071,1,3245,3255
s112084507061,s112084507075,1,3245,3259
s112084507061,s112084507077,1,3245,3261
s112084507061,s112084507078,1,3245,3262
s112084507063,s112084507051,1,3247,3237
s112084507063,s112084507056,1,3247,3241
s112084507063,s112084507069,1,3247,3253
s112084507063,s112084507071,1,3247,3255
s112084507063,s112084507078,1,3247,3262
s112084507065,s112084507070,1,3249,3254
s112084507065,s112084507074,1,3249,3258
s112084507067,s112084507051,1,3251,3237
s112084507067,s112084507053,1,3251,3239
s112084507071,s112084507051,1,3255,3237
s112084507071,s112084507052,1,3255,3238
s112084507071,s112084507053,1,3255,3239
s112084507071,s112084507079,1,3255,3263
s112084507073,s112084507053,1,3257,3239
s112084507073,s112084507079,1,3257,3263
s112084507077,s112084507051,1,3261,3237
s112084507077,s112084507053,1,3261,3239
s112084507077,s112084507075,1,3261,3259
s112084507077,s112084507078,1,3261,3262
s112084507077,s112084507079,1,3261,3263
s112084507079,s112084507056,1,3263,3241
s112084507079,s112084507075,1,3263,3259
s112084507079,s112084507078,1,3263,3262
s112084516024,s112084516036,1,3264,3274
s112084516025,s112084516029,1,3265,3268
s112084516025,s112084516030,1,3265,3269
s112084516025,s112084516031,1,3265,3270
s112084516025,s112084516033,1,3265,3271
s112084516025,s112084516036,1,3265,3274
s112084516027,s112084516024,1,3266,3264
s112084516028,s112084516036,1,3267,3274
s112084516031,s112084516029,1,3270,3268
s112084516031,s112084516047,1,3270,3282
s112084516035,s112084516024,1,3273,3264
s112084516035,s112084516028,1,3273,3267
s112084516050,s112084516055,1,3284,3289
s112084516050,s112084516061,1,3284,3295
s112084516050,s112084516068,1,3284,3302
s112084516050,s112084516069,1,3284,3303
s112084516050,s112084516072,1,3284,3306
s112084516051,s112084516055,1,3285,3289
s112084516051,s112084516061,1,3285,3295
s112084516051,s112084516068,1,3285,3302
s112084516052,s112084516055,1,3286,3289
s112084516054,s112084516055,1,3288,3289
s112084516054,s112084516056,1,3288,3290
s112084516054,s112084516061,1,3288,3295
s112084516055,s112084516053,1,3289,3287
s112084516055,s112084516061,1,3289,3295
s112084516056,s112084516054,1,3290,3288
s112084516058,s112084516055,1,3292,3289
s112084516058,s112084516061,1,3292,3295
s112084516058,s112084516068,1,3292,3302
s112084516059,s112084516050,1,3293,3284
s112084516059,s112084516055,1,3293,3289
s112084516059,s112084516061,1,3293,3295
s112084516059,s112084516069,1,3293,3303
s112084516059,s112084516072,1,3293,3306
s112084516060,s112084516055,1,3294,3289
s112084516060,s112084516061,1,3294,3295
s112084516060,s112084516068,1,3294,3302
s112084516061,s112084516051,1,3295,3285
s112084516061,s112084516053,1,3295,3287
s112084516061,s112084516055,1,3295,3289
s112084516061,s112084516056,1,3295,3290
s112084516061,s112084516058,1,3295,3292
s112084516062,s112084516055,1,3296,3289
s112084516062,s112084516064,1,3296,3298
s112084516062,s112084516068,1,3296,3302
s112084516064,s112084516051,1,3298,3285
s112084516064,s112084516062,1,3298,3296
s112084516065,s112084516055,1,3299,3289
s112084516065,s112084516056,1,3299,3290
s112084516065,s112084516061,1,3299,3295
s112084516065,s112084516068,1,3299,3302
s112084516066,s112084516052,1,3300,3286
s112084516066,s112084516054,1,3300,3288
s112084516066,s112084516055,1,3300,3289
s112084516066,s112084516061,1,3300,3295
s112084516066,s112084516068,1,3300,3302
s112084516067,s112084516055,1,3301,3289
s112084516067,s112084516061,1,3301,3295
s112084516067,s112084516068,1,3301,3302
s112084516067,s112084516070,1,3301,3304
s112084516067,s112084516072,1,3301,3306
s112084516068,s112084516051,1,3302,3285
s112084516068,s112084516053,1,3302,3287
s112084516068,s112084516063,1,3302,3297
s112084516068,s112084516065,1,3302,3299
s112084516068,s112084516066,1,3302,3300
s112084516069,s112084516055,1,3303,3289
s112084516069,s112084516061,1,3303,3295
s112084516069,s112084516068,1,3303,3302
s112084516072,s112084516055,1,3306,3289
s112084516072,s112084516061,1,3306,3295
s112084516072,s112084516068,1,3306,3302
s112084516073,s112084516061,1,3307,3295
s112084516073,s112084516065,1,3307,3299
s112084516074,s112084516063,1,3308,3297
s112084530024,s112084530036,1,3326,3329
s112084530026,s112084530036,1,3327,3329
s112084530029,s112084530038,1,3328,3330
s112084530038,s112084530024,1,3330,3326
s112084530038,s112084530029,1,3330,3328
s112084530038,s112084530036,1,3330,3329
s112084530045,s112084530055,1,3316,3320
s112084530045,s112084530058,1,3316,3321
s112084530049,s112084530055,1,3317,3320
s112084530049,s112084530058,1,3317,3321
s112084530050,s112084530055,1,3318,3320
s112084530050,s112084530058,1,3318,3321
s112084530050,s112084530059,1,3318,3322
s112084530054,s112084530055,1,3319,3320
s112084530055,s112084530061,1,3320,3323
s112084530055,s112084530062,1,3320,3324
s112084530055,s113084530004,1,3320,3325
s112084530058,s112084530050,1,3321,3318
s112084530059,s112084530055,1,3322,3320
s112084530061,s112084530055,1,3323,3320
s112084530061,s112084530058,1,3323,3321
s112084530062,s112084530055,1,3324,3320
s112091503026,s112091503027,1,3332,3333
s112091503026,s112091503036,1,3332,3341
s112091503026,s112091503040,1,3332,3344
s112091503026,s112091503048,1,3332,3351
s112091503028,s112091503036,1,3334,3341
s112091503028,s112091503040,1,3334,3344
s112091503030,s112091503032,1,3336,3337
s112091503030,s112091503042,1,3336,3346
s112091503032,s112091503026,1,3337,3332
s112091503032,s112091503039,1,3337,3343
s112091503032,s112091503045,1,3337,3349
s112091503033,s112091503027,1,3338,3333
s112091503033,s112091503032,1,3338,3337
s112091503033,s112091503036,1,3338,3341
s112091503033,s112091503040,1,3338,3344
s112091503033,s112091503042,1,3338,3346
s112091503036,s112091503028,1,3341,3334
s112091503036,s112091503034,1,3341,3339
s112091503036,s112091503039,1,3341,3343
s112091503036,s112091503040,1,3341,3344
s112091503036,s112091503042,1,3341,3346
s112091503037,s112091503032,1,3342,3337
s112091503037,s112091503040,1,3342,3344
s112091503037,s112091503041,1,3342,3345
s112091503039,s112091503032,1,3343,3337
s112091503039,s112091503036,1,3343,3341
s112091503039,s112091503040,1,3343,3344
s112091503039,s112091503042,1,3343,3346
s112091503041,s112091503027,1,3345,3333
s112091503041,s112091503036,1,3345,3341
s112091503041,s112091503040,1,3345,3344
s112091503041,s112091503044,1,3345,3348
s112091503041,s112091503049,1,3345,3352
s112091503042,s112091503033,1,3346,3338
s112091503042,s112091503036,1,3346,3341
s112091503042,s112091503040,1,3346,3344
s112091503042,s112091503048,1,3346,3351
s112091503044,s112091503040,1,3348,3344
s112091503047,s112091503036,1,3350,3341
s112091503047,s112091503040,1,3350,3344
s112091503048,s112091503036,1,3351,3341
s112091503048,s112091503040,1,3351,3344
s112091503049,s112091503036,1,3352,3341
s112091503049,s112091503040,1,3352,3344
s112091503052,s112091503059,1,3353,3359
s112091503060,s112091503059,1,3360,3359
s112091503062,s112091503076,1,3362,3376
s112091503071,s112091503059,1,3371,3359
s112091503075,s112091503059,1,3375,3359
s112091503075,s112091503063,1,3375,3363
s112091503075,s112091503072,1,3375,3372
s112104319025,s112104319029,1,3378,3382
s112104319025,s112104319031,1,3378,3384
s112104319026,s112104319028,1,3379,3381
s112104319026,s112104319029,1,3379,3382
s112104319026,s112104319030,1,3379,3383
s112104319026,s112104319031,1,3379,3384
s112104319026,s112104319032,1,3379,3385
s112104319027,s112104319028,1,3380,3381
s112104319027,s112104319030,1,3380,3383
s112104319027,s112104319040,1,3380,3391
s112104319027,s112104319042,1,3380,3393
s112104319027,s112104319050,1,3380,3400
s112104319028,s112104319026,1,3381,3379
s112104319028,s112104319033,1,3381,3386
s112104319028,s112104319035,1,3381,3387
s112104319028,s112104319039,1,3381,3390
s112104319028,s112104319045,1,3381,3396
s112104319029,s112104319024,1,3382,3377
s112104319029,s112104319025,1,3382,3378
s112104319029,s112104319026,1,3382,3379
s112104319029,s112104319027,1,3382,3380
s112104319029,s112104319033,1,3382,3386
s112104319030,s112104319024,1,3383,3377
s112104319030,s112104319026,1,3383,3379
s112104319030,s112104319027,1,3383,3380
s112104319030,s112104319033,1,3383,3386
s112104319030,s112104319039,1,3383,3390
s112104319031,s112104319025,1,3384,3378
s112104319031,s112104319026,1,3384,3379
s112104319031,s112104319027,1,3384,3380
s112104319031,s112104319033,1,3384,3386
s112104319031,s112104319039,1,3384,3390
s112104319033,s112104319028,1,3386,3381
s112104319033,s112104319029,1,3386,3382
s112104319033,s112104319030,1,3386,3383
s112104319033,s112104319031,1,3386,3384
s112104319033,s112104319032,1,3386,3385
s112104319035,s112104319039,1,3387,3390
s112104319036,s112104319041,1,3388,3392
s112104319036,s112104319044,1,3388,3395
s112104319036,s112104319048,1,3388,3398
s112104319036,s112104319049,1,3388,3399
s112104319036,s112104319050,1,3388,3400
s112104319040,s112104319024,1,3391,3377
s112104319040,s112104319026,1,3391,3379
s112104319040,s112104319027,1,3391,3380
s112104319040,s112104319039,1,3391,3390
s112104319041,s112104319026,1,3392,3379
s112104319041,s112104319039,1,3392,3390
s112104319041,s112104319045,1,3392,3396
s112104319042,s112104319026,1,3393,3379
s112104319042,s112104319041,1,3393,3392
s112104319042,s112104319044,1,3393,3395
s112104319042,s112104319048,1,3393,3398
s112104319042,s112104319050,1,3393,3400
s112104319045,s112104319026,1,3396,3379
s112104319047,s112104319026,1,3397,3379
s112104319049,s112104319024,1,3399,3377
s112104319049,s112104319026,1,3399,3379
s112104319049,s112104319027,1,3399,3380
s112104319049,s112104319033,1,3399,3386
s112104319049,s112104319039,1,3399,3390
s112104319050,s112104319024,1,3400,3377
s112104319050,s112104319026,1,3400,3379
s112104319050,s112104319027,1,3400,3380
s112104319050,s112104319033,1,3400,3386
s112104319050,s112104319039,1,3400,3390
s112104319053,s112104319064,1,3401,3409
s112104319055,s112104319066,1,3402,3411
s112104319055,s112104319074,1,3402,3417
s112104319056,s112104319055,1,3403,3402
s112104319056,s112104319057,1,3403,3404
s112104319056,s112104319074,1,3403,3417
s112104319056,s112104319076,1,3403,3418
s112104319063,s112104319058,1,3408,3405
s112104319063,s112104319059,1,3408,3406
s112104319063,s112104319061,1,3408,3407
s112104319063,s113104319004,1,3408,3419
s112104319064,s112104319053,1,3409,3401
s112104319064,s112104319055,1,3409,3402
s112104319064,s112104319057,1,3409,3404
s112104319066,s112104319055,1,3411,3402
s112104319066,s112104319064,1,3411,3409
s112104319066,s112104319074,1,3411,3417
s112104319066,s113104319004,1,3411,3419
s112104319067,s112104319055,1,3412,3402
s112104319067,s112104319057,1,3412,3404
s112104319067,s112104319058,1,3412,3405
s112104319067,s112104319063,1,3412,3408
s112104319067,s112104319071,1,3412,3414
s112104319069,s112104319065,1,3413,3410
s112104319069,s112104319071,1,3413,3414
s112104319069,s112104319073,1,3413,3416
s112104319069,s112104319074,1,3413,3417
s112104319071,s112104319073,1,3414,3416
s112104319071,s112104319074,1,3414,3417
s112104319071,s112104319076,1,3414,3418
s112104319072,s112104319055,1,3415,3402
s112104319072,s112104319057,1,3415,3404
s112104319072,s112104319064,1,3415,3409
s112104319072,s112104319074,1,3415,3417
s112104319076,s112104319057,1,3418,3404
s112104319076,s112104319064,1,3418,3409
s112104319076,s112104319066,1,3418,3411
s112104319076,s112104319073,1,3418,3416
s112104326026,s112104326032,1,3421,3426
s112104326026,s112104326042,1,3421,3435
s112104326026,s112104326044,1,3421,3437
s112104326028,s112104326036,1,3423,3430
s112104326028,s112104326044,1,3423,3437
s112104326028,s112104326047,1,3423,3439
s112104326029,s112104326044,1,3424,3437
s112104326031,s112104326027,1,3425,3422
s112104326031,s112104326044,1,3425,3437
s112104326031,s112104326047,1,3425,3439
s112104326033,s112104326044,1,3427,3437
s112104326035,s112104326044,1,3429,3437
s112104326036,s112104326028,1,3430,3423
s112104326036,s112104326044,1,3430,3437
s112104326037,s112104326025,1,3431,3420
s112104326037,s112104326044,1,3431,3437
s112104326037,s112104326047,1,3431,3439
s112104326038,s112104326044,1,3432,3437
s112104326038,s112104326047,1,3432,3439
s112104326039,s112104326044,1,3433,3437
s112104326040,s112104326025,1,3434,3420
s112104326040,s112104326032,1,3434,3426
s112104326040,s112104326044,1,3434,3437
s112104326042,s112104326025,1,3435,3420
s112104326042,s112104326028,1,3435,3423
s112104326042,s112104326032,1,3435,3426
s112104326042,s112104326044,1,3435,3437
s112104326043,s112104326025,1,3436,3420
s112104326043,s112104326032,1,3436,3426
s112104326043,s112104326044,1,3436,3437
s112104326043,s112104326051,1,3436,3443
s112104326044,s112104326026,1,3437,3421
s112104326044,s112104326034,1,3437,3428
s112104326044,s112104326048,1,3437,3440
s112104326045,s112104326042,1,3438,3435
s112104326045,s112104326043,1,3438,3436
s112104326045,s112104326048,1,3438,3440
s112104326047,s112104326025,1,3439,3420
s112104326047,s112104326044,1,3439,3437
s112104326048,s112104326025,1,3440,3420
s112104326048,s112104326028,1,3440,3423
s112104326048,s112104326044,1,3440,3437
s112104326049,s112104326028,1,3441,3423
s112104326049,s112104326032,1,3441,3426
s112104326049,s112104326044,1,3441,3437
s112104326050,s112104326032,1,3442,3426
s112104326051,s112104326028,1,3443,3423
s112104326051,s112104326032,1,3443,3426
s112104326051,s112104326044,1,3443,3437
s112104326055,s112104326059,1,3444,3446
s112104326058,s112104326059,1,3445,3446
s112104326058,s112104326060,1,3445,3447
s112104326059,s112104326062,1,3446,3448
s112104326059,s112104326071,1,3446,3457
s112104326059,s112104326072,1,3446,3458
s112104326059,s112104326073,1,3446,3459
s112104326060,s112104326055,1,3447,3444
s112104326060,s112104326059,1,3447,3446
s112104326060,s112104326063,1,3447,3449
s112104326060,s112104326068,1,3447,3454
s112104326060,s112104326075,1,3447,3460
s112104326062,s112104326069,1,3448,3455
s112104326062,s112104326077,1,3448,3462
s112104326063,s112104326068,1,3449,3454
s112104326064,s112104326059,1,3450,3446
s112104326064,s112104326060,1,3450,3447
s112104326065,s112104326059,1,3451,3446
s112104326065,s112104326060,1,3451,3447
s112104326067,s112104326059,1,3453,3446
s112104326067,s112104326060,1,3453,3447
s112104326067,s112104326063,1,3453,3449
s112104326068,s112104326059,1,3454,3446
s112104326068,s112104326062,1,3454,3448
s112104326068,s112104326072,1,3454,3458
s112104326068,s112104326080,1,3454,3464
s112104326071,s112104326059,1,3457,3446
s112104326071,s112104326060,1,3457,3447
s112104326072,s112104326058,1,3458,3445
s112104326072,s112104326059,1,3458,3446
s112104326072,s112104326060,1,3458,3447
s112104326072,s112104326064,1,3458,3450
s112104326072,s112104326066,1,3458,3452
s112104326073,s112104326059,1,3459,3446
s112104326073,s112104326060,1,3459,3447
s112104326080,s112104326058,1,3464,3445
s112104326080,s112104326059,1,3464,3446
s112104326080,s112104326060,1,3464,3447
s112104326080,s112104326069,1,3464,3455
s112104501024,s112104501038,1,3467,3477
s112104501024,s112104501041,1,3467,3480
s112104501026,s112104501024,1,3468,3467
s112104501026,s112104501028,1,3468,3470
s112104501026,s112104501038,1,3468,3477
s112104501026,s112104501041,1,3468,3480
s112104501028,s112104501041,1,3470,3480
s112104501029,s112104501027,1,3471,3469
s112104501029,s112104501028,1,3471,3470
s112104501029,s112104501038,1,3471,3477
s112104501029,s112104501041,1,3471,3480
s112104501029,s112104501045,1,3471,3482
s112104501030,s112104501038,1,3472,3477
s112104501030,s112104501041,1,3472,3480
s112104501030,s112104501045,1,3472,3482
s112104501031,s112104501024,1,3473,3467
s112104501031,s112104501028,1,3473,3470
s112104501031,s112104501041,1,3473,3480
s112104501032,s112104501038,1,3474,3477
s112104501032,s112104501041,1,3474,3480
s112104501034,s112104501041,1,3475,3480
s112104501036,s112104501038,1,3476,3477
s112104501036,s112104501041,1,3476,3480
s112104501040,s112104501024,1,3479,3467
s112104501040,s112104501028,1,3479,3470
s112104501040,s112104501041,1,3479,3480
s112104501045,s112104501024,1,3482,3467
s112104501045,s112104501038,1,3482,3477
s112104501045,s112104501041,1,3482,3480
s112104501046,s112104501028,1,3483,3470
s112104501046,s112104501038,1,3483,3477
s112104501046,s112104501041,1,3483,3480
s112104501052,s112104501055,1,3485,3488
s112104501052,s112104501057,1,3485,3490
s112104501052,s112104501062,1,3485,3494
s112104501052,s112104501063,1,3485,3495
s112104501054,s112104501057,1,3487,3490
s112104501054,s112104501058,1,3487,3491
s112104501054,s112104501063,1,3487,3495
s112104501054,s112104501065,1,3487,3497
s112104501055,s112104501057,1,3488,3490
s112104501055,s112104501063,1,3488,3495
s112104501055,s112104501067,1,3488,3499
s112104501056,s112104501054,1,3489,3487
s112104501056,s112104501066,1,3489,3498
s112104501057,s112104501062,1,3490,3494
s112104501057,s112104501063,1,3490,3495
s112104501057,s112104501065,1,3490,3497
s112104501058,s112104501054,1,3491,3487
s112104501058,s112104501057,1,3491,3490
s112104501058,s112104501066,1,3491,3498
s112104501058,s112104501067,1,3491,3499
s112104501062,s112104501054,1,3494,3487
s112104501062,s112104501066,1,3494,3498
s112104501063,s112104501054,1,3495,3487
s112104501064,s112104501055,1,3496,3488
s112104501066,s112104501055,1,3498,3488
s112104501066,s112104501057,1,3498,3490
s112104501067,s112104501055,1,3499,3488
s112104501068,s112104501055,1,3500,3488
s112104501068,s112104501058,1,3500,3491
s112104501068,s112104501063,1,3500,3495
s112104501068,s112104501065,1,3500,3497
s112104501069,s112104501055,1,3501,3488
s112104501069,s112104501057,1,3501,3490
s112104501070,s112104501058,1,3502,3491
s112104501071,s112104501055,1,3503,3488
s112104501071,s112104501056,1,3503,3489
s112104501071,s112104501057,1,3503,3490
s112104501071,s112104501063,1,3503,3495
s112104501071,s112104501070,1,3503,3502
s112104506026,s112104506027,1,3505,3506
s112104506026,s112104506031,1,3505,3510
s112104506026,s112104506034,1,3505,3513
s112104506026,s112104506038,1,3505,3517
s112104506031,s112104506028,1,3510,3507
s112104506031,s112104506037,1,3510,3516
s112104506033,s112104506028,1,3512,3507
s112104506033,s112104506029,1,3512,3508
s112104506033,s112104506035,1,3512,3514
s112104506033,s112104506046,1,3512,3522
s112104506035,s112104506028,1,3514,3507
s112104506036,s112104506028,1,3515,3507
s112104506038,s112104506026,1,3517,3505
s112104506038,s112104506028,1,3517,3507
s112104506038,s112104506042,1,3517,3520
s112104506039,s112104506026,1,3518,3505
s112104506039,s112104506028,1,3518,3507
s112104506042,s112104506028,1,3520,3507
s112104506045,s112104506026,1,3521,3505
s112104506045,s112104506028,1,3521,3507
s112104506045,s112104506037,1,3521,3516
s112104506045,s112104506046,1,3521,3522
s112104506046,s112104506028,1,3522,3507
s112104506049,s112104506058,1,3523,3531
s112104506049,s112104506064,1,3523,3535
s112104506049,s112104506071,1,3523,3542
s112104506049,s113104506004,1,3523,3546
s112104506052,s112104506049,1,3525,3523
s112104506052,s112104506058,1,3525,3531
s112104506052,s112104506059,1,3525,3532
s112104506052,s112104506070,1,3525,3541
s112104506052,s112104506072,1,3525,3543
s112104506053,s112104506049,1,3526,3523
s112104506053,s112104506058,1,3526,3531
s112104506053,s112104506059,1,3526,3532
s112104506054,s112104506063,1,3527,3534
s112104506054,s112104506064,1,3527,3535
s112104506054,s112104506067,1,3527,3538
s112104506054,s112104506073,1,3527,3544
s112104506059,s112104506049,1,3532,3523
s112104506059,s112104506069,1,3532,3540
s112104506064,s112104506049,1,3535,3523
s112104506064,s112104506050,1,3535,3524
s112104506064,s112104506070,1,3535,3541
s112104506064,s112104506071,1,3535,3542
s112104506064,s112104506072,1,3535,3543
s112104506069,s112104506049,1,3540,3523
s112104506069,s112104506064,1,3540,3535
s112104506069,s112104506066,1,3540,3537
s112104506069,s112104506071,1,3540,3542
s112104506069,s112104506072,1,3540,3543
s112104506072,s112104506054,1,3543,3527
s112104506073,s112104506054,1,3544,3527
s112104518025,s112104518034,1,3547,3554
s112104518025,s112104518042,1,3547,3561
s112104518026,s112104518034,1,3548,3554
s112104518026,s112104518035,1,3548,3555
s112104518026,s112104518041,1,3548,3560
s112104518026,s112104518042,1,3548,3561
s112104518028,s112104518034,1,3549,3554
s112104518028,s112104518042,1,3549,3561
s112104518032,s112104518033,1,3552,3553
s112104518032,s112104518034,1,3552,3554
s112104518032,s112104518041,1,3552,3560
s112104518032,s112104518042,1,3552,3561
s112104518033,s112104518030,1,3553,3550
s112104518034,s112104518030,1,3554,3550
s112104518037,s112104518042,1,3556,3561
s112104518038,s112104518042,1,3557,3561
s112104518039,s112104518030,1,3558,3550
s112104518039,s112104518042,1,3558,3561
s112104518039,s112104518043,1,3558,3562
s112104518041,s112104518025,1,3560,3547
s112104518041,s112104518032,1,3560,3552
s112104518041,s112104518042,1,3560,3561
s112104518043,s112104518030,1,3562,3550
s112104518043,s112104518034,1,3562,3554
s112104518043,s112104518042,1,3562,3561
s112104518045,s112104518030,1,3564,3550
s112104518048,s112104518058,1,3565,3572
s112104518048,s112104518067,1,3565,3580
s112104518049,s112104518058,1,3566,3572
s112104518050,s112104518057,1,3567,3571
s112104518050,s112104518058,1,3567,3572
s112104518050,s112104518064,1,3567,3577
s112104518050,s113104518003,1,3567,3581
s112104518054,s112104518049,1,3569,3566
s112104518054,s112104518067,1,3569,3580
s112104518055,s112104518049,1,3570,3566
s112104518055,s112104518067,1,3570,3580
s112104518061,s112104518048,1,3574,3565
s112104518064,s112104518050,1,3577,3567
s112104518064,s112104518055,1,3577,3570
s112104518066,s112104518048,1,3579,3565
s112104518066,s112104518049,1,3579,3566
s112104518066,s112104518058,1,3579,3572
s112104518067,s112104518048,1,3580,3565
s112104518067,s112104518053,1,3580,3568
s112104518067,s112104518054,1,3580,3569
s112104518067,s112104518055,1,3580,3570
s112104521049,s112104521048,1,3590,3589
s112104521049,s112104521051,1,3590,3592
s112104521049,s112104521061,1,3590,3600
s112104521049,s112104521062,1,3590,3601
s112104521049,s112104521064,1,3590,3602
s112104521051,s112104521049,1,3592,3590
s112104521051,s112104521057,1,3592,3596
s112104521051,s113104521005,1,3592,3607
s112104521053,s112104521049,1,3593,3590
s112104521053,s112104521057,1,3593,3596
s112104521055,s112104521049,1,3594,3590
s112104521055,s112104521051,1,3594,3592
s112104521055,s112104521064,1,3594,3602
s112104521056,s112104521051,1,3595,3592
s112104521057,s112104521053,1,3596,3593
s112104521057,s112104521066,1,3596,3603
s112104521057,s112104521067,1,3596,3604
s112104521058,s112104521062,1,3597,3601
s112104521058,s112104521064,1,3597,3602
s112104521059,s112104521049,1,3598,3590
s112104521059,s112104521057,1,3598,3596
s112104521059,s112104521064,1,3598,3602
s112104521060,s112104521049,1,3599,3590
s112104521061,s112104521048,1,3600,3589
s112104521061,s112104521049,1,3600,3590
s112104521061,s112104521057,1,3600,3596
s112104521062,s112104521049,1,3601,3590
s112104521062,s112104521057,1,3601,3596
s112104521062,s112104521064,1,3601,3602
s112104521062,s113104521005,1,3601,3607
s112104521064,s112104521048,1,3602,3589
s112104521064,s112104521059,1,3602,3598
s112104521064,s112104521062,1,3602,3601
s112104521068,s112104521049,1,3605,3590
s112104521068,s112104521057,1,3605,3596
s112111321025,s112111321038,1,3609,3619
s112111321025,s112111321043,1,3609,3624
s112111321025,s112111321051,1,3609,3629
s112111321025,s112111321059,1,3609,3635
s112111321027,s112111321030,1,3611,3613
s112111321027,s112111321032,1,3611,3614
s112111321027,s112111321036,1,3611,3617
s112111321027,s112111321043,1,3611,3624
s112111321028,s112111321051,1,3612,3629
s112111321028,s112111321056,1,3612,3632
s112111321030,s112111321038,1,3613,3619
s112111321030,s112111321048,1,3613,3626
s112111321030,s112111321054,1,3613,3631
s112111321030,s112111321057,1,3613,3633
s112111321034,s112111321043,1,3615,3624
s112111321034,s112111321051,1,3615,3629
s112111321034,s112111321056,1,3615,3632
s112111321037,s112111321036,1,3618,3617
s112111321037,s112111321051,1,3618,3629
s112111321037,s112111321054,1,3618,3631
s112111321037,s112111321060,1,3618,3636
s112111321038,s112111321030,1,3619,3613
s112111321038,s112111321035,1,3619,3616
s112111321038,s112111321051,1,3619,3629
s112111321038,s112111321052,1,3619,3630
s112111321039,s112111321032,1,3620,3614
s112111321039,s112111321036,1,3620,3617
s112111321039,s112111321057,1,3620,3633
s112111321039,s112111321060,1,3620,3636
s112111321040,s112111321051,1,3621,3629
s112111321040,s112111321054,1,3621,3631
s112111321040,s112111321060,1,3621,3636
s112111321042,s112111321037,1,3623,3618
s112111321042,s112111321047,1,3623,3625
s112111321042,s112111321051,1,3623,3629
s112111321043,s112111321025,1,3624,3609
s112111321043,s112111321034,1,3624,3615
s112111321043,s112111321037,1,3624,3618
s112111321043,s112111321039,1,3624,3620
s112111321049,s112111321037,1,3627,3618
s112111321049,s112111321039,1,3627,3620
s112111321049,s112111321043,1,3627,3624
s112111321049,s112111321047,1,3627,3625
s112111321049,s112111321051,1,3627,3629
s112111321051,s112111321043,1,3629,3624
s112111321051,s112111321056,1,3629,3632
s112111321051,s112111321060,1,3629,3636
s112111321052,s112111321051,1,3630,3629
s112111321056,s112111321047,1,3632,3625
s112111321056,s112111321051,1,3632,3629
s112111321057,s112111321030,1,3633,3613
s112111321061,s112111321032,1,3637,3614
s112111321061,s112111321036,1,3637,3617
s112111321061,s112111321039,1,3637,3620
s112111321061,s112111321051,1,3637,3629
s112111321065,s112111321074,1,3638,3643
s112111321065,s112111321100,1,3638,3657
s112111321066,s112111321074,1,3639,3643
s112111321066,s112111321093,1,3639,3654
s112111321074,s112111321083,1,3643,3647
s112111321074,s112111321100,1,3643,3657
s112111321079,s112111321074,1,3645,3643
s112111321079,s112111321093,1,3645,3654
s112111321079,s112111321100,1,3645,3657
s112111321080,s112111321074,1,3646,3643
s112111321083,s112111321074,1,3647,3643
s112111321083,s112111321100,1,3647,3657
s112111321086,s112111321091,1,3650,3652
s112111321086,s112111321100,1,3650,3657
s112111321089,s112111321074,1,3651,3643
s112111321089,s112111321100,1,3651,3657
s112111321092,s112111321074,1,3653,3643
s112111321092,s112111321100,1,3653,3657
s112111321094,s112111321083,1,3655,3647
s112111321094,s112111321091,1,3655,3652
s112111321099,s112111321074,1,3656,3643
s112111323025,s112111323038,1,3659,3669
s112111323026,s112111323038,1,3660,3669
s112111323027,s112111323045,1,3661,3675
s112111323027,s112111323050,1,3661,3680
s112111323027,s112111323053,1,3661,3683
s112111323027,s112111323059,1,3661,3689
s112111323027,s112111323064,1,3661,3694
s112111323029,s112111323040,1,3662,3671
s112111323029,s112111323059,1,3662,3689
s112111323030,s112111323035,1,3663,3666
s112111323030,s112111323050,1,3663,3680
s112111323030,s112111323064,1,3663,3694
s112111323032,s112111323027,1,3665,3661
s112111323032,s112111323036,1,3665,3667
s112111323032,s112111323041,1,3665,3672
s112111323035,s112111323053,1,3666,3683
s112111323035,s112111323059,1,3666,3689
s112111323035,s112111323064,1,3666,3694
s112111323036,s112111323059,1,3667,3689
s112111323036,s112111323064,1,3667,3694
s112111323037,s112111323040,1,3668,3671
s112111323037,s112111323059,1,3668,3689
s112111323037,s112111323065,1,3668,3695
s112111323038,s112111323025,1,3669,3659
s112111323038,s112111323026,1,3669,3660
s112111323038,s112111323029,1,3669,3662
s112111323038,s112111323032,1,3669,3665
s112111323041,s112111323064,1,3672,3694
s112111323042,s112111323054,1,3673,3684
s112111323044,s112111323064,1,3674,3694
s112111323046,s112111323040,1,3676,3671
s112111323046,s112111323048,1,3676,3678
s112111323046,s112111323053,1,3676,3683
s112111323046,s112111323064,1,3676,3694
s112111323047,s112111323040,1,3677,3671
s112111323047,s112111323042,1,3677,3673
s112111323047,s112111323064,1,3677,3694
s112111323048,s112111323059,1,3678,3689
s112111323052,s112111323040,1,3682,3671
s112111323052,s112111323053,1,3682,3683
s112111323053,s112111323065,1,3683,3695
s112111323054,s112111323042,1,3684,3673
s112111323054,s112111323059,1,3684,3689
s112111323056,s112111323045,1,3686,3675
s112111323056,s112111323064,1,3686,3694
s112111323057,s112111323059,1,3687,3689
s112111323057,s112111323064,1,3687,3694
s112111323058,s112111323040,1,3688,3671
s112111323058,s112111323041,1,3688,3672
s112111323058,s112111323063,1,3688,3693
s112111323059,s112111323041,1,3689,3672
s112111323059,s112111323054,1,3689,3684
s112111323059,s112111323064,1,3689,3694
s112111323060,s112111323040,1,3690,3671
s112111323060,s112111323064,1,3690,3694
s112111323061,s112111323040,1,3691,3671
s112111323061,s112111323064,1,3691,3694
s112111323062,s112111323053,1,3692,3683
s112111323062,s112111323064,1,3692,3694
s112111323063,s112111323050,1,3693,3680
s112111323063,s112111323051,1,3693,3681
s112111323063,s112111323057,1,3693,3687
s112111323063,s112111323064,1,3693,3694
s112111323064,s112111323059,1,3694,3689
s112111323065,s112111323035,1,3695,3666
s112111323065,s112111323037,1,3695,3668
s112111323065,s112111323041,1,3695,3672
s112111323077,s112111323073,1,3703,3700
s112111323077,s112111323074,1,3703,3701
s112111323077,s112111323080,1,3703,3706
s112111323077,s112111323081,1,3703,3707
s112111323077,s112111323082,1,3703,3708
s112111323078,s112111323073,1,3704,3700
s112111323078,s112111323080,1,3704,3706
s112111323078,s112111323081,1,3704,3707
s112111323079,s112111323082,1,3705,3708
s112111323079,s112111323107,1,3705,3728
s112111323084,s112111323083,1,3710,3709
s112111323084,s112111323086,1,3710,3712
s112111323084,s112111323093,1,3710,3718
s112111323086,s112111323098,1,3712,3723
s112111323087,s112111323073,1,3713,3700
s112111323087,s112111323098,1,3713,3723
s112111323088,s112111323069,1,3714,3696
s112111323088,s112111323070,1,3714,3697
s112111323093,s112111323073,1,3718,3700
s112111323093,s112111323074,1,3718,3701
s112111323093,s112111323081,1,3718,3707
s112111323093,s112111323097,1,3718,3722
s112111323093,s112111323098,1,3718,3723
s112111323094,s112111323098,1,3719,3723
s112111323095,s112111323073,1,3720,3700
s112111323095,s112111323083,1,3720,3709
s112111323095,s112111323091,1,3720,3716
s112111323095,s112111323098,1,3720,3723
s112111323096,s112111323083,1,3721,3709
s112111323096,s112111323091,1,3721,3716
s112111323096,s112111323093,1,3721,3718
s112111323096,s112111323098,1,3721,3723
s112111323097,s112111323083,1,3722,3709
s112111323097,s112111323086,1,3722,3712
s112111323097,s112111323091,1,3722,3716
s112111323097,s112111323093,1,3722,3718
s112111323097,s112111323098,1,3722,3723
s112111323098,s112111323073,1,3723,3700
s112111323098,s112111323091,1,3723,3716
s112111323098,s112111323093,1,3723,3718
s112111323098,s112111323105,1,3723,3726
s112111323100,s112111323073,1,3724,3700
s112111323100,s112111323098,1,3724,3723
s112111323102,s112111323073,1,3725,3700
s112111323105,s112111323070,1,3726,3697
s112111323105,s112111323071,1,3726,3698
s112111323105,s112111323098,1,3726,3723
s112111323106,s112111323098,1,3727,3723
s112111323107,s112111323074,1,3728,3701
s112111323107,s112111323098,1,3728,3723
s112111323107,s112111323106,1,3728,3727
s112114501027,s112114501025,1,3734,3732
s112114501027,s112114501031,1,3734,3738
s112114501033,s112114501027,1,3739,3734
s112114501033,s112114501029,1,3739,3736
s112114501033,s112114501031,1,3739,3738
s112114501044,s112114501038,1,3743,3741
s112114501044,s112114501048,1,3743,3746
s112114501045,s112114501026,1,3744,3733
s112114501045,s112114501048,1,3744,3746
s112114501048,s112114501045,1,3746,3744
s112114501055,s112114501063,1,3748,3753
s112114501066,s112114501056,1,3754,3749
s112114501070,s112114501056,1,3757,3749
s112114501070,s113114501004,1,3757,3766
s112114501071,s112114501059,1,3758,3751
s112114501071,s112114501060,1,3758,3752
s112114501073,s112114501057,1,3760,3750
s112114501073,s112114501069,1,3760,3756
s112114501076,s112114501073,1,3762,3760
s112114503024,s112114503039,1,3791,3804
s112114503024,s112114503044,1,3791,3808
s112114503024,s112114503046,1,3791,3810
s112114503024,s112114503049,1,3791,3812
s112114503024,s112114503050,1,3791,3813
s112114503025,s112114503030,1,3792,3795
s112114503025,s112114503035,1,3792,3800
s112114503025,s112114503037,1,3792,3802
s112114503025,s112114503039,1,3792,3804
s112114503025,s112114503046,1,3792,3810
s112114503029,s112114503035,1,3794,3800
s112114503029,s112114503037,1,3794,3802
s112114503029,s112114503039,1,3794,3804
s112114503029,s112114503048,1,3794,3811
s112114503029,s112114503049,1,3794,3812
s112114503031,s112114503035,1,3796,3800
s112114503032,s112114503035,1,3797,3800
s112114503032,s112114503037,1,3797,3802
s112114503032,s112114503039,1,3797,3804
s112114503032,s112114503046,1,3797,3810
s112114503033,s112114503035,1,3798,3800
s112114503033,s112114503036,1,3798,3801
s112114503033,s112114503039,1,3798,3804
s112114503033,s112114503046,1,3798,3810
s112114503036,s112114503030,1,3801,3795
s112114503036,s112114503035,1,3801,3800
s112114503036,s112114503046,1,3801,3810
s112114503036,s112114503049,1,3801,3812
s112114503037,s112114503039,1,3802,3804
s112114503037,s112114503042,1,3802,3806
s112114503037,s112114503044,1,3802,3808
s112114503040,s112114503024,1,3805,3791
s112114503040,s112114503037,1,3805,3802
s112114503042,s112114503030,1,3806,3795
s112114503042,s112114503035,1,3806,3800
s112114503042,s112114503037,1,3806,3802
s112114503042,s112114503046,1,3806,3810
s112114503043,s112114503030,1,3807,3795
s112114503043,s112114503037,1,3807,3802
s112114503043,s112114503040,1,3807,3805
s112114503043,s112114503046,1,3807,3810
s112114503048,s112114503035,1,3811,3800
s112114503048,s112114503036,1,3811,3801
s112114503048,s112114503037,1,3811,3802
s112114503048,s112114503040,1,3811,3805
s112114503049,s112114503040,1,3812,3805
s112114503050,s112114503030,1,3813,3795
s112114503050,s112114503037,1,3813,3802
s112114503054,s112114503055,1,3767,3768
s112114503054,s112114503071,1,3767,3783
s112114503054,s112114503075,1,3767,3784
s112114503054,s112114503080,1,3767,3788
s112114503054,s112114503082,1,3767,3790
s112114503055,s112114503057,1,3768,3770
s112114503055,s112114503071,1,3768,3783
s112114503057,s112114503055,1,3770,3768
s112114503057,s112114503061,1,3770,3774
s112114503057,s112114503062,1,3770,3775
s112114503059,s112114503055,1,3772,3768
s112114503059,s112114503057,1,3772,3770
s112114503059,s112114503061,1,3772,3774
s112114503059,s112114503071,1,3772,3783
s112114503059,s112114503077,1,3772,3785
s112114503060,s112114503055,1,3773,3768
s112114503060,s112114503057,1,3773,3770
s112114503060,s112114503062,1,3773,3775
s112114503060,s112114503066,1,3773,3778
s112114503060,s112114503071,1,3773,3783
s112114503062,s112114503071,1,3775,3783
s112114503065,s112114503055,1,3777,3768
s112114503065,s112114503066,1,3777,3778
s112114503065,s112114503067,1,3777,3779
s112114503065,s112114503071,1,3777,3783
s112114503065,s112114503079,1,3777,3787
s112114503066,s112114503082,1,3778,3790
s112114503067,s112114503055,1,3779,3768
s112114503067,s112114503056,1,3779,3769
s112114503067,s112114503061,1,3779,3774
s112114503067,s112114503071,1,3779,3783
s112114503067,s112114503078,1,3779,3786
s112114503068,s112114503057,1,3780,3770
s112114503068,s112114503059,1,3780,3772
s112114503068,s112114503071,1,3780,3783
s112114503069,s112114503062,1,3781,3775
s112114503069,s112114503071,1,3781,3783
s112114503069,s112114503078,1,3781,3786
s112114503069,s112114503079,1,3781,3787
s112114503069,s112114503080,1,3781,3788
s112114503070,s112114503055,1,3782,3768
s112114503070,s112114503060,1,3782,3773
s112114503070,s112114503078,1,3782,3786
s112114503070,s112114503079,1,3782,3787
s112114503071,s112114503054,1,3783,3767
s112114503077,s112114503061,1,3785,3774
s112114503077,s112114503071,1,3785,3783
s112114503078,s112114503056,1,3786,3769
s112114503078,s112114503057,1,3786,3770
s112114503078,s112114503066,1,3786,3778
s112114503078,s112114503069,1,3786,3781
s112114503078,s112114503071,1,3786,3783
s112114503079,s112114503057,1,3787,3770
s112114503079,s112114503069,1,3787,3781
s112114503079,s112114503070,1,3787,3782
s112114503079,s112114503071,1,3787,3783
s112114503079,s112114503077,1,3787,3785
s112114503080,s112114503055,1,3788,3768
s112114503080,s112114503061,1,3788,3774
s112114503080,s112114503067,1,3788,3779
s112114503080,s112114503069,1,3788,3781
s112114503080,s112114503071,1,3788,3783
s112114503081,s112114503056,1,3789,3769
s112114503081,s112114503057,1,3789,3770
s112114503081,s112114503070,1,3789,3782
s112114503081,s112114503071,1,3789,3783
s112114503081,s112114503077,1,3789,3785
s112114510024,s112114510039,1,3815,3823
s112114510029,s112114510037,1,3817,3822
s112114510029,s112114510048,1,3817,3828
s112114510032,s112114510037,1,3819,3822
s112114510032,s112114510039,1,3819,3823
s112114510033,s112114510037,1,3820,3822
s112114510033,s112114510048,1,3820,3828
s112114510037,s112114510039,1,3822,3823
s112114510037,s112114510041,1,3822,3824
s112114510037,s112114510043,1,3822,3825
s112114510045,s112114510048,1,3827,3828
s112114510048,s112114510032,1,3828,3819
s112114510048,s112114510033,1,3828,3820
s112114510048,s112114510034,1,3828,3821
s112114510053,s112114510057,1,3831,3833
s112114510053,s112114510058,1,3831,3834
s112114510053,s112114510060,1,3831,3836
s112114510053,s112114510062,1,3831,3838
s112114510056,s112114510066,1,3832,3841
s112114510056,s112114510067,1,3832,3842
s112114510057,s112114510053,1,3833,3831
s112114510057,s112114510066,1,3833,3841
s112114510057,s112114510067,1,3833,3842
s112114510060,s112114510067,1,3836,3842
s112114510061,s112114510053,1,3837,3831
s112114510061,s112114510066,1,3837,3841
s112114510061,s112114510067,1,3837,3842
s112114510062,s113114510003,1,3838,3850
s112114510063,s112114510067,1,3839,3842
s112114510063,s112114510074,1,3839,3848
s112114510064,s112114510066,1,3840,3841
s112114510064,s112114510067,1,3840,3842
s112114510064,s112114510074,1,3840,3848
s112114510069,s112114510053,1,3843,3831
s112114510069,s112114510060,1,3843,3836
s112114510069,s112114510067,1,3843,3842
s112114510075,s112114510066,1,3849,3841
s112114510075,s112114510073,1,3849,3847
s112114510075,s112114510074,1,3849,3848
s112114510075,s113114510003,1,3849,3850
s112114523026,s112114523043,1,3852,3866
s112114523026,s112114523044,1,3852,3867
s112114523029,s112114523044,1,3855,3867
s112114523030,s112114523043,1,3856,3866
s112114523030,s112114523044,1,3856,3867
s112114523031,s112114523025,1,3857,3851
s112114523031,s112114523026,1,3857,3852
s112114523031,s112114523043,1,3857,3866
s112114523031,s112114523044,1,3857,3867
s112114523032,s112114523044,1,3858,3867
s112114523034,s112114523025,1,3859,3851
s112114523034,s112114523026,1,3859,3852
s112114523037,s112114523025,1,3860,3851
s112114523039,s112114523025,1,3862,3851
s112114523039,s112114523038,1,3862,3861
s112114523039,s112114523043,1,3862,3866
s112114523039,s112114523044,1,3862,3867
s112114523039,s112114523045,1,3862,3868
s112114523040,s112114523025,1,3863,3851
s112114523040,s112114523038,1,3863,3861
s112114523040,s112114523043,1,3863,3866
s112114523040,s112114523044,1,3863,3867
s112114523040,s112114523046,1,3863,3869
s112114523042,s112114523044,1,3865,3867
s112114523043,s112114523037,1,3866,3860
s112114523043,s112114523039,1,3866,3862
s112114523043,s112114523047,1,3866,3870
s112114523044,s112114523029,1,3867,3855
s112114523044,s112114523037,1,3867,3860
s112114523044,s112114523039,1,3867,3862
s112114523044,s112114523047,1,3867,3870
s112114523045,s112114523025,1,3868,3851
s112114523045,s112114523039,1,3868,3862
s112114523045,s112114523044,1,3868,3867
s112114523045,s112114523047,1,3868,3870
s112114523046,s112114523047,1,3869,3870
s112114523047,s112114523038,1,3870,3861
s112114523047,s112114523043,1,3870,3866
s112114523047,s112114523044,1,3870,3867
s112114523047,s112114523045,1,3870,3868
s112114523047,s112114523046,1,3870,3869
s112114523048,s112114523025,1,3871,3851
s112114523048,s112114523026,1,3871,3852
s112114523050,s112114523026,1,3873,3852
s112114523050,s112114523038,1,3873,3861
s112114523050,s112114523043,1,3873,3866
s112114523050,s112114523044,1,3873,3867
s112114523050,s112114523045,1,3873,3868
s112114523058,s112114523061,1,3874,3876
s112114523058,s112114523062,1,3874,3877
s112114523058,s112114523063,1,3874,3878
s112114523062,s112114523080,1,3877,3886
s112114523063,s112114523080,1,3878,3886
s112114523069,s112114523060,1,3880,3875
s112114523078,s112114523080,1,3884,3886
s112114523079,s112114523080,1,3885,3886
s112114523082,s112114523062,1,3887,3877
s112114523082,s112114523063,1,3887,3878
s112114534024,s112114534032,1,3889,3895
s112114534024,s112114534037,1,3889,3899
s112114534024,s112114534038,1,3889,3900
s112114534024,s112114534044,1,3889,3906
s112114534024,s113114534003,1,3889,3907
s112114534025,s112114534035,1,3890,3897
s112114534025,s112114534040,1,3890,3902
s112114534026,s112114534029,1,3891,3892
s112114534026,s112114534035,1,3891,3897
s112114534026,s112114534040,1,3891,3902
s112114534029,s112114534032,1,3892,3895
s112114534029,s112114534037,1,3892,3899
s112114534029,s112114534038,1,3892,3900
s112114534029,s112114534040,1,3892,3902
s112114534029,s113114534003,1,3892,3907
s112114534031,s112114534029,1,3894,3892
s112114534031,s112114534040,1,3894,3902
s112114534031,s112114534044,1,3894,3906
s112114534032,s112114534024,1,3895,3889
s112114534032,s112114534029,1,3895,3892
s112114534032,s112114534035,1,3895,3897
s112114534032,s112114534040,1,3895,3902
s112114534034,s112114534032,1,3896,3895
s112114534034,s112114534035,1,3896,3897
s112114534034,s112114534037,1,3896,3899
s112114534034,s112114534041,1,3896,3903
s112114534035,s112114534037,1,3897,3899
s112114534035,s112114534041,1,3897,3903
s112114534035,s112114534044,1,3897,3906
s112114534037,s112114534035,1,3899,3897
s112114534038,s112114534024,1,3900,3889
s112114534038,s112114534029,1,3900,3892
s112114534038,s112114534035,1,3900,3897
s112114534038,s112114534040,1,3900,3902
s112114534040,s112114534044,1,3902,3906
s112114534040,s113114534003,1,3902,3907
s112114534044,s112114534029,1,3906,3892
s112114534044,s112114534035,1,3906,3897
s112114534044,s112114534040,1,3906,3902
s112114534048,s112114534053,1,3908,3912
s112114534048,s113114534004,1,3908,3921
s112114534050,s112114534063,1,3909,3917
s112114534051,s113114534004,1,3910,3921
s112114534052,s112114534053,1,3911,3912
s112114534052,s112114534064,1,3911,3918
s112114534056,s112114534053,1,3913,3912
s112114534061,s112114534063,1,3915,3917
s112114534062,s112114534063,1,3916,3917
s112114534062,s112114534064,1,3916,3918
s112114534063,s112114534048,1,3917,3908
s112114534064,s112114534048,1,3918,3908
s112114534064,s112114534063,1,3918,3917
s112114534067,s112114534048,1,3919,3908
s112114534067,s112114534060,1,3919,3914
s112114537029,s112114537025,1,3926,3923
s112124311025,s112124311036,1,3941,3950
s112124311026,s112124311039,1,3942,3953
s112124311026,s112124311049,1,3942,3962
s112124311026,s112124311051,1,3942,3964
s112124311026,s113124311003,1,3942,3965
s112124311027,s112124311039,1,3943,3953
s112124311027,s112124311049,1,3943,3962
s112124311027,s112124311051,1,3943,3964
s112124311027,s113124311003,1,3943,3965
s112124311028,s112124311039,1,3944,3953
s112124311028,s112124311046,1,3944,3960
s112124311028,s112124311049,1,3944,3962
s112124311028,s112124311051,1,3944,3964
s112124311028,s113124311003,1,3944,3965
s112124311029,s112124311026,1,3945,3942
s112124311029,s112124311028,1,3945,3944
s112124311034,s112124311026,1,3948,3942
s112124311034,s112124311027,1,3948,3943
s112124311034,s112124311029,1,3948,3945
s112124311034,s112124311049,1,3948,3962
s112124311034,s113124311003,1,3948,3965
s112124311037,s112124311034,1,3951,3948
s112124311037,s112124311049,1,3951,3962
s112124311037,s113124311003,1,3951,3965
s112124311039,s112124311029,1,3953,3945
s112124311039,s112124311040,1,3953,3954
s112124311039,s112124311049,1,3953,3962
s112124311039,s112124311051,1,3953,3964
s112124311040,s112124311049,1,3954,3962
s112124311040,s113124311003,1,3954,3965
s112124311042,s112124311026,1,3956,3942
s112124311042,s112124311028,1,3956,3944
s112124311043,s112124311026,1,3957,3942
s112124311043,s112124311029,1,3957,3945
s112124311043,s112124311049,1,3957,3962
s112124311044,s112124311024,1,3958,3940
s112124311044,s112124311027,1,3958,3943
s112124311044,s112124311029,1,3958,3945
s112124311044,s113124311003,1,3958,3965
s112124311046,s112124311024,1,3960,3940
s112124311046,s112124311034,1,3960,3948
s112124311046,s112124311049,1,3960,3962
s112124311046,s113124311003,1,3960,3965
s112124311048,s112124311037,1,3961,3951
s112124311048,s112124311039,1,3961,3953
s112124311048,s112124311049,1,3961,3962
s112124311048,s112124311051,1,3961,3964
s112124311048,s113124311003,1,3961,3965
s112124311049,s112124311028,1,3962,3944
s112124311049,s112124311029,1,3962,3945
s112124311049,s112124311039,1,3962,3953
s112124311049,s112124311051,1,3962,3964
s112124311051,s112124311026,1,3964,3942
s112124311051,s112124311028,1,3964,3944
s112124311051,s112124311029,1,3964,3945
s112124311051,s112124311034,1,3964,3948
s112124311051,s112124311049,1,3964,3962
s112124311054,s112124311081,1,3966,3993
s112124311055,s112124311081,1,3967,3993
s112124311056,s112124311060,1,3968,3972
s112124311056,s112124311065,1,3968,3977
s112124311056,s112124311078,1,3968,3990
s112124311056,s112124311081,1,3968,3993
s112124311057,s112124311065,1,3969,3977
s112124311057,s112124311081,1,3969,3993
s112124311059,s112124311079,1,3971,3991
s112124311059,s112124311081,1,3971,3993
s112124311060,s112124311081,1,3972,3993
s112124311061,s112124311064,1,3973,3976
s112124311061,s112124311081,1,3973,3993
s112124311062,s112124311066,1,3974,3978
s112124311062,s112124311079,1,3974,3991
s112124311062,s112124311081,1,3974,3993
s112124311063,s112124311079,1,3975,3991
s112124311063,s112124311081,1,3975,3993
s112124311064,s112124311079,1,3976,3991
s112124311064,s112124311081,1,3976,3993
s112124311065,s112124311081,1,3977,3993
s112124311066,s112124311057,1,3978,3969
s112124311066,s112124311058,1,3978,3970
s112124311066,s112124311064,1,3978,3976
s112124311066,s112124311081,1,3978,3993
s112124311067,s112124311081,1,3979,3993
s112124311069,s112124311054,1,3981,3966
s112124311069,s112124311056,1,3981,3968
s112124311069,s112124311065,1,3981,3977
s112124311069,s112124311070,1,3981,3982
s112124311069,s112124311081,1,3981,3993
s112124311070,s112124311065,1,3982,3977
s112124311070,s112124311081,1,3982,3993
s112124311071,s112124311064,1,3983,3976
s112124311071,s112124311065,1,3983,3977
s112124311071,s112124311079,1,3983,3991
s112124311071,s112124311080,1,3983,3992
s112124311071,s112124311081,1,3983,3993
s112124311073,s112124311056,1,3985,3968
s112124311073,s112124311070,1,3985,3982
s112124311073,s112124311081,1,3985,3993
s112124311074,s112124311081,1,3986,3993
s112124311075,s112124311058,1,3987,3970
s112124311075,s112124311080,1,3987,3992
s112124311076,s112124311065,1,3988,3977
s112124311076,s112124311070,1,3988,3982
s112124311076,s112124311081,1,3988,3993
s112124311077,s112124311056,1,3989,3968
s112124311077,s112124311070,1,3989,3982
s112124311077,s112124311079,1,3989,3991
s112124311077,s112124311081,1,3989,3993
s112124311078,s112124311064,1,3990,3976
s112124311078,s112124311070,1,3990,3982
s112124311078,s112124311079,1,3990,3991
s112124311078,s112124311081,1,3990,3993
s112124311079,s112124311058,1,3991,3970
s112124311079,s112124311063,1,3991,3975
s112124311079,s112124311064,1,3991,3976
s112124311079,s112124311065,1,3991,3977
s112124311079,s112124311081,1,3991,3993
s112124311081,s112124311059,1,3993,3971
s112124311081,s112124311063,1,3993,3975
s112124311081,s112124311064,1,3993,3976
s112124311081,s112124311065,1,3993,3977
s112124311081,s112124311066,1,3993,3978
s112124322026,s112124322031,1,3996,4001
s112124322026,s112124322037,1,3996,4007
s112124322026,s112124322043,1,3996,4012
s112124322026,s112124322048,1,3996,4017
s112124322027,s112124322031,1,3997,4001
s112124322028,s112124322025,1,3998,3995
s112124322028,s112124322026,1,3998,3996
s112124322028,s112124322033,1,3998,4003
s112124322028,s112124322036,1,3998,4006
s112124322029,s112124322026,1,3999,3996
s112124322030,s112124322031,1,4000,4001
s112124322030,s112124322033,1,4000,4003
s112124322030,s112124322036,1,4000,4006
s112124322030,s112124322041,1,4000,4010
s112124322031,s112124322033,1,4001,4003
s112124322031,s112124322036,1,4001,4006
s112124322031,s112124322048,1,4001,4017
s112124322031,s112124322049,1,4001,4018
s112124322033,s112124322026,1,4003,3996
s112124322036,s112124322041,1,4006,4010
s112124322036,s112124322043,1,4006,4012
s112124322039,s112124322026,1,4009,3996
s112124322039,s112124322031,1,4009,4001
s112124322039,s112124322036,1,4009,4006
s112124322039,s112124322041,1,4009,4010
s112124322041,s112124322026,1,4010,3996
s112124322041,s112124322033,1,4010,4003
s112124322041,s112124322044,1,4010,4013
s112124322041,s112124322048,1,4010,4017
s112124322048,s112124322026,1,4017,3996
s112124322048,s112124322029,1,4017,3999
s112124322048,s112124322031,1,4017,4001
s112124322048,s112124322041,1,4017,4010
s112124322049,s112124322026,1,4018,3996
s112124322049,s112124322029,1,4018,3999
s112124322049,s112124322030,1,4018,4000
s112124322049,s112124322031,1,4018,4001
s112124322049,s112124322037,1,4018,4007
s112124322052,s112124322060,1,4019,4027
s112124322052,s112124322066,1,4019,4033
s112124322052,s112124322068,1,4019,4035
s112124322052,s112124322071,1,4019,4038
s112124322052,s112124322073,1,4019,4040
s112124322053,s112124322056,1,4020,4023
s112124322053,s112124322063,1,4020,4030
s112124322053,s112124322064,1,4020,4031
s112124322053,s112124322069,1,4020,4036
s112124322053,s112124322074,1,4020,4041
s112124322054,s112124322059,1,4021,4026
s112124322054,s112124322069,1,4021,4036
s112124322055,s112124322066,1,4022,4033
s112124322055,s112124322071,1,4022,4038
s112124322055,s112124322073,1,4022,4040
s112124322055,s112124322074,1,4022,4041
s112124322055,s112124322075,1,4022,4042
s112124322056,s112124322063,1,4023,4030
s112124322056,s112124322069,1,4023,4036
s112124322056,s112124322070,1,4023,4037
s112124322056,s112124322074,1,4023,4041
s112124322057,s112124322054,1,4024,4021
s112124322057,s112124322058,1,4024,4025
s112124322057,s112124322061,1,4024,4028
s112124322057,s112124322062,1,4024,4029
s112124322057,s112124322066,1,4024,4033
s112124322058,s112124322065,1,4025,4032
s112124322058,s112124322066,1,4025,4033
s112124322058,s112124322068,1,4025,4035
s112124322058,s112124322069,1,4025,4036
s112124322058,s112124322071,1,4025,4038
s112124322059,s112124322061,1,4026,4028
s112124322059,s112124322062,1,4026,4029
s112124322059,s112124322063,1,4026,4030
s112124322059,s112124322064,1,4026,4031
s112124322059,s112124322069,1,4026,4036
s112124322060,s112124322052,1,4027,4019
s112124322060,s112124322054,1,4027,4021
s112124322060,s112124322063,1,4027,4030
s112124322060,s112124322069,1,4027,4036
s112124322060,s112124322074,1,4027,4041
s112124322064,s112124322061,1,4031,4028
s112124322064,s112124322062,1,4031,4029
s112124322064,s112124322063,1,4031,4030
s112124322064,s112124322071,1,4031,4038
s112124322065,s112124322054,1,4032,4021
s112124322065,s112124322055,1,4032,4022
s112124322065,s112124322058,1,4032,4025
s112124322065,s112124322061,1,4032,4028
s112124322065,s112124322062,1,4032,4029
s112124322066,s112124322054,1,4033,4021
s112124322066,s112124322055,1,4033,4022
s112124322066,s112124322058,1,4033,4025
s112124322066,s112124322061,1,4033,4028
s112124322066,s112124322062,1,4033,4029
s112124322067,s112124322053,1,4034,4020
s112124322067,s112124322054,1,4034,4021
s112124322067,s112124322055,1,4034,4022
s112124322067,s112124322058,1,4034,4025
s112124322067,s112124322059,1,4034,4026
s112124322068,s112124322052,1,4035,4019
s112124322068,s112124322054,1,4035,4021
s112124322068,s112124322055,1,4035,4022
s112124322068,s112124322058,1,4035,4025
s112124322068,s112124322059,1,4035,4026
s112124322069,s112124322063,1,4036,4030
s112124322070,s112124322052,1,4037,4019
s112124322070,s112124322054,1,4037,4021
s112124322070,s112124322055,1,4037,4022
s112124322070,s112124322058,1,4037,4025
s112124322070,s112124322063,1,4037,4030
s112124322071,s112124322052,1,4038,4019
s112124322071,s112124322054,1,4038,4021
s112124322071,s112124322055,1,4038,4022
s112124322071,s112124322063,1,4038,4030
s112124322071,s112124322069,1,4038,4036
s112124322073,s112124322055,1,4040,4022
s112124322073,s112124322061,1,4040,4028
s112124322073,s112124322062,1,4040,4029
s112124322073,s112124322063,1,4040,4030
s112124322073,s112124322074,1,4040,4041
s112124501028,s112124501037,1,4044,4050
s112124501028,s112124501038,1,4044,4051
s112124501034,s112124501038,1,4048,4051
s112124501034,s112124501040,1,4048,4053
s112124501034,s112124501042,1,4048,4055
s112124501038,s112124501028,1,4051,4044
s112124501038,s112124501033,1,4051,4047
s112124501042,s112124501037,1,4055,4050
s112124501045,s112124501032,1,4056,4046
s112124501045,s112124501037,1,4056,4050
s112124501048,s112124501064,1,4057,4072
s112124501049,s112124501061,1,4058,4069
s112124501049,s112124501068,1,4058,4074
s112124501049,s112124501069,1,4058,4075
s112124501050,s112124501056,1,4059,4064
s112124501050,s112124501061,1,4059,4069
s112124501050,s112124501063,1,4059,4071
s112124501050,s112124501066,1,4059,4073
s112124501053,s112124501048,1,4061,4057
s112124501053,s112124501050,1,4061,4059
s112124501053,s112124501056,1,4061,4064
s112124501053,s112124501068,1,4061,4074
s112124501054,s112124501059,1,4062,4067
s112124501054,s112124501064,1,4062,4072
s112124501054,s112124501068,1,4062,4074
s112124501055,s112124501050,1,4063,4059
s112124501055,s112124501059,1,4063,4067
s112124501055,s112124501064,1,4063,4072
s112124501055,s112124501066,1,4063,4073
s112124501056,s112124501050,1,4064,4059
s112124501056,s112124501061,1,4064,4069
s112124501056,s112124501064,1,4064,4072
s112124501056,s112124501066,1,4064,4073
s112124501057,s112124501061,1,4065,4069
s112124501057,s112124501064,1,4065,4072
s112124501057,s112124501069,1,4065,4075
s112124501059,s112124501064,1,4067,4072
s112124501059,s112124501066,1,4067,4073
s112124501060,s112124501057,1,4068,4065
s112124501060,s112124501066,1,4068,4073
s112124501061,s112124501066,1,4069,4073
s112124501062,s112124501053,1,4070,4061
s112124501062,s112124501066,1,4070,4073
s112124501063,s112124501053,1,4071,4061
s112124501063,s112124501058,1,4071,4066
s112124501063,s112124501066,1,4071,4073
s112124501064,s112124501058,1,4072,4066
s112124501066,s112124501048,1,4073,4057
s112124501066,s112124501053,1,4073,4061
s112124501066,s112124501056,1,4073,4064
s112124501066,s112124501057,1,4073,4065
s112124501068,s112124501066,1,4074,4073
s112124501069,s112124501056,1,4075,4064
s112124501069,s112124501057,1,4075,4065
s112124501069,s112124501058,1,4075,4066
s112124501069,s112124501064,1,4075,4072
s112124501069,s112124501066,1,4075,4073
s112124503028,s112124503025,1,4078,4076
s112124503030,s112124503038,1,4080,4087
s112124503030,s112124503039,1,4080,4088
s112124503030,s112124503041,1,4080,4089
s112124503030,s113124503003,1,4080,4094
s112124503031,s112124503038,1,4081,4087
s112124503031,s112124503039,1,4081,4088
s112124503031,s112124503041,1,4081,4089
s112124503031,s112124503043,1,4081,4090
s112124503033,s112124503030,1,4082,4080
s112124503035,s112124503030,1,4084,4080
s112124503036,s112124503027,1,4085,4077
s112124503036,s112124503030,1,4085,4080
s112124503044,s112124503025,1,4091,4076
s112124503048,s112124503030,1,4093,4080
s112124503048,s113124503004,1,4093,4095
s112124503055,s112124503052,1,4099,4097
s112124503055,s112124503063,1,4099,4104
s112124503056,s112124503051,1,4100,4096
s112124503056,s112124503063,1,4100,4104
s112124503062,s112124503063,1,4103,4104
s112124503062,s112124503068,1,4103,4108
s112124503062,s112124503074,1,4103,4112
s112124503063,s112124503068,1,4104,4108
s112124503063,s112124503074,1,4104,4112
s112124503065,s112124503074,1,4105,4112
s112124503067,s112124503051,1,4107,4096
s112124503067,s112124503052,1,4107,4097
s112124503074,s112124503051,1,4112,4096
s112124503074,s112124503052,1,4112,4097
s112124503074,s112124503063,1,4112,4104
s112124503076,s112124503068,1,4113,4108
s112124507025,s112124507042,1,4116,4129
s112124507026,s112124507030,1,4117,4121
s112124507026,s112124507032,1,4117,4123
s112124507026,s112124507041,1,4117,4128
s112124507026,s112124507042,1,4117,4129
s112124507030,s112124507026,1,4121,4117
s112124507030,s112124507042,1,4121,4129
s112124507031,s112124507034,1,4122,4124
s112124507031,s112124507035,1,4122,4125
s112124507031,s112124507042,1,4122,4129
s112124507032,s112124507026,1,4123,4117
s112124507032,s112124507034,1,4123,4124
s112124507032,s112124507042,1,4123,4129
s112124507034,s112124507042,1,4124,4129
s112124507035,s112124507042,1,4125,4129
s112124507036,s112124507030,1,4126,4121
s112124507036,s112124507040,1,4126,4127
s112124507036,s112124507042,1,4126,4129
s112124507040,s112124507042,1,4127,4129
s112124507041,s112124507025,1,4128,4116
s112124507041,s112124507026,1,4128,4117
s112124507041,s112124507030,1,4128,4121
s112124507041,s112124507034,1,4128,4124
s112124507041,s112124507042,1,4128,4129
s112124507043,s112124507024,1,4130,4115
s112124507043,s112124507026,1,4130,4117
s112124507043,s112124507034,1,4130,4124
s112124507043,s112124507042,1,4130,4129
s112124507043,s112124507046,1,4130,4132
s112124507045,s112124507042,1,4131,4129
s112124507046,s112124507025,1,4132,4116
s112124507046,s112124507026,1,4132,4117
s112124507046,s112124507030,1,4132,4121
s112124507049,s112124507059,1,4133,4143
s112124507049,s112124507066,1,4133,4148
s112124507050,s112124507059,1,4134,4143
s112124507054,s112124507058,1,4138,4142
s112124507054,s112124507059,1,4138,4143
s112124507054,s112124507064,1,4138,4146
s112124507054,s112124507066,1,4138,4148
s112124507054,s112124507072,1,4138,4144
s112124507055,s112124507059,1,4139,4143
s112124507055,s112124507064,1,4139,4146
s112124507055,s112124507066,1,4139,4148
s112124507055,s112124507067,1,4139,4149
s112124507055,s112124507072,1,4139,4144
s112124507057,s112124507059,1,4141,4143
s112124507059,s112124507067,1,4143,4149
s112124507064,s112124507052,1,4146,4136
s112124507064,s112124507053,1,4146,4137
s112124507064,s112124507059,1,4146,4143
s112124507064,s112124507065,1,4146,4147
s112124507065,s112124507050,1,4147,4134
s112124507065,s112124507057,1,4147,4141
s112124507065,s112124507059,1,4147,4143
s112124507067,s112124507049,1,4149,4133
s112124507067,s112124507050,1,4149,4134
s112124507067,s112124507055,1,4149,4139
s112124507067,s112124507066,1,4149,4148
s112124507069,s112124507050,1,4150,4134
s112124507069,s112124507054,1,4150,4138
s112124507069,s112124507057,1,4150,4141
s112124507069,s112124507064,1,4150,4146
s112124507069,s112124507066,1,4150,4148
s112124507072,s112124507066,1,4144,4148
s112124507072,s112124507067,1,4144,4149
s112124515024,s112124515027,1,4151,4153
s112124515024,s112124515039,1,4151,4165
s112124515024,s112124515043,1,4151,4169
s112124515024,s112124515046,1,4151,4172
s112124515024,s112124515048,1,4151,4174
s112124515025,s112124515027,1,4152,4153
s112124515025,s112124515028,1,4152,4154
s112124515027,s112124515028,1,4153,4154
s112124515027,s112124515031,1,4153,4157
s112124515027,s112124515032,1,4153,4158
s112124515032,s112124515027,1,4158,4153
s112124515032,s112124515043,1,4158,4169
s112124515032,s112124515046,1,4158,4172
s112124515032,s112124515048,1,4158,4174
s112124515033,s112124515027,1,4159,4153
s112124515033,s112124515028,1,4159,4154
s112124515033,s112124515031,1,4159,4157
s112124515033,s112124515039,1,4159,4165
s112124515033,s112124515046,1,4159,4172
s112124515034,s112124515027,1,4160,4153
s112124515034,s112124515028,1,4160,4154
s112124515034,s112124515043,1,4160,4169
s112124515034,s112124515046,1,4160,4172
s112124515034,s112124515048,1,4160,4174
s112124515035,s112124515027,1,4161,4153
s112124515035,s112124515028,1,4161,4154
s112124515035,s112124515046,1,4161,4172
s112124515035,s112124515048,1,4161,4174
s112124515036,s112124515027,1,4162,4153
s112124515036,s112124515028,1,4162,4154
s112124515036,s112124515031,1,4162,4157
s112124515036,s112124515045,1,4162,4171
s112124515036,s112124515046,1,4162,4172
s112124515037,s112124515047,1,4163,4173
s112124515038,s112124515027,1,4164,4153
s112124515038,s112124515028,1,4164,4154
s112124515038,s112124515031,1,4164,4157
s112124515039,s112124515027,1,4165,4153
s112124515039,s112124515028,1,4165,4154
s112124515039,s112124515031,1,4165,4157
s112124515042,s112124515027,1,4168,4153
s112124515042,s112124515039,1,4168,4165
s112124515042,s112124515043,1,4168,4169
s112124515042,s112124515046,1,4168,4172
s112124515042,s112124515047,1,4168,4173
s112124515043,s112124515027,1,4169,4153
s112124515043,s112124515028,1,4169,4154
s112124515043,s112124515031,1,4169,4157
s112124515043,s112124515032,1,4169,4158
s112124515043,s112124515034,1,4169,4160
s112124515046,s112124515027,1,4172,4153
s112124515046,s112124515028,1,4172,4154
s112124515047,s112124515037,1,4173,4163
s112124515048,s112124515024,1,4174,4151
s112124515048,s112124515027,1,4174,4153
s112124515048,s112124515028,1,4174,4154
s112124515048,s112124515029,1,4174,4155
s112124515048,s112124515034,1,4174,4160
s112124515049,s112124515027,1,4175,4153
s112124515049,s112124515028,1,4175,4154
s112124515049,s112124515031,1,4175,4157
s112124515052,s112124515064,1,4176,4188
s112124515052,s112124515069,1,4176,4191
s112124515052,s112124515073,1,4176,4195
s112124515055,s112124515069,1,4179,4191
s112124515055,s112124515072,1,4179,4194
s112124515055,s112124515073,1,4179,4195
s112124515056,s112124515069,1,4180,4191
s112124515057,s112124515069,1,4181,4191
s112124515058,s112124515069,1,4182,4191
s112124515059,s112124515069,1,4183,4191
s112124515060,s112124515059,1,4184,4183
s112124515060,s112124515068,1,4184,4190
s112124515060,s112124515070,1,4184,4192
s112124515060,s112124515072,1,4184,4194
s112124515060,s112124515075,1,4184,4197
s112124515064,s112124515069,1,4188,4191
s112124515064,s112124515073,1,4188,4195
s112124515065,s112124515058,1,4189,4182
s112124515065,s112124515060,1,4189,4184
s112124515065,s112124515061,1,4189,4185
s112124515065,s112124515062,1,4189,4186
s112124515065,s112124515063,1,4189,4187
s112124515068,s112124515054,1,4190,4178
s112124515068,s112124515058,1,4190,4182
s112124515068,s112124515060,1,4190,4184
s112124515068,s112124515061,1,4190,4185
s112124515068,s112124515062,1,4190,4186
s112124515069,s112124515070,1,4191,4192
s112124515069,s112124515072,1,4191,4194
s112124515069,s112124515073,3,4191,4195
s112124515070,s112124515054,1,4192,4178
s112124515070,s112124515058,1,4192,4182
s112124515070,s112124515060,1,4192,4184
s112124515070,s112124515061,1,4192,4185
s112124515070,s112124515062,1,4192,4186
s112124515071,s112124515069,1,4193,4191
s112124515072,s112124515069,1,4194,4191
s112124515073,s112124515069,1,4195,4191
s112124515074,s112124515069,1,4196,4191
s112124515074,s112124515073,1,4196,4195
s112124515074,s112124515075,1,4196,4197
s112124515074,s112124515077,1,4196,4199
s112124515076,s112124515069,1,4198,4191
s112124515076,s112124515073,1,4198,4195
s112124515077,s112124515072,1,4199,4194
s112124515077,s112124515074,1,4199,4196
s112124521024,s112124521037,1,4200,4210
s112124521024,s112124521043,1,4200,4216
s112124521025,s112124521024,1,4201,4200
s112124521029,s112124521037,1,4204,4210
s112124521029,s112124521042,1,4204,4215
s112124521029,s112124521043,1,4204,4216
s112124521029,s112124521047,1,4204,4219
s112124521029,s112124521049,1,4204,4221
s112124521031,s112124521043,1,4205,4216
s112124521031,s112124521047,1,4205,4219
s112124521031,s112124521049,1,4205,4221
s112124521031,s112124521052,1,4205,4224
s112124521035,s112124521024,1,4208,4200
s112124521035,s112124521043,1,4208,4216
s112124521036,s112124521029,1,4209,4204
s112124521036,s112124521038,1,4209,4211
s112124521036,s112124521043,1,4209,4216
s112124521036,s112124521049,1,4209,4221
s112124521037,s112124521024,1,4210,4200
s112124521037,s112124521025,1,4210,4201
s112124521037,s112124521032,1,4210,4206
s112124521037,s112124521049,1,4210,4221
s112124521038,s112124521043,1,4211,4216
s112124521038,s112124521044,1,4211,4217
s112124521038,s112124521049,1,4211,4221
s112124521038,s112124521050,1,4211,4222
s112124521038,s112124521052,1,4211,4224
s112124521039,s112124521027,1,4212,4203
s112124521039,s112124521029,1,4212,4204
s112124521039,s112124521037,1,4212,4210
s112124521039,s112124521043,1,4212,4216
s112124521040,s112124521026,1,4213,4202
s112124521040,s112124521033,1,4213,4207
s112124521040,s112124521037,1,4213,4210
s112124521040,s112124521043,1,4213,4216
s112124521044,s112124521035,1,4217,4208
s112124521044,s112124521038,1,4217,4211
s112124521044,s112124521040,1,4217,4213
s112124521044,s112124521043,1,4217,4216
s112124521046,s112124521029,1,4218,4204
s112124521046,s112124521032,1,4218,4206
s112124521046,s112124521038,1,4218,4211
s112124521047,s112124521024,1,4219,4200
s112124521047,s112124521027,1,4219,4203
s112124521047,s112124521037,1,4219,4210
s112124521047,s112124521038,1,4219,4211
s112124521049,s112124521027,1,4221,4203
s112124521049,s112124521040,1,4221,4213
s112124521049,s112124521043,1,4221,4216
s112124521049,s112124521048,1,4221,4220
s112124521051,s112124521024,1,4223,4200
s112124521051,s112124521025,1,4223,4201
s112124521051,s112124521040,1,4223,4213
s112124521051,s112124521043,1,4223,4216
s112124521052,s112124521043,1,4224,4216
s112124521055,s112124521057,1,4225,4227
s112124521055,s112124521067,1,4225,4236
s112124521055,s112124521073,1,4225,4242
s112124521055,s112124521079,1,4225,4248
s112124521057,s112124521068,1,4227,4237
s112124521057,s112124521072,1,4227,4241
s112124521057,s112124521079,1,4227,4248
s112124521058,s112124521057,1,4228,4227
s112124521058,s112124521062,1,4228,4232
s112124521058,s112124521067,1,4228,4236
s112124521058,s112124521068,1,4228,4237
s112124521058,s112124521075,1,4228,4244
s112124521060,s112124521057,1,4230,4227
s112124521060,s112124521058,1,4230,4228
s112124521060,s112124521068,1,4230,4237
s112124521060,s112124521077,1,4230,4246
s112124521060,s112124521079,1,4230,4248
s112124521061,s112124521057,1,4231,4227
s112124521061,s112124521058,1,4231,4228
s112124521061,s112124521067,1,4231,4236
s112124521061,s112124521068,1,4231,4237
s112124521061,s112124521079,1,4231,4248
s112124521062,s112124521056,1,4232,4226
s112124521062,s112124521057,1,4232,4227
s112124521062,s112124521058,1,4232,4228
s112124521062,s112124521068,1,4232,4237
s112124521062,s112124521079,1,4232,4248
s112124521064,s112124521057,1,4233,4227
s112124521064,s112124521058,1,4233,4228
s112124521064,s112124521068,1,4233,4237
s112124521064,s112124521072,1,4233,4241
s112124521064,s112124521079,1,4233,4248
s112124521065,s112124521067,1,4234,4236
s112124521065,s112124521072,1,4234,4241
s112124521065,s112124521078,1,4234,4247
s112124521065,s112124521079,1,4234,4248
s112124521065,s112124521081,1,4234,4250
s112124521068,s112124521066,1,4237,4235
s112124521069,s112124521057,1,4238,4227
s112124521069,s112124521067,1,4238,4236
s112124521072,s112124521057,1,4241,4227
s112124521072,s112124521058,1,4241,4228
s112124521072,s112124521067,1,4241,4236
s112124521072,s112124521068,1,4241,4237
s112124521072,s112124521073,1,4241,4242
s112124521074,s112124521058,1,4243,4228
s112124521074,s112124521076,1,4243,4245
s112124521074,s112124521079,1,4243,4248
s112124521074,s112124521081,1,4243,4250
s112124521076,s112124521058,1,4245,4228
s112124521076,s112124521059,1,4245,4229
s112124521076,s112124521062,1,4245,4232
s112124521076,s112124521073,1,4245,4242
s112124521077,s112124521058,1,4246,4228
s112124521077,s112124521059,1,4246,4229
s112124521077,s112124521062,1,4246,4232
s112124521077,s112124521066,1,4246,4235
s112124521077,s112124521073,1,4246,4242
s112124521079,s112124521058,1,4248,4228
s112124521079,s112124521069,1,4248,4238
s112124521081,s112124521069,1,4250,4238
s112124521081,s112124521073,1,4250,4242
s112124542026,s112124542029,1,4254,4257
s112124542032,s112124542025,1,4259,4253
s112124542032,s112124542026,1,4259,4254
s112124542032,s112124542027,1,4259,4255
s112124542037,s112124542038,1,4261,4262
s112124542037,s112124542041,1,4261,4265
s112124542037,s112124542045,1,4261,4269
s112124542037,s112124542047,1,4261,4271
s112124542038,s112124542045,1,4262,4269
s112124542040,s112124542041,1,4264,4265
s112124542041,s112124542037,1,4265,4261
s112124542041,s112124542043,1,4265,4267
s112124542041,s112124542051,1,4265,4272
s112124542042,s112124542041,1,4266,4265
s112124542043,s112124542037,1,4267,4261
s112124542043,s112124542038,1,4267,4262
s112124542043,s112124542040,1,4267,4264
s112124542043,s112124542041,1,4267,4265
s112124542043,s112124542047,1,4267,4271
s112124542044,s112124542041,1,4268,4265
s112124542045,s112124542037,1,4269,4261
s112124542045,s112124542041,1,4269,4265
s112124542045,s112124542046,1,4269,4270
s112124542047,s112124542037,1,4271,4261
s112124542047,s112124542038,1,4271,4262
s112124542047,s112124542039,1,4271,4263
s112124542047,s112124542040,1,4271,4264
s112124542047,s112124542051,1,4271,4272
s112124542051,s112124542037,1,4272,4261
s112124542051,s112124542041,1,4272,4265
s112124542051,s112124542042,1,4272,4266
s112124542051,s112124542047,1,4272,4271
s112124546025,s112124546024,1,4274,4273
s112124546025,s112124546026,1,4274,4275
s112124546025,s112124546028,1,4274,4276
s112124546025,s112124546037,1,4274,4285
s112124546026,s112124546025,1,4275,4274
s112124546028,s112124546025,1,4276,4274
s112124546031,s112124546024,1,4279,4273
s112124546031,s112124546025,1,4279,4274
s112124546032,s112124546024,1,4280,4273
s112124546032,s112124546025,1,4280,4274
s112124546032,s112124546034,1,4280,4282
s112124546032,s112124546040,1,4280,4288
s112124546033,s112124546024,1,4281,4273
s112124546033,s112124546025,1,4281,4274
s112124546033,s112124546028,1,4281,4276
s112124546033,s112124546029,1,4281,4277
s112124546034,s112124546024,1,4282,4273
s112124546034,s112124546025,1,4282,4274
s112124546034,s112124546032,1,4282,4280
s112124546034,s112124546040,1,4282,4288
s112124546035,s112124546024,1,4283,4273
s112124546035,s112124546025,1,4283,4274
s112124546035,s112124546026,1,4283,4275
s112124546036,s112124546024,1,4284,4273
s112124546036,s112124546025,1,4284,4274
s112124546036,s112124546026,1,4284,4275
s112124546036,s112124546032,1,4284,4280
s112124546036,s112124546041,1,4284,4289
s112124546037,s112124546025,1,4285,4274
s112124546037,s112124546034,1,4285,4282
s112124546040,s112124546024,1,4288,4273
s112124546040,s112124546025,1,4288,4274
s112124546040,s112124546028,1,4288,4276
s112124546040,s112124546032,1,4288,4280
s112124546041,s112124546024,1,4289,4273
s112124546041,s112124546025,1,4289,4274
s112124546041,s112124546031,1,4289,4279
s112124546041,s112124546034,1,4289,4282
s112124546042,s112124546024,1,4290,4273
s112124546042,s112124546025,1,4290,4274
s112124546042,s112124546032,1,4290,4280
s112124546042,s112124546039,1,4290,4287
s112124546042,s112124546040,1,4290,4288
s112124546046,s112124546053,1,4292,4299
s112124546046,s112124546060,1,4292,4305
s112124546046,s112124546061,1,4292,4306
s112124546047,s112124546060,1,4293,4305
s112124546048,s112124546060,1,4294,4305
s112124546049,s112124546060,1,4295,4305
s112124546050,s112124546060,1,4296,4305
s112124546052,s112124546047,1,4298,4293
s112124546052,s112124546054,1,4298,4300
s112124546052,s112124546056,1,4298,4301
s112124546052,s112124546059,1,4298,4304
s112124546052,s112124546060,1,4298,4305
s112124546053,s112124546056,1,4299,4301
s112124546054,s112124546060,1,4300,4305
s112124546056,s112124546048,1,4301,4294
s112124546056,s112124546050,1,4301,4296
s112124546056,s112124546051,1,4301,4297
s112124546056,s112124546053,1,4301,4299
s112124546056,s112124546061,1,4301,4306
s112124546060,s112124546045,1,4305,4291
s112124546060,s112124546048,1,4305,4294
s112124546060,s112124546050,1,4305,4296
s112124546060,s112124546051,1,4305,4297
s112124546060,s112124546056,1,4305,4301
s112124546062,s112124546053,1,4307,4299
s112124546062,s112124546059,1,4307,4304
s112124546062,s112124546060,1,4307,4305
s112124546062,s112124546061,1,4307,4306
s112124546063,s112124546050,1,4308,4296
s112124546063,s112124546053,1,4308,4299
s112124546063,s112124546060,1,4308,4305
s112124546063,s112124546061,1,4308,4306
s112124548030,s112124548023,1,4315,4310
s112124548030,s112124548024,1,4315,4311
s112124548030,s113124548003,1,4315,4317
s112124550024,s112124550025,1,4318,4319
s112124550024,s112124550039,1,4318,4328
s112124550024,s112124550041,1,4318,4330
s112124550025,s112124550035,1,4319,4326
s112124550028,s112124550032,1,4321,4324
s112124550028,s112124550033,1,4321,4325
s112124550033,s112124550030,1,4325,4322
s112124550038,s112124550025,1,4327,4319
s112124550039,s112124550033,1,4328,4325
s112124550039,s112124550035,1,4328,4326
s112124550041,s112124550032,1,4330,4324
s112124550041,s112124550035,1,4330,4326
s112124550041,s112124550049,1,4330,4337
s112124550042,s112124550035,1,4331,4326
s112124550042,s112124550040,1,4331,4329
s112124550042,s112124550041,1,4331,4330
s112124550042,s112124550049,1,4331,4337
s112124550043,s112124550030,1,4332,4322
s112124550043,s112124550032,1,4332,4324
s112124550043,s112124550035,1,4332,4326
s112124550044,s112124550025,1,4333,4319
s112124550044,s112124550035,1,4333,4326
s112124550045,s112124550030,1,4334,4322
s112124550045,s112124550032,1,4334,4324
s112124550047,s112124550032,1,4335,4324
s112124550047,s112124550035,1,4335,4326
s112124550047,s112124550049,1,4335,4337
s112124550048,s112124550049,1,4336,4337
s112124550049,s112124550035,1,4337,4326
s112124550049,s112124550041,1,4337,4330
s112124550052,s112124550032,1,4339,4324
s112124550052,s112124550035,1,4339,4326
s112124550053,s112124550035,1,4340,4326
s112124550053,s112124550041,1,4340,4330
s112124550055,s112124550030,1,4341,4322
s112124550055,s112124550032,1,4341,4324
s112124550055,s112124550035,1,4341,4326
s112124550055,s112124550039,1,4341,4328
s112124550056,s112124550032,1,4342,4324
s112124550056,s112124550035,1,4342,4326
s112124550056,s112124550041,1,4342,4330
s112124550056,s112124550049,1,4342,4337
s112124550057,s112124550041,1,4343,4330
s112124550057,s112124550049,1,4343,4337
s112124550057,s112124550053,1,4343,4340
s112124550062,s112124550077,1,4345,4360
s112124550062,s112124550079,1,4345,4361
s112124550062,s112124550085,1,4345,4365
s112124550062,s112124550090,1,4345,4370
s112124550063,s112124550065,1,4346,4348
s112124550063,s112124550074,1,4346,4357
s112124550063,s112124550079,1,4346,4361
s112124550063,s112124550085,1,4346,4365
s112124550063,s112124550090,1,4346,4370
s112124550064,s112124550065,1,4347,4348
s112124550067,s112124550077,1,4350,4360
s112124550067,s112124550079,1,4350,4361
s112124550067,s112124550085,1,4350,4365
s112124550069,s112124550065,1,4352,4348
s112124550069,s112124550074,1,4352,4357
s112124550069,s112124550090,1,4352,4370
s112124550070,s112124550063,1,4353,4346
s112124550073,s112124550077,1,4356,4360
s112124550073,s112124550079,1,4356,4361
s112124550073,s112124550094,1,4356,4373
s112124550074,s112124550079,1,4357,4361
s112124550075,s112124550079,1,4358,4361
s112124550084,s112124550065,1,4364,4348
s112124550084,s112124550067,1,4364,4350
s112124550087,s112124550063,1,4367,4346
s112124550087,s112124550079,1,4367,4361
s112124550090,s112124550063,1,4370,4346
s112124550090,s112124550069,1,4370,4352
s112124550090,s112124550070,1,4370,4353
s112124550090,s112124550079,1,4370,4361
s112124550092,s112124550063,1,4371,4346
s112124550092,s112124550067,1,4371,4350
s112124550092,s112124550079,1,4371,4361
s112124550093,s112124550067,1,4372,4350
s112134501026,s112134501040,1,4377,4389
s112134501026,s112134501048,1,4377,4395
s112134501027,s112134501040,1,4378,4389
s112134501028,s112134501040,1,4379,4389
s112134501028,s112134501048,1,4379,4395
s112134501031,s112134501040,1,4381,4389
s112134501031,s112134501048,1,4381,4395
s112134501034,s112134501028,1,4383,4379
s112134501034,s112134501040,1,4383,4389
s112134501034,s112134501048,1,4383,4395
s112134501035,s112134501026,1,4384,4377
s112134501035,s112134501033,1,4384,4382
s112134501035,s112134501039,1,4384,4388
s112134501035,s112134501040,1,4384,4389
s112134501036,s112134501026,1,4385,4377
s112134501036,s112134501033,1,4385,4382
s112134501036,s112134501039,1,4385,4388
s112134501036,s112134501040,1,4385,4389
s112134501037,s112134501026,1,4386,4377
s112134501037,s112134501040,1,4386,4389
s112134501037,s112134501048,1,4386,4395
s112134501038,s112134501033,1,4387,4382
s112134501038,s112134501040,1,4387,4389
s112134501038,s112134501048,1,4387,4395
s112134501040,s112134501026,1,4389,4377
s112134501040,s112134501027,1,4389,4378
s112134501040,s112134501031,1,4389,4381
s112134501040,s112134501035,1,4389,4384
s112134501046,s112134501024,1,4393,4375
s112134501046,s112134501031,1,4393,4381
s112134501046,s112134501040,1,4393,4389
s112134501046,s112134501048,1,4393,4395
s112134501048,s112134501033,1,4395,4382
s112134501048,s112134501039,1,4395,4388
s112134501048,s112134501050,1,4395,4397
s112134501054,s112134501077,1,4399,4413
s112134501054,s112134501079,1,4399,4415
s112134501055,s112134501079,1,4400,4415
s112134501059,s112134501071,1,4401,4409
s112134501059,s112134501077,1,4401,4413
s112134501059,s112134501078,1,4401,4414
s112134501059,s112134501079,1,4401,4415
s112134501060,s112134501059,1,4402,4401
s112134501060,s112134501069,1,4402,4407
s112134501060,s112134501077,1,4402,4413
s112134501060,s112134501079,1,4402,4415
s112134501061,s112134501069,1,4403,4407
s112134501061,s112134501077,1,4403,4413
s112134501061,s112134501079,1,4403,4415
s112134501066,s112134501079,1,4404,4415
s112134501067,s112134501077,1,4405,4413
s112134501067,s112134501079,1,4405,4415
s112134501069,s112134501054,1,4407,4399
s112134501069,s112134501061,1,4407,4403
s112134501069,s112134501071,1,4407,4409
s112134501069,s112134501078,1,4407,4414
s112134501070,s112134501054,1,4408,4399
s112134501070,s112134501061,1,4408,4403
s112134501070,s112134501071,1,4408,4409
s112134501070,s112134501078,1,4408,4414
s112134501071,s112134501077,1,4409,4413
s112134501071,s112134501079,1,4409,4415
s112134501075,s112134501077,1,4411,4413
s112134501075,s112134501078,1,4411,4414
s112134501075,s112134501079,1,4411,4415
s112134501076,s112134501060,1,4412,4402
s112134501076,s112134501061,1,4412,4403
s112134501076,s112134501071,1,4412,4409
s112134501076,s112134501079,1,4412,4415
s112134501077,s112134501061,1,4413,4403
s112134501077,s112134501068,1,4413,4406
s112134501077,s112134501071,1,4413,4409
s112134501077,s112134501078,1,4413,4414
s112134501078,s112134501075,1,4414,4411
s112134501079,s112134501054,1,4415,4399
s112134501079,s112134501061,1,4415,4403
s112134501079,s112134501067,1,4415,4405
s112134501080,s112134501054,1,4416,4399
s112134501080,s112134501061,1,4416,4403
s112134501081,s112134501059,1,4417,4401
s112134501081,s112134501060,1,4417,4402
s112134501081,s112134501071,1,4417,4409
s112134527024,s112134527034,1,4420,4425
s112134527024,s112134527035,1,4420,4426
s112134527024,s112134527041,1,4420,4429
s112134527024,s112134527042,1,4420,4430
s112134527024,s112134527043,1,4420,4431
s112134527027,s112134527024,1,4421,4420
s112134527027,s112134527036,1,4421,4427
s112134527029,s112134527024,1,4422,4420
s112134527029,s112134527036,1,4422,4427
s112134527030,s112134527036,1,4423,4427
s112134527031,s112134527024,1,4424,4420
s112134527031,s112134527036,1,4424,4427
s112134527034,s112134527036,1,4425,4427
s112134527034,s112134527038,1,4425,4428
s112134527035,s112134527041,1,4426,4429
s112134527036,s112134527041,1,4427,4429
s112134527036,s112134527042,1,4427,4430
s112134527036,s112134527045,1,4427,4433
s112134527038,s112134527024,1,4428,4420
s112134527038,s112134527034,1,4428,4425
s112134527038,s112134527041,1,4428,4429
s112134527038,s112134527042,1,4428,4430
s112134527041,s112134527031,1,4429,4424
s112134527041,s112134527046,1,4429,4434
s112134527044,s112134527024,1,4432,4420
s112134527044,s112134527029,1,4432,4422
s112134527044,s112134527036,1,4432,4427
s112134527045,s112134527024,1,4433,4420
s112134527045,s112134527036,1,4433,4427
s112134527046,s112134527024,1,4434,4420
s112134527046,s112134527035,1,4434,4426
s112134527046,s112134527036,1,4434,4427
s112134527049,s112134527063,1,4436,4448
s112134527049,s112134527066,1,4436,4450
s112134527049,s112134527068,1,4436,4452
s112134527049,s112134527070,1,4436,4454
s112134527051,s112134527060,1,4438,4445
s112134527051,s112134527063,1,4438,4448
s112134527052,s112134527063,1,4439,4448
s112134527053,s112134527063,1,4440,4448
s112134527053,s112134527066,1,4440,4450
s112134527056,s112134527058,1,4441,4443
s112134527056,s112134527059,1,4441,4444
s112134527056,s112134527067,1,4441,4451
s112134527056,s112134527068,1,4441,4452
s112134527057,s112134527059,1,4442,4444
s112134527057,s112134527066,1,4442,4450
s112134527057,s112134527067,1,4442,4451
s112134527057,s112134527069,1,4442,4453
s112134527059,s112134527049,1,4444,4436
s112134527059,s112134527056,1,4444,4441
s112134527059,s112134527063,1,4444,4448
s112134527060,s112134527049,1,4445,4436
s112134527060,s112134527051,1,4445,4438
s112134527060,s112134527058,1,4445,4443
s112134527060,s112134527063,1,4445,4448
s112134527060,s113134527005,1,4445,4455
s112134527065,s112134527049,1,4449,4436
s112134527065,s112134527063,1,4449,4448
s112134527066,s112134527057,1,4450,4442
s112134527066,s112134527063,1,4450,4448
s112134527066,s112134527067,1,4450,4451
s112134527067,s112134527056,1,4451,4441
s112134527067,s112134527060,1,4451,4445
s112134527067,s112134527061,1,4451,4446
s112134527067,s112134527063,1,4451,4448
s112134527067,s112134527066,1,4451,4450
s112134527068,s112134527063,1,4452,4448
s112134527069,s112134527067,1,4453,4451
s112134527070,s112134527066,1,4454,4450
s112134542024,s112134542032,1,4457,4464
s112134542024,s112134542038,1,4457,4469
s112134542024,s112134542040,1,4457,4471
s112134542026,s112134542025,1,4459,4458
s112134542026,s112134542032,1,4459,4464
s112134542026,s112134542037,1,4459,4468
s112134542026,s112134542040,1,4459,4471
s112134542026,s112134542043,1,4459,4473
s112134542027,s112134542034,1,4460,4466
s112134542027,s112134542040,1,4460,4471
s112134542029,s112134542032,1,4462,4464
s112134542029,s112134542040,1,4462,4471
s112134542030,s112134542037,1,4463,4468
s112134542030,s112134542040,1,4463,4471
s112134542030,s112134542043,1,4463,4473
s112134542032,s112134542034,1,4464,4466
s112134542032,s112134542037,1,4464,4468
s112134542032,s112134542040,1,4464,4471
s112134542034,s112134542029,1,4466,4462
s112134542034,s112134542040,1,4466,4471
s112134542035,s112134542040,1,4467,4471
s112134542037,s112134542027,1,4468,4460
s112134542037,s112134542029,1,4468,4462
s112134542037,s112134542030,1,4468,4463
s112134542037,s112134542038,1,4468,4469
s112134542037,s112134542040,1,4468,4471
s112134542040,s112134542027,1,4471,4460
s112134542040,s112134542029,1,4471,4462
s112134542040,s112134542034,1,4471,4466
s112134542040,s112134542035,1,4471,4467
s112134542042,s112134542040,1,4472,4471
s112134542050,s112134542048,1,4477,4475
s112134542050,s112134542052,1,4477,4479
s112134542050,s112134542065,1,4477,4491
s112134542053,s112134542057,1,4480,4484
s112134542053,s112134542064,1,4480,4490
s112134542056,s112134542047,1,4483,4474
s112134542056,s112134542048,1,4483,4475
s112134542056,s112134542051,1,4483,4478
s112134542056,s112134542052,1,4483,4479
s112134542056,s112134542064,1,4483,4490
s112134542057,s112134542047,1,4484,4474
s112134542057,s112134542052,1,4484,4479
s112134542057,s112134542064,1,4484,4490
s112134542057,s112134542065,1,4484,4491
s112134542057,s113134542003,1,4484,4492
s112134542058,s112134542060,1,4485,4487
s112134542058,s112134542061,1,4485,4488
s112134542059,s112134542056,1,4486,4483
s112134542059,s112134542057,1,4486,4484
s112134542059,s112134542060,1,4486,4487
s112134542059,s112134542061,1,4486,4488
s112134542059,s112134542065,1,4486,4491
s112134542065,s112134542059,1,4491,4486
s112144501026,s112144501035,1,4495,4503
s112144501026,s112144501049,1,4495,4516
s112144501027,s112144501035,1,4496,4503
s112144501029,s112144501047,1,4498,4514
s112144501030,s112144501033,1,4499,4501
s112144501030,s112144501040,1,4499,4508
s112144501030,s112144501047,1,4499,4514
s112144501030,s112144501052,1,4499,4519
s112144501031,s112144501024,1,4500,4493
s112144501031,s112144501026,1,4500,4495
s112144501031,s112144501028,1,4500,4497
s112144501031,s112144501034,1,4500,4502
s112144501033,s112144501047,1,4501,4514
s112144501034,s112144501035,1,4502,4503
s112144501034,s112144501044,1,4502,4512
s112144501034,s112144501048,1,4502,4515
s112144501034,s112144501049,1,4502,4516
s112144501035,s112144501024,1,4503,4493
s112144501035,s112144501026,1,4503,4495
s112144501035,s112144501028,1,4503,4497
s112144501035,s112144501034,1,4503,4502
s112144501035,s113144501003,1,4503,4520
s112144501037,s112144501035,1,4505,4503
s112144501038,s112144501046,1,4506,4513
s112144501038,s112144501047,1,4506,4514
s112144501039,s112144501046,1,4507,4513
s112144501041,s112144501047,1,4509,4514
s112144501042,s112144501047,1,4510,4514
s112144501043,s112144501047,1,4511,4514
s112144501044,s112144501040,1,4512,4508
s112144501046,s112144501035,1,4513,4503
s112144501046,s112144501038,1,4513,4506
s112144501046,s112144501040,1,4513,4508
s112144501046,s112144501047,1,4513,4514
s112144501049,s112144501047,1,4516,4514
s112144501052,s112144501044,1,4519,4512
s112144501055,s112144501058,1,4521,4524
s112144501055,s112144501067,1,4521,4533
s112144501055,s112144501071,1,4521,4536
s112144501055,s112144501073,1,4521,4537
s112144501055,s112144501075,1,4521,4539
s112144501056,s112144501076,1,4522,4540
s112144501058,s112144501055,1,4524,4521
s112144501058,s112144501059,1,4524,4525
s112144501058,s112144501064,1,4524,4530
s112144501058,s112144501065,1,4524,4531
s112144501058,s112144501081,1,4524,4544
s112144501059,s112144501071,1,4525,4536
s112144501059,s112144501076,1,4525,4540
s112144501059,s112144501083,1,4525,4546
s112144501062,s112144501058,1,4528,4524
s112144501062,s112144501067,1,4528,4533
s112144501062,s112144501071,1,4528,4536
s112144501062,s112144501079,1,4528,4542
s112144501062,s113144501004,1,4528,4547
s112144501065,s112144501058,1,4531,4524
s112144501065,s112144501067,1,4531,4533
s112144501069,s112144501057,1,4534,4523
s112144501069,s112144501067,1,4534,4533
s112144501069,s112144501071,1,4534,4536
s112144501069,s112144501074,1,4534,4538
s112144501069,s113144501005,1,4534,4548
s112144501070,s112144501056,1,4535,4522
s112144501070,s112144501057,1,4535,4523
s112144501070,s112144501071,1,4535,4536
s112144501070,s112144501076,1,4535,4540
s112144501070,s113144501004,1,4535,4547
s112144501073,s112144501062,1,4537,4528
s112144501073,s112144501064,1,4537,4530
s112144501073,s112144501081,1,4537,4544
s112144501073,s112144501083,1,4537,4546
s112144501074,s112144501056,1,4538,4522
s112144501074,s112144501057,1,4538,4523
s112144501074,s112144501059,1,4538,4525
s112144501074,s112144501061,1,4538,4527
s112144501074,s112144501083,1,4538,4546
s112144501075,s112144501074,1,4539,4538
s112144501075,s112144501076,1,4539,4540
s112144501075,s112144501079,1,4539,4542
s112144501075,s112144501083,1,4539,4546
s112144501075,s113144501004,1,4539,4547
s112144501076,s112144501059,1,4540,4525
s112144501076,s112144501062,1,4540,4528
s112144501076,s112144501064,1,4540,4530
s112144501076,s112144501065,1,4540,4531
s112144501076,s112144501066,1,4540,4532
s112144501078,s112144501056,1,4541,4522
s112144501078,s112144501057,1,4541,4523
s112144501078,s112144501071,1,4541,4536
s112144501078,s112144501075,1,4541,4539
s112144501078,s113144501005,1,4541,4548
s112144501079,s112144501057,1,4542,4523
s112144501079,s112144501069,1,4542,4534
s112144501079,s112144501071,1,4542,4536
s112144501079,s112144501075,1,4542,4539
s112144501079,s113144501004,1,4542,4547
s112144501080,s112144501071,1,4543,4536
s112144501081,s112144501060,1,4544,4526
s112144501081,s112144501062,1,4544,4528
s112144501081,s112144501064,1,4544,4530
s112144501081,s112144501069,1,4544,4534
s112144501081,s112144501076,1,4544,4540
s112144501082,s112144501055,1,4545,4521
s112144501082,s112144501081,1,4545,4544
s112144501083,s112144501056,1,4546,4522
s112144501083,s112144501057,1,4546,4523
s112144504024,s112144504036,1,4550,4554
s112144504024,s113144504004,1,4550,4558
s112144504028,s112144504056,1,4559,4569
s112144504030,s113144504004,1,4551,4558
s112144504031,s112144504042,1,4552,4557
s112144504031,s113144504004,1,4552,4558
s112144504036,s112144504039,1,4554,4555
s112144504039,s112144504036,1,4555,4554
s112144504040,s112144504042,1,4556,4557
s112144504040,s113144504004,1,4556,4558
s112144504047,s112144504053,1,4561,4567
s112144504047,s112144504056,1,4561,4569
s112144504048,s112144504052,1,4562,4566
s112144504048,s112144504056,1,4562,4569
s112144504051,s112144504028,1,4565,4559
s112144504051,s112144504047,1,4565,4561
s112144504051,s112144504048,1,4565,4562
s112144504056,s112144504046,1,4569,4560
s112144504056,s112144504047,1,4569,4561
s112144504056,s112144504048,1,4569,4562
s112144504059,s112144504056,1,4570,4569
s112144511025,s112144511027,1,4572,4574
s112144511025,s112144511042,1,4572,4586
s112144511025,s112144511043,1,4572,4587
s112144511027,s112144511024,1,4574,4571
s112144511027,s112144511026,1,4574,4573
s112144511027,s112144511029,1,4574,4575
s112144511027,s113144511003,1,4574,4590
s112144511032,s112144511027,1,4578,4574
s112144511032,s112144511042,1,4578,4586
s112144511033,s112144511027,1,4579,4574
s112144511033,s112144511038,1,4579,4583
s112144511033,s112144511042,1,4579,4586
s112144511033,s112144511044,1,4579,4588
s112144511034,s112144511040,1,4580,4584
s112144511034,s112144511041,1,4580,4585
s112144511034,s112144511042,1,4580,4586
s112144511035,s112144511024,1,4581,4571
s112144511035,s112144511026,1,4581,4573
s112144511035,s112144511029,1,4581,4575
s112144511035,s112144511033,1,4581,4579
s112144511038,s112144511027,1,4583,4574
s112144511038,s112144511031,1,4583,4577
s112144511038,s112144511033,1,4583,4579
s112144511038,s112144511034,1,4583,4580
s112144511038,s112144511042,1,4583,4586
s112144511040,s112144511024,1,4584,4571
s112144511040,s112144511026,1,4584,4573
s112144511040,s112144511027,1,4584,4574
s112144511040,s112144511038,1,4584,4583
s112144511040,s112144511042,1,4584,4586
s112144511044,s112144511032,1,4588,4578
s112144511044,s112144511042,1,4588,4586
s112144511044,s112144511043,1,4588,4587
s112144511045,s112144511027,1,4589,4574
s112144511045,s112144511032,1,4589,4578
s112144511045,s112144511042,1,4589,4586
s112144511049,s112144511051,1,4591,4593
s112144511049,s112144511054,1,4591,4596
s112144511049,s112144511056,1,4591,4598
s112144511049,s112144511065,1,4591,4606
s112144511050,s112144511054,1,4592,4596
s112144511050,s112144511071,1,4592,4610
s112144511051,s112144511049,1,4593,4591
s112144511052,s112144511058,1,4594,4600
s112144511052,s112144511060,1,4594,4602
s112144511052,s112144511062,1,4594,4603
s112144511052,s112144511064,1,4594,4605
s112144511052,s112144511065,1,4594,4606
s112144511053,s112144511049,1,4595,4591
s112144511053,s112144511058,1,4595,4600
s112144511053,s112144511062,1,4595,4603
s112144511053,s112144511064,1,4595,4605
s112144511053,s112144511065,1,4595,4606
s112144511056,s112144511049,1,4598,4591
s112144511056,s112144511058,1,4598,4600
s112144511056,s112144511065,1,4598,4606
s112144511056,s112144511067,1,4598,4608
s112144511056,s112144511068,1,4598,4609
s112144511057,s112144511054,1,4599,4596
s112144511057,s112144511062,1,4599,4603
s112144511057,s112144511064,1,4599,4605
s112144511057,s112144511065,1,4599,4606
s112144511058,s112144511054,1,4600,4596
s112144511058,s112144511056,1,4600,4598
s112144511058,s112144511062,1,4600,4603
s112144511058,s112144511065,1,4600,4606
s112144511060,s112144511050,1,4602,4592
s112144511060,s112144511056,1,4602,4598
s112144511060,s112144511058,1,4602,4600
s112144511060,s112144511064,1,4602,4605
s112144511060,s112144511065,1,4602,4606
s112144511062,s112144511054,1,4603,4596
s112144511062,s112144511056,1,4603,4598
s112144511062,s112144511057,1,4603,4599
s112144511062,s112144511058,1,4603,4600
s112144511062,s112144511071,1,4603,4610
s112144511064,s112144511054,1,4605,4596
s112144511064,s112144511056,1,4605,4598
s112144511064,s112144511059,1,4605,4601
s112144511064,s112144511068,1,4605,4609
s112144511065,s112144511052,1,4606,4594
s112144511065,s112144511057,1,4606,4599
s112144511065,s112144511058,1,4606,4600
s112144511065,s112144511067,1,4606,4608
s112144511066,s112144511054,1,4607,4596
s112144511066,s112144511056,1,4607,4598
s112144511066,s112144511058,1,4607,4600
s112144511066,s112144511062,1,4607,4603
s112144511067,s112144511054,1,4608,4596
s112144511067,s112144511056,1,4608,4598
s112144511067,s112144511058,1,4608,4600
s112144511067,s112144511062,1,4608,4603
s112144511067,s112144511065,1,4608,4606
s112144511068,s112144511051,1,4609,4593
s112144511068,s112144511056,1,4609,4598
s112144511068,s112144511060,1,4609,4602
s112144511068,s112144511062,1,4609,4603
s112144511068,s112144511064,1,4609,4605
s112144511071,s112144511056,1,4610,4598
s112144511071,s112144511062,1,4610,4603
s112144511071,s112144511064,1,4610,4605
s112144511071,s112144511067,1,4610,4608
s112144511071,s112144511068,1,4610,4609
s112144512024,s112144512027,1,4612,4614
s112144512024,s112144512038,1,4612,4623
s112144512025,s112144512024,1,4613,4612
s112144512025,s112144512027,1,4613,4614
s112144512025,s112144512030,1,4613,4617
s112144512025,s112144512038,1,4613,4623
s112144512025,s113144512002,1,4613,4628
s112144512028,s112144512027,1,4615,4614
s112144512028,s112144512038,1,4615,4623
s112144512028,s112144512043,1,4615,4627
s112144512029,s112144512027,1,4616,4614
s112144512029,s112144512038,1,4616,4623
s112144512029,s112144512043,1,4616,4627
s112144512030,s112144512025,1,4617,4613
s112144512030,s112144512027,1,4617,4614
s112144512030,s112144512029,1,4617,4616
s112144512030,s112144512038,1,4617,4623
s112144512034,s112144512027,1,4621,4614
s112144512035,s112144512027,1,4622,4614
s112144512035,s112144512038,1,4622,4623
s112144512039,s112144512027,1,4624,4614
s112144517026,s112144517035,1,4630,4637
s112144517026,s112144517037,1,4630,4639
s112144517026,s112144517038,1,4630,4640
s112144517026,s112144517041,1,4630,4642
s112144517026,s112144517044,1,4630,4645
s112144517034,s112144517026,1,4636,4630
s112144517034,s112144517031,1,4636,4635
s112144517034,s112144517037,1,4636,4639
s112144517037,s112144517026,1,4639,4630
s112144517037,s113144517003,1,4639,4646
s112144517041,s112144517025,1,4642,4629
s112144517041,s112144517026,1,4642,4630
s112144517043,s112144517026,1,4644,4630
s112144517044,s112144517026,1,4645,4630
s112144517044,s112144517037,1,4645,4639
s112144517052,s113144517004,1,4648,4655
s112144517054,s112144517050,1,4649,4647
s112144517060,s112144517050,1,4650,4647
s112154501025,s112154501045,1,4657,4676
s112154501030,s113154501003,1,4662,4680
s112154501032,s112154501041,1,4664,4672
s112154501032,s112154501045,1,4664,4676
s112154501032,s113154501003,1,4664,4680
s112154501033,s112154501041,1,4665,4672
s112154501033,s113154501003,1,4665,4680
s112154501035,s113154501003,1,4666,4680
s112154501036,s113154501003,1,4667,4680
s112154501037,s113154501003,1,4668,4680
s112154501038,s112154501043,1,4669,4674
s112154501038,s113154501003,1,4669,4680
s112154501039,s112154501025,1,4670,4657
s112154501039,s112154501041,1,4670,4672
s112154501039,s112154501045,1,4670,4676
s112154501039,s112154501046,1,4670,4677
s112154501039,s113154501003,1,4670,4680
s112154501040,s112154501025,1,4671,4657
s112154501040,s112154501027,1,4671,4659
s112154501040,s112154501045,1,4671,4676
s112154501040,s112154501048,1,4671,4679
s112154501040,s113154501003,1,4671,4680
s112154501041,s112154501032,1,4672,4664
s112154501041,s112154501033,1,4672,4665
s112154501041,s112154501042,1,4672,4673
s112154501041,s112154501044,1,4672,4675
s112154501041,s113154501003,1,4672,4680
s112154501042,s112154501041,1,4673,4672
s112154501042,s112154501045,1,4673,4676
s112154501042,s113154501003,1,4673,4680
s112154501043,s112154501025,1,4674,4657
s112154501043,s112154501045,1,4674,4676
s112154501043,s113154501003,1,4674,4680
s112154501044,s113154501003,1,4675,4680
s112154501045,s112154501024,1,4676,4656
s112154501045,s112154501036,1,4676,4667
s112154501045,s112154501042,1,4676,4673
s112154501045,s112154501043,1,4676,4674
s112154501045,s113154501003,1,4676,4680
s112154501046,s112154501045,1,4677,4676
s112154501046,s113154501003,1,4677,4680
s112154501047,s113154501003,1,4678,4680
s112154501048,s112154501028,1,4679,4660
s112154501048,s113154501003,1,4679,4680
s112154501051,s112154501058,1,4681,4686
s112154501051,s112154501062,1,4681,4689
s112154501051,s112154501067,1,4681,4692
s112154501051,s112154501076,1,4681,4700
s112154501054,s112154501064,1,4683,4691
s112154501054,s112154501071,1,4683,4696
s112154501054,s112154501072,1,4683,4697
s112154501054,s112154501073,1,4683,4698
s112154501055,s112154501064,1,4684,4691
s112154501055,s112154501072,1,4684,4697
s112154501055,s112154501073,1,4684,4698
s112154501055,s112154501076,1,4684,4700
s112154501056,s112154501062,1,4685,4689
s112154501056,s112154501064,1,4685,4691
s112154501056,s112154501073,1,4685,4698
s112154501056,s112154501076,1,4685,4700
s112154501060,s112154501062,1,4687,4689
s112154501060,s112154501064,1,4687,4691
s112154501060,s112154501072,1,4687,4697
s112154501060,s112154501073,1,4687,4698
s112154501060,s112154501076,1,4687,4700
s112154501063,s112154501051,1,4690,4681
s112154501063,s112154501073,1,4690,4698
s112154501067,s112154501076,1,4692,4700
s112154501069,s112154501056,1,4694,4685
s112154501069,s112154501067,1,4694,4692
s112154501069,s112154501072,1,4694,4697
s112154501069,s112154501076,1,4694,4700
s112154501070,s112154501051,1,4695,4681
s112154501070,s112154501061,1,4695,4688
s112154501070,s112154501064,1,4695,4691
s112154501073,s112154501062,1,4698,4689
s112154501073,s112154501076,1,4698,4700
s112154501074,s112154501068,1,4699,4693
s112154501074,s112154501073,1,4699,4698
s112154501074,s112154501076,1,4699,4700
s112154505024,s112154505039,1,4701,4712
s112154505026,s112154505028,1,4702,4704
s112154505026,s112154505046,1,4702,4718
s112154505027,s113154505003,1,4703,4723
s112154505031,s112154505051,1,4705,4722
s112154505035,s113154505003,1,4709,4723
s112154505038,s113154505003,1,4711,4723
s112154505040,s112154505044,1,4713,4716
s112154505040,s112154505049,1,4713,4721
s112154505041,s112154505044,1,4714,4716
s112154505043,s112154505045,1,4715,4717
s112154505043,s112154505047,1,4715,4719
s112154505043,s112154505049,1,4715,4721
s112154505044,s112154505027,1,4716,4703
s112154505044,s112154505033,1,4716,4707
s112154505044,s112154505040,1,4716,4713
s112154505044,s112154505043,1,4716,4715
s112154505044,s112154505051,1,4716,4722
s112154505045,s112154505027,1,4717,4703
s112154505045,s112154505033,1,4717,4707
s112154505045,s112154505040,1,4717,4713
s112154505045,s112154505043,1,4717,4715
s112154505045,s112154505051,1,4717,4722
s112154505047,s112154505033,1,4719,4707
s112154505047,s113154505003,1,4719,4723
s112154505048,s112154505028,1,4720,4704
s112154505048,s112154505033,1,4720,4707
s112154505048,s112154505036,1,4720,4710
s112154505048,s112154505039,1,4720,4712
s112154505048,s113154505003,1,4720,4723
s112154505049,s112154505033,1,4721,4707
s112154505049,s112154505039,1,4721,4712
s112154505049,s112154505040,1,4721,4713
s112154505049,s112154505043,1,4721,4715
s112154505049,s113154505003,1,4721,4723
s112154505060,s112154505059,1,4729,4728
s112154505060,s112154505061,1,4729,4730
s112154505060,s112154505068,1,4729,4737
s112154505060,s112154505069,1,4729,4738
s112154505060,s112154505070,1,4729,4739
s112154505061,s112154505065,1,4730,4734
s112154505061,s112154505066,1,4730,4735
s112154505061,s112154505070,1,4730,4739
s112154505061,s113154505004,1,4730,4748
s112154505062,s112154505061,1,4731,4730
s112154505069,s112154505065,1,4738,4734
s112154505069,s112154505074,1,4738,4741
s112154505069,s112154505079,1,4738,4744
s112154505069,s113154505004,1,4738,4748
s112154505075,s112154505059,1,4742,4728
s112154505075,s112154505060,1,4742,4729
s112154505075,s112154505062,1,4742,4731
s112154505075,s112154505070,1,4742,4739
s112154505079,s112154505055,1,4744,4724
s112154505079,s112154505057,1,4744,4726
s112154505079,s112154505065,1,4744,4734
s112154505079,s112154505070,1,4744,4739
s112154505081,s112154505065,1,4746,4734
s112154505081,s112154505070,1,4746,4739
s112154506045,s112154506047,1,4749,4750
s112154506045,s112154506060,1,4749,4762
s112154506051,s112154506047,1,4754,4750
s112154506051,s112154506057,1,4754,4760
s112154506051,s112154506058,1,4754,4761
s112154506051,s112154506060,1,4754,4762
s112154506052,s112154506047,1,4755,4750
s112154506053,s112154506045,1,4756,4749
s112154506053,s112154506047,1,4756,4750
s112154506056,s112154506045,1,4759,4749
s112154506056,s112154506047,1,4759,4750
s112154506057,s112154506047,1,4760,4750
s112154506058,s112154506045,1,4761,4749
s112154506058,s112154506047,1,4761,4750
s112154506060,s112154506045,1,4762,4749
s112154506060,s112154506047,1,4762,4750
s112154506060,s112154506057,1,4762,4760
s112154506060,s112154506070,1,4762,4770
s112154506064,s112154506047,1,4764,4750
s112154506066,s112154506047,1,4766,4750
s112154506066,s112154506057,1,4766,4760
s112154506066,s112154506058,1,4766,4761
s112154506067,s112154506045,1,4767,4749
s112154506067,s112154506047,1,4767,4750
s112154506067,s112154506057,1,4767,4760
s112154506068,s112154506047,1,4768,4750
s112154506068,s112154506056,1,4768,4759
s112154506068,s112154506057,1,4768,4760
s112154506069,s112154506047,1,4769,4750
s112154506069,s112154506057,1,4769,4760
s112154506069,s112154506058,1,4769,4761
s112154506070,s112154506047,1,4770,4750
s112154506070,s112154506056,1,4770,4759
s112154506070,s112154506060,1,4770,4762
s112154506070,s112154506066,1,4770,4766
s112154506071,s112154506045,1,4771,4749
s112154506071,s112154506047,1,4771,4750
s112154506071,s112154506058,1,4771,4761
s112154506072,s112154506045,1,4772,4749
s112154506072,s112154506047,1,4772,4750
s112154506072,s112154506051,1,4772,4754
s112154506072,s112154506058,1,4772,4761
s112154506075,s112154506079,1,4773,4776
s112154506076,s112154506079,1,4774,4776
s112154506079,s112154506081,1,4776,4777
s112154506079,s112154506082,1,4776,4778
s112154506079,s112154506101,1,4776,4792
s112154506081,s112154506090,1,4777,4786
s112154506081,s112154506101,1,4777,4792
s112154506081,s113154506003,1,4777,4793
s112154506082,s112154506079,1,4778,4776
s112154506082,s112154506081,1,4778,4777
s112154506082,s112154506101,1,4778,4792
s112154506083,s112154506076,1,4779,4774
s112154506083,s112154506088,1,4779,4784
s112154506083,s112154506090,1,4779,4786
s112154506084,s112154506075,1,4780,4773
s112154506084,s112154506076,1,4780,4774
s112154506084,s112154506085,1,4780,4781
s112154506084,s112154506086,1,4780,4782
s112154506084,s112154506087,1,4780,4783
s112154506085,s112154506079,1,4781,4776
s112154506085,s112154506081,1,4781,4777
s112154506087,s112154506079,1,4783,4776
s112154506087,s112154506081,1,4783,4777
s112154506087,s112154506082,1,4783,4778
s112154506087,s112154506083,1,4783,4779
s112154506088,s112154506079,1,4784,4776
s112154506088,s112154506081,1,4784,4777
s112154506088,s112154506082,1,4784,4778
s112154506090,s112154506076,1,4786,4774
s112154506090,s112154506077,1,4786,4775
s112154506090,s112154506083,1,4786,4779
s112154506093,s112154506079,1,4787,4776
s112154506093,s112154506082,1,4787,4778
s112154506093,s112154506083,1,4787,4779
s112154506093,s113154506003,1,4787,4793
s112154506095,s112154506081,1,4788,4777
s112154506096,s112154506075,1,4789,4773
s112154506096,s112154506079,1,4789,4776
s112154506096,s112154506101,1,4789,4792
s112154506100,s112154506081,1,4791,4777
s112154513025,s112154513047,1,4794,4810
s112154513026,s112154513047,1,4795,4810
s112154513028,s112154513040,1,4797,4805
s112154513028,s112154513041,1,4797,4806
s112154513028,s112154513042,1,4797,4807
s112154513028,s112154513047,1,4797,4810
s112154513031,s112154513038,1,4799,4803
s112154513033,s112154513038,1,4801,4803
s112154513033,s112154513041,1,4801,4806
s112154513033,s112154513042,1,4801,4807
s112154513033,s112154513047,1,4801,4810
s112154513038,s112154513041,1,4803,4806
s112154513038,s112154513047,1,4803,4810
s112154513040,s112154513043,1,4805,4808
s112154513041,s112154513037,1,4806,4802
s112154513041,s112154513038,1,4806,4803
s112154513041,s112154513043,1,4806,4808
s112154513041,s112154513047,1,4806,4810
s112154513042,s112154513047,1,4807,4810
s112154513043,s112154513037,1,4808,4802
s112154513043,s112154513041,1,4808,4806
s112154513043,s112154513047,1,4808,4810
s112154513057,s112154513059,1,4818,4819
s112154513057,s112154513065,1,4818,4824
s112154513057,s112154513070,1,4818,4829
s112154513059,s112154513072,1,4819,4831
s112154513061,s112154513059,1,4820,4819
s112154513061,s112154513066,1,4820,4825
s112154513061,s112154513069,1,4820,4828
s112154513061,s112154513070,1,4820,4829
s112154513061,s112154513071,1,4820,4830
s112154513066,s112154513055,1,4825,4817
s112154513066,s112154513061,1,4825,4820
s112154513066,s112154513064,1,4825,4823
s112154513066,s112154513067,1,4825,4826
s112154513066,s112154513072,1,4825,4831
s112154513067,s112154513064,1,4826,4823
s112154513067,s112154513066,1,4826,4825
s112154513067,s112154513070,1,4826,4829
s112154513068,s112154513059,1,4827,4819
s112154513068,s112154513063,1,4827,4822
s112154513068,s112154513064,1,4827,4823
s112154513068,s112154513071,1,4827,4830
s112154513068,s112154513072,1,4827,4831
s112154513069,s112154513052,1,4828,4814
s112154513069,s112154513059,1,4828,4819
s112154513069,s112154513061,1,4828,4820
s112154513069,s112154513072,1,4828,4831
s112154513070,s112154513059,1,4829,4819
s112154513070,s112154513061,1,4829,4820
s112154513070,s112154513067,1,4829,4826
s112154513070,s112154513072,1,4829,4831
s112154515026,s112154515036,1,4833,4837
s112154515027,s112154515036,1,4834,4837
s112154515030,s112154515036,1,4835,4837
s112154515030,s112154515043,1,4835,4843
s112154515033,s112154515036,1,4836,4837
s112154515039,s112154515036,1,4839,4837
s112154515041,s112154515036,1,4841,4837
s112154515043,s112154515036,1,4843,4837
s112154515047,s112154515049,1,4845,4847
s112154515047,s112154515052,1,4845,4850
s112154515047,s112154515057,1,4845,4854
s112154515047,s112154515059,1,4845,4856
s112154515047,s113154515005,1,4845,4861
s112154515049,s112154515054,1,4847,4852
s112154515049,s112154515058,1,4847,4855
s112154515049,s112154515060,1,4847,4857
s112154515049,s112154515061,1,4847,4858
s112154515049,s113154515005,1,4847,4861
s112154515050,s112154515048,1,4848,4846
s112154515050,s113154515005,1,4848,4861
s112154515052,s112154515058,1,4850,4855
s112154515052,s112154515061,1,4850,4858
s112154515052,s113154515005,1,4850,4861
s112154515054,s112154515045,1,4852,4844
s112154515054,s112154515052,1,4852,4850
s112154515054,s112154515059,1,4852,4856
s112154515055,s112154515050,1,4853,4848
s112154515055,s112154515052,1,4853,4850
s112154515055,s112154515061,1,4853,4858
s112154515057,s112154515048,1,4854,4846
s112154515057,s112154515058,1,4854,4855
s112154515058,s112154515052,1,4855,4850
s112154515058,s113154515005,1,4855,4861
s112154515059,s112154515058,1,4856,4855
s112154515063,s112154515049,1,4859,4847
s112154515063,s112154515050,1,4859,4848
s112154515063,s112154515052,1,4859,4850
s112154515063,s112154515057,1,4859,4854
s112154515064,s112154515049,1,4860,4847
s112154515064,s112154515050,1,4860,4848
s112154515064,s112154515052,1,4860,4850
s112154515064,s112154515057,1,4860,4854
s112164501026,s112164501030,1,4871,4874
s112164501026,s112164501031,1,4871,4875
s112164501026,s112164501034,1,4871,4877
s112164501026,s112164501045,1,4871,4885
s112164501028,s112164501031,1,4872,4875
s112164501031,s112164501028,1,4875,4872
s112164501031,s112164501030,1,4875,4874
s112164501031,s112164501034,1,4875,4877
s112164501031,s112164501035,1,4875,4878
s112164501032,s112164501031,1,4876,4875
s112164501032,s112164501040,1,4876,4882
s112164501032,s112164501041,1,4876,4883
s112164501034,s112164501036,1,4877,4879
s112164501039,s112164501034,1,4881,4877
s112164501039,s112164501040,1,4881,4882
s112164501039,s112164501041,1,4881,4883
s112164501043,s112164501025,1,4884,4870
s112164501043,s112164501030,1,4884,4874
s112164501043,s112164501031,1,4884,4875
s112164501043,s112164501034,1,4884,4877
s112164501043,s112164501041,1,4884,4883
s112164501048,s112164501041,1,4887,4883
s112164501049,s112164501031,1,4888,4875
s112164501052,s112164501064,1,4889,4898
s112164501057,s112164501062,1,4892,4897
s112164501057,s112164501068,1,4892,4900
s112164501061,s112164501057,1,4896,4892
s112164501069,s112164501054,1,4901,4891
s112164501069,s112164501062,1,4901,4897
s112164501069,s112164501073,1,4901,4904
s112164501069,s112164501075,1,4901,4905
s112164501070,s112164501062,1,4902,4897
s112164513025,s112164513027,1,4907,4909
s112164513025,s112164513028,1,4907,4910
s112164513025,s112164513034,1,4907,4915
s112164513025,s112164513036,1,4907,4917
s112164513027,s112164513046,1,4909,4924
s112164513029,s112164513026,1,4911,4908
s112164513029,s112164513027,1,4911,4909
s112164513029,s112164513034,1,4911,4915
s112164513032,s112164513025,1,4913,4907
s112164513032,s112164513034,1,4913,4915
s112164513032,s112164513046,1,4913,4924
s112164513034,s112164513025,1,4915,4907
s112164513035,s112164513025,1,4916,4907
s112164513035,s112164513034,1,4916,4915
s112164513035,s112164513038,1,4916,4918
s112164513035,s112164513041,1,4916,4920
s112164513035,s112164513046,1,4916,4924
s112164513036,s112164513034,1,4917,4915
s112164513036,s112164513041,1,4917,4920
s112164513036,s112164513046,1,4917,4924
s112164513038,s112164513025,1,4918,4907
s112164513038,s112164513027,1,4918,4909
s112164513038,s112164513028,1,4918,4910
s112164513038,s112164513034,1,4918,4915
s112164513038,s112164513045,1,4918,4923
s112164513040,s112164513025,1,4919,4907
s112164513040,s112164513027,1,4919,4909
s112164513040,s112164513034,1,4919,4915
s112164513040,s112164513042,1,4919,4921
s112164513040,s112164513045,1,4919,4923
s112164513041,s112164513025,1,4920,4907
s112164513041,s112164513034,1,4920,4915
s112164513041,s112164513045,1,4920,4923
s112164513042,s112164513034,1,4921,4915
s112164513042,s112164513038,1,4921,4918
s112164513044,s112164513025,1,4922,4907
s112164513044,s112164513027,1,4922,4909
s112164513044,s112164513028,1,4922,4910
s112164513044,s112164513032,1,4922,4913
s112164513045,s112164513025,1,4923,4907
s112164513045,s112164513026,1,4923,4908
s112164513045,s112164513027,1,4923,4909
s112164513045,s112164513028,1,4923,4910
s112164513046,s112164513027,1,4924,4909
s112164513046,s112164513028,1,4924,4910
s112164513046,s112164513034,1,4924,4915
s112164513046,s112164513045,1,4924,4923
s112164513049,s112164513052,1,4925,4927
s112164513049,s112164513053,1,4925,4931
s112164513049,s112164513067,1,4925,4938
s112164513049,s112164513071,1,4925,4941
s112164513052,s112164513060,1,4927,4929
s112164513052,s112164513067,1,4927,4938
s112164513052,s112164513071,1,4927,4941
s112164513053,s112164513060,1,4931,4929
s112164513053,s112164513062,1,4931,4930
s112164513053,s112164513066,1,4931,4936
s112164513054,s112164513052,1,4932,4927
s112164513054,s112164513056,1,4932,4935
s112164513054,s112164513057,1,4932,4937
s112164513054,s113164513003,1,4932,4942
s112164513057,s112164513051,1,4937,4926
s112164513058,s112164513053,1,4928,4931
s112164513058,s112164513065,1,4928,4934
s112164513058,s112164513067,1,4928,4938
s112164513058,s112164513071,1,4928,4941
s112164513060,s112164513053,1,4929,4931
s112164513060,s112164513062,1,4929,4930
s112164513060,s112164513067,1,4929,4938
s112164513060,s112164513071,1,4929,4941
s112164513062,s112164513052,1,4930,4927
s112164513062,s112164513053,1,4930,4931
s112164513062,s112164513060,1,4930,4929
s112164513062,s112164513065,1,4930,4934
s112164513064,s112164513053,1,4933,4931
s112164513064,s112164513065,1,4933,4934
s112164513064,s112164513067,1,4933,4938
s112164513064,s112164513069,1,4933,4940
s112164513065,s112164513053,1,4934,4931
s112164513066,s112164513052,1,4936,4927
s112164513066,s112164513053,1,4936,4931
s112164513066,s112164513060,1,4936,4929
s112164513066,s112164513069,1,4936,4940
s112164513066,s113164513003,1,4936,4942
s112164513067,s112164513052,1,4938,4927
s112164513067,s112164513053,1,4938,4931
s112164513067,s112164513065,1,4938,4934
s112164513068,s112164513053,1,4939,4931
s112164513069,s112164513053,1,4940,4931
s112171306024,s112171306053,1,4943,4957
s112171306024,s112171306062,1,4943,4965
s112171306026,s112171306045,1,4944,4954
s112171306035,s112171306044,1,4948,4953
s112171306035,s112171306060,1,4948,4963
s112171306041,s112171306045,1,4951,4954
s112171306042,s112171306062,1,4952,4965
s112171306045,s112171306035,1,4954,4948
s112171306049,s112171306033,1,4956,4947
s112171306049,s112171306062,1,4956,4965
s112171306053,s112171306024,1,4957,4943
s112171306053,s112171306047,1,4957,4955
s112171306053,s112171306049,1,4957,4956
s112171306053,s112171306054,1,4957,4958
s112171306054,s112171306024,1,4958,4943
s112171306054,s112171306040,1,4958,4950
s112171306054,s112171306041,1,4958,4951
s112171306058,s112171306033,1,4961,4947
s112171306059,s112171306035,1,4962,4948
s112171306059,s112171306062,1,4962,4965
s112171306060,s112171306026,1,4963,4944
s112171306060,s112171306035,1,4963,4948
s112171306060,s112171306053,1,4963,4957
s112171306062,s112171306033,1,4965,4947
s112171306066,s112171306033,1,4967,4947
s112171306066,s112171306045,1,4967,4954
s112171306077,s112171306082,1,4975,4978
s112171306077,s112171306084,1,4975,4980
s112171306077,s112171306100,1,4975,4993
s112171306077,s112171306107,1,4975,4999
s112171306078,s112171306107,1,4976,4999
s112171306081,s112171306073,1,4977,4972
s112171306081,s112171306088,1,4977,4983
s112171306081,s112171306107,1,4977,4999
s112171306084,s112171306082,1,4980,4978
s112171306084,s112171306103,1,4980,4996
s112171306088,s112171306078,1,4983,4976
s112171306088,s112171306084,1,4983,4980
s112171306088,s112171306100,1,4983,4993
s112171306088,s112171306101,1,4983,4994
s112171306088,s112171306107,1,4983,4999
s112171306089,s112171306084,1,4984,4980
s112171306089,s112171306100,1,4984,4993
s112171306089,s112171306107,1,4984,4999
s112171306090,s112171306084,1,4985,4980
s112171306090,s112171306100,1,4985,4993
s112171306090,s112171306107,1,4985,4999
s112171306091,s112171306107,1,4986,4999
s112171306093,s112171306084,1,4988,4980
s112171306093,s112171306100,1,4988,4993
s112171306093,s112171306107,1,4988,4999
s112171306099,s112171306078,1,4992,4976
s112171306099,s112171306082,1,4992,4978
s112171306099,s112171306107,1,4992,4999
s112171306100,s112171306087,1,4993,4982
s112171306100,s112171306103,1,4993,4996
s112171306100,s112171306105,1,4993,4997
s112171306102,s112171306082,1,4995,4978
s112171306102,s112171306084,1,4995,4980
s112171306102,s112171306100,1,4995,4993
s112171306102,s112171306107,1,4995,4999
s112171306105,s112171306107,1,4997,4999
s112171306109,s112171306078,1,5000,4976
s112171306109,s112171306084,1,5000,4980
s112171306109,s112171306100,1,5000,4993
s112171306109,s112171306107,1,5000,4999
s112171306111,s112171306077,1,5001,4975
s112171306111,s112171306084,1,5001,4980
s112171306111,s112171306100,1,5001,4993
s112171306111,s112171306107,1,5001,4999
s112171306112,s112171306107,1,5002,4999
s112183502277,s112183502276,1,5005,5004
s112183502277,s112183502282,1,5005,5010
s112183502277,s112183502285,1,5005,5013
s112183502277,s112183502297,1,5005,5024
s112183502279,s112183502280,1,5007,5008
s112183502279,s112183502281,1,5007,5009
s112183502279,s112183502299,1,5007,5026
s112183502282,s112183502277,1,5010,5005
s112183502282,s112183502292,1,5010,5020
s112183502282,s112183502299,1,5010,5026
s112183502283,s112183502277,1,5011,5005
s112183502283,s112183502292,1,5011,5020
s112183502283,s112183502299,1,5011,5026
s112183502284,s112183502280,1,5012,5008
s112183502284,s112183502281,1,5012,5009
s112183502284,s112183502294,1,5012,5022
s112183502285,s112183502277,1,5013,5005
s112183502285,s112183502299,1,5013,5026
s112183502290,s112183502285,1,5018,5013
s112183502295,s112183502277,1,5023,5005
s112183502295,s112183502281,1,5023,5009
s112183502295,s112183502287,1,5023,5015
s112183502295,s112183502299,1,5023,5026
s112183502298,s112183502277,1,5025,5005
s112183502298,s112183502281,1,5025,5009
s112183502298,s112183502285,1,5025,5013
s112183502298,s112183502299,1,5025,5026
s112183502299,s112183502297,1,5026,5024
s112183502306,s112183502310,1,5028,5030
s112183502306,s112183502314,1,5028,5032
s112183502306,s112183502315,1,5028,5033
s112183502306,s112183502318,1,5028,5035
s112183502309,s112183502314,1,5029,5032
s112183502309,s112183502315,1,5029,5033
s112183502310,s112183502314,1,5030,5032
s112183502310,s112183502315,1,5030,5033
s112183502310,s112183502324,1,5030,5039
s112183502310,s112183502326,1,5030,5041
s112183502313,s112183502315,1,5031,5033
s112183502313,s112183502329,1,5031,5044
s112183502314,s112183502304,1,5032,5027
s112183502314,s112183502306,1,5032,5028
s112183502314,s112183502310,1,5032,5030
s112183502317,s112183502314,1,5034,5032
s112183502317,s112183502315,1,5034,5033
s112183502317,s112183502329,1,5034,5044
s112183502318,s112183502315,1,5035,5033
s112183502318,s112183502329,1,5035,5044
s112183502318,s112183502331,1,5035,5046
s112183502321,s112183502309,1,5036,5029
s112183502321,s112183502310,1,5036,5030
s112183502321,s112183502314,1,5036,5032
s112183502321,s112183502323,1,5036,5038
s112183502326,s112183502313,1,5041,5031
s112183502326,s112183502329,1,5041,5044
s112183502329,s112183502314,1,5044,5032
s112183502329,s112183502317,1,5044,5034
s112183502329,s112183502323,1,5044,5038
s112183502330,s112183502321,1,5045,5036
s112183502330,s112183502322,1,5045,5037
s112183502330,s112183502324,1,5045,5039
s112183502330,s112183502328,1,5045,5043
s112183502331,s112183502315,1,5046,5033
s112183502331,s112183502329,1,5046,5044
s112183510024,s112183510033,1,5047,5054
s112183510024,s112183510035,1,5047,5056
s112183510025,s112183510046,1,5048,5063
s112183510025,s112183510048,1,5048,5064
s112183510026,s112183510024,1,5049,5047
s112183510028,s112183510024,1,5050,5047
s112183510028,s112183510035,1,5050,5056
s112183510028,s112183510048,1,5050,5064
s112183510029,s112183510035,1,5051,5056
s112183510029,s112183510039,1,5051,5059
s112183510029,s112183510049,1,5051,5065
s112183510031,s112183510024,1,5052,5047
s112183510031,s112183510035,1,5052,5056
s112183510031,s112183510044,1,5052,5062
s112183510032,s112183510024,1,5053,5047
s112183510033,s112183510024,1,5054,5047
s112183510034,s112183510032,1,5055,5053
s112183510035,s112183510024,1,5056,5047
s112183510035,s112183510046,1,5056,5063
s112183510035,s112183510048,1,5056,5064
s112183510038,s112183510037,1,5058,5057
s112183510038,s112183510046,1,5058,5063
s112183510039,s112183510046,1,5059,5063
s112183510051,s112183510024,1,5067,5047
s112183510051,s112183510035,1,5067,5056
s112183510051,s112183510048,1,5067,5064
s112183510056,s112183510074,1,5070,5084
s112183510056,s112183510079,1,5070,5089
s112183510058,s112183510074,1,5071,5084
s112183510058,s112183510079,1,5071,5089
s112183510061,s112183510079,1,5074,5089
s112183510064,s112183510058,1,5076,5071
s112183510064,s112183510079,1,5076,5089
s112183510065,s112183510058,1,5077,5071
s112183510066,s112183510074,1,5078,5084
s112183510067,s112183510064,1,5079,5076
s112183510069,s112183510058,1,5080,5071
s112183510071,s112183510064,1,5082,5076
s112183510074,s112183510058,1,5084,5071
s112183510074,s112183510066,1,5084,5078
s112183510074,s112183510079,1,5084,5089
s112183510076,s112183510079,1,5086,5089
s112183510080,s112183510058,1,5090,5071
s112183510080,s112183510066,1,5090,5078
s112183510080,s112183510067,1,5090,5079
s112183510080,s112183510077,1,5090,5087
s112183510080,s112183510079,1,5090,5089
s112191309025,s112191309045,1,5094,5107
s112191309026,s112191309040,1,5095,5103
s112191309026,s112191309046,1,5095,5108
s112191309026,s112191309047,1,5095,5109
s112191309027,s112191309040,1,5096,5103
s112191309027,s112191309045,1,5096,5107
s112191309027,s112191309046,1,5096,5108
s112191309027,s112191309059,1,5096,5116
s112191309029,s112191309038,1,5097,5102
s112191309029,s112191309045,1,5097,5107
s112191309029,s112191309059,1,5097,5116
s112191309030,s112191309040,1,5098,5103
s112191309030,s112191309045,1,5098,5107
s112191309030,s112191309046,1,5098,5108
s112191309030,s112191309059,1,5098,5116
s112191309036,s112191309045,1,5100,5107
s112191309036,s112191309059,1,5100,5116
s112191309037,s112191309027,1,5101,5096
s112191309037,s112191309036,1,5101,5100
s112191309037,s112191309045,1,5101,5107
s112191309037,s112191309047,1,5101,5109
s112191309037,s112191309056,1,5101,5114
s112191309038,s112191309040,1,5102,5103
s112191309038,s112191309045,1,5102,5107
s112191309038,s112191309056,1,5102,5114
s112191309041,s112191309040,1,5104,5103
s112191309041,s112191309045,1,5104,5107
s112191309041,s112191309046,1,5104,5108
s112191309041,s112191309059,1,5104,5116
s112191309042,s112191309045,1,5105,5107
s112191309042,s112191309046,1,5105,5108
s112191309042,s112191309059,1,5105,5116
s112191309050,s112191309027,1,5110,5096
s112191309052,s112191309038,1,5111,5102
s112191309052,s112191309045,1,5111,5107
s112191309054,s112191309045,1,5112,5107
s112191309055,s112191309045,1,5113,5107
s112191309056,s112191309038,1,5114,5102
s112191309056,s112191309045,1,5114,5107
s112191309056,s112191309058,1,5114,5115
s112191309058,s112191309059,1,5115,5116
s112191309059,s112191309038,1,5116,5102
s112191309059,s112191309045,1,5116,5107
s112191309059,s112191309052,1,5116,5111
s112191309060,s112191309045,1,5117,5107
s112191309060,s112191309059,1,5117,5116
s112191309062,s112191309040,1,5119,5103
s112191309062,s112191309042,1,5119,5105
s112191311037,s112191311041,1,5173,5176
s112191311037,s112191311052,1,5173,5187
s112191311037,s112191311054,1,5173,5189
s112191311037,s112191311059,1,5173,5192
s112191311037,s112191311066,1,5173,5199
s112191311038,s112191311032,1,5174,5170
s112191311038,s112191311054,1,5174,5189
s112191311041,s112191311026,1,5176,5165
s112191311041,s112191311054,1,5176,5189
s112191311042,s112191311054,1,5177,5189
s112191311042,s112191311059,1,5177,5192
s112191311043,s112191311037,1,5178,5173
s112191311043,s112191311054,1,5178,5189
s112191311043,s112191311059,1,5178,5192
s112191311043,s112191311064,1,5178,5197
s112191311044,s112191311029,1,5179,5168
s112191311044,s112191311052,1,5179,5187
s112191311044,s112191311068,1,5179,5201
s112191311044,s112191311069,1,5179,5202
s112191311045,s112191311024,1,5180,5163
s112191311045,s112191311037,1,5180,5173
s112191311045,s112191311041,1,5180,5176
s112191311045,s112191311052,1,5180,5187
s112191311046,s112191311026,1,5181,5165
s112191311046,s112191311037,1,5181,5173
s112191311046,s112191311041,1,5181,5176
s112191311046,s112191311052,1,5181,5187
s112191311047,s112191311038,1,5182,5174
s112191311048,s112191311032,1,5183,5170
s112191311048,s112191311037,1,5183,5173
s112191311048,s112191311054,1,5183,5189
s112191311048,s112191311059,1,5183,5192
s112191311049,s112191311037,1,5184,5173
s112191311051,s112191311034,1,5186,5171
s112191311051,s112191311040,1,5186,5175
s112191311051,s112191311041,1,5186,5176
s112191311054,s112191311037,1,5189,5173
s112191311054,s112191311052,1,5189,5187
s112191311054,s112191311066,1,5189,5199
s112191311056,s112191311026,1,5190,5165
s112191311056,s112191311037,1,5190,5173
s112191311056,s112191311065,1,5190,5198
s112191311058,s112191311029,1,5191,5168
s112191311058,s112191311040,1,5191,5175
s112191311058,s112191311041,1,5191,5176
s112191311058,s112191311056,1,5191,5190
s112191311059,s112191311048,1,5192,5183
s112191311061,s112191311048,1,5194,5183
s112191311061,s112191311054,1,5194,5189
s112191311064,s112191311037,1,5197,5173
s112191311064,s112191311052,1,5197,5187
s112191311065,s112191311041,1,5198,5176
s112191311065,s112191311052,1,5198,5187
s112191311067,s112191311037,1,5200,5173
s112191311067,s112191311048,1,5200,5183
s112191311067,s112191311058,1,5200,5191
s112191311068,s112191311026,1,5201,5165
s112191311068,s112191311042,1,5201,5177
s112191311068,s112191311048,1,5201,5183
s112191311068,s112191311054,1,5201,5189
s112191311068,s112191311060,1,5201,5193
s112191311070,s112191311042,1,5203,5177
s112191311072,s112191311058,1,5205,5191
s112191311077,s112191311085,1,5122,5130
s112191311077,s112191311103,1,5122,5147
s112191311079,s112191311085,1,5124,5130
s112191311079,s112191311103,1,5124,5147
s112191311082,s112191311085,1,5127,5130
s112191311083,s112191311085,1,5128,5130
s112191311083,s112191311103,1,5128,5147
s112191311084,s112191311103,1,5129,5147
s112191311086,s112191311103,1,5131,5147
s112191311088,s112191311103,1,5133,5147
s112191311089,s112191311099,1,5134,5143
s112191311090,s112191311094,1,5135,5139
s112191311090,s112191311099,1,5135,5143
s112191311090,s112191311105,1,5135,5149
s112191311092,s112191311103,1,5137,5147
s112191311092,s112191311111,1,5137,5154
s112191311092,s112191311118,1,5137,5158
s112191311093,s112191311094,1,5138,5139
s112191311093,s112191311103,1,5138,5147
s112191311094,s112191311079,1,5139,5124
s112191311094,s112191311092,1,5139,5137
s112191311094,s112191311102,1,5139,5146
s112191311094,s112191311103,1,5139,5147
s112191311094,s112191311105,1,5139,5149
s112191311097,s112191311085,1,5141,5130
s112191311097,s112191311093,1,5141,5138
s112191311097,s112191311103,1,5141,5147
s112191311097,s112191311105,1,5141,5149
s112191311098,s112191311094,1,5142,5139
s112191311098,s112191311103,1,5142,5147
s112191311098,s112191311110,1,5142,5153
s112191311098,s112191311111,1,5142,5154
s112191311098,s112191311122,1,5142,5161
s112191311099,s112191311092,1,5143,5137
s112191311099,s112191311104,1,5143,5148
s112191311099,s112191311110,1,5143,5153
s112191311099,s112191311111,1,5143,5154
s112191311099,s112191311122,1,5143,5161
s112191311103,s112191311092,1,5147,5137
s112191311103,s112191311098,1,5147,5142
s112191311103,s112191311110,1,5147,5153
s112191311104,s112191311085,1,5148,5130
s112191311104,s112191311086,1,5148,5131
s112191311104,s112191311091,1,5148,5136
s112191311104,s112191311122,1,5148,5161
s112191311104,s113191311003,1,5148,5162
s112191311107,s112191311103,1,5150,5147
s112191311108,s112191311085,1,5151,5130
s112191311108,s112191311089,1,5151,5134
s112191311108,s112191311099,1,5151,5143
s112191311108,s112191311103,1,5151,5147
s112191311118,s112191311078,1,5158,5123
s112191311118,s112191311084,1,5158,5129
s112191311118,s112191311086,1,5158,5131
s112191311118,s112191311103,1,5158,5147
s112191311121,s112191311078,1,5160,5123
s112191311121,s112191311092,1,5160,5137
s112191311121,s112191311103,1,5160,5147
s112191311121,s112191311111,1,5160,5154
s112191311121,s112191311122,1,5160,5161
s112191311122,s112191311075,1,5161,5120
s112191311122,s112191311094,1,5161,5139
s112191311122,s112191311099,1,5161,5143
s112191311122,s112191311103,1,5161,5147
s112191313027,s112191313026,1,5257,5256
s112191313027,s112191313030,1,5257,5260
s112191313027,s112191313042,1,5257,5269
s112191313027,s113191313005,1,5257,5295
s112191313034,s112191313032,1,5263,5262
s112191313042,s112191313030,1,5269,5260
s112191313042,s112191313058,1,5269,5283
s112191313043,s112191313058,1,5270,5283
s112191313044,s112191313047,1,5271,5274
s112191313045,s112191313032,1,5272,5262
s112191313045,s112191313034,1,5272,5263
s112191313046,s112191313027,1,5273,5257
s112191313046,s112191313030,1,5273,5260
s112191313046,s112191313036,1,5273,5265
s112191313046,s112191313057,1,5273,5282
s112191313046,s112191313058,1,5273,5283
s112191313047,s112191313032,1,5274,5262
s112191313047,s112191313044,1,5274,5271
s112191313047,s112191313058,1,5274,5283
s112191313047,s112191313064,1,5274,5287
s112191313054,s112191313030,1,5279,5260
s112191313054,s112191313040,1,5279,5267
s112191313054,s112191313044,1,5279,5271
s112191313054,s112191313058,1,5279,5283
s112191313054,s112191313069,1,5279,5291
s112191313055,s112191313058,1,5280,5283
s112191313056,s112191313058,1,5281,5283
s112191313058,s112191313030,1,5283,5260
s112191313058,s112191313034,1,5283,5263
s112191313058,s112191313036,1,5283,5265
s112191313058,s112191313064,1,5283,5287
s112191313062,s112191313026,1,5285,5256
s112191313062,s112191313030,1,5285,5260
s112191313062,s112191313036,1,5285,5265
s112191313062,s112191313058,1,5285,5283
s112191313063,s112191313036,1,5286,5265
s112191313063,s112191313058,1,5286,5283
s112191313064,s112191313058,1,5287,5283
s112191313066,s112191313058,1,5288,5283
s112191313067,s112191313036,1,5289,5265
s112191313067,s112191313058,1,5289,5283
s112191313068,s112191313024,1,5290,5254
s112191313068,s112191313042,1,5290,5269
s112191313069,s112191313056,1,5291,5281
s112191313069,s112191313057,1,5291,5282
s112191313069,s112191313058,1,5291,5283
s112191313071,s112191313030,1,5293,5260
s112191313071,s112191313058,1,5293,5283
s112191313072,s112191313036,1,5294,5265
s112191313072,s112191313047,1,5294,5274
s112191313072,s112191313057,1,5294,5282
s112191313072,s112191313058,1,5294,5283
s112191313075,s112191313079,1,5206,5210
s112191313075,s112191313091,1,5206,5220
s112191313075,s112191313095,1,5206,5224
s112191313075,s112191313108,1,5206,5237
s112191313075,s112191313123,1,5206,5252
s112191313076,s112191313108,1,5207,5237
s112191313077,s112191313093,1,5208,5222
s112191313077,s112191313103,1,5208,5232
s112191313078,s112191313095,1,5209,5224
s112191313078,s112191313121,1,5209,5250
s112191313078,s112191313123,1,5209,5252
s112191313081,s112191313079,1,5212,5210
s112191313081,s112191313110,1,5212,5239
s112191313090,s112191313077,1,5219,5208
s112191313090,s112191313093,1,5219,5222
s112191313090,s112191313103,1,5219,5232
s112191313090,s112191313118,1,5219,5247
s112191313090,s112191313123,1,5219,5252
s112191313091,s112191313083,1,5220,5213
s112191313091,s112191313087,1,5220,5216
s112191313091,s112191313103,1,5220,5232
s112191313091,s112191313116,1,5220,5245
s112191313091,s112191313123,1,5220,5252
s112191313097,s112191313093,1,5226,5222
s112191313097,s112191313095,1,5226,5224
s112191313097,s112191313101,1,5226,5230
s112191313098,s112191313110,1,5227,5239
s112191313098,s112191313114,1,5227,5243
s112191313098,s112191313117,1,5227,5246
s112191313100,s112191313093,1,5229,5222
s112191313100,s112191313104,1,5229,5233
s112191313100,s112191313121,1,5229,5250
s112191313103,s112191313110,1,5232,5239
s112191313105,s112191313123,1,5234,5252
s112191313106,s112191313121,1,5235,5250
s112191313107,s112191313079,1,5236,5210
s112191313107,s112191313118,1,5236,5247
s112191313108,s112191313095,1,5237,5224
s112191313111,s112191313123,1,5240,5252
s112191313116,s112191313110,1,5245,5239
s112191313117,s112191313077,1,5246,5208
s112191313117,s112191313095,1,5246,5224
s112191313117,s112191313123,1,5246,5252
s112191313118,s112191313077,1,5247,5208
s112191313118,s112191313093,1,5247,5222
s112191313118,s112191313108,1,5247,5237
s112191313118,s112191313115,1,5247,5244
s112191313118,s112191313121,1,5247,5250
s112191313120,s112191313110,1,5249,5239
s112191313121,s112191313100,1,5250,5229
s112191313121,s112191313101,1,5250,5230
s112191313121,s112191313106,1,5250,5235
s112191313121,s112191313123,1,5250,5252
s112193315024,s112193315035,1,5297,5304
s112193315024,s112193315042,1,5297,5310
s112193315024,s112193315043,1,5297,5311
s112193315026,s112193315035,1,5298,5304
s112193315026,s112193315043,1,5298,5311
s112193315030,s112193315023,1,5300,5296
s112193315030,s112193315035,1,5300,5304
s112193315030,s112193315040,1,5300,5308
s112193315030,s112193315043,1,5300,5311
s112193315032,s112193315035,1,5302,5304
s112193315033,s112193315035,1,5303,5304
s112193315035,s112193315024,1,5304,5297
s112193315035,s112193315030,1,5304,5300
s112193315035,s112193315032,1,5304,5302
s112193315035,s112193315033,1,5304,5303
s112193315036,s112193315029,1,5305,5299
s112193315036,s112193315038,1,5305,5307
s112193315036,s112193315040,1,5305,5308
s112193315036,s112193315044,1,5305,5312
s112193315036,s112193315047,1,5305,5315
s112193315037,s112193315023,1,5306,5296
s112193315037,s112193315029,1,5306,5299
s112193315037,s112193315035,1,5306,5304
s112193315038,s112193315029,1,5307,5299
s112193315038,s112193315036,1,5307,5305
s112193315038,s112193315043,1,5307,5311
s112193315040,s112193315024,1,5308,5297
s112193315040,s112193315029,1,5308,5299
s112193315040,s112193315032,1,5308,5302
s112193315040,s112193315036,1,5308,5305
s112193315040,s112193315043,1,5308,5311
s112193315042,s112193315024,1,5310,5297
s112193315042,s112193315026,1,5310,5298
s112193315042,s112193315043,1,5310,5311
s112193315043,s112193315024,1,5311,5297
s112193315043,s112193315026,1,5311,5298
s112193315043,s112193315030,1,5311,5300
s112193315043,s112193315032,1,5311,5302
s112193315044,s112193315023,1,5312,5296
s112193315044,s112193315035,1,5312,5304
s112193315044,s112193315043,1,5312,5311
s112193315045,s112193315043,1,5313,5311
s112193315047,s112193315036,1,5315,5305
s112193315047,s112193315043,1,5315,5311
s112193501024,s112193501033,1,5317,5325
s112193501029,s112193501033,1,5321,5325
s112193501029,s113193501005,1,5321,5339
s112193501030,s112193501033,1,5322,5325
s112193501030,s112193501043,1,5322,5334
s112193501031,s112193501027,1,5323,5320
s112193501031,s112193501029,1,5323,5321
s112193501031,s112193501033,1,5323,5325
s112193501031,s112193501034,1,5323,5326
s112193501033,s112193501035,1,5325,5327
s112193501033,s112193501038,1,5325,5330
s112193501033,s112193501039,1,5325,5331
s112193501033,s112193501040,1,5325,5332
s112193501033,s112193501042,1,5325,5333
s112193501034,s112193501031,1,5326,5323
s112193501034,s112193501035,1,5326,5327
s112193501034,s112193501036,1,5326,5328
s112193501034,s112193501043,1,5326,5334
s112193501040,s112193501046,1,5332,5336
s112193501043,s112193501029,1,5334,5321
s112193501043,s112193501034,1,5334,5326
s112193501043,s112193501035,1,5334,5327
s112193501043,s112193501036,1,5334,5328
s112193501053,s112193501056,1,5341,5344
s112193501053,s112193501070,1,5341,5358
s112193501053,s112193501077,1,5341,5365
s112193501053,s112193501078,1,5341,5366
s112193501053,s112193501080,1,5341,5368
s112193501055,s112193501068,1,5343,5356
s112193501055,s112193501070,1,5343,5358
s112193501055,s112193501071,1,5343,5359
s112193501055,s112193501074,1,5343,5362
s112193501055,s112193501077,1,5343,5365
s112193501056,s112193501053,1,5344,5341
s112193501056,s112193501054,1,5344,5342
s112193501056,s112193501066,1,5344,5354
s112193501056,s112193501068,1,5344,5356
s112193501056,s112193501077,1,5344,5365
s112193501057,s112193501054,1,5345,5342
s112193501057,s112193501070,1,5345,5358
s112193501057,s112193501071,1,5345,5359
s112193501057,s112193501077,1,5345,5365
s112193501059,s112193501053,1,5347,5341
s112193501059,s112193501054,1,5347,5342
s112193501059,s112193501069,1,5347,5357
s112193501059,s112193501070,1,5347,5358
s112193501059,s112193501071,1,5347,5359
s112193501066,s112193501054,1,5354,5342
s112193501066,s112193501056,1,5354,5344
s112193501068,s112193501054,1,5356,5342
s112193501070,s112193501056,1,5358,5344
s112193501070,s112193501057,1,5358,5345
s112193501070,s112193501063,1,5358,5351
s112193501070,s112193501076,1,5358,5364
s112193501070,s112193501079,1,5358,5367
s112193501071,s112193501053,1,5359,5341
s112193501071,s112193501054,1,5359,5342
s112193501071,s112193501055,1,5359,5343
s112193501071,s112193501056,1,5359,5344
s112193501071,s112193501067,1,5359,5355
s112193501073,s112193501078,1,5361,5366
s112193501074,s112193501054,1,5362,5342
s112193501074,s112193501069,1,5362,5357
s112193501075,s112193501072,1,5363,5360
s112193501075,s112193501078,1,5363,5366
s112193501076,s112193501052,1,5364,5340
s112193501076,s112193501053,1,5364,5341
s112193501076,s112193501054,1,5364,5342
s112193501076,s112193501056,1,5364,5344
s112193501076,s112193501064,1,5364,5352
s112193501077,s112193501054,1,5365,5342
s112193501077,s112193501056,1,5365,5344
s112193501077,s112193501057,1,5365,5345
s112193501077,s112193501074,1,5365,5362
s112193501078,s112193501053,1,5366,5341
s112193501078,s112193501054,1,5366,5342
s112193501078,s112193501056,1,5366,5344
s112193501079,s112193501054,1,5367,5342
s112193508027,s112193508031,1,5372,5374
s112193508027,s112193508035,1,5372,5378
s112193508027,s112193508037,1,5372,5380
s112193508027,s112193508038,1,5372,5381
s112193508027,s112193508040,1,5372,5383
s112193508030,s112193508031,1,5373,5374
s112193508030,s112193508046,1,5373,5387
s112193508031,s112193508025,1,5374,5370
s112193508031,s112193508026,1,5374,5371
s112193508031,s112193508033,1,5374,5376
s112193508031,s112193508035,1,5374,5378
s112193508031,s112193508046,1,5374,5387
s112193508034,s112193508031,1,5377,5374
s112193508034,s112193508046,1,5377,5387
s112193508037,s112193508025,1,5380,5370
s112193508043,s112193508037,1,5385,5380
s112193508043,s112193508046,1,5385,5387
s112193508046,s112193508033,1,5387,5376
s112193508046,s112193508037,1,5387,5380
s112193508046,s112193508040,1,5387,5383
s112193508046,s112193508044,1,5387,5386
s112193508050,s112193508057,1,5388,5394
s112193508050,s112193508059,1,5388,5395
s112193508050,s112193508063,1,5388,5398
s112193508050,s112193508073,1,5388,5404
s112193508052,s112193508057,1,5389,5394
s112193508052,s112193508063,1,5389,5398
s112193508052,s112193508075,1,5389,5405
s112193508054,s112193508063,1,5391,5398
s112193508054,s112193508070,1,5391,5401
s112193508055,s112193508057,1,5392,5394
s112193508055,s112193508063,1,5392,5398
s112193508055,s112193508068,1,5392,5400
s112193508055,s112193508071,1,5392,5402
s112193508055,s112193508073,1,5392,5404
s112193508061,s112193508063,1,5396,5398
s112193508063,s112193508052,1,5398,5389
s112193508063,s112193508061,1,5398,5396
s112193508068,s112193508055,1,5400,5392
s112193508068,s112193508072,1,5400,5403
s112193508070,s112193508063,1,5401,5398
s112193508071,s112193508050,1,5402,5388
s112193508071,s112193508055,1,5402,5392
s112193508071,s112193508059,1,5402,5395
s112193508072,s112193508050,1,5403,5388
s112193508072,s112193508068,1,5403,5400
s112193508072,s112193508073,1,5403,5404
s112193508072,s112193508076,1,5403,5406
s112193508075,s112193508063,1,5405,5398
s112193508076,s112193508050,1,5406,5388
s112193508076,s112193508072,1,5406,5403
s112193512027,s112193512034,1,5409,5415
s112193512027,s112193512035,1,5409,5416
s112193512027,s112193512045,1,5409,5422
s112193512028,s112193512032,1,5410,5414
s112193512029,s112193512032,1,5411,5414
s112193512029,s112193512045,1,5411,5422
s112193512035,s112193512037,1,5416,5417
s112193512035,s112193512046,1,5416,5423
s112193512037,s112193512032,1,5417,5414
s112193512037,s112193512035,1,5417,5416
s112193512037,s112193512045,1,5417,5422
s112193512040,s112193512029,1,5418,5411
s112193512040,s112193512035,1,5418,5416
s112193512041,s112193512027,1,5419,5409
s112193512041,s112193512028,1,5419,5410
s112193512041,s112193512035,1,5419,5416
s112193512041,s112193512045,1,5419,5422
s112193512042,s112193512034,1,5420,5415
s112193512044,s112193512035,1,5421,5416
s112193512045,s112193512032,1,5422,5414
s112193512045,s112193512034,1,5422,5415
s112193512045,s112193512035,1,5422,5416
s112193512046,s112193512029,1,5423,5411
s112193512046,s112193512032,1,5423,5414
s112193512046,s112193512035,1,5423,5416
s112193512046,s112193512045,1,5423,5422
s112193512050,s112193512053,1,5424,5427
s112193512050,s112193512062,1,5424,5436
s112193512050,s112193512069,1,5424,5442
s112193512051,s112193512052,1,5425,5426
s112193512052,s112193512060,1,5426,5434
s112193512052,s112193512062,1,5426,5436
s112193512054,s112193512052,1,5428,5426
s112193512054,s112193512056,1,5428,5430
s112193512054,s112193512060,1,5428,5434
s112193512054,s112193512062,1,5428,5436
s112193512055,s112193512062,1,5429,5436
s112193512056,s112193512060,1,5430,5434
s112193512059,s112193512052,1,5433,5426
s112193512060,s112193512052,1,5434,5426
s112193512061,s112193512051,1,5435,5425
s112193512061,s112193512060,1,5435,5434
s112193512062,s112193512052,1,5436,5426
s112193512062,s112193512060,1,5436,5434
s112193512062,s112193512066,1,5436,5439
s112193512068,s112193512050,1,5441,5424
s112193512068,s112193512051,1,5441,5425
s112193512068,s112193512052,1,5441,5426
s112193512068,s112193512060,1,5441,5434
s112193512069,s112193512050,1,5442,5424
s112193512069,s112193512051,1,5442,5425
s112193512069,s112193512052,1,5442,5426
s112193512069,s112193512053,1,5442,5427
s112193512069,s112193512056,1,5442,5430
s112193526024,s112193526030,1,5443,5449
s112193526024,s112193526044,1,5443,5461
s112193526026,s112193526028,1,5445,5447
s112193526027,s112193526031,1,5446,5450
s112193526028,s112193526030,1,5447,5449
s112193526028,s112193526033,1,5447,5452
s112193526029,s112193526024,1,5448,5443
s112193526029,s112193526025,1,5448,5444
s112193526029,s112193526031,1,5448,5450
s112193526029,s112193526033,1,5448,5452
s112193526029,s112193526044,1,5448,5461
s112193526030,s112193526029,1,5449,5448
s112193526030,s112193526031,1,5449,5450
s112193526030,s112193526032,1,5449,5451
s112193526031,s112193526028,1,5450,5447
s112193526031,s112193526044,1,5450,5461
s112193526032,s112193526044,1,5451,5461
s112193526033,s112193526028,1,5452,5447
s112193526035,s112193526030,1,5453,5449
s112193526036,s112193526028,1,5454,5447
s112193526036,s112193526030,1,5454,5449
s112193526036,s112193526042,1,5454,5459
s112193526036,s112193526043,1,5454,5460
s112193526040,s112193526033,1,5457,5452
s112193526041,s112193526028,1,5458,5447
s112193526041,s112193526044,1,5458,5461
s112193526044,s112193526031,1,5461,5450
s112193526044,s112193526032,1,5461,5451
s112193526044,s112193526041,1,5461,5458
s112193526047,s112193526030,1,5463,5449
s112193526047,s112193526033,1,5463,5452
s112193526048,s112193526028,1,5464,5447
s112193526058,s112193526064,1,5469,5475
s112193526058,s112193526076,1,5469,5485
s112193526058,s112193526081,1,5469,5489
s112193526058,s112193526083,1,5469,5491
s112193526059,s112193526066,1,5470,5477
s112193526059,s112193526069,1,5470,5479
s112193526059,s112193526076,1,5470,5485
s112193526059,s112193526078,1,5470,5486
s112193526059,s112193526084,1,5470,5492
s112193526060,s112193526066,1,5471,5477
s112193526061,s112193526060,1,5472,5471
s112193526061,s112193526066,1,5472,5477
s112193526061,s112193526069,1,5472,5479
s112193526062,s112193526060,1,5473,5471
s112193526062,s112193526066,1,5473,5477
s112193526062,s112193526069,1,5473,5479
s112193526062,s112193526084,1,5473,5492
s112193526063,s112193526060,1,5474,5471
s112193526063,s112193526066,1,5474,5477
s112193526063,s112193526069,1,5474,5479
s112193526063,s112193526072,1,5474,5481
s112193526064,s112193526069,1,5475,5479
s112193526065,s112193526060,1,5476,5471
s112193526065,s112193526066,1,5476,5477
s112193526065,s112193526069,1,5476,5479
s112193526068,s112193526066,1,5478,5477
s112193526069,s112193526058,1,5479,5469
s112193526069,s112193526060,1,5479,5471
s112193526069,s112193526064,1,5479,5475
s112193526069,s112193526066,1,5479,5477
s112193526069,s112193526076,1,5479,5485
s112193526070,s112193526066,1,5480,5477
s112193526075,s112193526065,1,5484,5476
s112193526075,s112193526083,1,5484,5491
s112193526075,s112193526085,1,5484,5493
s112193526078,s112193526059,1,5486,5470
s112193526078,s112193526060,1,5486,5471
s112193526078,s112193526063,1,5486,5474
s112193526078,s112193526066,1,5486,5477
s112193526078,s112193526069,1,5486,5479
s112193526080,s112193526059,1,5488,5470
s112193526080,s112193526060,1,5488,5471
s112193526080,s112193526069,1,5488,5479
s112193526080,s112193526089,1,5488,5495
s112193526082,s112193526083,1,5490,5491
s112193526083,s112193526075,1,5491,5484
s112193526083,s112193526082,1,5491,5490
s112193526083,s112193526084,1,5491,5492
s112193526083,s112193526086,1,5491,5494
s112193526083,s112193526089,1,5491,5495
s112193526084,s112193526083,1,5492,5491
s112193526084,s112193526085,1,5492,5493
s112193526085,s112193526084,1,5493,5492
s112193526086,s112193526060,1,5494,5471
s112193526086,s112193526066,1,5494,5477
s112193526086,s112193526069,1,5494,5479
s112193526089,s112193526069,1,5495,5479
s112193526089,s112193526075,1,5495,5484
s112193526089,s112193526080,1,5495,5488
s112193526089,s112193526083,1,5495,5491
s112201304024,s112201304069,1,5526,5532
s112201304024,s112201304078,1,5526,5536
s112201304024,s112201304085,1,5526,5540
s112201304026,s112201304040,1,5498,5510
s112201304026,s112201304041,1,5498,5511
s112201304026,s112201304048,1,5498,5518
s112201304026,s112201304051,1,5498,5521
s112201304027,s112201304045,1,5499,5515
s112201304030,s112201304034,1,5502,5505
s112201304030,s112201304040,1,5502,5510
s112201304034,s112201304048,1,5505,5518
s112201304040,s112201304025,1,5510,5497
s112201304040,s112201304026,1,5510,5498
s112201304040,s112201304030,1,5510,5502
s112201304040,s112201304036,1,5510,5507
s112201304041,s112201304026,1,5511,5498
s112201304041,s112201304040,1,5511,5510
s112201304041,s112201304043,1,5511,5513
s112201304041,s112201304045,1,5511,5515
s112201304041,s112201304057,1,5511,5525
s112201304044,s112201304027,1,5514,5499
s112201304044,s112201304041,1,5514,5511
s112201304044,s112201304047,1,5514,5517
s112201304045,s112201304034,1,5515,5505
s112201304045,s112201304047,1,5515,5517
s112201304047,s112201304039,1,5517,5509
s112201304047,s112201304044,1,5517,5514
s112201304047,s112201304055,1,5517,5523
s112201304048,s112201304034,1,5518,5505
s112201304048,s112201304046,1,5518,5516
s112201304053,s112201304040,1,5522,5510
s112201304053,s112201304043,1,5522,5513
s112201304053,s112201304057,1,5522,5525
s112201304055,s112201304047,1,5523,5517
s112201304056,s112201304040,1,5524,5510
s112201304056,s112201304048,1,5524,5518
s112201304061,s112201304064,1,5528,5530
s112201304061,s112201304073,1,5528,5535
s112201304061,s112201304082,1,5528,5539
s112201304064,s112201304060,1,5530,5527
s112201304064,s112201304061,1,5530,5528
s112201304064,s112201304079,1,5530,5537
s112201304064,s112201304082,1,5530,5539
s112201304066,s112201304061,1,5531,5528
s112201304069,s112201304061,1,5532,5528
s112201304069,s112201304062,1,5532,5529
s112201304070,s112201304060,1,5533,5527
s112201304070,s112201304071,1,5533,5534
s112201304071,s112201304060,1,5534,5527
s112201304071,s112201304061,1,5534,5528
s112201304071,s112201304079,1,5534,5537
s112201304071,s112201304082,1,5534,5539
s112201304073,s112201304060,1,5535,5527
s112201304073,s112201304071,1,5535,5534
s112201304078,s112201304060,1,5536,5527
s112201304078,s112201304062,1,5536,5529
s112201304079,s112201304060,1,5537,5527
s112201304079,s112201304061,1,5537,5528
s112201304079,s112201304081,1,5537,5538
s112201304079,s112201304085,1,5537,5540
s112201304081,s112201304060,1,5538,5527
s112201304081,s112201304062,1,5538,5529
s112201304081,s112201304079,1,5538,5537
s112201304082,s112201304071,1,5539,5534
s112201304085,s112201304060,1,5540,5527
s112201304085,s112201304061,1,5540,5528
s112201304085,s112201304071,1,5540,5534
s112201304085,s112201304079,1,5540,5537
s112201310025,s112201310030,1,5541,5543
s112201310041,s112201310052,1,5546,5554
s112201310044,s112201310050,1,5547,5552
s112201310045,s112201310047,1,5548,5550
s112201310045,s112201310050,1,5548,5552
s112201310045,s112201310060,1,5548,5557
s112201310049,s112201310050,1,5551,5552
s112201310052,s112201310056,1,5554,5556
s112201310053,s112201310050,1,5555,5552
s112201310056,s112201310052,1,5556,5554
s112201310056,s112201310062,1,5556,5558
s112201310070,s112201310072,1,5561,5562
s112201310072,s112201310070,1,5562,5561
s112201310072,s112201310080,1,5562,5566
s112201310072,s112201310081,1,5562,5567
s112201310075,s112201310079,1,5563,5565
s112201310075,s112201310080,1,5563,5566
s112201310075,s112201310099,1,5563,5579
s112201310077,s112201310097,1,5564,5578
s112201310081,s112201310090,1,5567,5572
s112201310084,s112201310108,1,5569,5586
s112201310089,s112201310079,1,5571,5565
s112201310089,s112201310080,1,5571,5566
s112201310090,s112201310080,1,5572,5566
s112201310090,s112201310083,1,5572,5568
s112201310097,s112201310080,1,5578,5566
s112201310097,s112201310090,1,5578,5572
s112201310099,s112201310072,1,5579,5562
s112201310099,s112201310083,1,5579,5568
s112201310099,s112201310089,1,5579,5571
s112201310100,s112201310079,1,5580,5565
s112201310100,s112201310090,1,5580,5572
s112201310101,s112201310080,1,5581,5566
s112201310107,s112201310070,1,5585,5561
s112201310107,s112201310079,1,5585,5565
s112201310107,s112201310090,1,5585,5572
s112203505025,s112203505040,1,5607,5619
s112203505028,s112203505040,1,5610,5619
s112203505031,s112203505040,1,5612,5619
s112203505031,s112203505044,1,5612,5622
s112203505032,s112203505036,1,5613,5616
s112203505032,s112203505040,1,5613,5619
s112203505032,s112203505044,1,5613,5622
s112203505034,s112203505040,1,5614,5619
s112203505036,s112203505040,1,5616,5619
s112203505037,s112203505032,1,5617,5613
s112203505041,s112203505040,1,5620,5619
s112203505043,s112203505026,1,5621,5608
s112203505043,s112203505040,1,5621,5619
s112203505043,s112203505044,1,5621,5622
s112203505044,s112203505040,1,5622,5619
s112203505045,s112203505026,1,5623,5608
s112203505045,s112203505030,1,5623,5611
s112203505045,s112203505040,1,5623,5619
s112203505046,s112203505036,1,5624,5616
s112203505046,s112203505040,1,5624,5619
s112203505048,s112203505028,1,5625,5610
s112203505048,s112203505032,1,5625,5613
s112203505048,s112203505041,1,5625,5620
s112203505054,s112203505062,1,5588,5596
s112203505054,s112203505064,1,5588,5598
s112203505056,s112203505054,1,5590,5588
s112203505056,s112203505066,1,5590,5600
s112203505057,s112203505058,1,5591,5592
s112203505057,s112203505064,1,5591,5598
s112203505058,s112203505066,1,5592,5600
s112203505058,s112203505067,1,5592,5601
s112203505058,s112203505071,1,5592,5604
s112203505060,s112203505054,1,5594,5588
s112203505060,s112203505062,1,5594,5596
s112203505060,s112203505063,1,5594,5597
s112203505061,s112203505058,1,5595,5592
s112203505061,s112203505059,1,5595,5593
s112203505061,s112203505060,1,5595,5594
s112203505061,s112203505064,1,5595,5598
s112203505064,s112203505063,1,5598,5597
s112203505064,s112203505071,1,5598,5604
s112203505064,s113203505003,1,5598,5606
s112203505067,s112203505055,1,5601,5589
s112203505067,s112203505058,1,5601,5592
s112203505067,s112203505064,1,5601,5598
s112203505068,s112203505054,1,5602,5588
s112203505068,s112203505056,1,5602,5590
s112203505068,s112203505061,1,5602,5595
s112203505068,s112203505062,1,5602,5596
s112203505068,s112203505071,1,5602,5604
s112203505073,s112203505054,1,5605,5588
s112203505073,s112203505059,1,5605,5593
s112203505073,s112203505061,1,5605,5595
s112203505073,s112203505064,1,5605,5598
s112211318033,s112211318041,1,5630,5637
s112211318033,s112211318044,1,5630,5639
s112211318035,s112211318044,1,5631,5639
s112211318036,s112211318041,1,5632,5637
s112211318036,s112211318046,1,5632,5640
s112211318037,s112211318041,1,5633,5637
s112211318037,s112211318044,1,5633,5639
s112211318039,s112211318041,1,5635,5637
s112211318040,s112211318041,1,5636,5637
s112211318040,s112211318044,1,5636,5639
s112211318048,s112211318044,1,5641,5639
s112211318048,s112211318059,1,5641,5649
s112211318052,s112211318057,1,5644,5648
s112211318054,s112211318052,1,5646,5644
s112211318054,s112211318065,1,5646,5654
s112211318054,s112211318067,1,5646,5655
s112211318057,s112211318061,1,5648,5651
s112211318057,s112211318064,1,5648,5653
s112211318059,s112211318041,1,5649,5637
s112211318059,s112211318044,1,5649,5639
s112211318059,s112211318061,1,5649,5651
s112211318063,s112211318041,1,5652,5637
s112211318063,s112211318044,1,5652,5639
s112211318064,s112211318041,1,5653,5637
s112211318064,s112211318044,1,5653,5639
s112211318064,s112211318052,1,5653,5644
s112211318065,s112211318033,1,5654,5630
s112211318065,s112211318039,1,5654,5635
s112211318065,s112211318061,1,5654,5651
s112211318065,s112211318064,1,5654,5653
s112211318070,s112211318085,1,5658,5671
s112211318070,s112211318100,1,5658,5683
s112211318070,s112211318108,1,5658,5689
s112211318073,s112211318070,1,5661,5658
s112211318073,s112211318080,1,5661,5667
s112211318073,s112211318085,1,5661,5671
s112211318074,s112211318070,1,5662,5658
s112211318074,s112211318085,1,5662,5671
s112211318075,s112211318085,1,5663,5671
s112211318078,s112211318074,1,5666,5662
s112211318078,s112211318090,1,5666,5675
s112211318078,s112211318103,1,5666,5685
s112211318078,s112211318108,1,5666,5689
s112211318080,s112211318085,1,5667,5671
s112211318081,s112211318070,1,5668,5658
s112211318081,s112211318080,1,5668,5667
s112211318081,s112211318085,1,5668,5671
s112211318083,s112211318073,1,5669,5661
s112211318083,s112211318085,1,5669,5671
s112211318083,s112211318100,1,5669,5683
s112211318086,s112211318071,1,5672,5659
s112211318086,s112211318085,1,5672,5671
s112211318086,s112211318107,1,5672,5688
s112211318086,s113211318005,1,5672,5692
s112211318088,s112211318070,1,5673,5658
s112211318088,s112211318071,1,5673,5659
s112211318088,s112211318074,1,5673,5662
s112211318088,s112211318080,1,5673,5667
s112211318088,s112211318085,1,5673,5671
s112211318090,s112211318085,1,5675,5671
s112211318090,s112211318088,1,5675,5673
s112211318091,s112211318073,1,5676,5661
s112211318091,s112211318074,1,5676,5662
s112211318091,s112211318085,1,5676,5671
s112211318091,s112211318107,1,5676,5688
s112211318092,s112211318070,1,5677,5658
s112211318092,s112211318085,1,5677,5671
s112211318092,s112211318088,1,5677,5673
s112211318096,s112211318085,1,5680,5671
s112211318096,s112211318100,1,5680,5683
s112211318096,s112211318103,1,5680,5685
s112211318100,s112211318070,1,5683,5658
s112211318100,s112211318085,1,5683,5671
s112211318103,s112211318085,1,5685,5671
s112211318103,s112211318108,1,5685,5689
s112211318105,s112211318085,1,5686,5671
s112211318106,s112211318085,1,5687,5671
s112211318106,s113211318005,1,5687,5692
s112211318108,s112211318085,1,5689,5671
s112211318108,s112211318103,1,5689,5685
s112211318108,s112211318107,1,5689,5688
s112211318113,s112211318085,1,5691,5671
s112211318113,s112211318100,1,5691,5683
s112211318113,s112211318108,1,5691,5689
s112213501024,s112213501035,1,5693,5702
s112213501024,s112213501038,1,5693,5704
s112213501024,s112213501039,1,5693,5705
s112213501024,s112213501051,1,5693,5717
s112213501026,s112213501024,1,5694,5693
s112213501028,s112213501024,1,5696,5693
s112213501029,s112213501024,1,5697,5693
s112213501031,s112213501024,1,5699,5693
s112213501032,s112213501024,1,5700,5693
s112213501032,s112213501038,1,5700,5704
s112213501032,s112213501048,1,5700,5714
s112213501034,s112213501024,1,5701,5693
s112213501034,s112213501026,1,5701,5694
s112213501034,s112213501027,1,5701,5695
s112213501034,s112213501037,1,5701,5703
s112213501034,s112213501042,1,5701,5708
s112213501035,s112213501024,1,5702,5693
s112213501035,s112213501026,1,5702,5694
s112213501035,s112213501031,1,5702,5699
s112213501035,s112213501037,1,5702,5703
s112213501035,s112213501038,1,5702,5704
s112213501037,s112213501024,1,5703,5693
s112213501037,s112213501041,1,5703,5707
s112213501037,s112213501044,1,5703,5710
s112213501037,s112213501047,1,5703,5713
s112213501038,s112213501024,1,5704,5693
s112213501038,s112213501041,1,5704,5707
s112213501038,s112213501045,1,5704,5711
s112213501039,s112213501024,1,5705,5693
s112213501039,s112213501026,1,5705,5694
s112213501039,s112213501031,1,5705,5699
s112213501039,s112213501038,1,5705,5704
s112213501041,s112213501024,1,5707,5693
s112213501041,s112213501037,1,5707,5703
s112213501042,s112213501024,1,5708,5693
s112213501042,s112213501026,1,5708,5694
s112213501042,s112213501027,1,5708,5695
s112213501042,s112213501028,1,5708,5696
s112213501043,s112213501024,1,5709,5693
s112213501043,s112213501038,1,5709,5704
s112213501043,s112213501039,1,5709,5705
s112213501044,s112213501024,1,5710,5693
s112213501044,s112213501051,1,5710,5717
s112213501045,s112213501024,1,5711,5693
s112213501047,s112213501041,1,5713,5707
s112213501052,s112213501024,1,5718,5693
s112213501055,s112213501076,1,5719,5738
s112213501063,s112213501083,1,5726,5745
s112213501068,s112213501058,1,5730,5722
s112213501069,s112213501072,1,5731,5734
s112213501069,s112213501073,1,5731,5735
s112213501069,s112213501078,1,5731,5740
s112213501070,s112213501055,1,5732,5719
s112213501070,s112213501058,1,5732,5722
s112213501070,s112213501069,1,5732,5731
s112213501074,s112213501069,1,5736,5731
s112213501074,s112213501076,1,5736,5738
s112213501074,s112213501079,1,5736,5741
s112213501078,s112213501069,1,5740,5731
s112213501084,s112213501056,1,5746,5720
s112213501084,s112213501069,1,5746,5731
s112213501084,s112213501076,1,5746,5738
s112213501084,s112213501079,1,5746,5741
s112213501084,s112213501081,1,5746,5743
s112213506026,s112213506049,1,5749,5768
s112213506027,s112213506024,1,5750,5747
s112213506027,s112213506038,1,5750,5760
s112213506027,s112213506041,1,5750,5761
s112213506027,s112213506046,1,5750,5765
s112213506027,s112213506049,1,5750,5768
s112213506028,s112213506024,1,5751,5747
s112213506028,s112213506046,1,5751,5765
s112213506028,s112213506047,1,5751,5766
s112213506029,s112213506025,1,5752,5748
s112213506029,s112213506028,1,5752,5751
s112213506029,s112213506052,1,5752,5771
s112213506030,s112213506024,1,5753,5747
s112213506030,s112213506025,1,5753,5748
s112213506030,s112213506041,1,5753,5761
s112213506030,s112213506051,1,5753,5770
s112213506030,s112213506052,1,5753,5771
s112213506031,s112213506024,1,5754,5747
s112213506031,s112213506025,1,5754,5748
s112213506031,s112213506028,1,5754,5751
s112213506031,s112213506049,1,5754,5768
s112213506031,s112213506052,1,5754,5771
s112213506033,s112213506024,1,5755,5747
s112213506033,s112213506025,1,5755,5748
s112213506033,s112213506046,1,5755,5765
s112213506034,s112213506024,1,5756,5747
s112213506034,s112213506041,1,5756,5761
s112213506034,s112213506045,1,5756,5764
s112213506034,s112213506049,1,5756,5768
s112213506035,s112213506024,1,5757,5747
s112213506035,s112213506048,1,5757,5767
s112213506035,s112213506049,1,5757,5768
s112213506038,s112213506024,1,5760,5747
s112213506038,s112213506045,1,5760,5764
s112213506038,s112213506046,1,5760,5765
s112213506038,s112213506049,1,5760,5768
s112213506041,s112213506038,1,5761,5760
s112213506041,s112213506049,1,5761,5768
s112213506042,s112213506038,1,5762,5760
s112213506042,s112213506049,1,5762,5768
s112213506044,s112213506025,1,5763,5748
s112213506045,s112213506024,1,5764,5747
s112213506046,s112213506027,1,5765,5750
s112213506046,s112213506028,1,5765,5751
s112213506046,s112213506034,1,5765,5756
s112213506046,s112213506051,1,5765,5770
s112213506047,s112213506024,1,5766,5747
s112213506052,s112213506026,1,5771,5749
s112213506052,s112213506029,1,5771,5752
s112213506052,s112213506030,1,5771,5753
s112213506052,s112213506031,1,5771,5754
s112213506052,s112213506049,1,5771,5768
s112213506055,s112213506073,1,5772,5788
s112213506056,s112213506068,1,5773,5784
s112213506057,s112213506060,1,5774,5777
s112213506057,s112213506068,1,5774,5784
s112213506057,s112213506072,1,5774,5787
s112213506057,s112213506084,1,5774,5797
s112213506059,s112213506066,1,5776,5782
s112213506059,s112213506068,1,5776,5784
s112213506060,s112213506058,1,5777,5775
s112213506060,s112213506059,1,5777,5776
s112213506060,s112213506074,1,5777,5789
s112213506062,s112213506068,1,5779,5784
s112213506063,s112213506068,1,5780,5784
s112213506066,s112213506057,1,5782,5774
s112213506066,s112213506074,1,5782,5789
s112213506066,s112213506076,1,5782,5791
s112213506071,s112213506057,1,5786,5774
s112213506071,s112213506074,1,5786,5789
s112213506073,s112213506055,1,5788,5772
s112213506073,s112213506066,1,5788,5782
s112213506074,s112213506055,1,5789,5772
s112213506074,s112213506060,1,5789,5777
s112213506074,s112213506066,1,5789,5782
s112213506074,s112213506068,1,5789,5784
s112213506074,s112213506084,1,5789,5797
s112213506075,s112213506068,1,5790,5784
s112213506075,s112213506076,1,5790,5791
s112213506075,s112213506084,1,5790,5797
s112213506076,s112213506066,1,5791,5782
s112213506076,s112213506068,1,5791,5784
s112213506078,s112213506076,1,5792,5791
s112213509027,s112213509039,1,5821,5827
s112213509027,s112213509042,1,5821,5828
s112213509029,s112213509039,1,5822,5827
s112213509039,s112213509027,1,5827,5821
s112213509039,s112213509048,1,5827,5830
s112213509039,s112213509051,1,5827,5832
s112213509042,s112213509027,1,5828,5821
s112213509042,s112213509036,1,5828,5826
s112213509042,s112213509039,1,5828,5827
s112213509042,s112213509044,1,5828,5829
s112213509048,s112213509039,1,5830,5827
s112213509054,s112213509058,1,5798,5802
s112213509054,s112213509071,1,5798,5812
s112213509054,s112213509077,1,5798,5817
s112213509055,s112213509058,1,5799,5802
s112213509055,s112213509077,1,5799,5817
s112213509056,s112213509077,1,5800,5817
s112213509057,s112213509069,1,5801,5810
s112213509058,s112213509054,1,5802,5798
s112213509058,s112213509055,1,5802,5799
s112213509058,s112213509057,1,5802,5801
s112213509058,s112213509063,1,5802,5806
s112213509058,s112213509077,1,5802,5817
s112213509059,s112213509069,1,5803,5810
s112213509059,s112213509077,1,5803,5817
s112213509060,s112213509063,1,5804,5806
s112213509060,s112213509069,1,5804,5810
s112213509060,s112213509077,1,5804,5817
s112213509063,s112213509067,1,5806,5808
s112213509065,s112213509058,1,5807,5802
s112213509065,s112213509069,1,5807,5810
s112213509065,s112213509077,1,5807,5817
s112213509067,s112213509063,1,5808,5806
s112213509069,s112213509058,1,5810,5802
s112213509070,s112213509069,1,5811,5810
s112213509070,s112213509077,1,5811,5817
s112213509070,s112213509080,1,5811,5819
s112213509077,s112213509063,1,5817,5806
s112213509077,s112213509070,1,5817,5811
s112213509077,s112213509074,1,5817,5814
s112213509077,s112213509080,1,5817,5819
s112213509081,s112213509056,1,5820,5800
s112213509081,s112213509058,1,5820,5802
s112213509081,s112213509069,1,5820,5810
s112213509081,s112213509071,1,5820,5812
s112213510025,s112213510026,1,5834,5835
s112213510025,s112213510027,1,5834,5836
s112213510025,s112213510033,1,5834,5840
s112213510026,s112213510039,1,5835,5845
s112213510028,s112213510025,1,5837,5834
s112213510028,s112213510033,1,5837,5840
s112213510028,s112213510039,1,5837,5845
s112213510028,s112213510047,1,5837,5851
s112213510030,s112213510025,1,5839,5834
s112213510030,s112213510029,1,5839,5838
s112213510030,s112213510037,1,5839,5843
s112213510030,s112213510043,1,5839,5849
s112213510039,s112213510026,1,5845,5835
s112213510039,s112213510027,1,5845,5836
s112213510039,s112213510030,1,5845,5839
s112213510041,s112213510029,1,5847,5838
s112213510041,s112213510037,1,5847,5843
s112213510041,s112213510039,1,5847,5845
s112213510042,s112213510037,1,5848,5843
s112213510042,s112213510039,1,5848,5845
s112213510043,s112213510030,1,5849,5839
s112213510043,s112213510033,1,5849,5840
s112213510043,s112213510037,1,5849,5843
s112213510043,s112213510039,1,5849,5845
s112213510048,s112213510028,1,5852,5837
s112213510048,s112213510037,1,5852,5843
s112213510051,s112213510063,1,5854,5863
s112213510051,s112213510075,1,5854,5870
s112213510051,s112213510076,1,5854,5871
s112213510054,s112213510061,1,5857,5861
s112213510054,s112213510069,1,5857,5867
s112213510054,s112213510075,1,5857,5870
s112213510054,s112213510076,1,5857,5871
s112213510058,s112213510075,1,5858,5870
s112213510059,s112213510075,1,5859,5870
s112213510060,s112213510075,1,5860,5870
s112213510063,s112213510053,1,5863,5856
s112213510063,s112213510066,1,5863,5864
s112213510063,s112213510067,1,5863,5865
s112213510066,s112213510052,1,5864,5855
s112213510066,s112213510063,1,5864,5863
s112213510066,s112213510067,1,5864,5865
s112213510066,s112213510075,1,5864,5870
s112213510067,s112213510063,1,5865,5863
s112213510067,s112213510072,1,5865,5869
s112213510067,s112213510075,1,5865,5870
s112213510068,s112213510075,1,5866,5870
s112213510069,s112213510063,1,5867,5863
s112213510069,s112213510075,1,5867,5870
s112213510070,s112213510061,1,5868,5861
s112213510072,s112213510061,1,5869,5861
s112213510072,s112213510067,1,5869,5865
s112213510072,s112213510068,1,5869,5866
s112213510075,s112213510054,1,5870,5857
s112213510075,s112213510058,1,5870,5858
s112213510075,s112213510059,1,5870,5859
s112213510075,s112213510061,1,5870,5861
s112213510076,s112213510059,1,5871,5859
s112213510076,s112213510061,1,5871,5861
s112213510076,s112213510075,1,5871,5870
s112213514027,s112213514032,1,5874,5878
s112213514027,s112213514036,1,5874,5882
s112213514027,s112213514043,1,5874,5888
s112213514027,s112213514047,1,5874,5891
s112213514027,s112213514048,1,5874,5892
s112213514033,s112213514044,1,5879,5889
s112213514033,s112213514047,1,5879,5891
s112213514036,s112213514033,1,5882,5879
s112213514040,s112213514029,1,5885,5876
s112213514040,s112213514037,1,5885,5883
s112213514040,s112213514043,1,5885,5888
s112213514040,s113213514003,1,5885,5896
s112213514042,s112213514033,1,5887,5879
s112213514042,s112213514036,1,5887,5882
s112213514043,s112213514032,1,5888,5878
s112213514043,s112213514033,1,5888,5879
s112213514043,s112213514036,1,5888,5882
s112213514043,s112213514049,1,5888,5893
s112213514043,s112213514050,1,5888,5894
s112213514044,s112213514033,1,5889,5879
s112213514044,s112213514036,1,5889,5882
s112213514044,s112213514037,1,5889,5883
s112213514044,s112213514043,1,5889,5888
s112213514044,s112213514049,1,5889,5893
s112213514046,s112213514033,1,5890,5879
s112213514046,s112213514036,1,5890,5882
s112213514052,s112213514025,1,5895,5873
s112213514052,s112213514033,1,5895,5879
s112213514052,s112213514036,1,5895,5882
s112213514055,s112213514061,1,5897,5903
s112213514058,s112213514070,1,5900,5912
s112213514061,s112213514070,1,5903,5912
s112213514062,s112213514064,1,5904,5906
s112213514065,s112213514055,1,5907,5897
s112213514065,s112213514059,1,5907,5901
s112213514065,s112213514068,1,5907,5910
s112213514065,s112213514070,1,5907,5912
s112213514065,s112213514076,1,5907,5918
s112213514066,s112213514074,1,5908,5916
s112213514066,s112213514076,1,5908,5918
s112213514066,s112213514078,1,5908,5920
s112213514066,s112213514080,1,5908,5922
s112213514066,s112213514082,1,5908,5924
s112213514067,s112213514070,1,5909,5912
s112213514068,s112213514055,1,5910,5897
s112213514068,s112213514067,1,5910,5909
s112213514068,s112213514070,1,5910,5912
s112213514068,s112213514080,1,5910,5922
s112213514069,s112213514067,1,5911,5909
s112213514069,s112213514070,1,5911,5912
s112213514069,s112213514080,1,5911,5922
s112213514071,s112213514074,1,5913,5916
s112213514071,s112213514079,1,5913,5921
s112213514071,s112213514082,1,5913,5924
s112213514073,s112213514078,1,5915,5920
s112213514073,s112213514079,1,5915,5921
s112213514075,s112213514066,1,5917,5908
s112213514075,s112213514067,1,5917,5909
s112213514075,s112213514068,1,5917,5910
s112213514075,s112213514070,1,5917,5912
s112213514077,s112213514059,1,5919,5901
s112213514077,s112213514066,1,5919,5908
s112213514077,s112213514067,1,5919,5909
s112213514077,s112213514070,1,5919,5912
s112213514078,s112213514059,1,5920,5901
s112213514078,s112213514061,1,5920,5903
s112213514078,s112213514066,1,5920,5908
s112213514078,s112213514070,1,5920,5912
s112213514078,s112213514082,1,5920,5924
s112213514079,s112213514065,1,5921,5907
s112213514079,s112213514066,1,5921,5908
s112213514079,s112213514068,1,5921,5910
s112213514079,s112213514070,1,5921,5912
s112213514079,s112213514080,1,5921,5922
s112213514080,s112213514055,1,5922,5897
s112213514080,s112213514059,1,5922,5901
s112213514080,s112213514067,1,5922,5909
s112213514080,s112213514068,1,5922,5910
s112213514080,s112213514070,1,5922,5912
s112213514082,s112213514058,1,5924,5900
s112213514082,s112213514068,1,5924,5910
s112213514082,s112213514070,1,5924,5912
s112213514082,s112213514076,1,5924,5918
s112213514082,s112213514078,1,5924,5920
s112313505024,s112313505031,1,5953,5960
s112313505024,s112313505052,1,5953,5975
s112313505025,s112313505052,1,5954,5975
s112313505027,s112313505028,1,5956,5957
s112313505027,s112313505032,1,5956,5961
s112313505027,s112313505040,1,5956,5967
s112313505027,s112313505047,1,5956,5971
s112313505029,s112313505024,1,5958,5953
s112313505029,s112313505035,1,5958,5962
s112313505029,s112313505046,1,5958,5970
s112313505029,s112313505052,1,5958,5975
s112313505046,s112313505029,1,5970,5958
s112313505046,s112313505039,1,5970,5966
s112313505046,s112313505052,1,5970,5975
s112313505049,s112313505029,1,5973,5958
s112313505049,s112313505040,1,5973,5967
s112313505049,s112313505047,1,5973,5971
s112313505049,s112313505052,1,5973,5975
s112313505050,s112313505024,1,5974,5953
s112313505050,s112313505052,1,5974,5975
s112313505052,s112313505025,1,5975,5954
s112313505052,s112313505029,1,5975,5958
s112313505052,s112313505040,1,5975,5967
s112313505052,s112313505047,1,5975,5971
s112313505057,s112313505069,1,5929,5941
s112313505057,s112313505072,1,5929,5944
s112313505057,s112313505074,1,5929,5945
s112313505057,s112313505078,1,5929,5948
s112313505058,s112313505072,1,5930,5944
s112313505058,s112313505078,1,5930,5948
s112313505060,s112313505066,1,5932,5938
s112313505063,s112313505069,1,5935,5941
s112313505063,s112313505072,1,5935,5944
s112313505063,s112313505074,1,5935,5945
s112313505063,s112313505081,1,5935,5951
s112313505064,s112313505065,1,5936,5937
s112313505064,s112313505066,1,5936,5938
s112313505064,s112313505072,1,5936,5944
s112313505064,s112313505078,1,5936,5948
s112313505064,s112313505081,1,5936,5951
s112313505066,s112313505064,1,5938,5936
s112313505067,s112313505062,1,5939,5934
s112313505067,s112313505066,1,5939,5938
s112313505067,s112313505072,1,5939,5944
s112313505068,s112313505065,1,5940,5937
s112313505068,s112313505066,1,5940,5938
s112313505077,s112313505072,1,5947,5944
s112313505079,s112313505060,1,5949,5932
s112313505079,s112313505066,1,5949,5938
s112313505079,s112313505069,1,5949,5941
s112313505079,s112313505072,1,5949,5944
s112313505079,s112313505081,1,5949,5951
s112323502024,s112323502033,1,5977,5983
s112323502024,s112323502035,1,5977,5985
s112323502024,s112323502044,1,5977,5991
s112323502024,s112323502046,1,5977,5993
s112323502025,s112323502024,1,5978,5977
s112323502030,s112323502035,1,5981,5985
s112323502030,s112323502037,1,5981,5986
s112323502030,s112323502044,1,5981,5991
s112323502030,s112323502045,1,5981,5992
s112323502030,s112323502046,1,5981,5993
s112323502032,s112323502024,1,5982,5977
s112323502032,s112323502033,1,5982,5983
s112323502032,s112323502035,1,5982,5985
s112323502032,s112323502045,1,5982,5992
s112323502034,s112323502024,1,5984,5977
s112323502035,s112323502023,1,5985,5976
s112323502035,s112323502024,1,5985,5977
s112323502035,s112323502027,1,5985,5979
s112323502035,s112323502030,1,5985,5981
s112323502035,s112323502033,1,5985,5983
s112323502037,s112323502024,1,5986,5977
s112323502039,s112323502024,1,5987,5977
s112323502041,s112323502035,1,5988,5985
s112323502041,s112323502046,1,5988,5993
s112323502044,s112323502024,1,5991,5977
s112323502044,s112323502033,1,5991,5983
s112323502044,s112323502041,1,5991,5988
s112323502045,s112323502023,1,5992,5976
s112323502045,s112323502024,1,5992,5977
s112323502045,s112323502030,1,5992,5981
s112323502045,s112323502033,1,5992,5983
s112323502045,s112323502041,1,5992,5988
s112323502046,s112323502024,1,5993,5977
s112323502046,s112323502034,1,5993,5984
s112333501025,s112333501047,1,5996,6009
s112333501025,s113333501003,1,5996,6013
s112333501029,s112333501047,1,6000,6009
s112333501029,s113333501003,1,6000,6013
s112333501030,s112333501047,1,6001,6009
s112333501030,s112333501050,1,6001,6010
s112333501031,s113333501003,1,6002,6013
s112333501033,s113333501003,1,6003,6013
s112333501034,s112333501052,1,6004,6012
s112333501034,s113333501003,1,6004,6013
s112333501035,s113333501003,1,6005,6013
s112333501036,s113333501003,1,6006,6013
s112333501038,s113333501003,1,6007,6013
s112333501064,s112333501070,1,6019,6022
s112333501064,s112333501077,1,6019,6023
s112333501065,s112333501057,1,6020,6015
s112333501065,s112333501070,1,6020,6022
s112333501070,s112333501065,1,6022,6020
s112333501077,s112333501055,1,6023,6014
s112333501077,s112333501060,1,6023,6017
s112333505031,s112333505036,1,6028,6030
s112333505031,s112333505044,1,6028,6031
s112333505036,s112333505024,1,6030,6025
s112333505036,s112333505044,1,6030,6031
s112333505036,s112333505050,1,6030,6035
s112333505036,s112333505051,1,6030,6036
s112333505050,s112333505044,1,6035,6031
s112333505050,s112333505048,1,6035,6033
s112333505054,s112333505077,1,6037,6053
s112333505068,s112333505054,1,6046,6037
s112333505068,s112333505058,1,6046,6038
s112333505068,s112333505070,1,6046,6048
s112333505069,s112333505058,1,6047,6038
s112333505069,s112333505062,1,6047,6041
s112333505069,s112333505065,1,6047,6044
s112333505070,s112333505061,1,6048,6040
s112333505070,s112333505068,1,6048,6046
s112333505070,s112333505077,1,6048,6053
s112333505070,s112333505082,1,6048,6056
s112333505074,s112333505058,1,6050,6038
s112333505074,s112333505072,1,6050,6049
s112333505074,s112333505077,1,6050,6053
s112333505074,s112333505079,1,6050,6054
s112333505075,s112333505058,1,6051,6038
s112333505075,s112333505064,1,6051,6043
s112333505075,s112333505065,1,6051,6044
s112333505075,s112333505067,1,6051,6045
s112333505076,s112333505058,1,6052,6038
s112333505076,s112333505062,1,6052,6041
s112333505079,s112333505058,1,6054,6038
s112333505079,s112333505065,1,6054,6044
s112333505079,s112333505067,1,6054,6045
s112333505080,s112333505058,1,6055,6038
s112333505080,s112333505062,1,6055,6041
s112333505080,s112333505065,1,6055,6044
s112343302024,s112343302031,1,6057,6063
s112343302025,s112343302031,1,6058,6063
s112343302026,s112343302031,1,6059,6063
s112343302027,s112343302031,1,6060,6063
s112343302027,s112343302050,1,6060,6080
s112343302028,s112343302031,1,6061,6063
s112343302028,s112343302050,1,6061,6080
s112343302031,s112343302028,1,6063,6061
s112343302031,s112343302036,1,6063,6068
s112343302033,s112343302028,1,6065,6061
s112343302033,s112343302031,1,6065,6063
s112343302033,s112343302042,1,6065,6074
s112343302034,s112343302028,1,6066,6061
s112343302034,s112343302031,1,6066,6063
s112343302034,s112343302048,1,6066,6079
s112343302034,s112343302050,1,6066,6080
s112343302035,s112343302031,1,6067,6063
s112343302035,s112343302050,1,6067,6080
s112343302038,s112343302031,1,6070,6063
s112343302038,s112343302036,1,6070,6068
s112343302039,s112343302028,1,6071,6061
s112343302039,s112343302031,1,6071,6063
s112343302039,s112343302034,1,6071,6066
s112343302040,s112343302031,1,6072,6063
s112343302041,s112343302031,1,6073,6063
s112343302044,s112343302028,1,6075,6061
s112343302044,s112343302031,1,6075,6063
s112343302044,s112343302036,1,6075,6068
s112343302044,s112343302050,1,6075,6080
s112343302050,s112343302024,1,6080,6057
s112343302050,s112343302028,1,6080,6061
s112343302050,s112343302033,1,6080,6065
s112343302054,s112343302060,1,6082,6087
s112343302055,s112343302060,1,6083,6087
s112343302055,s112343302061,1,6083,6088
s112343302056,s112343302060,1,6084,6087
s112343302056,s112343302061,1,6084,6088
s112343302056,s112343302068,1,6084,6095
s112343302056,s112343302074,1,6084,6099
s112343302056,s112343302077,1,6084,6102
s112343302057,s112343302070,1,6085,6096
s112343302057,s112343302072,1,6085,6097
s112343302057,s112343302074,1,6085,6099
s112343302059,s112343302060,1,6086,6087
s112343302059,s112343302061,1,6086,6088
s112343302059,s112343302062,1,6086,6089
s112343302059,s112343302072,1,6086,6097
s112343302059,s112343302074,1,6086,6099
s112343302060,s112343302053,1,6087,6081
s112343302060,s112343302055,1,6087,6083
s112343302060,s112343302062,1,6087,6089
s112343302060,s112343302065,1,6087,6092
s112343302060,s112343302072,1,6087,6097
s112343302061,s112343302055,1,6088,6083
s112343302061,s112343302076,1,6088,6101
s112343302062,s112343302060,1,6089,6087
s112343302065,s112343302059,1,6092,6086
s112343302065,s112343302060,1,6092,6087
s112343302065,s112343302061,1,6092,6088
s112343302065,s112343302068,1,6092,6095
s112343302065,s112343302072,1,6092,6097
s112343302067,s112343302060,1,6094,6087
s112343302067,s112343302063,1,6094,6090
s112343302067,s112343302064,1,6094,6091
s112343302067,s112343302074,1,6094,6099
s112343302068,s112343302067,1,6095,6094
s112343302068,s112343302072,1,6095,6097
s112343302068,s112343302075,1,6095,6100
s112343302070,s112343302053,1,6096,6081
s112343302070,s112343302060,1,6096,6087
s112343302070,s112343302061,1,6096,6088
s112343302070,s112343302062,1,6096,6089
s112343302070,s112343302072,1,6096,6097
s112343302072,s112343302060,1,6097,6087
s112343302072,s112343302062,1,6097,6089
s112343302072,s112343302074,1,6097,6099
s112343302073,s112343302067,1,6098,6094
s112343302073,s112343302068,1,6098,6095
s112343302074,s112343302067,1,6099,6094
s112343302074,s112343302070,1,6099,6096
s112343302074,s112343302076,1,6099,6101
s112343302074,s112343302077,1,6099,6102
s112343302076,s112343302060,1,6101,6087
s112343302077,s112343302060,1,6102,6087
s112343302077,s112343302068,1,6102,6095
s112343507029,s112343507026,1,6105,6104
s112343507029,s112343507039,1,6105,6109
s112343507035,s112343507026,1,6106,6104
s112343507035,s112343507039,1,6106,6109
s112343507038,s112343507039,1,6108,6109
s112343507039,s112343507035,1,6109,6106
s112343507039,s112343507037,1,6109,6107
s112343507039,s112343507038,1,6109,6108
s112343507039,s112343507040,1,6109,6110
s112343507040,s112343507039,1,6110,6109
s112343507047,s113343507003,1,6114,6125
s112343507049,s113343507003,1,6116,6125
s112343507054,s112343507060,1,6118,6121
s112343507057,s112343507049,1,6120,6116
s112343507057,s112343507053,1,6120,6117
s112343507057,s113343507003,1,6120,6125
s112343507060,s113343507003,1,6121,6125
s112343507060,s113343507004,1,6121,6126
s112343507062,s112343507049,1,6123,6116
s112343507062,s113343507003,1,6123,6125
s112353504024,s112353504025,1,6127,6128
s112353504025,s112353504038,1,6128,6138
s112353504025,s112353504041,1,6128,6141
s112353504025,s112353504047,1,6128,6146
s112353504026,s112353504038,1,6129,6138
s112353504026,s112353504039,1,6129,6139
s112353504030,s112353504025,1,6132,6128
s112353504030,s112353504037,1,6132,6137
s112353504030,s112353504039,1,6132,6139
s112353504031,s112353504025,1,6133,6128
s112353504031,s112353504039,1,6133,6139
s112353504034,s112353504037,1,6135,6137
s112353504034,s112353504039,1,6135,6139
s112353504038,s112353504037,1,6138,6137
s112353504038,s112353504039,1,6138,6139
s112353504038,s112353504048,1,6138,6147
s112353504038,s112353504052,1,6138,6150
s112353504039,s112353504043,1,6139,6143
s112353504040,s112353504030,1,6140,6132
s112353504040,s112353504031,1,6140,6133
s112353504040,s112353504045,1,6140,6144
s112353504040,s112353504048,1,6140,6147
s112353504040,s112353504051,1,6140,6149
s112353504041,s112353504037,1,6141,6137
s112353504041,s112353504039,1,6141,6139
s112353504043,s112353504024,1,6143,6127
s112353504043,s112353504037,1,6143,6137
s112353504043,s112353504039,1,6143,6139
s112353504045,s112353504037,1,6144,6137
s112353504046,s112353504037,1,6145,6137
s112353504046,s112353504038,1,6145,6138
s112353504046,s112353504039,1,6145,6139
s112353504046,s112353504048,1,6145,6147
s112353504047,s112353504037,1,6146,6137
s112353504047,s112353504042,1,6146,6142
s112353504047,s112353504048,1,6146,6147
s112353504049,s112353504037,1,6148,6137
s112353504051,s112353504037,1,6149,6137
s112353504052,s112353504037,1,6150,6137
s112353504052,s112353504038,1,6150,6138
s112353504052,s112353504039,1,6150,6139
s112353504056,s112353504063,1,6151,6158
s112353504056,s112353504069,1,6151,6164
s112353504057,s112353504077,1,6152,6171
s112353504058,s112353504077,1,6153,6171
s112353504060,s112353504056,1,6155,6151
s112353504060,s112353504065,1,6155,6160
s112353504060,s112353504067,1,6155,6162
s112353504060,s112353504077,1,6155,6171
s112353504062,s112353504072,1,6157,6167
s112353504064,s112353504067,1,6159,6162
s112353504064,s112353504077,1,6159,6171
s112353504068,s112353504067,1,6163,6162
s112353504068,s112353504077,1,6163,6171
s112353504072,s112353504077,1,6167,6171
s112353504077,s112353504067,1,6171,6162
s112353504077,s112353504068,1,6171,6163
s112353504077,s112353504071,1,6171,6166
s112353505026,s112353505037,1,6176,6186
s112353505027,s112353505037,1,6177,6186
s112353505028,s112353505034,1,6178,6183
s112353505028,s112353505035,1,6178,6184
s112353505028,s112353505050,1,6178,6197
s112353505032,s112353505047,1,6181,6194
s112353505033,s112353505035,1,6182,6184
s112353505034,s112353505035,1,6183,6184
s112353505034,s112353505044,1,6183,6192
s112353505034,s112353505049,1,6183,6196
s112353505037,s112353505050,1,6186,6197
s112353505038,s112353505050,1,6187,6197
s112353505040,s112353505035,1,6188,6184
s112353505040,s112353505037,1,6188,6186
s112353505040,s112353505056,1,6188,6199
s112353505043,s112353505035,1,6191,6184
s112353505044,s112353505026,1,6192,6176
s112353505044,s112353505029,1,6192,6179
s112353505044,s112353505033,1,6192,6182
s112353505044,s112353505034,1,6192,6183
s112353505044,s112353505037,1,6192,6186
s112353505045,s112353505026,1,6193,6176
s112353505045,s112353505034,1,6193,6183
s112353505045,s112353505035,1,6193,6184
s112353505047,s112353505025,1,6194,6175
s112353505047,s112353505034,1,6194,6183
s112353505047,s112353505035,1,6194,6184
s112353505047,s112353505037,1,6194,6186
s112353505048,s112353505035,1,6195,6184
s112353505048,s112353505056,1,6195,6199
s112353505049,s112353505034,1,6196,6183
s112353505050,s112353505029,1,6197,6179
s112353505050,s112353505034,1,6197,6183
s112353505050,s112353505037,1,6197,6186
s112353505056,s112353505031,1,6199,6180
s112353505056,s112353505036,1,6199,6185
s112353505056,s112353505040,1,6199,6188
s112353505056,s112353505050,1,6199,6197
s112353505056,s112353505052,1,6199,6198
s112353505060,s112353505059,1,6201,6200
s112353505060,s112353505070,1,6201,6210
s112353505060,s112353505078,1,6201,6212
s112353505060,s112353505081,1,6201,6213
s112353505062,s112353505064,1,6203,6204
s112353505062,s112353505066,1,6203,6206
s112353505062,s112353505068,1,6203,6208
s112353505064,s112353505059,1,6204,6200
s112353505064,s112353505062,1,6204,6203
s112353505066,s112353505062,1,6206,6203
s112353505067,s112353505078,1,6207,6212
s112353505067,s112353505081,1,6207,6213
s112353505070,s112353505064,1,6210,6204
s112353505070,s112353505078,1,6210,6212
s112353505082,s112353505059,1,6214,6200
s112353505084,s112353505059,1,6216,6200
s112353505084,s112353505064,1,6216,6204
s112353505084,s112353505068,1,6216,6208
s112353505084,s112353505070,1,6216,6210
s112353505085,s112353505059,1,6217,6200
s112353505085,s112353505068,1,6217,6208
s112353505086,s112353505059,1,6218,6200
s112353505086,s112353505065,1,6218,6205
s112353505086,s112353505067,1,6218,6207
s112353505086,s112353505068,1,6218,6208
s112363501024,s112363501032,1,6220,6225
s112363501024,s112363501033,1,6220,6226
s112363501024,s112363501034,1,6220,6227
s112363501024,s112363501035,1,6220,6228
s112363501024,s112363501047,1,6220,6238
s112363501032,s112363501024,1,6225,6220
s112363501032,s112363501039,1,6225,6231
s112363501033,s112363501024,1,6226,6220
s112363501033,s112363501029,1,6226,6224
s112363501034,s112363501024,1,6227,6220
s112363501034,s112363501029,1,6227,6224
s112363501034,s112363501039,1,6227,6231
s112363501034,s112363501042,1,6227,6234
s112363501039,s112363501025,1,6231,6221
s112363501039,s112363501027,1,6231,6222
s112363501039,s112363501032,1,6231,6225
s112363501039,s112363501034,1,6231,6227
s112363501039,s112363501035,1,6231,6228
s112363501042,s112363501025,1,6234,6221
s112363501042,s112363501027,1,6234,6222
s112363501042,s112363501034,1,6234,6227
s112363501042,s112363501043,1,6234,6235
s112363501042,s112363501046,1,6234,6237
s112363501054,s112363501061,1,6243,6248
s112363501054,s112363501065,1,6243,6252
s112363501054,s112363501071,1,6243,6258
s112363501054,s113363501004,1,6243,6260
s112363501054,s113363501006,1,6243,6262
s112363501055,s112363501069,1,6244,6256
s112363501056,s112363501059,1,6245,6247
s112363501056,s112363501069,1,6245,6256
s112363501056,s113363501005,1,6245,6261
s112363501057,s112363501061,1,6246,6248
s112363501057,s113363501006,1,6246,6262
s112363501059,s112363501061,1,6247,6248
s112363501059,s112363501064,1,6247,6251
s112363501059,s112363501066,1,6247,6253
s112363501059,s113363501006,1,6247,6262
s112363501062,s112363501061,1,6249,6248
s112363501062,s112363501066,1,6249,6253
s112363501062,s113363501004,1,6249,6260
s112363501062,s113363501006,1,6249,6262
s112363501063,s112363501061,1,6250,6248
s112363501063,s113363501006,1,6250,6262
s112363501064,s112363501061,1,6251,6248
s112363501064,s113363501006,1,6251,6262
s112363501065,s112363501061,1,6252,6248
s112363501065,s112363501064,1,6252,6251
s112363501066,s112363501061,1,6253,6248
s112363501066,s113363501006,1,6253,6262
s112363501067,s112363501061,1,6254,6248
s112363501067,s112363501064,1,6254,6251
s112363501067,s112363501066,1,6254,6253
s112363501068,s112363501061,1,6255,6248
s112363501068,s112363501064,1,6255,6251
s112363501068,s113363501006,1,6255,6262
s112363501070,s112363501061,1,6257,6248
s112363501071,s112363501061,1,6258,6248
s112363501071,s112363501066,1,6258,6253
s112381301028,s112381301056,1,6272,6275
s112381301028,s112381301058,1,6272,6276
s112381301056,s112381301028,1,6275,6272
s112381301058,s112381301028,1,6276,6272
s112381301060,s112381301056,1,6277,6275
s112381301097,s112381301106,1,6269,6271
s112381301105,s112381301085,1,6270,6266
s112383501042,s112383501049,1,6280,6283
s112383501044,s112383501049,1,6281,6283
s112383501049,s112383501046,1,6283,6282
s112383501060,s112383501052,1,6286,6284
s112383501060,s112383501074,1,6286,6288
s112383501060,s112383501077,1,6286,6289
s112383501074,s112383501052,1,6288,6284
s112403501027,s112403501040,1,6292,6299
s112403501031,s112403501036,1,6293,6296
s112403501033,s112403501025,1,6294,6290
s112403501033,s112403501026,1,6294,6291
s112403501033,s112403501038,1,6294,6297
s112403501033,s113403501004,1,6294,6302
s112403501034,s112403501026,1,6295,6291
s112403501034,s112403501027,1,6295,6292
s112403501034,s113403501004,1,6295,6302
s112403501038,s112403501026,1,6297,6291
s112403501038,s112403501036,1,6297,6296
s112403501038,s112403501041,1,6297,6300
s112403501038,s113403501004,1,6297,6302
s112403501039,s112403501026,1,6298,6291
s112403501039,s112403501036,1,6298,6296
s112403501039,s113403501004,1,6298,6302
s112403501040,s112403501036,1,6299,6296
s112403501040,s112403501038,1,6299,6297
s112403501040,s112403501042,1,6299,6301
s112403501041,s112403501026,1,6300,6291
s112403501041,s112403501036,1,6300,6296
s112403501041,s112403501038,1,6300,6297
s112403501041,s113403501004,1,6300,6302
s112403501042,s112403501026,1,6301,6291
s112403501042,s112403501036,1,6301,6296
s112403501042,s112403501039,1,6301,6298
s112403501042,s113403501004,1,6301,6302
s112403501049,s112403501062,1,6303,6309
s112403501049,s112403501068,1,6303,6312
s112403501050,s112403501062,1,6304,6309
s112403501050,s112403501068,1,6304,6312
s112403501059,s112403501068,1,6306,6312
s112403501060,s112403501050,1,6307,6304
s112403501060,s112403501063,1,6307,6310
s112403501060,s112403501068,1,6307,6312
s112403501062,s112403501057,1,6309,6305
s112403501062,s112403501061,1,6309,6308
s112403501067,s112403501062,1,6311,6309
s112403501067,s112403501068,1,6311,6312
s112403501068,s112403501061,1,6312,6308
s112403502024,s112403502026,1,6313,6315
s112403502024,s112403502048,1,6313,6328
s112403502024,s112403502050,1,6313,6330
s112403502027,s112403502037,1,6316,6323
s112403502027,s112403502048,1,6316,6328
s112403502027,s112403502050,1,6316,6330
s112403502029,s112403502037,1,6317,6323
s112403502029,s112403502048,1,6317,6328
s112403502029,s112403502050,1,6317,6330
s112403502030,s112403502032,1,6318,6319
s112403502030,s112403502050,1,6318,6330
s112403502032,s112403502030,1,6319,6318
s112403502033,s112403502026,1,6320,6315
s112403502033,s112403502037,1,6320,6323
s112403502033,s112403502048,1,6320,6328
s112403502033,s112403502050,1,6320,6330
s112403502034,s112403502048,1,6321,6328
s112403502034,s112403502050,1,6321,6330
s112403502036,s112403502040,1,6322,6324
s112403502037,s112403502036,1,6323,6322
s112403502037,s112403502046,1,6323,6326
s112403502040,s112403502036,1,6324,6322
s112403502047,s112403502025,1,6327,6314
s112403502047,s112403502032,1,6327,6319
s112403502047,s112403502050,1,6327,6330
s112403502048,s112403502024,1,6328,6313
s112403502048,s112403502025,1,6328,6314
s112403502048,s112403502026,1,6328,6315
s112403502048,s112403502027,1,6328,6316
s112403502055,s112403502072,1,6332,6344
s112403502055,s112403502077,1,6332,6349
s112403502060,s112403502071,1,6335,6343
s112403502060,s112403502072,1,6335,6344
s112403502060,s112403502073,1,6335,6345
s112403502060,s112403502077,1,6335,6349
s112403502061,s112403502063,1,6336,6337
s112403502061,s112403502070,1,6336,6342
s112403502061,s112403502083,1,6336,6354
s112403502063,s112403502060,1,6337,6335
s112403502063,s112403502061,1,6337,6336
s112403502063,s112403502072,1,6337,6344
s112403502063,s112403502075,1,6337,6347
s112403502063,s112403502082,1,6337,6353
s112403502065,s112403502072,1,6338,6344
s112403502065,s112403502083,1,6338,6354
s112403502066,s112403502061,1,6339,6336
s112403502066,s112403502072,1,6339,6344
s112403502066,s112403502077,1,6339,6349
s112403502070,s112403502060,1,6342,6335
s112403502070,s112403502061,1,6342,6336
s112403502070,s112403502072,1,6342,6344
s112403502070,s112403502077,1,6342,6349
s112403502071,s112403502060,1,6343,6335
s112403502071,s112403502061,1,6343,6336
s112403502071,s112403502072,1,6343,6344
s112403502071,s112403502075,1,6343,6347
s112403502074,s112403502071,1,6346,6343
s112403502074,s112403502072,1,6346,6344
s112403502074,s112403502077,1,6346,6349
s112403502078,s112403502071,1,6350,6343
s112403502078,s112403502075,1,6350,6347
s112403502078,s112403502081,1,6350,6352
s112403502080,s112403502061,1,6351,6336
s112403502080,s112403502071,1,6351,6343
s112403502082,s112403502071,1,6353,6343
s112403502082,s112403502072,1,6353,6344
s112411303025,s112411303046,1,6356,6372
s112411303025,s112411303062,1,6356,6381
s112411303025,s112411303064,1,6356,6383
s112411303027,s112411303029,1,6357,6359
s112411303028,s112411303044,1,6358,6370
s112411303028,s112411303045,1,6358,6371
s112411303028,s112411303065,1,6358,6384
s112411303029,s112411303028,1,6359,6358
s112411303029,s112411303062,1,6359,6381
s112411303029,s112411303064,1,6359,6383
s112411303034,s112411303064,1,6363,6383
s112411303035,s112411303064,1,6364,6383
s112411303039,s112411303032,1,6365,6362
s112411303039,s112411303053,1,6365,6376
s112411303039,s112411303062,1,6365,6381
s112411303039,s112411303064,1,6365,6383
s112411303041,s112411303064,1,6367,6383
s112411303042,s112411303040,1,6368,6366
s112411303042,s112411303045,1,6368,6371
s112411303043,s112411303065,1,6369,6384
s112411303044,s112411303064,1,6370,6383
s112411303044,s112411303065,1,6370,6384
s112411303045,s112411303025,1,6371,6356
s112411303045,s112411303028,1,6371,6358
s112411303045,s112411303053,1,6371,6376
s112411303045,s112411303062,1,6371,6381
s112411303045,s112411303064,1,6371,6383
s112411303046,s112411303029,1,6372,6359
s112411303046,s112411303043,1,6372,6369
s112411303047,s112411303028,1,6373,6358
s112411303047,s112411303046,1,6373,6372
s112411303047,s112411303062,1,6373,6381
s112411303051,s112411303042,1,6374,6368
s112411303051,s112411303062,1,6374,6381
s112411303051,s112411303064,1,6374,6383
s112411303053,s112411303064,1,6376,6383
s112411303056,s112411303064,1,6378,6383
s112411303059,s112411303064,1,6379,6383
s112411303060,s112411303039,1,6380,6365
s112411303060,s112411303064,1,6380,6383
s112411303062,s112411303027,1,6381,6357
s112411303062,s112411303028,1,6381,6358
s112411303062,s112411303043,1,6381,6369
s112411303062,s112411303065,1,6381,6384
s112411303063,s112411303042,1,6382,6368
s112411303063,s112411303044,1,6382,6370
s112411303063,s112411303064,1,6382,6383
s112411303064,s112411303042,1,6383,6368
s112411303064,s112411303065,1,6383,6384
s112411303065,s112411303027,1,6384,6357
s112411303065,s112411303053,1,6384,6376
s112411303065,s112411303064,1,6384,6383
s112411303071,s112411303108,1,6386,6412
s112411303073,s112411303078,1,6387,6391
s112411303073,s112411303079,1,6387,6392
s112411303073,s112411303087,1,6387,6397
s112411303073,s112411303104,1,6387,6409
s112411303073,s113411303003,1,6387,6416
s112411303074,s112411303097,1,6388,6405
s112411303074,s112411303104,1,6388,6409
s112411303074,s113411303004,1,6388,6417
s112411303076,s112411303091,1,6389,6400
s112411303076,s112411303098,1,6389,6406
s112411303076,s112411303108,1,6389,6412
s112411303077,s112411303088,1,6390,6398
s112411303077,s112411303097,1,6390,6405
s112411303077,s112411303098,1,6390,6406
s112411303077,s113411303003,1,6390,6416
s112411303078,s112411303088,1,6391,6398
s112411303078,s112411303098,1,6391,6406
s112411303078,s113411303003,1,6391,6416
s112411303087,s112411303108,1,6397,6412
s112411303087,s113411303003,1,6397,6416
s112411303088,s112411303073,1,6398,6387
s112411303088,s112411303074,1,6398,6388
s112411303088,s112411303098,1,6398,6406
s112411303088,s112411303108,1,6398,6412
s112411303088,s112411303110,1,6398,6414
s112411303090,s112411303088,1,6399,6398
s112411303090,s112411303091,1,6399,6400
s112411303090,s112411303098,1,6399,6406
s112411303091,s112411303093,1,6400,6401
s112411303091,s112411303110,1,6400,6414
s112411303093,s112411303088,1,6401,6398
s112411303093,s112411303098,1,6401,6406
s112411303093,s112411303108,1,6401,6412
s112411303094,s112411303073,1,6402,6387
s112411303094,s112411303074,1,6402,6388
s112411303094,s112411303088,1,6402,6398
s112411303094,s112411303098,1,6402,6406
s112411303095,s112411303088,1,6403,6398
s112411303095,s112411303096,1,6403,6404
s112411303095,s112411303098,1,6403,6406
s112411303095,s112411303110,1,6403,6414
s112411303096,s112411303098,1,6404,6406
s112411303098,s112411303088,1,6406,6398
s112411303098,s112411303104,1,6406,6409
s112411303098,s112411303110,1,6406,6414
s112411303098,s113411303003,1,6406,6416
s112411303098,s113411303004,1,6406,6417
s112411303104,s112411303073,1,6409,6387
s112411303104,s112411303081,1,6409,6394
s112411303104,s112411303098,1,6409,6406
s112411303108,s112411303071,1,6412,6386
s112411303108,s112411303088,1,6412,6398
s112411303108,s112411303104,1,6412,6409
s112411303110,s112411303073,1,6414,6387
s112411303110,s112411303074,1,6414,6388
s112411303110,s112411303088,1,6414,6398
s112411303110,s112411303098,1,6414,6406
s112413301024,s112413301038,1,6418,6430
s112413301024,s112413301050,1,6418,6442
s112413301025,s112413301038,1,6419,6430
s112413301031,s112413301027,1,6425,6421
s112413301031,s112413301038,1,6425,6430
s112413301032,s112413301027,1,6426,6421
s112413301032,s112413301038,1,6426,6430
s112413301034,s112413301024,1,6427,6418
s112413301034,s112413301027,1,6427,6421
s112413301034,s112413301038,1,6427,6430
s112413301036,s112413301040,1,6428,6432
s112413301036,s112413301041,1,6428,6433
s112413301036,s112413301044,1,6428,6436
s112413301036,s112413301049,1,6428,6441
s112413301036,s112413301051,1,6428,6443
s112413301037,s112413301027,1,6429,6421
s112413301037,s112413301038,1,6429,6430
s112413301037,s112413301044,1,6429,6436
s112413301037,s112413301047,1,6429,6439
s112413301038,s112413301026,1,6430,6420
s112413301038,s112413301027,1,6430,6421
s112413301038,s112413301049,1,6430,6441
s112413301038,s112413301051,1,6430,6443
s112413301043,s112413301027,1,6435,6421
s112413301043,s112413301036,1,6435,6428
s112413301043,s112413301050,1,6435,6442
s112413301043,s112413301051,1,6435,6443
s112413301044,s112413301032,1,6436,6426
s112413301044,s112413301046,1,6436,6438
s112413301044,s112413301049,1,6436,6441
s112413301044,s112413301050,1,6436,6442
s112413301045,s112413301029,1,6437,6423
s112413301045,s112413301046,1,6437,6438
s112413301045,s112413301049,1,6437,6441
s112413301045,s112413301050,1,6437,6442
s112413301046,s112413301027,1,6438,6421
s112413301048,s112413301025,1,6440,6419
s112413301048,s112413301026,1,6440,6420
s112413301048,s112413301027,1,6440,6421
s112413301048,s112413301036,1,6440,6428
s112413301049,s112413301027,1,6441,6421
s112413301049,s112413301036,1,6441,6428
s112413301049,s112413301037,1,6441,6429
s112413301050,s112413301027,1,6442,6421
s112413301051,s112413301027,1,6443,6421
s112413301051,s112413301049,1,6443,6441
s112413301051,s112413301050,1,6443,6442
s112413301054,s112413301060,1,6444,6450
s112413301054,s112413301070,1,6444,6455
s112413301054,s112413301071,1,6444,6456
s112413301054,s112413301078,1,6444,6461
s112413301058,s112413301057,1,6448,6447
s112413301058,s112413301076,1,6448,6459
s112413301059,s112413301076,1,6449,6459
s112413301060,s112413301054,1,6450,6444
s112413301060,s112413301057,1,6450,6447
s112413301060,s112413301064,1,6450,6453
s112413301063,s112413301071,1,6452,6456
s112413301063,s112413301078,1,6452,6461
s112413301064,s112413301068,1,6453,6454
s112413301064,s112413301076,1,6453,6459
s112413301064,s112413301078,1,6453,6461
s112413301064,s112413301082,1,6453,6464
s112413301068,s112413301063,1,6454,6452
s112413301068,s112413301076,1,6454,6459
s112413301068,s112413301077,1,6454,6460
s112413301070,s112413301077,1,6455,6460
s112413301071,s112413301060,1,6456,6450
s112413301071,s112413301063,1,6456,6452
s112413301071,s112413301064,1,6456,6453
s112413301074,s112413301057,1,6458,6447
s112413301076,s112413301071,1,6459,6456
s112413301076,s112413301082,1,6459,6464
s112413301078,s112413301054,1,6461,6444
s112413301078,s112413301063,1,6461,6452
s112413301078,s112413301064,1,6461,6453
s112413301082,s112413301063,1,6464,6452
s112413302026,s112413302024,1,6467,6466
s112413302028,s112413302042,1,6469,6477
s112413302028,s112413302044,1,6469,6479
s112413302028,s112413302047,1,6469,6481
s112413302039,s112413302024,1,6475,6466
s112413302039,s112413302026,1,6475,6467
s112413302039,s112413302029,1,6475,6470
s112413302040,s112413302024,1,6476,6466
s112413302040,s112413302029,1,6476,6470
s112413302042,s112413302024,1,6477,6466
s112413302042,s112413302029,1,6477,6470
s112413302042,s112413302034,1,6477,6471
s112413302048,s112413302039,1,6482,6475
s112413302052,s112413302067,1,6485,6498
s112413302053,s112413302068,1,6486,6499
s112413302054,s112413302068,1,6487,6499
s112413302056,s112413302057,1,6489,6490
s112413302064,s112413302070,1,6496,6501
s112413302067,s112413302068,1,6498,6499
s112413302067,s112413302070,1,6498,6501
s112413302069,s112413302068,1,6500,6499
s112413302069,s112413302070,1,6500,6501
s112413302072,s112413302060,1,6502,6493
s112413302076,s112413302068,1,6506,6499
s112413508024,s112413508028,1,6507,6510
s112413508024,s112413508040,1,6507,6519
s112413508024,s112413508041,1,6507,6520
s112413508025,s112413508040,1,6508,6519
s112413508027,s112413508028,1,6509,6510
s112413508028,s112413508040,1,6510,6519
s112413508028,s112413508041,1,6510,6520
s112413508029,s112413508028,1,6511,6510
s112413508029,s112413508033,1,6511,6515
s112413508029,s112413508038,1,6511,6518
s112413508029,s112413508040,1,6511,6519
s112413508029,s112413508041,1,6511,6520
s112413508032,s112413508040,1,6514,6519
s112413508033,s112413508040,1,6515,6519
s112413508033,s112413508041,1,6515,6520
s112413508034,s112413508028,1,6516,6510
s112413508034,s112413508040,1,6516,6519
s112413508037,s112413508028,1,6517,6510
s112413508041,s112413508040,1,6520,6519
s112413508044,s112413508041,1,6521,6520
s112413508048,s112413508040,1,6523,6519
s112413508054,s112413508062,1,6526,6532
s112413508058,s112413508069,1,6529,6536
s112413508059,s112413508054,1,6530,6526
s112413508059,s112413508067,1,6530,6535
s112413508059,s112413508073,1,6530,6538
s112413508060,s112413508054,1,6531,6526
s112413508060,s112413508056,1,6531,6528
s112413508060,s112413508067,1,6531,6535
s112413508062,s112413508054,1,6532,6526
s112413508062,s112413508064,1,6532,6534
s112413508062,s112413508067,1,6532,6535
s112413508062,s112413508073,1,6532,6538
s112413508063,s112413508067,1,6533,6535
s112413508064,s112413508062,1,6534,6532
s112413508064,s112413508067,1,6534,6535
s112413508067,s112413508054,1,6535,6526
s112413508067,s112413508062,1,6535,6532
s112413508067,s112413508064,1,6535,6534
s112413508067,s112413508073,1,6535,6538
s112413508069,s112413508054,1,6536,6526
s112413508069,s112413508058,1,6536,6529
s112413508069,s112413508064,1,6536,6534
s112413508069,s112413508067,1,6536,6535
s112413508069,s112413508073,1,6536,6538
s112413508070,s112413508069,1,6537,6536
s112413508070,s112413508073,1,6537,6538
s112413508073,s112413508062,1,6538,6532
s112413508073,s112413508069,1,6538,6536
s112421302026,s112421302028,1,6540,6542
s112421302026,s112421302046,1,6540,6552
s112421302026,s112421302050,1,6540,6556
s112421302026,s112421302051,1,6540,6557
s112421302027,s112421302026,1,6541,6540
s112421302027,s112421302028,1,6541,6542
s112421302028,s112421302034,1,6542,6545
s112421302030,s112421302034,1,6543,6545
s112421302034,s112421302050,1,6545,6556
s112421302034,s112421302051,1,6545,6557
s112421302040,s112421302028,1,6548,6542
s112421302040,s112421302034,1,6548,6545
s112421302041,s112421302054,1,6549,6559
s112421302043,s112421302041,1,6551,6549
s112421302046,s112421302050,1,6552,6556
s112421302047,s112421302048,1,6553,6554
s112421302047,s112421302050,1,6553,6556
s112421302047,s112421302051,1,6553,6557
s112421302047,s112421302054,1,6553,6559
s112421302050,s112421302046,1,6556,6552
s112421302055,s112421302046,1,6560,6552
s112421302055,s112421302047,1,6560,6553
s112421302055,s112421302048,1,6560,6554
s112421302055,s112421302051,1,6560,6557
s112421302060,s112421302062,1,6561,6562
s112421302062,s112421302060,1,6562,6561
s112421302062,s112421302063,1,6562,6563
s112421302066,s112421302063,1,6565,6563
s112421302077,s112421302062,1,6566,6562
s112421302077,s112421302066,1,6566,6565
s112421302077,s112421302086,1,6566,6568
s112423505027,s112423505030,1,6570,6572
s112423505041,s112423505030,1,6577,6572
s112423505041,s112423505034,1,6577,6574
s112423505052,s112423505029,1,6583,6571
s112423505052,s112423505030,1,6583,6572
s112423505052,s112423505034,1,6583,6574
s112423505053,s112423505034,1,6584,6574
s112423505058,s112423505061,1,6586,6588
s112423505061,s112423505058,1,6588,6586
s112423505067,s112423505072,1,6591,6595
s112423505067,s112423505081,1,6591,6602
s112423505068,s112423505072,1,6592,6595
s112423505068,s112423505081,1,6592,6602
s112423505069,s112423505058,1,6593,6586
s112423505069,s112423505059,1,6593,6587
s112423505078,s112423505061,1,6600,6588
s112423505078,s112423505065,1,6600,6590
s112423505079,s112423505056,1,6601,6585
s112423505079,s112423505058,1,6601,6586
s112423505081,s112423505058,1,6602,6586
s112423505081,s112423505067,1,6602,6591
s112423505081,s112423505071,1,6602,6594
s112423505082,s112423505056,1,6603,6585
s112423505082,s112423505058,1,6603,6586
s112423505083,s112423505056,1,6604,6585
s112423505083,s112423505059,1,6604,6587
s112423505084,s112423505056,1,6605,6585
s112423505084,s112423505069,1,6605,6593
s112533503029,s112533503033,1,6608,6610
s112533503029,s112533503037,1,6608,6612
s112533503033,s112533503029,1,6610,6608
s112533503043,s112533503045,1,6614,6616
s112533503043,s112533503050,1,6614,6621
s112533503043,s112533503051,1,6614,6622
s112533503043,s112533503057,1,6614,6627
s112533503045,s112533503046,1,6616,6617
s112533503045,s112533503048,1,6616,6619
s112533503047,s112533503045,1,6618,6616
s112533503047,s112533503057,1,6618,6627
s112533503048,s112533503045,1,6619,6616
s112533503048,s112533503057,1,6619,6627
s112533503050,s112533503045,1,6621,6616
s112533503050,s112533503057,1,6621,6627
s112533503051,s112533503045,1,6622,6616
s112533503051,s112533503057,1,6622,6627
s112533503052,s112533503045,1,6623,6616
s112533503052,s112533503057,1,6623,6627
s112533503055,s112533503045,1,6625,6616
s112533503055,s112533503057,1,6625,6627
s112533503057,s112533503045,1,6627,6616
s112533504027,s112533504034,1,6630,6635
s112533504027,s112533504039,1,6630,6639
s112533504027,s112533504040,1,6630,6640
s112533504027,s112533504041,1,6630,6641
s112533504027,s112533504048,1,6630,6648
s112533504028,s112533504034,1,6631,6635
s112533504028,s112533504044,1,6631,6644
s112533504028,s112533504048,1,6631,6648
s112533504028,s112533504050,1,6631,6650
s112533504032,s112533504028,1,6633,6631
s112533504034,s112533504027,1,6635,6630
s112533504034,s112533504028,1,6635,6631
s112533504034,s112533504029,1,6635,6632
s112533504034,s112533504039,1,6635,6639
s112533504036,s112533504040,1,6637,6640
s112533504041,s112533504040,1,6641,6640
s112533504043,s112533504028,1,6643,6631
s112533504044,s112533504039,1,6644,6639
s112533504044,s112533504040,1,6644,6640
s112533504044,s112533504041,1,6644,6641
s112533504045,s112533504040,1,6645,6640
s112533504045,s112533504041,1,6645,6641
s112533504046,s112533504036,1,6646,6637
s112533504046,s112533504040,1,6646,6640
s112533504046,s112533504041,1,6646,6641
s112533504046,s112533504042,1,6646,6642
s112533504047,s112533504039,1,6647,6639
s112533504047,s112533504041,1,6647,6641
s112533504047,s112533504042,1,6647,6642
s112533504050,s112533504040,1,6650,6640
s112533504050,s112533504041,1,6650,6641
s112533504050,s112533504042,1,6650,6642
s112533504055,s112533504073,1,6651,6667
s112533504055,s112533504077,1,6651,6670
s112533504055,s112533504080,1,6651,6672
s112533504055,s112533504081,1,6651,6673
s112533504056,s112533504064,1,6652,6660
s112533504060,s112533504055,1,6656,6651
s112533504060,s112533504063,1,6656,6659
s112533504060,s112533504066,1,6656,6662
s112533504060,s112533504067,1,6656,6663
s112533504061,s112533504064,1,6657,6660
s112533504061,s112533504079,1,6657,6671
s112533504063,s112533504057,1,6659,6653
s112533504063,s112533504059,1,6659,6655
s112533504063,s112533504064,1,6659,6660
s112533504064,s112533504060,1,6660,6656
s112533504064,s112533504063,1,6660,6659
s112533504064,s112533504075,1,6660,6669
s112533504064,s112533504079,1,6660,6671
s112533504064,s112533504081,1,6660,6673
s112533504068,s112533504055,1,6664,6651
s112533504068,s112533504057,1,6664,6653
s112533504068,s112533504064,1,6664,6660
s112533504075,s112533504057,1,6669,6653
s112533504075,s112533504059,1,6669,6655
s112533504075,s112533504064,1,6669,6660
s112533504075,s112533504066,1,6669,6662
s112533504077,s112533504064,1,6670,6660
s112533504077,s112533504074,1,6670,6668
s112533506024,s113533506003,1,6674,6693
s112533506025,s112533506024,1,6675,6674
s112533506025,s112533506030,1,6675,6679
s112533506025,s112533506031,1,6675,6680
s112533506025,s112533506049,1,6675,6692
s112533506025,s113533506003,1,6675,6693
s112533506028,s112533506030,1,6677,6679
s112533506028,s112533506046,1,6677,6690
s112533506028,s113533506003,1,6677,6693
s112533506029,s112533506024,1,6678,6674
s112533506029,s112533506025,1,6678,6675
s112533506029,s112533506026,1,6678,6676
s112533506030,s112533506024,1,6679,6674
s112533506030,s112533506028,1,6679,6677
s112533506030,s112533506038,1,6679,6685
s112533506030,s112533506040,1,6679,6686
s112533506030,s113533506003,1,6679,6693
s112533506031,s112533506024,1,6680,6674
s112533506031,s112533506028,1,6680,6677
s112533506031,s112533506046,1,6680,6690
s112533506031,s113533506003,1,6680,6693
s112533506033,s112533506046,1,6682,6690
s112533506033,s112533506048,1,6682,6691
s112533506033,s112533506049,1,6682,6692
s112533506033,s113533506003,1,6682,6693
s112533506036,s112533506024,1,6683,6674
s112533506036,s112533506040,1,6683,6686
s112533506036,s112533506049,1,6683,6692
s112533506036,s113533506003,1,6683,6693
s112533506037,s112533506024,1,6684,6674
s112533506037,s113533506003,1,6684,6693
s112533506038,s112533506030,1,6685,6679
s112533506038,s112533506046,1,6685,6690
s112533506038,s113533506003,1,6685,6693
s112533506040,s112533506024,1,6686,6674
s112533506040,s113533506003,1,6686,6693
s112533506041,s112533506024,1,6687,6674
s112533506041,s112533506025,1,6687,6675
s112533506041,s112533506030,1,6687,6679
s112533506041,s112533506031,1,6687,6680
s112533506041,s113533506003,1,6687,6693
s112533506042,s112533506024,1,6688,6674
s112533506042,s113533506003,1,6688,6693
s112533506045,s112533506024,1,6689,6674
s112533506045,s113533506003,1,6689,6693
s112533506046,s112533506025,1,6690,6675
s112533506046,s112533506026,1,6690,6676
s112533506046,s112533506033,1,6690,6682
s112533506046,s112533506036,1,6690,6683
s112533506048,s112533506024,1,6691,6674
s112533506048,s112533506041,1,6691,6687
s112533506048,s113533506003,1,6691,6693
s112533506049,s113533506003,1,6692,6693
s112533506053,s112533506054,1,6694,6695
s112533506053,s112533506067,1,6694,6707
s112533506053,s112533506076,1,6694,6712
s112533506054,s112533506061,1,6695,6702
s112533506054,s112533506072,1,6695,6711
s112533506054,s112533506078,1,6695,6714
s112533506055,s112533506069,1,6696,6708
s112533506055,s112533506077,1,6696,6713
s112533506055,s112533506078,1,6696,6714
s112533506056,s112533506054,1,6697,6695
s112533506056,s112533506061,1,6697,6702
s112533506056,s112533506066,1,6697,6706
s112533506056,s112533506067,1,6697,6707
s112533506058,s112533506056,1,6699,6697
s112533506058,s112533506061,1,6699,6702
s112533506058,s112533506062,1,6699,6703
s112533506061,s112533506064,1,6702,6705
s112533506061,s112533506072,1,6702,6711
s112533506063,s112533506072,1,6704,6711
s112533506063,s112533506078,1,6704,6714
s112533506069,s112533506061,1,6708,6702
s112533506069,s112533506062,1,6708,6703
s112533506069,s112533506072,1,6708,6711
s112533506069,s112533506076,1,6708,6712
s112533506071,s112533506054,1,6710,6695
s112533506072,s112533506054,1,6711,6695
s112533506072,s112533506063,1,6711,6704
s112533506077,s112533506054,1,6713,6695
s112533506078,s112533506054,1,6714,6695
s112533506078,s112533506057,1,6714,6698
s112533506078,s112533506061,1,6714,6702
s112540301026,s112540301033,1,6716,6722
s112540301026,s112540301034,1,6716,6723
s112540301028,s112540301026,1,6718,6716
s112540301028,s112540301029,1,6718,6719
s112540301028,s112540301048,1,6718,6734
s112540301028,s112540301050,1,6718,6736
s112540301029,s112540301033,1,6719,6722
s112540301029,s112540301034,1,6719,6723
s112540301030,s112540301033,1,6720,6722
s112540301030,s112540301034,1,6720,6723
s112540301033,s112540301026,1,6722,6716
s112540301033,s112540301028,1,6722,6718
s112540301033,s112540301034,1,6722,6723
s112540301033,s112540301047,1,6722,6733
s112540301034,s112540301026,1,6723,6716
s112540301034,s112540301041,1,6723,6727
s112540301034,s112540301048,1,6723,6734
s112540301035,s112540301033,1,6724,6722
s112540301035,s112540301034,1,6724,6723
s112540301035,s112540301039,1,6724,6726
s112540301035,s112540301050,1,6724,6736
s112540301036,s112540301026,1,6725,6716
s112540301041,s112540301047,1,6727,6733
s112540301045,s112540301033,1,6731,6722
s112540301045,s112540301042,1,6731,6728
s112540301045,s112540301047,1,6731,6733
s112540301046,s112540301024,1,6732,6715
s112540301046,s112540301032,1,6732,6721
s112540301046,s112540301034,1,6732,6723
s112540301046,s112540301042,1,6732,6728
s112540301046,s112540301047,1,6732,6733
s112540301048,s112540301028,1,6734,6718
s112540301048,s112540301033,1,6734,6722
s112540301048,s112540301034,1,6734,6723
s112540301052,s112540301028,1,6737,6718
s112540301052,s112540301032,1,6737,6721
s112540301052,s112540301033,1,6737,6722
s112540301052,s112540301034,1,6737,6723
s112540301056,s112540301074,1,6738,6749
s112540301062,s112540301064,1,6740,6742
s112540301062,s112540301074,1,6740,6749
s112540301062,s112540301076,1,6740,6751
s112540301062,s112540301078,1,6740,6752
s112540301064,s112540301062,1,6742,6740
s112540301066,s112540301069,1,6743,6745
s112540301066,s112540301074,1,6743,6749
s112540301066,s112540301076,1,6743,6751
s112540301066,s112540301078,1,6743,6752
s112540301069,s112540301064,1,6745,6742
s112540301069,s112540301068,1,6745,6744
s112540301069,s112540301074,1,6745,6749
s112540301069,s112540301083,1,6745,6757
s112540301070,s112540301063,1,6746,6741
s112540301070,s112540301064,1,6746,6742
s112540301070,s112540301074,1,6746,6749
s112540301070,s112540301078,1,6746,6752
s112540301073,s112540301074,1,6748,6749
s112540301073,s112540301081,1,6748,6755
s112540301074,s112540301056,1,6749,6738
s112540301074,s112540301066,1,6749,6743
s112540301075,s112540301085,1,6750,6759
s112540301076,s112540301074,1,6751,6749
s112540301081,s112540301057,1,6755,6739
s112540301082,s112540301068,1,6756,6744
s112540301083,s112540301056,1,6757,6738
s112540301083,s112540301074,1,6757,6749
s112543501024,s112543501025,1,6760,6761
s112543501024,s112543501038,1,6760,6773
s112543501025,s112543501024,1,6761,6760
s112543501025,s112543501028,1,6761,6764
s112543501025,s112543501048,1,6761,6782
s112543501025,s112543501049,1,6761,6783
s112543501025,s112543501051,1,6761,6785
s112543501026,s112543501032,1,6762,6768
s112543501026,s112543501038,1,6762,6773
s112543501026,s112543501047,1,6762,6781
s112543501026,s112543501048,1,6762,6782
s112543501026,s112543501049,1,6762,6783
s112543501027,s112543501028,1,6763,6764
s112543501027,s112543501038,1,6763,6773
s112543501027,s112543501049,1,6763,6783
s112543501028,s112543501024,1,6764,6760
s112543501028,s112543501030,1,6764,6766
s112543501028,s112543501032,1,6764,6768
s112543501028,s112543501036,1,6764,6772
s112543501028,s112543501051,1,6764,6785
s112543501029,s112543501038,1,6765,6773
s112543501030,s112543501038,1,6766,6773
s112543501031,s112543501038,1,6767,6773
s112543501031,s112543501041,1,6767,6776
s112543501031,s112543501048,1,6767,6782
s112543501031,s112543501051,1,6767,6785
s112543501032,s112543501026,1,6768,6762
s112543501032,s112543501038,1,6768,6773
s112543501032,s112543501044,1,6768,6779
s112543501032,s112543501049,1,6768,6783
s112543501033,s112543501035,1,6769,6771
s112543501033,s112543501038,1,6769,6773
s112543501033,s112543501044,1,6769,6779
s112543501033,s112543501047,1,6769,6781
s112543501034,s112543501038,1,6770,6773
s112543501034,s112543501042,1,6770,6777
s112543501034,s112543501047,1,6770,6781
s112543501034,s112543501048,1,6770,6782
s112543501035,s112543501038,1,6771,6773
s112543501036,s112543501038,1,6772,6773
s112543501036,s112543501049,1,6772,6783
s112543501038,s112543501047,1,6773,6781
s112543501038,s112543501048,1,6773,6782
s112543501038,s112543501049,1,6773,6783
s112543501038,s112543501050,1,6773,6784
s112543501038,s112543501052,1,6773,6786
s112543501039,s112543501038,1,6774,6773
s112543501040,s112543501038,1,6775,6773
s112543501043,s112543501038,1,6778,6773
s112543501043,s112543501040,1,6778,6775
s112543501043,s112543501049,1,6778,6783
s112543501044,s112543501025,1,6779,6761
s112543501044,s112543501043,1,6779,6778
s112543501044,s112543501047,1,6779,6781
s112543501050,s112543501038,1,6784,6773
s112543501050,s112543501040,1,6784,6775
s112543501050,s112543501049,1,6784,6783
s112543501052,s112543501038,1,6786,6773
s112543501052,s112543501040,1,6786,6775
s112543501052,s112543501049,1,6786,6783
s112543501055,s112543501058,1,6787,6790
s112543501055,s112543501079,1,6787,6810
s112543501055,s112543501081,1,6787,6812
s112543501055,s112543501082,1,6787,6813
s112543501056,s112543501080,1,6788,6811
s112543501056,s112543501082,1,6788,6813
s112543501057,s112543501058,1,6789,6790
s112543501057,s112543501068,1,6789,6800
s112543501057,s112543501080,1,6789,6811
s112543501057,s112543501081,1,6789,6812
s112543501057,s112543501082,1,6789,6813
s112543501058,s112543501082,1,6790,6813
s112543501059,s112543501079,1,6791,6810
s112543501059,s112543501080,1,6791,6811
s112543501059,s112543501082,1,6791,6813
s112543501060,s112543501058,1,6792,6790
s112543501062,s112543501082,1,6794,6813
s112543501064,s112543501079,1,6796,6810
s112543501064,s112543501080,1,6796,6811
s112543501064,s112543501082,1,6796,6813
s112543501066,s112543501057,1,6798,6789
s112543501066,s112543501058,1,6798,6790
s112543501066,s112543501068,1,6798,6800
s112543501066,s112543501082,1,6798,6813
s112543501067,s112543501058,1,6799,6790
s112543501067,s112543501080,1,6799,6811
s112543501067,s112543501081,1,6799,6812
s112543501067,s112543501082,1,6799,6813
s112543501070,s112543501062,1,6801,6794
s112543501070,s112543501077,1,6801,6808
s112543501070,s112543501080,1,6801,6811
s112543501071,s112543501061,1,6802,6793
s112543501071,s112543501080,1,6802,6811
s112543501074,s112543501055,1,6805,6787
s112543501074,s112543501058,1,6805,6790
s112543501074,s112543501068,1,6805,6800
s112543501074,s112543501082,1,6805,6813
s112543501075,s112543501057,1,6806,6789
s112543501075,s112543501058,1,6806,6790
s112543501075,s112543501079,1,6806,6810
s112543501075,s112543501082,1,6806,6813
s112543501076,s112543501079,1,6807,6810
s112543501076,s112543501080,1,6807,6811
s112543501076,s112543501081,1,6807,6812
s112543501076,s112543501082,1,6807,6813
s112543501079,s112543501055,1,6810,6787
s112543501079,s112543501059,1,6810,6791
s112543501079,s112543501063,1,6810,6795
s112543501079,s112543501083,1,6810,6814
s112543501081,s112543501067,1,6812,6799
s112543501081,s112543501078,1,6812,6809
s112543501081,s112543501080,1,6812,6811
s112543501081,s112543501082,1,6812,6813
s112543501082,s112543501083,1,6813,6814
s112543501083,s112543501058,1,6814,6790
s112543501083,s112543501079,1,6814,6810
s112543501083,s112543501080,1,6814,6811
s112543501083,s112543501082,1,6814,6813
s112551301027,s112551301040,1,6818,6823
s112551301034,s112551301040,1,6820,6823
s112551301056,s112551301040,1,6831,6823
s112551301056,s112551301041,1,6831,6824
s112551301064,s112551301081,1,6833,6842
s112551301064,s112551301085,1,6833,6844
s112551301064,s112551301086,1,6833,6845
s112551301071,s112551301064,1,6835,6833
s112551301071,s112551301086,1,6835,6845
s112551301071,s112551301093,1,6835,6848
s112551301075,s112551301071,1,6838,6835
s112551301075,s112551301083,1,6838,6843
s112551301077,s112551301083,1,6839,6843
s112551301077,s112551301085,1,6839,6844
s112551301085,s112551301090,1,6844,6847
s112551301086,s112551301079,1,6845,6840
s112551301090,s112551301085,1,6847,6844
s112581302026,s112581302044,1,6851,6867
s112581302026,s112581302046,1,6851,6869
s112581302026,s113581302005,1,6851,6881
s112581302028,s112581302046,1,6852,6869
s112581302029,s112581302046,1,6853,6869
s112581302032,s112581302034,1,6855,6857
s112581302032,s112581302043,1,6855,6866
s112581302036,s112581302037,1,6859,6860
s112581302037,s112581302036,1,6860,6859
s112581302037,s112581302038,1,6860,6861
s112581302037,s112581302040,1,6860,6863
s112581302037,s112581302042,1,6860,6865
s112581302037,s112581302055,1,6860,6876
s112581302038,s112581302035,1,6861,6858
s112581302038,s112581302037,1,6861,6860
s112581302038,s112581302044,1,6861,6867
s112581302038,s112581302046,1,6861,6869
s112581302038,s112581302053,1,6861,6874
s112581302040,s112581302037,1,6863,6860
s112581302040,s112581302046,1,6863,6869
s112581302041,s112581302035,1,6864,6858
s112581302041,s112581302043,1,6864,6866
s112581302042,s112581302037,1,6865,6860
s112581302042,s112581302043,1,6865,6866
s112581302042,s112581302045,1,6865,6868
s112581302042,s112581302049,1,6865,6871
s112581302042,s112581302054,1,6865,6875
s112581302044,s112581302033,1,6867,6856
s112581302044,s112581302035,1,6867,6858
s112581302044,s112581302046,1,6867,6869
s112581302044,s112581302056,1,6867,6877
s112581302044,s112581302058,1,6867,6878
s112581302045,s112581302034,1,6868,6857
s112581302045,s112581302035,1,6868,6858
s112581302045,s112581302042,1,6868,6865
s112581302046,s112581302043,1,6869,6866
s112581302048,s112581302035,1,6870,6858
s112581302049,s112581302035,1,6871,6858
s112581302049,s112581302042,1,6871,6865
s112581302050,s112581302025,1,6872,6850
s112581302050,s112581302035,1,6872,6858
s112581302050,s112581302037,1,6872,6860
s112581302050,s112581302046,1,6872,6869
s112581302050,s112581302053,1,6872,6874
s112581302051,s112581302035,1,6873,6858
s112581302051,s112581302046,1,6873,6869
s112581302055,s112581302025,1,6876,6850
s112581302055,s112581302037,1,6876,6860
s112581302055,s112581302046,1,6876,6869
s112581302059,s112581302037,1,6879,6860
s112581302059,s112581302043,1,6879,6866
s112581302063,s112581302074,1,6883,6886
s112581302064,s112581302074,1,6884,6886
s112581302074,s112581302077,1,6886,6888
s112581302077,s112581302074,1,6888,6886
s112581302078,s112581302074,1,6889,6886
s112583501023,s112583501026,1,6892,6895
s112583501023,s112583501030,1,6892,6898
s112583501023,s112583501037,1,6892,6904
s112583501023,s112583501040,1,6892,6907
s112583501025,s112583501036,1,6894,6903
s112583501025,s112583501037,1,6894,6904
s112583501025,s112583501040,1,6894,6907
s112583501025,s112583501043,1,6894,6909
s112583501025,s113583501002,1,6894,6913
s112583501026,s112583501036,1,6895,6903
s112583501026,s112583501040,1,6895,6907
s112583501028,s112583501036,1,6897,6903
s112583501028,s112583501040,1,6897,6907
s112583501031,s112583501025,1,6899,6894
s112583501031,s112583501027,1,6899,6896
s112583501031,s112583501040,1,6899,6907
s112583501031,s113583501002,1,6899,6913
s112583501037,s112583501023,1,6904,6892
s112583501037,s112583501030,1,6904,6898
s112583501038,s112583501023,1,6905,6892
s112583501038,s112583501030,1,6905,6898
s112583501044,s112583501025,1,6910,6894
s112583501044,s112583501036,1,6910,6903
s112593504027,s112593504030,1,6915,6916
s112593504030,s112593504039,1,6916,6920
s112593504030,s112593504042,1,6916,6922
s112593504030,s112593504048,1,6916,6926
s112593504039,s112593504031,1,6920,6917
s112593504039,s112593504042,1,6920,6922
s112593504039,s112593504047,1,6920,6925
s112593504039,s112593504048,1,6920,6926
s112593504042,s112593504025,1,6922,6914
s112593504042,s112593504031,1,6922,6917
s112593504045,s112593504030,1,6924,6916
s112593504045,s112593504031,1,6924,6917
s112593504047,s112593504027,1,6925,6915
s112593504048,s112593504031,1,6926,6917
s112593504048,s112593504039,1,6926,6920
s112593504048,s112593504042,1,6926,6922
s112593504052,s112593504055,1,6929,6932
s112593504052,s112593504065,1,6929,6942
s112593504054,s112593504052,1,6931,6929
s112593504055,s112593504052,1,6932,6929
s112593504056,s112593504052,1,6933,6929
s112593504056,s112593504059,1,6933,6936
s112593504056,s112593504061,1,6933,6938
s112593504056,s112593504065,1,6933,6942
s112593504056,s112593504071,1,6933,6947
s112593504057,s112593504052,1,6934,6929
s112593504057,s112593504054,1,6934,6931
s112593504057,s112593504061,1,6934,6938
s112593504057,s112593504065,1,6934,6942
s112593504057,s112593504075,1,6934,6951
s112593504058,s112593504052,1,6935,6929
s112593504059,s112593504055,1,6936,6932
s112593504059,s112593504061,1,6936,6938
s112593504059,s112593504062,1,6936,6939
s112593504059,s112593504063,1,6936,6940
s112593504059,s112593504065,1,6936,6942
s112593504060,s112593504065,1,6937,6942
s112593504060,s112593504075,1,6937,6951
s112593504065,s112593504052,1,6942,6929
s112593504065,s112593504075,1,6942,6951
s112593504066,s112593504052,1,6943,6929
s112593504066,s112593504075,1,6943,6951
s112593504067,s112593504052,1,6944,6929
s112593504067,s112593504057,1,6944,6934
s112593504067,s112593504061,1,6944,6938
s112593504067,s112593504071,1,6944,6947
s112593504067,s112593504075,1,6944,6951
s112593504068,s112593504075,1,6945,6951
s112593504070,s112593504052,1,6946,6929
s112593504070,s112593504057,1,6946,6934
s112593504070,s112593504062,1,6946,6939
s112593504070,s112593504071,1,6946,6947
s112593504070,s112593504075,1,6946,6951
s112593504071,s112593504052,1,6947,6929
s112593504071,s112593504054,1,6947,6931
s112593504071,s112593504056,1,6947,6933
s112593504071,s112593504061,1,6947,6938
s112593504071,s112593504075,1,6947,6951
s112593504072,s112593504075,1,6948,6951
s112593504073,s112593504052,1,6949,6929
s112593504073,s112593504054,1,6949,6931
s112593504073,s112593504061,1,6949,6938
s112593504073,s112593504071,1,6949,6947
s112593504073,s112593504075,1,6949,6951
s112593504074,s112593504052,1,6950,6929
s112593504074,s112593504054,1,6950,6931
s112593504074,s112593504061,1,6950,6938
s112593504074,s112593504075,1,6950,6951
s112593504075,s112593504056,1,6951,6933
s112593504075,s112593504057,1,6951,6934
s112593504075,s112593504065,1,6951,6942
s112593504075,s112593504066,1,6951,6943
s112593504075,s112593504074,1,6951,6950
s112593504076,s112593504065,1,6952,6942
s112593504076,s112593504075,1,6952,6951
s112613503044,s112613503055,1,6953,6963
s112613503047,s112613503048,1,6956,6957
s112613503047,s112613503049,1,6956,6958
s112613503049,s112613503047,1,6958,6956
s112613503055,s112613503047,1,6963,6956
s112613503055,s112613503061,1,6963,6967
s112613503057,s112613503053,1,6964,6961
s112613503057,s112613503055,1,6964,6963
s112613503058,s112613503047,1,6965,6956
s112613503058,s112613503055,1,6965,6963
s112613503061,s112613503055,1,6967,6963
s112613503061,s112613503063,1,6967,6968
s112613503070,s112613503073,1,6971,6974
s112613503070,s112613503075,1,6971,6976
s112613503070,s112613503076,1,6971,6977
s112613503070,s112613503084,1,6971,6985
s112613503070,s112613503086,1,6971,6987
s112613503071,s112613503075,1,6972,6976
s112613503071,s112613503077,1,6972,6978
s112613503071,s112613503078,1,6972,6979
s112613503071,s112613503084,1,6972,6985
s112613503071,s112613503086,1,6972,6987
s112613503072,s112613503079,1,6973,6980
s112613503072,s112613503080,1,6973,6981
s112613503072,s112613503083,1,6973,6984
s112613503072,s112613503087,1,6973,6988
s112613503072,s112613503088,1,6973,6989
s112613503073,s112613503079,1,6974,6980
s112613503073,s112613503084,1,6974,6985
s112613503073,s112613503085,1,6974,6986
s112613503075,s112613503076,1,6976,6977
s112613503076,s112613503070,1,6977,6971
s112613503076,s112613503073,1,6977,6974
s112613503076,s112613503081,1,6977,6982
s112613503076,s112613503083,1,6977,6984
s112613503076,s112613503089,1,6977,6990
s112613503080,s112613503074,1,6981,6975
s112613503080,s112613503075,1,6981,6976
s112613503080,s112613503084,1,6981,6985
s112613503080,s112613503085,1,6981,6986
s112613503081,s112613503075,1,6982,6976
s112613503081,s112613503076,1,6982,6977
s112613503081,s112613503084,1,6982,6985
s112613503083,s112613503075,1,6984,6976
s112613503083,s112613503076,1,6984,6977
s112613503083,s112613503077,1,6984,6978
s112613503083,s112613503079,1,6984,6980
s112613503084,s112613503071,1,6985,6972
s112613503084,s112613503073,1,6985,6974
s112613503084,s112613503075,1,6985,6976
s112613503084,s112613503088,1,6985,6989
s112613503084,s112613503091,1,6985,6992
s112613503087,s112613503080,1,6988,6981
s112613503087,s112613503088,1,6988,6989
s112613503089,s112613503075,1,6990,6976
s112613503089,s112613503079,1,6990,6980
s112714502026,s112714502029,1,6995,6998
s112714502026,s112714502030,1,6995,6999
s112714502026,s112714502042,1,6995,7009
s112714502026,s113714502003,1,6995,7010
s112714502027,s112714502035,1,6996,7004
s112714502027,s112714502037,1,6996,7005
s112714502027,s112714502039,1,6996,7007
s112714502029,s112714502028,1,6998,6997
s112714502029,s112714502030,1,6998,6999
s112714502029,s112714502038,1,6998,7006
s112714502029,s112714502040,1,6998,7008
s112714502030,s112714502026,1,6999,6995
s112714502030,s112714502028,1,6999,6997
s112714502030,s112714502029,1,6999,6998
s112714502030,s112714502035,1,6999,7004
s112714502030,s112714502037,1,6999,7005
s112714502033,s112714502026,1,7002,6995
s112714502033,s112714502039,1,7002,7007
s112714502033,s112714502040,1,7002,7008
s112714502033,s113714502003,1,7002,7010
s112714502034,s112714502030,1,7003,6999
s112714502034,s112714502038,1,7003,7006
s112714502034,s112714502042,1,7003,7009
s112714502035,s112714502027,1,7004,6996
s112714502035,s112714502029,1,7004,6998
s112714502035,s112714502037,1,7004,7005
s112714502035,s113714502003,1,7004,7010
s112714502037,s112714502028,1,7005,6997
s112714502037,s112714502040,1,7005,7008
s112714502038,s112714502026,1,7006,6995
s112714502038,s112714502029,1,7006,6998
s112714502038,s112714502035,1,7006,7004
s112714502038,s112714502040,1,7006,7008
s112714502039,s112714502029,1,7007,6998
s112714502039,s112714502030,1,7007,6999
s112714502039,s112714502040,1,7007,7008
s112714502040,s112714502030,1,7008,6999
s112714502040,s112714502037,1,7008,7005
s112714502040,s112714502038,1,7008,7006
s112714502040,s112714502039,1,7008,7007
s112714502042,s112714502029,1,7009,6998
s112714502048,s112714502061,1,7011,7019
s112714502050,s112714502061,1,7012,7019
s112714502053,s112714502056,1,7013,7016
s112714502053,s112714502061,1,7013,7019
s112714502056,s112714502062,1,7016,7020
s112714502059,s112714502056,1,7018,7016
s112714502059,s112714502061,1,7018,7019
s112714502059,s112714502066,1,7018,7022
s112714502062,s112714502056,1,7020,7016
s112714502062,s112714502061,1,7020,7019
s112714502065,s112714502056,1,7021,7016
s112714502065,s112714502061,1,7021,7019
s113014356003,s112014356024,1,277,251
s113014356003,s112014356036,1,277,262
s113014356003,s112014356046,1,277,272
s113014356003,s112014356049,1,277,275
s113014356003,s113014356004,1,277,278
s113014356004,s112014356036,1,278,262
s113014356004,s112014356040,1,278,266
s113014356004,s112014356041,1,278,267
s113014356004,s112014356046,1,278,272
s113014356004,s112014356049,1,278,275
s113014518003,s112014518050,1,650,638
s113014518003,s112014518056,1,650,643
s113014518003,s113014518006,1,650,651
s113014576003,s112014576032,1,955,943
s113014576003,s112014576038,1,955,947
s113014576003,s112014576046,1,955,953
s113014576005,s112014576032,1,957,943
s113014576005,s112014576036,1,957,945
s113014576006,s112014576052,1,982,959
s113014576006,s112014576054,1,982,961
s113014576006,s112014576055,1,982,962
s113014576006,s112014576061,1,982,968
s113014576006,s112014576071,1,982,977
s113024507003,s112024507029,1,1045,1034
s113034348006,s112034348057,1,1084,1075
s113034348006,s112034348058,1,1084,1076
s113034506002,s112034506027,1,1166,1142
s113034506002,s112034506033,1,1166,1148
s113034506002,s112034506040,1,1166,1155
s113034506002,s112034506041,1,1166,1156
s113034506002,s112034506050,1,1166,1164
s113034508004,s112034508059,1,1210,1195
s113034508004,s112034508067,1,1210,1199
s113034508004,s112034508070,1,1210,1200
s113034508004,s112034508077,1,1210,1207
s113034513003,s112034513027,1,1233,1214
s113034513003,s112034513035,1,1233,1220
s113034513003,s112034513049,1,1233,1231
s113034518005,s112034518068,1,1339,1330
s113034527003,s112034527027,1,1417,1395
s113034527004,s112034527048,1,1418,1414
s113034527004,s112034527049,1,1418,1415
s113034543003,s112034543024,1,1460,1442
s113034543003,s112034543027,1,1460,1445
s113034543003,s112034543031,1,1460,1448
s113034543003,s112034543034,1,1460,1450
s113034543003,s112034543045,1,1460,1458
s113034557003,s113034557004,1,1542,1543
s113034557004,s112034557028,1,1543,1528
s113034557004,s112034557029,1,1543,1529
s113034565003,s112034565026,1,1671,1649
s113034565003,s112034565029,1,1671,1651
s113034565004,s112034565068,1,1700,1685
s113044506003,s112044506037,1,1747,1743
s113044522003,s112044522037,1,1765,1756
s113044524005,s112044524050,1,1807,1797
s113044524005,s112044524061,1,1807,1801
s113044524005,s112044524062,1,1807,1802
s113044524007,s112044524050,1,1808,1797
s113044524007,s112044524060,1,1808,1800
s113044524007,s112044524062,1,1808,1802
s113044524007,s112044524063,1,1808,1803
s113044524007,s112044524065,1,1808,1805
s113054502004,s112054502057,1,1941,1933
s113054502004,s112054502066,1,1941,1939
s113054502004,s112054502069,1,1941,1940
s113054505003,s112054505036,1,1953,1946
s113054523005,s112054523044,1,1984,1975
s113054523005,s112054523053,1,1984,1982
s113060323004,s112060323126,1,2042,2035
s113060323004,s112060323128,1,2042,2037
s113060323005,s112060323110,1,2043,2023
s113060323005,s112060323128,1,2043,2037
s113060323005,s112060323131,1,2043,2040
s113060323006,s112060323105,1,2044,2020
s113060323006,s112060323108,1,2044,2022
s113060323006,s112060323110,1,2044,2023
s113060323006,s112060323131,1,2044,2040
s113061317004,s112061317080,1,2224,2197
s113061317004,s112061317088,1,2224,2204
s113061317004,s112061317102,1,2224,2215
s113061317008,s112061317096,1,2226,2210
s113064350004,s112064350033,1,2246,2233
s113064350004,s112064350037,1,2246,2236
s113064350004,s112064350038,1,2246,2237
s113064350004,s112064350039,1,2246,2238
s113064350005,s112064350033,1,2247,2233
s113064350005,s112064350038,1,2247,2237
s113064350005,s113064350004,1,2247,2246
s113064526003,s112064526024,1,2449,2426
s113064526003,s112064526026,1,2449,2428
s113064526003,s112064526030,1,2449,2431
s113064526003,s112064526031,1,2449,2432
s113064538003,s112064538040,1,2540,2528
s113064538003,s112064538041,1,2540,2529
s113064538003,s112064538044,1,2540,2532
s113064538003,s112064538047,1,2540,2535
s113064538003,s112064538049,1,2540,2537
s113064538004,s112064538024,1,2541,2516
s113064538004,s112064538027,1,2541,2517
s113064538004,s112064538047,1,2541,2535
s113064538004,s112064538049,1,2541,2537
s113064538004,s112064538050,1,2541,2538
s113064538005,s112064538063,1,2513,2497
s113064538005,s112064538064,1,2513,2498
s113064538005,s112064538075,1,2513,2508
s113064538006,s112064538058,1,2514,2492
s113064538006,s112064538063,1,2514,2497
s113064538006,s112064538064,1,2514,2498
s113064543004,s112064543033,1,2559,2548
s113064543004,s112064543034,1,2559,2549
s113064543005,s112064543034,1,2560,2549
s113064545004,s112064545044,1,2602,2587
s113064545004,s112064545045,1,2602,2588
s113064545004,s112064545050,1,2602,2591
s113064546004,s112064546054,1,2627,2604
s113064546004,s112064546055,1,2627,2605
s113064546004,s112064546058,1,2627,2607
s113064546004,s112064546061,1,2627,2610
s113064548003,s112064548027,1,2674,2653
s113064548003,s112064548036,1,2674,2661
s113064548003,s112064548039,1,2674,2664
s113064548003,s112064548042,1,2674,2667
s113064548003,s112064548048,1,2674,2671
s113071318002,s112071318026,1,2787,2785
s113074510003,s112074510041,1,2904,2894
s113074510003,s112074510043,1,2904,2896
s113074510003,s112074510047,1,2904,2900
s113074510004,s112074510029,1,2905,2885
s113074510004,s112074510043,1,2905,2896
s113074510004,s112074510046,1,2905,2899
s113074510004,s113074510003,1,2905,2904
s113074510006,s112074510068,1,2933,2921
s113074510006,s112074510073,1,2933,2925
s113074510006,s112074510075,1,2933,2927
s113074511003,s112074511024,1,2958,2934
s113074511003,s112074511026,1,2958,2936
s113074511003,s112074511028,1,2958,2938
s113074511003,s112074511031,1,2958,2941
s113074511003,s112074511034,1,2958,2943
s113074511004,s112074511026,1,2959,2936
s113074511004,s112074511042,1,2959,2949
s113074511004,s112074511047,1,2959,2953
s113074518003,s112074518027,1,3008,2987
s113074518003,s112074518037,1,3008,2995
s113074534003,s112074534051,1,3069,3048
s113074534003,s112074534058,1,3069,3054
s113074534003,s112074534069,1,3069,3065
s113074536003,s112074536067,1,3115,3105
s113084503003,s112084503034,1,3212,3198
s113084503003,s112084503035,1,3212,3199
s113084503005,s112084503063,1,3188,3170
s113084503005,s112084503085,1,3188,3187
s113084507003,s112084507039,1,3234,3226
s113084507004,s112084507031,1,3235,3220
s113084507004,s112084507042,1,3235,3229
s113084507004,s112084507044,1,3235,3230
s113084507004,s112084507047,1,3235,3233
s113084507005,s112084507028,1,3236,3217
s113104326004,s112104326072,1,3466,3458
s113104506003,s112104506058,1,3545,3531
s113104506003,s112104506059,1,3545,3532
s113104506003,s112104506060,1,3545,3533
s113104506003,s112104506069,1,3545,3540
s113104506003,s112104506072,1,3545,3543
s113104521005,s112104521048,1,3607,3589
s113111321003,s112111321074,1,3658,3643
s113111321003,s112111321093,1,3658,3654
s113114501004,s112114501056,1,3766,3749
s113114523003,s112114523062,1,3888,3877
s113114523003,s112114523078,1,3888,3884
s113114534003,s112114534029,1,3907,3892
s113114534003,s112114534040,1,3907,3902
s113114534004,s112114534052,1,3921,3911
s113114534004,s112114534056,1,3921,3913
s113114534004,s112114534061,1,3921,3915
s113124311003,s112124311026,1,3965,3942
s113124311003,s112124311029,1,3965,3945
s113124311003,s112124311030,1,3965,3946
s113124311003,s112124311049,1,3965,3962
s113124546003,s112124546053,1,4309,4299
s113124546003,s112124546061,1,4309,4306
s113134501004,s112134501079,1,4418,4415
s113134501005,s112134501060,1,4419,4402
s113134501005,s112134501071,1,4419,4409
s113134501005,s112134501079,1,4419,4415
s113134501005,s113134501004,1,4419,4418
s113134527004,s112134527024,1,4435,4420
s113134527004,s112134527035,1,4435,4426
s113134527004,s112134527036,1,4435,4427
s113134527005,s112134527063,1,4455,4448
s113134527005,s112134527066,1,4455,4450
s113134527006,s112134527067,1,4456,4451
s113144501003,s112144501035,1,4520,4503
s113144501003,s112144501040,1,4520,4508
s113144501003,s112144501047,1,4520,4514
s113144501003,s112144501052,1,4520,4519
s113144504004,s112144504024,1,4558,4550
s113144517003,s112144517027,1,4646,4631
s113144517004,s112144517052,1,4655,4648
s113144517004,s112144517054,1,4655,4649
s113154501003,s112154501024,1,4680,4656
s113154501003,s112154501039,1,4680,4670
s113154501003,s112154501043,1,4680,4674
s113154505003,s112154505027,1,4723,4703
s113154505003,s112154505035,1,4723,4709
s113154505003,s112154505047,1,4723,4719
s113154505003,s112154505048,1,4723,4720
s113154505003,s112154505049,1,4723,4721
s113154515003,s112154515036,1,4842,4837
s113164513003,s112164513066,1,4942,4936
s113164513003,s112164513067,1,4942,4938
s113183510004,s112183510066,1,5091,5078
s113183510004,s112183510074,1,5091,5084
s113183510004,s112183510079,1,5091,5089
s113183510004,s113183510005,1,5091,5092
s113183510005,s112183510064,1,5092,5076
s113183510005,s112183510079,1,5092,5089
s113191313005,s112191313029,1,5295,5259
s113191313005,s112191313030,1,5295,5260
s113191313005,s112191313057,1,5295,5282
s113191313005,s112191313058,1,5295,5283
s113191313006,s112191313118,1,5253,5247
s113211318003,s112211318041,1,5656,5637
s113333501003,s112333501047,1,6013,6009
s113343507003,s112343507054,1,6125,6118
s113343507003,s112343507061,1,6125,6122
s113343507003,s112343507062,1,6125,6123
s113343507003,s112343507063,1,6125,6124
s113363501005,s113363501006,1,6261,6262
s113363501006,s112363501055,1,6262,6244
s113363501006,s112363501066,1,6262,6253
s113411303003,s112411303073,1,6416,6387
s113411303003,s112411303098,1,6416,6406
s113411303003,s113411303004,1,6416,6417
s113411303004,s112411303073,1,6417,6387
s113411303004,s112411303074,1,6417,6388
s113411303004,s112411303098,1,6417,6406
s113413301003,s112413301070,1,6465,6455
s113413301003,s112413301071,1,6465,6456
s113413301003,s112413301076,1,6465,6459
s113413301003,s112413301078,1,6465,6461
s113413301003,s112413301082,1,6465,6464
s113413302003,s112413302024,1,6483,6466
s113413302003,s112413302037,1,6483,6473
s113413302003,s112413302042,1,6483,6477
s113413508003,s112413508038,1,6524,6518
s113413508003,s112413508040,1,6524,6519
s113413508003,s112413508041,1,6524,6520
s113581302005,s112581302026,1,6881,6851
s113581302005,s112581302034,1,6881,6857
s113581302005,s112581302035,1,6881,6858
s113581302005,s112581302043,1,6881,6866
s113593504003,s112593504042,1,6928,6922
s113593504003,s112593504048,1,6928,6926
s113593504003,s112593504049,1,6928,6927
