src_student_id,dst_student_id,weight,src_idx,dst_idx
s112011301025,s112011301024,1,1,0
s112011301025,s112011301028,1,1,3
s112011301025,s112011301031,1,1,4
s112011301025,s112011301040,1,1,12
s112011301025,s112011301043,1,1,14
s112011301026,s112011301032,1,2,5
s112011301026,s112011301040,1,2,12
s112011301028,s112011301025,1,3,1
s112011301028,s112011301031,1,3,4
s112011301028,s112011301034,1,3,7
s112011301028,s112011301039,1,3,11
s112011301028,s112011301040,1,3,12
s112011301031,s112011301025,1,4,1
s112011301031,s112011301033,1,4,6
s112011301031,s112011301034,1,4,7
s112011301031,s112011301040,1,4,12
s112011301031,s112011301043,1,4,14
s112011301032,s112011301026,1,5,2
s112011301032,s112011301034,1,5,7
s112011301032,s112011301038,1,5,10
s112011301032,s112011301040,1,5,12
s112011301033,s112011301025,1,6,1
s112011301033,s112011301031,1,6,4
s112011301033,s112011301037,1,6,9
s112011301033,s112011301043,1,6,14
s112011301034,s112011301024,1,7,0
s112011301034,s112011301025,1,7,1
s112011301034,s112011301028,1,7,3
s112011301034,s112011301038,1,7,10
s112011301034,s112011301040,1,7,12
s112011301035,s112011301024,1,8,0
s112011301035,s112011301038,1,8,10
s112011301035,s112011301039,1,8,11
s112011301035,s112011301045,1,8,16
s112011301035,s112011301050,1,8,21
s112011301037,s112011301024,1,9,0
s112011301037,s112011301031,1,9,4
s112011301037,s112011301033,1,9,6
s112011301038,s112011301024,1,10,0
s112011301038,s112011301025,1,10,1
s112011301038,s112011301034,1,10,7
s112011301038,s112011301040,1,10,12
s112011301039,s112011301024,1,11,0
s112011301039,s112011301025,1,11,1
s112011301039,s112011301028,1,11,3
s112011301039,s112011301034,1,11,7
s112011301039,s112011301040,1,11,12
s112011301040,s112011301024,1,12,0
s112011301040,s112011301025,1,12,1
s112011301040,s112011301028,1,12,3
s112011301040,s112011301034,1,12,7
s112011301040,s112011301038,1,12,10
s112011301042,s112011301047,1,13,18
s112011301042,s112011301048,1,13,19
s112011301042,s112011301054,1,13,23
s112011301042,s113011301004,1,13,27
s112011301043,s112011301025,1,14,1
s112011301043,s112011301031,1,14,4
s112011301043,s112011301033,1,14,6
s112011301043,s112011301042,1,14,13
s112011301043,s112011301044,1,14,15
s112011301044,s112011301043,1,15,14
s112011301044,s112011301045,1,15,16
s112011301045,s112011301035,1,16,8
s112011301045,s112011301043,1,16,14
s112011301045,s112011301044,1,16,15
s112011301045,s112011301056,1,16,25
s112011301045,s112011301057,1,16,26
s112011301046,s112011301047,1,17,18
s112011301046,s112011301049,1,17,20
s112011301046,s112011301052,1,17,22
s112011301046,s112011301055,1,17,24
s112011301047,s112011301042,1,18,13
s112011301047,s112011301048,1,18,19
s112011301047,s112011301054,1,18,23
s112011301047,s112011301055,1,18,24
s112011301047,s113011301004,1,18,27
s112011301049,s112011301046,1,20,17
s112011301049,s112011301052,1,20,22
s112011301049,s112011301055,1,20,24
s112011301050,s112011301035,1,21,8
s112011301050,s112011301049,1,21,20
s112011301050,s113011301004,1,21,27
s112011301052,s112011301046,1,22,17
s112011301052,s112011301049,1,22,20
s112011301054,s112011301047,1,23,18
s112011301054,s112011301048,1,23,19
s112011301054,s112011301055,1,23,24
s112011301055,s112011301040,1,24,12
s112011301055,s112011301046,1,24,17
s112011301055,s112011301049,1,24,20
s112011301055,s112011301052,1,24,22
s112011301056,s112011301043,1,25,14
s112011301056,s112011301044,1,25,15
s112011301056,s112011301045,1,25,16
s112011301056,s112011301057,1,25,26
s112011301057,s112011301035,1,26,8
s112011301057,s112011301043,1,26,14
s112011301057,s112011301044,1,26,15
s112011301057,s112011301045,1,26,16
s112011301057,s112011301056,1,26,25
s112011301061,s112011301063,1,28,30
s112011301061,s112011301064,1,28,31
s112011301061,s112011301067,1,28,33
s112011301061,s112011301068,1,28,34
s112011301061,s112011301075,1,28,41
s112011301062,s112011301065,1,29,32
s112011301062,s112011301071,1,29,37
s112011301062,s112011301072,1,29,38
s112011301062,s112011301073,1,29,39
s112011301062,s112011301075,1,29,41
s112011301063,s112011301061,1,30,28
s112011301063,s112011301064,1,30,31
s112011301063,s112011301067,1,30,33
s112011301063,s112011301068,1,30,34
s112011301063,s112011301075,1,30,41
s112011301064,s112011301061,1,31,28
s112011301064,s112011301063,1,31,30
s112011301064,s112011301067,1,31,33
s112011301064,s112011301068,1,31,34
s112011301064,s112011301075,1,31,41
s112011301065,s112011301069,1,32,35
s112011301065,s112011301074,1,32,40
s112011301065,s112011301075,1,32,41
s112011301067,s112011301061,1,33,28
s112011301067,s112011301063,1,33,30
s112011301067,s112011301064,1,33,31
s112011301067,s112011301078,1,33,43
s112011301067,s112011301080,1,33,45
s112011301068,s112011301061,1,34,28
s112011301068,s112011301063,1,34,30
s112011301068,s112011301070,1,34,36
s112011301068,s112011301089,1,34,53
s112011301069,s112011301065,1,35,32
s112011301069,s112011301072,1,35,38
s112011301069,s112011301075,1,35,41
s112011301069,s112011301087,1,35,51
s112011301070,s112011301068,1,36,34
s112011301070,s112011301073,1,36,39
s112011301070,s112011301074,1,36,40
s112011301070,s112011301076,1,36,42
s112011301071,s112011301062,1,37,29
s112011301071,s112011301069,1,37,35
s112011301071,s112011301072,1,37,38
s112011301071,s112011301074,1,37,40
s112011301072,s112011301062,1,38,29
s112011301072,s112011301069,1,38,35
s112011301072,s112011301075,1,38,41
s112011301074,s112011301071,1,40,37
s112011301074,s112011301072,1,40,38
s112011301074,s112011301073,1,40,39
s112011301074,s112011301075,1,40,41
s112011301075,s112011301062,1,41,29
s112011301075,s112011301064,1,41,31
s112011301075,s112011301065,1,41,32
s112011301075,s112011301069,1,41,35
s112011301075,s112011301071,1,41,37
s112011301076,s112011301070,1,42,36
s112011301076,s112011301073,1,42,39
s112011301078,s112011301079,1,43,44
s112011301078,s112011301080,1,43,45
s112011301078,s112011301081,1,43,46
s112011301078,s112011301087,1,43,51
s112011301079,s112011301064,1,44,31
s112011301079,s112011301067,1,44,33
s112011301079,s112011301089,1,44,53
s112011301079,s112011301090,1,44,54
s112011301080,s112011301061,1,45,28
s112011301080,s112011301063,1,45,30
s112011301080,s112011301064,1,45,31
s112011301080,s112011301067,1,45,33
s112011301080,s112011301078,1,45,43
s112011301081,s112011301078,1,46,43
s112011301081,s112011301080,1,46,45
s112011301081,s112011301083,1,46,48
s112011301081,s112011301087,1,46,51
s112011301082,s112011301083,1,47,48
s112011301082,s112011301087,1,47,51
s112011301082,s112011301094,1,47,55
s112011301083,s112011301081,1,48,46
s112011301083,s112011301084,1,48,49
s112011301083,s112011301086,1,48,50
s112011301083,s112011301087,1,48,51
s112011301084,s112011301081,1,49,46
s112011301084,s112011301083,1,49,48
s112011301084,s112011301086,1,49,50
s112011301086,s112011301083,1,50,48
s112011301086,s112011301084,1,50,49
s112011301087,s112011301069,1,51,35
s112011301087,s112011301074,1,51,40
s112011301087,s112011301081,1,51,46
s112011301087,s112011301083,1,51,48
s112011301088,s112011301079,1,52,44
s112011301088,s112011301089,1,52,53
s112011301088,s112011301090,1,52,54
s112011301089,s112011301079,1,53,44
s112011301089,s112011301088,1,53,52
s112011301089,s112011301090,1,53,54
s112011301090,s112011301079,1,54,44
s112011301090,s112011301086,1,54,50
s112011301090,s112011301088,1,54,52
s112011301090,s112011301089,1,54,53
s112011301094,s112011301079,1,55,44
s112011301094,s112011301083,1,55,48
s112011301094,s112011301088,1,55,52
s112011301094,s112011301089,1,55,53
s112011301094,s112011301090,1,55,54
s112011306023,s112011306045,1,56,67
s112011306023,s112011306054,1,56,72
s112011306023,s112011306055,1,56,73
s112011306023,s112011306057,1,56,75
s112011306026,s112011306042,1,57,64
s112011306027,s112011306023,1,58,56
s112011306027,s112011306050,1,58,69
s112011306027,s112011306058,1,58,76
s112011306029,s112011306050,1,59,69
s112011306029,s112011306058,1,59,76
s112011306034,s112011306046,1,60,68
s112011306034,s112011306058,1,60,76
s112011306038,s112011306029,1,62,59
s112011306039,s112011306034,1,63,60
s112011306039,s112011306043,1,63,65
s112011306039,s112011306044,1,63,66
s112011306042,s112011306045,1,64,67
s112011306042,s112011306046,1,64,68
s112011306042,s112011306050,1,64,69
s112011306043,s112011306023,1,65,56
s112011306043,s112011306027,1,65,58
s112011306043,s112011306044,1,65,66
s112011306043,s112011306056,1,65,74
s112011306044,s112011306039,1,66,63
s112011306044,s112011306043,1,66,65
s112011306044,s112011306051,1,66,70
s112011306044,s112011306056,1,66,74
s112011306045,s112011306023,1,67,56
s112011306045,s112011306046,1,67,68
s112011306045,s112011306050,1,67,69
s112011306046,s112011306034,1,68,60
s112011306046,s112011306050,1,68,69
s112011306046,s112011306058,1,68,76
s112011306050,s112011306045,1,69,67
s112011306050,s112011306046,1,69,68
s112011306050,s112011306058,1,69,76
s112011306051,s112011306044,1,70,66
s112011306051,s112011306056,1,70,74
s112011306053,s112011306050,1,71,69
s112011306053,s112011306051,1,71,70
s112011306054,s112011306023,1,72,56
s112011306054,s112011306055,1,72,73
s112011306054,s112011306057,1,72,75
s112011306055,s112011306023,1,73,56
s112011306055,s112011306054,1,73,72
s112011306055,s112011306057,1,73,75
s112011306056,s112011306039,1,74,63
s112011306056,s112011306043,1,74,65
s112011306056,s112011306044,1,74,66
s112011306057,s112011306023,1,75,56
s112011306057,s112011306045,1,75,67
s112011306057,s112011306054,1,75,72
s112011306057,s112011306055,1,75,73
s112011306058,s112011306046,1,76,68
s112011306058,s112011306050,1,76,69
s112011324025,s112011324030,1,77,81
s112011324025,s112011324032,1,77,82
s112011324025,s112011324045,1,77,93
s112011324026,s112011324028,1,78,80
s112011324026,s112011324036,1,78,85
s112011324026,s112011324040,1,78,88
s112011324028,s112011324036,1,80,85
s112011324028,s112011324040,1,80,88
s112011324030,s112011324025,1,81,77
s112011324030,s112011324032,1,81,82
s112011324030,s112011324037,1,81,86
s112011324030,s112011324038,1,81,87
s112011324030,s112011324040,1,81,88
s112011324032,s112011324030,1,82,81
s112011324033,s112011324026,1,83,78
s112011324033,s112011324028,1,83,80
s112011324033,s112011324036,1,83,85
s112011324033,s112011324040,1,83,88
s112011324034,s112011324027,1,84,79
s112011324034,s112011324041,1,84,89
s112011324034,s112011324057,1,84,104
s112011324036,s112011324026,1,85,78
s112011324036,s112011324028,1,85,80
s112011324036,s112011324040,1,85,88
s112011324036,s112011324053,1,85,100
s112011324037,s112011324030,1,86,81
s112011324037,s112011324033,1,86,83
s112011324037,s112011324043,1,86,91
s112011324038,s112011324028,1,87,80
s112011324038,s112011324036,1,87,85
s112011324038,s112011324040,1,87,88
s112011324040,s112011324028,1,88,80
s112011324040,s112011324030,1,88,81
s112011324040,s112011324036,1,88,85
s112011324040,s112011324045,1,88,93
s112011324041,s112011324051,1,89,98
s112011324041,s112011324053,1,89,100
s112011324041,s112011324054,1,89,101
s112011324041,s112011324060,1,89,107
s112011324041,s112011324061,1,89,108
s112011324042,s112011324041,1,90,89
s112011324042,s112011324051,1,90,98
s112011324042,s112011324054,1,90,101
s112011324042,s112011324057,1,90,104
s112011324042,s112011324061,1,90,108
s112011324043,s112011324037,1,91,86
s112011324043,s112011324063,1,91,110
s112011324044,s112011324030,1,92,81
s112011324044,s112011324045,1,92,93
s112011324044,s112011324050,1,92,97
s112011324044,s112011324058,1,92,105
s112011324045,s112011324025,1,93,77
s112011324045,s112011324040,1,93,88
s112011324045,s112011324044,1,93,92
s112011324045,s112011324050,1,93,97
s112011324046,s112011324044,1,94,92
s112011324046,s112011324045,1,94,93
s112011324046,s112011324049,1,94,96
s112011324046,s112011324055,1,94,102
s112011324046,s112011324059,1,94,106
s112011324048,s112011324049,1,95,96
s112011324048,s112011324050,1,95,97
s112011324048,s112011324053,1,95,100
s112011324048,s112011324055,1,95,102
s112011324048,s112011324059,1,95,106
s112011324049,s112011324046,1,96,94
s112011324049,s112011324048,1,96,95
s112011324049,s112011324055,1,96,102
s112011324049,s112011324059,1,96,106
s112011324049,s112011324063,1,96,110
s112011324050,s112011324044,1,97,92
s112011324050,s112011324045,1,97,93
s112011324050,s112011324048,1,97,95
s112011324051,s112011324041,1,98,89
s112011324051,s112011324052,1,98,99
s112011324051,s112011324054,1,98,101
s112011324051,s112011324057,1,98,104
s112011324051,s112011324061,1,98,108
s112011324052,s112011324041,1,99,89
s112011324052,s112011324051,1,99,98
s112011324052,s112011324054,1,99,101
s112011324052,s112011324057,1,99,104
s112011324052,s112011324060,1,99,107
s112011324053,s112011324041,1,100,89
s112011324053,s112011324048,1,100,95
s112011324053,s112011324060,1,100,107
s112011324054,s112011324041,1,101,89
s112011324054,s112011324042,1,101,90
s112011324054,s112011324051,1,101,98
s112011324054,s112011324052,1,101,99
s112011324054,s112011324061,1,101,108
s112011324055,s112011324046,1,102,94
s112011324055,s112011324048,1,102,95
s112011324055,s112011324049,1,102,96
s112011324055,s112011324059,1,102,106
s112011324055,s112011324063,1,102,110
s112011324056,s112011324044,1,103,92
s112011324056,s112011324045,1,103,93
s112011324056,s112011324048,1,103,95
s112011324056,s112011324049,1,103,96
s112011324056,s112011324063,1,103,110
s112011324057,s112011324042,1,104,90
s112011324057,s112011324051,1,104,98
s112011324057,s112011324052,1,104,99
s112011324057,s112011324060,1,104,107
s112011324057,s112011324061,1,104,108
s112011324058,s112011324044,1,105,92
s112011324058,s112011324045,1,105,93
s112011324059,s112011324046,1,106,94
s112011324059,s112011324049,1,106,96
s112011324059,s112011324055,1,106,102
s112011324059,s112011324063,1,106,110
s112011324060,s112011324041,1,107,89
s112011324060,s112011324048,1,107,95
s112011324060,s112011324052,1,107,99
s112011324060,s112011324057,1,107,104
s112011324060,s112011324061,1,107,108
s112011324061,s112011324051,1,108,98
s112011324061,s112011324054,1,108,101
s112011324061,s112011324057,1,108,104
s112011324061,s112011324060,1,108,107
s112011324062,s112011324028,1,109,80
s112011324062,s112011324040,1,109,88
s112011324062,s112011324048,1,109,95
s112011324062,s112011324050,1,109,97
s112011324062,s112011324057,1,109,104
s112011324063,s112011324043,1,110,91
s112011324063,s112011324049,1,110,96
s112011324063,s112011324055,1,110,102
s112011324063,s112011324059,1,110,106
s112014302024,s112014302028,1,114,115
s112014302024,s112014302031,1,114,116
s112014302024,s112014302033,1,114,117
s112014302028,s112014302035,1,115,118
s112014302028,s112014302036,1,115,119
s112014302031,s112014302024,1,116,114
s112014302031,s112014302033,1,116,117
s112014302033,s112014302031,1,117,116
s112014302035,s112014302028,1,118,115
s112014302035,s112014302036,1,118,119
s112014302035,s112014302038,1,118,121
s112014302036,s112014302028,1,119,115
s112014302038,s112014302028,1,121,115
s112014302043,s112014302031,1,122,116
s112014302043,s112014302033,1,122,117
s112014302043,s112014302046,1,122,125
s112014302043,s112014302050,1,122,126
s112014302043,s112014302054,1,122,128
s112014302046,s112014302050,1,125,126
s112014302046,s112014302054,1,125,128
s112014302050,s112014302043,1,126,122
s112014302050,s112014302046,1,126,125
s112014302050,s112014302054,1,126,128
s112014302051,s112014302033,1,127,117
s112014302051,s112014302037,1,127,120
s112014302051,s112014302050,1,127,126
s112014302054,s112014302043,1,128,122
s112014302054,s112014302046,1,128,125
s112014302054,s112014302050,1,128,126
s112014302057,s112014302059,1,129,130
s112014302057,s112014302064,1,129,135
s112014302057,s112014302066,1,129,136
s112014302059,s112014302057,1,130,129
s112014302059,s112014302062,1,130,133
s112014302059,s112014302068,1,130,138
s112014302060,s112014302066,1,131,136
s112014302061,s112014302057,1,132,129
s112014302061,s112014302060,1,132,131
s112014302061,s112014302062,1,132,133
s112014302061,s112014302066,1,132,136
s112014302062,s112014302057,1,133,129
s112014302062,s112014302059,1,133,130
s112014302062,s112014302061,1,133,132
s112014302062,s112014302064,1,133,135
s112014302062,s112014302068,1,133,138
s112014302063,s112014302057,1,134,129
s112014302063,s112014302061,1,134,132
s112014302063,s112014302064,1,134,135
s112014302063,s112014302066,1,134,136
s112014302063,s112014302071,1,134,139
s112014302064,s112014302057,1,135,129
s112014302064,s112014302062,1,135,133
s112014302064,s112014302063,1,135,134
s112014302064,s112014302066,1,135,136
s112014302066,s112014302061,1,136,132
s112014302066,s112014302068,1,136,138
s112014302066,s112014302076,1,136,142
s112014302067,s112014302057,1,137,129
s112014302067,s112014302066,1,137,136
s112014302067,s112014302068,1,137,138
s112014302068,s112014302057,1,138,129
s112014302068,s112014302059,1,138,130
s112014302068,s112014302062,1,138,133
s112014302068,s112014302066,1,138,136
s112014302071,s112014302068,1,139,138
s112014302071,s112014302076,1,139,142
s112014302071,s112014302078,1,139,144
s112014302073,s112014302076,1,140,142
s112014302073,s112014302080,1,140,146
s112014302073,s112014302081,1,140,147
s112014302075,s112014302077,1,141,143
s112014302076,s112014302061,1,142,132
s112014302076,s112014302066,1,142,136
s112014302076,s112014302073,1,142,140
s112014302076,s112014302080,1,142,146
s112014302077,s112014302067,1,143,137
s112014302077,s112014302068,1,143,138
s112014302078,s112014302057,1,144,129
s112014302078,s112014302066,1,144,136
s112014302078,s112014302071,1,144,139
s112014302078,s112014302076,1,144,142
s112014302078,s112014302077,1,144,143
s112014302080,s112014302073,1,146,140
s112014302080,s112014302076,1,146,142
s112014302080,s112014302085,1,146,149
s112014302081,s112014302073,1,147,140
s112014302081,s112014302080,1,147,146
s112014302081,s112014302084,1,147,148
s112014302084,s112014302081,1,148,147
s112014302084,s112014302085,1,148,149
s112014302085,s112014302076,1,149,142
s112014302085,s112014302080,1,149,146
s112014302085,s112014302084,1,149,148
s112014322024,s112014322030,1,150,156
s112014322024,s112014322045,1,150,169
s112014322025,s112014322024,1,151,150
s112014322025,s112014322026,1,151,152
s112014322025,s112014322028,1,151,154
s112014322025,s112014322029,1,151,155
s112014322025,s112014322030,1,151,156
s112014322026,s112014322027,1,152,153
s112014322026,s112014322030,1,152,156
s112014322026,s112014322031,1,152,157
s112014322026,s112014322032,1,152,158
s112014322026,s112014322034,1,152,160
s112014322027,s112014322026,1,153,152
s112014322027,s112014322039,1,153,163
s112014322027,s112014322044,1,153,168
s112014322027,s112014322047,1,153,171
s112014322027,s112014322049,1,153,173
s112014322028,s112014322024,1,154,150
s112014322028,s112014322025,1,154,151
s112014322028,s112014322030,1,154,156
s112014322028,s112014322032,1,154,158
s112014322028,s112014322035,1,154,161
s112014322029,s112014322024,1,155,150
s112014322029,s112014322030,1,155,156
s112014322029,s112014322034,1,155,160
s112014322029,s112014322045,1,155,169
s112014322029,s112014322049,1,155,173
s112014322030,s112014322024,1,156,150
s112014322030,s112014322026,1,156,152
s112014322030,s112014322029,1,156,155
s112014322030,s112014322031,1,156,157
s112014322030,s112014322034,1,156,160
s112014322031,s112014322026,1,157,152
s112014322031,s112014322027,1,157,153
s112014322031,s112014322034,1,157,160
s112014322031,s112014322039,1,157,163
s112014322032,s112014322026,1,158,152
s112014322032,s112014322030,1,158,156
s112014322032,s112014322031,1,158,157
s112014322032,s112014322034,1,158,160
s112014322034,s112014322026,1,160,152
s112014322034,s112014322027,1,160,153
s112014322034,s112014322029,1,160,155
s112014322034,s112014322030,1,160,156
s112014322034,s112014322031,1,160,157
s112014322035,s112014322024,1,161,150
s112014322035,s112014322028,1,161,154
s112014322035,s112014322029,1,161,155
s112014322035,s112014322033,1,161,159
s112014322035,s112014322049,1,161,173
s112014322036,s112014322039,1,162,163
s112014322036,s112014322040,1,162,164
s112014322039,s112014322027,1,163,153
s112014322039,s112014322031,1,163,157
s112014322039,s112014322044,1,163,168
s112014322039,s112014322045,1,163,169
s112014322039,s112014322049,1,163,173
s112014322040,s112014322027,1,164,153
s112014322040,s112014322039,1,164,163
s112014322040,s112014322045,1,164,169
s112014322040,s112014322047,1,164,171
s112014322040,s112014322049,1,164,173
s112014322041,s112014322024,1,165,150
s112014322041,s112014322042,1,165,166
s112014322041,s112014322046,1,165,170
s112014322041,s112014322048,1,165,172
s112014322042,s112014322027,1,166,153
s112014322042,s112014322041,1,166,165
s112014322042,s112014322044,1,166,168
s112014322042,s112014322046,1,166,170
s112014322042,s112014322048,1,166,172
s112014322043,s112014322027,1,167,153
s112014322043,s112014322041,1,167,165
s112014322043,s112014322044,1,167,168
s112014322043,s112014322049,1,167,173
s112014322044,s112014322027,1,168,153
s112014322044,s112014322039,1,168,163
s112014322044,s112014322045,1,168,169
s112014322044,s112014322047,1,168,171
s112014322044,s112014322049,1,168,173
s112014322045,s112014322039,1,169,163
s112014322045,s112014322040,1,169,164
s112014322045,s112014322044,1,169,168
s112014322045,s112014322047,1,169,171
s112014322045,s112014322049,1,169,173
s112014322046,s112014322041,1,170,165
s112014322046,s112014322042,1,170,166
s112014322046,s112014322048,1,170,172
s112014322047,s112014322027,1,171,153
s112014322047,s112014322039,1,171,163
s112014322047,s112014322040,1,171,164
s112014322047,s112014322044,1,171,168
s112014322047,s112014322045,1,171,169
s112014322048,s112014322041,1,172,165
s112014322048,s112014322042,1,172,166
s112014322048,s112014322046,1,172,170
s112014322049,s112014322027,1,173,153
s112014322049,s112014322039,1,173,163
s112014322049,s112014322044,1,173,168
s112014322049,s112014322047,1,173,171
s112014322049,s112014322048,1,173,172
s112014322052,s112014322055,1,174,175
s112014322052,s112014322056,1,174,176
s112014322052,s112014322060,1,174,180
s112014322052,s112014322063,1,174,183
s112014322055,s112014322056,1,175,176
s112014322055,s112014322063,1,175,183
s112014322055,s112014322065,1,175,185
s112014322056,s112014322055,1,176,175
s112014322056,s112014322058,1,176,178
s112014322056,s112014322065,1,176,185
s112014322056,s112014322072,1,176,192
s112014322057,s112014322059,1,177,179
s112014322057,s112014322062,1,177,182
s112014322057,s112014322064,1,177,184
s112014322058,s112014322055,1,178,175
s112014322058,s112014322056,1,178,176
s112014322058,s112014322059,1,178,179
s112014322058,s112014322065,1,178,185
s112014322058,s112014322077,1,178,197
s112014322059,s112014322057,1,179,177
s112014322059,s112014322064,1,179,184
s112014322059,s112014322068,1,179,188
s112014322059,s112014322076,1,179,196
s112014322059,s112014322078,1,179,198
s112014322060,s112014322055,1,180,175
s112014322060,s112014322056,1,180,176
s112014322060,s112014322065,1,180,185
s112014322062,s112014322057,1,182,177
s112014322062,s112014322059,1,182,179
s112014322062,s112014322064,1,182,184
s112014322062,s112014322065,1,182,185
s112014322064,s112014322059,1,184,179
s112014322064,s112014322062,1,184,182
s112014322065,s112014322055,1,185,175
s112014322065,s112014322056,1,185,176
s112014322065,s112014322058,1,185,178
s112014322065,s112014322062,1,185,182
s112014322065,s112014322064,1,185,184
s112014322066,s112014322069,1,186,189
s112014322066,s112014322071,1,186,191
s112014322066,s112014322073,1,186,193
s112014322066,s112014322074,1,186,194
s112014322066,s112014322075,1,186,195
s112014322067,s112014322059,1,187,179
s112014322067,s112014322068,1,187,188
s112014322067,s112014322076,1,187,196
s112014322067,s112014322078,1,187,198
s112014322068,s112014322067,1,188,187
s112014322068,s112014322069,1,188,189
s112014322068,s112014322070,1,188,190
s112014322068,s112014322076,1,188,196
s112014322068,s112014322078,1,188,198
s112014322069,s112014322070,1,189,190
s112014322069,s112014322071,1,189,191
s112014322069,s112014322073,1,189,193
s112014322069,s112014322077,1,189,197
s112014322069,s112014322078,1,189,198
s112014322070,s112014322066,1,190,186
s112014322070,s112014322069,1,190,189
s112014322070,s112014322071,1,190,191
s112014322070,s112014322073,1,190,193
s112014322070,s112014322077,1,190,197
s112014322071,s112014322066,1,191,186
s112014322071,s112014322069,1,191,189
s112014322071,s112014322070,1,191,190
s112014322071,s112014322073,1,191,193
s112014322071,s112014322077,1,191,197
s112014322072,s112014322066,1,192,186
s112014322072,s112014322071,1,192,191
s112014322072,s112014322073,1,192,193
s112014322072,s112014322074,1,192,194
s112014322072,s112014322075,1,192,195
s112014322073,s112014322069,1,193,189
s112014322073,s112014322070,1,193,190
s112014322073,s112014322071,1,193,191
s112014322073,s112014322074,1,193,194
s112014322073,s112014322075,1,193,195
s112014322074,s112014322072,1,194,192
s112014322074,s112014322073,1,194,193
s112014322074,s112014322075,1,194,195
s112014322075,s112014322072,1,195,192
s112014322075,s112014322073,1,195,193
s112014322075,s112014322074,1,195,194
s112014322076,s112014322057,1,196,177
s112014322076,s112014322059,1,196,179
s112014322076,s112014322067,1,196,187
s112014322076,s112014322068,1,196,188
s112014322077,s112014322069,1,197,189
s112014322077,s112014322070,1,197,190
s112014322077,s112014322071,1,197,191
s112014322077,s112014322073,1,197,193
s112014322077,s112014322078,1,197,198
s112014322078,s112014322067,1,198,187
s112014322078,s112014322068,1,198,188
s112014322078,s112014322076,1,198,196
s112014322078,s112014322077,1,198,197
s112014332025,s112014332026,1,199,200
s112014332025,s112014332027,1,199,201
s112014332025,s112014332029,1,199,203
s112014332025,s112014332031,1,199,205
s112014332026,s112014332029,1,200,203
s112014332026,s112014332031,1,200,205
s112014332026,s112014332032,1,200,206
s112014332026,s112014332044,1,200,217
s112014332027,s112014332025,1,201,199
s112014332027,s112014332028,1,201,202
s112014332027,s112014332029,1,201,203
s112014332027,s112014332030,1,201,204
s112014332028,s112014332027,1,202,201
s112014332028,s112014332029,1,202,203
s112014332028,s112014332031,1,202,205
s112014332028,s112014332032,1,202,206
s112014332029,s112014332025,1,203,199
s112014332029,s112014332027,1,203,201
s112014332029,s112014332028,1,203,202
s112014332029,s112014332032,1,203,206
s112014332030,s112014332025,1,204,199
s112014332030,s112014332027,1,204,201
s112014332030,s112014332029,1,204,203
s112014332030,s112014332031,1,204,205
s112014332031,s112014332025,1,205,199
s112014332031,s112014332026,1,205,200
s112014332031,s112014332030,1,205,204
s112014332031,s112014332032,1,205,206
s112014332032,s112014332031,1,206,205
s112014332033,s112014332026,1,207,200
s112014332033,s112014332027,1,207,201
s112014332033,s112014332031,1,207,205
s112014332033,s112014332032,1,207,206
s112014332034,s112014332027,1,208,201
s112014332034,s112014332033,1,208,207
s112014332035,s112014332036,1,209,210
s112014332035,s112014332044,1,209,217
s112014332035,s112014332045,1,209,218
s112014332035,s112014332049,1,209,222
s112014332036,s112014332035,1,210,209
s112014332036,s112014332041,1,210,215
s112014332036,s112014332044,1,210,217
s112014332036,s112014332047,1,210,220
s112014332036,s112014332049,1,210,222
s112014332037,s112014332025,1,211,199
s112014332037,s112014332041,1,211,215
s112014332037,s112014332044,1,211,217
s112014332037,s112014332045,1,211,218
s112014332038,s112014332037,1,212,211
s112014332038,s112014332039,1,212,213
s112014332039,s112014332038,1,213,212
s112014332039,s112014332041,1,213,215
s112014332039,s112014332042,1,213,216
s112014332039,s112014332049,1,213,222
s112014332041,s112014332037,1,215,211
s112014332041,s112014332044,1,215,217
s112014332041,s112014332045,1,215,218
s112014332041,s112014332047,1,215,220
s112014332041,s112014332049,1,215,222
s112014332042,s112014332025,1,216,199
s112014332042,s112014332026,1,216,200
s112014332042,s112014332041,1,216,215
s112014332042,s112014332044,1,216,217
s112014332042,s112014332049,1,216,222
s112014332044,s112014332036,1,217,210
s112014332044,s112014332037,1,217,211
s112014332044,s112014332041,1,217,215
s112014332044,s112014332045,1,217,218
s112014332044,s112014332047,1,217,220
s112014332045,s112014332037,1,218,211
s112014332045,s112014332041,1,218,215
s112014332045,s112014332044,1,218,217
s112014332045,s112014332046,1,218,219
s112014332046,s112014332042,1,219,216
s112014332046,s112014332045,1,219,218
s112014332046,s112014332048,1,219,221
s112014332046,s112014332049,1,219,222
s112014332047,s112014332036,1,220,210
s112014332047,s112014332037,1,220,211
s112014332047,s112014332041,1,220,215
s112014332047,s112014332044,1,220,217
s112014332047,s112014332049,1,220,222
s112014332048,s112014332025,1,221,199
s112014332048,s112014332044,1,221,217
s112014332048,s112014332045,1,221,218
s112014332048,s112014332046,1,221,219
s112014332049,s112014332036,1,222,210
s112014332049,s112014332041,1,222,215
s112014332049,s112014332045,1,222,218
s112014332049,s112014332046,1,222,219
s112014332049,s112014332047,1,222,220
s112014332052,s112014332069,1,223,238
s112014332052,s112014332070,1,223,239
s112014332052,s112014332071,1,223,240
s112014332052,s112014332077,1,223,245
s112014332053,s112014332054,1,224,225
s112014332053,s112014332056,1,224,227
s112014332053,s112014332058,1,224,228
s112014332053,s112014332065,1,224,235
s112014332053,s112014332082,1,224,250
s112014332054,s112014332053,1,225,224
s112014332054,s112014332056,1,225,227
s112014332054,s112014332058,1,225,228
s112014332054,s112014332064,1,225,234
s112014332054,s112014332082,1,225,250
s112014332055,s112014332053,1,226,224
s112014332055,s112014332054,1,226,225
s112014332055,s112014332056,1,226,227
s112014332055,s112014332062,1,226,232
s112014332055,s112014332065,1,226,235
s112014332056,s112014332053,1,227,224
s112014332056,s112014332054,1,227,225
s112014332056,s112014332055,1,227,226
s112014332056,s112014332058,1,227,228
s112014332056,s112014332082,1,227,250
s112014332058,s112014332053,1,228,224
s112014332058,s112014332056,1,228,227
s112014332058,s112014332065,1,228,235
s112014332058,s112014332079,1,228,247
s112014332058,s112014332082,1,228,250
s112014332059,s112014332065,1,229,235
s112014332059,s112014332066,1,229,236
s112014332061,s112014332053,1,231,224
s112014332061,s112014332054,1,231,225
s112014332061,s112014332055,1,231,226
s112014332061,s112014332058,1,231,228
s112014332061,s112014332062,1,231,232
s112014332062,s112014332053,1,232,224
s112014332062,s112014332055,1,232,226
s112014332062,s112014332061,1,232,231
s112014332062,s112014332064,1,232,234
s112014332062,s112014332065,1,232,235
s112014332063,s112014332065,1,233,235
s112014332063,s112014332066,1,233,236
s112014332064,s112014332053,1,234,224
s112014332064,s112014332055,1,234,226
s112014332064,s112014332061,1,234,231
s112014332064,s112014332062,1,234,232
s112014332064,s112014332065,1,234,235
s112014332065,s112014332053,1,235,224
s112014332065,s112014332058,1,235,228
s112014332065,s112014332062,1,235,232
s112014332065,s112014332064,1,235,234
s112014332065,s112014332066,1,235,236
s112014332066,s112014332053,1,236,224
s112014332066,s112014332054,1,236,225
s112014332066,s112014332058,1,236,228
s112014332066,s112014332065,1,236,235
s112014332066,s112014332082,1,236,250
s112014332068,s112014332053,1,237,224
s112014332068,s112014332071,1,237,240
s112014332068,s112014332073,1,237,242
s112014332068,s112014332076,1,237,244
s112014332069,s112014332052,1,238,223
s112014332069,s112014332070,1,238,239
s112014332069,s112014332072,1,238,241
s112014332069,s112014332075,1,238,243
s112014332070,s112014332052,1,239,223
s112014332070,s112014332055,1,239,226
s112014332070,s112014332069,1,239,238
s112014332070,s112014332075,1,239,243
s112014332071,s112014332052,1,240,223
s112014332071,s112014332077,1,240,245
s112014332071,s112014332079,1,240,247
s112014332071,s112014332080,1,240,248
s112014332072,s112014332055,1,241,226
s112014332072,s112014332056,1,241,227
s112014332072,s112014332058,1,241,228
s112014332072,s112014332071,1,241,240
s112014332072,s112014332075,1,241,243
s112014332073,s112014332060,1,242,230
s112014332073,s112014332068,1,242,237
s112014332073,s112014332076,1,242,244
s112014332073,s112014332080,1,242,248
s112014332073,s112014332082,1,242,250
s112014332075,s112014332053,1,243,224
s112014332075,s112014332055,1,243,226
s112014332075,s112014332070,1,243,239
s112014332075,s112014332071,1,243,240
s112014332075,s112014332072,1,243,241
s112014332076,s112014332052,1,244,223
s112014332076,s112014332071,1,244,240
s112014332076,s112014332073,1,244,242
s112014332076,s112014332077,1,244,245
s112014332076,s112014332079,1,244,247
s112014332077,s112014332052,1,245,223
s112014332077,s112014332071,1,245,240
s112014332077,s112014332078,1,245,246
s112014332077,s112014332081,1,245,249
s112014332078,s112014332077,1,246,245
s112014332078,s112014332081,1,246,249
s112014332079,s112014332058,1,247,228
s112014332079,s112014332061,1,247,231
s112014332079,s112014332071,1,247,240
s112014332079,s112014332076,1,247,244
s112014332079,s112014332077,1,247,245
s112014332080,s112014332052,1,248,223
s112014332080,s112014332053,1,248,224
s112014332080,s112014332056,1,248,227
s112014332080,s112014332070,1,248,239
s112014332080,s112014332075,1,248,243
s112014332081,s112014332077,1,249,245
s112014332081,s112014332078,1,249,246
s112014332082,s112014332053,1,250,224
s112014332082,s112014332054,1,250,225
s112014332082,s112014332055,1,250,226
s112014332082,s112014332056,1,250,227
s112014332082,s112014332058,1,250,228
s112014356024,s112014356037,1,251,263
s112014356024,s112014356038,1,251,264
s112014356024,s112014356039,1,251,265
s112014356024,s112014356049,1,251,275
s112014356024,s112014356050,1,251,276
s112014356025,s112014356028,1,252,255
s112014356025,s112014356034,1,252,261
s112014356026,s112014356024,1,253,251
s112014356026,s112014356025,1,253,252
s112014356026,s112014356030,1,253,257
s112014356026,s112014356037,1,253,263
s112014356026,s113014356003,1,253,277
s112014356027,s112014356024,1,254,251
s112014356027,s112014356028,1,254,255
s112014356027,s112014356029,1,254,256
s112014356027,s112014356030,1,254,257
s112014356027,s112014356031,1,254,258
s112014356028,s112014356025,1,255,252
s112014356028,s112014356030,1,255,257
s112014356028,s112014356034,1,255,261
s112014356028,s113014356003,1,255,277
s112014356029,s112014356030,1,256,257
s112014356029,s112014356034,1,256,261
s112014356029,s112014356043,1,256,269
s112014356029,s112014356044,1,256,270
s112014356029,s113014356003,1,256,277
s112014356030,s112014356026,1,257,253
s112014356030,s112014356027,1,257,254
s112014356030,s112014356028,1,257,255
s112014356030,s112014356029,1,257,256
s112014356030,s113014356003,1,257,277
s112014356031,s112014356027,1,258,254
s112014356031,s112014356033,1,258,260
s112014356031,s112014356040,1,258,266
s112014356031,s112014356041,1,258,267
s112014356031,s112014356045,1,258,271
s112014356032,s112014356034,1,259,261
s112014356032,s112014356043,1,259,269
s112014356032,s112014356046,1,259,272
s112014356032,s113014356003,1,259,277
s112014356033,s112014356028,1,260,255
s112014356033,s112014356034,1,260,261
s112014356033,s113014356003,1,260,277
s112014356034,s112014356028,1,261,255
s112014356034,s112014356033,1,261,260
s112014356034,s112014356042,1,261,268
s112014356034,s112014356044,1,261,270
s112014356034,s113014356003,1,261,277
s112014356037,s112014356026,1,263,253
s112014356037,s112014356038,1,263,264
s112014356037,s112014356041,1,263,267
s112014356037,s113014356003,1,263,277
s112014356037,s113014356004,1,263,278
s112014356038,s112014356037,1,264,263
s112014356038,s112014356039,1,264,265
s112014356038,s112014356040,1,264,266
s112014356038,s112014356041,1,264,267
s112014356038,s112014356045,1,264,271
s112014356039,s112014356030,1,265,257
s112014356039,s112014356038,1,265,264
s112014356039,s112014356043,1,265,269
s112014356039,s112014356045,1,265,271
s112014356040,s112014356027,1,266,254
s112014356040,s112014356041,1,266,267
s112014356040,s112014356043,1,266,269
s112014356040,s112014356047,1,266,273
s112014356040,s112014356049,1,266,275
s112014356041,s112014356038,1,267,264
s112014356041,s112014356039,1,267,265
s112014356041,s112014356040,1,267,266
s112014356041,s112014356045,1,267,271
s112014356041,s112014356048,1,267,274
s112014356042,s112014356043,1,268,269
s112014356042,s112014356044,1,268,270
s112014356042,s112014356045,1,268,271
s112014356042,s112014356048,1,268,274
s112014356042,s112014356050,1,268,276
s112014356043,s112014356029,1,269,256
s112014356043,s112014356038,1,269,264
s112014356043,s112014356039,1,269,265
s112014356043,s112014356044,1,269,270
s112014356043,s113014356003,1,269,277
s112014356045,s112014356039,1,271,265
s112014356045,s112014356041,1,271,267
s112014356045,s112014356042,1,271,268
s112014356045,s112014356044,1,271,270
s112014356045,s112014356047,1,271,273
s112014356046,s112014356047,1,272,273
s112014356046,s113014356004,1,272,278
s112014356047,s112014356040,1,273,266
s112014356047,s112014356044,1,273,270
s112014356047,s112014356046,1,273,272
s112014356047,s112014356048,1,273,274
s112014356047,s113014356004,1,273,278
s112014356048,s112014356042,1,274,268
s112014356048,s112014356044,1,274,270
s112014356048,s112014356046,1,274,272
s112014356048,s112014356047,1,274,273
s112014356048,s113014356004,1,274,278
s112014356049,s112014356037,1,275,263
s112014356049,s112014356040,1,275,266
s112014356049,s112014356043,1,275,269
s112014356049,s112014356047,1,275,273
s112014356049,s113014356003,1,275,277
s112014356050,s112014356034,1,276,261
s112014356050,s112014356042,1,276,268
s112014356050,s112014356043,1,276,269
s112014356050,s112014356044,1,276,270
s112014356050,s113014356004,1,276,278
s112014356057,s112014356065,1,279,282
s112014356059,s113014356005,1,280,286
s112014356061,s112014356057,1,281,279
s112014356065,s112014356066,1,282,283
s112014356066,s112014356065,1,283,282
s112014364024,s112014364028,1,287,291
s112014364024,s112014364032,1,287,295
s112014364024,s112014364036,1,287,299
s112014364025,s112014364029,1,288,292
s112014364025,s112014364032,1,288,295
s112014364025,s112014364037,1,288,300
s112014364026,s112014364031,1,289,294
s112014364026,s112014364034,1,289,297
s112014364026,s112014364035,1,289,298
s112014364026,s112014364036,1,289,299
s112014364026,s112014364037,1,289,300
s112014364027,s112014364029,1,290,292
s112014364027,s112014364033,1,290,296
s112014364027,s112014364034,1,290,297
s112014364027,s112014364035,1,290,298
s112014364028,s112014364024,1,291,287
s112014364028,s112014364030,1,291,293
s112014364028,s112014364032,1,291,295
s112014364028,s112014364046,1,291,307
s112014364029,s112014364028,1,292,291
s112014364029,s112014364032,1,292,295
s112014364029,s112014364035,1,292,298
s112014364029,s112014364037,1,292,300
s112014364030,s112014364024,1,293,287
s112014364030,s112014364028,1,293,291
s112014364030,s112014364032,1,293,295
s112014364030,s112014364044,1,293,305
s112014364030,s112014364048,1,293,309
s112014364031,s112014364026,1,294,289
s112014364031,s112014364029,1,294,292
s112014364032,s112014364024,1,295,287
s112014364032,s112014364025,1,295,288
s112014364032,s112014364028,1,295,291
s112014364032,s112014364030,1,295,293
s112014364032,s112014364035,1,295,298
s112014364033,s112014364026,1,296,289
s112014364033,s112014364027,1,296,290
s112014364033,s112014364029,1,296,292
s112014364033,s112014364031,1,296,294
s112014364033,s112014364034,1,296,297
s112014364034,s112014364026,1,297,289
s112014364034,s112014364027,1,297,290
s112014364034,s112014364033,1,297,296
s112014364034,s112014364035,1,297,298
s112014364035,s112014364027,1,298,290
s112014364035,s112014364030,1,298,293
s112014364035,s112014364032,1,298,295
s112014364035,s112014364034,1,298,297
s112014364036,s112014364024,1,299,287
s112014364036,s112014364028,1,299,291
s112014364036,s112014364032,1,299,295
s112014364036,s112014364037,1,299,300
s112014364037,s112014364024,1,300,287
s112014364037,s112014364028,1,300,291
s112014364037,s112014364035,1,300,298
s112014364037,s112014364036,1,300,299
s112014364040,s112014364029,1,301,292
s112014364040,s112014364033,1,301,296
s112014364040,s112014364035,1,301,298
s112014364040,s112014364048,1,301,309
s112014364040,s112014364049,1,301,310
s112014364041,s112014364042,1,302,303
s112014364041,s112014364044,1,302,305
s112014364041,s112014364048,1,302,309
s112014364041,s112014364049,1,302,310
s112014364041,s112014364050,1,302,311
s112014364042,s112014364043,1,303,304
s112014364042,s112014364045,1,303,306
s112014364042,s112014364046,1,303,307
s112014364042,s112014364049,1,303,310
s112014364042,s112014364050,1,303,311
s112014364043,s112014364042,1,304,303
s112014364043,s112014364046,1,304,307
s112014364043,s112014364049,1,304,310
s112014364043,s112014364050,1,304,311
s112014364044,s112014364024,1,305,287
s112014364044,s112014364028,1,305,291
s112014364044,s112014364030,1,305,293
s112014364044,s112014364048,1,305,309
s112014364045,s112014364042,1,306,303
s112014364045,s112014364046,1,306,307
s112014364045,s112014364047,1,306,308
s112014364045,s112014364050,1,306,311
s112014364046,s112014364042,1,307,303
s112014364046,s112014364049,1,307,310
s112014364046,s112014364050,1,307,311
s112014364047,s112014364042,1,308,303
s112014364047,s112014364045,1,308,306
s112014364047,s112014364046,1,308,307
s112014364047,s112014364050,1,308,311
s112014364048,s112014364025,1,309,288
s112014364048,s112014364026,1,309,289
s112014364049,s112014364043,1,310,304
s112014364049,s112014364046,1,310,307
s112014364049,s112014364048,1,310,309
s112014364050,s112014364042,1,311,303
s112014364050,s112014364045,1,311,306
s112014364050,s112014364046,1,311,307
s112014364050,s112014364047,1,311,308
s112014364050,s112014364049,1,311,310
s112014364053,s112014364058,1,312,315
s112014364053,s112014364063,1,312,320
s112014364053,s112014364066,1,312,322
s112014364054,s112014364061,1,313,318
s112014364054,s112014364065,1,313,321
s112014364054,s112014364066,1,313,322
s112014364054,s112014364080,1,313,333
s112014364055,s112014364061,1,314,318
s112014364055,s112014364062,1,314,319
s112014364055,s112014364063,1,314,320
s112014364055,s112014364080,1,314,333
s112014364058,s112014364054,1,315,313
s112014364058,s112014364061,1,315,318
s112014364058,s112014364071,1,315,327
s112014364058,s112014364079,1,315,332
s112014364061,s112014364054,1,318,313
s112014364061,s112014364080,1,318,333
s112014364062,s112014364053,1,319,312
s112014364062,s112014364061,1,319,318
s112014364062,s112014364063,1,319,320
s112014364062,s112014364079,1,319,332
s112014364063,s112014364068,1,320,324
s112014364063,s112014364069,1,320,325
s112014364063,s112014364073,1,320,328
s112014364065,s112014364066,1,321,322
s112014364065,s112014364067,1,321,323
s112014364066,s112014364053,1,322,312
s112014364066,s112014364054,1,322,313
s112014364068,s112014364063,1,324,320
s112014364068,s112014364069,1,324,325
s112014364068,s112014364073,1,324,328
s112014364068,s112014364074,1,324,329
s112014364069,s112014364066,1,325,322
s112014364070,s112014364053,1,326,312
s112014364070,s112014364071,1,326,327
s112014364070,s112014364075,1,326,330
s112014364071,s112014364058,1,327,315
s112014364071,s112014364070,1,327,326
s112014364071,s112014364075,1,327,330
s112014364071,s112014364080,1,327,333
s112014364073,s112014364063,1,328,320
s112014364073,s112014364068,1,328,324
s112014364073,s112014364069,1,328,325
s112014364073,s112014364074,1,328,329
s112014364074,s112014364070,1,329,326
s112014364074,s112014364073,1,329,328
s112014364075,s112014364070,1,330,326
s112014364075,s112014364071,1,330,327
s112014364079,s112014364053,1,332,312
s112014364079,s112014364061,1,332,318
s112014364079,s112014364062,1,332,319
s112014364079,s112014364080,1,332,333
s112014364080,s112014364054,1,333,313
s112014364080,s112014364061,1,333,318
s112014364080,s112014364071,1,333,327
s112014505024,s112014505026,1,334,336
s112014505024,s112014505035,1,334,343
s112014505024,s112014505038,1,334,346
s112014505024,s112014505039,1,334,347
s112014505026,s112014505040,1,336,348
s112014505026,s112014505042,1,336,349
s112014505029,s112014505030,1,338,339
s112014505029,s112014505034,1,338,342
s112014505030,s112014505029,1,339,338
s112014505030,s112014505031,1,339,340
s112014505030,s112014505032,1,339,341
s112014505030,s112014505035,1,339,343
s112014505030,s112014505036,1,339,344
s112014505031,s112014505030,1,340,339
s112014505031,s112014505032,1,340,341
s112014505031,s112014505035,1,340,343
s112014505031,s112014505036,1,340,344
s112014505031,s112014505039,1,340,347
s112014505032,s112014505031,1,341,340
s112014505032,s112014505035,1,341,343
s112014505032,s112014505036,1,341,344
s112014505032,s112014505040,1,341,348
s112014505034,s112014505028,1,342,337
s112014505034,s112014505029,1,342,338
s112014505034,s112014505030,1,342,339
s112014505034,s112014505031,1,342,340
s112014505034,s112014505032,1,342,341
s112014505035,s112014505031,1,343,340
s112014505035,s112014505032,1,343,341
s112014505035,s112014505036,1,343,344
s112014505035,s112014505055,1,343,358
s112014505036,s112014505032,1,344,341
s112014505036,s112014505035,1,344,343
s112014505036,s112014505055,1,344,358
s112014505037,s112014505025,1,345,335
s112014505037,s112014505038,1,345,346
s112014505038,s112014505039,1,346,347
s112014505038,s112014505040,1,346,348
s112014505039,s112014505031,1,347,340
s112014505039,s112014505032,1,347,341
s112014505039,s112014505038,1,347,346
s112014505039,s112014505040,1,347,348
s112014505042,s112014505047,1,349,352
s112014505042,s112014505048,1,349,353
s112014505042,s112014505051,1,349,354
s112014505042,s112014505052,1,349,355
s112014505042,s112014505055,1,349,358
s112014505043,s112014505045,1,350,351
s112014505043,s112014505053,1,350,356
s112014505043,s112014505055,1,350,358
s112014505045,s112014505043,1,351,350
s112014505045,s112014505053,1,351,356
s112014505047,s112014505042,1,352,349
s112014505047,s112014505048,1,352,353
s112014505047,s112014505051,1,352,354
s112014505047,s112014505052,1,352,355
s112014505047,s112014505053,1,352,356
s112014505048,s112014505028,1,353,337
s112014505048,s112014505042,1,353,349
s112014505048,s112014505047,1,353,352
s112014505048,s112014505051,1,353,354
s112014505048,s112014505054,1,353,357
s112014505051,s112014505047,1,354,352
s112014505051,s112014505052,1,354,355
s112014505051,s112014505053,1,354,356
s112014505052,s112014505042,1,355,349
s112014505052,s112014505047,1,355,352
s112014505052,s112014505051,1,355,354
s112014505053,s112014505036,1,356,344
s112014505053,s112014505043,1,356,350
s112014505053,s112014505045,1,356,351
s112014505054,s112014505028,1,357,337
s112014505054,s112014505042,1,357,349
s112014505054,s112014505043,1,357,350
s112014505055,s112014505045,1,358,351
s112014505055,s112014505053,1,358,356
s112014505060,s112014505062,1,360,361
s112014505060,s112014505065,1,360,364
s112014505060,s112014505066,1,360,365
s112014505060,s112014505070,1,360,368
s112014505060,s112014505071,1,360,369
s112014505062,s112014505065,1,361,364
s112014505062,s112014505066,1,361,365
s112014505062,s112014505070,1,361,368
s112014505062,s112014505071,1,361,369
s112014505063,s112014505064,1,362,363
s112014505063,s112014505065,1,362,364
s112014505063,s112014505066,1,362,365
s112014505063,s112014505067,1,362,366
s112014505063,s112014505071,1,362,369
s112014505064,s112014505062,1,363,361
s112014505064,s112014505065,1,363,364
s112014505064,s112014505066,1,363,365
s112014505064,s112014505067,1,363,366
s112014505064,s112014505070,1,363,368
s112014505065,s112014505062,1,364,361
s112014505065,s112014505064,1,364,363
s112014505065,s112014505066,1,364,365
s112014505065,s112014505070,1,364,368
s112014505065,s112014505071,1,364,369
s112014505066,s112014505062,1,365,361
s112014505066,s112014505065,1,365,364
s112014505066,s112014505069,1,365,367
s112014505066,s112014505070,1,365,368
s112014505066,s112014505071,1,365,369
s112014505067,s112014505059,1,366,359
s112014505067,s112014505074,1,366,372
s112014505067,s112014505080,1,366,377
s112014505067,s112014505081,1,366,378
s112014505069,s112014505060,1,367,360
s112014505069,s112014505062,1,367,361
s112014505069,s112014505065,1,367,364
s112014505069,s112014505066,1,367,365
s112014505069,s112014505070,1,367,368
s112014505070,s112014505062,1,368,361
s112014505070,s112014505065,1,368,364
s112014505070,s112014505071,1,368,369
s112014505070,s112014505074,1,368,372
s112014505070,s112014505081,1,368,378
s112014505071,s112014505059,1,369,359
s112014505071,s112014505060,1,369,360
s112014505071,s112014505066,1,369,365
s112014505071,s112014505067,1,369,366
s112014505071,s112014505070,1,369,368
s112014505072,s112014505059,1,370,359
s112014505072,s112014505066,1,370,365
s112014505072,s112014505067,1,370,366
s112014505072,s112014505071,1,370,369
s112014505073,s112014505076,1,371,373
s112014505073,s112014505079,1,371,376
s112014505073,s112014505085,1,371,381
s112014505073,s112014505086,1,371,382
s112014505074,s112014505064,1,372,363
s112014505074,s112014505077,1,372,374
s112014505074,s112014505080,1,372,377
s112014505074,s112014505081,1,372,378
s112014505076,s112014505073,1,373,371
s112014505076,s112014505079,1,373,376
s112014505076,s112014505085,1,373,381
s112014505077,s112014505071,1,374,369
s112014505077,s112014505074,1,374,372
s112014505077,s112014505080,1,374,377
s112014505077,s112014505081,1,374,378
s112014505078,s112014505074,1,375,372
s112014505078,s112014505077,1,375,374
s112014505078,s112014505081,1,375,378
s112014505078,s112014505086,1,375,382
s112014505079,s112014505065,1,376,364
s112014505079,s112014505073,1,376,371
s112014505079,s112014505078,1,376,375
s112014505079,s112014505085,1,376,381
s112014505080,s112014505074,1,377,372
s112014505080,s112014505077,1,377,374
s112014505080,s112014505081,1,377,378
s112014505081,s112014505074,1,378,372
s112014505081,s112014505077,1,378,374
s112014505081,s112014505080,1,378,377
s112014505083,s112014505078,1,379,375
s112014505083,s112014505084,1,379,380
s112014505083,s112014505085,1,379,381
s112014505083,s112014505086,1,379,382
s112014505085,s112014505073,1,381,371
s112014505085,s112014505076,1,381,373
s112014505085,s112014505079,1,381,376
s112014505085,s112014505081,1,381,378
s112014505085,s112014505086,1,381,382
s112014505086,s112014505073,1,382,371
s112014505086,s112014505077,1,382,374
s112014505086,s112014505078,1,382,375
s112014505086,s112014505085,1,382,381
s112014509024,s112014509026,1,383,385
s112014509024,s112014509029,1,383,387
s112014509024,s112014509031,1,383,389
s112014509024,s112014509043,1,383,397
s112014509024,s112014509044,1,383,398
s112014509025,s112014509026,1,384,385
s112014509025,s112014509029,1,384,387
s112014509025,s112014509031,1,384,389
s112014509025,s112014509038,1,384,395
s112014509026,s112014509025,1,385,384
s112014509026,s112014509029,1,385,387
s112014509028,s112014509032,1,386,390
s112014509028,s112014509038,1,386,395
s112014509028,s112014509045,1,386,399
s112014509028,s112014509047,1,386,401
s112014509028,s112014509048,1,386,402
s112014509029,s112014509024,1,387,383
s112014509029,s112014509035,1,387,392
s112014509029,s112014509036,1,387,393
s112014509029,s112014509044,1,387,398
s112014509029,s112014509045,1,387,399
s112014509031,s112014509025,1,389,384
s112014509031,s112014509032,1,389,390
s112014509031,s112014509034,1,389,391
s112014509031,s112014509045,1,389,399
s112014509032,s112014509031,1,390,389
s112014509032,s112014509035,1,390,392
s112014509032,s112014509037,1,390,394
s112014509032,s112014509038,1,390,395
s112014509032,s112014509046,1,390,400
s112014509034,s112014509025,1,391,384
s112014509034,s112014509026,1,391,385
s112014509034,s112014509029,1,391,387
s112014509034,s112014509031,1,391,389
s112014509035,s112014509029,1,392,387
s112014509035,s112014509030,1,392,388
s112014509035,s112014509032,1,392,390
s112014509035,s112014509037,1,392,394
s112014509035,s112014509038,1,392,395
s112014509036,s112014509029,1,393,387
s112014509036,s112014509030,1,393,388
s112014509036,s112014509035,1,393,392
s112014509036,s112014509047,1,393,401
s112014509036,s112014509048,1,393,402
s112014509037,s112014509030,1,394,388
s112014509037,s112014509032,1,394,390
s112014509037,s112014509035,1,394,392
s112014509037,s112014509036,1,394,393
s112014509037,s112014509038,1,394,395
s112014509038,s112014509030,1,395,388
s112014509038,s112014509031,1,395,389
s112014509038,s112014509032,1,395,390
s112014509038,s112014509035,1,395,392
s112014509038,s112014509037,1,395,394
s112014509042,s112014509043,1,396,397
s112014509042,s112014509046,1,396,400
s112014509042,s112014509048,1,396,402
s112014509043,s112014509024,1,397,383
s112014509043,s112014509044,1,397,398
s112014509044,s112014509029,1,398,387
s112014509044,s112014509043,1,398,397
s112014509044,s112014509045,1,398,399
s112014509044,s112014509048,1,398,402
s112014509045,s112014509044,1,399,398
s112014509045,s112014509047,1,399,401
s112014509045,s112014509048,1,399,402
s112014509046,s112014509037,1,400,394
s112014509046,s112014509038,1,400,395
s112014509047,s112014509036,1,401,393
s112014509047,s112014509038,1,401,395
s112014509047,s112014509045,1,401,399
s112014509047,s112014509048,1,401,402
s112014509048,s112014509028,1,402,386
s112014509048,s112014509035,1,402,392
s112014509048,s112014509036,1,402,393
s112014509048,s112014509045,1,402,399
s112014509048,s112014509047,1,402,401
s112014509055,s112014509056,1,403,404
s112014509057,s112014509058,1,405,406
s112014509057,s112014509061,1,405,407
s112014509057,s112014509067,1,405,413
s112014509057,s112014509069,1,405,414
s112014509058,s112014509057,1,406,405
s112014509058,s112014509061,1,406,407
s112014509058,s112014509062,1,406,408
s112014509058,s112014509065,1,406,411
s112014509058,s112014509067,1,406,413
s112014509061,s112014509057,1,407,405
s112014509061,s112014509062,1,407,408
s112014509061,s112014509065,1,407,411
s112014509061,s112014509069,1,407,414
s112014509061,s112014509073,1,407,418
s112014509065,s112014509057,1,411,405
s112014509065,s112014509061,1,411,407
s112014509065,s112014509064,1,411,410
s112014509065,s112014509066,1,411,412
s112014509065,s112014509067,1,411,413
s112014509066,s112014509064,1,412,410
s112014509066,s112014509065,1,412,411
s112014509067,s112014509062,1,413,408
s112014509067,s112014509063,1,413,409
s112014509067,s112014509065,1,413,411
s112014509067,s112014509066,1,413,412
s112014509067,s112014509073,1,413,418
s112014509069,s112014509070,1,414,415
s112014509069,s112014509071,1,414,416
s112014509069,s112014509073,1,414,418
s112014509069,s112014509076,1,414,421
s112014509069,s112014509077,1,414,422
s112014509070,s112014509069,1,415,414
s112014509070,s112014509072,1,415,417
s112014509070,s112014509073,1,415,418
s112014509070,s112014509077,1,415,422
s112014509071,s112014509077,1,416,422
s112014509072,s112014509070,1,417,415
s112014509073,s112014509065,1,418,411
s112014509073,s112014509066,1,418,412
s112014509073,s112014509067,1,418,413
s112014509073,s112014509074,1,418,419
s112014509073,s112014509078,1,418,423
s112014509074,s112014509065,1,419,411
s112014509074,s112014509073,1,419,418
s112014509074,s112014509075,1,419,420
s112014509074,s112014509078,1,419,423
s112014509075,s112014509073,1,420,418
s112014509075,s112014509074,1,420,419
s112014509075,s112014509078,1,420,423
s112014509076,s112014509069,1,421,414
s112014509076,s112014509071,1,421,416
s112014509076,s112014509072,1,421,417
s112014509076,s112014509077,1,421,422
s112014509077,s112014509069,1,422,414
s112014509077,s112014509071,1,422,416
s112014509077,s112014509072,1,422,417
s112014509077,s112014509074,1,422,419
s112014509077,s112014509076,1,422,421
s112014509078,s112014509073,1,423,418
s112014509078,s112014509074,1,423,419
s112014509078,s112014509075,1,423,420
s112014510024,s112014510030,1,424,427
s112014510024,s112014510031,1,424,428
s112014510024,s112014510033,1,424,430
s112014510024,s112014510046,1,424,441
s112014510025,s112014510030,1,425,427
s112014510025,s112014510032,1,425,429
s112014510025,s112014510034,1,425,431
s112014510025,s112014510041,1,425,437
s112014510030,s112014510025,1,427,425
s112014510030,s112014510032,1,427,429
s112014510030,s112014510034,1,427,431
s112014510030,s112014510035,1,427,432
s112014510032,s112014510025,1,429,425
s112014510032,s112014510033,1,429,430
s112014510032,s112014510034,1,429,431
s112014510033,s112014510030,1,430,427
s112014510033,s112014510032,1,430,429
s112014510033,s112014510034,1,430,431
s112014510034,s112014510025,1,431,425
s112014510034,s112014510030,1,431,427
s112014510034,s112014510032,1,431,429
s112014510034,s112014510041,1,431,437
s112014510035,s112014510025,1,432,425
s112014510035,s112014510032,1,432,429
s112014510035,s112014510034,1,432,431
s112014510035,s112014510041,1,432,437
s112014510037,s112014510039,1,433,435
s112014510037,s112014510044,1,433,439
s112014510037,s112014510045,1,433,440
s112014510038,s112014510037,1,434,433
s112014510038,s112014510039,1,434,435
s112014510038,s112014510044,1,434,439
s112014510038,s112014510045,1,434,440
s112014510038,s113014510005,1,434,444
s112014510039,s112014510037,1,435,433
s112014510039,s112014510038,1,435,434
s112014510039,s112014510041,1,435,437
s112014510039,s112014510044,1,435,439
s112014510040,s112014510039,1,436,435
s112014510040,s112014510044,1,436,439
s112014510040,s112014510045,1,436,440
s112014510040,s112014510049,1,436,443
s112014510041,s112014510025,1,437,425
s112014510041,s112014510032,1,437,429
s112014510044,s112014510037,1,439,433
s112014510044,s112014510045,1,439,440
s112014510045,s112014510037,1,440,433
s112014510045,s112014510040,1,440,436
s112014510045,s112014510044,1,440,439
s112014510045,s112014510047,1,440,442
s112014510046,s112014510039,1,441,435
s112014510046,s112014510041,1,441,437
s112014510046,s112014510044,1,441,439
s112014510047,s112014510037,1,442,433
s112014510047,s112014510044,1,442,439
s112014510047,s112014510046,1,442,441
s112014510049,s112014510040,1,443,436
s112014510049,s112014510044,1,443,439
s112014510049,s112014510046,1,443,441
s112014510053,s112014510054,1,445,446
s112014510053,s112014510057,1,445,448
s112014510053,s112014510061,1,445,451
s112014510053,s113014510003,1,445,464
s112014510054,s112014510053,1,446,445
s112014510054,s112014510057,1,446,448
s112014510054,s112014510060,1,446,450
s112014510054,s112014510061,1,446,451
s112014510054,s112014510075,1,446,463
s112014510055,s112014510057,1,447,448
s112014510055,s112014510061,1,447,451
s112014510055,s112014510070,1,447,458
s112014510055,s112014510075,1,447,463
s112014510057,s112014510053,1,448,445
s112014510057,s112014510054,1,448,446
s112014510057,s112014510055,1,448,447
s112014510057,s112014510060,1,448,450
s112014510059,s112014510057,1,449,448
s112014510059,s112014510060,1,449,450
s112014510059,s112014510061,1,449,451
s112014510059,s112014510062,1,449,452
s112014510059,s113014510003,1,449,464
s112014510060,s112014510053,1,450,445
s112014510060,s112014510054,1,450,446
s112014510060,s112014510059,1,450,449
s112014510060,s112014510061,1,450,451
s112014510060,s113014510003,1,450,464
s112014510061,s112014510053,1,451,445
s112014510061,s112014510054,1,451,446
s112014510061,s112014510059,1,451,449
s112014510061,s112014510060,1,451,450
s112014510061,s112014510070,1,451,458
s112014510062,s112014510053,1,452,445
s112014510062,s112014510057,1,452,448
s112014510062,s112014510059,1,452,449
s112014510062,s112014510061,1,452,451
s112014510062,s112014510075,1,452,463
s112014510063,s112014510064,1,453,454
s112014510063,s112014510070,1,453,458
s112014510063,s112014510073,1,453,461
s112014510063,s112014510074,1,453,462
s112014510063,s113014510004,1,453,465
s112014510064,s112014510063,1,454,453
s112014510064,s112014510067,1,454,456
s112014510064,s112014510070,1,454,458
s112014510064,s112014510074,1,454,462
s112014510064,s113014510004,1,454,465
s112014510066,s112014510064,1,455,454
s112014510066,s112014510069,1,455,457
s112014510066,s112014510070,1,455,458
s112014510066,s112014510074,1,455,462
s112014510066,s113014510004,1,455,465
s112014510067,s112014510071,1,456,459
s112014510069,s112014510066,1,457,455
s112014510069,s112014510070,1,457,458
s112014510069,s112014510074,1,457,462
s112014510069,s112014510075,1,457,463
s112014510069,s113014510004,1,457,465
s112014510070,s112014510053,1,458,445
s112014510070,s112014510063,1,458,453
s112014510070,s112014510064,1,458,454
s112014510070,s112014510069,1,458,457
s112014510070,s112014510073,1,458,461
s112014510071,s112014510067,1,459,456
s112014510071,s112014510070,1,459,458
s112014510071,s112014510073,1,459,461
s112014510072,s112014510053,1,460,445
s112014510072,s112014510057,1,460,448
s112014510072,s112014510066,1,460,455
s112014510072,s112014510074,1,460,462
s112014510073,s112014510063,1,461,453
s112014510073,s112014510066,1,461,455
s112014510073,s112014510067,1,461,456
s112014510073,s112014510070,1,461,458
s112014510073,s112014510071,1,461,459
s112014510074,s112014510063,1,462,453
s112014510074,s112014510064,1,462,454
s112014510074,s112014510069,1,462,457
s112014510074,s113014510004,1,462,465
s112014510075,s112014510053,1,463,445
s112014510075,s112014510054,1,463,446
s112014510075,s112014510055,1,463,447
s112014510075,s112014510057,1,463,448
s112014510075,s112014510061,1,463,451
s112014513024,s112014513027,1,466,469
s112014513024,s112014513028,1,466,470
s112014513024,s112014513030,1,466,472
s112014513024,s112014513031,1,466,473
s112014513024,s112014513032,1,466,474
s112014513025,s112014513027,1,467,469
s112014513025,s112014513028,1,467,470
s112014513025,s112014513031,1,467,473
s112014513025,s112014513034,1,467,476
s112014513025,s112014513037,1,467,479
s112014513026,s112014513027,1,468,469
s112014513026,s112014513028,1,468,470
s112014513026,s112014513029,1,468,471
s112014513026,s112014513031,1,468,473
s112014513026,s112014513035,1,468,477
s112014513027,s112014513024,1,469,466
s112014513027,s112014513025,1,469,467
s112014513027,s112014513030,1,469,472
s112014513027,s112014513032,1,469,474
s112014513027,s112014513034,1,469,476
s112014513028,s112014513025,1,470,467
s112014513028,s112014513026,1,470,468
s112014513028,s112014513027,1,470,469
s112014513028,s112014513029,1,470,471
s112014513028,s112014513031,1,470,473
s112014513030,s112014513024,1,472,466
s112014513030,s112014513025,1,472,467
s112014513031,s112014513027,1,473,469
s112014513031,s112014513034,1,473,476
s112014513031,s112014513035,1,473,477
s112014513031,s112014513036,1,473,478
s112014513031,s112014513037,1,473,479
s112014513032,s112014513024,1,474,466
s112014513032,s112014513027,1,474,469
s112014513032,s112014513028,1,474,470
s112014513032,s112014513031,1,474,473
s112014513032,s112014513037,1,474,479
s112014513033,s112014513025,1,475,467
s112014513033,s112014513027,1,475,469
s112014513033,s112014513034,1,475,476
s112014513033,s112014513036,1,475,478
s112014513034,s112014513024,1,476,466
s112014513034,s112014513025,1,476,467
s112014513034,s112014513027,1,476,469
s112014513034,s112014513030,1,476,472
s112014513034,s112014513037,1,476,479
s112014513035,s112014513027,1,477,469
s112014513035,s112014513028,1,477,470
s112014513035,s112014513031,1,477,473
s112014513035,s112014513034,1,477,476
s112014513036,s112014513025,1,478,467
s112014513036,s112014513027,1,478,469
s112014513036,s112014513031,1,478,473
s112014513036,s112014513033,1,478,475
s112014513036,s112014513037,1,478,479
s112014513037,s112014513025,1,479,467
s112014513037,s112014513028,1,479,470
s112014513037,s112014513032,1,479,474
s112014513037,s112014513034,1,479,476
s112014513037,s112014513036,1,479,478
s112014513039,s112014513043,1,480,483
s112014513041,s112014513044,1,481,484
s112014513041,s112014513045,1,481,485
s112014513041,s112014513046,1,481,486
s112014513042,s112014513034,1,482,476
s112014513042,s112014513043,1,482,483
s112014513044,s112014513041,1,484,481
s112014513044,s112014513045,1,484,485
s112014513044,s112014513046,1,484,486
s112014513045,s112014513041,1,485,481
s112014513045,s112014513044,1,485,484
s112014513045,s112014513046,1,485,486
s112014513046,s112014513041,1,486,481
s112014513046,s112014513044,1,486,484
s112014513046,s112014513045,1,486,485
s112014513054,s112014513052,1,488,487
s112014513054,s112014513059,1,488,491
s112014513054,s112014513060,1,488,492
s112014513054,s112014513062,1,488,493
s112014513055,s112014513052,1,489,487
s112014513055,s112014513060,1,489,492
s112014513056,s112014513052,1,490,487
s112014513056,s112014513060,1,490,492
s112014513056,s112014513062,1,490,493
s112014513059,s112014513052,1,491,487
s112014513059,s112014513054,1,491,488
s112014513059,s112014513060,1,491,492
s112014513060,s112014513052,1,492,487
s112014513060,s112014513054,1,492,488
s112014513060,s112014513056,1,492,490
s112014513062,s112014513052,1,493,487
s112014513062,s112014513054,1,493,488
s112014513062,s112014513056,1,493,490
s112014513063,s112014513054,1,494,488
s112014513063,s112014513055,1,494,489
s112014513063,s112014513060,1,494,492
s112014513064,s112014513065,1,495,496
s112014513064,s112014513069,1,495,499
s112014513064,s112014513077,1,495,504
s112014513065,s112014513064,1,496,495
s112014513065,s112014513066,1,496,497
s112014513065,s112014513077,1,496,504
s112014513066,s112014513064,1,497,495
s112014513066,s112014513065,1,497,496
s112014513066,s112014513077,1,497,504
s112014513067,s112014513065,1,498,496
s112014513067,s112014513069,1,498,499
s112014513067,s112014513074,1,498,502
s112014513067,s112014513075,1,498,503
s112014513069,s112014513067,1,499,498
s112014513069,s112014513074,1,499,502
s112014513069,s112014513075,1,499,503
s112014513074,s112014513060,1,502,492
s112014513074,s112014513067,1,502,498
s112014513074,s112014513077,1,502,504
s112014513075,s112014513054,1,503,488
s112014513075,s112014513060,1,503,492
s112014513075,s112014513069,1,503,499
s112014513075,s112014513074,1,503,502
s112014514024,s112014514025,1,505,506
s112014514024,s112014514029,1,505,509
s112014514027,s112014514032,1,507,511
s112014514028,s112014514025,1,508,506
s112014514028,s112014514029,1,508,509
s112014514028,s112014514034,1,508,513
s112014514028,s112014514036,1,508,515
s112014514029,s112014514024,1,509,505
s112014514029,s112014514025,1,509,506
s112014514030,s112014514024,1,510,505
s112014514030,s112014514029,1,510,509
s112014514030,s112014514035,1,510,514
s112014514032,s112014514028,1,511,508
s112014514032,s112014514030,1,511,510
s112014514032,s112014514033,1,511,512
s112014514032,s112014514034,1,511,513
s112014514032,s112014514036,1,511,515
s112014514033,s112014514028,1,512,508
s112014514033,s112014514030,1,512,510
s112014514033,s112014514032,1,512,511
s112014514034,s112014514028,1,513,508
s112014514034,s112014514029,1,513,509
s112014514034,s112014514033,1,513,512
s112014514034,s112014514036,1,513,515
s112014514035,s112014514024,1,514,505
s112014514035,s112014514029,1,514,509
s112014514035,s112014514030,1,514,510
s112014514036,s112014514028,1,515,508
s112014514036,s112014514034,1,515,513
s112014514039,s112014514024,1,517,505
s112014514039,s112014514025,1,517,506
s112014514039,s112014514042,1,517,520
s112014514041,s112014514038,1,519,516
s112014514041,s112014514042,1,519,520
s112014514041,s112014514043,1,519,521
s112014514041,s112014514047,1,519,525
s112014514041,s112014514050,1,519,528
s112014514042,s112014514043,1,520,521
s112014514042,s112014514044,1,520,522
s112014514042,s112014514047,1,520,525
s112014514042,s112014514048,1,520,526
s112014514043,s112014514041,1,521,519
s112014514043,s112014514042,1,521,520
s112014514043,s112014514044,1,521,522
s112014514043,s112014514047,1,521,525
s112014514044,s112014514042,1,522,520
s112014514044,s112014514043,1,522,521
s112014514044,s112014514047,1,522,525
s112014514044,s112014514048,1,522,526
s112014514046,s112014514041,1,524,519
s112014514046,s112014514043,1,524,521
s112014514047,s112014514038,1,525,516
s112014514047,s112014514042,1,525,520
s112014514047,s112014514043,1,525,521
s112014514047,s112014514044,1,525,522
s112014514047,s112014514048,1,525,526
s112014514048,s112014514042,1,526,520
s112014514048,s112014514043,1,526,521
s112014514048,s112014514044,1,526,522
s112014514048,s112014514047,1,526,525
s112014514049,s112014514038,1,527,516
s112014514049,s112014514041,1,527,519
s112014514049,s112014514043,1,527,521
s112014514049,s112014514050,1,527,528
s112014514050,s112014514041,1,528,519
s112014514050,s112014514042,1,528,520
s112014514050,s112014514044,1,528,522
s112014514050,s112014514047,1,528,525
s112014514050,s112014514049,1,528,527
s112014514054,s112014514057,1,529,531
s112014514054,s112014514064,1,529,534
s112014514054,s112014514076,1,529,543
s112014514054,s112014514078,1,529,544
s112014514056,s112014514060,1,530,532
s112014514056,s112014514064,1,530,534
s112014514056,s112014514065,1,530,535
s112014514057,s112014514060,1,531,532
s112014514057,s112014514064,1,531,534
s112014514060,s112014514056,1,532,530
s112014514061,s112014514066,1,533,536
s112014514064,s112014514057,1,534,531
s112014514064,s112014514065,1,534,535
s112014514065,s112014514056,1,535,530
s112014514066,s112014514061,1,536,533
s112014514066,s112014514073,1,536,542
s112014514066,s112014514076,1,536,543
s112014514068,s112014514069,1,537,538
s112014514068,s112014514071,1,537,540
s112014514068,s112014514072,1,537,541
s112014514070,s112014514078,1,539,544
s112014514070,s112014514079,1,539,545
s112014514071,s112014514068,1,540,537
s112014514071,s112014514069,1,540,538
s112014514071,s112014514072,1,540,541
s112014514072,s112014514066,1,541,536
s112014514072,s112014514068,1,541,537
s112014514072,s112014514069,1,541,538
s112014514072,s112014514071,1,541,540
s112014514073,s112014514064,1,542,534
s112014514073,s112014514070,1,542,539
s112014514073,s112014514078,1,542,544
s112014514073,s112014514079,1,542,545
s112014514076,s112014514064,1,543,534
s112014514078,s112014514054,1,544,529
s112014514078,s112014514070,1,544,539
s112014514078,s112014514073,1,544,542
s112014514078,s112014514079,1,544,545
s112014514079,s112014514054,1,545,529
s112014514079,s112014514070,1,545,539
s112014514079,s112014514073,1,545,542
s112014514079,s112014514078,1,545,544
s112014516025,s112014516026,1,546,547
s112014516025,s112014516030,1,546,548
s112014516026,s112014516025,1,547,546
s112014516026,s112014516030,1,547,548
s112014516026,s112014516034,1,547,552
s112014516030,s112014516025,1,548,546
s112014516030,s112014516026,1,548,547
s112014516030,s112014516047,1,548,559
s112014516030,s113014516003,1,548,560
s112014516031,s112014516025,1,549,546
s112014516031,s112014516026,1,549,547
s112014516031,s112014516030,1,549,548
s112014516031,s112014516033,1,549,551
s112014516033,s112014516030,1,551,548
s112014516034,s112014516025,1,552,546
s112014516034,s112014516026,1,552,547
s112014516034,s112014516032,1,552,550
s112014516037,s112014516038,1,553,554
s112014516037,s112014516047,1,553,559
s112014516038,s112014516030,1,554,548
s112014516038,s112014516037,1,554,553
s112014516038,s112014516047,1,554,559
s112014516039,s112014516040,1,555,556
s112014516040,s112014516037,1,556,553
s112014516040,s112014516039,1,556,555
s112014516040,s112014516047,1,556,559
s112014516042,s112014516037,1,557,553
s112014516042,s112014516038,1,557,554
s112014516042,s112014516043,1,557,558
s112014516043,s112014516037,1,558,553
s112014516043,s112014516038,1,558,554
s112014516043,s112014516042,1,558,557
s112014516047,s112014516030,1,559,548
s112014516047,s112014516037,1,559,553
s112014516047,s112014516038,1,559,554
s112014516047,s112014516040,1,559,556
s112014516051,s112014516052,1,561,562
s112014516051,s112014516055,1,561,565
s112014516051,s112014516063,1,561,573
s112014516052,s112014516051,1,562,561
s112014516052,s112014516055,1,562,565
s112014516052,s112014516056,1,562,566
s112014516052,s112014516060,1,562,570
s112014516052,s112014516063,1,562,573
s112014516053,s112014516054,1,563,564
s112014516053,s112014516056,1,563,566
s112014516053,s112014516057,1,563,567
s112014516053,s112014516059,1,563,569
s112014516053,s112014516062,1,563,572
s112014516054,s112014516053,1,564,563
s112014516054,s112014516056,1,564,566
s112014516054,s112014516057,1,564,567
s112014516054,s112014516058,1,564,568
s112014516054,s112014516059,1,564,569
s112014516055,s112014516051,1,565,561
s112014516055,s112014516052,1,565,562
s112014516055,s112014516053,1,565,563
s112014516055,s112014516060,1,565,570
s112014516055,s112014516063,1,565,573
s112014516056,s112014516053,1,566,563
s112014516056,s112014516054,1,566,564
s112014516056,s112014516057,1,566,567
s112014516056,s112014516058,1,566,568
s112014516056,s112014516059,1,566,569
s112014516057,s112014516053,1,567,563
s112014516057,s112014516054,1,567,564
s112014516057,s112014516056,1,567,566
s112014516057,s112014516058,1,567,568
s112014516057,s112014516059,1,567,569
s112014516058,s112014516053,1,568,563
s112014516058,s112014516054,1,568,564
s112014516058,s112014516056,1,568,566
s112014516058,s112014516057,1,568,567
s112014516058,s112014516059,1,568,569
s112014516059,s112014516053,1,569,563
s112014516059,s112014516054,1,569,564
s112014516059,s112014516055,1,569,565
s112014516059,s112014516056,1,569,566
s112014516059,s112014516057,1,569,567
s112014516060,s112014516052,1,570,562
s112014516060,s112014516055,1,570,565
s112014516060,s112014516059,1,570,569
s112014516060,s112014516061,1,570,571
s112014516060,s112014516062,1,570,572
s112014516061,s112014516055,1,571,565
s112014516061,s112014516056,1,571,566
s112014516061,s112014516059,1,571,569
s112014516061,s112014516062,1,571,572
s112014516061,s112014516074,1,571,578
s112014516062,s112014516053,1,572,563
s112014516062,s112014516056,1,572,566
s112014516062,s112014516057,1,572,567
s112014516062,s112014516058,1,572,568
s112014516062,s112014516061,1,572,571
s112014516063,s112014516051,1,573,561
s112014516063,s112014516052,1,573,562
s112014516063,s112014516055,1,573,565
s112014516063,s112014516057,1,573,567
s112014516064,s112014516065,1,574,575
s112014516064,s112014516069,1,574,577
s112014516064,s112014516074,1,574,578
s112014516065,s112014516068,1,575,576
s112014516068,s112014516064,1,576,574
s112014516068,s112014516069,1,576,577
s112014516068,s112014516074,1,576,578
s112014516069,s112014516061,1,577,571
s112014516069,s112014516064,1,577,574
s112014516069,s112014516074,1,577,578
s112014516074,s112014516061,1,578,571
s112014516074,s112014516064,1,578,574
s112014516074,s112014516069,1,578,577
s112014517024,s112014517025,1,580,581
s112014517024,s112014517026,1,580,582
s112014517024,s112014517045,1,580,595
s112014517024,s112014517050,1,580,598
s112014517025,s112014517026,1,581,582
s112014517025,s112014517029,1,581,584
s112014517025,s112014517031,1,581,586
s112014517025,s112014517032,1,581,587
s112014517026,s112014517025,1,582,581
s112014517026,s112014517029,1,582,584
s112014517026,s112014517031,1,582,586
s112014517026,s112014517032,1,582,587
s112014517029,s112014517025,1,584,581
s112014517029,s112014517026,1,584,582
s112014517029,s112014517031,1,584,586
s112014517029,s112014517032,1,584,587
s112014517030,s112014517029,1,585,584
s112014517030,s112014517031,1,585,586
s112014517030,s112014517032,1,585,587
s112014517031,s112014517025,1,586,581
s112014517031,s112014517026,1,586,582
s112014517031,s112014517029,1,586,584
s112014517031,s112014517032,1,586,587
s112014517032,s112014517025,1,587,581
s112014517032,s112014517029,1,587,584
s112014517032,s112014517030,1,587,585
s112014517032,s112014517031,1,587,586
s112014517038,s112014517042,1,588,592
s112014517038,s112014517050,1,588,598
s112014517039,s112014517040,1,589,590
s112014517039,s112014517042,1,589,592
s112014517039,s112014517043,1,589,593
s112014517039,s112014517045,1,589,595
s112014517039,s112014517050,1,589,598
s112014517040,s112014517041,1,590,591
s112014517040,s112014517044,1,590,594
s112014517040,s112014517047,1,590,596
s112014517041,s112014517026,1,591,582
s112014517041,s112014517038,1,591,588
s112014517041,s112014517042,1,591,592
s112014517041,s112014517043,1,591,593
s112014517042,s112014517038,1,592,588
s112014517042,s112014517039,1,592,589
s112014517042,s112014517041,1,592,591
s112014517042,s112014517043,1,592,593
s112014517042,s112014517045,1,592,595
s112014517043,s112014517029,1,593,584
s112014517043,s112014517042,1,593,592
s112014517043,s112014517044,1,593,594
s112014517043,s112014517047,1,593,596
s112014517043,s112014517048,1,593,597
s112014517044,s112014517048,1,594,597
s112014517044,s112014517050,1,594,598
s112014517047,s112014517025,1,596,581
s112014517047,s112014517031,1,596,586
s112014517047,s112014517042,1,596,592
s112014517047,s112014517043,1,596,593
s112014517047,s112014517048,1,596,597
s112014517048,s112014517025,1,597,581
s112014517048,s112014517026,1,597,582
s112014517048,s112014517029,1,597,584
s112014517048,s112014517032,1,597,587
s112014517048,s112014517045,1,597,595
s112014517050,s112014517024,1,598,580
s112014517050,s112014517025,1,598,581
s112014517050,s112014517026,1,598,582
s112014517050,s112014517044,1,598,594
s112014517050,s112014517045,1,598,595
s112014517053,s112014517054,1,599,600
s112014517053,s112014517057,1,599,602
s112014517053,s112014517058,1,599,603
s112014517053,s112014517064,1,599,607
s112014517054,s112014517053,1,600,599
s112014517054,s112014517064,1,600,607
s112014517056,s112014517078,1,601,619
s112014517057,s112014517056,1,602,601
s112014517057,s112014517058,1,602,603
s112014517057,s112014517060,1,602,604
s112014517057,s112014517062,1,602,606
s112014517058,s112014517056,1,603,601
s112014517058,s112014517057,1,603,602
s112014517058,s112014517060,1,603,604
s112014517058,s112014517062,1,603,606
s112014517060,s112014517056,1,604,601
s112014517060,s112014517058,1,604,603
s112014517060,s112014517062,1,604,606
s112014517060,s112014517064,1,604,607
s112014517061,s112014517053,1,605,599
s112014517061,s112014517064,1,605,607
s112014517061,s112014517069,1,605,611
s112014517062,s112014517056,1,606,601
s112014517062,s112014517058,1,606,603
s112014517062,s112014517060,1,606,604
s112014517064,s112014517053,1,607,599
s112014517064,s112014517060,1,607,604
s112014517064,s112014517061,1,607,605
s112014517067,s112014517072,1,609,613
s112014517067,s112014517073,1,609,614
s112014517067,s112014517075,1,609,616
s112014517068,s112014517069,1,610,611
s112014517068,s112014517071,1,610,612
s112014517068,s112014517072,1,610,613
s112014517068,s112014517075,1,610,616
s112014517069,s112014517068,1,611,610
s112014517069,s112014517071,1,611,612
s112014517069,s112014517072,1,611,613
s112014517069,s112014517075,1,611,616
s112014517071,s112014517060,1,612,604
s112014517071,s112014517064,1,612,607
s112014517071,s112014517069,1,612,611
s112014517071,s112014517074,1,612,615
s112014517071,s112014517077,1,612,618
s112014517072,s112014517067,1,613,609
s112014517072,s112014517068,1,613,610
s112014517072,s112014517073,1,613,614
s112014517072,s112014517075,1,613,616
s112014517073,s112014517067,1,614,609
s112014517073,s112014517068,1,614,610
s112014517073,s112014517072,1,614,613
s112014517073,s112014517075,1,614,616
s112014517073,s112014517077,1,614,618
s112014517074,s112014517071,1,615,612
s112014517074,s112014517076,1,615,617
s112014517074,s112014517077,1,615,618
s112014517075,s112014517060,1,616,604
s112014517075,s112014517062,1,616,606
s112014517075,s112014517067,1,616,609
s112014517075,s112014517072,1,616,613
s112014517075,s112014517077,1,616,618
s112014517076,s112014517071,1,617,612
s112014517076,s112014517074,1,617,615
s112014517076,s112014517077,1,617,618
s112014517077,s112014517072,1,618,613
s112014517077,s112014517073,1,618,614
s112014517077,s112014517075,1,618,616
s112014517077,s112014517076,1,618,617
s112014517078,s112014517056,1,619,601
s112014518024,s112014518026,1,620,621
s112014518024,s112014518030,1,620,625
s112014518024,s112014518033,1,620,628
s112014518026,s112014518024,1,621,620
s112014518026,s112014518030,1,621,625
s112014518026,s112014518032,1,621,627
s112014518026,s112014518033,1,621,628
s112014518029,s112014518024,1,624,620
s112014518029,s112014518026,1,624,621
s112014518029,s112014518027,1,624,622
s112014518029,s112014518028,1,624,623
s112014518030,s112014518024,1,625,620
s112014518030,s112014518026,1,625,621
s112014518030,s112014518037,1,625,630
s112014518032,s112014518026,1,627,621
s112014518032,s112014518027,1,627,622
s112014518032,s112014518028,1,627,623
s112014518032,s112014518033,1,627,628
s112014518033,s112014518024,1,628,620
s112014518033,s112014518026,1,628,621
s112014518033,s112014518028,1,628,623
s112014518033,s112014518030,1,628,625
s112014518034,s112014518037,1,629,630
s112014518034,s112014518043,1,629,634
s112014518037,s112014518024,1,630,620
s112014518037,s112014518030,1,630,625
s112014518037,s112014518033,1,630,628
s112014518040,s112014518041,1,631,632
s112014518040,s112014518042,1,631,633
s112014518042,s112014518040,1,633,631
s112014518042,s112014518041,1,633,632
s112014518042,s112014518043,1,633,634
s112014518043,s112014518024,1,634,620
s112014518043,s112014518026,1,634,621
s112014518043,s112014518030,1,634,625
s112014518043,s112014518034,1,634,629
s112014518043,s112014518037,1,634,630
s112014518046,s112014518048,1,635,636
s112014518046,s112014518052,1,635,639
s112014518046,s112014518056,1,635,643
s112014518046,s112014518057,1,635,644
s112014518048,s112014518046,1,636,635
s112014518048,s112014518052,1,636,639
s112014518048,s113014518006,1,636,651
s112014518049,s112014518050,1,637,638
s112014518049,s112014518052,1,637,639
s112014518049,s112014518053,1,637,640
s112014518049,s112014518057,1,637,644
s112014518050,s112014518055,1,638,642
s112014518050,s112014518057,1,638,644
s112014518050,s112014518065,1,638,648
s112014518052,s112014518046,1,639,635
s112014518052,s112014518048,1,639,636
s112014518053,s112014518055,1,640,642
s112014518053,s112014518057,1,640,644
s112014518053,s113014518003,1,640,650
s112014518054,s112014518049,1,641,637
s112014518054,s112014518052,1,641,639
s112014518054,s112014518053,1,641,640
s112014518054,s112014518055,1,641,642
s112014518055,s112014518048,1,642,636
s112014518055,s112014518053,1,642,640
s112014518055,s112014518056,1,642,643
s112014518055,s112014518057,1,642,644
s112014518056,s112014518048,1,643,636
s112014518056,s112014518052,1,643,639
s112014518056,s112014518064,1,643,647
s112014518056,s112014518066,1,643,649
s112014518057,s112014518050,1,644,638
s112014518057,s112014518053,1,644,640
s112014518057,s112014518055,1,644,642
s112014518057,s112014518058,1,644,645
s112014518057,s113014518003,1,644,650
s112014518058,s112014518046,1,645,635
s112014518058,s112014518048,1,645,636
s112014518058,s112014518052,1,645,639
s112014518058,s112014518055,1,645,642
s112014518064,s112014518049,1,647,637
s112014518064,s112014518055,1,647,642
s112014518064,s112014518056,1,647,643
s112014518064,s112014518065,1,647,648
s112014518064,s112014518066,1,647,649
s112014518065,s112014518064,1,648,647
s112014518065,s112014518066,1,648,649
s112014518066,s112014518048,1,649,636
s112014518066,s112014518049,1,649,637
s112014518066,s112014518064,1,649,647
s112014518066,s112014518065,1,649,648
s112014524024,s112014524027,1,652,654
s112014524024,s112014524029,1,652,655
s112014524024,s112014524030,1,652,656
s112014524024,s112014524032,1,652,657
s112014524026,s112014524033,1,653,658
s112014524026,s112014524035,1,653,659
s112014524026,s112014524037,1,653,660
s112014524027,s112014524024,1,654,652
s112014524027,s112014524029,1,654,655
s112014524027,s112014524030,1,654,656
s112014524027,s112014524032,1,654,657
s112014524027,s112014524033,1,654,658
s112014524030,s112014524024,1,656,652
s112014524030,s112014524027,1,656,654
s112014524030,s112014524029,1,656,655
s112014524030,s112014524032,1,656,657
s112014524030,s112014524035,1,656,659
s112014524032,s112014524024,1,657,652
s112014524032,s112014524027,1,657,654
s112014524032,s112014524029,1,657,655
s112014524032,s112014524030,1,657,656
s112014524032,s112014524038,1,657,661
s112014524035,s112014524027,1,659,654
s112014524035,s112014524029,1,659,655
s112014524035,s112014524030,1,659,656
s112014524035,s112014524033,1,659,658
s112014524037,s112014524026,1,660,653
s112014524037,s112014524029,1,660,655
s112014524037,s112014524032,1,660,657
s112014524037,s112014524038,1,660,661
s112014524038,s112014524029,1,661,655
s112014524038,s112014524032,1,661,657
s112014524038,s112014524033,1,661,658
s112014524038,s112014524037,1,661,660
s112014524041,s112014524027,1,662,654
s112014524041,s112014524029,1,662,655
s112014524041,s112014524030,1,662,656
s112014524042,s112014524043,1,663,664
s112014524042,s112014524047,1,663,665
s112014524042,s112014524050,1,663,666
s112014524043,s112014524047,1,664,665
s112014524043,s112014524050,1,664,666
s112014524047,s112014524042,1,665,663
s112014524047,s112014524043,1,665,664
s112014524047,s112014524050,1,665,666
s112014524050,s112014524042,1,666,663
s112014524050,s112014524043,1,666,664
s112014524050,s112014524047,1,666,665
s112014524054,s112014524055,1,667,668
s112014524054,s112014524058,1,667,669
s112014524055,s112014524054,1,668,667
s112014524058,s112014524064,1,669,670
s112014524058,s112014524065,1,669,671
s112014524058,s112014524074,1,669,679
s112014524058,s112014524075,1,669,680
s112014524064,s112014524058,1,670,669
s112014524064,s112014524066,1,670,672
s112014524064,s112014524074,1,670,679
s112014524064,s112014524075,1,670,680
s112014524066,s112014524064,1,672,670
s112014524067,s112014524080,1,673,683
s112014524068,s112014524069,1,674,675
s112014524068,s112014524071,1,674,677
s112014524068,s112014524072,1,674,678
s112014524068,s112014524080,1,674,683
s112014524069,s112014524068,1,675,674
s112014524069,s112014524071,1,675,677
s112014524069,s112014524072,1,675,678
s112014524069,s112014524081,1,675,684
s112014524070,s112014524068,1,676,674
s112014524070,s112014524069,1,676,675
s112014524070,s112014524071,1,676,677
s112014524070,s112014524072,1,676,678
s112014524070,s112014524074,1,676,679
s112014524072,s112014524068,1,678,674
s112014524072,s112014524069,1,678,675
s112014524074,s112014524058,1,679,669
s112014524074,s112014524064,1,679,670
s112014524074,s112014524065,1,679,671
s112014524074,s112014524075,1,679,680
s112014524075,s112014524058,1,680,669
s112014524075,s112014524064,1,680,670
s112014524075,s112014524074,1,680,679
s112014524075,s112014524079,1,680,682
s112014524076,s112014524068,1,681,674
s112014524076,s112014524071,1,681,677
s112014524076,s112014524075,1,681,680
s112014524079,s112014524065,1,682,671
s112014524079,s112014524066,1,682,672
s112014524079,s112014524075,1,682,680
s112014524080,s112014524068,1,683,674
s112014524080,s112014524071,1,683,677
s112014524080,s112014524081,1,683,684
s112014524081,s112014524071,1,684,677
s112014524081,s112014524072,1,684,678
s112014524081,s112014524080,1,684,683
s112014525024,s112014525025,1,685,686
s112014525024,s112014525027,1,685,688
s112014525024,s112014525029,1,685,689
s112014525024,s112014525034,1,685,693
s112014525025,s112014525024,1,686,685
s112014525025,s112014525026,1,686,687
s112014525025,s112014525030,1,686,690
s112014525025,s112014525034,1,686,693
s112014525026,s112014525024,1,687,685
s112014525026,s112014525025,1,687,686
s112014525026,s112014525034,1,687,693
s112014525026,s112014525035,1,687,694
s112014525027,s112014525029,1,688,689
s112014525027,s112014525031,1,688,691
s112014525027,s112014525036,1,688,695
s112014525029,s112014525027,1,689,688
s112014525029,s112014525034,1,689,693
s112014525029,s112014525035,1,689,694
s112014525029,s112014525037,1,689,696
s112014525030,s112014525025,1,690,686
s112014525030,s112014525026,1,690,687
s112014525030,s112014525031,1,690,691
s112014525030,s112014525034,1,690,693
s112014525030,s112014525046,1,690,704
s112014525031,s112014525027,1,691,688
s112014525031,s112014525030,1,691,690
s112014525033,s112014525035,1,692,694
s112014525033,s112014525037,1,692,696
s112014525034,s112014525025,1,693,686
s112014525034,s112014525026,1,693,687
s112014525034,s112014525029,1,693,689
s112014525035,s112014525029,1,694,689
s112014525035,s112014525034,1,694,693
s112014525035,s112014525036,1,694,695
s112014525035,s112014525037,1,694,696
s112014525036,s112014525027,1,695,688
s112014525036,s112014525029,1,695,689
s112014525036,s112014525034,1,695,693
s112014525036,s112014525035,1,695,694
s112014525036,s112014525037,1,695,696
s112014525037,s112014525027,1,696,688
s112014525037,s112014525029,1,696,689
s112014525037,s112014525034,1,696,693
s112014525037,s112014525035,1,696,694
s112014525037,s112014525036,1,696,695
s112014525038,s112014525041,1,697,700
s112014525038,s112014525043,1,697,701
s112014525038,s112014525046,1,697,704
s112014525038,s112014525048,1,697,706
s112014525039,s112014525041,1,698,700
s112014525039,s112014525044,1,698,702
s112014525039,s112014525045,1,698,703
s112014525039,s112014525046,1,698,704
s112014525039,s112014525047,1,698,705
s112014525040,s112014525029,1,699,689
s112014525040,s112014525043,1,699,701
s112014525040,s112014525044,1,699,702
s112014525040,s112014525045,1,699,703
s112014525040,s112014525047,1,699,705
s112014525041,s112014525026,1,700,687
s112014525041,s112014525038,1,700,697
s112014525041,s112014525040,1,700,699
s112014525041,s112014525043,1,700,701
s112014525041,s112014525048,1,700,706
s112014525043,s112014525040,1,701,699
s112014525043,s112014525044,1,701,702
s112014525043,s112014525046,1,701,704
s112014525043,s112014525048,1,701,706
s112014525044,s112014525040,1,702,699
s112014525044,s112014525043,1,702,701
s112014525044,s112014525045,1,702,703
s112014525044,s112014525046,1,702,704
s112014525044,s112014525047,1,702,705
s112014525045,s112014525040,1,703,699
s112014525045,s112014525044,1,703,702
s112014525045,s112014525046,1,703,704
s112014525045,s112014525047,1,703,705
s112014525046,s112014525043,1,704,701
s112014525046,s112014525048,1,704,706
s112014525047,s112014525026,1,705,687
s112014525047,s112014525035,1,705,694
s112014525047,s112014525044,1,705,702
s112014525048,s112014525040,1,706,699
s112014525048,s112014525041,1,706,700
s112014525048,s112014525043,1,706,701
s112014525048,s112014525046,1,706,704
s112014525051,s112014525053,1,707,709
s112014525051,s112014525054,1,707,710
s112014525051,s112014525059,1,707,714
s112014525051,s112014525062,1,707,717
s112014525051,s112014525063,1,707,718
s112014525052,s112014525054,1,708,710
s112014525052,s112014525057,1,708,712
s112014525052,s112014525059,1,708,714
s112014525052,s112014525063,1,708,718
s112014525052,s112014525064,1,708,719
s112014525053,s112014525052,1,709,708
s112014525053,s112014525059,1,709,714
s112014525054,s112014525051,1,710,707
s112014525054,s112014525052,1,710,708
s112014525054,s112014525059,1,710,714
s112014525054,s112014525063,1,710,718
s112014525054,s112014525064,1,710,719
s112014525056,s112014525052,1,711,708
s112014525056,s112014525057,1,711,712
s112014525056,s112014525059,1,711,714
s112014525056,s112014525062,1,711,717
s112014525056,s112014525064,1,711,719
s112014525057,s112014525052,1,712,708
s112014525057,s112014525054,1,712,710
s112014525057,s112014525056,1,712,711
s112014525057,s112014525059,1,712,714
s112014525057,s112014525062,1,712,717
s112014525058,s112014525051,1,713,707
s112014525058,s112014525054,1,713,710
s112014525058,s112014525061,1,713,716
s112014525058,s112014525063,1,713,718
s112014525058,s112014525073,1,713,728
s112014525059,s112014525051,1,714,707
s112014525059,s112014525052,1,714,708
s112014525059,s112014525053,1,714,709
s112014525059,s112014525054,1,714,710
s112014525059,s112014525057,1,714,712
s112014525060,s112014525051,1,715,707
s112014525060,s112014525052,1,715,708
s112014525060,s112014525054,1,715,710
s112014525060,s112014525062,1,715,717
s112014525060,s112014525075,1,715,729
s112014525061,s112014525051,1,716,707
s112014525061,s112014525062,1,716,717
s112014525061,s112014525063,1,716,718
s112014525061,s112014525069,1,716,724
s112014525061,s112014525070,1,716,725
s112014525062,s112014525052,1,717,708
s112014525062,s112014525054,1,717,710
s112014525062,s112014525057,1,717,712
s112014525062,s112014525064,1,717,719
s112014525064,s112014525052,1,719,708
s112014525064,s112014525053,1,719,709
s112014525064,s112014525054,1,719,710
s112014525064,s112014525062,1,719,717
s112014525064,s112014525063,1,719,718
s112014525065,s112014525066,1,720,721
s112014525065,s112014525071,1,720,726
s112014525065,s112014525072,1,720,727
s112014525065,s112014525075,1,720,729
s112014525065,s112014525076,1,720,730
s112014525066,s112014525065,1,721,720
s112014525066,s112014525068,1,721,723
s112014525066,s112014525071,1,721,726
s112014525066,s112014525073,1,721,728
s112014525066,s112014525075,1,721,729
s112014525067,s112014525068,1,722,723
s112014525067,s112014525072,1,722,727
s112014525067,s112014525075,1,722,729
s112014525067,s112014525077,1,722,731
s112014525068,s112014525069,1,723,724
s112014525068,s112014525070,1,723,725
s112014525068,s112014525073,1,723,728
s112014525068,s112014525077,1,723,731
s112014525069,s112014525067,1,724,722
s112014525069,s112014525068,1,724,723
s112014525069,s112014525070,1,724,725
s112014525069,s112014525077,1,724,731
s112014525070,s112014525067,1,725,722
s112014525070,s112014525068,1,725,723
s112014525070,s112014525069,1,725,724
s112014525070,s112014525076,1,725,730
s112014525070,s112014525077,1,725,731
s112014525071,s112014525056,1,726,711
s112014525071,s112014525065,1,726,720
s112014525071,s112014525066,1,726,721
s112014525071,s112014525073,1,726,728
s112014525071,s112014525075,1,726,729
s112014525072,s112014525067,1,727,722
s112014525072,s112014525075,1,727,729
s112014525073,s112014525052,1,728,708
s112014525073,s112014525057,1,728,712
s112014525073,s112014525059,1,728,714
s112014525073,s112014525071,1,728,726
s112014525073,s112014525075,1,728,729
s112014525075,s112014525052,1,729,708
s112014525075,s112014525059,1,729,714
s112014525075,s112014525073,1,729,728
s112014525076,s112014525065,1,730,720
s112014525076,s112014525068,1,730,723
s112014525076,s112014525077,1,730,731
s112014525077,s112014525068,1,731,723
s112014525077,s112014525069,1,731,724
s112014525077,s112014525076,1,731,730
s112014531024,s112014531027,1,757,759
s112014531024,s112014531033,1,757,762
s112014531024,s112014531036,1,757,763
s112014531026,s112014531029,1,758,760
s112014531026,s112014531030,1,758,761
s112014531026,s112014531033,1,758,762
s112014531027,s112014531024,1,759,757
s112014531027,s112014531033,1,759,762
s112014531027,s112014531036,1,759,763
s112014531029,s112014531026,1,760,758
s112014531029,s112014531030,1,760,761
s112014531029,s112014531046,1,760,773
s112014531030,s112014531026,1,761,758
s112014531030,s112014531029,1,761,760
s112014531033,s112014531024,1,762,757
s112014531033,s112014531026,1,762,758
s112014531033,s112014531027,1,762,759
s112014531033,s112014531036,1,762,763
s112014531036,s112014531027,1,763,759
s112014531036,s112014531029,1,763,760
s112014531036,s112014531030,1,763,761
s112014531036,s112014531033,1,763,762
s112014531037,s112014531030,1,764,761
s112014531037,s112014531039,1,764,766
s112014531038,s112014531047,1,765,774
s112014531038,s112014531048,1,765,775
s112014531039,s112014531026,1,766,758
s112014531039,s112014531030,1,766,761
s112014531039,s112014531037,1,766,764
s112014531040,s112014531041,1,767,768
s112014531040,s112014531044,1,767,771
s112014531040,s112014531046,1,767,773
s112014531040,s112014531050,1,767,777
s112014531040,s112014531055,1,767,782
s112014531041,s112014531038,1,768,765
s112014531041,s112014531040,1,768,767
s112014531041,s112014531044,1,768,771
s112014531041,s112014531048,1,768,775
s112014531041,s112014531049,1,768,776
s112014531042,s112014531043,1,769,770
s112014531042,s112014531044,1,769,771
s112014531042,s112014531051,1,769,778
s112014531042,s112014531053,1,769,780
s112014531042,s112014531054,1,769,781
s112014531043,s112014531042,1,770,769
s112014531043,s112014531044,1,770,771
s112014531043,s112014531045,1,770,772
s112014531043,s112014531055,1,770,782
s112014531044,s112014531040,1,771,767
s112014531044,s112014531043,1,771,770
s112014531044,s112014531045,1,771,772
s112014531044,s112014531050,1,771,777
s112014531044,s112014531055,1,771,782
s112014531045,s112014531040,1,772,767
s112014531045,s112014531043,1,772,770
s112014531045,s112014531044,1,772,771
s112014531045,s112014531050,1,772,777
s112014531045,s112014531055,1,772,782
s112014531046,s112014531040,1,773,767
s112014531046,s112014531049,1,773,776
s112014531046,s112014531051,1,773,778
s112014531046,s112014531052,1,773,779
s112014531046,s112014531053,1,773,780
s112014531047,s112014531038,1,774,765
s112014531047,s112014531043,1,774,770
s112014531047,s112014531044,1,774,771
s112014531047,s112014531048,1,774,775
s112014531047,s112014531054,1,774,781
s112014531048,s112014531038,1,775,765
s112014531048,s112014531041,1,775,768
s112014531048,s112014531043,1,775,770
s112014531048,s112014531047,1,775,774
s112014531049,s112014531040,1,776,767
s112014531049,s112014531041,1,776,768
s112014531049,s112014531046,1,776,773
s112014531049,s112014531051,1,776,778
s112014531049,s112014531052,1,776,779
s112014531050,s112014531040,1,777,767
s112014531050,s112014531044,1,777,771
s112014531050,s112014531045,1,777,772
s112014531050,s112014531054,1,777,781
s112014531050,s112014531055,1,777,782
s112014531051,s112014531040,1,778,767
s112014531051,s112014531042,1,778,769
s112014531051,s112014531044,1,778,771
s112014531051,s112014531046,1,778,773
s112014531051,s112014531053,1,778,780
s112014531052,s112014531040,1,779,767
s112014531052,s112014531042,1,779,769
s112014531052,s112014531046,1,779,773
s112014531052,s112014531049,1,779,776
s112014531052,s112014531053,1,779,780
s112014531053,s112014531040,1,780,767
s112014531053,s112014531042,1,780,769
s112014531053,s112014531046,1,780,773
s112014531053,s112014531051,1,780,778
s112014531053,s112014531052,1,780,779
s112014531054,s112014531043,1,781,770
s112014531054,s112014531044,1,781,771
s112014531054,s112014531045,1,781,772
s112014531054,s112014531047,1,781,774
s112014531054,s112014531055,1,781,782
s112014531055,s112014531040,1,782,767
s112014531055,s112014531043,1,782,770
s112014531055,s112014531044,1,782,771
s112014531055,s112014531045,1,782,772
s112014531055,s112014531050,1,782,777
s112014531059,s112014531058,1,733,732
s112014531059,s112014531060,1,733,734
s112014531059,s112014531061,1,733,735
s112014531059,s112014531069,1,733,741
s112014531059,s112014531072,1,733,744
s112014531060,s112014531059,1,734,733
s112014531060,s112014531061,1,734,735
s112014531060,s112014531069,1,734,741
s112014531060,s112014531072,1,734,744
s112014531060,s112014531080,1,734,749
s112014531061,s112014531058,1,735,732
s112014531061,s112014531059,1,735,733
s112014531061,s112014531060,1,735,734
s112014531061,s112014531072,1,735,744
s112014531062,s112014531058,1,736,732
s112014531062,s112014531068,1,736,740
s112014531063,s112014531065,1,737,738
s112014531063,s112014531066,1,737,739
s112014531063,s112014531068,1,737,740
s112014531065,s112014531063,1,738,737
s112014531065,s112014531066,1,738,739
s112014531065,s112014531072,1,738,744
s112014531066,s112014531063,1,739,737
s112014531066,s112014531065,1,739,738
s112014531068,s112014531059,1,740,733
s112014531068,s112014531060,1,740,734
s112014531068,s112014531061,1,740,735
s112014531068,s112014531062,1,740,736
s112014531068,s112014531066,1,740,739
s112014531069,s112014531070,1,741,742
s112014531069,s112014531071,1,741,743
s112014531070,s112014531058,1,742,732
s112014531070,s112014531069,1,742,741
s112014531070,s112014531071,1,742,743
s112014531070,s112014531080,1,742,749
s112014531071,s112014531058,1,743,732
s112014531071,s112014531059,1,743,733
s112014531071,s112014531069,1,743,741
s112014531071,s112014531070,1,743,742
s112014531072,s112014531059,1,744,733
s112014531072,s112014531060,1,744,734
s112014531072,s112014531061,1,744,735
s112014531072,s112014531069,1,744,741
s112014531076,s112014531085,1,745,752
s112014531076,s112014531086,1,745,753
s112014531076,s112014531087,1,745,754
s112014531076,s112014531089,1,745,756
s112014531077,s112014531078,1,746,747
s112014531077,s112014531079,1,746,748
s112014531077,s112014531082,1,746,751
s112014531077,s112014531088,1,746,755
s112014531078,s112014531077,1,747,746
s112014531078,s112014531081,1,747,750
s112014531078,s112014531089,1,747,756
s112014531079,s112014531076,1,748,745
s112014531079,s112014531077,1,748,746
s112014531079,s112014531078,1,748,747
s112014531079,s112014531086,1,748,753
s112014531080,s112014531076,1,749,745
s112014531080,s112014531082,1,749,751
s112014531080,s112014531085,1,749,752
s112014531080,s112014531089,1,749,756
s112014531082,s112014531068,1,751,740
s112014531082,s112014531069,1,751,741
s112014531082,s112014531070,1,751,742
s112014531082,s112014531071,1,751,743
s112014531082,s112014531072,1,751,744
s112014531085,s112014531076,1,752,745
s112014531085,s112014531082,1,752,751
s112014531085,s112014531086,1,752,753
s112014531085,s112014531087,1,752,754
s112014531086,s112014531061,1,753,735
s112014531086,s112014531076,1,753,745
s112014531086,s112014531085,1,753,752
s112014531086,s112014531087,1,753,754
s112014531086,s112014531088,1,753,755
s112014531087,s112014531076,1,754,745
s112014531087,s112014531082,1,754,751
s112014531087,s112014531085,1,754,752
s112014531087,s112014531086,1,754,753
s112014531088,s112014531076,1,755,745
s112014531088,s112014531081,1,755,750
s112014531088,s112014531082,1,755,751
s112014531088,s112014531085,1,755,752
s112014531088,s112014531086,1,755,753
s112014531089,s112014531063,1,756,737
s112014531089,s112014531065,1,756,738
s112014531089,s112014531076,1,756,745
s112014555024,s112014555025,1,783,784
s112014555024,s112014555032,1,783,787
s112014555024,s112014555033,1,783,788
s112014555024,s112014555035,1,783,789
s112014555024,s112014555037,1,783,790
s112014555025,s112014555024,1,784,783
s112014555025,s112014555032,1,784,787
s112014555025,s112014555033,1,784,788
s112014555025,s112014555035,1,784,789
s112014555025,s112014555048,1,784,796
s112014555030,s112014555025,1,786,784
s112014555030,s112014555028,1,786,785
s112014555030,s112014555032,1,786,787
s112014555030,s112014555035,1,786,789
s112014555030,s112014555037,1,786,790
s112014555032,s112014555025,1,787,784
s112014555032,s112014555030,1,787,786
s112014555032,s112014555035,1,787,789
s112014555033,s112014555024,1,788,783
s112014555033,s112014555025,1,788,784
s112014555033,s112014555032,1,788,787
s112014555033,s112014555035,1,788,789
s112014555037,s112014555038,1,790,791
s112014555037,s112014555040,1,790,792
s112014555037,s112014555045,1,790,794
s112014555037,s112014555046,1,790,795
s112014555037,s112014555048,1,790,796
s112014555038,s112014555037,1,791,790
s112014555038,s112014555042,1,791,793
s112014555038,s112014555048,1,791,796
s112014555040,s112014555037,1,792,790
s112014555040,s112014555045,1,792,794
s112014555040,s112014555046,1,792,795
s112014555040,s112014555048,1,792,796
s112014555042,s112014555037,1,793,790
s112014555042,s112014555038,1,793,791
s112014555042,s112014555048,1,793,796
s112014555045,s112014555024,1,794,783
s112014555045,s112014555037,1,794,790
s112014555045,s112014555046,1,794,795
s112014555046,s112014555028,1,795,785
s112014555046,s112014555030,1,795,786
s112014555046,s112014555037,1,795,790
s112014555046,s112014555040,1,795,792
s112014555046,s112014555045,1,795,794
s112014555048,s112014555025,1,796,784
s112014555048,s112014555038,1,796,791
s112014555048,s112014555042,1,796,793
s112014555049,s112014555045,1,797,794
s112014555049,s112014555046,1,797,795
s112014555053,s112014555057,1,798,799
s112014555057,s112014555060,1,799,801
s112014555059,s112014555053,1,800,798
s112014555059,s112014555060,1,800,801
s112014555059,s112014555061,1,800,802
s112014555060,s112014555057,1,801,799
s112014555060,s112014555059,1,801,800
s112014555060,s112014555061,1,801,802
s112014555061,s112014555059,1,802,800
s112014555061,s112014555060,1,802,801
s112014555061,s112014555064,1,802,804
s112014555063,s112014555057,1,803,799
s112014555063,s112014555064,1,803,804
s112014555063,s112014555071,1,803,810
s112014555063,s112014555074,1,803,813
s112014555064,s112014555057,1,804,799
s112014555064,s112014555061,1,804,802
s112014555064,s112014555063,1,804,803
s112014555065,s112014555068,1,805,808
s112014555065,s112014555071,1,805,810
s112014555066,s112014555067,1,806,807
s112014555066,s112014555068,1,806,808
s112014555066,s112014555073,1,806,812
s112014555067,s112014555073,1,807,812
s112014555067,s112014555074,1,807,813
s112014555068,s112014555065,1,808,805
s112014555068,s112014555066,1,808,806
s112014555068,s112014555071,1,808,810
s112014555068,s112014555072,1,808,811
s112014555068,s112014555074,1,808,813
s112014555071,s112014555063,1,810,803
s112014555071,s112014555064,1,810,804
s112014555071,s112014555065,1,810,805
s112014555071,s112014555072,1,810,811
s112014555071,s112014555074,1,810,813
s112014555072,s112014555060,1,811,801
s112014555072,s112014555074,1,811,813
s112014555073,s112014555066,1,812,806
s112014555073,s112014555067,1,812,807
s112014555074,s112014555065,1,813,805
s112014555074,s112014555067,1,813,807
s112014555074,s112014555071,1,813,810
s112014555074,s112014555072,1,813,811
s112014559024,s112014559030,1,814,819
s112014559024,s112014559036,1,814,824
s112014559025,s112014559029,1,815,818
s112014559025,s112014559038,1,815,825
s112014559025,s112014559040,1,815,827
s112014559025,s112014559041,1,815,828
s112014559026,s112014559025,1,816,815
s112014559026,s112014559028,1,816,817
s112014559026,s112014559041,1,816,828
s112014559028,s112014559026,1,817,816
s112014559028,s112014559032,1,817,820
s112014559028,s112014559034,1,817,822
s112014559028,s112014559036,1,817,824
s112014559028,s112014559039,1,817,826
s112014559029,s112014559038,1,818,825
s112014559029,s112014559040,1,818,827
s112014559029,s112014559041,1,818,828
s112014559029,s112014559047,1,818,834
s112014559030,s112014559024,1,819,814
s112014559030,s112014559028,1,819,817
s112014559030,s112014559032,1,819,820
s112014559030,s112014559033,1,819,821
s112014559030,s112014559034,1,819,822
s112014559032,s112014559030,1,820,819
s112014559032,s112014559033,1,820,821
s112014559032,s112014559034,1,820,822
s112014559032,s112014559039,1,820,826
s112014559033,s112014559030,1,821,819
s112014559033,s112014559032,1,821,820
s112014559033,s112014559034,1,821,822
s112014559033,s112014559039,1,821,826
s112014559034,s112014559030,1,822,819
s112014559034,s112014559032,1,822,820
s112014559034,s112014559033,1,822,821
s112014559034,s112014559039,1,822,826
s112014559035,s112014559025,1,823,815
s112014559035,s112014559038,1,823,825
s112014559035,s112014559040,1,823,827
s112014559035,s112014559041,1,823,828
s112014559036,s112014559024,1,824,814
s112014559036,s112014559030,1,824,819
s112014559036,s112014559032,1,824,820
s112014559036,s112014559039,1,824,826
s112014559040,s112014559025,1,827,815
s112014559040,s112014559035,1,827,823
s112014559040,s112014559038,1,827,825
s112014559040,s112014559041,1,827,828
s112014559041,s112014559025,1,828,815
s112014559041,s112014559029,1,828,818
s112014559041,s112014559046,1,828,833
s112014559041,s112014559047,1,828,834
s112014559042,s112014559043,1,829,830
s112014559042,s112014559046,1,829,833
s112014559042,s112014559047,1,829,834
s112014559042,s112014559052,1,829,837
s112014559044,s112014559033,1,831,821
s112014559044,s112014559048,1,831,835
s112014559044,s112014559054,1,831,839
s112014559044,s112014559055,1,831,840
s112014559045,s112014559042,1,832,829
s112014559045,s112014559043,1,832,830
s112014559045,s112014559047,1,832,834
s112014559045,s112014559050,1,832,836
s112014559045,s112014559052,1,832,837
s112014559046,s112014559028,1,833,817
s112014559046,s112014559042,1,833,829
s112014559046,s112014559043,1,833,830
s112014559046,s112014559047,1,833,834
s112014559047,s112014559041,1,834,828
s112014559047,s112014559042,1,834,829
s112014559047,s112014559043,1,834,830
s112014559047,s112014559046,1,834,833
s112014559047,s112014559050,1,834,836
s112014559048,s112014559032,1,835,820
s112014559048,s112014559033,1,835,821
s112014559048,s112014559044,1,835,831
s112014559048,s112014559054,1,835,839
s112014559048,s112014559055,1,835,840
s112014559050,s112014559042,1,836,829
s112014559050,s112014559045,1,836,832
s112014559050,s112014559047,1,836,834
s112014559050,s112014559048,1,836,835
s112014559052,s112014559043,1,837,830
s112014559052,s112014559045,1,837,832
s112014559052,s112014559053,1,837,838
s112014559053,s112014559045,1,838,832
s112014559053,s112014559046,1,838,833
s112014559053,s112014559052,1,838,837
s112014559054,s112014559032,1,839,820
s112014559054,s112014559033,1,839,821
s112014559054,s112014559034,1,839,822
s112014559054,s112014559048,1,839,835
s112014559054,s112014559055,1,839,840
s112014559055,s112014559032,1,840,820
s112014559055,s112014559033,1,840,821
s112014559055,s112014559034,1,840,822
s112014559055,s112014559048,1,840,835
s112014559055,s112014559054,1,840,839
s112014559058,s112014559062,1,841,844
s112014559058,s112014559064,1,841,845
s112014559058,s112014559066,1,841,846
s112014559061,s112014559062,1,843,844
s112014559061,s112014559066,1,843,846
s112014559061,s112014559067,1,843,847
s112014559062,s112014559064,1,844,845
s112014559062,s112014559066,1,844,846
s112014559062,s112014559071,1,844,850
s112014559064,s112014559058,1,845,841
s112014559064,s112014559060,1,845,842
s112014559064,s112014559062,1,845,844
s112014559066,s112014559058,1,846,841
s112014559066,s112014559068,1,846,848
s112014559067,s112014559068,1,847,848
s112014559068,s112014559070,1,848,849
s112014559068,s112014559075,1,848,853
s112014559070,s112014559068,1,849,848
s112014559070,s112014559073,1,849,851
s112014559070,s112014559080,1,849,857
s112014559073,s112014559067,1,851,847
s112014559073,s112014559070,1,851,849
s112014559073,s112014559075,1,851,853
s112014559075,s112014559068,1,853,848
s112014559075,s112014559070,1,853,849
s112014559075,s112014559073,1,853,851
s112014559078,s112014559076,1,855,854
s112014559078,s112014559079,1,855,856
s112014559078,s112014559085,1,855,861
s112014559079,s112014559076,1,856,854
s112014559079,s112014559078,1,856,855
s112014559079,s112014559083,1,856,859
s112014559080,s112014559070,1,857,849
s112014559080,s112014559081,1,857,858
s112014559080,s112014559086,1,857,862
s112014559080,s112014559087,1,857,863
s112014559081,s112014559080,1,858,857
s112014559081,s112014559083,1,858,859
s112014559081,s112014559087,1,858,863
s112014559081,s112014559090,1,858,866
s112014559083,s112014559081,1,859,858
s112014559083,s112014559087,1,859,863
s112014559083,s112014559089,1,859,865
s112014559083,s112014559090,1,859,866
s112014559084,s112014559088,1,860,864
s112014559085,s112014559076,1,861,854
s112014559085,s112014559078,1,861,855
s112014559085,s112014559079,1,861,856
s112014559085,s112014559080,1,861,857
s112014559085,s112014559086,1,861,862
s112014559086,s112014559058,1,862,841
s112014559086,s112014559080,1,862,857
s112014559086,s112014559081,1,862,858
s112014559086,s112014559087,1,862,863
s112014559086,s112014559090,1,862,866
s112014559087,s112014559080,1,863,857
s112014559087,s112014559081,1,863,858
s112014559087,s112014559086,1,863,862
s112014559087,s112014559089,1,863,865
s112014559088,s112014559079,1,864,856
s112014559088,s112014559081,1,864,858
s112014559088,s112014559085,1,864,861
s112014559088,s112014559087,1,864,863
s112014559088,s112014559090,1,864,866
s112014559089,s112014559068,1,865,848
s112014559089,s112014559081,1,865,858
s112014559089,s112014559083,1,865,859
s112014559089,s112014559090,1,865,866
s112014559090,s112014559081,1,866,858
s112014559090,s112014559083,1,866,859
s112014559090,s112014559086,1,866,862
s112014559090,s112014559087,1,866,863
s112014559090,s112014559089,1,866,865
s112014560025,s112014560031,1,867,873
s112014560025,s112014560033,1,867,875
s112014560025,s112014560034,1,867,876
s112014560026,s112014560032,1,868,874
s112014560027,s112014560025,1,869,867
s112014560027,s112014560026,1,869,868
s112014560027,s112014560032,1,869,874
s112014560027,s112014560033,1,869,875
s112014560028,s112014560027,1,870,869
s112014560028,s112014560031,1,870,873
s112014560028,s112014560032,1,870,874
s112014560028,s112014560037,1,870,878
s112014560028,s112014560039,1,870,880
s112014560029,s112014560026,1,871,868
s112014560029,s112014560030,1,871,872
s112014560029,s112014560032,1,871,874
s112014560029,s112014560035,1,871,877
s112014560030,s112014560026,1,872,868
s112014560030,s112014560029,1,872,871
s112014560030,s112014560032,1,872,874
s112014560030,s112014560035,1,872,877
s112014560031,s112014560027,1,873,869
s112014560031,s112014560028,1,873,870
s112014560032,s112014560026,1,874,868
s112014560032,s112014560033,1,874,875
s112014560032,s112014560034,1,874,876
s112014560032,s112014560035,1,874,877
s112014560033,s112014560025,1,875,867
s112014560033,s112014560026,1,875,868
s112014560033,s112014560032,1,875,874
s112014560033,s112014560034,1,875,876
s112014560033,s112014560035,1,875,877
s112014560034,s112014560025,1,876,867
s112014560034,s112014560026,1,876,868
s112014560034,s112014560032,1,876,874
s112014560034,s112014560033,1,876,875
s112014560034,s112014560035,1,876,877
s112014560035,s112014560032,1,877,874
s112014560037,s112014560038,1,878,879
s112014560037,s112014560040,1,878,881
s112014560037,s112014560042,1,878,883
s112014560037,s112014560043,1,878,884
s112014560038,s112014560037,1,879,878
s112014560038,s112014560039,1,879,880
s112014560038,s112014560043,1,879,884
s112014560039,s112014560037,1,880,878
s112014560039,s112014560038,1,880,879
s112014560039,s112014560040,1,880,881
s112014560039,s112014560042,1,880,883
s112014560040,s112014560042,1,881,883
s112014560041,s112014560040,1,882,881
s112014560041,s112014560046,1,882,885
s112014560042,s112014560038,1,883,879
s112014560042,s112014560040,1,883,881
s112014560042,s112014560043,1,883,884
s112014560043,s112014560037,1,884,878
s112014560043,s112014560038,1,884,879
s112014560043,s112014560042,1,884,883
s112014560046,s112014560038,1,885,879
s112014560046,s112014560041,1,885,882
s112014560052,s112014560055,1,886,888
s112014560052,s112014560056,1,886,889
s112014560052,s112014560059,1,886,892
s112014560053,s112014560052,1,887,886
s112014560053,s112014560060,1,887,893
s112014560053,s112014560061,1,887,894
s112014560053,s112014560071,1,887,902
s112014560055,s112014560056,1,888,889
s112014560055,s112014560059,1,888,892
s112014560055,s112014560060,1,888,893
s112014560056,s112014560057,1,889,890
s112014560056,s112014560058,1,889,891
s112014560056,s112014560060,1,889,893
s112014560056,s112014560061,1,889,894
s112014560057,s112014560052,1,890,886
s112014560057,s112014560056,1,890,889
s112014560057,s112014560058,1,890,891
s112014560057,s112014560059,1,890,892
s112014560057,s112014560060,1,890,893
s112014560058,s112014560056,1,891,889
s112014560058,s112014560057,1,891,890
s112014560058,s112014560060,1,891,893
s112014560058,s112014560061,1,891,894
s112014560059,s112014560052,1,892,886
s112014560059,s112014560055,1,892,888
s112014560059,s112014560060,1,892,893
s112014560060,s112014560056,1,893,889
s112014560060,s112014560058,1,893,891
s112014560060,s112014560059,1,893,892
s112014560060,s112014560061,1,893,894
s112014560060,s112014560068,1,893,900
s112014560061,s112014560056,1,894,889
s112014560061,s112014560058,1,894,891
s112014560061,s112014560060,1,894,893
s112014560063,s112014560064,1,895,896
s112014560063,s112014560066,1,895,898
s112014560063,s112014560067,1,895,899
s112014560063,s112014560072,1,895,903
s112014560064,s112014560063,1,896,895
s112014560064,s112014560065,1,896,897
s112014560064,s112014560066,1,896,898
s112014560064,s112014560067,1,896,899
s112014560065,s112014560064,1,897,896
s112014560065,s112014560066,1,897,898
s112014560065,s112014560067,1,897,899
s112014560065,s112014560072,1,897,903
s112014560066,s112014560063,1,898,895
s112014560066,s112014560064,1,898,896
s112014560066,s112014560065,1,898,897
s112014560066,s112014560067,1,898,899
s112014560066,s112014560072,1,898,903
s112014560067,s112014560063,1,899,895
s112014560067,s112014560064,1,899,896
s112014560067,s112014560065,1,899,897
s112014560067,s112014560066,1,899,898
s112014560067,s112014560070,1,899,901
s112014560068,s112014560064,1,900,896
s112014560068,s112014560067,1,900,899
s112014560068,s112014560070,1,900,901
s112014560068,s112014560071,1,900,902
s112014560068,s112014560072,1,900,903
s112014560070,s112014560068,1,901,900
s112014560070,s112014560071,1,901,902
s112014560070,s112014560072,1,901,903
s112014560071,s112014560065,1,902,897
s112014560071,s112014560068,1,902,900
s112014560071,s112014560070,1,902,901
s112014560071,s112014560072,1,902,903
s112014560072,s112014560064,1,903,896
s112014560072,s112014560065,1,903,897
s112014560072,s112014560066,1,903,898
s112014560072,s112014560067,1,903,899
s112014560072,s112014560068,1,903,900
s112014566024,s112014566028,1,904,906
s112014566024,s112014566030,1,904,908
s112014566024,s112014566035,1,904,912
s112014566024,s112014566036,1,904,913
s112014566025,s112014566028,1,905,906
s112014566025,s112014566032,1,905,910
s112014566025,s112014566036,1,905,913
s112014566028,s112014566024,1,906,904
s112014566028,s112014566035,1,906,912
s112014566028,s112014566036,1,906,913
s112014566029,s112014566033,1,907,911
s112014566030,s112014566024,1,908,904
s112014566030,s112014566028,1,908,906
s112014566030,s112014566035,1,908,912
s112014566030,s112014566036,1,908,913
s112014566031,s112014566051,1,909,921
s112014566032,s112014566025,1,910,905
s112014566032,s112014566033,1,910,911
s112014566033,s112014566029,1,911,907
s112014566035,s112014566028,1,912,906
s112014566035,s112014566030,1,912,908
s112014566035,s112014566036,1,912,913
s112014566036,s112014566025,1,913,905
s112014566036,s112014566028,1,913,906
s112014566036,s112014566035,1,913,912
s112014566037,s112014566024,1,914,904
s112014566037,s112014566032,1,914,910
s112014566037,s112014566036,1,914,913
s112014566037,s112014566045,1,914,919
s112014566039,s112014566025,1,915,905
s112014566039,s112014566045,1,915,919
s112014566039,s112014566047,1,915,920
s112014566041,s112014566051,1,916,921
s112014566043,s112014566044,1,917,918
s112014566043,s112014566047,1,917,920
s112014566044,s112014566041,1,918,916
s112014566044,s112014566051,1,918,921
s112014566047,s112014566039,1,920,915
s112014566047,s112014566043,1,920,917
s112014566047,s112014566051,1,920,921
s112014566056,s112014566061,1,922,924
s112014566056,s112014566065,1,922,927
s112014566059,s112014566074,1,923,931
s112014566059,s112014566076,1,923,933
s112014566061,s112014566056,1,924,922
s112014566063,s112014566073,1,925,930
s112014566063,s112014566076,1,925,933
s112014566064,s112014566056,1,926,922
s112014566064,s112014566076,1,926,933
s112014566065,s112014566056,1,927,922
s112014566065,s112014566066,1,927,928
s112014566066,s112014566065,1,928,927
s112014566071,s112014566073,1,929,930
s112014566071,s112014566076,1,929,933
s112014566073,s112014566071,1,930,929
s112014566073,s112014566080,1,930,935
s112014566074,s112014566075,1,931,932
s112014566074,s112014566078,1,931,934
s112014566074,s112014566080,1,931,935
s112014566074,s112014566081,1,931,936
s112014566074,s112014566082,1,931,937
s112014566075,s112014566071,1,932,929
s112014566075,s112014566073,1,932,930
s112014566075,s112014566074,1,932,931
s112014566075,s112014566081,1,932,936
s112014566076,s112014566059,1,933,923
s112014566076,s112014566064,1,933,926
s112014566078,s112014566074,1,934,931
s112014566078,s112014566080,1,934,935
s112014566078,s112014566081,1,934,936
s112014566080,s112014566073,1,935,930
s112014566080,s112014566074,1,935,931
s112014566080,s112014566078,1,935,934
s112014566080,s112014566081,1,935,936
s112014566080,s112014566082,1,935,937
s112014566081,s112014566059,1,936,923
s112014566081,s112014566078,1,936,934
s112014566081,s112014566080,1,936,935
s112014566082,s112014566074,1,937,931
s112014566082,s112014566078,1,937,934
s112014566082,s112014566081,1,937,936
s112014576024,s112014576025,1,938,939
s112014576024,s112014576027,1,938,940
s112014576024,s112014576031,1,938,942
s112014576024,s112014576034,1,938,944
s112014576024,s112014576042,1,938,950
s112014576025,s112014576024,1,939,938
s112014576025,s112014576027,1,939,940
s112014576025,s112014576031,1,939,942
s112014576025,s112014576034,1,939,944
s112014576027,s112014576025,1,940,939
s112014576027,s112014576031,1,940,942
s112014576027,s112014576045,1,940,952
s112014576027,s112014576046,1,940,953
s112014576027,s112014576047,1,940,954
s112014576030,s112014576024,1,941,938
s112014576030,s112014576025,1,941,939
s112014576030,s112014576027,1,941,940
s112014576030,s112014576031,1,941,942
s112014576031,s112014576024,1,942,938
s112014576031,s112014576025,1,942,939
s112014576031,s112014576027,1,942,940
s112014576031,s112014576034,1,942,944
s112014576032,s112014576024,1,943,938
s112014576032,s112014576031,1,943,942
s112014576032,s112014576034,1,943,944
s112014576032,s112014576037,1,943,946
s112014576034,s112014576024,1,944,938
s112014576034,s112014576025,1,944,939
s112014576034,s112014576031,1,944,942
s112014576034,s112014576045,1,944,952
s112014576036,s112014576025,1,945,939
s112014576036,s112014576030,1,945,941
s112014576036,s112014576034,1,945,944
s112014576037,s112014576031,1,946,942
s112014576037,s112014576038,1,946,947
s112014576037,s112014576039,1,946,948
s112014576037,s112014576043,1,946,951
s112014576037,s113014576004,1,946,956
s112014576038,s112014576039,1,947,948
s112014576038,s112014576040,1,947,949
s112014576038,s112014576043,1,947,951
s112014576038,s113014576004,1,947,956
s112014576039,s112014576037,1,948,946
s112014576039,s112014576038,1,948,947
s112014576039,s112014576040,1,948,949
s112014576039,s112014576043,1,948,951
s112014576039,s113014576005,1,948,957
s112014576040,s112014576038,1,949,947
s112014576040,s112014576039,1,949,948
s112014576040,s112014576042,1,949,950
s112014576040,s112014576043,1,949,951
s112014576040,s113014576005,1,949,957
s112014576042,s112014576027,1,950,940
s112014576042,s112014576040,1,950,949
s112014576042,s112014576045,1,950,952
s112014576042,s112014576046,1,950,953
s112014576042,s113014576005,1,950,957
s112014576043,s112014576038,1,951,947
s112014576043,s112014576039,1,951,948
s112014576045,s112014576040,1,952,949
s112014576045,s112014576042,1,952,950
s112014576045,s112014576046,1,952,953
s112014576045,s112014576047,1,952,954
s112014576045,s113014576005,1,952,957
s112014576046,s112014576027,1,953,940
s112014576046,s112014576040,1,953,949
s112014576046,s112014576043,1,953,951
s112014576046,s112014576045,1,953,952
s112014576046,s112014576047,1,953,954
s112014576047,s112014576027,1,954,940
s112014576047,s112014576040,1,954,949
s112014576047,s112014576042,1,954,950
s112014576047,s112014576045,1,954,952
s112014576047,s112014576046,1,954,953
s112014576051,s112014576057,1,958,964
s112014576051,s112014576060,1,958,967
s112014576051,s112014576061,1,958,968
s112014576051,s112014576062,1,958,969
s112014576051,s112014576076,1,958,981
s112014576052,s112014576051,1,959,958
s112014576052,s112014576054,1,959,961
s112014576052,s112014576061,1,959,968
s112014576052,s112014576062,1,959,969
s112014576052,s112014576063,1,959,970
s112014576053,s112014576057,1,960,964
s112014576053,s112014576058,1,960,965
s112014576053,s112014576060,1,960,967
s112014576053,s112014576061,1,960,968
s112014576053,s112014576063,1,960,970
s112014576054,s112014576053,1,961,960
s112014576054,s112014576055,1,961,962
s112014576054,s112014576057,1,961,964
s112014576054,s112014576061,1,961,968
s112014576054,s112014576062,1,961,969
s112014576055,s112014576053,1,962,960
s112014576055,s112014576056,1,962,963
s112014576055,s112014576063,1,962,970
s112014576056,s112014576053,1,963,960
s112014576056,s112014576054,1,963,961
s112014576056,s112014576055,1,963,962
s112014576056,s112014576058,1,963,965
s112014576056,s112014576063,1,963,970
s112014576057,s112014576053,1,964,960
s112014576057,s112014576061,1,964,968
s112014576057,s112014576062,1,964,969
s112014576057,s112014576063,1,964,970
s112014576057,s112014576075,1,964,980
s112014576058,s112014576053,1,965,960
s112014576058,s112014576055,1,965,962
s112014576058,s112014576060,1,965,967
s112014576058,s112014576062,1,965,969
s112014576058,s112014576063,1,965,970
s112014576059,s112014576054,1,966,961
s112014576059,s112014576056,1,966,963
s112014576060,s112014576051,1,967,958
s112014576060,s112014576053,1,967,960
s112014576060,s112014576058,1,967,965
s112014576060,s112014576061,1,967,968
s112014576060,s112014576063,1,967,970
s112014576061,s112014576051,1,968,958
s112014576061,s112014576062,1,968,969
s112014576061,s112014576065,1,968,972
s112014576061,s112014576076,1,968,981
s112014576062,s112014576058,1,969,965
s112014576062,s112014576060,1,969,967
s112014576062,s112014576061,1,969,968
s112014576062,s112014576063,1,969,970
s112014576062,s112014576064,1,969,971
s112014576063,s112014576053,1,970,960
s112014576063,s112014576057,1,970,964
s112014576063,s112014576058,1,970,965
s112014576063,s112014576060,1,970,967
s112014576063,s112014576062,1,970,969
s112014576064,s112014576067,1,971,974
s112014576064,s112014576069,1,971,975
s112014576064,s112014576074,1,971,979
s112014576064,s112014576075,1,971,980
s112014576064,s113014576006,1,971,982
s112014576066,s112014576051,1,973,958
s112014576066,s112014576060,1,973,967
s112014576066,s112014576061,1,973,968
s112014576066,s112014576065,1,973,972
s112014576066,s112014576076,1,973,981
s112014576067,s112014576064,1,974,971
s112014576067,s112014576069,1,974,975
s112014576067,s112014576074,1,974,979
s112014576067,s112014576075,1,974,980
s112014576069,s112014576064,1,975,971
s112014576069,s112014576067,1,975,974
s112014576069,s112014576070,1,975,976
s112014576069,s112014576074,1,975,979
s112014576069,s112014576075,1,975,980
s112014576070,s112014576054,1,976,961
s112014576070,s112014576069,1,976,975
s112014576070,s112014576073,1,976,978
s112014576070,s112014576075,1,976,980
s112014576070,s113014576006,1,976,982
s112014576071,s112014576070,1,977,976
s112014576071,s112014576076,1,977,981
s112014576073,s112014576062,1,978,969
s112014576073,s112014576069,1,978,975
s112014576073,s112014576070,1,978,976
s112014576073,s113014576006,1,978,982
s112014576074,s112014576064,1,979,971
s112014576074,s112014576067,1,979,974
s112014576074,s112014576070,1,979,976
s112014576074,s112014576075,1,979,980
s112014576075,s112014576064,1,980,971
s112014576075,s112014576067,1,980,974
s112014576075,s112014576069,1,980,975
s112014576075,s112014576070,1,980,976
s112014576075,s112014576074,1,980,979
s112014576076,s112014576051,1,981,958
s112014576076,s112014576061,1,981,968
s112014576076,s112014576062,1,981,969
s112014576076,s112014576066,1,981,973
s112024503053,s112024503054,1,983,984
s112024503053,s112024503055,1,983,985
s112024503053,s112024503064,1,983,992
s112024503053,s112024503065,1,983,993
s112024503053,s112024503068,1,983,996
s112024503054,s112024503055,1,984,985
s112024503054,s112024503057,1,984,987
s112024503054,s112024503058,1,984,988
s112024503054,s112024503059,1,984,989
s112024503054,s112024503062,1,984,991
s112024503055,s112024503061,1,985,990
s112024503055,s112024503062,1,985,991
s112024503055,s112024503064,1,985,992
s112024503055,s112024503065,1,985,993
s112024503056,s112024503062,1,986,991
s112024503056,s112024503064,1,986,992
s112024503057,s112024503054,1,987,984
s112024503057,s112024503055,1,987,985
s112024503057,s112024503062,1,987,991
s112024503057,s112024503069,1,987,997
s112024503057,s112024503075,1,987,1002
s112024503058,s112024503054,1,988,984
s112024503058,s112024503055,1,988,985
s112024503058,s112024503057,1,988,987
s112024503058,s112024503075,1,988,1002
s112024503059,s112024503054,1,989,984
s112024503059,s112024503055,1,989,985
s112024503059,s112024503058,1,989,988
s112024503059,s112024503061,1,989,990
s112024503059,s112024503065,1,989,993
s112024503061,s112024503055,1,990,985
s112024503061,s112024503056,1,990,986
s112024503061,s112024503059,1,990,989
s112024503061,s112024503064,1,990,992
s112024503061,s112024503065,1,990,993
s112024503062,s112024503054,1,991,984
s112024503062,s112024503056,1,991,986
s112024503062,s112024503057,1,991,987
s112024503062,s112024503058,1,991,988
s112024503062,s112024503064,1,991,992
s112024503064,s112024503055,1,992,985
s112024503064,s112024503059,1,992,989
s112024503064,s112024503061,1,992,990
s112024503064,s112024503062,1,992,991
s112024503064,s112024503065,1,992,993
s112024503065,s112024503054,1,993,984
s112024503065,s112024503055,1,993,985
s112024503065,s112024503058,1,993,988
s112024503065,s112024503062,1,993,991
s112024503065,s112024503064,1,993,992
s112024503066,s112024503069,1,994,997
s112024503066,s112024503070,1,994,998
s112024503066,s112024503075,1,994,1002
s112024503067,s112024503068,1,995,996
s112024503067,s112024503072,1,995,999
s112024503067,s112024503074,1,995,1001
s112024503067,s112024503077,1,995,1004
s112024503067,s112024503079,1,995,1006
s112024503068,s112024503067,1,996,995
s112024503068,s112024503072,1,996,999
s112024503068,s112024503077,1,996,1004
s112024503068,s112024503079,1,996,1006
s112024503069,s112024503055,1,997,985
s112024503069,s112024503066,1,997,994
s112024503069,s112024503070,1,997,998
s112024503069,s112024503075,1,997,1002
s112024503070,s112024503066,1,998,994
s112024503070,s112024503069,1,998,997
s112024503070,s112024503075,1,998,1002
s112024503070,s112024503076,1,998,1003
s112024503072,s112024503068,1,999,996
s112024503072,s112024503077,1,999,1004
s112024503072,s112024503079,1,999,1006
s112024503074,s112024503067,1,1001,995
s112024503074,s112024503068,1,1001,996
s112024503075,s112024503066,1,1002,994
s112024503075,s112024503069,1,1002,997
s112024503075,s112024503070,1,1002,998
s112024503075,s112024503076,1,1002,1003
s112024503076,s112024503066,1,1003,994
s112024503076,s112024503070,1,1003,998
s112024503076,s112024503074,1,1003,1001
s112024503076,s112024503078,1,1003,1005
s112024503077,s112024503067,1,1004,995
s112024503077,s112024503068,1,1004,996
s112024503077,s112024503069,1,1004,997
s112024503077,s112024503079,1,1004,1006
s112024503078,s112024503073,1,1005,1000
s112024503078,s112024503076,1,1005,1003
s112024503079,s112024503067,1,1006,995
s112024503079,s112024503068,1,1006,996
s112024503079,s112024503072,1,1006,999
s112024503079,s112024503077,1,1006,1004
s112024503082,s112024503086,1,1007,1009
s112024503082,s112024503087,1,1007,1010
s112024503082,s112024503090,1,1007,1013
s112024503082,s112024503109,1,1007,1028
s112024503085,s112024503094,1,1008,1017
s112024503085,s112024503100,1,1008,1020
s112024503085,s112024503103,1,1008,1022
s112024503085,s112024503108,1,1008,1027
s112024503086,s112024503087,1,1009,1010
s112024503086,s112024503088,1,1009,1011
s112024503086,s112024503091,1,1009,1014
s112024503086,s112024503093,1,1009,1016
s112024503086,s112024503109,1,1009,1028
s112024503087,s112024503086,1,1010,1009
s112024503087,s112024503088,1,1010,1011
s112024503087,s112024503091,1,1010,1014
s112024503087,s112024503093,1,1010,1016
s112024503087,s112024503109,1,1010,1028
s112024503088,s112024503086,1,1011,1009
s112024503088,s112024503087,1,1011,1010
s112024503088,s112024503105,1,1011,1024
s112024503088,s112024503109,1,1011,1028
s112024503089,s112024503086,1,1012,1009
s112024503089,s112024503087,1,1012,1010
s112024503089,s112024503088,1,1012,1011
s112024503089,s112024503090,1,1012,1013
s112024503090,s112024503087,1,1013,1010
s112024503090,s112024503088,1,1013,1011
s112024503090,s112024503091,1,1013,1014
s112024503090,s112024503092,1,1013,1015
s112024503091,s112024503086,1,1014,1009
s112024503091,s112024503087,1,1014,1010
s112024503091,s112024503092,1,1014,1015
s112024503091,s112024503093,1,1014,1016
s112024503092,s112024503085,1,1015,1008
s112024503092,s112024503091,1,1015,1014
s112024503093,s112024503087,1,1016,1010
s112024503093,s112024503091,1,1016,1014
s112024503093,s112024503092,1,1016,1015
s112024503093,s112024503097,1,1016,1018
s112024503094,s112024503090,1,1017,1013
s112024503094,s112024503100,1,1017,1020
s112024503094,s112024503103,1,1017,1022
s112024503094,s112024503104,1,1017,1023
s112024503094,s112024503107,1,1017,1026
s112024503097,s112024503105,1,1018,1024
s112024503097,s112024503106,1,1018,1025
s112024503099,s112024503100,1,1019,1020
s112024503099,s112024503101,1,1019,1021
s112024503099,s112024503106,1,1019,1025
s112024503100,s112024503085,1,1020,1008
s112024503100,s112024503094,1,1020,1017
s112024503100,s112024503101,1,1020,1021
s112024503100,s112024503103,1,1020,1022
s112024503100,s112024503108,1,1020,1027
s112024503101,s112024503099,1,1021,1019
s112024503101,s112024503100,1,1021,1020
s112024503101,s112024503103,1,1021,1022
s112024503101,s112024503108,1,1021,1027
s112024503103,s112024503085,1,1022,1008
s112024503103,s112024503088,1,1022,1011
s112024503103,s112024503094,1,1022,1017
s112024503103,s112024503100,1,1022,1020
s112024503103,s112024503108,1,1022,1027
s112024503104,s112024503099,1,1023,1019
s112024503104,s112024503107,1,1023,1026
s112024503104,s112024503108,1,1023,1027
s112024503105,s112024503097,1,1024,1018
s112024503105,s112024503104,1,1024,1023
s112024503105,s112024503107,1,1024,1026
s112024503106,s112024503097,1,1025,1018
s112024503106,s112024503105,1,1025,1024
s112024503107,s112024503097,1,1026,1018
s112024503107,s112024503104,1,1026,1023
s112024503107,s112024503105,1,1026,1024
s112024503108,s112024503085,1,1027,1008
s112024503108,s112024503088,1,1027,1011
s112024503108,s112024503094,1,1027,1017
s112024503108,s112024503100,1,1027,1020
s112024503108,s112024503103,1,1027,1022
s112024503109,s112024503082,1,1028,1007
s112024503109,s112024503086,1,1028,1009
s112024503109,s112024503087,1,1028,1010
s112024503109,s112024503088,1,1028,1011
s112024503109,s112024503093,1,1028,1016
s112024507024,s112024507026,1,1029,1031
s112024507024,s112024507028,1,1029,1033
s112024507024,s112024507030,1,1029,1035
s112024507024,s112024507042,1,1029,1044
s112024507026,s112024507028,1,1031,1033
s112024507026,s112024507030,1,1031,1035
s112024507026,s112024507042,1,1031,1044
s112024507027,s112024507029,1,1032,1034
s112024507027,s112024507030,1,1032,1035
s112024507027,s112024507035,1,1032,1039
s112024507027,s112024507037,1,1032,1041
s112024507027,s112024507042,1,1032,1044
s112024507028,s112024507026,1,1033,1031
s112024507028,s112024507027,1,1033,1032
s112024507028,s112024507030,1,1033,1035
s112024507028,s112024507038,1,1033,1042
s112024507028,s112024507042,1,1033,1044
s112024507029,s112024507025,1,1034,1030
s112024507029,s112024507027,1,1034,1032
s112024507029,s112024507030,1,1034,1035
s112024507029,s112024507037,1,1034,1041
s112024507029,s112024507042,1,1034,1044
s112024507030,s112024507028,1,1035,1033
s112024507030,s112024507031,1,1035,1036
s112024507030,s112024507032,1,1035,1037
s112024507030,s112024507034,1,1035,1038
s112024507031,s112024507034,1,1036,1038
s112024507031,s112024507036,1,1036,1040
s112024507031,s112024507038,1,1036,1042
s112024507031,s113024507003,1,1036,1045
s112024507032,s112024507030,1,1037,1035
s112024507032,s112024507038,1,1037,1042
s112024507032,s112024507040,1,1037,1043
s112024507032,s113024507003,1,1037,1045
s112024507034,s112024507031,1,1038,1036
s112024507034,s112024507032,1,1038,1037
s112024507034,s112024507036,1,1038,1040
s112024507035,s112024507027,1,1039,1032
s112024507035,s112024507029,1,1039,1034
s112024507035,s112024507037,1,1039,1041
s112024507036,s112024507032,1,1040,1037
s112024507036,s112024507038,1,1040,1042
s112024507036,s112024507040,1,1040,1043
s112024507036,s113024507003,1,1040,1045
s112024507037,s112024507027,1,1041,1032
s112024507037,s112024507029,1,1041,1034
s112024507037,s112024507035,1,1041,1039
s112024507037,s113024507003,1,1041,1045
s112024507038,s112024507028,1,1042,1033
s112024507038,s112024507030,1,1042,1035
s112024507038,s112024507032,1,1042,1037
s112024507038,s112024507040,1,1042,1043
s112024507040,s112024507030,1,1043,1035
s112024507040,s112024507032,1,1043,1037
s112024507040,s112024507036,1,1043,1040
s112024507040,s112024507038,1,1043,1042
s112024507042,s112024507024,1,1044,1029
s112024507042,s112024507026,1,1044,1031
s112024507042,s112024507028,1,1044,1033
s112024507042,s112024507030,1,1044,1035
s112024507042,s113024507003,1,1044,1045
s112024507045,s112024507046,1,1046,1047
s112024507045,s112024507047,1,1046,1048
s112024507045,s112024507049,1,1046,1050
s112024507045,s112024507050,1,1046,1051
s112024507046,s112024507047,1,1047,1048
s112024507046,s112024507048,1,1047,1049
s112024507046,s112024507058,1,1047,1058
s112024507046,s112024507060,1,1047,1059
s112024507047,s112024507046,1,1048,1047
s112024507047,s112024507048,1,1048,1049
s112024507047,s112024507054,1,1048,1055
s112024507048,s112024507046,1,1049,1047
s112024507048,s112024507047,1,1049,1048
s112024507048,s112024507058,1,1049,1058
s112024507048,s112024507060,1,1049,1059
s112024507049,s112024507045,1,1050,1046
s112024507049,s112024507046,1,1050,1047
s112024507049,s112024507047,1,1050,1048
s112024507049,s112024507048,1,1050,1049
s112024507049,s112024507050,1,1050,1051
s112024507050,s112024507047,1,1051,1048
s112024507051,s112024507045,1,1052,1046
s112024507051,s112024507046,1,1052,1047
s112024507051,s112024507047,1,1052,1048
s112024507051,s112024507049,1,1052,1050
s112024507051,s112024507061,1,1052,1060
s112024507052,s112024507056,1,1053,1057
s112024507053,s112024507052,1,1054,1053
s112024507053,s112024507054,1,1054,1055
s112024507053,s112024507055,1,1054,1056
s112024507053,s112024507056,1,1054,1057
s112024507053,s113024507004,1,1054,1061
s112024507054,s112024507047,1,1055,1048
s112024507054,s112024507053,1,1055,1054
s112024507054,s112024507060,1,1055,1059
s112024507054,s113024507004,1,1055,1061
s112024507055,s112024507053,1,1056,1054
s112024507055,s112024507056,1,1056,1057
s112024507055,s112024507058,1,1056,1058
s112024507055,s112024507060,1,1056,1059
s112024507056,s112024507049,1,1057,1050
s112024507056,s112024507052,1,1057,1053
s112024507056,s112024507053,1,1057,1054
s112024507056,s112024507055,1,1057,1056
s112024507056,s112024507060,1,1057,1059
s112024507058,s112024507048,1,1058,1049
s112024507058,s112024507055,1,1058,1056
s112024507058,s112024507060,1,1058,1059
s112024507058,s113024507004,1,1058,1061
s112024507060,s112024507048,1,1059,1049
s112024507060,s112024507054,1,1059,1055
s112024507060,s112024507055,1,1059,1056
s112024507060,s112024507056,1,1059,1057
s112024507060,s112024507058,1,1059,1058
s112024523023,s112024523025,1,1062,1063
s112024523023,s112024523031,1,1062,1068
s112024523023,s112024523034,1,1062,1069
s112024523025,s112024523023,1,1063,1062
s112024523025,s112024523027,1,1063,1064
s112024523025,s112024523030,1,1063,1067
s112024523025,s112024523031,1,1063,1068
s112024523027,s112024523029,1,1064,1066
s112024523027,s112024523030,1,1064,1067
s112024523027,s112024523031,1,1064,1068
s112024523029,s112024523023,1,1066,1062
s112024523029,s112024523027,1,1066,1064
s112024523029,s112024523030,1,1066,1067
s112024523031,s112024523023,1,1068,1062
s112024523031,s112024523025,1,1068,1063
s112024523031,s112024523030,1,1068,1067
s112024523034,s112024523023,1,1069,1062
s112024523034,s112024523028,1,1069,1065
s112034348025,s112034348037,1,1085,1090
s112034348025,s113034348004,1,1085,1094
s112034348026,s112034348034,1,1086,1088
s112034348026,s113034348004,1,1086,1094
s112034348026,s113034348008,1,1086,1095
s112034348031,s113034348009,1,1087,1096
s112034348034,s113034348009,1,1088,1096
s112034348036,s112034348026,1,1089,1086
s112034348036,s112034348040,1,1089,1092
s112034348036,s112034348042,1,1089,1093
s112034348037,s112034348038,1,1090,1091
s112034348037,s113034348004,1,1090,1094
s112034348037,s113034348008,1,1090,1095
s112034348038,s112034348037,1,1091,1090
s112034348038,s113034348004,1,1091,1094
s112034348038,s113034348008,1,1091,1095
s112034348040,s112034348036,1,1092,1089
s112034348040,s112034348042,1,1092,1093
s112034348042,s112034348036,1,1093,1089
s112034348042,s112034348040,1,1093,1092
s112034348051,s112034348052,1,1070,1071
s112034348051,s112034348053,1,1070,1072
s112034348052,s112034348051,1,1071,1070
s112034348052,s112034348053,1,1071,1072
s112034348052,s112034348058,1,1071,1076
s112034348052,s113034348006,1,1071,1084
s112034348053,s112034348056,1,1072,1074
s112034348053,s112034348057,1,1072,1075
s112034348053,s112034348058,1,1072,1076
s112034348055,s112034348068,1,1073,1081
s112034348056,s112034348053,1,1074,1072
s112034348056,s112034348057,1,1074,1075
s112034348056,s113034348006,1,1074,1084
s112034348058,s112034348053,1,1076,1072
s112034348058,s112034348057,1,1076,1075
s112034348062,s112034348071,1,1077,1082
s112034348062,s112034348073,1,1077,1083
s112034348064,s112034348051,1,1078,1070
s112034348064,s112034348053,1,1078,1072
s112034348064,s112034348056,1,1078,1074
s112034348064,s112034348071,1,1078,1082
s112034348068,s112034348051,1,1081,1070
s112034348068,s112034348052,1,1081,1071
s112034348068,s112034348055,1,1081,1073
s112034348071,s112034348064,1,1082,1078
s112034348071,s112034348073,1,1082,1083
s112034348073,s112034348064,1,1083,1078
s112034348073,s112034348071,1,1083,1082
s112034502025,s112034502026,1,1097,1098
s112034502025,s112034502027,1,1097,1099
s112034502025,s112034502034,1,1097,1106
s112034502025,s112034502036,1,1097,1108
s112034502026,s112034502025,1,1098,1097
s112034502026,s112034502027,1,1098,1099
s112034502026,s112034502034,1,1098,1106
s112034502026,s112034502036,1,1098,1108
s112034502027,s112034502026,1,1099,1098
s112034502027,s112034502030,1,1099,1102
s112034502027,s112034502031,1,1099,1103
s112034502027,s112034502033,1,1099,1105
s112034502027,s112034502035,1,1099,1107
s112034502028,s112034502032,1,1100,1104
s112034502028,s112034502035,1,1100,1107
s112034502028,s112034502039,1,1100,1110
s112034502028,s112034502050,1,1100,1116
s112034502029,s112034502028,1,1101,1100
s112034502029,s112034502032,1,1101,1104
s112034502029,s112034502041,1,1101,1111
s112034502029,s112034502047,1,1101,1113
s112034502030,s112034502027,1,1102,1099
s112034502030,s112034502031,1,1102,1103
s112034502030,s112034502033,1,1102,1105
s112034502030,s112034502035,1,1102,1107
s112034502031,s112034502027,1,1103,1099
s112034502031,s112034502030,1,1103,1102
s112034502031,s112034502033,1,1103,1105
s112034502031,s112034502035,1,1103,1107
s112034502032,s112034502028,1,1104,1100
s112034502032,s112034502029,1,1104,1101
s112034502032,s112034502039,1,1104,1110
s112034502033,s112034502027,1,1105,1099
s112034502033,s112034502030,1,1105,1102
s112034502033,s112034502031,1,1105,1103
s112034502033,s112034502032,1,1105,1104
s112034502033,s112034502035,1,1105,1107
s112034502034,s112034502026,1,1106,1098
s112034502034,s112034502027,1,1106,1099
s112034502034,s112034502033,1,1106,1105
s112034502034,s112034502035,1,1106,1107
s112034502034,s112034502036,1,1106,1108
s112034502035,s112034502027,1,1107,1099
s112034502035,s112034502028,1,1107,1100
s112034502035,s112034502030,1,1107,1102
s112034502035,s112034502031,1,1107,1103
s112034502035,s112034502033,1,1107,1105
s112034502036,s112034502025,1,1108,1097
s112034502036,s112034502026,1,1108,1098
s112034502036,s112034502027,1,1108,1099
s112034502036,s112034502033,1,1108,1105
s112034502036,s112034502034,1,1108,1106
s112034502038,s112034502048,1,1109,1114
s112034502038,s112034502049,1,1109,1115
s112034502039,s112034502028,1,1110,1100
s112034502039,s112034502032,1,1110,1104
s112034502039,s112034502050,1,1110,1116
s112034502041,s112034502045,1,1111,1112
s112034502041,s112034502048,1,1111,1114
s112034502045,s112034502041,1,1112,1111
s112034502048,s112034502041,1,1114,1111
s112034502048,s112034502049,1,1114,1115
s112034502049,s112034502038,1,1115,1109
s112034502049,s112034502048,1,1115,1114
s112034502049,s112034502050,1,1115,1116
s112034502050,s112034502028,1,1116,1100
s112034502050,s112034502032,1,1116,1104
s112034502050,s112034502039,1,1116,1110
s112034502055,s112034502059,1,1117,1120
s112034502055,s112034502060,1,1117,1121
s112034502055,s112034502061,1,1117,1122
s112034502055,s112034502062,1,1117,1123
s112034502055,s112034502063,1,1117,1124
s112034502057,s112034502058,1,1118,1119
s112034502057,s112034502067,1,1118,1127
s112034502057,s112034502070,1,1118,1130
s112034502058,s112034502059,1,1119,1120
s112034502058,s112034502064,1,1119,1125
s112034502058,s112034502068,1,1119,1128
s112034502059,s112034502055,1,1120,1117
s112034502059,s112034502060,1,1120,1121
s112034502059,s112034502064,1,1120,1125
s112034502059,s112034502067,1,1120,1127
s112034502060,s112034502059,1,1121,1120
s112034502060,s112034502061,1,1121,1122
s112034502060,s112034502062,1,1121,1123
s112034502060,s112034502067,1,1121,1127
s112034502061,s112034502062,1,1122,1123
s112034502061,s112034502079,1,1122,1135
s112034502061,s112034502080,1,1122,1136
s112034502061,s112034502083,1,1122,1139
s112034502062,s112034502061,1,1123,1122
s112034502062,s112034502079,1,1123,1135
s112034502062,s112034502080,1,1123,1136
s112034502062,s112034502083,1,1123,1139
s112034502063,s112034502055,1,1124,1117
s112034502063,s112034502057,1,1124,1118
s112034502063,s112034502058,1,1124,1119
s112034502063,s112034502059,1,1124,1120
s112034502063,s112034502067,1,1124,1127
s112034502064,s112034502065,1,1125,1126
s112034502064,s112034502067,1,1125,1127
s112034502065,s112034502055,1,1126,1117
s112034502065,s112034502060,1,1126,1121
s112034502065,s112034502062,1,1126,1123
s112034502065,s112034502064,1,1126,1125
s112034502067,s112034502057,1,1127,1118
s112034502067,s112034502059,1,1127,1120
s112034502067,s112034502060,1,1127,1121
s112034502067,s112034502062,1,1127,1123
s112034502068,s112034502058,1,1128,1119
s112034502068,s112034502064,1,1128,1125
s112034502068,s112034502067,1,1128,1127
s112034502069,s112034502070,1,1129,1130
s112034502069,s112034502079,1,1129,1135
s112034502069,s112034502080,1,1129,1136
s112034502069,s112034502082,1,1129,1138
s112034502069,s112034502083,1,1129,1139
s112034502072,s112034502070,1,1131,1130
s112034502072,s112034502079,1,1131,1135
s112034502072,s112034502080,1,1131,1136
s112034502073,s112034502060,1,1132,1121
s112034502073,s112034502075,1,1132,1133
s112034502073,s112034502081,1,1132,1137
s112034502073,s112034502082,1,1132,1138
s112034502075,s112034502082,1,1133,1138
s112034502076,s112034502070,1,1134,1130
s112034502076,s112034502072,1,1134,1131
s112034502076,s112034502075,1,1134,1133
s112034502076,s112034502082,1,1134,1138
s112034502079,s112034502061,1,1135,1122
s112034502079,s112034502062,1,1135,1123
s112034502079,s112034502080,1,1135,1136
s112034502079,s112034502081,1,1135,1137
s112034502079,s112034502083,1,1135,1139
s112034502080,s112034502072,1,1136,1131
s112034502080,s112034502079,1,1136,1135
s112034502080,s112034502081,1,1136,1137
s112034502080,s112034502082,1,1136,1138
s112034502080,s112034502083,1,1136,1139
s112034502081,s112034502073,1,1137,1132
s112034502081,s112034502079,1,1137,1135
s112034502081,s112034502080,1,1137,1136
s112034502081,s112034502082,1,1137,1138
s112034502081,s112034502083,1,1137,1139
s112034502082,s112034502070,1,1138,1130
s112034502082,s112034502073,1,1138,1132
s112034502082,s112034502075,1,1138,1133
s112034502082,s112034502076,1,1138,1134
s112034502082,s112034502081,1,1138,1137
s112034502083,s112034502061,1,1139,1122
s112034502083,s112034502069,1,1139,1129
s112034502083,s112034502079,1,1139,1135
s112034502083,s112034502080,1,1139,1136
s112034506024,s112034506026,1,1140,1141
s112034506024,s112034506027,1,1140,1142
s112034506024,s112034506031,1,1140,1146
s112034506024,s112034506034,1,1140,1149
s112034506026,s112034506031,1,1141,1146
s112034506026,s112034506035,1,1141,1150
s112034506026,s112034506048,1,1141,1162
s112034506027,s112034506024,1,1142,1140
s112034506027,s112034506030,1,1142,1145
s112034506027,s112034506034,1,1142,1149
s112034506027,s112034506037,1,1142,1152
s112034506027,s112034506044,1,1142,1158
s112034506028,s112034506024,1,1143,1140
s112034506028,s112034506029,1,1143,1144
s112034506028,s112034506030,1,1143,1145
s112034506028,s112034506032,1,1143,1147
s112034506028,s112034506037,1,1143,1152
s112034506029,s112034506028,1,1144,1143
s112034506029,s112034506030,1,1144,1145
s112034506029,s112034506031,1,1144,1146
s112034506029,s112034506034,1,1144,1149
s112034506029,s112034506037,1,1144,1152
s112034506030,s112034506027,1,1145,1142
s112034506030,s112034506029,1,1145,1144
s112034506030,s112034506036,1,1145,1151
s112034506030,s112034506041,1,1145,1156
s112034506030,s112034506044,1,1145,1158
s112034506031,s112034506026,1,1146,1141
s112034506031,s112034506032,1,1146,1147
s112034506031,s112034506035,1,1146,1150
s112034506031,s113034506002,1,1146,1166
s112034506032,s112034506026,1,1147,1141
s112034506032,s112034506031,1,1147,1146
s112034506032,s112034506035,1,1147,1150
s112034506032,s112034506038,1,1147,1153
s112034506034,s112034506027,1,1149,1142
s112034506034,s112034506029,1,1149,1144
s112034506034,s112034506037,1,1149,1152
s112034506034,s112034506044,1,1149,1158
s112034506034,s113034506002,1,1149,1166
s112034506035,s112034506026,1,1150,1141
s112034506035,s112034506031,1,1150,1146
s112034506035,s113034506002,1,1150,1166
s112034506036,s112034506027,1,1151,1142
s112034506036,s112034506029,1,1151,1144
s112034506036,s112034506030,1,1151,1145
s112034506036,s112034506034,1,1151,1149
s112034506036,s112034506037,1,1151,1152
s112034506037,s112034506028,1,1152,1143
s112034506037,s112034506029,1,1152,1144
s112034506037,s112034506031,1,1152,1146
s112034506038,s112034506024,1,1153,1140
s112034506038,s112034506026,1,1153,1141
s112034506038,s112034506031,1,1153,1146
s112034506038,s112034506032,1,1153,1147
s112034506040,s112034506041,1,1155,1156
s112034506040,s112034506044,1,1155,1158
s112034506040,s112034506045,1,1155,1159
s112034506040,s112034506050,1,1155,1164
s112034506040,s112034506051,1,1155,1165
s112034506041,s112034506030,1,1156,1145
s112034506041,s112034506040,1,1156,1155
s112034506041,s112034506045,1,1156,1159
s112034506041,s112034506047,1,1156,1161
s112034506041,s112034506051,1,1156,1165
s112034506043,s112034506044,1,1157,1158
s112034506043,s112034506046,1,1157,1160
s112034506043,s112034506047,1,1157,1161
s112034506043,s112034506049,1,1157,1163
s112034506044,s112034506040,1,1158,1155
s112034506044,s112034506043,1,1158,1157
s112034506044,s112034506046,1,1158,1160
s112034506044,s112034506049,1,1158,1163
s112034506045,s112034506039,1,1159,1154
s112034506045,s112034506040,1,1159,1155
s112034506045,s112034506041,1,1159,1156
s112034506045,s112034506044,1,1159,1158
s112034506045,s112034506051,1,1159,1165
s112034506046,s112034506030,1,1160,1145
s112034506046,s112034506037,1,1160,1152
s112034506046,s112034506043,1,1160,1157
s112034506046,s112034506044,1,1160,1158
s112034506046,s112034506047,1,1160,1161
s112034506047,s112034506030,1,1161,1145
s112034506047,s112034506043,1,1161,1157
s112034506047,s112034506044,1,1161,1158
s112034506047,s112034506048,1,1161,1162
s112034506048,s112034506043,1,1162,1157
s112034506048,s112034506046,1,1162,1160
s112034506048,s112034506047,1,1162,1161
s112034506048,s112034506049,1,1162,1163
s112034506049,s112034506043,1,1163,1157
s112034506049,s112034506044,1,1163,1158
s112034506049,s112034506047,1,1163,1161
s112034506049,s112034506048,1,1163,1162
s112034506050,s112034506039,1,1164,1154
s112034506050,s112034506040,1,1164,1155
s112034506050,s112034506051,1,1164,1165
s112034506051,s112034506039,1,1165,1154
s112034506051,s112034506040,1,1165,1155
s112034506051,s112034506041,1,1165,1156
s112034506051,s112034506045,1,1165,1159
s112034506051,s112034506047,1,1165,1161
s112034508024,s112034508025,1,1167,1168
s112034508024,s112034508029,1,1167,1171
s112034508024,s112034508051,1,1167,1190
s112034508025,s112034508024,1,1168,1167
s112034508025,s112034508030,1,1168,1172
s112034508025,s112034508037,1,1168,1177
s112034508027,s112034508028,1,1169,1170
s112034508027,s112034508029,1,1169,1171
s112034508027,s112034508036,1,1169,1176
s112034508027,s112034508037,1,1169,1177
s112034508028,s112034508027,1,1170,1169
s112034508028,s112034508029,1,1170,1171
s112034508028,s112034508036,1,1170,1176
s112034508028,s112034508037,1,1170,1177
s112034508029,s112034508027,1,1171,1169
s112034508029,s112034508028,1,1171,1170
s112034508029,s112034508036,1,1171,1176
s112034508029,s112034508037,1,1171,1177
s112034508030,s112034508024,1,1172,1167
s112034508030,s112034508025,1,1172,1168
s112034508030,s112034508034,1,1172,1174
s112034508032,s112034508025,1,1173,1168
s112034508032,s112034508030,1,1173,1172
s112034508032,s112034508037,1,1173,1177
s112034508034,s112034508024,1,1174,1167
s112034508034,s112034508025,1,1174,1168
s112034508034,s112034508030,1,1174,1172
s112034508035,s112034508028,1,1175,1170
s112034508035,s112034508036,1,1175,1176
s112034508035,s112034508046,1,1175,1185
s112034508035,s112034508049,1,1175,1188
s112034508036,s112034508028,1,1176,1170
s112034508036,s112034508029,1,1176,1171
s112034508036,s112034508035,1,1176,1175
s112034508036,s112034508044,1,1176,1183
s112034508037,s112034508027,1,1177,1169
s112034508037,s112034508028,1,1177,1170
s112034508037,s112034508029,1,1177,1171
s112034508037,s112034508036,1,1177,1176
s112034508038,s112034508039,1,1178,1179
s112034508038,s112034508043,1,1178,1182
s112034508038,s112034508048,1,1178,1187
s112034508038,s112034508051,1,1178,1190
s112034508039,s112034508035,1,1179,1175
s112034508039,s112034508038,1,1179,1178
s112034508039,s112034508044,1,1179,1183
s112034508039,s112034508048,1,1179,1187
s112034508039,s112034508050,1,1179,1189
s112034508040,s112034508045,1,1180,1184
s112034508041,s112034508039,1,1181,1179
s112034508041,s112034508044,1,1181,1183
s112034508043,s112034508035,1,1182,1175
s112034508043,s112034508038,1,1182,1178
s112034508043,s112034508044,1,1182,1183
s112034508043,s112034508048,1,1182,1187
s112034508043,s112034508051,1,1182,1190
s112034508044,s112034508035,1,1183,1175
s112034508044,s112034508036,1,1183,1176
s112034508044,s112034508041,1,1183,1181
s112034508044,s112034508043,1,1183,1182
s112034508044,s112034508048,1,1183,1187
s112034508045,s112034508040,1,1184,1180
s112034508045,s112034508047,1,1184,1186
s112034508045,s112034508051,1,1184,1190
s112034508046,s112034508035,1,1185,1175
s112034508046,s112034508039,1,1185,1179
s112034508046,s112034508041,1,1185,1181
s112034508046,s112034508044,1,1185,1183
s112034508046,s112034508049,1,1185,1188
s112034508047,s112034508035,1,1186,1175
s112034508047,s112034508043,1,1186,1182
s112034508047,s112034508048,1,1186,1187
s112034508047,s112034508049,1,1186,1188
s112034508047,s112034508051,1,1186,1190
s112034508048,s112034508035,1,1187,1175
s112034508048,s112034508038,1,1187,1178
s112034508048,s112034508043,1,1187,1182
s112034508048,s112034508049,1,1187,1188
s112034508048,s112034508051,1,1187,1190
s112034508049,s112034508035,1,1188,1175
s112034508049,s112034508044,1,1188,1183
s112034508049,s112034508046,1,1188,1185
s112034508049,s112034508048,1,1188,1187
s112034508049,s112034508051,1,1188,1190
s112034508051,s112034508024,1,1190,1167
s112034508051,s112034508035,1,1190,1175
s112034508051,s112034508038,1,1190,1178
s112034508051,s112034508043,1,1190,1182
s112034508051,s112034508048,1,1190,1187
s112034508054,s112034508057,1,1191,1193
s112034508054,s112034508059,1,1191,1195
s112034508054,s112034508061,1,1191,1197
s112034508055,s112034508066,1,1192,1198
s112034508057,s112034508054,1,1193,1191
s112034508057,s112034508058,1,1193,1194
s112034508057,s112034508061,1,1193,1197
s112034508057,s112034508066,1,1193,1198
s112034508058,s112034508057,1,1194,1193
s112034508058,s112034508061,1,1194,1197
s112034508058,s112034508067,1,1194,1199
s112034508060,s112034508072,1,1196,1202
s112034508061,s112034508058,1,1197,1194
s112034508066,s112034508067,1,1198,1199
s112034508067,s112034508054,1,1199,1191
s112034508067,s112034508058,1,1199,1194
s112034508067,s112034508061,1,1199,1197
s112034508067,s112034508066,1,1199,1198
s112034508070,s112034508071,1,1200,1201
s112034508070,s112034508073,1,1200,1203
s112034508070,s112034508074,1,1200,1204
s112034508071,s112034508073,1,1201,1203
s112034508071,s112034508074,1,1201,1204
s112034508071,s112034508076,1,1201,1206
s112034508071,s112034508079,1,1201,1209
s112034508072,s112034508071,1,1202,1201
s112034508072,s112034508073,1,1202,1203
s112034508072,s112034508076,1,1202,1206
s112034508072,s112034508078,1,1202,1208
s112034508072,s112034508079,1,1202,1209
s112034508073,s112034508071,1,1203,1201
s112034508073,s112034508072,1,1203,1202
s112034508073,s112034508074,1,1203,1204
s112034508073,s112034508076,1,1203,1206
s112034508073,s112034508079,1,1203,1209
s112034508074,s112034508070,1,1204,1200
s112034508074,s112034508071,1,1204,1201
s112034508074,s112034508072,1,1204,1202
s112034508074,s112034508073,1,1204,1203
s112034508074,s113034508004,1,1204,1210
s112034508075,s112034508060,1,1205,1196
s112034508075,s112034508071,1,1205,1201
s112034508075,s112034508072,1,1205,1202
s112034508075,s112034508076,1,1205,1206
s112034508075,s112034508079,1,1205,1209
s112034508076,s112034508071,1,1206,1201
s112034508076,s112034508072,1,1206,1202
s112034508076,s112034508075,1,1206,1205
s112034508076,s112034508078,1,1206,1208
s112034508076,s112034508079,1,1206,1209
s112034508077,s112034508071,1,1207,1201
s112034508077,s112034508072,1,1207,1202
s112034508077,s112034508073,1,1207,1203
s112034508077,s112034508078,1,1207,1208
s112034508077,s112034508079,1,1207,1209
s112034508078,s112034508072,1,1208,1202
s112034508078,s112034508079,1,1208,1209
s112034508079,s112034508072,1,1209,1202
s112034508079,s112034508075,1,1209,1205
s112034508079,s112034508078,1,1209,1208
s112034513024,s112034513027,1,1211,1214
s112034513024,s112034513029,1,1211,1216
s112034513024,s112034513038,1,1211,1222
s112034513024,s112034513046,1,1211,1229
s112034513025,s112034513039,1,1212,1223
s112034513025,s112034513040,1,1212,1224
s112034513025,s112034513043,1,1212,1226
s112034513025,s112034513044,1,1212,1227
s112034513026,s112034513025,1,1213,1212
s112034513026,s112034513033,1,1213,1219
s112034513027,s112034513024,1,1214,1211
s112034513027,s112034513030,1,1214,1217
s112034513027,s112034513038,1,1214,1222
s112034513027,s112034513046,1,1214,1229
s112034513028,s112034513025,1,1215,1212
s112034513028,s112034513035,1,1215,1220
s112034513028,s112034513037,1,1215,1221
s112034513028,s112034513039,1,1215,1223
s112034513029,s112034513038,1,1216,1222
s112034513029,s112034513040,1,1216,1224
s112034513029,s112034513042,1,1216,1225
s112034513029,s112034513051,1,1216,1232
s112034513030,s112034513031,1,1217,1218
s112034513030,s112034513033,1,1217,1219
s112034513030,s112034513038,1,1217,1222
s112034513030,s112034513044,1,1217,1227
s112034513031,s112034513024,1,1218,1211
s112034513031,s112034513027,1,1218,1214
s112034513031,s112034513030,1,1218,1217
s112034513031,s112034513033,1,1218,1219
s112034513033,s112034513027,1,1219,1214
s112034513033,s112034513030,1,1219,1217
s112034513033,s112034513039,1,1219,1223
s112034513035,s112034513038,1,1220,1222
s112034513035,s112034513051,1,1220,1232
s112034513037,s112034513028,1,1221,1215
s112034513037,s112034513030,1,1221,1217
s112034513037,s112034513033,1,1221,1219
s112034513037,s112034513035,1,1221,1220
s112034513038,s112034513027,1,1222,1214
s112034513038,s112034513042,1,1222,1225
s112034513038,s112034513043,1,1222,1226
s112034513038,s112034513046,1,1222,1229
s112034513039,s112034513025,1,1223,1212
s112034513039,s112034513028,1,1223,1215
s112034513039,s112034513030,1,1223,1217
s112034513039,s112034513033,1,1223,1219
s112034513040,s112034513043,1,1224,1226
s112034513040,s112034513044,1,1224,1227
s112034513040,s112034513045,1,1224,1228
s112034513040,s112034513046,1,1224,1229
s112034513040,s112034513047,1,1224,1230
s112034513042,s112034513027,1,1225,1214
s112034513042,s112034513029,1,1225,1216
s112034513042,s112034513038,1,1225,1222
s112034513042,s112034513040,1,1225,1224
s112034513042,s112034513047,1,1225,1230
s112034513043,s112034513024,1,1226,1211
s112034513043,s112034513025,1,1226,1212
s112034513043,s112034513027,1,1226,1214
s112034513043,s112034513038,1,1226,1222
s112034513043,s112034513044,1,1226,1227
s112034513044,s112034513025,1,1227,1212
s112034513044,s112034513040,1,1227,1224
s112034513044,s112034513043,1,1227,1226
s112034513044,s112034513045,1,1227,1228
s112034513045,s112034513038,1,1228,1222
s112034513045,s112034513040,1,1228,1224
s112034513045,s112034513044,1,1228,1227
s112034513045,s112034513047,1,1228,1230
s112034513046,s112034513027,1,1229,1214
s112034513046,s112034513029,1,1229,1216
s112034513046,s112034513038,1,1229,1222
s112034513046,s112034513051,1,1229,1232
s112034513047,s112034513040,1,1230,1224
s112034513047,s112034513042,1,1230,1225
s112034513047,s112034513043,1,1230,1226
s112034513047,s112034513045,1,1230,1228
s112034513047,s113034513003,1,1230,1233
s112034513049,s112034513038,1,1231,1222
s112034513049,s112034513043,1,1231,1226
s112034513049,s112034513045,1,1231,1228
s112034513049,s113034513003,1,1231,1233
s112034513051,s112034513029,1,1232,1216
s112034513051,s112034513038,1,1232,1222
s112034513051,s112034513046,1,1232,1229
s112034513054,s112034513057,1,1234,1236
s112034513054,s112034513059,1,1234,1238
s112034513054,s112034513065,1,1234,1244
s112034513054,s112034513066,1,1234,1245
s112034513054,s112034513069,1,1234,1247
s112034513056,s112034513054,1,1235,1234
s112034513056,s112034513058,1,1235,1237
s112034513056,s112034513060,1,1235,1239
s112034513056,s112034513066,1,1235,1245
s112034513058,s112034513056,1,1237,1235
s112034513058,s112034513062,1,1237,1241
s112034513058,s112034513064,1,1237,1243
s112034513058,s112034513074,1,1237,1251
s112034513059,s112034513054,1,1238,1234
s112034513059,s112034513064,1,1238,1243
s112034513059,s112034513074,1,1238,1251
s112034513059,s112034513075,1,1238,1252
s112034513059,s112034513076,1,1238,1253
s112034513060,s112034513056,1,1239,1235
s112034513060,s112034513058,1,1239,1237
s112034513060,s112034513066,1,1239,1245
s112034513061,s112034513062,1,1240,1241
s112034513061,s112034513064,1,1240,1243
s112034513061,s112034513065,1,1240,1244
s112034513061,s112034513076,1,1240,1253
s112034513062,s112034513058,1,1241,1237
s112034513062,s112034513059,1,1241,1238
s112034513062,s112034513061,1,1241,1240
s112034513062,s112034513064,1,1241,1243
s112034513062,s112034513065,1,1241,1244
s112034513064,s112034513059,1,1243,1238
s112034513064,s112034513062,1,1243,1241
s112034513064,s112034513075,1,1243,1252
s112034513064,s112034513076,1,1243,1253
s112034513064,s112034513078,1,1243,1255
s112034513066,s112034513056,1,1245,1235
s112034513066,s112034513060,1,1245,1239
s112034513066,s112034513069,1,1245,1247
s112034513068,s112034513054,1,1246,1234
s112034513068,s112034513056,1,1246,1235
s112034513068,s112034513057,1,1246,1236
s112034513068,s112034513063,1,1246,1242
s112034513068,s112034513069,1,1246,1247
s112034513069,s112034513057,1,1247,1236
s112034513069,s112034513068,1,1247,1246
s112034513070,s112034513071,1,1248,1249
s112034513073,s112034513065,1,1250,1244
s112034513073,s112034513074,1,1250,1251
s112034513073,s112034513075,1,1250,1252
s112034513073,s112034513076,1,1250,1253
s112034513073,s112034513078,1,1250,1255
s112034513074,s112034513059,1,1251,1238
s112034513074,s112034513065,1,1251,1244
s112034513074,s112034513075,1,1251,1252
s112034513074,s112034513076,1,1251,1253
s112034513074,s112034513078,1,1251,1255
s112034513075,s112034513059,1,1252,1238
s112034513075,s112034513065,1,1252,1244
s112034513075,s112034513074,1,1252,1251
s112034513075,s112034513076,1,1252,1253
s112034513075,s112034513078,1,1252,1255
s112034513076,s112034513073,1,1253,1250
s112034513076,s112034513074,1,1253,1251
s112034513076,s112034513075,1,1253,1252
s112034513076,s112034513077,1,1253,1254
s112034513076,s112034513078,1,1253,1255
s112034513077,s112034513074,1,1254,1251
s112034513077,s112034513076,1,1254,1253
s112034513078,s112034513059,1,1255,1238
s112034513078,s112034513066,1,1255,1245
s112034513078,s112034513074,1,1255,1251
s112034513078,s112034513076,1,1255,1253
s112034513078,s113034513004,1,1255,1256
s112034517027,s112034517029,1,1257,1258
s112034517027,s112034517035,1,1257,1261
s112034517029,s112034517035,1,1258,1261
s112034517029,s112034517044,1,1258,1269
s112034517029,s112034517050,1,1258,1275
s112034517032,s112034517037,1,1259,1263
s112034517033,s112034517029,1,1260,1258
s112034517033,s112034517035,1,1260,1261
s112034517033,s112034517037,1,1260,1263
s112034517035,s112034517027,1,1261,1257
s112034517035,s112034517029,1,1261,1258
s112034517037,s112034517029,1,1263,1258
s112034517037,s112034517033,1,1263,1260
s112034517037,s112034517039,1,1263,1264
s112034517039,s112034517029,1,1264,1258
s112034517039,s112034517033,1,1264,1260
s112034517039,s112034517037,1,1264,1263
s112034517039,s112034517050,1,1264,1275
s112034517040,s112034517039,1,1265,1264
s112034517040,s112034517042,1,1265,1267
s112034517040,s112034517046,1,1265,1271
s112034517040,s112034517047,1,1265,1272
s112034517041,s112034517040,1,1266,1265
s112034517041,s112034517042,1,1266,1267
s112034517041,s112034517046,1,1266,1271
s112034517041,s112034517047,1,1266,1272
s112034517042,s112034517040,1,1267,1265
s112034517042,s112034517041,1,1267,1266
s112034517042,s112034517046,1,1267,1271
s112034517042,s112034517047,1,1267,1272
s112034517043,s112034517044,1,1268,1269
s112034517043,s112034517045,1,1268,1270
s112034517043,s112034517046,1,1268,1271
s112034517043,s112034517052,1,1268,1276
s112034517043,s112034517053,1,1268,1277
s112034517044,s112034517039,1,1269,1264
s112034517044,s112034517043,1,1269,1268
s112034517044,s112034517045,1,1269,1270
s112034517044,s112034517052,1,1269,1276
s112034517044,s112034517054,1,1269,1278
s112034517045,s112034517039,1,1270,1264
s112034517045,s112034517043,1,1270,1268
s112034517045,s112034517044,1,1270,1269
s112034517045,s112034517046,1,1270,1271
s112034517045,s112034517052,1,1270,1276
s112034517046,s112034517040,1,1271,1265
s112034517046,s112034517041,1,1271,1266
s112034517046,s112034517042,1,1271,1267
s112034517046,s112034517047,1,1271,1272
s112034517047,s112034517040,1,1272,1265
s112034517047,s112034517041,1,1272,1266
s112034517047,s112034517042,1,1272,1267
s112034517047,s112034517046,1,1272,1271
s112034517048,s112034517040,1,1273,1265
s112034517048,s112034517047,1,1273,1272
s112034517048,s112034517054,1,1273,1278
s112034517049,s112034517040,1,1274,1265
s112034517049,s112034517041,1,1274,1266
s112034517049,s112034517042,1,1274,1267
s112034517049,s112034517046,1,1274,1271
s112034517049,s112034517047,1,1274,1272
s112034517050,s112034517039,1,1275,1264
s112034517050,s112034517043,1,1275,1268
s112034517050,s112034517044,1,1275,1269
s112034517050,s112034517045,1,1275,1270
s112034517050,s112034517052,1,1275,1276
s112034517052,s112034517043,1,1276,1268
s112034517052,s112034517044,1,1276,1269
s112034517052,s112034517045,1,1276,1270
s112034517052,s112034517050,1,1276,1275
s112034517052,s112034517053,1,1276,1277
s112034517053,s112034517040,1,1277,1265
s112034517053,s112034517043,1,1277,1268
s112034517053,s112034517044,1,1277,1269
s112034517053,s112034517047,1,1277,1272
s112034517053,s112034517052,1,1277,1276
s112034517054,s112034517044,1,1278,1269
s112034517054,s112034517047,1,1278,1272
s112034517054,s112034517048,1,1278,1273
s112034517054,s112034517049,1,1278,1274
s112034517057,s112034517059,1,1279,1280
s112034517057,s112034517065,1,1279,1285
s112034517057,s112034517072,1,1279,1290
s112034517059,s112034517057,1,1280,1279
s112034517060,s112034517064,1,1281,1284
s112034517060,s112034517076,1,1281,1294
s112034517060,s112034517077,1,1281,1295
s112034517061,s112034517057,1,1282,1279
s112034517061,s112034517059,1,1282,1280
s112034517061,s112034517062,1,1282,1283
s112034517061,s112034517068,1,1282,1286
s112034517062,s112034517059,1,1283,1280
s112034517062,s112034517061,1,1283,1282
s112034517062,s112034517065,1,1283,1285
s112034517064,s112034517057,1,1284,1279
s112034517064,s112034517060,1,1284,1281
s112034517064,s112034517062,1,1284,1283
s112034517065,s112034517068,1,1285,1286
s112034517065,s112034517069,1,1285,1287
s112034517068,s112034517061,1,1286,1282
s112034517068,s112034517069,1,1286,1287
s112034517068,s112034517072,1,1286,1290
s112034517069,s112034517062,1,1287,1283
s112034517069,s112034517068,1,1287,1286
s112034517069,s112034517072,1,1287,1290
s112034517070,s112034517061,1,1288,1282
s112034517070,s112034517068,1,1288,1286
s112034517070,s112034517072,1,1288,1290
s112034517070,s112034517084,1,1288,1301
s112034517071,s112034517069,1,1289,1287
s112034517071,s112034517072,1,1289,1290
s112034517072,s112034517057,1,1290,1279
s112034517072,s112034517061,1,1290,1282
s112034517072,s112034517068,1,1290,1286
s112034517072,s112034517070,1,1290,1288
s112034517072,s112034517084,1,1290,1301
s112034517073,s112034517057,1,1291,1279
s112034517073,s112034517059,1,1291,1280
s112034517073,s112034517061,1,1291,1282
s112034517073,s112034517068,1,1291,1286
s112034517074,s112034517075,1,1292,1293
s112034517074,s112034517083,1,1292,1300
s112034517074,s112034517084,1,1292,1301
s112034517075,s112034517059,1,1293,1280
s112034517075,s112034517065,1,1293,1285
s112034517075,s112034517074,1,1293,1292
s112034517075,s112034517084,1,1293,1301
s112034517076,s112034517077,1,1294,1295
s112034517076,s112034517078,1,1294,1296
s112034517076,s112034517079,1,1294,1297
s112034517076,s112034517082,1,1294,1299
s112034517076,s112034517083,1,1294,1300
s112034517077,s112034517076,1,1295,1294
s112034517077,s112034517078,1,1295,1296
s112034517077,s112034517079,1,1295,1297
s112034517077,s112034517082,1,1295,1299
s112034517077,s112034517083,1,1295,1300
s112034517078,s112034517076,1,1296,1294
s112034517078,s112034517077,1,1296,1295
s112034517078,s112034517079,1,1296,1297
s112034517078,s112034517080,1,1296,1298
s112034517078,s112034517082,1,1296,1299
s112034517079,s112034517076,1,1297,1294
s112034517079,s112034517077,1,1297,1295
s112034517079,s112034517078,1,1297,1296
s112034517079,s112034517082,1,1297,1299
s112034517079,s112034517083,1,1297,1300
s112034517080,s112034517076,1,1298,1294
s112034517080,s112034517077,1,1298,1295
s112034517080,s112034517078,1,1298,1296
s112034517080,s112034517079,1,1298,1297
s112034517080,s112034517082,1,1298,1299
s112034517082,s112034517078,1,1299,1296
s112034517082,s112034517079,1,1299,1297
s112034517082,s112034517080,1,1299,1298
s112034517083,s112034517074,1,1300,1292
s112034517083,s112034517075,1,1300,1293
s112034517083,s112034517084,1,1300,1301
s112034517083,s112034517085,1,1300,1302
s112034517084,s112034517072,1,1301,1290
s112034517084,s112034517074,1,1301,1292
s112034517084,s112034517075,1,1301,1293
s112034517084,s112034517083,1,1301,1300
s112034517084,s112034517085,1,1301,1302
s112034517085,s112034517076,1,1302,1294
s112034517085,s112034517077,1,1302,1295
s112034517085,s112034517082,1,1302,1299
s112034517085,s112034517083,1,1302,1300
s112034517085,s112034517084,1,1302,1301
s112034518024,s112034518025,1,1303,1304
s112034518024,s112034518029,1,1303,1306
s112034518024,s113034518003,1,1303,1320
s112034518025,s112034518024,1,1304,1303
s112034518025,s112034518029,1,1304,1306
s112034518025,s112034518031,1,1304,1308
s112034518025,s112034518048,1,1304,1318
s112034518025,s113034518003,1,1304,1320
s112034518028,s112034518029,1,1305,1306
s112034518029,s112034518025,1,1306,1304
s112034518029,s112034518031,1,1306,1308
s112034518029,s112034518047,1,1306,1317
s112034518031,s112034518025,1,1308,1304
s112034518032,s112034518035,1,1309,1311
s112034518032,s113034518003,1,1309,1320
s112034518034,s112034518040,1,1310,1313
s112034518034,s112034518041,1,1310,1314
s112034518034,s112034518048,1,1310,1318
s112034518034,s112034518049,1,1310,1319
s112034518035,s112034518030,1,1311,1307
s112034518035,s112034518032,1,1311,1309
s112034518036,s112034518025,1,1312,1304
s112034518036,s112034518029,1,1312,1306
s112034518036,s112034518031,1,1312,1308
s112034518036,s113034518003,1,1312,1320
s112034518040,s112034518034,1,1313,1310
s112034518040,s112034518041,1,1313,1314
s112034518040,s112034518043,1,1313,1315
s112034518040,s112034518048,1,1313,1318
s112034518041,s112034518048,1,1314,1318
s112034518043,s112034518029,1,1315,1306
s112034518043,s112034518047,1,1315,1317
s112034518046,s112034518025,1,1316,1304
s112034518046,s112034518031,1,1316,1308
s112034518046,s112034518036,1,1316,1312
s112034518046,s112034518049,1,1316,1319
s112034518047,s112034518029,1,1317,1306
s112034518047,s112034518043,1,1317,1315
s112034518048,s112034518041,1,1318,1314
s112034518053,s112034518055,1,1321,1323
s112034518053,s112034518057,1,1321,1324
s112034518057,s112034518055,1,1324,1323
s112034518057,s112034518059,1,1324,1326
s112034518058,s112034518053,1,1325,1321
s112034518058,s112034518055,1,1325,1323
s112034518058,s112034518059,1,1325,1326
s112034518058,s112034518062,1,1325,1328
s112034518059,s112034518060,1,1326,1327
s112034518060,s112034518059,1,1327,1326
s112034518067,s112034518069,1,1329,1331
s112034518067,s112034518072,1,1329,1333
s112034518067,s112034518079,1,1329,1337
s112034518068,s112034518060,1,1330,1327
s112034518068,s112034518069,1,1330,1331
s112034518068,s112034518072,1,1330,1333
s112034518068,s112034518078,1,1330,1336
s112034518069,s112034518067,1,1331,1329
s112034518069,s112034518068,1,1331,1330
s112034518069,s112034518070,1,1331,1332
s112034518069,s112034518072,1,1331,1333
s112034518070,s112034518067,1,1332,1329
s112034518070,s112034518069,1,1332,1331
s112034518072,s112034518067,1,1333,1329
s112034518072,s112034518068,1,1333,1330
s112034518072,s112034518069,1,1333,1331
s112034518072,s112034518078,1,1333,1336
s112034518075,s112034518078,1,1334,1336
s112034518075,s113034518005,1,1334,1339
s112034518076,s112034518067,1,1335,1329
s112034518076,s112034518075,1,1335,1334
s112034518076,s112034518079,1,1335,1337
s112034518078,s112034518075,1,1336,1334
s112034518078,s113034518005,1,1336,1339
s112034518079,s112034518067,1,1337,1329
s112034518079,s112034518076,1,1337,1335
s112034518081,s112034518055,1,1338,1323
s112034518081,s112034518057,1,1338,1324
s112034524024,s112034524027,1,1367,1369
s112034524024,s112034524028,1,1367,1370
s112034524024,s112034524031,1,1367,1373
s112034524024,s112034524032,1,1367,1374
s112034524026,s112034524027,1,1368,1369
s112034524026,s112034524028,1,1368,1370
s112034524026,s112034524031,1,1368,1373
s112034524026,s112034524035,1,1368,1377
s112034524027,s112034524026,1,1369,1368
s112034524027,s112034524028,1,1369,1370
s112034524027,s112034524031,1,1369,1373
s112034524027,s112034524035,1,1369,1377
s112034524029,s112034524027,1,1371,1369
s112034524029,s112034524028,1,1371,1370
s112034524029,s112034524030,1,1371,1372
s112034524029,s112034524031,1,1371,1373
s112034524029,s112034524032,1,1371,1374
s112034524031,s112034524026,1,1373,1368
s112034524031,s112034524035,1,1373,1377
s112034524032,s112034524026,1,1374,1368
s112034524032,s112034524027,1,1374,1369
s112034524032,s112034524031,1,1374,1373
s112034524032,s112034524035,1,1374,1377
s112034524033,s112034524028,1,1375,1370
s112034524033,s112034524031,1,1375,1373
s112034524033,s112034524035,1,1375,1377
s112034524034,s112034524027,1,1376,1369
s112034524034,s112034524028,1,1376,1370
s112034524034,s112034524035,1,1376,1377
s112034524034,s112034524036,1,1376,1378
s112034524034,s112034524037,1,1376,1379
s112034524036,s112034524026,1,1378,1368
s112034524036,s112034524031,1,1378,1373
s112034524036,s112034524032,1,1378,1374
s112034524036,s112034524035,1,1378,1377
s112034524036,s112034524037,1,1378,1379
s112034524037,s112034524026,1,1379,1368
s112034524037,s112034524028,1,1379,1370
s112034524037,s112034524031,1,1379,1373
s112034524037,s112034524035,1,1379,1377
s112034524037,s112034524036,1,1379,1378
s112034524039,s112034524043,1,1380,1384
s112034524039,s112034524044,1,1380,1385
s112034524039,s112034524048,1,1380,1389
s112034524039,s112034524050,1,1380,1391
s112034524040,s112034524041,1,1381,1382
s112034524040,s112034524044,1,1381,1385
s112034524040,s112034524046,1,1381,1387
s112034524040,s112034524048,1,1381,1389
s112034524040,s112034524050,1,1381,1391
s112034524041,s112034524040,1,1382,1381
s112034524041,s112034524044,1,1382,1385
s112034524041,s112034524045,1,1382,1386
s112034524041,s112034524046,1,1382,1387
s112034524041,s112034524050,1,1382,1391
s112034524042,s112034524047,1,1383,1388
s112034524042,s112034524049,1,1383,1390
s112034524043,s112034524039,1,1384,1380
s112034524043,s112034524047,1,1384,1388
s112034524043,s112034524049,1,1384,1390
s112034524043,s112034524050,1,1384,1391
s112034524044,s112034524035,1,1385,1377
s112034524044,s112034524041,1,1385,1382
s112034524044,s112034524043,1,1385,1384
s112034524044,s112034524047,1,1385,1388
s112034524044,s112034524049,1,1385,1390
s112034524045,s112034524040,1,1386,1381
s112034524045,s112034524041,1,1386,1382
s112034524045,s112034524046,1,1386,1387
s112034524045,s112034524048,1,1386,1389
s112034524045,s112034524050,1,1386,1391
s112034524046,s112034524040,1,1387,1381
s112034524046,s112034524041,1,1387,1382
s112034524046,s112034524047,1,1387,1388
s112034524046,s112034524048,1,1387,1389
s112034524046,s112034524049,1,1387,1390
s112034524047,s112034524043,1,1388,1384
s112034524047,s112034524044,1,1388,1385
s112034524047,s112034524046,1,1388,1387
s112034524047,s112034524048,1,1388,1389
s112034524047,s112034524049,1,1388,1390
s112034524048,s112034524026,1,1389,1368
s112034524048,s112034524027,1,1389,1369
s112034524048,s112034524039,1,1389,1380
s112034524048,s112034524047,1,1389,1388
s112034524048,s112034524050,1,1389,1391
s112034524049,s112034524043,1,1390,1384
s112034524049,s112034524044,1,1390,1385
s112034524049,s112034524046,1,1390,1387
s112034524049,s112034524047,1,1390,1388
s112034524049,s112034524048,1,1390,1389
s112034524050,s112034524039,1,1391,1380
s112034524050,s112034524040,1,1391,1381
s112034524050,s112034524041,1,1391,1382
s112034524050,s112034524043,1,1391,1384
s112034524050,s112034524048,1,1391,1389
s112034524053,s112034524056,1,1340,1342
s112034524053,s112034524061,1,1340,1347
s112034524053,s112034524064,1,1340,1350
s112034524053,s112034524066,1,1340,1352
s112034524053,s112034524067,1,1340,1353
s112034524055,s112034524053,1,1341,1340
s112034524055,s112034524056,1,1341,1342
s112034524055,s112034524060,1,1341,1346
s112034524055,s112034524061,1,1341,1347
s112034524055,s112034524062,1,1341,1348
s112034524056,s112034524053,1,1342,1340
s112034524056,s112034524055,1,1342,1341
s112034524056,s112034524057,1,1342,1343
s112034524056,s112034524064,1,1342,1350
s112034524056,s112034524066,1,1342,1352
s112034524057,s112034524056,1,1343,1342
s112034524057,s112034524061,1,1343,1347
s112034524057,s112034524069,1,1343,1355
s112034524057,s112034524070,1,1343,1356
s112034524057,s112034524077,1,1343,1363
s112034524058,s112034524060,1,1344,1346
s112034524058,s112034524065,1,1344,1351
s112034524059,s112034524055,1,1345,1341
s112034524059,s112034524058,1,1345,1344
s112034524059,s112034524060,1,1345,1346
s112034524059,s112034524067,1,1345,1353
s112034524060,s112034524058,1,1346,1344
s112034524060,s112034524062,1,1346,1348
s112034524060,s112034524065,1,1346,1351
s112034524061,s112034524055,1,1347,1341
s112034524061,s112034524066,1,1347,1352
s112034524062,s112034524053,1,1348,1340
s112034524062,s112034524055,1,1348,1341
s112034524062,s112034524056,1,1348,1342
s112034524062,s112034524057,1,1348,1343
s112034524062,s112034524064,1,1348,1350
s112034524063,s112034524057,1,1349,1343
s112034524063,s112034524070,1,1349,1356
s112034524063,s112034524075,1,1349,1361
s112034524063,s112034524076,1,1349,1362
s112034524063,s112034524080,1,1349,1366
s112034524064,s112034524053,1,1350,1340
s112034524064,s112034524055,1,1350,1341
s112034524064,s112034524056,1,1350,1342
s112034524064,s112034524061,1,1350,1347
s112034524064,s112034524066,1,1350,1352
s112034524065,s112034524058,1,1351,1344
s112034524065,s112034524059,1,1351,1345
s112034524065,s112034524060,1,1351,1346
s112034524066,s112034524053,1,1352,1340
s112034524066,s112034524055,1,1352,1341
s112034524066,s112034524056,1,1352,1342
s112034524066,s112034524061,1,1352,1347
s112034524066,s112034524064,1,1352,1350
s112034524067,s112034524053,1,1353,1340
s112034524067,s112034524056,1,1353,1342
s112034524067,s112034524064,1,1353,1350
s112034524067,s112034524066,1,1353,1352
s112034524067,s112034524069,1,1353,1355
s112034524068,s112034524063,1,1354,1349
s112034524068,s112034524071,1,1354,1357
s112034524068,s112034524072,1,1354,1358
s112034524068,s112034524076,1,1354,1362
s112034524068,s112034524078,1,1354,1364
s112034524070,s112034524056,1,1356,1342
s112034524070,s112034524057,1,1356,1343
s112034524070,s112034524064,1,1356,1350
s112034524070,s112034524074,1,1356,1360
s112034524070,s112034524075,1,1356,1361
s112034524071,s112034524072,1,1357,1358
s112034524071,s112034524079,1,1357,1365
s112034524072,s112034524068,1,1358,1354
s112034524072,s112034524071,1,1358,1357
s112034524072,s112034524078,1,1358,1364
s112034524072,s112034524079,1,1358,1365
s112034524073,s112034524063,1,1359,1349
s112034524073,s112034524069,1,1359,1355
s112034524073,s112034524074,1,1359,1360
s112034524073,s112034524075,1,1359,1361
s112034524073,s112034524077,1,1359,1363
s112034524074,s112034524067,1,1360,1353
s112034524074,s112034524069,1,1360,1355
s112034524074,s112034524070,1,1360,1356
s112034524074,s112034524073,1,1360,1359
s112034524074,s112034524075,1,1360,1361
s112034524075,s112034524057,1,1361,1343
s112034524075,s112034524063,1,1361,1349
s112034524075,s112034524070,1,1361,1356
s112034524075,s112034524076,1,1361,1362
s112034524075,s112034524080,1,1361,1366
s112034524076,s112034524057,1,1362,1343
s112034524076,s112034524063,1,1362,1349
s112034524076,s112034524070,1,1362,1356
s112034524076,s112034524075,1,1362,1361
s112034524076,s112034524080,1,1362,1366
s112034524077,s112034524057,1,1363,1343
s112034524077,s112034524067,1,1363,1353
s112034524077,s112034524069,1,1363,1355
s112034524077,s112034524070,1,1363,1356
s112034524077,s112034524080,1,1363,1366
s112034524078,s112034524068,1,1364,1354
s112034524078,s112034524072,1,1364,1358
s112034524078,s112034524075,1,1364,1361
s112034524078,s112034524079,1,1364,1365
s112034524078,s112034524080,1,1364,1366
s112034524079,s112034524053,1,1365,1340
s112034524079,s112034524071,1,1365,1357
s112034524079,s112034524072,1,1365,1358
s112034524079,s112034524078,1,1365,1364
s112034524079,s112034524080,1,1365,1366
s112034524080,s112034524063,1,1366,1349
s112034524080,s112034524070,1,1366,1356
s112034524080,s112034524075,1,1366,1361
s112034524080,s112034524076,1,1366,1362
s112034524080,s112034524078,1,1366,1364
s112034527024,s112034527032,1,1392,1399
s112034527024,s112034527033,1,1392,1400
s112034527024,s112034527043,1,1392,1410
s112034527024,s112034527047,1,1392,1413
s112034527024,s113034527004,1,1392,1418
s112034527025,s112034527024,1,1393,1392
s112034527025,s112034527030,1,1393,1397
s112034527025,s112034527034,1,1393,1401
s112034527025,s112034527043,1,1393,1410
s112034527025,s112034527047,1,1393,1413
s112034527026,s112034527024,1,1394,1392
s112034527026,s112034527025,1,1394,1393
s112034527026,s112034527032,1,1394,1399
s112034527026,s112034527040,1,1394,1407
s112034527027,s112034527025,1,1395,1393
s112034527027,s112034527029,1,1395,1396
s112034527027,s112034527034,1,1395,1401
s112034527027,s112034527041,1,1395,1408
s112034527027,s112034527047,1,1395,1413
s112034527029,s112034527030,1,1396,1397
s112034527029,s112034527033,1,1396,1400
s112034527029,s112034527034,1,1396,1401
s112034527029,s112034527049,1,1396,1415
s112034527030,s112034527029,1,1397,1396
s112034527030,s112034527033,1,1397,1400
s112034527030,s112034527034,1,1397,1401
s112034527031,s112034527034,1,1398,1401
s112034527031,s112034527036,1,1398,1403
s112034527031,s112034527037,1,1398,1404
s112034527031,s112034527038,1,1398,1405
s112034527031,s112034527048,1,1398,1414
s112034527032,s112034527024,1,1399,1392
s112034527032,s112034527030,1,1399,1397
s112034527032,s112034527043,1,1399,1410
s112034527032,s112034527047,1,1399,1413
s112034527032,s113034527004,1,1399,1418
s112034527033,s112034527024,1,1400,1392
s112034527033,s112034527029,1,1400,1396
s112034527033,s112034527030,1,1400,1397
s112034527033,s112034527034,1,1400,1401
s112034527033,s113034527004,1,1400,1418
s112034527034,s112034527029,1,1401,1396
s112034527034,s112034527030,1,1401,1397
s112034527034,s112034527033,1,1401,1400
s112034527034,s112034527040,1,1401,1407
s112034527034,s112034527048,1,1401,1414
s112034527035,s112034527032,1,1402,1399
s112034527035,s112034527042,1,1402,1409
s112034527035,s112034527043,1,1402,1410
s112034527035,s112034527047,1,1402,1413
s112034527035,s113034527004,1,1402,1418
s112034527036,s112034527031,1,1403,1398
s112034527036,s112034527037,1,1403,1404
s112034527036,s112034527038,1,1403,1405
s112034527036,s112034527048,1,1403,1414
s112034527037,s112034527031,1,1404,1398
s112034527037,s112034527036,1,1404,1403
s112034527037,s112034527046,1,1404,1412
s112034527037,s112034527048,1,1404,1414
s112034527037,s113034527003,1,1404,1417
s112034527038,s112034527031,1,1405,1398
s112034527038,s112034527036,1,1405,1403
s112034527038,s112034527042,1,1405,1409
s112034527038,s112034527048,1,1405,1414
s112034527039,s112034527038,1,1406,1405
s112034527039,s112034527040,1,1406,1407
s112034527039,s112034527043,1,1406,1410
s112034527039,s112034527047,1,1406,1413
s112034527039,s112034527048,1,1406,1414
s112034527040,s112034527029,1,1407,1396
s112034527040,s112034527030,1,1407,1397
s112034527040,s112034527033,1,1407,1400
s112034527040,s112034527034,1,1407,1401
s112034527040,s112034527048,1,1407,1414
s112034527041,s112034527031,1,1408,1398
s112034527041,s112034527037,1,1408,1404
s112034527041,s112034527042,1,1408,1409
s112034527041,s112034527046,1,1408,1412
s112034527041,s113034527003,1,1408,1417
s112034527042,s112034527031,1,1409,1398
s112034527042,s112034527037,1,1409,1404
s112034527042,s112034527038,1,1409,1405
s112034527042,s112034527048,1,1409,1414
s112034527042,s112034527049,1,1409,1415
s112034527043,s112034527024,1,1410,1392
s112034527043,s112034527032,1,1410,1399
s112034527043,s112034527044,1,1410,1411
s112034527043,s112034527047,1,1410,1413
s112034527043,s113034527004,1,1410,1418
s112034527044,s112034527032,1,1411,1399
s112034527044,s112034527037,1,1411,1404
s112034527044,s112034527042,1,1411,1409
s112034527044,s112034527043,1,1411,1410
s112034527044,s113034527003,1,1411,1417
s112034527046,s113034527003,1,1412,1417
s112034527047,s112034527039,1,1413,1406
s112034527047,s112034527040,1,1413,1407
s112034527047,s112034527043,1,1413,1410
s112034527047,s112034527048,1,1413,1414
s112034527047,s113034527004,1,1413,1418
s112034527048,s112034527031,1,1414,1398
s112034527048,s112034527034,1,1414,1401
s112034527048,s112034527036,1,1414,1403
s112034527048,s112034527039,1,1414,1406
s112034527048,s112034527042,1,1414,1409
s112034527049,s112034527029,1,1415,1396
s112034527049,s112034527042,1,1415,1409
s112034527049,s112034527048,1,1415,1414
s112034527050,s112034527024,1,1416,1392
s112034527050,s112034527026,1,1416,1394
s112034527050,s112034527032,1,1416,1399
s112034527052,s112034527057,1,1419,1423
s112034527052,s112034527058,1,1419,1424
s112034527052,s112034527065,1,1419,1428
s112034527052,s112034527070,1,1419,1432
s112034527052,s112034527075,1,1419,1437
s112034527053,s112034527054,1,1420,1421
s112034527054,s112034527057,1,1421,1423
s112034527054,s112034527060,1,1421,1426
s112034527054,s112034527063,1,1421,1427
s112034527057,s112034527052,1,1423,1419
s112034527057,s112034527055,1,1423,1422
s112034527057,s112034527058,1,1423,1424
s112034527057,s112034527060,1,1423,1426
s112034527057,s112034527065,1,1423,1428
s112034527058,s112034527054,1,1424,1421
s112034527058,s112034527057,1,1424,1423
s112034527058,s112034527065,1,1424,1428
s112034527059,s112034527054,1,1425,1421
s112034527060,s112034527054,1,1426,1421
s112034527060,s112034527055,1,1426,1422
s112034527060,s112034527057,1,1426,1423
s112034527060,s112034527058,1,1426,1424
s112034527063,s112034527052,1,1427,1419
s112034527063,s112034527055,1,1427,1422
s112034527063,s112034527057,1,1427,1423
s112034527063,s112034527058,1,1427,1424
s112034527063,s112034527065,1,1427,1428
s112034527065,s112034527052,1,1428,1419
s112034527065,s112034527057,1,1428,1423
s112034527065,s112034527058,1,1428,1424
s112034527065,s112034527063,1,1428,1427
s112034527066,s112034527069,1,1429,1431
s112034527067,s112034527076,1,1430,1438
s112034527067,s112034527077,1,1430,1439
s112034527070,s112034527052,1,1432,1419
s112034527070,s112034527073,1,1432,1435
s112034527070,s112034527075,1,1432,1437
s112034527072,s112034527067,1,1434,1430
s112034527072,s112034527071,1,1434,1433
s112034527072,s112034527073,1,1434,1435
s112034527072,s112034527074,1,1434,1436
s112034527073,s112034527057,1,1435,1423
s112034527073,s112034527065,1,1435,1428
s112034527073,s112034527070,1,1435,1432
s112034527073,s112034527074,1,1435,1436
s112034527073,s112034527078,1,1435,1440
s112034527074,s112034527072,1,1436,1434
s112034527074,s112034527073,1,1436,1435
s112034527074,s112034527080,1,1436,1441
s112034527075,s112034527070,1,1437,1432
s112034527076,s112034527067,1,1438,1430
s112034527076,s112034527077,1,1438,1439
s112034527077,s112034527067,1,1439,1430
s112034527077,s112034527076,1,1439,1438
s112034527078,s112034527052,1,1440,1419
s112034527078,s112034527057,1,1440,1423
s112034527078,s112034527065,1,1440,1428
s112034527078,s112034527071,1,1440,1433
s112034527078,s112034527080,1,1440,1441
s112034527080,s112034527057,1,1441,1423
s112034527080,s112034527071,1,1441,1433
s112034527080,s112034527074,1,1441,1436
s112034543024,s112034543025,1,1442,1443
s112034543024,s112034543026,1,1442,1444
s112034543024,s112034543031,1,1442,1448
s112034543024,s112034543034,1,1442,1450
s112034543025,s112034543024,1,1443,1442
s112034543025,s112034543026,1,1443,1444
s112034543025,s112034543028,1,1443,1446
s112034543025,s112034543036,1,1443,1451
s112034543025,s112034543037,1,1443,1452
s112034543026,s112034543025,1,1444,1443
s112034543026,s112034543028,1,1444,1446
s112034543026,s112034543036,1,1444,1451
s112034543026,s112034543037,1,1444,1452
s112034543027,s112034543028,1,1445,1446
s112034543027,s112034543036,1,1445,1451
s112034543027,s112034543046,1,1445,1459
s112034543028,s112034543024,1,1446,1442
s112034543029,s112034543034,1,1447,1450
s112034543029,s112034543036,1,1447,1451
s112034543031,s112034543024,1,1448,1442
s112034543031,s112034543034,1,1448,1450
s112034543033,s112034543025,1,1449,1443
s112034543033,s112034543026,1,1449,1444
s112034543034,s112034543036,1,1450,1451
s112034543036,s112034543028,1,1451,1446
s112034543036,s112034543029,1,1451,1447
s112034543036,s112034543034,1,1451,1450
s112034543036,s112034543037,1,1451,1452
s112034543037,s112034543026,1,1452,1444
s112034543037,s112034543028,1,1452,1446
s112034543037,s112034543036,1,1452,1451
s112034543038,s112034543040,1,1453,1454
s112034543038,s112034543042,1,1453,1455
s112034543038,s112034543043,1,1453,1456
s112034543038,s112034543045,1,1453,1458
s112034543040,s112034543038,1,1454,1453
s112034543040,s112034543042,1,1454,1455
s112034543040,s112034543044,1,1454,1457
s112034543040,s112034543045,1,1454,1458
s112034543040,s112034543046,1,1454,1459
s112034543042,s112034543040,1,1455,1454
s112034543042,s112034543044,1,1455,1457
s112034543042,s112034543045,1,1455,1458
s112034543042,s112034543046,1,1455,1459
s112034543043,s112034543038,1,1456,1453
s112034543044,s112034543040,1,1457,1454
s112034543044,s112034543042,1,1457,1455
s112034543044,s112034543045,1,1457,1458
s112034543044,s112034543046,1,1457,1459
s112034543045,s112034543038,1,1458,1453
s112034543045,s112034543040,1,1458,1454
s112034543045,s112034543042,1,1458,1455
s112034543045,s112034543044,1,1458,1457
s112034543045,s112034543046,1,1458,1459
s112034543046,s112034543040,1,1459,1454
s112034543046,s112034543042,1,1459,1455
s112034543046,s112034543044,1,1459,1457
s112034543046,s112034543045,1,1459,1458
s112034543053,s112034543065,1,1461,1470
s112034543054,s112034543058,1,1462,1465
s112034543054,s112034543061,1,1462,1467
s112034543054,s112034543066,1,1462,1471
s112034543054,s112034543071,1,1462,1475
s112034543056,s112034543053,1,1463,1461
s112034543056,s112034543058,1,1463,1465
s112034543056,s112034543061,1,1463,1467
s112034543056,s112034543065,1,1463,1470
s112034543057,s112034543056,1,1464,1463
s112034543057,s112034543058,1,1464,1465
s112034543057,s112034543061,1,1464,1467
s112034543057,s112034543063,1,1464,1468
s112034543058,s112034543056,1,1465,1463
s112034543058,s112034543061,1,1465,1467
s112034543058,s112034543065,1,1465,1470
s112034543058,s112034543066,1,1465,1471
s112034543059,s112034543053,1,1466,1461
s112034543059,s112034543054,1,1466,1462
s112034543059,s112034543058,1,1466,1465
s112034543061,s112034543065,1,1467,1470
s112034543061,s112034543067,1,1467,1472
s112034543061,s112034543073,1,1467,1477
s112034543061,s112034543076,1,1467,1478
s112034543063,s112034543057,1,1468,1464
s112034543063,s112034543061,1,1468,1467
s112034543063,s112034543064,1,1468,1469
s112034543063,s112034543065,1,1468,1470
s112034543064,s112034543065,1,1469,1470
s112034543064,s112034543067,1,1469,1472
s112034543064,s112034543068,1,1469,1473
s112034543065,s112034543053,1,1470,1461
s112034543065,s112034543061,1,1470,1467
s112034543066,s112034543053,1,1471,1461
s112034543066,s112034543056,1,1471,1463
s112034543066,s112034543058,1,1471,1465
s112034543066,s112034543061,1,1471,1467
s112034543066,s112034543065,1,1471,1470
s112034543067,s112034543061,1,1472,1467
s112034543067,s112034543065,1,1472,1470
s112034543067,s112034543073,1,1472,1477
s112034543067,s112034543076,1,1472,1478
s112034543068,s112034543070,1,1473,1474
s112034543068,s112034543071,1,1473,1475
s112034543068,s112034543072,1,1473,1476
s112034543068,s112034543078,1,1473,1479
s112034543070,s112034543065,1,1474,1470
s112034543070,s112034543067,1,1474,1472
s112034543070,s112034543068,1,1474,1473
s112034543070,s112034543072,1,1474,1476
s112034543071,s112034543068,1,1475,1473
s112034543071,s112034543070,1,1475,1474
s112034543071,s112034543072,1,1475,1476
s112034543071,s112034543078,1,1475,1479
s112034543072,s112034543068,1,1476,1473
s112034543072,s112034543070,1,1476,1474
s112034543072,s112034543071,1,1476,1475
s112034543072,s112034543078,1,1476,1479
s112034543073,s112034543067,1,1477,1472
s112034543073,s112034543076,1,1477,1478
s112034543076,s112034543067,1,1478,1472
s112034543076,s112034543073,1,1478,1477
s112034543078,s112034543068,1,1479,1473
s112034543078,s112034543070,1,1479,1474
s112034543078,s112034543072,1,1479,1476
s112034543079,s112034543057,1,1480,1464
s112034543079,s112034543061,1,1480,1467
s112034543079,s112034543070,1,1480,1474
s112034554025,s112034554026,1,1503,1504
s112034554025,s112034554027,1,1503,1505
s112034554025,s112034554030,1,1503,1507
s112034554025,s112034554031,1,1503,1508
s112034554025,s112034554044,1,1503,1520
s112034554026,s112034554025,1,1504,1503
s112034554026,s112034554027,1,1504,1505
s112034554026,s112034554030,1,1504,1507
s112034554026,s112034554034,1,1504,1511
s112034554026,s112034554044,1,1504,1520
s112034554027,s112034554025,1,1505,1503
s112034554027,s112034554026,1,1505,1504
s112034554027,s112034554030,1,1505,1507
s112034554027,s112034554031,1,1505,1508
s112034554027,s112034554032,1,1505,1509
s112034554028,s112034554036,1,1506,1512
s112034554028,s112034554043,1,1506,1519
s112034554030,s112034554026,1,1507,1504
s112034554030,s112034554033,1,1507,1510
s112034554030,s112034554034,1,1507,1511
s112034554030,s112034554036,1,1507,1512
s112034554031,s112034554025,1,1508,1503
s112034554031,s112034554030,1,1508,1507
s112034554031,s112034554038,1,1508,1514
s112034554031,s112034554040,1,1508,1516
s112034554032,s112034554026,1,1509,1504
s112034554032,s112034554027,1,1509,1505
s112034554032,s112034554030,1,1509,1507
s112034554032,s112034554033,1,1509,1510
s112034554032,s112034554038,1,1509,1514
s112034554033,s112034554026,1,1510,1504
s112034554033,s112034554030,1,1510,1507
s112034554033,s112034554034,1,1510,1511
s112034554033,s112034554045,1,1510,1521
s112034554034,s112034554025,1,1511,1503
s112034554034,s112034554026,1,1511,1504
s112034554034,s112034554030,1,1511,1507
s112034554036,s112034554028,1,1512,1506
s112034554037,s112034554038,1,1513,1514
s112034554037,s112034554039,1,1513,1515
s112034554037,s112034554040,1,1513,1516
s112034554037,s112034554042,1,1513,1518
s112034554038,s112034554031,1,1514,1508
s112034554038,s112034554032,1,1514,1509
s112034554038,s112034554040,1,1514,1516
s112034554038,s112034554043,1,1514,1519
s112034554039,s112034554037,1,1515,1513
s112034554039,s112034554040,1,1515,1516
s112034554039,s112034554048,1,1515,1524
s112034554040,s112034554025,1,1516,1503
s112034554040,s112034554031,1,1516,1508
s112034554040,s112034554037,1,1516,1513
s112034554040,s112034554038,1,1516,1514
s112034554040,s112034554045,1,1516,1521
s112034554041,s112034554031,1,1517,1508
s112034554041,s112034554046,1,1517,1522
s112034554041,s112034554048,1,1517,1524
s112034554041,s112034554049,1,1517,1525
s112034554042,s112034554031,1,1518,1508
s112034554042,s112034554032,1,1518,1509
s112034554042,s112034554037,1,1518,1513
s112034554042,s112034554038,1,1518,1514
s112034554042,s112034554043,1,1518,1519
s112034554043,s112034554028,1,1519,1506
s112034554043,s112034554031,1,1519,1508
s112034554043,s112034554037,1,1519,1513
s112034554043,s112034554038,1,1519,1514
s112034554043,s112034554042,1,1519,1518
s112034554044,s112034554025,1,1520,1503
s112034554044,s112034554026,1,1520,1504
s112034554044,s112034554037,1,1520,1513
s112034554044,s112034554045,1,1520,1521
s112034554044,s112034554048,1,1520,1524
s112034554045,s112034554030,1,1521,1507
s112034554045,s112034554031,1,1521,1508
s112034554045,s112034554040,1,1521,1516
s112034554045,s112034554044,1,1521,1520
s112034554045,s112034554049,1,1521,1525
s112034554046,s112034554041,1,1522,1517
s112034554046,s112034554048,1,1522,1524
s112034554046,s112034554049,1,1522,1525
s112034554048,s112034554041,1,1524,1517
s112034554048,s112034554046,1,1524,1522
s112034554048,s112034554049,1,1524,1525
s112034554049,s112034554041,1,1525,1517
s112034554049,s112034554046,1,1525,1522
s112034554049,s112034554048,1,1525,1524
s112034554053,s112034554056,1,1481,1484
s112034554053,s112034554057,1,1481,1485
s112034554053,s112034554064,1,1481,1490
s112034554053,s112034554074,1,1481,1498
s112034554054,s112034554053,1,1482,1481
s112034554054,s112034554055,1,1482,1483
s112034554054,s112034554061,1,1482,1488
s112034554055,s112034554053,1,1483,1481
s112034554055,s112034554054,1,1483,1482
s112034554055,s112034554060,1,1483,1487
s112034554055,s112034554061,1,1483,1488
s112034554056,s112034554053,1,1484,1481
s112034554056,s112034554062,1,1484,1489
s112034554056,s112034554064,1,1484,1490
s112034554057,s112034554053,1,1485,1481
s112034554057,s112034554062,1,1485,1489
s112034554057,s112034554064,1,1485,1490
s112034554057,s112034554067,1,1485,1493
s112034554058,s112034554056,1,1486,1484
s112034554058,s112034554065,1,1486,1491
s112034554058,s112034554068,1,1486,1494
s112034554058,s113034554004,1,1486,1501
s112034554061,s112034554053,1,1488,1481
s112034554061,s112034554054,1,1488,1482
s112034554061,s112034554055,1,1488,1483
s112034554061,s112034554073,1,1488,1497
s112034554062,s112034554053,1,1489,1481
s112034554062,s112034554054,1,1489,1482
s112034554062,s112034554055,1,1489,1483
s112034554062,s112034554057,1,1489,1485
s112034554062,s112034554060,1,1489,1487
s112034554064,s112034554053,1,1490,1481
s112034554064,s112034554057,1,1490,1485
s112034554064,s112034554074,1,1490,1498
s112034554064,s112034554076,1,1490,1499
s112034554064,s112034554077,1,1490,1500
s112034554065,s112034554058,1,1491,1486
s112034554066,s112034554065,1,1492,1491
s112034554066,s112034554074,1,1492,1498
s112034554066,s112034554076,1,1492,1499
s112034554066,s113034554004,1,1492,1501
s112034554067,s112034554055,1,1493,1483
s112034554067,s112034554068,1,1493,1494
s112034554067,s112034554071,1,1493,1495
s112034554067,s112034554072,1,1493,1496
s112034554067,s112034554073,1,1493,1497
s112034554068,s112034554067,1,1494,1493
s112034554068,s112034554071,1,1494,1495
s112034554068,s112034554072,1,1494,1496
s112034554068,s112034554073,1,1494,1497
s112034554071,s112034554068,1,1495,1494
s112034554071,s112034554072,1,1495,1496
s112034554071,s112034554073,1,1495,1497
s112034554072,s112034554067,1,1496,1493
s112034554072,s112034554068,1,1496,1494
s112034554072,s112034554071,1,1496,1495
s112034554072,s112034554073,1,1496,1497
s112034554073,s112034554061,1,1497,1488
s112034554073,s112034554067,1,1497,1493
s112034554073,s112034554068,1,1497,1494
s112034554073,s112034554071,1,1497,1495
s112034554074,s112034554053,1,1498,1481
s112034554074,s112034554064,1,1498,1490
s112034554074,s112034554076,1,1498,1499
s112034554074,s112034554077,1,1498,1500
s112034554076,s112034554061,1,1499,1488
s112034554076,s112034554064,1,1499,1490
s112034554076,s112034554074,1,1499,1498
s112034554076,s112034554077,1,1499,1500
s112034554077,s112034554064,1,1500,1490
s112034554077,s112034554067,1,1500,1493
s112034554077,s112034554072,1,1500,1496
s112034554077,s112034554074,1,1500,1498
s112034554077,s112034554076,1,1500,1499
s112034557024,s112034557030,1,1526,1530
s112034557024,s112034557031,1,1526,1531
s112034557029,s112034557030,1,1529,1530
s112034557029,s112034557035,1,1529,1532
s112034557029,s112034557039,1,1529,1536
s112034557029,s112034557041,1,1529,1538
s112034557030,s112034557031,1,1530,1531
s112034557030,s112034557036,1,1530,1533
s112034557030,s112034557037,1,1530,1534
s112034557031,s112034557030,1,1531,1530
s112034557031,s112034557035,1,1531,1532
s112034557031,s112034557036,1,1531,1533
s112034557031,s112034557038,1,1531,1535
s112034557035,s112034557024,1,1532,1526
s112034557035,s112034557038,1,1532,1535
s112034557035,s112034557041,1,1532,1538
s112034557035,s112034557042,1,1532,1539
s112034557036,s112034557031,1,1533,1531
s112034557036,s112034557035,1,1533,1532
s112034557036,s112034557037,1,1533,1534
s112034557036,s112034557038,1,1533,1535
s112034557037,s112034557030,1,1534,1530
s112034557037,s112034557036,1,1534,1533
s112034557037,s112034557038,1,1534,1535
s112034557038,s112034557031,1,1535,1531
s112034557038,s112034557036,1,1535,1533
s112034557038,s112034557037,1,1535,1534
s112034557039,s112034557041,1,1536,1538
s112034557039,s112034557042,1,1536,1539
s112034557039,s113034557004,1,1536,1543
s112034557039,s113034557005,1,1536,1544
s112034557040,s112034557041,1,1537,1538
s112034557040,s112034557042,1,1537,1539
s112034557040,s112034557046,1,1537,1541
s112034557041,s112034557040,1,1538,1537
s112034557041,s112034557042,1,1538,1539
s112034557041,s112034557043,1,1538,1540
s112034557041,s112034557046,1,1538,1541
s112034557042,s112034557041,1,1539,1538
s112034557042,s112034557046,1,1539,1541
s112034557043,s112034557039,1,1540,1536
s112034557043,s112034557041,1,1540,1538
s112034557043,s112034557042,1,1540,1539
s112034557043,s113034557004,1,1540,1543
s112034557043,s113034557005,1,1540,1544
s112034557046,s112034557040,1,1541,1537
s112034557046,s112034557041,1,1541,1538
s112034557046,s112034557042,1,1541,1539
s112034557050,s112034557052,1,1545,1547
s112034557050,s112034557057,1,1545,1551
s112034557050,s112034557063,1,1545,1557
s112034557050,s112034557064,1,1545,1558
s112034557050,s112034557065,1,1545,1559
s112034557052,s112034557050,1,1547,1545
s112034557052,s112034557057,1,1547,1551
s112034557053,s112034557050,1,1548,1545
s112034557053,s112034557054,1,1548,1549
s112034557053,s112034557063,1,1548,1557
s112034557053,s112034557064,1,1548,1558
s112034557054,s112034557050,1,1549,1545
s112034557054,s112034557052,1,1549,1547
s112034557054,s112034557053,1,1549,1548
s112034557054,s112034557063,1,1549,1557
s112034557054,s112034557064,1,1549,1558
s112034557055,s112034557058,1,1550,1552
s112034557055,s112034557059,1,1550,1553
s112034557055,s112034557060,1,1550,1554
s112034557055,s112034557062,1,1550,1556
s112034557057,s112034557050,1,1551,1545
s112034557057,s112034557064,1,1551,1558
s112034557057,s112034557071,1,1551,1565
s112034557058,s112034557053,1,1552,1548
s112034557058,s112034557055,1,1552,1550
s112034557058,s112034557059,1,1552,1553
s112034557058,s112034557060,1,1552,1554
s112034557059,s112034557054,1,1553,1549
s112034557059,s112034557058,1,1553,1552
s112034557059,s112034557060,1,1553,1554
s112034557059,s112034557063,1,1553,1557
s112034557059,s112034557064,1,1553,1558
s112034557060,s112034557053,1,1554,1548
s112034557060,s112034557055,1,1554,1550
s112034557060,s112034557058,1,1554,1552
s112034557060,s112034557059,1,1554,1553
s112034557060,s112034557063,1,1554,1557
s112034557061,s112034557055,1,1555,1550
s112034557061,s112034557058,1,1555,1552
s112034557061,s112034557059,1,1555,1553
s112034557061,s112034557062,1,1555,1556
s112034557062,s112034557055,1,1556,1550
s112034557062,s112034557058,1,1556,1552
s112034557063,s112034557050,1,1557,1545
s112034557063,s112034557052,1,1557,1547
s112034557063,s112034557053,1,1557,1548
s112034557063,s112034557054,1,1557,1549
s112034557063,s112034557064,1,1557,1558
s112034557064,s112034557050,1,1558,1545
s112034557064,s112034557052,1,1558,1547
s112034557064,s112034557054,1,1558,1549
s112034557064,s112034557063,1,1558,1557
s112034557064,s112034557074,1,1558,1567
s112034557065,s112034557050,1,1559,1545
s112034557065,s112034557054,1,1559,1549
s112034557065,s112034557066,1,1559,1560
s112034557065,s112034557072,1,1559,1566
s112034557066,s112034557057,1,1560,1551
s112034557066,s112034557064,1,1560,1558
s112034557066,s112034557065,1,1560,1559
s112034557066,s112034557072,1,1560,1566
s112034557067,s112034557069,1,1561,1563
s112034557067,s112034557070,1,1561,1564
s112034557068,s112034557059,1,1562,1553
s112034557068,s112034557065,1,1562,1559
s112034557068,s112034557072,1,1562,1566
s112034557068,s112034557075,1,1562,1568
s112034557069,s112034557050,1,1563,1545
s112034557069,s112034557057,1,1563,1551
s112034557069,s112034557067,1,1563,1561
s112034557069,s112034557071,1,1563,1565
s112034557070,s112034557067,1,1564,1561
s112034557070,s112034557069,1,1564,1563
s112034557071,s112034557068,1,1565,1562
s112034557071,s112034557070,1,1565,1564
s112034557071,s112034557072,1,1565,1566
s112034557071,s112034557075,1,1565,1568
s112034557072,s112034557064,1,1566,1558
s112034557072,s112034557065,1,1566,1559
s112034557072,s112034557066,1,1566,1560
s112034557072,s112034557071,1,1566,1565
s112034557074,s112034557051,1,1567,1546
s112034557074,s112034557052,1,1567,1547
s112034557074,s112034557054,1,1567,1549
s112034557074,s112034557063,1,1567,1557
s112034557074,s112034557064,1,1567,1558
s112034557075,s112034557059,1,1568,1553
s112034557075,s112034557065,1,1568,1559
s112034557075,s112034557068,1,1568,1562
s112034557075,s112034557074,1,1568,1567
s112034560376,s112034560374,1,1571,1569
s112034560376,s112034560387,1,1571,1578
s112034560376,s112034560396,1,1571,1582
s112034560377,s112034560378,1,1572,1573
s112034560377,s112034560389,1,1572,1579
s112034560377,s112034560400,1,1572,1584
s112034560378,s112034560376,1,1573,1571
s112034560378,s112034560379,1,1573,1574
s112034560378,s112034560385,1,1573,1577
s112034560379,s112034560375,1,1574,1570
s112034560379,s112034560376,1,1574,1571
s112034560379,s112034560378,1,1574,1573
s112034560379,s112034560385,1,1574,1577
s112034560381,s112034560376,1,1575,1571
s112034560381,s112034560395,1,1575,1581
s112034560385,s112034560375,1,1577,1570
s112034560385,s112034560381,1,1577,1575
s112034560387,s112034560374,1,1578,1569
s112034560387,s112034560379,1,1578,1574
s112034560389,s112034560377,1,1579,1572
s112034560389,s112034560378,1,1579,1573
s112034560389,s112034560400,1,1579,1584
s112034560394,s112034560375,1,1580,1570
s112034560394,s112034560395,1,1580,1581
s112034560394,s112034560400,1,1580,1584
s112034560395,s112034560394,1,1581,1580
s112034560396,s112034560376,1,1582,1571
s112034560396,s112034560395,1,1582,1581
s112034560400,s112034560377,1,1584,1572
s112034560400,s112034560389,1,1584,1579
s112034560405,s112034560407,1,1586,1587
s112034560405,s112034560416,1,1586,1595
s112034560405,s112034560417,1,1586,1596
s112034560407,s112034560405,1,1587,1586
s112034560407,s112034560408,1,1587,1588
s112034560407,s112034560416,1,1587,1595
s112034560407,s112034560430,1,1587,1607
s112034560408,s112034560407,1,1588,1587
s112034560408,s112034560409,1,1588,1589
s112034560408,s112034560411,1,1588,1591
s112034560408,s112034560413,1,1588,1592
s112034560408,s112034560416,1,1588,1595
s112034560409,s112034560408,1,1589,1588
s112034560409,s112034560410,1,1589,1590
s112034560409,s112034560411,1,1589,1591
s112034560409,s112034560413,1,1589,1592
s112034560409,s112034560414,1,1589,1593
s112034560410,s112034560409,1,1590,1589
s112034560410,s112034560411,1,1590,1591
s112034560410,s112034560413,1,1590,1592
s112034560410,s112034560430,1,1590,1607
s112034560411,s112034560407,1,1591,1587
s112034560411,s112034560408,1,1591,1588
s112034560411,s112034560409,1,1591,1589
s112034560411,s112034560413,1,1591,1592
s112034560413,s112034560408,1,1592,1588
s112034560413,s112034560409,1,1592,1589
s112034560413,s112034560411,1,1592,1591
s112034560413,s112034560416,1,1592,1595
s112034560414,s112034560409,1,1593,1589
s112034560414,s112034560418,1,1593,1597
s112034560415,s112034560409,1,1594,1589
s112034560415,s112034560414,1,1594,1593
s112034560415,s112034560418,1,1594,1597
s112034560415,s112034560427,1,1594,1604
s112034560415,s112034560428,1,1594,1605
s112034560416,s112034560405,1,1595,1586
s112034560416,s112034560407,1,1595,1587
s112034560416,s112034560408,1,1595,1588
s112034560416,s112034560430,1,1595,1607
s112034560417,s112034560424,1,1596,1601
s112034560417,s112034560426,1,1596,1603
s112034560417,s112034560427,1,1596,1604
s112034560418,s112034560414,1,1597,1593
s112034560418,s112034560415,1,1597,1594
s112034560418,s112034560425,1,1597,1602
s112034560418,s112034560428,1,1597,1605
s112034560420,s112034560407,1,1598,1587
s112034560420,s112034560421,1,1598,1599
s112034560420,s112034560422,1,1598,1600
s112034560421,s112034560420,1,1599,1598
s112034560421,s112034560422,1,1599,1600
s112034560421,s112034560425,1,1599,1602
s112034560422,s112034560420,1,1600,1598
s112034560422,s112034560425,1,1600,1602
s112034560422,s112034560427,1,1600,1604
s112034560424,s112034560417,1,1601,1596
s112034560424,s112034560426,1,1601,1603
s112034560424,s112034560427,1,1601,1604
s112034560425,s112034560413,1,1602,1592
s112034560425,s112034560415,1,1602,1594
s112034560425,s112034560418,1,1602,1597
s112034560425,s112034560422,1,1602,1600
s112034560425,s112034560428,1,1602,1605
s112034560426,s112034560417,1,1603,1596
s112034560426,s112034560424,1,1603,1601
s112034560426,s112034560427,1,1603,1604
s112034560427,s112034560407,1,1604,1587
s112034560427,s112034560417,1,1604,1596
s112034560427,s112034560424,1,1604,1601
s112034560427,s112034560426,1,1604,1603
s112034560427,s112034560430,1,1604,1607
s112034560428,s112034560409,1,1605,1589
s112034560428,s112034560415,1,1605,1594
s112034560428,s112034560418,1,1605,1597
s112034560428,s112034560421,1,1605,1599
s112034560428,s112034560429,1,1605,1606
s112034560429,s112034560405,1,1606,1586
s112034560429,s112034560418,1,1606,1597
s112034560429,s112034560428,1,1606,1605
s112034560430,s112034560407,1,1607,1587
s112034560430,s112034560408,1,1607,1588
s112034560430,s112034560424,1,1607,1601
s112034560430,s112034560426,1,1607,1603
s112034560430,s112034560427,1,1607,1604
s112034563024,s112034563029,1,1608,1612
s112034563024,s112034563036,1,1608,1619
s112034563024,s112034563045,1,1608,1626
s112034563025,s112034563031,1,1609,1614
s112034563025,s112034563033,1,1609,1616
s112034563025,s112034563034,1,1609,1617
s112034563025,s112034563035,1,1609,1618
s112034563026,s112034563029,1,1610,1612
s112034563026,s112034563035,1,1610,1618
s112034563026,s112034563046,1,1610,1627
s112034563028,s112034563024,1,1611,1608
s112034563028,s112034563029,1,1611,1612
s112034563028,s112034563033,1,1611,1616
s112034563028,s112034563034,1,1611,1617
s112034563028,s112034563035,1,1611,1618
s112034563029,s112034563024,1,1612,1608
s112034563029,s112034563028,1,1612,1611
s112034563029,s112034563033,1,1612,1616
s112034563029,s112034563034,1,1612,1617
s112034563029,s112034563046,1,1612,1627
s112034563030,s112034563033,1,1613,1616
s112034563030,s112034563044,1,1613,1625
s112034563030,s112034563048,1,1613,1628
s112034563031,s112034563033,1,1614,1616
s112034563031,s112034563037,1,1614,1620
s112034563032,s112034563024,1,1615,1608
s112034563032,s112034563028,1,1615,1611
s112034563032,s112034563029,1,1615,1612
s112034563032,s112034563036,1,1615,1619
s112034563032,s112034563045,1,1615,1626
s112034563033,s112034563028,1,1616,1611
s112034563033,s112034563031,1,1616,1614
s112034563033,s112034563032,1,1616,1615
s112034563033,s112034563034,1,1616,1617
s112034563034,s112034563024,1,1617,1608
s112034563034,s112034563025,1,1617,1609
s112034563034,s112034563028,1,1617,1611
s112034563034,s112034563029,1,1617,1612
s112034563034,s112034563045,1,1617,1626
s112034563035,s112034563026,1,1618,1610
s112034563035,s112034563028,1,1618,1611
s112034563035,s112034563029,1,1618,1612
s112034563035,s112034563033,1,1618,1616
s112034563035,s112034563034,1,1618,1617
s112034563036,s112034563024,1,1619,1608
s112034563036,s112034563037,1,1619,1620
s112034563036,s112034563045,1,1619,1626
s112034563036,s113034563004,1,1619,1630
s112034563037,s112034563024,1,1620,1608
s112034563037,s112034563036,1,1620,1619
s112034563037,s112034563045,1,1620,1626
s112034563037,s112034563046,1,1620,1627
s112034563039,s112034563040,1,1621,1622
s112034563039,s112034563043,1,1621,1624
s112034563039,s112034563044,1,1621,1625
s112034563039,s112034563048,1,1621,1628
s112034563040,s112034563039,1,1622,1621
s112034563040,s112034563043,1,1622,1624
s112034563040,s112034563044,1,1622,1625
s112034563040,s112034563048,1,1622,1628
s112034563041,s112034563026,1,1623,1610
s112034563041,s112034563029,1,1623,1612
s112034563041,s112034563035,1,1623,1618
s112034563041,s112034563037,1,1623,1620
s112034563041,s112034563046,1,1623,1627
s112034563043,s112034563039,1,1624,1621
s112034563043,s112034563040,1,1624,1622
s112034563043,s112034563044,1,1624,1625
s112034563043,s112034563048,1,1624,1628
s112034563044,s112034563039,1,1625,1621
s112034563044,s112034563040,1,1625,1622
s112034563044,s112034563043,1,1625,1624
s112034563044,s112034563048,1,1625,1628
s112034563045,s112034563024,1,1626,1608
s112034563045,s112034563036,1,1626,1619
s112034563045,s112034563046,1,1626,1627
s112034563045,s113034563004,1,1626,1630
s112034563046,s112034563024,1,1627,1608
s112034563046,s112034563032,1,1627,1615
s112034563046,s112034563037,1,1627,1620
s112034563046,s112034563041,1,1627,1623
s112034563046,s112034563045,1,1627,1626
s112034563048,s112034563024,1,1628,1608
s112034563048,s112034563039,1,1628,1621
s112034563048,s112034563040,1,1628,1622
s112034563048,s112034563043,1,1628,1624
s112034563048,s112034563044,1,1628,1625
s112034563053,s112034563055,1,1631,1633
s112034563053,s112034563060,1,1631,1637
s112034563053,s112034563062,1,1631,1638
s112034563054,s112034563055,1,1632,1633
s112034563054,s112034563057,1,1632,1634
s112034563054,s112034563058,1,1632,1635
s112034563054,s112034563059,1,1632,1636
s112034563054,s112034563062,1,1632,1638
s112034563055,s112034563053,1,1633,1631
s112034563055,s112034563058,1,1633,1635
s112034563055,s112034563060,1,1633,1637
s112034563055,s112034563062,1,1633,1638
s112034563057,s112034563055,1,1634,1633
s112034563057,s112034563058,1,1634,1635
s112034563057,s112034563059,1,1634,1636
s112034563057,s112034563060,1,1634,1637
s112034563057,s112034563062,1,1634,1638
s112034563058,s112034563055,1,1635,1633
s112034563058,s112034563060,1,1635,1637
s112034563058,s112034563065,1,1635,1640
s112034563059,s112034563057,1,1636,1634
s112034563059,s112034563064,1,1636,1639
s112034563059,s112034563068,1,1636,1643
s112034563059,s112034563076,1,1636,1647
s112034563060,s112034563058,1,1637,1635
s112034563062,s112034563054,1,1638,1632
s112034563062,s112034563055,1,1638,1633
s112034563062,s112034563058,1,1638,1635
s112034563062,s112034563059,1,1638,1636
s112034563064,s112034563067,1,1639,1642
s112034563064,s112034563068,1,1639,1643
s112034563064,s112034563076,1,1639,1647
s112034563065,s112034563055,1,1640,1633
s112034563065,s112034563058,1,1640,1635
s112034563066,s112034563058,1,1641,1635
s112034563066,s112034563069,1,1641,1644
s112034563067,s112034563064,1,1642,1639
s112034563067,s112034563068,1,1642,1643
s112034563067,s112034563076,1,1642,1647
s112034563068,s112034563064,1,1643,1639
s112034563068,s112034563067,1,1643,1642
s112034563068,s112034563076,1,1643,1647
s112034563073,s112034563058,1,1645,1635
s112034563073,s112034563075,1,1645,1646
s112034563075,s112034563073,1,1646,1645
s112034563075,s112034563076,1,1646,1647
s112034563076,s112034563064,1,1647,1639
s112034563076,s112034563067,1,1647,1642
s112034565025,s112034565026,1,1648,1649
s112034565025,s112034565028,1,1648,1650
s112034565025,s112034565038,1,1648,1659
s112034565026,s112034565028,1,1649,1650
s112034565028,s112034565029,1,1650,1651
s112034565028,s112034565032,1,1650,1654
s112034565028,s112034565036,1,1650,1657
s112034565029,s112034565028,1,1651,1650
s112034565029,s112034565032,1,1651,1654
s112034565029,s112034565036,1,1651,1657
s112034565029,s112034565037,1,1651,1658
s112034565030,s112034565026,1,1652,1649
s112034565030,s112034565028,1,1652,1650
s112034565030,s112034565029,1,1652,1651
s112034565030,s112034565050,1,1652,1669
s112034565031,s112034565028,1,1653,1650
s112034565031,s112034565035,1,1653,1656
s112034565031,s112034565037,1,1653,1658
s112034565031,s112034565045,1,1653,1664
s112034565031,s113034565003,1,1653,1671
s112034565032,s112034565028,1,1654,1650
s112034565032,s112034565029,1,1654,1651
s112034565032,s112034565036,1,1654,1657
s112034565032,s112034565037,1,1654,1658
s112034565035,s112034565029,1,1656,1651
s112034565035,s112034565031,1,1656,1653
s112034565035,s112034565036,1,1656,1657
s112034565035,s112034565037,1,1656,1658
s112034565035,s113034565003,1,1656,1671
s112034565036,s112034565029,1,1657,1651
s112034565036,s112034565032,1,1657,1654
s112034565036,s112034565035,1,1657,1656
s112034565036,s112034565037,1,1657,1658
s112034565037,s112034565028,1,1658,1650
s112034565037,s112034565029,1,1658,1651
s112034565037,s112034565032,1,1658,1654
s112034565037,s112034565036,1,1658,1657
s112034565038,s112034565026,1,1659,1649
s112034565038,s112034565028,1,1659,1650
s112034565038,s112034565029,1,1659,1651
s112034565038,s112034565033,1,1659,1655
s112034565039,s112034565026,1,1660,1649
s112034565039,s112034565045,1,1660,1664
s112034565039,s112034565046,1,1660,1665
s112034565040,s112034565042,1,1661,1662
s112034565040,s112034565043,1,1661,1663
s112034565040,s112034565046,1,1661,1665
s112034565040,s112034565047,1,1661,1666
s112034565040,s112034565050,1,1661,1669
s112034565042,s112034565040,1,1662,1661
s112034565042,s112034565043,1,1662,1663
s112034565042,s112034565047,1,1662,1666
s112034565042,s112034565050,1,1662,1669
s112034565043,s112034565040,1,1663,1661
s112034565043,s112034565042,1,1663,1662
s112034565043,s112034565049,1,1663,1668
s112034565043,s112034565050,1,1663,1669
s112034565045,s112034565036,1,1664,1657
s112034565045,s112034565039,1,1664,1660
s112034565045,s112034565046,1,1664,1665
s112034565046,s112034565039,1,1665,1660
s112034565046,s112034565040,1,1665,1661
s112034565046,s112034565043,1,1665,1663
s112034565046,s112034565045,1,1665,1664
s112034565046,s112034565048,1,1665,1667
s112034565047,s112034565040,1,1666,1661
s112034565047,s112034565042,1,1666,1662
s112034565047,s112034565043,1,1666,1663
s112034565047,s112034565050,1,1666,1669
s112034565048,s112034565043,1,1667,1663
s112034565048,s112034565045,1,1667,1664
s112034565048,s112034565046,1,1667,1665
s112034565048,s112034565047,1,1667,1666
s112034565049,s112034565028,1,1668,1650
s112034565049,s112034565029,1,1668,1651
s112034565049,s112034565047,1,1668,1666
s112034565049,s112034565050,1,1668,1669
s112034565049,s112034565052,1,1668,1670
s112034565050,s112034565040,1,1669,1661
s112034565050,s112034565042,1,1669,1662
s112034565050,s112034565043,1,1669,1663
s112034565050,s112034565047,1,1669,1666
s112034565052,s112034565049,1,1670,1668
s112034565056,s112034565058,1,1673,1675
s112034565056,s112034565062,1,1673,1679
s112034565056,s112034565064,1,1673,1681
s112034565056,s112034565072,1,1673,1688
s112034565056,s112034565080,1,1673,1696
s112034565057,s112034565058,1,1674,1675
s112034565057,s112034565063,1,1674,1680
s112034565057,s112034565064,1,1674,1681
s112034565057,s112034565068,1,1674,1685
s112034565057,s112034565083,1,1674,1699
s112034565058,s112034565057,1,1675,1674
s112034565058,s112034565061,1,1675,1678
s112034565058,s112034565063,1,1675,1680
s112034565058,s112034565064,1,1675,1681
s112034565058,s112034565068,1,1675,1685
s112034565059,s112034565056,1,1676,1673
s112034565059,s112034565061,1,1676,1678
s112034565059,s112034565062,1,1676,1679
s112034565059,s112034565067,1,1676,1684
s112034565059,s112034565068,1,1676,1685
s112034565060,s112034565065,1,1677,1682
s112034565060,s112034565066,1,1677,1683
s112034565060,s112034565082,1,1677,1698
s112034565061,s112034565056,1,1678,1673
s112034565061,s112034565059,1,1678,1676
s112034565061,s112034565062,1,1678,1679
s112034565061,s112034565067,1,1678,1684
s112034565061,s112034565068,1,1678,1685
s112034565062,s112034565055,1,1679,1672
s112034565063,s112034565057,1,1680,1674
s112034565063,s112034565058,1,1680,1675
s112034565063,s112034565064,1,1680,1681
s112034565063,s112034565068,1,1680,1685
s112034565063,s112034565083,1,1680,1699
s112034565064,s112034565056,1,1681,1673
s112034565064,s112034565057,1,1681,1674
s112034565064,s112034565058,1,1681,1675
s112034565064,s112034565063,1,1681,1680
s112034565064,s112034565080,1,1681,1696
s112034565065,s112034565060,1,1682,1677
s112034565065,s112034565064,1,1682,1681
s112034565065,s112034565066,1,1682,1683
s112034565065,s112034565080,1,1682,1696
s112034565065,s113034565004,1,1682,1700
s112034565067,s112034565059,1,1684,1676
s112034565067,s112034565061,1,1684,1678
s112034565067,s112034565062,1,1684,1679
s112034565067,s112034565068,1,1684,1685
s112034565068,s112034565058,1,1685,1675
s112034565068,s112034565061,1,1685,1678
s112034565068,s112034565063,1,1685,1680
s112034565068,s112034565067,1,1685,1684
s112034565068,s112034565083,1,1685,1699
s112034565069,s112034565057,1,1686,1674
s112034565069,s112034565071,1,1686,1687
s112034565069,s112034565073,1,1686,1689
s112034565069,s112034565076,1,1686,1692
s112034565069,s112034565077,1,1686,1693
s112034565071,s112034565077,1,1687,1693
s112034565071,s112034565079,1,1687,1695
s112034565071,s112034565080,1,1687,1696
s112034565072,s112034565073,1,1688,1689
s112034565072,s112034565079,1,1688,1695
s112034565072,s112034565080,1,1688,1696
s112034565072,s112034565083,1,1688,1699
s112034565073,s112034565072,1,1689,1688
s112034565073,s112034565076,1,1689,1692
s112034565073,s112034565077,1,1689,1693
s112034565073,s112034565079,1,1689,1695
s112034565073,s112034565080,1,1689,1696
s112034565074,s112034565056,1,1690,1673
s112034565074,s112034565061,1,1690,1678
s112034565074,s112034565066,1,1690,1683
s112034565074,s112034565075,1,1690,1691
s112034565075,s112034565057,1,1691,1674
s112034565075,s112034565063,1,1691,1680
s112034565075,s112034565072,1,1691,1688
s112034565075,s112034565083,1,1691,1699
s112034565076,s112034565072,1,1692,1688
s112034565076,s112034565073,1,1692,1689
s112034565076,s112034565075,1,1692,1691
s112034565076,s112034565077,1,1692,1693
s112034565076,s112034565083,1,1692,1699
s112034565077,s112034565071,1,1693,1687
s112034565077,s112034565073,1,1693,1689
s112034565077,s112034565079,1,1693,1695
s112034565077,s112034565080,1,1693,1696
s112034565078,s112034565072,1,1694,1688
s112034565078,s112034565079,1,1694,1695
s112034565078,s112034565080,1,1694,1696
s112034565078,s112034565083,1,1694,1699
s112034565079,s112034565065,1,1695,1682
s112034565079,s112034565072,1,1695,1688
s112034565079,s112034565078,1,1695,1694
s112034565079,s112034565080,1,1695,1696
s112034565079,s112034565083,1,1695,1699
s112034565080,s112034565065,1,1696,1682
s112034565080,s112034565072,1,1696,1688
s112034565080,s112034565077,1,1696,1693
s112034565080,s112034565078,1,1696,1694
s112034565080,s112034565083,1,1696,1699
s112034565081,s112034565056,1,1697,1673
s112034565081,s112034565078,1,1697,1694
s112034565081,s112034565079,1,1697,1695
s112034565081,s112034565080,1,1697,1696
s112034565081,s112034565083,1,1697,1699
s112034565083,s112034565063,1,1699,1680
s112034565083,s112034565072,1,1699,1688
s112034565083,s112034565078,1,1699,1694
s112034565083,s112034565079,1,1699,1695
s112034565083,s112034565080,1,1699,1696
s112044501024,s112044501028,1,1701,1705
s112044501024,s112044501033,1,1701,1709
s112044501024,s112044501039,1,1701,1712
s112044501024,s112044501052,1,1701,1720
s112044501025,s112044501026,1,1702,1703
s112044501025,s112044501035,1,1702,1710
s112044501026,s112044501025,1,1703,1702
s112044501027,s112044501028,1,1704,1705
s112044501027,s112044501029,1,1704,1706
s112044501027,s112044501033,1,1704,1709
s112044501028,s112044501026,1,1705,1703
s112044501028,s112044501035,1,1705,1710
s112044501029,s112044501027,1,1706,1704
s112044501029,s112044501030,1,1706,1707
s112044501029,s112044501035,1,1706,1710
s112044501029,s112044501037,1,1706,1711
s112044501030,s112044501025,1,1707,1702
s112044501031,s112044501026,1,1708,1703
s112044501031,s112044501028,1,1708,1705
s112044501031,s112044501033,1,1708,1709
s112044501031,s112044501039,1,1708,1712
s112044501031,s112044501049,1,1708,1717
s112044501033,s112044501024,1,1709,1701
s112044501033,s112044501031,1,1709,1708
s112044501033,s112044501039,1,1709,1712
s112044501033,s112044501051,1,1709,1719
s112044501035,s112044501028,1,1710,1705
s112044501037,s112044501029,1,1711,1706
s112044501037,s112044501030,1,1711,1707
s112044501037,s112044501035,1,1711,1710
s112044501039,s112044501033,1,1712,1709
s112044501039,s112044501040,1,1712,1713
s112044501039,s112044501049,1,1712,1717
s112044501039,s112044501051,1,1712,1719
s112044501039,s112044501052,1,1712,1720
s112044501040,s112044501024,1,1713,1701
s112044501040,s112044501033,1,1713,1709
s112044501040,s112044501039,1,1713,1712
s112044501040,s112044501047,1,1713,1716
s112044501040,s112044501050,1,1713,1718
s112044501043,s112044501039,1,1714,1712
s112044501043,s112044501047,1,1714,1716
s112044501043,s112044501049,1,1714,1717
s112044501043,s112044501050,1,1714,1718
s112044501045,s112044501039,1,1715,1712
s112044501045,s112044501049,1,1715,1717
s112044501045,s112044501051,1,1715,1719
s112044501045,s112044501052,1,1715,1720
s112044501047,s112044501040,1,1716,1713
s112044501047,s112044501043,1,1716,1714
s112044501047,s112044501050,1,1716,1718
s112044501049,s112044501033,1,1717,1709
s112044501049,s112044501039,1,1717,1712
s112044501049,s112044501045,1,1717,1715
s112044501049,s112044501051,1,1717,1719
s112044501049,s112044501052,1,1717,1720
s112044501050,s112044501040,1,1718,1713
s112044501050,s112044501043,1,1718,1714
s112044501050,s112044501047,1,1718,1716
s112044501051,s112044501039,1,1719,1712
s112044501051,s112044501052,1,1719,1720
s112044501052,s112044501024,1,1720,1701
s112044501052,s112044501031,1,1720,1708
s112044501052,s112044501033,1,1720,1709
s112044501052,s112044501039,1,1720,1712
s112044501052,s112044501051,1,1720,1719
s112044501057,s112044501059,1,1721,1723
s112044501057,s112044501060,1,1721,1724
s112044501057,s112044501067,1,1721,1726
s112044501057,s112044501075,1,1721,1730
s112044501058,s112044501071,1,1722,1728
s112044501058,s112044501075,1,1722,1730
s112044501058,s112044501081,1,1722,1732
s112044501058,s112044501082,1,1722,1733
s112044501059,s112044501057,1,1723,1721
s112044501059,s112044501067,1,1723,1726
s112044501060,s112044501057,1,1724,1721
s112044501060,s112044501059,1,1724,1723
s112044501060,s112044501067,1,1724,1726
s112044501067,s112044501057,1,1726,1721
s112044501067,s112044501059,1,1726,1723
s112044501067,s112044501060,1,1726,1724
s112044501070,s112044501057,1,1727,1721
s112044501070,s112044501059,1,1727,1723
s112044501070,s112044501060,1,1727,1724
s112044501070,s112044501067,1,1727,1726
s112044501071,s112044501081,1,1728,1732
s112044501071,s112044501082,1,1728,1733
s112044501074,s112044501083,1,1729,1734
s112044501075,s112044501057,1,1730,1721
s112044501075,s112044501060,1,1730,1724
s112044501075,s112044501067,1,1730,1726
s112044501075,s112044501071,1,1730,1728
s112044501075,s112044501081,1,1730,1732
s112044501081,s112044501071,1,1732,1728
s112044501081,s112044501075,1,1732,1730
s112044501081,s112044501082,1,1732,1733
s112044501082,s112044501071,1,1733,1728
s112044501082,s112044501075,1,1733,1730
s112044501082,s112044501081,1,1733,1732
s112044506024,s112044506025,1,1735,1736
s112044506024,s112044506027,1,1735,1737
s112044506025,s112044506024,1,1736,1735
s112044506025,s112044506027,1,1736,1737
s112044506025,s112044506031,1,1736,1739
s112044506027,s112044506024,1,1737,1735
s112044506027,s112044506031,1,1737,1739
s112044506028,s112044506024,1,1738,1735
s112044506028,s112044506034,1,1738,1741
s112044506028,s113044506003,1,1738,1747
s112044506031,s112044506024,1,1739,1735
s112044506031,s112044506027,1,1739,1737
s112044506031,s112044506034,1,1739,1741
s112044506033,s112044506024,1,1740,1735
s112044506033,s112044506027,1,1740,1737
s112044506033,s112044506034,1,1740,1741
s112044506034,s112044506024,1,1741,1735
s112044506034,s112044506028,1,1741,1738
s112044506034,s112044506031,1,1741,1739
s112044506035,s112044506037,1,1742,1743
s112044506035,s112044506038,1,1742,1744
s112044506035,s112044506039,1,1742,1745
s112044506035,s112044506041,1,1742,1746
s112044506037,s112044506039,1,1743,1745
s112044506039,s112044506035,1,1745,1742
s112044506039,s112044506037,1,1745,1743
s112044506039,s112044506038,1,1745,1744
s112044506039,s112044506041,1,1745,1746
s112044506041,s112044506035,1,1746,1742
s112044506041,s112044506038,1,1746,1744
s112044506041,s112044506039,1,1746,1745
s112044522024,s112044522036,1,1748,1755
s112044522025,s112044522024,1,1749,1748
s112044522025,s112044522027,1,1749,1750
s112044522025,s112044522028,1,1749,1751
s112044522025,s112044522036,1,1749,1755
s112044522025,s112044522037,1,1749,1756
s112044522027,s112044522025,1,1750,1749
s112044522027,s112044522028,1,1750,1751
s112044522027,s112044522036,1,1750,1755
s112044522028,s112044522025,1,1751,1749
s112044522028,s112044522027,1,1751,1750
s112044522028,s112044522029,1,1751,1752
s112044522028,s112044522032,1,1751,1753
s112044522029,s112044522024,1,1752,1748
s112044522029,s112044522028,1,1752,1751
s112044522029,s112044522032,1,1752,1753
s112044522029,s112044522033,1,1752,1754
s112044522032,s112044522024,1,1753,1748
s112044522032,s112044522025,1,1753,1749
s112044522032,s112044522028,1,1753,1751
s112044522032,s112044522033,1,1753,1754
s112044522033,s112044522028,1,1754,1751
s112044522033,s112044522029,1,1754,1752
s112044522033,s112044522032,1,1754,1753
s112044522036,s112044522024,1,1755,1748
s112044522036,s112044522027,1,1755,1750
s112044522037,s112044522025,1,1756,1749
s112044522037,s112044522036,1,1756,1755
s112044522037,s112044522042,1,1756,1761
s112044522037,s112044522043,1,1756,1762
s112044522038,s112044522037,1,1757,1756
s112044522038,s112044522042,1,1757,1761
s112044522038,s112044522043,1,1757,1762
s112044522038,s112044522047,1,1757,1764
s112044522039,s112044522040,1,1758,1759
s112044522039,s112044522041,1,1758,1760
s112044522039,s112044522047,1,1758,1764
s112044522039,s113044522003,1,1758,1765
s112044522040,s112044522039,1,1759,1758
s112044522041,s112044522039,1,1760,1758
s112044522041,s112044522042,1,1760,1761
s112044522041,s112044522047,1,1760,1764
s112044522041,s113044522003,1,1760,1765
s112044522042,s112044522041,1,1761,1760
s112044522042,s112044522047,1,1761,1764
s112044522043,s112044522037,1,1762,1756
s112044522043,s112044522038,1,1762,1757
s112044522043,s112044522042,1,1762,1761
s112044522043,s112044522047,1,1762,1764
s112044522044,s112044522038,1,1763,1757
s112044522044,s112044522042,1,1763,1761
s112044522044,s112044522047,1,1763,1764
s112044522044,s113044522003,1,1763,1765
s112044522047,s112044522037,1,1764,1756
s112044522047,s112044522038,1,1764,1757
s112044522047,s112044522041,1,1764,1760
s112044522047,s112044522042,1,1764,1761
s112044522055,s112044522059,1,1766,1770
s112044522055,s112044522060,1,1766,1771
s112044522055,s112044522065,1,1766,1773
s112044522056,s112044522055,1,1767,1766
s112044522056,s112044522057,1,1767,1768
s112044522056,s112044522058,1,1767,1769
s112044522056,s112044522059,1,1767,1770
s112044522056,s112044522060,1,1767,1771
s112044522057,s112044522055,1,1768,1766
s112044522057,s112044522065,1,1768,1773
s112044522057,s112044522081,1,1768,1783
s112044522058,s112044522056,1,1769,1767
s112044522058,s112044522057,1,1769,1768
s112044522058,s112044522065,1,1769,1773
s112044522059,s112044522055,1,1770,1766
s112044522059,s112044522065,1,1770,1773
s112044522059,s112044522081,1,1770,1783
s112044522060,s112044522055,1,1771,1766
s112044522060,s112044522059,1,1771,1770
s112044522060,s112044522065,1,1771,1773
s112044522061,s112044522060,1,1772,1771
s112044522061,s112044522081,1,1772,1783
s112044522065,s112044522055,1,1773,1766
s112044522065,s112044522056,1,1773,1767
s112044522065,s112044522057,1,1773,1768
s112044522067,s112044522071,1,1774,1777
s112044522067,s112044522077,1,1774,1781
s112044522069,s112044522072,1,1775,1778
s112044522069,s112044522077,1,1775,1781
s112044522070,s112044522071,1,1776,1777
s112044522070,s112044522075,1,1776,1779
s112044522071,s112044522070,1,1777,1776
s112044522071,s112044522075,1,1777,1779
s112044522072,s112044522067,1,1778,1774
s112044522072,s112044522069,1,1778,1775
s112044522072,s112044522070,1,1778,1776
s112044522072,s112044522075,1,1778,1779
s112044522072,s112044522077,1,1778,1781
s112044522075,s112044522055,1,1779,1766
s112044522075,s112044522056,1,1779,1767
s112044522075,s112044522065,1,1779,1773
s112044522076,s112044522067,1,1780,1774
s112044522076,s112044522070,1,1780,1776
s112044522076,s112044522077,1,1780,1781
s112044522077,s112044522067,1,1781,1774
s112044522077,s112044522069,1,1781,1775
s112044522077,s112044522072,1,1781,1778
s112044522078,s112044522070,1,1782,1776
s112044522078,s112044522071,1,1782,1777
s112044524026,s112044524027,1,1784,1785
s112044524026,s112044524032,1,1784,1786
s112044524026,s112044524042,1,1784,1791
s112044524027,s112044524026,1,1785,1784
s112044524027,s113044524008,1,1785,1794
s112044524032,s112044524045,1,1786,1793
s112044524034,s112044524036,1,1787,1788
s112044524034,s112044524037,1,1787,1789
s112044524034,s112044524043,1,1787,1792
s112044524036,s112044524034,1,1788,1787
s112044524036,s112044524037,1,1788,1789
s112044524036,s112044524043,1,1788,1792
s112044524037,s112044524043,1,1789,1792
s112044524041,s112044524036,1,1790,1788
s112044524041,s112044524042,1,1790,1791
s112044524042,s112044524034,1,1791,1787
s112044524042,s112044524041,1,1791,1790
s112044524042,s112044524045,1,1791,1793
s112044524042,s113044524008,1,1791,1794
s112044524045,s112044524034,1,1793,1787
s112044524045,s112044524036,1,1793,1788
s112044524045,s112044524041,1,1793,1790
s112044524045,s112044524042,1,1793,1791
s112044524048,s112044524064,1,1795,1804
s112044524048,s112044524065,1,1795,1805
s112044524048,s112044524066,1,1795,1806
s112044524049,s112044524048,1,1796,1795
s112044524049,s113044524007,1,1796,1808
s112044524050,s112044524048,1,1797,1795
s112044524054,s112044524048,1,1798,1795
s112044524054,s112044524049,1,1798,1796
s112044524054,s112044524050,1,1798,1797
s112044524058,s112044524050,1,1799,1797
s112044524060,s112044524063,1,1800,1803
s112044524060,s113044524005,1,1800,1807
s112044524061,s112044524058,1,1801,1799
s112044524061,s112044524060,1,1801,1800
s112044524061,s112044524062,1,1801,1802
s112044524062,s112044524061,1,1802,1801
s112044524063,s112044524060,1,1803,1800
s112044524063,s112044524064,1,1803,1804
s112044524063,s112044524065,1,1803,1805
s112044524064,s112044524063,1,1804,1803
s112044524065,s112044524063,1,1805,1803
s112044524065,s112044524064,1,1805,1804
s112044524065,s112044524066,1,1805,1806
s112044529024,s112044529026,1,1831,1832
s112044529026,s112044529024,1,1832,1831
s112044529026,s112044529032,1,1832,1835
s112044529026,s112044529035,1,1832,1837
s112044529027,s112044529032,1,1833,1835
s112044529027,s112044529034,1,1833,1836
s112044529027,s112044529038,1,1833,1840
s112044529029,s112044529032,1,1834,1835
s112044529029,s112044529035,1,1834,1837
s112044529029,s112044529050,1,1834,1848
s112044529032,s112044529034,1,1835,1836
s112044529032,s112044529053,1,1835,1851
s112044529034,s112044529026,1,1836,1832
s112044529034,s112044529032,1,1836,1835
s112044529034,s112044529035,1,1836,1837
s112044529035,s112044529026,1,1837,1832
s112044529035,s112044529034,1,1837,1836
s112044529035,s112044529037,1,1837,1839
s112044529036,s112044529029,1,1838,1834
s112044529036,s112044529032,1,1838,1835
s112044529036,s112044529037,1,1838,1839
s112044529037,s112044529035,1,1839,1837
s112044529037,s112044529036,1,1839,1838
s112044529040,s112044529044,1,1841,1843
s112044529040,s112044529047,1,1841,1845
s112044529042,s112044529045,1,1842,1844
s112044529042,s112044529053,1,1842,1851
s112044529044,s112044529040,1,1843,1841
s112044529044,s112044529048,1,1843,1846
s112044529044,s112044529049,1,1843,1847
s112044529044,s112044529050,1,1843,1848
s112044529044,s112044529052,1,1843,1850
s112044529045,s112044529047,1,1844,1845
s112044529045,s112044529049,1,1844,1847
s112044529045,s112044529051,1,1844,1849
s112044529047,s112044529040,1,1845,1841
s112044529047,s112044529048,1,1845,1846
s112044529047,s112044529050,1,1845,1848
s112044529047,s112044529052,1,1845,1850
s112044529048,s112044529044,1,1846,1843
s112044529048,s112044529053,1,1846,1851
s112044529049,s112044529044,1,1847,1843
s112044529049,s112044529050,1,1847,1848
s112044529049,s112044529052,1,1847,1850
s112044529049,s112044529053,1,1847,1851
s112044529050,s112044529044,1,1848,1843
s112044529050,s112044529047,1,1848,1845
s112044529050,s112044529049,1,1848,1847
s112044529051,s112044529040,1,1849,1841
s112044529051,s112044529048,1,1849,1846
s112044529051,s112044529053,1,1849,1851
s112044529052,s112044529044,1,1850,1843
s112044529052,s112044529047,1,1850,1845
s112044529052,s112044529049,1,1850,1847
s112044529052,s112044529050,1,1850,1848
s112044529053,s112044529032,1,1851,1835
s112044529053,s112044529048,1,1851,1846
s112044529053,s112044529051,1,1851,1849
s112044529056,s112044529062,1,1809,1814
s112044529057,s112044529062,1,1810,1814
s112044529057,s112044529063,1,1810,1815
s112044529057,s112044529067,1,1810,1817
s112044529057,s112044529070,1,1810,1819
s112044529058,s112044529056,1,1811,1809
s112044529058,s112044529062,1,1811,1814
s112044529059,s112044529056,1,1812,1809
s112044529059,s112044529058,1,1812,1811
s112044529059,s112044529063,1,1812,1815
s112044529059,s112044529065,1,1812,1816
s112044529059,s112044529067,1,1812,1817
s112044529060,s112044529057,1,1813,1810
s112044529060,s112044529062,1,1813,1814
s112044529060,s112044529070,1,1813,1819
s112044529060,s112044529071,1,1813,1820
s112044529062,s112044529060,1,1814,1813
s112044529062,s112044529063,1,1814,1815
s112044529062,s112044529070,1,1814,1819
s112044529062,s112044529071,1,1814,1820
s112044529063,s112044529062,1,1815,1814
s112044529063,s112044529065,1,1815,1816
s112044529063,s112044529074,1,1815,1821
s112044529063,s112044529075,1,1815,1822
s112044529065,s112044529063,1,1816,1815
s112044529065,s112044529067,1,1816,1817
s112044529065,s112044529070,1,1816,1819
s112044529065,s112044529071,1,1816,1820
s112044529067,s112044529057,1,1817,1810
s112044529067,s112044529058,1,1817,1811
s112044529067,s112044529065,1,1817,1816
s112044529067,s112044529068,1,1817,1818
s112044529068,s112044529056,1,1818,1809
s112044529068,s112044529058,1,1818,1811
s112044529068,s112044529059,1,1818,1812
s112044529068,s112044529067,1,1818,1817
s112044529070,s112044529060,1,1819,1813
s112044529070,s112044529062,1,1819,1814
s112044529070,s112044529063,1,1819,1815
s112044529070,s112044529065,1,1819,1816
s112044529071,s112044529056,1,1820,1809
s112044529071,s112044529060,1,1820,1813
s112044529071,s112044529062,1,1820,1814
s112044529071,s112044529070,1,1820,1819
s112044529071,s112044529079,1,1820,1825
s112044529074,s112044529062,1,1821,1814
s112044529074,s112044529063,1,1821,1815
s112044529074,s112044529075,1,1821,1822
s112044529074,s112044529083,1,1821,1829
s112044529075,s112044529063,1,1822,1815
s112044529075,s112044529071,1,1822,1820
s112044529075,s112044529074,1,1822,1821
s112044529075,s112044529083,1,1822,1829
s112044529076,s112044529079,1,1823,1825
s112044529076,s112044529080,1,1823,1826
s112044529076,s112044529081,1,1823,1827
s112044529076,s112044529085,1,1823,1830
s112044529077,s112044529071,1,1824,1820
s112044529077,s112044529075,1,1824,1822
s112044529077,s112044529081,1,1824,1827
s112044529077,s112044529082,1,1824,1828
s112044529079,s112044529074,1,1825,1821
s112044529079,s112044529075,1,1825,1822
s112044529079,s112044529076,1,1825,1823
s112044529079,s112044529080,1,1825,1826
s112044529079,s112044529083,1,1825,1829
s112044529080,s112044529076,1,1826,1823
s112044529080,s112044529079,1,1826,1825
s112044529080,s112044529085,1,1826,1830
s112044529081,s112044529077,1,1827,1824
s112044529081,s112044529082,1,1827,1828
s112044529082,s112044529077,1,1828,1824
s112044529082,s112044529081,1,1828,1827
s112044529083,s112044529060,1,1829,1813
s112044529083,s112044529063,1,1829,1815
s112044529083,s112044529074,1,1829,1821
s112044529083,s112044529075,1,1829,1822
s112044529083,s112044529079,1,1829,1825
s112044529085,s112044529076,1,1830,1823
s112044529085,s112044529080,1,1830,1826
s112044529085,s112044529081,1,1830,1827
s112044529085,s112044529082,1,1830,1828
s112051302024,s112051302038,1,1852,1865
s112051302024,s112051302039,1,1852,1866
s112051302024,s112051302041,1,1852,1868
s112051302024,s112051302049,1,1852,1874
s112051302024,s113051302003,1,1852,1888
s112051302025,s112051302026,1,1853,1854
s112051302025,s112051302035,1,1853,1862
s112051302025,s112051302048,1,1853,1873
s112051302025,s112051302053,1,1853,1878
s112051302025,s112051302061,1,1853,1884
s112051302026,s112051302025,1,1854,1853
s112051302026,s112051302042,1,1854,1869
s112051302026,s112051302048,1,1854,1873
s112051302026,s112051302053,1,1854,1878
s112051302026,s112051302061,1,1854,1884
s112051302027,s112051302028,1,1855,1856
s112051302027,s112051302029,1,1855,1857
s112051302027,s112051302031,1,1855,1859
s112051302027,s112051302032,1,1855,1860
s112051302027,s112051302041,1,1855,1868
s112051302029,s112051302027,1,1857,1855
s112051302029,s112051302030,1,1857,1858
s112051302029,s112051302031,1,1857,1859
s112051302029,s112051302032,1,1857,1860
s112051302029,s113051302003,1,1857,1888
s112051302030,s112051302039,1,1858,1866
s112051302031,s112051302030,1,1859,1858
s112051302032,s112051302030,1,1860,1858
s112051302032,s112051302031,1,1860,1859
s112051302032,s112051302036,1,1860,1863
s112051302032,s112051302037,1,1860,1864
s112051302032,s112051302038,1,1860,1865
s112051302034,s112051302027,1,1861,1855
s112051302034,s112051302029,1,1861,1857
s112051302034,s112051302032,1,1861,1860
s112051302034,s112051302041,1,1861,1868
s112051302034,s113051302003,1,1861,1888
s112051302035,s112051302025,1,1862,1853
s112051302035,s112051302037,1,1862,1864
s112051302035,s112051302038,1,1862,1865
s112051302035,s112051302041,1,1862,1868
s112051302035,s112051302049,1,1862,1874
s112051302036,s112051302027,1,1863,1855
s112051302036,s112051302032,1,1863,1860
s112051302036,s112051302040,1,1863,1867
s112051302036,s112051302044,1,1863,1870
s112051302036,s112051302056,1,1863,1881
s112051302037,s112051302027,1,1864,1855
s112051302037,s112051302032,1,1864,1860
s112051302037,s112051302038,1,1864,1865
s112051302037,s112051302044,1,1864,1870
s112051302038,s112051302027,1,1865,1855
s112051302038,s112051302036,1,1865,1863
s112051302038,s112051302037,1,1865,1864
s112051302038,s112051302047,1,1865,1872
s112051302039,s112051302029,1,1866,1857
s112051302039,s112051302041,1,1866,1868
s112051302039,s112051302049,1,1866,1874
s112051302039,s112051302064,1,1866,1886
s112051302039,s113051302003,1,1866,1888
s112051302040,s112051302051,1,1867,1876
s112051302040,s112051302052,1,1867,1877
s112051302040,s112051302055,1,1867,1880
s112051302040,s112051302056,1,1867,1881
s112051302040,s112051302059,1,1867,1882
s112051302041,s112051302027,1,1868,1855
s112051302041,s112051302029,1,1868,1857
s112051302041,s112051302030,1,1868,1858
s112051302041,s112051302034,1,1868,1861
s112051302041,s112051302049,1,1868,1874
s112051302042,s112051302026,1,1869,1854
s112051302042,s112051302041,1,1869,1868
s112051302042,s112051302050,1,1869,1875
s112051302042,s112051302053,1,1869,1878
s112051302042,s112051302061,1,1869,1884
s112051302044,s112051302027,1,1870,1855
s112051302044,s112051302028,1,1870,1856
s112051302044,s112051302037,1,1870,1864
s112051302044,s112051302045,1,1870,1871
s112051302045,s112051302028,1,1871,1856
s112051302045,s112051302030,1,1871,1858
s112051302045,s112051302031,1,1871,1859
s112051302045,s112051302032,1,1871,1860
s112051302045,s112051302036,1,1871,1863
s112051302047,s112051302027,1,1872,1855
s112051302047,s112051302029,1,1872,1857
s112051302047,s112051302048,1,1872,1873
s112051302047,s112051302049,1,1872,1874
s112051302048,s112051302025,1,1873,1853
s112051302048,s112051302026,1,1873,1854
s112051302048,s112051302035,1,1873,1862
s112051302048,s112051302038,1,1873,1865
s112051302048,s112051302042,1,1873,1869
s112051302049,s112051302025,1,1874,1853
s112051302049,s112051302027,1,1874,1855
s112051302049,s112051302041,1,1874,1868
s112051302049,s112051302050,1,1874,1875
s112051302049,s113051302003,1,1874,1888
s112051302050,s112051302053,1,1875,1878
s112051302050,s112051302056,1,1875,1881
s112051302050,s112051302059,1,1875,1882
s112051302050,s112051302061,1,1875,1884
s112051302051,s112051302040,1,1876,1867
s112051302051,s112051302055,1,1876,1880
s112051302051,s112051302056,1,1876,1881
s112051302051,s112051302060,1,1876,1883
s112051302052,s112051302051,1,1877,1876
s112051302052,s112051302055,1,1877,1880
s112051302052,s112051302056,1,1877,1881
s112051302052,s112051302060,1,1877,1883
s112051302053,s112051302025,1,1878,1853
s112051302053,s112051302026,1,1878,1854
s112051302053,s112051302035,1,1878,1862
s112051302053,s112051302050,1,1878,1875
s112051302053,s112051302061,1,1878,1884
s112051302054,s112051302040,1,1879,1867
s112051302054,s112051302051,1,1879,1876
s112051302054,s112051302052,1,1879,1877
s112051302054,s112051302063,1,1879,1885
s112051302055,s112051302056,1,1880,1881
s112051302055,s112051302059,1,1880,1882
s112051302055,s112051302060,1,1880,1883
s112051302056,s112051302052,1,1881,1877
s112051302056,s112051302055,1,1881,1880
s112051302056,s112051302060,1,1881,1883
s112051302059,s112051302050,1,1882,1875
s112051302059,s112051302055,1,1882,1880
s112051302059,s112051302060,1,1882,1883
s112051302060,s112051302050,1,1883,1875
s112051302060,s112051302055,1,1883,1880
s112051302060,s112051302056,1,1883,1881
s112051302060,s112051302059,1,1883,1882
s112051302061,s112051302025,1,1884,1853
s112051302061,s112051302035,1,1884,1862
s112051302061,s112051302042,1,1884,1869
s112051302061,s112051302050,1,1884,1875
s112051302061,s112051302053,1,1884,1878
s112051302063,s112051302040,1,1885,1867
s112051302063,s112051302050,1,1885,1875
s112051302063,s112051302051,1,1885,1876
s112051302063,s112051302052,1,1885,1877
s112051302063,s112051302054,1,1885,1879
s112051302064,s112051302053,1,1886,1878
s112051302064,s112051302061,1,1886,1884
s112051302064,s112051302065,1,1886,1887
s112051302065,s112051302026,1,1887,1854
s112051302065,s112051302038,1,1887,1865
s112051302065,s112051302041,1,1887,1868
s112051302065,s112051302061,1,1887,1884
s112051302065,s112051302064,1,1887,1886
s112051302068,s112051302072,1,1889,1892
s112051302068,s112051302099,1,1889,1903
s112051302068,s112051302104,1,1889,1906
s112051302070,s112051302080,1,1890,1895
s112051302070,s112051302091,1,1890,1897
s112051302071,s112051302072,1,1891,1892
s112051302071,s112051302079,1,1891,1894
s112051302072,s112051302068,1,1892,1889
s112051302072,s112051302071,1,1892,1891
s112051302078,s112051302079,1,1893,1894
s112051302079,s112051302071,1,1894,1891
s112051302079,s112051302099,1,1894,1903
s112051302080,s112051302070,1,1895,1890
s112051302080,s112051302091,1,1895,1897
s112051302080,s112051302095,1,1895,1900
s112051302091,s112051302068,1,1897,1889
s112051302091,s112051302070,1,1897,1890
s112051302091,s112051302080,1,1897,1895
s112051302093,s112051302097,1,1898,1902
s112051302093,s112051302099,1,1898,1903
s112051302093,s112051302104,1,1898,1906
s112051302095,s112051302091,1,1900,1897
s112051302095,s112051302097,1,1900,1902
s112051302095,s112051302099,1,1900,1903
s112051302096,s112051302097,1,1901,1902
s112051302096,s112051302099,1,1901,1903
s112051302096,s112051302104,1,1901,1906
s112051302096,s112051302107,1,1901,1907
s112051302097,s112051302096,1,1902,1901
s112051302097,s112051302099,1,1902,1903
s112051302097,s112051302104,1,1902,1906
s112051302097,s112051302107,1,1902,1907
s112051302099,s112051302096,1,1903,1901
s112051302099,s112051302097,1,1903,1902
s112051302099,s112051302104,1,1903,1906
s112051302099,s112051302107,1,1903,1907
s112051302100,s112051302096,1,1904,1901
s112051302100,s112051302102,1,1904,1905
s112051302100,s112051302109,1,1904,1908
s112051302102,s112051302100,1,1905,1904
s112051302102,s112051302109,1,1905,1908
s112051302104,s112051302096,1,1906,1901
s112051302104,s112051302097,1,1906,1902
s112051302104,s112051302107,1,1906,1907
s112051302107,s112051302093,1,1907,1898
s112051302107,s112051302096,1,1907,1901
s112051302107,s112051302097,1,1907,1902
s112051302107,s112051302099,1,1907,1903
s112051302107,s112051302104,1,1907,1906
s112051302109,s112051302100,1,1908,1904
s112051302109,s112051302102,1,1908,1905
s112054502024,s112054502025,1,1909,1910
s112054502024,s112054502029,1,1909,1914
s112054502024,s112054502030,1,1909,1915
s112054502024,s112054502032,1,1909,1917
s112054502025,s112054502026,1,1910,1911
s112054502025,s112054502029,1,1910,1914
s112054502026,s112054502025,1,1911,1910
s112054502026,s112054502033,1,1911,1918
s112054502026,s112054502040,1,1911,1921
s112054502026,s112054502043,1,1911,1923
s112054502027,s112054502028,1,1912,1913
s112054502027,s112054502031,1,1912,1916
s112054502027,s112054502032,1,1912,1917
s112054502027,s112054502033,1,1912,1918
s112054502028,s112054502027,1,1913,1912
s112054502028,s112054502031,1,1913,1916
s112054502028,s112054502033,1,1913,1918
s112054502028,s113054502003,1,1913,1927
s112054502029,s112054502024,1,1914,1909
s112054502029,s112054502025,1,1914,1910
s112054502029,s112054502030,1,1914,1915
s112054502029,s112054502032,1,1914,1917
s112054502031,s112054502028,1,1916,1913
s112054502031,s112054502029,1,1916,1914
s112054502031,s112054502033,1,1916,1918
s112054502031,s112054502040,1,1916,1921
s112054502031,s113054502003,1,1916,1927
s112054502032,s112054502024,1,1917,1909
s112054502032,s112054502025,1,1917,1910
s112054502032,s112054502029,1,1917,1914
s112054502032,s112054502030,1,1917,1915
s112054502032,s113054502003,1,1917,1927
s112054502033,s112054502026,1,1918,1911
s112054502033,s112054502028,1,1918,1913
s112054502033,s112054502031,1,1918,1916
s112054502033,s112054502032,1,1918,1917
s112054502037,s112054502039,1,1919,1920
s112054502037,s112054502040,1,1919,1921
s112054502037,s112054502044,1,1919,1924
s112054502039,s112054502026,1,1920,1911
s112054502039,s112054502044,1,1920,1924
s112054502040,s112054502037,1,1921,1919
s112054502040,s112054502043,1,1921,1923
s112054502042,s112054502037,1,1922,1919
s112054502042,s112054502043,1,1922,1923
s112054502043,s112054502042,1,1923,1922
s112054502044,s112054502037,1,1924,1919
s112054502044,s112054502039,1,1924,1920
s112054502044,s112054502040,1,1924,1921
s112054502044,s112054502043,1,1924,1923
s112054502046,s112054502025,1,1926,1910
s112054502046,s112054502032,1,1926,1917
s112054502046,s112054502033,1,1926,1918
s112054502050,s112054502051,1,1928,1929
s112054502050,s112054502053,1,1928,1930
s112054502050,s112054502054,1,1928,1931
s112054502050,s112054502055,1,1928,1932
s112054502050,s112054502058,1,1928,1934
s112054502051,s112054502050,1,1929,1928
s112054502051,s112054502053,1,1929,1930
s112054502051,s112054502054,1,1929,1931
s112054502053,s112054502050,1,1930,1928
s112054502053,s112054502051,1,1930,1929
s112054502053,s112054502054,1,1930,1931
s112054502053,s112054502055,1,1930,1932
s112054502054,s112054502050,1,1931,1928
s112054502054,s112054502051,1,1931,1929
s112054502054,s112054502053,1,1931,1930
s112054502054,s112054502055,1,1931,1932
s112054502054,s113054502004,1,1931,1941
s112054502055,s112054502050,1,1932,1928
s112054502055,s112054502051,1,1932,1929
s112054502055,s112054502053,1,1932,1930
s112054502055,s112054502054,1,1932,1931
s112054502055,s113054502004,1,1932,1941
s112054502057,s112054502059,1,1933,1935
s112054502058,s112054502050,1,1934,1928
s112054502058,s112054502055,1,1934,1932
s112054502058,s112054502066,1,1934,1939
s112054502059,s112054502050,1,1935,1928
s112054502059,s112054502051,1,1935,1929
s112054502059,s112054502055,1,1935,1932
s112054502059,s112054502057,1,1935,1933
s112054502061,s112054502066,1,1936,1939
s112054502061,s112054502069,1,1936,1940
s112054502062,s112054502061,1,1937,1936
s112054502062,s112054502065,1,1937,1938
s112054502065,s112054502058,1,1938,1934
s112054502065,s112054502062,1,1938,1937
s112054502065,s112054502069,1,1938,1940
s112054502066,s112054502061,1,1939,1936
s112054502066,s112054502069,1,1939,1940
s112054502069,s112054502061,1,1940,1936
s112054502069,s112054502066,1,1940,1939
s112054505026,s112054505027,1,1942,1943
s112054505027,s112054505026,1,1943,1942
s112054505027,s112054505028,1,1943,1944
s112054505028,s112054505027,1,1944,1943
s112054505028,s113054505003,1,1944,1953
s112054505035,s112054505040,1,1945,1947
s112054505035,s112054505045,1,1945,1951
s112054505036,s112054505028,1,1946,1944
s112054505036,s112054505035,1,1946,1945
s112054505040,s112054505041,1,1947,1948
s112054505040,s112054505045,1,1947,1951
s112054505041,s112054505040,1,1948,1947
s112054505041,s112054505048,1,1948,1952
s112054505042,s112054505043,1,1949,1950
s112054505042,s112054505048,1,1949,1952
s112054505043,s112054505042,1,1950,1949
s112054505043,s112054505045,1,1950,1951
s112054505043,s112054505048,1,1950,1952
s112054505045,s112054505040,1,1951,1947
s112054505048,s112054505042,1,1952,1949
s112054505054,s112054505057,1,1954,1956
s112054505054,s112054505062,1,1954,1960
s112054505054,s112054505063,1,1954,1961
s112054505054,s112054505074,1,1954,1969
s112054505056,s112054505054,1,1955,1954
s112054505056,s112054505058,1,1955,1957
s112054505056,s112054505061,1,1955,1959
s112054505056,s112054505062,1,1955,1960
s112054505056,s112054505063,1,1955,1961
s112054505057,s112054505054,1,1956,1954
s112054505057,s112054505059,1,1956,1958
s112054505057,s112054505062,1,1956,1960
s112054505057,s112054505063,1,1956,1961
s112054505057,s112054505064,1,1956,1962
s112054505058,s112054505054,1,1957,1954
s112054505058,s112054505057,1,1957,1956
s112054505058,s112054505063,1,1957,1961
s112054505058,s112054505064,1,1957,1962
s112054505059,s112054505054,1,1958,1954
s112054505059,s112054505057,1,1958,1956
s112054505059,s112054505062,1,1958,1960
s112054505061,s112054505058,1,1959,1957
s112054505061,s112054505062,1,1959,1960
s112054505061,s112054505063,1,1959,1961
s112054505061,s112054505064,1,1959,1962
s112054505062,s112054505057,1,1960,1956
s112054505062,s112054505058,1,1960,1957
s112054505062,s112054505061,1,1960,1959
s112054505063,s112054505054,1,1961,1954
s112054505063,s112054505061,1,1961,1959
s112054505063,s112054505062,1,1961,1960
s112054505064,s112054505054,1,1962,1954
s112054505064,s112054505057,1,1962,1956
s112054505064,s112054505058,1,1962,1957
s112054505064,s112054505062,1,1962,1960
s112054505064,s112054505063,1,1962,1961
s112054505067,s112054505068,1,1963,1964
s112054505067,s112054505074,1,1963,1969
s112054505067,s112054505075,1,1963,1970
s112054505068,s112054505063,1,1964,1961
s112054505068,s112054505067,1,1964,1963
s112054505068,s112054505074,1,1964,1969
s112054505068,s112054505075,1,1964,1970
s112054505069,s112054505076,1,1965,1971
s112054505070,s112054505071,1,1966,1967
s112054505070,s112054505073,1,1966,1968
s112054505070,s112054505076,1,1966,1971
s112054505070,s112054505078,1,1966,1972
s112054505071,s112054505070,1,1967,1966
s112054505071,s112054505073,1,1967,1968
s112054505071,s112054505076,1,1967,1971
s112054505071,s112054505078,1,1967,1972
s112054505074,s112054505054,1,1969,1954
s112054505074,s112054505058,1,1969,1957
s112054505074,s112054505067,1,1969,1963
s112054505074,s112054505068,1,1969,1964
s112054505075,s112054505067,1,1970,1963
s112054505075,s112054505068,1,1970,1964
s112054505075,s112054505074,1,1970,1969
s112054505076,s112054505070,1,1971,1966
s112054505076,s112054505071,1,1971,1967
s112054505076,s112054505073,1,1971,1968
s112054505076,s112054505078,1,1971,1972
s112054505078,s112054505070,1,1972,1966
s112054505078,s112054505071,1,1972,1967
s112054505078,s112054505073,1,1972,1968
s112054505078,s112054505076,1,1972,1971
s112054523024,s112054523025,1,1985,1986
s112054523024,s112054523027,1,1985,1987
s112054523024,s112054523028,1,1985,1988
s112054523024,s112054523031,1,1985,1991
s112054523025,s112054523024,1,1986,1985
s112054523025,s112054523027,1,1986,1987
s112054523025,s112054523032,1,1986,1992
s112054523025,s112054523037,1,1986,1995
s112054523028,s112054523024,1,1988,1985
s112054523028,s112054523027,1,1988,1987
s112054523028,s112054523030,1,1988,1990
s112054523029,s112054523025,1,1989,1986
s112054523029,s112054523037,1,1989,1995
s112054523030,s112054523027,1,1990,1987
s112054523030,s112054523028,1,1990,1988
s112054523030,s112054523029,1,1990,1989
s112054523032,s112054523025,1,1992,1986
s112054523032,s112054523034,1,1992,1993
s112054523034,s112054523027,1,1993,1987
s112054523034,s112054523032,1,1993,1992
s112054523034,s112054523037,1,1993,1995
s112054523036,s112054523032,1,1994,1992
s112054523036,s112054523034,1,1994,1993
s112054523036,s112054523037,1,1994,1995
s112054523037,s112054523028,1,1995,1988
s112054523037,s112054523034,1,1995,1993
s112054523037,s112054523038,1,1995,1996
s112054523041,s112054523042,1,1973,1974
s112054523041,s112054523048,1,1973,1979
s112054523042,s112054523041,1,1974,1973
s112054523042,s112054523045,1,1974,1976
s112054523042,s112054523047,1,1974,1978
s112054523042,s112054523048,1,1974,1979
s112054523044,s112054523047,1,1975,1978
s112054523044,s112054523050,1,1975,1980
s112054523044,s112054523051,1,1975,1981
s112054523044,s112054523053,1,1975,1982
s112054523044,s112054523055,1,1975,1983
s112054523045,s112054523042,1,1976,1974
s112054523045,s112054523048,1,1976,1979
s112054523046,s112054523041,1,1977,1973
s112054523046,s112054523042,1,1977,1974
s112054523046,s112054523047,1,1977,1978
s112054523046,s112054523048,1,1977,1979
s112054523047,s112054523042,1,1978,1974
s112054523047,s112054523046,1,1978,1977
s112054523047,s112054523048,1,1978,1979
s112054523047,s112054523051,1,1978,1981
s112054523048,s112054523041,1,1979,1973
s112054523048,s112054523042,1,1979,1974
s112054523048,s112054523046,1,1979,1977
s112054523048,s112054523047,1,1979,1978
s112054523050,s112054523042,1,1980,1974
s112054523050,s112054523045,1,1980,1976
s112054523050,s112054523051,1,1980,1981
s112054523050,s112054523053,1,1980,1982
s112054523050,s112054523055,1,1980,1983
s112054523051,s112054523042,1,1981,1974
s112054523051,s112054523045,1,1981,1976
s112054523051,s112054523047,1,1981,1978
s112054523051,s112054523053,1,1981,1982
s112054523051,s112054523055,1,1981,1983
s112054523053,s112054523042,1,1982,1974
s112054523053,s112054523045,1,1982,1976
s112054523053,s112054523046,1,1982,1977
s112054523053,s112054523051,1,1982,1981
s112054523053,s112054523055,1,1982,1983
s112054523055,s112054523042,1,1983,1974
s112054523055,s112054523050,1,1983,1980
s112054523055,s112054523051,1,1983,1981
s112054523055,s112054523053,1,1983,1982
s112060323074,s112060323077,1,1997,1999
s112060323074,s112060323078,1,1997,2000
s112060323074,s112060323080,1,1997,2002
s112060323074,s112060323085,1,1997,2005
s112060323076,s112060323079,1,1998,2001
s112060323076,s112060323085,1,1998,2005
s112060323076,s112060323086,1,1998,2006
s112060323077,s112060323074,1,1999,1997
s112060323077,s112060323078,1,1999,2000
s112060323077,s112060323080,1,1999,2002
s112060323077,s112060323081,1,1999,2003
s112060323078,s112060323074,1,2000,1997
s112060323078,s112060323077,1,2000,1999
s112060323078,s112060323080,1,2000,2002
s112060323078,s112060323081,1,2000,2003
s112060323079,s112060323076,1,2001,1998
s112060323079,s112060323084,1,2001,2004
s112060323079,s112060323086,1,2001,2006
s112060323080,s112060323077,1,2002,1999
s112060323080,s112060323078,1,2002,2000
s112060323080,s112060323085,1,2002,2005
s112060323080,s112060323086,1,2002,2006
s112060323081,s112060323074,1,2003,1997
s112060323081,s112060323077,1,2003,1999
s112060323081,s112060323078,1,2003,2000
s112060323084,s112060323079,1,2004,2001
s112060323084,s112060323086,1,2004,2006
s112060323084,s112060323090,1,2004,2010
s112060323084,s112060323098,1,2004,2015
s112060323085,s112060323076,1,2005,1998
s112060323085,s112060323079,1,2005,2001
s112060323085,s112060323080,1,2005,2002
s112060323085,s112060323086,1,2005,2006
s112060323086,s112060323080,1,2006,2002
s112060323086,s112060323084,1,2006,2004
s112060323086,s112060323085,1,2006,2005
s112060323086,s112060323089,1,2006,2009
s112060323086,s112060323090,1,2006,2010
s112060323087,s112060323088,1,2007,2008
s112060323087,s112060323098,1,2007,2015
s112060323087,s112060323102,1,2007,2018
s112060323088,s112060323084,1,2008,2004
s112060323088,s112060323096,1,2008,2014
s112060323088,s112060323098,1,2008,2015
s112060323088,s112060323102,1,2008,2018
s112060323089,s112060323090,1,2009,2010
s112060323089,s112060323099,1,2009,2016
s112060323090,s112060323084,1,2010,2004
s112060323090,s112060323086,1,2010,2006
s112060323090,s112060323089,1,2010,2009
s112060323090,s112060323102,1,2010,2018
s112060323091,s113060323003,1,2011,2019
s112060323092,s112060323122,1,2045,2032
s112060323092,s113060323004,1,2045,2042
s112060323092,s113060323005,1,2045,2043
s112060323092,s113060323006,1,2045,2044
s112060323093,s112060323090,1,2012,2010
s112060323093,s112060323095,1,2012,2013
s112060323095,s112060323090,1,2013,2010
s112060323095,s112060323093,1,2013,2012
s112060323095,s112060323100,1,2013,2017
s112060323096,s112060323088,1,2014,2008
s112060323096,s112060323098,1,2014,2015
s112060323096,s112060323102,1,2014,2018
s112060323098,s112060323088,1,2015,2008
s112060323098,s112060323096,1,2015,2014
s112060323098,s112060323102,1,2015,2018
s112060323099,s112060323089,1,2016,2009
s112060323099,s112060323093,1,2016,2012
s112060323100,s112060323088,1,2017,2008
s112060323100,s112060323093,1,2017,2012
s112060323100,s112060323095,1,2017,2013
s112060323100,s112060323102,1,2017,2018
s112060323102,s112060323088,1,2018,2008
s112060323102,s112060323090,1,2018,2010
s112060323102,s112060323098,1,2018,2015
s112060323105,s112060323106,1,2020,2021
s112060323105,s112060323116,1,2020,2027
s112060323105,s112060323117,1,2020,2028
s112060323106,s112060323105,1,2021,2020
s112060323106,s112060323112,1,2021,2025
s112060323106,s112060323116,1,2021,2027
s112060323106,s112060323117,1,2021,2028
s112060323108,s112060323111,1,2022,2024
s112060323108,s112060323113,1,2022,2026
s112060323108,s112060323118,1,2022,2029
s112060323108,s113060323004,1,2022,2042
s112060323108,s113060323005,1,2022,2043
s112060323111,s112060323108,1,2024,2022
s112060323111,s112060323113,1,2024,2026
s112060323111,s112060323118,1,2024,2029
s112060323111,s113060323004,1,2024,2042
s112060323111,s113060323005,1,2024,2043
s112060323112,s112060323106,1,2025,2021
s112060323112,s112060323110,1,2025,2023
s112060323112,s112060323127,1,2025,2036
s112060323112,s112060323128,1,2025,2037
s112060323112,s112060323131,1,2025,2040
s112060323113,s112060323108,1,2026,2022
s112060323113,s112060323111,1,2026,2024
s112060323113,s112060323118,1,2026,2029
s112060323113,s113060323005,1,2026,2043
s112060323116,s112060323106,1,2027,2021
s112060323116,s112060323111,1,2027,2024
s112060323116,s112060323119,1,2027,2030
s112060323116,s112060323127,1,2027,2036
s112060323117,s112060323105,1,2028,2020
s112060323118,s112060323108,1,2029,2022
s112060323118,s112060323111,1,2029,2024
s112060323118,s112060323113,1,2029,2026
s112060323119,s112060323110,1,2030,2023
s112060323119,s112060323116,1,2030,2027
s112060323119,s112060323127,1,2030,2036
s112060323119,s113060323004,1,2030,2042
s112060323119,s113060323005,1,2030,2043
s112060323121,s112060323124,1,2031,2033
s112060323121,s112060323125,1,2031,2034
s112060323121,s112060323129,1,2031,2038
s112060323121,s112060323130,1,2031,2039
s112060323121,s112060323132,1,2031,2041
s112060323122,s112060323092,1,2032,2045
s112060323122,s112060323126,1,2032,2035
s112060323122,s112060323127,1,2032,2036
s112060323124,s112060323111,1,2033,2024
s112060323124,s112060323125,1,2033,2034
s112060323124,s112060323130,1,2033,2039
s112060323124,s112060323132,1,2033,2041
s112060323124,s113060323006,1,2033,2044
s112060323125,s112060323106,1,2034,2021
s112060323125,s112060323129,1,2034,2038
s112060323125,s112060323130,1,2034,2039
s112060323125,s112060323132,1,2034,2041
s112060323125,s113060323006,1,2034,2044
s112060323127,s112060323122,1,2036,2032
s112060323128,s112060323127,1,2037,2036
s112060323128,s112060323132,1,2037,2041
s112060323128,s113060323006,1,2037,2044
s112060323129,s112060323121,1,2038,2031
s112060323129,s112060323124,1,2038,2033
s112060323129,s112060323130,1,2038,2039
s112060323129,s112060323132,1,2038,2041
s112060323130,s112060323124,1,2039,2033
s112060323130,s112060323128,1,2039,2037
s112060323130,s112060323129,1,2039,2038
s112060323130,s112060323132,1,2039,2041
s112060323131,s112060323119,1,2040,2030
s112060323132,s112060323116,1,2041,2027
s112060323132,s112060323124,1,2041,2033
s112060323132,s112060323125,1,2041,2034
s112060323132,s112060323128,1,2041,2037
s112060323132,s112060323130,1,2041,2039
s112061313025,s112061313026,1,2079,2080
s112061313025,s112061313027,1,2079,2081
s112061313025,s112061313042,1,2079,2095
s112061313025,s112061313058,1,2079,2110
s112061313026,s112061313025,1,2080,2079
s112061313026,s112061313027,1,2080,2081
s112061313026,s112061313033,1,2080,2086
s112061313026,s112061313034,1,2080,2087
s112061313026,s112061313038,1,2080,2091
s112061313027,s112061313026,1,2081,2080
s112061313027,s112061313033,1,2081,2086
s112061313027,s112061313038,1,2081,2091
s112061313027,s112061313039,1,2081,2092
s112061313027,s112061313042,1,2081,2095
s112061313029,s112061313030,1,2082,2083
s112061313029,s112061313032,1,2082,2085
s112061313029,s112061313035,1,2082,2088
s112061313029,s112061313036,1,2082,2089
s112061313029,s112061313037,1,2082,2090
s112061313030,s112061313033,1,2083,2086
s112061313030,s112061313040,1,2083,2093
s112061313030,s112061313045,1,2083,2098
s112061313030,s112061313053,1,2083,2105
s112061313030,s112061313062,1,2083,2113
s112061313031,s112061313030,1,2084,2083
s112061313031,s112061313032,1,2084,2085
s112061313031,s112061313033,1,2084,2086
s112061313031,s112061313034,1,2084,2087
s112061313031,s112061313038,1,2084,2091
s112061313032,s112061313031,1,2085,2084
s112061313032,s112061313033,1,2085,2086
s112061313032,s112061313034,1,2085,2087
s112061313032,s112061313038,1,2085,2091
s112061313033,s112061313027,1,2086,2081
s112061313033,s112061313032,1,2086,2085
s112061313033,s112061313034,1,2086,2087
s112061313033,s112061313036,1,2086,2089
s112061313033,s112061313038,1,2086,2091
s112061313034,s112061313031,1,2087,2084
s112061313034,s112061313033,1,2087,2086
s112061313034,s112061313035,1,2087,2088
s112061313034,s112061313038,1,2087,2091
s112061313034,s112061313045,1,2087,2098
s112061313035,s112061313030,1,2088,2083
s112061313035,s112061313033,1,2088,2086
s112061313035,s112061313034,1,2088,2087
s112061313035,s112061313036,1,2088,2089
s112061313035,s112061313037,1,2088,2090
s112061313036,s112061313030,1,2089,2083
s112061313036,s112061313033,1,2089,2086
s112061313036,s112061313039,1,2089,2092
s112061313036,s112061313040,1,2089,2093
s112061313037,s112061313029,1,2090,2082
s112061313037,s112061313034,1,2090,2087
s112061313037,s112061313035,1,2090,2088
s112061313037,s112061313036,1,2090,2089
s112061313038,s112061313026,1,2091,2080
s112061313038,s112061313033,1,2091,2086
s112061313038,s112061313034,1,2091,2087
s112061313038,s112061313042,1,2091,2095
s112061313038,s112061313058,1,2091,2110
s112061313039,s112061313026,1,2092,2080
s112061313039,s112061313027,1,2092,2081
s112061313039,s112061313033,1,2092,2086
s112061313039,s112061313045,1,2092,2098
s112061313040,s112061313036,1,2093,2089
s112061313040,s112061313044,1,2093,2097
s112061313040,s112061313059,1,2093,2111
s112061313040,s112061313063,1,2093,2114
s112061313041,s112061313040,1,2094,2093
s112061313041,s112061313044,1,2094,2097
s112061313041,s112061313047,1,2094,2099
s112061313041,s112061313059,1,2094,2111
s112061313041,s112061313063,1,2094,2114
s112061313042,s112061313043,1,2095,2096
s112061313042,s112061313051,1,2095,2103
s112061313042,s112061313053,1,2095,2105
s112061313042,s112061313059,1,2095,2111
s112061313042,s112061313062,1,2095,2113
s112061313043,s112061313042,1,2096,2095
s112061313043,s112061313048,1,2096,2100
s112061313043,s112061313049,1,2096,2101
s112061313043,s112061313051,1,2096,2103
s112061313043,s112061313053,1,2096,2105
s112061313044,s112061313040,1,2097,2093
s112061313044,s112061313047,1,2097,2099
s112061313044,s112061313049,1,2097,2101
s112061313044,s112061313053,1,2097,2105
s112061313044,s112061313061,1,2097,2112
s112061313045,s112061313027,1,2098,2081
s112061313045,s112061313033,1,2098,2086
s112061313045,s112061313051,1,2098,2103
s112061313045,s112061313053,1,2098,2105
s112061313045,s112061313059,1,2098,2111
s112061313047,s112061313039,1,2099,2092
s112061313047,s112061313040,1,2099,2093
s112061313047,s112061313062,1,2099,2113
s112061313047,s112061313063,1,2099,2114
s112061313048,s112061313052,1,2100,2104
s112061313048,s112061313055,1,2100,2107
s112061313048,s112061313056,1,2100,2108
s112061313048,s112061313063,1,2100,2114
s112061313049,s112061313040,1,2101,2093
s112061313049,s112061313041,1,2101,2094
s112061313049,s112061313042,1,2101,2095
s112061313049,s112061313043,1,2101,2096
s112061313049,s112061313044,1,2101,2097
s112061313050,s112061313026,1,2102,2080
s112061313050,s112061313032,1,2102,2085
s112061313050,s112061313040,1,2102,2093
s112061313050,s112061313042,1,2102,2095
s112061313050,s112061313054,1,2102,2106
s112061313051,s112061313042,1,2103,2095
s112061313051,s112061313043,1,2103,2096
s112061313051,s112061313053,1,2103,2105
s112061313051,s112061313057,1,2103,2109
s112061313052,s112061313045,1,2104,2098
s112061313052,s112061313048,1,2104,2100
s112061313052,s112061313051,1,2104,2103
s112061313052,s112061313054,1,2104,2106
s112061313052,s112061313062,1,2104,2113
s112061313053,s112061313026,1,2105,2080
s112061313053,s112061313027,1,2105,2081
s112061313053,s112061313042,1,2105,2095
s112061313053,s112061313045,1,2105,2098
s112061313053,s112061313051,1,2105,2103
s112061313054,s112061313042,1,2106,2095
s112061313054,s112061313053,1,2106,2105
s112061313054,s112061313056,1,2106,2108
s112061313054,s112061313057,1,2106,2109
s112061313054,s112061313063,1,2106,2114
s112061313055,s112061313026,1,2107,2080
s112061313055,s112061313038,1,2107,2091
s112061313055,s112061313047,1,2107,2099
s112061313055,s112061313054,1,2107,2106
s112061313055,s112061313061,1,2107,2112
s112061313056,s112061313042,1,2108,2095
s112061313056,s112061313051,1,2108,2103
s112061313056,s112061313057,1,2108,2109
s112061313056,s112061313062,1,2108,2113
s112061313056,s112061313063,1,2108,2114
s112061313057,s112061313051,1,2109,2103
s112061313057,s112061313056,1,2109,2108
s112061313057,s112061313059,1,2109,2111
s112061313057,s112061313062,1,2109,2113
s112061313057,s112061313063,1,2109,2114
s112061313058,s112061313025,1,2110,2079
s112061313058,s112061313043,1,2110,2096
s112061313058,s112061313048,1,2110,2100
s112061313058,s112061313062,1,2110,2113
s112061313059,s112061313042,1,2111,2095
s112061313059,s112061313045,1,2111,2098
s112061313059,s112061313051,1,2111,2103
s112061313059,s112061313062,1,2111,2113
s112061313059,s112061313063,1,2111,2114
s112061313061,s112061313044,1,2112,2097
s112061313061,s112061313049,1,2112,2101
s112061313061,s112061313052,1,2112,2104
s112061313061,s112061313059,1,2112,2111
s112061313061,s112061313062,1,2112,2113
s112061313062,s112061313040,1,2113,2093
s112061313062,s112061313047,1,2113,2099
s112061313062,s112061313057,1,2113,2109
s112061313062,s112061313061,1,2113,2112
s112061313062,s112061313063,1,2113,2114
s112061313063,s112061313054,1,2114,2106
s112061313063,s112061313056,1,2114,2108
s112061313063,s112061313057,1,2114,2109
s112061313063,s112061313059,1,2114,2111
s112061313063,s112061313062,1,2114,2113
s112061313069,s112061313070,1,2046,2047
s112061313069,s112061313072,1,2046,2048
s112061313069,s112061313094,1,2046,2064
s112061313070,s112061313069,1,2047,2046
s112061313070,s112061313074,1,2047,2050
s112061313070,s112061313076,1,2047,2052
s112061313070,s112061313081,1,2047,2055
s112061313073,s112061313072,1,2049,2048
s112061313073,s112061313074,1,2049,2050
s112061313073,s112061313077,1,2049,2053
s112061313073,s112061313086,1,2049,2058
s112061313074,s112061313070,1,2050,2047
s112061313074,s112061313073,1,2050,2049
s112061313074,s112061313078,1,2050,2054
s112061313074,s112061313081,1,2050,2055
s112061313074,s112061313089,1,2050,2060
s112061313075,s112061313069,1,2051,2046
s112061313075,s112061313074,1,2051,2050
s112061313075,s112061313081,1,2051,2055
s112061313075,s112061313082,1,2051,2056
s112061313075,s112061313099,1,2051,2069
s112061313076,s112061313070,1,2052,2047
s112061313076,s112061313082,1,2052,2056
s112061313076,s112061313086,1,2052,2058
s112061313076,s112061313089,1,2052,2060
s112061313077,s112061313073,1,2053,2049
s112061313077,s112061313076,1,2053,2052
s112061313077,s112061313082,1,2053,2056
s112061313077,s112061313086,1,2053,2058
s112061313078,s112061313087,1,2054,2059
s112061313081,s112061313070,1,2055,2047
s112061313081,s112061313074,1,2055,2050
s112061313081,s112061313085,1,2055,2057
s112061313081,s112061313089,1,2055,2060
s112061313082,s112061313072,1,2056,2048
s112061313082,s112061313076,1,2056,2052
s112061313085,s112061313077,1,2057,2053
s112061313085,s112061313078,1,2057,2054
s112061313085,s112061313086,1,2057,2058
s112061313086,s112061313073,1,2058,2049
s112061313086,s112061313077,1,2058,2053
s112061313086,s112061313085,1,2058,2057
s112061313086,s112061313089,1,2058,2060
s112061313087,s112061313074,1,2059,2050
s112061313087,s112061313078,1,2059,2054
s112061313087,s112061313082,1,2059,2056
s112061313087,s112061313086,1,2059,2058
s112061313089,s112061313070,1,2060,2047
s112061313089,s112061313074,1,2060,2050
s112061313089,s112061313076,1,2060,2052
s112061313089,s112061313081,1,2060,2055
s112061313089,s112061313094,1,2060,2064
s112061313090,s112061313092,1,2061,2062
s112061313090,s112061313098,1,2061,2068
s112061313090,s112061313100,1,2061,2070
s112061313090,s112061313105,1,2061,2075
s112061313090,s112061313108,1,2061,2078
s112061313092,s112061313100,1,2062,2070
s112061313092,s112061313101,1,2062,2071
s112061313092,s112061313102,1,2062,2072
s112061313092,s112061313105,1,2062,2075
s112061313092,s112061313108,1,2062,2078
s112061313093,s112061313082,1,2063,2056
s112061313093,s112061313092,1,2063,2062
s112061313093,s112061313102,1,2063,2072
s112061313093,s112061313104,1,2063,2074
s112061313093,s112061313107,1,2063,2077
s112061313094,s112061313092,1,2064,2062
s112061313094,s112061313093,1,2064,2063
s112061313094,s112061313100,1,2064,2070
s112061313094,s112061313108,1,2064,2078
s112061313095,s112061313093,1,2065,2063
s112061313095,s112061313094,1,2065,2064
s112061313095,s112061313096,1,2065,2066
s112061313095,s112061313105,1,2065,2075
s112061313095,s112061313107,1,2065,2077
s112061313096,s112061313090,1,2066,2061
s112061313096,s112061313095,1,2066,2065
s112061313096,s112061313104,1,2066,2074
s112061313096,s112061313105,1,2066,2075
s112061313096,s112061313106,1,2066,2076
s112061313097,s112061313090,1,2067,2061
s112061313097,s112061313095,1,2067,2065
s112061313097,s112061313096,1,2067,2066
s112061313097,s112061313105,1,2067,2075
s112061313097,s112061313107,1,2067,2077
s112061313098,s112061313090,1,2068,2061
s112061313098,s112061313092,1,2068,2062
s112061313098,s112061313100,1,2068,2070
s112061313098,s112061313102,1,2068,2072
s112061313098,s112061313105,1,2068,2075
s112061313099,s112061313097,1,2069,2067
s112061313099,s112061313107,1,2069,2077
s112061313100,s112061313090,1,2070,2061
s112061313100,s112061313092,1,2070,2062
s112061313100,s112061313102,1,2070,2072
s112061313100,s112061313105,1,2070,2075
s112061313100,s112061313108,1,2070,2078
s112061313101,s112061313090,1,2071,2061
s112061313101,s112061313092,1,2071,2062
s112061313101,s112061313093,1,2071,2063
s112061313101,s112061313094,1,2071,2064
s112061313101,s112061313102,1,2071,2072
s112061313102,s112061313092,1,2072,2062
s112061313102,s112061313094,1,2072,2064
s112061313102,s112061313098,1,2072,2068
s112061313102,s112061313100,1,2072,2070
s112061313102,s112061313101,1,2072,2071
s112061313103,s112061313069,1,2073,2046
s112061313103,s112061313073,1,2073,2049
s112061313103,s112061313092,1,2073,2062
s112061313103,s112061313093,1,2073,2063
s112061313104,s112061313093,1,2074,2063
s112061313104,s112061313107,1,2074,2077
s112061313105,s112061313090,1,2075,2061
s112061313105,s112061313092,1,2075,2062
s112061313105,s112061313098,1,2075,2068
s112061313105,s112061313101,1,2075,2071
s112061313105,s112061313102,1,2075,2072
s112061313106,s112061313094,1,2076,2064
s112061313106,s112061313096,1,2076,2066
s112061313106,s112061313101,1,2076,2071
s112061313106,s112061313105,1,2076,2075
s112061313106,s112061313107,1,2076,2077
s112061313107,s112061313090,1,2077,2061
s112061313107,s112061313093,1,2077,2063
s112061313107,s112061313103,1,2077,2073
s112061313107,s112061313106,1,2077,2076
s112061313107,s112061313108,1,2077,2078
s112061313108,s112061313090,1,2078,2061
s112061313108,s112061313098,1,2078,2068
s112061313108,s112061313100,1,2078,2070
s112061313108,s112061313102,1,2078,2072
s112061315024,s112061315033,1,2115,2121
s112061315024,s112061315034,1,2115,2122
s112061315024,s112061315035,1,2115,2123
s112061315024,s112061315036,1,2115,2124
s112061315025,s112061315024,1,2116,2115
s112061315025,s112061315033,1,2116,2121
s112061315025,s112061315034,1,2116,2122
s112061315025,s112061315035,1,2116,2123
s112061315027,s112061315029,1,2117,2119
s112061315027,s112061315039,1,2117,2126
s112061315028,s112061315024,1,2118,2115
s112061315028,s112061315029,1,2118,2119
s112061315028,s112061315035,1,2118,2123
s112061315028,s112061315039,1,2118,2126
s112061315029,s112061315024,1,2119,2115
s112061315029,s112061315028,1,2119,2118
s112061315029,s112061315036,1,2119,2124
s112061315029,s112061315039,1,2119,2126
s112061315031,s112061315028,1,2120,2118
s112061315031,s112061315035,1,2120,2123
s112061315031,s112061315050,1,2120,2134
s112061315033,s112061315034,1,2121,2122
s112061315033,s112061315036,1,2121,2124
s112061315033,s112061315038,1,2121,2125
s112061315033,s112061315039,1,2121,2126
s112061315034,s112061315024,1,2122,2115
s112061315034,s112061315033,1,2122,2121
s112061315034,s112061315035,1,2122,2123
s112061315034,s112061315036,1,2122,2124
s112061315034,s112061315038,1,2122,2125
s112061315035,s112061315024,1,2123,2115
s112061315035,s112061315028,1,2123,2118
s112061315035,s112061315036,1,2123,2124
s112061315035,s112061315039,1,2123,2126
s112061315036,s112061315024,1,2124,2115
s112061315036,s112061315038,1,2124,2125
s112061315036,s112061315039,1,2124,2126
s112061315038,s112061315027,1,2125,2117
s112061315038,s112061315036,1,2125,2124
s112061315038,s112061315039,1,2125,2126
s112061315038,s112061315053,1,2125,2135
s112061315039,s112061315027,1,2126,2117
s112061315039,s112061315033,1,2126,2121
s112061315039,s112061315038,1,2126,2125
s112061315041,s112061315050,1,2127,2134
s112061315041,s112061315059,1,2127,2138
s112061315043,s112061315058,1,2128,2137
s112061315044,s112061315038,1,2129,2125
s112061315044,s112061315039,1,2129,2126
s112061315044,s112061315064,1,2129,2142
s112061315045,s112061315046,1,2130,2131
s112061315046,s112061315045,1,2131,2130
s112061315046,s112061315050,1,2131,2134
s112061315047,s112061315046,1,2132,2131
s112061315047,s112061315054,1,2132,2136
s112061315047,s112061315061,1,2132,2140
s112061315048,s112061315045,1,2133,2130
s112061315048,s112061315050,1,2133,2134
s112061315050,s112061315046,1,2134,2131
s112061315050,s112061315064,1,2134,2142
s112061315053,s112061315038,1,2135,2125
s112061315053,s112061315039,1,2135,2126
s112061315053,s112061315043,1,2135,2128
s112061315054,s112061315047,1,2136,2132
s112061315054,s112061315064,1,2136,2142
s112061315058,s112061315043,1,2137,2128
s112061315058,s112061315062,1,2137,2141
s112061315058,s112061315064,1,2137,2142
s112061315059,s112061315041,1,2138,2127
s112061315059,s112061315046,1,2138,2131
s112061315059,s112061315060,1,2138,2139
s112061315060,s112061315046,1,2139,2131
s112061315060,s112061315047,1,2139,2132
s112061315060,s112061315059,1,2139,2138
s112061315060,s112061315061,1,2139,2140
s112061315061,s112061315044,1,2140,2129
s112061315061,s112061315047,1,2140,2132
s112061315061,s112061315054,1,2140,2136
s112061315061,s112061315058,1,2140,2137
s112061315062,s112061315034,1,2141,2122
s112061315062,s112061315058,1,2141,2137
s112061315062,s112061315059,1,2141,2138
s112061315064,s112061315046,1,2142,2131
s112061315067,s112061315080,1,2143,2148
s112061315068,s112061315069,1,2144,2145
s112061315069,s112061315068,1,2145,2144
s112061315080,s112061315073,1,2148,2147
s112061315080,s112061315083,1,2148,2149
s112061315083,s112061315073,1,2149,2147
s112061315083,s112061315080,1,2149,2148
s112061315087,s112061315093,1,2150,2152
s112061315087,s112061315098,1,2150,2154
s112061315089,s112061315087,1,2151,2150
s112061315089,s112061315106,1,2151,2158
s112061315094,s112061315087,1,2153,2150
s112061315094,s112061315089,1,2153,2151
s112061315094,s112061315093,1,2153,2152
s112061315094,s112061315100,1,2153,2156
s112061315098,s112061315094,1,2154,2153
s112061315098,s112061315099,1,2154,2155
s112061315100,s112061315093,1,2156,2152
s112061315100,s112061315094,1,2156,2153
s112061315100,s112061315099,1,2156,2155
s112061315106,s112061315100,1,2158,2156
s112061317024,s112061317027,1,2160,2162
s112061317024,s112061317030,1,2160,2163
s112061317024,s112061317040,1,2160,2171
s112061317024,s112061317048,1,2160,2174
s112061317024,s112061317056,1,2160,2182
s112061317025,s112061317031,1,2161,2164
s112061317025,s112061317039,1,2161,2170
s112061317027,s112061317024,1,2162,2160
s112061317027,s112061317030,1,2162,2163
s112061317027,s112061317040,1,2162,2171
s112061317027,s112061317048,1,2162,2174
s112061317027,s112061317056,1,2162,2182
s112061317030,s112061317027,1,2163,2162
s112061317030,s112061317031,1,2163,2164
s112061317030,s112061317033,1,2163,2166
s112061317030,s112061317038,1,2163,2169
s112061317030,s112061317040,1,2163,2171
s112061317031,s112061317025,1,2164,2161
s112061317031,s112061317030,1,2164,2163
s112061317031,s112061317039,1,2164,2170
s112061317032,s112061317027,1,2165,2162
s112061317032,s112061317030,1,2165,2163
s112061317032,s112061317033,1,2165,2166
s112061317032,s112061317040,1,2165,2171
s112061317033,s112061317032,1,2166,2165
s112061317033,s112061317034,1,2166,2167
s112061317033,s112061317038,1,2166,2169
s112061317034,s112061317024,1,2167,2160
s112061317034,s112061317032,1,2167,2165
s112061317034,s112061317033,1,2167,2166
s112061317034,s112061317038,1,2167,2169
s112061317037,s112061317033,1,2168,2166
s112061317037,s112061317038,1,2168,2169
s112061317037,s112061317042,1,2168,2172
s112061317038,s112061317030,1,2169,2163
s112061317038,s112061317033,1,2169,2166
s112061317038,s112061317037,1,2169,2168
s112061317038,s112061317040,1,2169,2171
s112061317038,s112061317042,1,2169,2172
s112061317039,s112061317025,1,2170,2161
s112061317039,s112061317031,1,2170,2164
s112061317040,s112061317024,1,2171,2160
s112061317040,s112061317027,1,2171,2162
s112061317040,s112061317030,1,2171,2163
s112061317042,s112061317037,1,2172,2168
s112061317042,s112061317038,1,2172,2169
s112061317045,s112061317057,1,2173,2183
s112061317045,s112061317070,1,2173,2191
s112061317048,s112061317024,1,2174,2160
s112061317048,s112061317027,1,2174,2162
s112061317048,s112061317049,1,2174,2175
s112061317048,s112061317052,1,2174,2178
s112061317048,s112061317056,1,2174,2182
s112061317049,s112061317048,1,2175,2174
s112061317049,s112061317052,1,2175,2178
s112061317049,s112061317053,1,2175,2179
s112061317049,s112061317056,1,2175,2182
s112061317051,s112061317050,1,2177,2176
s112061317051,s112061317055,1,2177,2181
s112061317051,s112061317065,1,2177,2189
s112061317051,s112061317067,1,2177,2190
s112061317052,s112061317048,1,2178,2174
s112061317052,s112061317049,1,2178,2175
s112061317052,s112061317056,1,2178,2182
s112061317053,s112061317033,1,2179,2166
s112061317054,s112061317045,1,2180,2173
s112061317054,s112061317055,1,2180,2181
s112061317054,s113061317003,1,2180,2192
s112061317055,s112061317048,1,2181,2174
s112061317055,s112061317052,1,2181,2178
s112061317055,s112061317058,1,2181,2184
s112061317055,s112061317061,1,2181,2186
s112061317055,s112061317070,1,2181,2191
s112061317056,s112061317048,1,2182,2174
s112061317056,s112061317049,1,2182,2175
s112061317056,s112061317052,1,2182,2178
s112061317057,s112061317045,1,2183,2173
s112061317057,s112061317056,1,2183,2182
s112061317057,s112061317059,1,2183,2185
s112061317057,s113061317003,1,2183,2192
s112061317058,s112061317030,1,2184,2163
s112061317058,s112061317048,1,2184,2174
s112061317058,s112061317067,1,2184,2190
s112061317059,s112061317048,1,2185,2174
s112061317059,s112061317049,1,2185,2175
s112061317059,s112061317052,1,2185,2178
s112061317059,s112061317056,1,2185,2182
s112061317059,s112061317058,1,2185,2184
s112061317061,s112061317045,1,2186,2173
s112061317061,s112061317055,1,2186,2181
s112061317063,s112061317061,1,2187,2186
s112061317063,s112061317064,1,2187,2188
s112061317063,s113061317003,1,2187,2192
s112061317064,s112061317042,1,2188,2172
s112061317064,s112061317053,1,2188,2179
s112061317064,s112061317055,1,2188,2181
s112061317064,s112061317058,1,2188,2184
s112061317064,s112061317065,1,2188,2189
s112061317065,s112061317050,1,2189,2176
s112061317065,s112061317051,1,2189,2177
s112061317065,s112061317055,1,2189,2181
s112061317065,s112061317067,1,2189,2190
s112061317067,s112061317050,1,2190,2176
s112061317067,s112061317051,1,2190,2177
s112061317067,s112061317064,1,2190,2188
s112061317067,s112061317065,1,2190,2189
s112061317070,s112061317045,1,2191,2173
s112061317070,s112061317055,1,2191,2181
s112061317070,s112061317057,1,2191,2183
s112061317074,s112061317075,1,2193,2194
s112061317074,s112061317079,1,2193,2196
s112061317074,s112061317081,1,2193,2198
s112061317074,s112061317085,1,2193,2201
s112061317075,s112061317074,1,2194,2193
s112061317075,s112061317076,1,2194,2195
s112061317075,s112061317079,1,2194,2196
s112061317075,s112061317081,1,2194,2198
s112061317076,s112061317075,1,2195,2194
s112061317076,s112061317080,1,2195,2197
s112061317076,s112061317108,1,2195,2219
s112061317079,s112061317074,1,2196,2193
s112061317079,s112061317075,1,2196,2194
s112061317079,s112061317081,1,2196,2198
s112061317079,s112061317082,1,2196,2199
s112061317079,s113061317004,1,2196,2224
s112061317081,s112061317075,1,2198,2194
s112061317081,s112061317083,1,2198,2200
s112061317081,s112061317085,1,2198,2201
s112061317081,s113061317007,1,2198,2225
s112061317082,s112061317076,1,2199,2195
s112061317082,s112061317079,1,2199,2196
s112061317082,s113061317004,1,2199,2224
s112061317083,s112061317081,1,2200,2198
s112061317083,s112061317085,1,2200,2201
s112061317083,s113061317007,1,2200,2225
s112061317085,s112061317081,1,2201,2198
s112061317085,s112061317083,1,2201,2200
s112061317085,s112061317103,1,2201,2216
s112061317085,s113061317007,1,2201,2225
s112061317086,s112061317092,1,2202,2207
s112061317086,s112061317095,1,2202,2209
s112061317086,s112061317107,1,2202,2218
s112061317086,s112061317111,1,2202,2221
s112061317087,s112061317090,1,2203,2206
s112061317087,s112061317093,1,2203,2208
s112061317087,s112061317095,1,2203,2209
s112061317087,s112061317097,1,2203,2211
s112061317088,s112061317086,1,2204,2202
s112061317088,s112061317087,1,2204,2203
s112061317088,s112061317103,1,2204,2216
s112061317088,s112061317110,1,2204,2220
s112061317088,s112061317111,1,2204,2221
s112061317089,s112061317110,1,2205,2220
s112061317089,s112061317111,1,2205,2221
s112061317090,s112061317092,1,2206,2207
s112061317090,s112061317095,1,2206,2209
s112061317090,s112061317106,1,2206,2217
s112061317090,s112061317112,1,2206,2222
s112061317092,s112061317090,1,2207,2206
s112061317092,s112061317093,1,2207,2208
s112061317092,s112061317107,1,2207,2218
s112061317092,s112061317112,1,2207,2222
s112061317093,s112061317097,1,2208,2211
s112061317093,s112061317098,1,2208,2212
s112061317093,s112061317101,1,2208,2214
s112061317093,s112061317106,1,2208,2217
s112061317095,s112061317090,1,2209,2206
s112061317095,s112061317092,1,2209,2207
s112061317095,s112061317112,1,2209,2222
s112061317096,s112061317103,1,2210,2216
s112061317097,s112061317093,1,2211,2208
s112061317097,s112061317100,1,2211,2213
s112061317097,s112061317103,1,2211,2216
s112061317097,s112061317106,1,2211,2217
s112061317098,s112061317093,1,2212,2208
s112061317098,s112061317097,1,2212,2211
s112061317098,s112061317101,1,2212,2214
s112061317098,s112061317106,1,2212,2217
s112061317100,s112061317092,1,2213,2207
s112061317100,s112061317103,1,2213,2216
s112061317101,s112061317093,1,2214,2208
s112061317101,s112061317098,1,2214,2212
s112061317101,s112061317103,1,2214,2216
s112061317101,s112061317106,1,2214,2217
s112061317101,s113061317008,1,2214,2226
s112061317102,s112061317092,1,2215,2207
s112061317102,s112061317095,1,2215,2209
s112061317102,s112061317107,1,2215,2218
s112061317102,s112061317112,1,2215,2222
s112061317103,s112061317093,1,2216,2208
s112061317103,s112061317097,1,2216,2211
s112061317103,s112061317100,1,2216,2213
s112061317103,s112061317111,1,2216,2221
s112061317107,s112061317090,1,2218,2206
s112061317107,s112061317092,1,2218,2207
s112061317107,s112061317095,1,2218,2209
s112061317107,s112061317112,1,2218,2222
s112061317108,s112061317090,1,2219,2206
s112061317108,s112061317093,1,2219,2208
s112061317108,s112061317107,1,2219,2218
s112061317108,s112061317112,1,2219,2222
s112061317110,s112061317087,1,2220,2203
s112061317111,s112061317087,1,2221,2203
s112061317111,s112061317100,1,2221,2213
s112061317111,s112061317103,1,2221,2216
s112061317111,s112061317110,1,2221,2220
s112061317112,s112061317090,1,2222,2206
s112061317112,s112061317092,1,2222,2207
s112061317112,s112061317095,1,2222,2209
s112061317112,s112061317107,1,2222,2218
s112061317113,s112061317090,1,2223,2206
s112061317113,s112061317092,1,2223,2207
s112061317113,s112061317095,1,2223,2209
s112061317113,s112061317107,1,2223,2218
s112061317113,s112061317112,1,2223,2222
s112064350025,s112064350027,1,2227,2228
s112064350025,s112064350032,1,2227,2232
s112064350025,s113064350005,1,2227,2247
s112064350027,s112064350025,1,2228,2227
s112064350027,s112064350028,1,2228,2229
s112064350027,s112064350032,1,2228,2232
s112064350027,s112064350045,1,2228,2244
s112064350027,s113064350005,1,2228,2247
s112064350028,s112064350037,1,2229,2236
s112064350028,s112064350041,1,2229,2240
s112064350028,s112064350045,1,2229,2244
s112064350028,s113064350003,1,2229,2245
s112064350029,s112064350039,1,2230,2238
s112064350029,s112064350042,1,2230,2241
s112064350029,s112064350044,1,2230,2243
s112064350030,s112064350040,1,2231,2239
s112064350030,s112064350043,1,2231,2242
s112064350032,s112064350025,1,2232,2227
s112064350032,s112064350027,1,2232,2228
s112064350032,s112064350028,1,2232,2229
s112064350032,s112064350045,1,2232,2244
s112064350032,s113064350005,1,2232,2247
s112064350033,s112064350029,1,2233,2230
s112064350033,s112064350039,1,2233,2238
s112064350033,s112064350043,1,2233,2242
s112064350033,s112064350044,1,2233,2243
s112064350034,s112064350028,1,2234,2229
s112064350034,s112064350037,1,2234,2236
s112064350034,s112064350041,1,2234,2240
s112064350034,s113064350003,1,2234,2245
s112064350035,s112064350032,1,2235,2232
s112064350035,s112064350039,1,2235,2238
s112064350035,s112064350040,1,2235,2239
s112064350035,s112064350043,1,2235,2242
s112064350037,s112064350034,1,2236,2234
s112064350037,s112064350041,1,2236,2240
s112064350037,s112064350045,1,2236,2244
s112064350037,s113064350003,1,2236,2245
s112064350038,s112064350025,1,2237,2227
s112064350038,s112064350027,1,2237,2228
s112064350038,s112064350032,1,2237,2232
s112064350038,s112064350037,1,2237,2236
s112064350038,s113064350005,1,2237,2247
s112064350039,s112064350029,1,2238,2230
s112064350039,s112064350033,1,2238,2233
s112064350039,s112064350035,1,2238,2235
s112064350039,s112064350044,1,2238,2243
s112064350040,s112064350030,1,2239,2231
s112064350040,s112064350035,1,2239,2235
s112064350040,s112064350041,1,2239,2240
s112064350041,s112064350027,1,2240,2228
s112064350041,s112064350032,1,2240,2232
s112064350041,s112064350034,1,2240,2234
s112064350041,s113064350003,1,2240,2245
s112064350041,s113064350005,1,2240,2247
s112064350042,s112064350039,1,2241,2238
s112064350042,s112064350040,1,2241,2239
s112064350043,s112064350034,1,2242,2234
s112064350043,s112064350037,1,2242,2236
s112064350043,s112064350041,1,2242,2240
s112064350043,s112064350044,1,2242,2243
s112064350043,s113064350003,1,2242,2245
s112064350044,s112064350029,1,2243,2230
s112064350044,s112064350033,1,2243,2233
s112064350044,s112064350039,1,2243,2238
s112064350044,s112064350043,1,2243,2242
s112064350045,s112064350027,1,2244,2228
s112064350045,s112064350028,1,2244,2229
s112064350045,s112064350032,1,2244,2232
s112064350048,s112064350049,1,2248,2249
s112064350048,s112064350051,1,2248,2250
s112064350048,s112064350052,1,2248,2251
s112064350048,s112064350053,1,2248,2252
s112064350048,s112064350054,1,2248,2253
s112064350049,s112064350048,1,2249,2248
s112064350049,s112064350051,1,2249,2250
s112064350049,s112064350052,1,2249,2251
s112064350049,s112064350053,1,2249,2252
s112064350049,s112064350054,1,2249,2253
s112064350051,s112064350048,1,2250,2248
s112064350051,s112064350049,1,2250,2249
s112064350051,s112064350052,1,2250,2251
s112064350051,s112064350053,1,2250,2252
s112064350051,s112064350054,1,2250,2253
s112064350052,s112064350048,1,2251,2248
s112064350052,s112064350049,1,2251,2249
s112064350052,s112064350051,1,2251,2250
s112064350052,s112064350053,1,2251,2252
s112064350052,s112064350054,1,2251,2253
s112064350053,s112064350048,1,2252,2248
s112064350053,s112064350049,1,2252,2249
s112064350053,s112064350051,1,2252,2250
s112064350053,s112064350052,1,2252,2251
s112064350053,s112064350054,1,2252,2253
s112064350054,s112064350048,1,2253,2248
s112064350054,s112064350049,1,2253,2249
s112064350054,s112064350051,1,2253,2250
s112064350054,s112064350052,1,2253,2251
s112064350054,s112064350053,1,2253,2252
s112064350055,s112064350048,1,2254,2248
s112064350060,s112064350061,1,2255,2256
s112064350060,s112064350073,1,2255,2264
s112064350061,s112064350060,1,2256,2255
s112064350061,s112064350066,1,2256,2261
s112064350062,s112064350061,1,2257,2256
s112064350062,s112064350064,1,2257,2259
s112064350062,s112064350067,1,2257,2262
s112064350062,s112064350071,1,2257,2263
s112064350063,s112064350065,1,2258,2260
s112064350063,s112064350066,1,2258,2261
s112064350064,s112064350052,1,2259,2251
s112064350064,s112064350053,1,2259,2252
s112064350064,s112064350054,1,2259,2253
s112064350064,s112064350062,1,2259,2257
s112064350064,s112064350067,1,2259,2262
s112064350065,s112064350063,1,2260,2258
s112064350065,s112064350064,1,2260,2259
s112064350065,s112064350066,1,2260,2261
s112064350066,s112064350063,1,2261,2258
s112064350066,s112064350065,1,2261,2260
s112064350067,s112064350048,1,2262,2248
s112064350067,s112064350051,1,2262,2250
s112064350067,s112064350062,1,2262,2257
s112064350067,s112064350064,1,2262,2259
s112064350071,s112064350048,1,2263,2248
s112064350071,s112064350062,1,2263,2257
s112064350071,s112064350064,1,2263,2259
s112064350073,s112064350048,1,2264,2248
s112064350073,s112064350060,1,2264,2255
s112064350073,s112064350062,1,2264,2257
s112064350073,s112064350064,1,2264,2259
s112064350073,s112064350067,1,2264,2262
s112064510025,s112064510027,1,2265,2266
s112064510025,s112064510029,1,2265,2268
s112064510025,s112064510030,1,2265,2269
s112064510025,s112064510032,1,2265,2271
s112064510027,s112064510025,1,2266,2265
s112064510027,s112064510029,1,2266,2268
s112064510027,s112064510030,1,2266,2269
s112064510027,s112064510032,1,2266,2271
s112064510028,s112064510029,1,2267,2268
s112064510028,s112064510030,1,2267,2269
s112064510028,s112064510034,1,2267,2273
s112064510029,s112064510025,1,2268,2265
s112064510029,s112064510027,1,2268,2266
s112064510029,s112064510030,1,2268,2269
s112064510029,s112064510032,1,2268,2271
s112064510030,s112064510025,1,2269,2265
s112064510030,s112064510027,1,2269,2266
s112064510030,s112064510029,1,2269,2268
s112064510030,s112064510032,1,2269,2271
s112064510031,s112064510027,1,2270,2266
s112064510032,s112064510025,1,2271,2265
s112064510032,s112064510027,1,2271,2266
s112064510032,s112064510030,1,2271,2269
s112064510033,s112064510028,1,2272,2267
s112064510033,s112064510034,1,2272,2273
s112064510035,s112064510036,1,2274,2275
s112064510035,s112064510038,1,2274,2277
s112064510036,s112064510035,1,2275,2274
s112064510036,s112064510037,1,2275,2276
s112064510036,s112064510038,1,2275,2277
s112064510036,s112064510042,1,2275,2280
s112064510036,s112064510044,1,2275,2282
s112064510037,s112064510035,1,2276,2274
s112064510037,s112064510036,1,2276,2275
s112064510037,s112064510038,1,2276,2277
s112064510037,s112064510044,1,2276,2282
s112064510037,s112064510045,1,2276,2283
s112064510038,s112064510035,1,2277,2274
s112064510038,s112064510036,1,2277,2275
s112064510038,s112064510037,1,2277,2276
s112064510039,s112064510036,1,2278,2275
s112064510039,s112064510040,1,2278,2279
s112064510039,s112064510042,1,2278,2280
s112064510039,s112064510043,1,2278,2281
s112064510039,s112064510044,1,2278,2282
s112064510040,s112064510032,1,2279,2271
s112064510040,s112064510036,1,2279,2275
s112064510040,s112064510039,1,2279,2278
s112064510040,s112064510042,1,2279,2280
s112064510040,s112064510044,1,2279,2282
s112064510042,s112064510036,1,2280,2275
s112064510042,s112064510040,1,2280,2279
s112064510042,s112064510043,1,2280,2281
s112064510042,s112064510044,1,2280,2282
s112064510042,s112064510045,1,2280,2283
s112064510043,s112064510039,1,2281,2278
s112064510043,s112064510040,1,2281,2279
s112064510043,s112064510042,1,2281,2280
s112064510043,s112064510044,1,2281,2282
s112064510043,s112064510045,1,2281,2283
s112064510044,s112064510036,1,2282,2275
s112064510044,s112064510040,1,2282,2279
s112064510044,s112064510042,1,2282,2280
s112064510044,s112064510043,1,2282,2281
s112064510044,s112064510045,1,2282,2283
s112064510045,s112064510036,1,2283,2275
s112064510045,s112064510037,1,2283,2276
s112064510045,s112064510042,1,2283,2280
s112064510045,s112064510044,1,2283,2282
s112064510048,s112064510049,1,2284,2285
s112064510048,s112064510050,1,2284,2286
s112064510048,s112064510052,1,2284,2288
s112064510048,s112064510056,1,2284,2291
s112064510048,s112064510060,1,2284,2294
s112064510049,s112064510055,1,2285,2290
s112064510049,s112064510056,1,2285,2291
s112064510049,s112064510060,1,2285,2294
s112064510050,s112064510049,1,2286,2285
s112064510050,s112064510056,1,2286,2291
s112064510050,s112064510067,1,2286,2300
s112064510051,s112064510048,1,2287,2284
s112064510051,s112064510052,1,2287,2288
s112064510051,s112064510058,1,2287,2292
s112064510051,s112064510061,1,2287,2295
s112064510052,s112064510050,1,2288,2286
s112064510052,s112064510051,1,2288,2287
s112064510052,s112064510056,1,2288,2291
s112064510052,s112064510060,1,2288,2294
s112064510055,s112064510049,1,2290,2285
s112064510055,s112064510056,1,2290,2291
s112064510055,s112064510059,1,2290,2293
s112064510055,s112064510060,1,2290,2294
s112064510056,s112064510050,1,2291,2286
s112064510056,s112064510052,1,2291,2288
s112064510056,s112064510054,1,2291,2289
s112064510056,s112064510055,1,2291,2290
s112064510058,s112064510049,1,2292,2285
s112064510058,s112064510055,1,2292,2290
s112064510058,s112064510056,1,2292,2291
s112064510058,s112064510062,1,2292,2296
s112064510059,s112064510052,1,2293,2288
s112064510059,s112064510054,1,2293,2289
s112064510060,s112064510049,1,2294,2285
s112064510060,s112064510055,1,2294,2290
s112064510060,s112064510056,1,2294,2291
s112064510061,s112064510065,1,2295,2298
s112064510061,s112064510067,1,2295,2300
s112064510062,s112064510063,1,2296,2297
s112064510062,s112064510066,1,2296,2299
s112064510063,s112064510049,1,2297,2285
s112064510063,s112064510056,1,2297,2291
s112064510063,s112064510062,1,2297,2296
s112064510063,s112064510066,1,2297,2299
s112064510065,s112064510061,1,2298,2295
s112064510065,s112064510066,1,2298,2299
s112064510066,s112064510062,1,2299,2296
s112064510066,s112064510063,1,2299,2297
s112064510066,s112064510067,1,2299,2300
s112064510066,s112064510068,1,2299,2301
s112064510066,s112064510070,1,2299,2303
s112064510067,s112064510048,1,2300,2284
s112064510067,s112064510050,1,2300,2286
s112064510067,s112064510063,1,2300,2297
s112064510067,s112064510069,1,2300,2302
s112064510068,s112064510060,1,2301,2294
s112064510069,s112064510062,1,2302,2296
s112064510069,s112064510063,1,2302,2297
s112064510069,s112064510068,1,2302,2301
s112064510069,s112064510073,1,2302,2304
s112064510070,s112064510056,1,2303,2291
s112064510070,s112064510063,1,2303,2297
s112064510070,s112064510067,1,2303,2300
s112064510070,s112064510068,1,2303,2301
s112064510073,s112064510049,1,2304,2285
s112064510073,s112064510050,1,2304,2286
s112064510073,s112064510056,1,2304,2291
s112064510073,s112064510061,1,2304,2295
s112064515025,s112064515029,1,2305,2308
s112064515025,s112064515031,1,2305,2310
s112064515025,s112064515035,1,2305,2314
s112064515025,s112064515040,1,2305,2319
s112064515025,s113064515004,1,2305,2331
s112064515026,s112064515031,1,2306,2310
s112064515026,s112064515033,1,2306,2312
s112064515026,s112064515034,1,2306,2313
s112064515027,s112064515029,1,2307,2308
s112064515027,s112064515031,1,2307,2310
s112064515027,s112064515032,1,2307,2311
s112064515027,s112064515034,1,2307,2313
s112064515027,s112064515035,1,2307,2314
s112064515029,s112064515027,1,2308,2307
s112064515029,s112064515030,1,2308,2309
s112064515029,s112064515031,1,2308,2310
s112064515029,s112064515032,1,2308,2311
s112064515029,s112064515035,1,2308,2314
s112064515030,s112064515029,1,2309,2308
s112064515030,s112064515031,1,2309,2310
s112064515030,s112064515032,1,2309,2311
s112064515030,s112064515033,1,2309,2312
s112064515030,s112064515034,1,2309,2313
s112064515031,s112064515029,1,2310,2308
s112064515031,s112064515030,1,2310,2309
s112064515031,s112064515032,1,2310,2311
s112064515031,s112064515033,1,2310,2312
s112064515031,s112064515034,1,2310,2313
s112064515032,s112064515030,1,2311,2309
s112064515032,s112064515033,1,2311,2312
s112064515032,s112064515034,1,2311,2313
s112064515033,s112064515030,1,2312,2309
s112064515033,s112064515032,1,2312,2311
s112064515033,s112064515034,1,2312,2313
s112064515034,s112064515030,1,2313,2309
s112064515034,s112064515032,1,2313,2311
s112064515034,s112064515033,1,2313,2312
s112064515035,s112064515027,1,2314,2307
s112064515035,s112064515029,1,2314,2308
s112064515035,s112064515031,1,2314,2310
s112064515036,s112064515025,1,2315,2305
s112064515036,s112064515026,1,2315,2306
s112064515036,s112064515038,1,2315,2317
s112064515036,s113064515004,1,2315,2331
s112064515037,s112064515030,1,2316,2309
s112064515037,s112064515032,1,2316,2311
s112064515037,s112064515033,1,2316,2312
s112064515037,s112064515034,1,2316,2313
s112064515038,s112064515036,1,2317,2315
s112064515038,s112064515037,1,2317,2316
s112064515038,s112064515050,1,2317,2329
s112064515038,s113064515004,1,2317,2331
s112064515039,s112064515040,1,2318,2319
s112064515039,s112064515041,1,2318,2320
s112064515039,s112064515049,1,2318,2328
s112064515039,s112064515050,1,2318,2329
s112064515039,s113064515004,1,2318,2331
s112064515040,s112064515032,1,2319,2311
s112064515040,s112064515039,1,2319,2318
s112064515040,s112064515041,1,2319,2320
s112064515040,s112064515048,1,2319,2327
s112064515040,s112064515049,1,2319,2328
s112064515041,s112064515039,1,2320,2318
s112064515041,s112064515042,1,2320,2321
s112064515041,s112064515043,1,2320,2322
s112064515041,s112064515049,1,2320,2328
s112064515041,s113064515004,1,2320,2331
s112064515042,s112064515041,1,2321,2320
s112064515042,s112064515044,1,2321,2323
s112064515042,s112064515047,1,2321,2326
s112064515042,s112064515048,1,2321,2327
s112064515042,s113064515004,1,2321,2331
s112064515044,s112064515042,1,2323,2321
s112064515044,s112064515045,1,2323,2324
s112064515044,s112064515048,1,2323,2327
s112064515044,s112064515049,1,2323,2328
s112064515044,s113064515004,1,2323,2331
s112064515045,s112064515046,1,2324,2325
s112064515045,s112064515048,1,2324,2327
s112064515045,s112064515050,1,2324,2329
s112064515045,s113064515004,1,2324,2331
s112064515046,s112064515039,1,2325,2318
s112064515046,s112064515040,1,2325,2319
s112064515046,s112064515045,1,2325,2324
s112064515046,s113064515003,1,2325,2330
s112064515046,s113064515004,1,2325,2331
s112064515047,s112064515041,1,2326,2320
s112064515047,s112064515042,1,2326,2321
s112064515047,s112064515044,1,2326,2323
s112064515047,s112064515045,1,2326,2324
s112064515047,s112064515048,1,2326,2327
s112064515048,s112064515049,1,2327,2328
s112064515049,s112064515041,1,2328,2320
s112064515049,s112064515044,1,2328,2323
s112064515049,s112064515047,1,2328,2326
s112064515049,s112064515048,1,2328,2327
s112064515049,s113064515004,1,2328,2331
s112064515050,s112064515031,1,2329,2310
s112064515050,s112064515039,1,2329,2318
s112064515050,s112064515045,1,2329,2324
s112064515050,s112064515048,1,2329,2327
s112064515050,s113064515004,1,2329,2331
s112064515056,s112064515053,1,2333,2332
s112064515059,s112064515060,1,2335,2336
s112064515059,s112064515061,1,2335,2337
s112064515059,s112064515063,1,2335,2339
s112064515059,s112064515066,1,2335,2341
s112064515060,s112064515059,1,2336,2335
s112064515060,s112064515061,1,2336,2337
s112064515060,s112064515063,1,2336,2339
s112064515060,s112064515072,1,2336,2347
s112064515060,s112064515073,1,2336,2348
s112064515061,s112064515059,1,2337,2335
s112064515061,s112064515060,1,2337,2336
s112064515061,s112064515063,1,2337,2339
s112064515061,s112064515066,1,2337,2341
s112064515062,s112064515057,1,2338,2334
s112064515062,s112064515070,1,2338,2345
s112064515062,s112064515078,1,2338,2351
s112064515063,s112064515059,1,2339,2335
s112064515063,s112064515060,1,2339,2336
s112064515063,s112064515061,1,2339,2337
s112064515064,s112064515057,1,2340,2334
s112064515064,s112064515060,1,2340,2336
s112064515064,s112064515066,1,2340,2341
s112064515066,s112064515060,1,2341,2336
s112064515066,s112064515064,1,2341,2340
s112064515067,s112064515068,1,2342,2343
s112064515067,s112064515069,1,2342,2344
s112064515067,s112064515072,1,2342,2347
s112064515067,s112064515073,1,2342,2348
s112064515067,s112064515079,1,2342,2352
s112064515068,s112064515067,1,2343,2342
s112064515068,s112064515069,1,2343,2344
s112064515068,s112064515079,1,2343,2352
s112064515069,s112064515067,1,2344,2342
s112064515069,s112064515068,1,2344,2343
s112064515069,s112064515073,1,2344,2348
s112064515069,s112064515076,1,2344,2349
s112064515069,s112064515079,1,2344,2352
s112064515070,s112064515071,1,2345,2346
s112064515070,s112064515077,1,2345,2350
s112064515070,s112064515078,1,2345,2351
s112064515070,s112064515079,1,2345,2352
s112064515071,s112064515062,1,2346,2338
s112064515071,s112064515070,1,2346,2345
s112064515071,s112064515078,1,2346,2351
s112064515071,s112064515079,1,2346,2352
s112064515072,s112064515067,1,2347,2342
s112064515072,s112064515068,1,2347,2343
s112064515072,s112064515069,1,2347,2344
s112064515072,s112064515073,1,2347,2348
s112064515073,s112064515067,1,2348,2342
s112064515073,s112064515068,1,2348,2343
s112064515073,s112064515069,1,2348,2344
s112064515073,s112064515072,1,2348,2347
s112064515073,s112064515079,1,2348,2352
s112064515076,s112064515060,1,2349,2336
s112064515076,s112064515061,1,2349,2337
s112064515076,s112064515067,1,2349,2342
s112064515076,s112064515078,1,2349,2351
s112064515076,s112064515079,1,2349,2352
s112064515077,s112064515068,1,2350,2343
s112064515077,s112064515073,1,2350,2348
s112064515077,s112064515078,1,2350,2351
s112064515077,s112064515079,1,2350,2352
s112064515078,s112064515062,1,2351,2338
s112064515078,s112064515071,1,2351,2346
s112064515078,s112064515077,1,2351,2350
s112064515078,s112064515079,1,2351,2352
s112064515079,s112064515067,1,2352,2342
s112064515079,s112064515068,1,2352,2343
s112064515079,s112064515069,1,2352,2344
s112064515079,s112064515072,1,2352,2347
s112064515079,s112064515073,1,2352,2348
s112064519024,s112064519031,1,2353,2357
s112064519024,s112064519034,1,2353,2360
s112064519024,s112064519046,1,2353,2366
s112064519026,s112064519024,1,2354,2353
s112064519026,s112064519027,1,2354,2355
s112064519026,s112064519028,1,2354,2356
s112064519026,s112064519032,1,2354,2358
s112064519027,s112064519028,1,2355,2356
s112064519027,s112064519031,1,2355,2357
s112064519027,s112064519034,1,2355,2360
s112064519028,s112064519024,1,2356,2353
s112064519028,s112064519026,1,2356,2354
s112064519028,s112064519027,1,2356,2355
s112064519028,s112064519032,1,2356,2358
s112064519031,s112064519024,1,2357,2353
s112064519031,s112064519027,1,2357,2355
s112064519031,s112064519032,1,2357,2358
s112064519031,s112064519034,1,2357,2360
s112064519032,s112064519024,1,2358,2353
s112064519032,s112064519026,1,2358,2354
s112064519032,s112064519028,1,2358,2356
s112064519032,s112064519035,1,2358,2361
s112064519033,s112064519034,1,2359,2360
s112064519033,s112064519044,1,2359,2365
s112064519033,s112064519046,1,2359,2366
s112064519034,s112064519024,1,2360,2353
s112064519034,s112064519027,1,2360,2355
s112064519034,s112064519031,1,2360,2357
s112064519034,s112064519035,1,2360,2361
s112064519036,s112064519044,1,2362,2365
s112064519036,s112064519046,1,2362,2366
s112064519040,s112064519027,1,2363,2355
s112064519040,s112064519031,1,2363,2357
s112064519040,s112064519034,1,2363,2360
s112064519040,s112064519036,1,2363,2362
s112064519043,s112064519044,1,2364,2365
s112064519044,s112064519033,1,2365,2359
s112064519044,s112064519034,1,2365,2360
s112064519044,s112064519046,1,2365,2366
s112064519046,s112064519035,1,2366,2361
s112064519046,s112064519044,1,2366,2365
s112064521025,s112064521027,1,2367,2368
s112064521025,s112064521028,1,2367,2369
s112064521025,s112064521029,1,2367,2370
s112064521025,s112064521030,1,2367,2371
s112064521027,s112064521025,1,2368,2367
s112064521027,s112064521029,1,2368,2370
s112064521028,s112064521029,1,2369,2370
s112064521028,s112064521030,1,2369,2371
s112064521029,s112064521025,1,2370,2367
s112064521029,s112064521027,1,2370,2368
s112064521029,s112064521030,1,2370,2371
s112064521030,s112064521025,1,2371,2367
s112064521030,s112064521027,1,2371,2368
s112064521030,s112064521028,1,2371,2369
s112064521030,s112064521029,1,2371,2370
s112064521031,s112064521032,1,2372,2373
s112064521032,s112064521033,1,2373,2374
s112064521032,s112064521034,1,2373,2375
s112064521032,s112064521035,1,2373,2376
s112064521032,s112064521036,1,2373,2377
s112064521033,s112064521034,1,2374,2375
s112064521033,s112064521035,1,2374,2376
s112064521033,s112064521036,1,2374,2377
s112064521034,s112064521033,1,2375,2374
s112064521034,s112064521035,1,2375,2376
s112064521034,s112064521036,1,2375,2377
s112064521035,s112064521029,1,2376,2370
s112064521035,s112064521030,1,2376,2371
s112064521035,s112064521033,1,2376,2374
s112064521035,s112064521034,1,2376,2375
s112064521035,s112064521036,1,2376,2377
s112064521036,s112064521033,1,2377,2374
s112064521036,s112064521034,1,2377,2375
s112064521036,s112064521035,1,2377,2376
s112064521039,s112064521040,1,2378,2379
s112064521039,s112064521041,1,2378,2380
s112064521039,s112064521045,1,2378,2383
s112064521039,s112064521048,1,2378,2386
s112064521040,s112064521039,1,2379,2378
s112064521040,s112064521045,1,2379,2383
s112064521041,s112064521039,1,2380,2378
s112064521041,s112064521040,1,2380,2379
s112064521042,s112064521039,1,2381,2378
s112064521042,s112064521040,1,2381,2379
s112064521042,s112064521041,1,2381,2380
s112064521042,s112064521043,1,2381,2382
s112064521042,s112064521045,1,2381,2383
s112064521043,s112064521039,1,2382,2378
s112064521043,s112064521040,1,2382,2379
s112064521043,s112064521042,1,2382,2381
s112064521043,s112064521045,1,2382,2383
s112064521045,s112064521039,1,2383,2378
s112064521045,s112064521040,1,2383,2379
s112064521045,s112064521043,1,2383,2382
s112064521046,s112064521047,1,2384,2385
s112064521046,s112064521048,1,2384,2386
s112064521046,s112064521049,1,2384,2387
s112064521046,s112064521050,1,2384,2388
s112064521047,s112064521046,1,2385,2384
s112064521047,s112064521048,1,2385,2386
s112064521047,s112064521049,1,2385,2387
s112064521047,s112064521050,1,2385,2388
s112064521048,s112064521046,1,2386,2384
s112064521048,s112064521047,1,2386,2385
s112064521048,s112064521049,1,2386,2387
s112064521048,s112064521050,1,2386,2388
s112064521049,s112064521039,1,2387,2378
s112064521049,s112064521046,1,2387,2384
s112064521049,s112064521047,1,2387,2385
s112064521049,s112064521048,1,2387,2386
s112064521049,s112064521050,1,2387,2388
s112064521050,s112064521039,1,2388,2378
s112064521050,s112064521040,1,2388,2379
s112064521050,s112064521046,1,2388,2384
s112064521050,s112064521047,1,2388,2385
s112064521050,s112064521048,1,2388,2386
s112064523024,s112064523029,1,2410,2413
s112064523024,s112064523033,1,2410,2416
s112064523024,s113064523003,1,2410,2423
s112064523024,s113064523006,1,2410,2425
s112064523027,s112064523028,1,2411,2412
s112064523027,s112064523030,1,2411,2414
s112064523028,s112064523032,1,2412,2415
s112064523029,s112064523024,1,2413,2410
s112064523029,s113064523006,1,2413,2425
s112064523030,s112064523027,1,2414,2411
s112064523030,s112064523028,1,2414,2412
s112064523030,s112064523039,1,2414,2419
s112064523032,s112064523028,1,2415,2412
s112064523032,s112064523033,1,2415,2416
s112064523032,s112064523039,1,2415,2419
s112064523033,s112064523024,1,2416,2410
s112064523033,s112064523039,1,2416,2419
s112064523033,s112064523041,1,2416,2421
s112064523033,s112064523044,1,2416,2422
s112064523033,s113064523006,1,2416,2425
s112064523034,s112064523033,1,2417,2416
s112064523034,s112064523039,1,2417,2419
s112064523034,s112064523040,1,2417,2420
s112064523036,s112064523039,1,2418,2419
s112064523036,s113064523003,1,2418,2423
s112064523040,s112064523030,1,2420,2414
s112064523040,s112064523041,1,2420,2421
s112064523040,s112064523044,1,2420,2422
s112064523050,s112064523051,1,2389,2390
s112064523050,s112064523052,1,2389,2391
s112064523050,s112064523053,1,2389,2392
s112064523051,s112064523050,1,2390,2389
s112064523051,s112064523052,1,2390,2391
s112064523051,s112064523053,1,2390,2392
s112064523051,s112064523058,1,2390,2397
s112064523052,s112064523050,1,2391,2389
s112064523052,s112064523051,1,2391,2390
s112064523052,s112064523053,1,2391,2392
s112064523052,s112064523057,1,2391,2396
s112064523053,s112064523050,1,2392,2389
s112064523053,s112064523054,1,2392,2393
s112064523053,s112064523056,1,2392,2395
s112064523054,s112064523053,1,2393,2392
s112064523054,s112064523055,1,2393,2394
s112064523054,s112064523056,1,2393,2395
s112064523054,s112064523057,1,2393,2396
s112064523055,s112064523053,1,2394,2392
s112064523055,s112064523058,1,2394,2397
s112064523056,s112064523050,1,2395,2389
s112064523056,s112064523052,1,2395,2391
s112064523056,s112064523053,1,2395,2392
s112064523056,s112064523057,1,2395,2396
s112064523057,s112064523052,1,2396,2391
s112064523057,s112064523056,1,2396,2395
s112064523058,s112064523050,1,2397,2389
s112064523058,s112064523051,1,2397,2390
s112064523058,s112064523052,1,2397,2391
s112064523058,s112064523055,1,2397,2394
s112064523059,s112064523060,1,2398,2399
s112064523059,s112064523061,1,2398,2400
s112064523059,s112064523063,1,2398,2402
s112064523059,s112064523068,1,2398,2406
s112064523060,s112064523061,1,2399,2400
s112064523060,s112064523068,1,2399,2406
s112064523060,s112064523070,1,2399,2408
s112064523060,s112064523071,1,2399,2409
s112064523061,s112064523059,1,2400,2398
s112064523061,s112064523067,1,2400,2405
s112064523061,s112064523068,1,2400,2406
s112064523061,s112064523070,1,2400,2408
s112064523061,s112064523071,1,2400,2409
s112064523062,s112064523059,1,2401,2398
s112064523062,s112064523061,1,2401,2400
s112064523062,s112064523063,1,2401,2402
s112064523062,s112064523068,1,2401,2406
s112064523062,s112064523070,1,2401,2408
s112064523063,s112064523060,1,2402,2399
s112064523063,s112064523062,1,2402,2401
s112064523063,s112064523068,1,2402,2406
s112064523063,s112064523070,1,2402,2408
s112064523064,s112064523059,1,2403,2398
s112064523064,s112064523061,1,2403,2400
s112064523064,s112064523063,1,2403,2402
s112064523064,s112064523065,1,2403,2404
s112064523065,s112064523059,1,2404,2398
s112064523065,s112064523060,1,2404,2399
s112064523065,s112064523061,1,2404,2400
s112064523065,s112064523070,1,2404,2408
s112064523067,s112064523060,1,2405,2399
s112064523067,s112064523061,1,2405,2400
s112064523067,s112064523065,1,2405,2404
s112064523067,s112064523070,1,2405,2408
s112064523068,s112064523059,1,2406,2398
s112064523068,s112064523060,1,2406,2399
s112064523068,s112064523061,1,2406,2400
s112064523068,s112064523063,1,2406,2402
s112064523070,s112064523060,1,2408,2399
s112064523070,s112064523061,1,2408,2400
s112064523070,s112064523062,1,2408,2401
s112064523070,s112064523063,1,2408,2402
s112064523071,s112064523050,1,2409,2389
s112064523071,s112064523060,1,2409,2399
s112064523071,s112064523068,1,2409,2406
s112064523071,s112064523070,1,2409,2408
s112064526024,s112064526026,1,2426,2428
s112064526024,s112064526029,1,2426,2430
s112064526024,s112064526031,1,2426,2432
s112064526024,s112064526033,1,2426,2434
s112064526024,s112064526034,1,2426,2435
s112064526025,s112064526028,1,2427,2429
s112064526025,s112064526032,1,2427,2433
s112064526025,s112064526033,1,2427,2434
s112064526026,s112064526024,1,2428,2426
s112064526026,s112064526031,1,2428,2432
s112064526026,s112064526038,1,2428,2438
s112064526026,s112064526047,1,2428,2446
s112064526028,s112064526025,1,2429,2427
s112064526028,s112064526026,1,2429,2428
s112064526028,s112064526031,1,2429,2432
s112064526029,s112064526024,1,2430,2426
s112064526029,s112064526026,1,2430,2428
s112064526029,s112064526031,1,2430,2432
s112064526029,s112064526032,1,2430,2433
s112064526029,s112064526033,1,2430,2434
s112064526030,s112064526032,1,2431,2433
s112064526030,s112064526034,1,2431,2435
s112064526030,s112064526050,1,2431,2448
s112064526031,s112064526024,1,2432,2426
s112064526031,s112064526026,1,2432,2428
s112064526031,s112064526032,1,2432,2433
s112064526031,s112064526033,1,2432,2434
s112064526031,s112064526038,1,2432,2438
s112064526032,s112064526024,1,2433,2426
s112064526032,s112064526029,1,2433,2430
s112064526032,s112064526030,1,2433,2431
s112064526032,s112064526031,1,2433,2432
s112064526032,s112064526033,1,2433,2434
s112064526033,s112064526024,1,2434,2426
s112064526033,s112064526030,1,2434,2431
s112064526033,s112064526031,1,2434,2432
s112064526033,s112064526032,1,2434,2433
s112064526033,s112064526034,1,2434,2435
s112064526034,s112064526024,1,2435,2426
s112064526034,s112064526026,1,2435,2428
s112064526034,s112064526030,1,2435,2431
s112064526034,s112064526033,1,2435,2434
s112064526034,s112064526041,1,2435,2440
s112064526037,s112064526038,1,2437,2438
s112064526037,s112064526046,1,2437,2445
s112064526037,s112064526047,1,2437,2446
s112064526037,s113064526003,1,2437,2449
s112064526038,s112064526039,1,2438,2439
s112064526038,s112064526047,1,2438,2446
s112064526038,s112064526049,1,2438,2447
s112064526039,s112064526038,1,2439,2438
s112064526039,s112064526046,1,2439,2445
s112064526039,s112064526049,1,2439,2447
s112064526041,s112064526037,1,2440,2437
s112064526041,s112064526039,1,2440,2439
s112064526041,s112064526043,1,2440,2442
s112064526043,s112064526046,1,2442,2445
s112064526043,s112064526047,1,2442,2446
s112064526043,s112064526049,1,2442,2447
s112064526043,s113064526003,1,2442,2449
s112064526044,s112064526038,1,2443,2438
s112064526044,s112064526039,1,2443,2439
s112064526044,s112064526047,1,2443,2446
s112064526044,s112064526049,1,2443,2447
s112064526045,s112064526028,1,2444,2429
s112064526045,s112064526038,1,2444,2438
s112064526045,s112064526046,1,2444,2445
s112064526046,s112064526037,1,2445,2437
s112064526046,s112064526039,1,2445,2439
s112064526046,s112064526044,1,2445,2443
s112064526046,s113064526003,1,2445,2449
s112064526047,s112064526037,1,2446,2437
s112064526047,s112064526044,1,2446,2443
s112064526047,s112064526046,1,2446,2445
s112064526047,s112064526049,1,2446,2447
s112064526049,s112064526038,1,2447,2438
s112064526049,s112064526039,1,2447,2439
s112064526049,s112064526046,1,2447,2445
s112064526049,s112064526047,1,2447,2446
s112064526050,s112064526024,1,2448,2426
s112064526050,s112064526030,1,2448,2431
s112064526050,s112064526031,1,2448,2432
s112064526055,s112064526056,1,2450,2451
s112064526055,s112064526060,1,2450,2452
s112064526055,s112064526064,1,2450,2455
s112064526056,s112064526055,1,2451,2450
s112064526056,s112064526060,1,2451,2452
s112064526056,s112064526064,1,2451,2455
s112064526060,s112064526056,1,2452,2451
s112064526061,s112064526074,1,2453,2461
s112064526063,s112064526064,1,2454,2455
s112064526063,s112064526068,1,2454,2458
s112064526063,s112064526072,1,2454,2460
s112064526064,s112064526055,1,2455,2450
s112064526064,s112064526056,1,2455,2451
s112064526064,s112064526068,1,2455,2458
s112064526064,s112064526074,1,2455,2461
s112064526066,s112064526064,1,2456,2455
s112064526066,s112064526068,1,2456,2458
s112064526066,s112064526074,1,2456,2461
s112064526066,s112064526075,1,2456,2462
s112064526067,s112064526063,1,2457,2454
s112064526067,s112064526066,1,2457,2456
s112064526067,s112064526069,1,2457,2459
s112064526067,s112064526074,1,2457,2461
s112064526068,s112064526064,1,2458,2455
s112064526068,s112064526066,1,2458,2456
s112064526068,s112064526072,1,2458,2460
s112064526069,s112064526067,1,2459,2457
s112064526072,s112064526064,1,2460,2455
s112064526072,s112064526066,1,2460,2456
s112064526074,s112064526064,1,2461,2455
s112064526074,s112064526066,1,2461,2456
s112064526074,s112064526075,1,2461,2462
s112064526075,s112064526055,1,2462,2450
s112064526075,s112064526066,1,2462,2456
s112064526075,s112064526068,1,2462,2458
s112064526075,s112064526074,1,2462,2461
s112064533025,s112064533026,1,2463,2464
s112064533025,s112064533027,1,2463,2465
s112064533025,s112064533029,1,2463,2466
s112064533026,s112064533025,1,2464,2463
s112064533026,s112064533027,1,2464,2465
s112064533026,s112064533029,1,2464,2466
s112064533027,s112064533025,1,2465,2463
s112064533027,s112064533026,1,2465,2464
s112064533027,s112064533029,1,2465,2466
s112064533029,s112064533025,1,2466,2463
s112064533029,s112064533026,1,2466,2464
s112064533029,s112064533027,1,2466,2465
s112064533035,s112064533034,1,2468,2467
s112064533036,s112064533034,1,2469,2467
s112064533036,s112064533035,1,2469,2468
s112064537032,s112064537033,1,2482,2483
s112064537032,s112064537036,1,2482,2485
s112064537032,s112064537038,1,2482,2486
s112064537032,s112064537040,1,2482,2488
s112064537033,s112064537032,1,2483,2482
s112064537033,s112064537034,1,2483,2484
s112064537033,s112064537039,1,2483,2487
s112064537034,s112064537033,1,2484,2483
s112064537036,s112064537032,1,2485,2482
s112064537036,s112064537038,1,2485,2486
s112064537038,s112064537032,1,2486,2482
s112064537039,s112064537032,1,2487,2482
s112064537039,s112064537033,1,2487,2483
s112064537039,s112064537034,1,2487,2484
s112064537040,s112064537032,1,2488,2482
s112064537040,s112064537036,1,2488,2485
s112064537040,s112064537038,1,2488,2486
s112064537045,s112064537050,1,2470,2472
s112064537045,s112064537061,1,2470,2479
s112064537050,s112064537045,1,2472,2470
s112064537050,s112064537051,1,2472,2473
s112064537051,s112064537050,1,2473,2472
s112064537051,s112064537052,1,2473,2474
s112064537052,s112064537054,1,2474,2476
s112064537052,s112064537059,1,2474,2478
s112064537052,s112064537061,1,2474,2479
s112064537053,s112064537052,1,2475,2474
s112064537053,s112064537054,1,2475,2476
s112064537054,s112064537052,1,2476,2474
s112064537054,s112064537053,1,2476,2475
s112064537058,s112064537045,1,2477,2470
s112064537058,s112064537059,1,2477,2478
s112064537058,s112064537061,1,2477,2479
s112064537059,s112064537045,1,2478,2470
s112064537059,s112064537058,1,2478,2477
s112064537059,s112064537061,1,2478,2479
s112064537061,s112064537045,1,2479,2470
s112064537061,s112064537058,1,2479,2477
s112064537061,s112064537059,1,2479,2478
s112064538024,s112064538035,1,2516,2524
s112064538024,s112064538036,1,2516,2525
s112064538024,s112064538037,1,2516,2526
s112064538024,s113064538003,1,2516,2540
s112064538029,s112064538028,1,2519,2518
s112064538029,s113064538003,1,2519,2540
s112064538030,s112064538028,1,2520,2518
s112064538030,s112064538035,1,2520,2524
s112064538030,s113064538003,1,2520,2540
s112064538032,s112064538040,1,2521,2528
s112064538032,s112064538048,1,2521,2536
s112064538032,s112064538051,1,2521,2539
s112064538032,s113064538004,1,2521,2541
s112064538033,s112064538027,1,2522,2517
s112064538033,s112064538034,1,2522,2523
s112064538033,s112064538047,1,2522,2535
s112064538034,s112064538027,1,2523,2517
s112064538034,s112064538028,1,2523,2518
s112064538034,s112064538033,1,2523,2522
s112064538034,s113064538003,1,2523,2540
s112064538035,s112064538033,1,2524,2522
s112064538035,s112064538046,1,2524,2534
s112064538035,s112064538050,1,2524,2538
s112064538036,s112064538029,1,2525,2519
s112064538036,s112064538039,1,2525,2527
s112064538036,s112064538040,1,2525,2528
s112064538036,s113064538003,1,2525,2540
s112064538037,s112064538027,1,2526,2517
s112064538037,s112064538028,1,2526,2518
s112064538037,s112064538029,1,2526,2519
s112064538039,s112064538040,1,2527,2528
s112064538039,s112064538041,1,2527,2529
s112064538039,s112064538044,1,2527,2532
s112064538039,s112064538045,1,2527,2533
s112064538039,s112064538049,1,2527,2537
s112064538040,s112064538039,1,2528,2527
s112064538040,s112064538044,1,2528,2532
s112064538040,s112064538045,1,2528,2533
s112064538040,s112064538048,1,2528,2536
s112064538040,s112064538051,1,2528,2539
s112064538041,s112064538042,1,2529,2530
s112064538041,s112064538046,1,2529,2534
s112064538041,s112064538050,1,2529,2538
s112064538042,s112064538041,1,2530,2529
s112064538042,s112064538043,1,2530,2531
s112064538042,s112064538045,1,2530,2533
s112064538042,s112064538046,1,2530,2534
s112064538042,s112064538050,1,2530,2538
s112064538043,s112064538045,1,2531,2533
s112064538043,s112064538046,1,2531,2534
s112064538043,s112064538049,1,2531,2537
s112064538043,s112064538050,1,2531,2538
s112064538043,s112064538051,1,2531,2539
s112064538044,s112064538040,1,2532,2528
s112064538044,s112064538048,1,2532,2536
s112064538044,s112064538051,1,2532,2539
s112064538045,s112064538043,1,2533,2531
s112064538045,s112064538044,1,2533,2532
s112064538045,s112064538046,1,2533,2534
s112064538045,s112064538047,1,2533,2535
s112064538045,s112064538050,1,2533,2538
s112064538046,s112064538041,1,2534,2529
s112064538046,s112064538042,1,2534,2530
s112064538046,s112064538050,1,2534,2538
s112064538047,s112064538042,1,2535,2530
s112064538047,s112064538045,1,2535,2533
s112064538047,s112064538049,1,2535,2537
s112064538047,s112064538050,1,2535,2538
s112064538048,s112064538035,1,2536,2524
s112064538048,s112064538039,1,2536,2527
s112064538048,s112064538040,1,2536,2528
s112064538048,s112064538044,1,2536,2532
s112064538048,s112064538051,1,2536,2539
s112064538049,s112064538039,1,2537,2527
s112064538049,s112064538043,1,2537,2531
s112064538049,s112064538045,1,2537,2533
s112064538049,s112064538047,1,2537,2535
s112064538049,s112064538050,1,2537,2538
s112064538050,s112064538028,1,2538,2518
s112064538050,s112064538035,1,2538,2524
s112064538050,s112064538041,1,2538,2529
s112064538050,s112064538042,1,2538,2530
s112064538050,s112064538046,1,2538,2534
s112064538051,s112064538040,1,2539,2528
s112064538051,s112064538044,1,2539,2532
s112064538051,s112064538045,1,2539,2533
s112064538051,s112064538048,1,2539,2536
s112064538051,s112064538050,1,2539,2538
s112064538055,s112064538059,1,2489,2493
s112064538055,s112064538065,1,2489,2499
s112064538055,s112064538070,1,2489,2503
s112064538055,s112064538071,1,2489,2504
s112064538055,s113064538005,1,2489,2513
s112064538056,s112064538055,1,2490,2489
s112064538056,s112064538058,1,2490,2492
s112064538056,s112064538059,1,2490,2493
s112064538056,s112064538061,1,2490,2495
s112064538056,s113064538007,1,2490,2515
s112064538057,s112064538056,1,2491,2490
s112064538057,s112064538060,1,2491,2494
s112064538057,s112064538061,1,2491,2495
s112064538057,s113064538007,1,2491,2515
s112064538058,s112064538074,1,2492,2507
s112064538059,s112064538055,1,2493,2489
s112064538059,s112064538065,1,2493,2499
s112064538059,s112064538073,1,2493,2506
s112064538059,s113064538005,1,2493,2513
s112064538059,s113064538006,1,2493,2514
s112064538060,s112064538057,1,2494,2491
s112064538060,s112064538061,1,2494,2495
s112064538060,s112064538062,1,2494,2496
s112064538060,s112064538065,1,2494,2499
s112064538060,s112064538066,1,2494,2500
s112064538061,s112064538057,1,2495,2491
s112064538061,s112064538060,1,2495,2494
s112064538061,s112064538062,1,2495,2496
s112064538061,s112064538066,1,2495,2500
s112064538062,s112064538056,1,2496,2490
s112064538062,s112064538057,1,2496,2491
s112064538062,s112064538060,1,2496,2494
s112064538062,s112064538061,1,2496,2495
s112064538062,s112064538066,1,2496,2500
s112064538063,s112064538059,1,2497,2493
s112064538063,s112064538060,1,2497,2494
s112064538063,s112064538061,1,2497,2495
s112064538063,s112064538065,1,2497,2499
s112064538063,s113064538005,1,2497,2513
s112064538064,s112064538056,1,2498,2490
s112064538064,s112064538058,1,2498,2492
s112064538064,s112064538061,1,2498,2495
s112064538065,s112064538059,1,2499,2493
s112064538065,s112064538060,1,2499,2494
s112064538065,s112064538071,1,2499,2504
s112064538065,s112064538072,1,2499,2505
s112064538065,s112064538073,1,2499,2506
s112064538066,s112064538060,1,2500,2494
s112064538066,s112064538061,1,2500,2495
s112064538066,s112064538062,1,2500,2496
s112064538066,s112064538069,1,2500,2502
s112064538067,s112064538069,1,2501,2502
s112064538067,s112064538070,1,2501,2503
s112064538067,s112064538071,1,2501,2504
s112064538067,s112064538074,1,2501,2507
s112064538069,s112064538061,1,2502,2495
s112064538069,s112064538071,1,2502,2504
s112064538069,s112064538074,1,2502,2507
s112064538069,s112064538078,1,2502,2511
s112064538070,s112064538067,1,2503,2501
s112064538070,s112064538071,1,2503,2504
s112064538070,s112064538074,1,2503,2507
s112064538070,s112064538076,1,2503,2509
s112064538071,s112064538067,1,2504,2501
s112064538071,s112064538074,1,2504,2507
s112064538071,s112064538076,1,2504,2509
s112064538071,s112064538078,1,2504,2511
s112064538072,s112064538059,1,2505,2493
s112064538072,s112064538065,1,2505,2499
s112064538072,s112064538073,1,2505,2506
s112064538073,s112064538059,1,2506,2493
s112064538073,s112064538060,1,2506,2494
s112064538073,s112064538065,1,2506,2499
s112064538073,s112064538072,1,2506,2505
s112064538074,s112064538067,1,2507,2501
s112064538074,s112064538069,1,2507,2502
s112064538074,s112064538070,1,2507,2503
s112064538074,s112064538071,1,2507,2504
s112064538075,s112064538074,1,2508,2507
s112064538075,s112064538076,1,2508,2509
s112064538075,s112064538077,1,2508,2510
s112064538075,s112064538078,1,2508,2511
s112064538076,s112064538055,1,2509,2489
s112064538076,s112064538069,1,2509,2502
s112064538076,s112064538070,1,2509,2503
s112064538076,s112064538071,1,2509,2504
s112064538077,s112064538071,1,2510,2504
s112064538077,s112064538075,1,2510,2508
s112064538077,s112064538078,1,2510,2511
s112064538078,s112064538067,1,2511,2501
s112064538078,s112064538069,1,2511,2502
s112064538078,s112064538070,1,2511,2503
s112064538078,s112064538071,1,2511,2504
s112064538079,s112064538070,1,2512,2503
s112064538079,s112064538071,1,2512,2504
s112064538079,s112064538072,1,2512,2505
s112064538079,s112064538074,1,2512,2507
s112064543025,s112064543029,1,2542,2544
s112064543025,s112064543032,1,2542,2547
s112064543026,s112064543033,1,2543,2548
s112064543026,s112064543037,1,2543,2551
s112064543026,s112064543042,1,2543,2555
s112064543029,s112064543025,1,2544,2542
s112064543029,s112064543032,1,2544,2547
s112064543030,s112064543026,1,2545,2543
s112064543030,s112064543031,1,2545,2546
s112064543030,s112064543037,1,2545,2551
s112064543031,s112064543030,1,2546,2545
s112064543031,s112064543032,1,2546,2547
s112064543031,s112064543037,1,2546,2551
s112064543032,s112064543025,1,2547,2542
s112064543032,s112064543029,1,2547,2544
s112064543033,s112064543026,1,2548,2543
s112064543033,s112064543037,1,2548,2551
s112064543033,s112064543048,1,2548,2558
s112064543036,s112064543031,1,2550,2546
s112064543036,s112064543037,1,2550,2551
s112064543037,s112064543030,1,2551,2545
s112064543037,s112064543031,1,2551,2546
s112064543038,s112064543039,1,2552,2553
s112064543038,s112064543041,1,2552,2554
s112064543038,s112064543045,1,2552,2557
s112064543038,s112064543048,1,2552,2558
s112064543039,s112064543038,1,2553,2552
s112064543039,s112064543041,1,2553,2554
s112064543039,s112064543044,1,2553,2556
s112064543039,s112064543045,1,2553,2557
s112064543039,s112064543048,1,2553,2558
s112064543041,s112064543029,1,2554,2544
s112064543041,s112064543038,1,2554,2552
s112064543041,s112064543042,1,2554,2555
s112064543041,s112064543045,1,2554,2557
s112064543042,s112064543038,1,2555,2552
s112064543042,s112064543041,1,2555,2554
s112064543042,s112064543044,1,2555,2556
s112064543044,s112064543039,1,2556,2553
s112064543044,s112064543041,1,2556,2554
s112064543044,s112064543042,1,2556,2555
s112064543044,s112064543045,1,2556,2557
s112064543045,s112064543038,1,2557,2552
s112064543045,s112064543039,1,2557,2553
s112064543045,s112064543041,1,2557,2554
s112064543045,s112064543044,1,2557,2556
s112064543048,s112064543026,1,2558,2543
s112064543048,s112064543033,1,2558,2548
s112064543048,s112064543038,1,2558,2552
s112064543052,s112064543054,1,2561,2562
s112064543052,s112064543061,1,2561,2566
s112064543052,s112064543062,1,2561,2567
s112064543055,s112064543054,1,2563,2562
s112064543055,s112064543062,1,2563,2567
s112064543057,s112064543055,1,2564,2563
s112064543057,s112064543060,1,2564,2565
s112064543057,s112064543064,1,2564,2568
s112064543057,s112064543068,1,2564,2572
s112064543060,s112064543055,1,2565,2563
s112064543060,s112064543064,1,2565,2568
s112064543061,s112064543054,1,2566,2562
s112064543061,s112064543062,1,2566,2567
s112064543062,s112064543054,1,2567,2562
s112064543062,s112064543061,1,2567,2566
s112064543064,s112064543055,1,2568,2563
s112064543064,s112064543060,1,2568,2565
s112064543064,s112064543067,1,2568,2571
s112064543065,s112064543055,1,2569,2563
s112064543065,s112064543061,1,2569,2566
s112064543065,s112064543072,1,2569,2574
s112064543066,s112064543067,1,2570,2571
s112064543066,s112064543068,1,2570,2572
s112064543066,s112064543072,1,2570,2574
s112064543067,s112064543061,1,2571,2566
s112064543067,s112064543066,1,2571,2570
s112064543067,s112064543069,1,2571,2573
s112064543068,s112064543067,1,2572,2571
s112064543068,s112064543072,1,2572,2574
s112064543072,s112064543060,1,2574,2565
s112064543072,s112064543065,1,2574,2569
s112064543072,s112064543066,1,2574,2570
s112064545024,s112064545025,1,2575,2576
s112064545024,s112064545026,1,2575,2577
s112064545024,s112064545031,1,2575,2581
s112064545025,s112064545024,1,2576,2575
s112064545025,s112064545026,1,2576,2577
s112064545025,s112064545028,1,2576,2578
s112064545025,s112064545030,1,2576,2580
s112064545026,s112064545024,1,2577,2575
s112064545026,s112064545028,1,2577,2578
s112064545028,s112064545024,1,2578,2575
s112064545028,s112064545025,1,2578,2576
s112064545028,s112064545026,1,2578,2577
s112064545028,s112064545031,1,2578,2581
s112064545029,s112064545024,1,2579,2575
s112064545029,s112064545025,1,2579,2576
s112064545029,s112064545030,1,2579,2580
s112064545029,s112064545031,1,2579,2581
s112064545030,s112064545025,1,2580,2576
s112064545030,s112064545029,1,2580,2579
s112064545030,s112064545035,1,2580,2583
s112064545030,s112064545036,1,2580,2584
s112064545031,s112064545024,1,2581,2575
s112064545031,s112064545026,1,2581,2577
s112064545031,s112064545028,1,2581,2578
s112064545031,s112064545038,1,2581,2586
s112064545034,s112064545035,1,2582,2583
s112064545034,s112064545038,1,2582,2586
s112064545035,s112064545034,1,2583,2582
s112064545035,s112064545038,1,2583,2586
s112064545036,s112064545037,1,2584,2585
s112064545036,s112064545038,1,2584,2586
s112064545037,s112064545034,1,2585,2582
s112064545037,s112064545035,1,2585,2583
s112064545037,s112064545036,1,2585,2584
s112064545037,s112064545038,1,2585,2586
s112064545038,s112064545036,1,2586,2584
s112064545038,s112064545037,1,2586,2585
s112064545045,s112064545044,1,2588,2587
s112064545045,s112064545046,1,2588,2589
s112064545045,s112064545050,1,2588,2591
s112064545045,s112064545051,1,2588,2592
s112064545046,s112064545044,1,2589,2587
s112064545046,s112064545045,1,2589,2588
s112064545046,s112064545050,1,2589,2591
s112064545046,s112064545051,1,2589,2592
s112064545046,s112064545059,1,2589,2600
s112064545048,s112064545044,1,2590,2587
s112064545048,s112064545046,1,2590,2589
s112064545048,s112064545050,1,2590,2591
s112064545048,s112064545051,1,2590,2592
s112064545050,s112064545044,1,2591,2587
s112064545050,s112064545046,1,2591,2589
s112064545051,s112064545044,1,2592,2587
s112064545051,s112064545045,1,2592,2588
s112064545051,s112064545046,1,2592,2589
s112064545051,s112064545048,1,2592,2590
s112064545051,s112064545050,1,2592,2591
s112064545052,s112064545053,1,2593,2594
s112064545052,s112064545054,1,2593,2595
s112064545052,s112064545060,1,2593,2601
s112064545053,s112064545054,1,2594,2595
s112064545053,s112064545059,1,2594,2600
s112064545053,s112064545060,1,2594,2601
s112064545054,s112064545052,1,2595,2593
s112064545054,s112064545053,1,2595,2594
s112064545054,s112064545059,1,2595,2600
s112064545054,s112064545060,1,2595,2601
s112064545054,s113064545004,1,2595,2602
s112064545055,s112064545053,1,2596,2594
s112064545055,s112064545056,1,2596,2597
s112064545055,s112064545057,1,2596,2598
s112064545055,s112064545058,1,2596,2599
s112064545055,s113064545004,1,2596,2602
s112064545056,s112064545052,1,2597,2593
s112064545056,s112064545055,1,2597,2596
s112064545056,s112064545057,1,2597,2598
s112064545056,s112064545058,1,2597,2599
s112064545056,s113064545004,1,2597,2602
s112064545057,s112064545054,1,2598,2595
s112064545057,s112064545056,1,2598,2597
s112064545057,s112064545058,1,2598,2599
s112064545057,s112064545059,1,2598,2600
s112064545057,s113064545004,1,2598,2602
s112064545058,s112064545055,1,2599,2596
s112064545058,s112064545056,1,2599,2597
s112064545058,s112064545057,1,2599,2598
s112064545058,s113064545004,1,2599,2602
s112064546024,s112064546030,1,2628,2633
s112064546024,s113064546003,1,2628,2651
s112064546025,s112064546026,1,2629,2630
s112064546025,s112064546027,1,2629,2631
s112064546025,s112064546028,1,2629,2632
s112064546025,s112064546031,1,2629,2634
s112064546025,s112064546033,1,2629,2636
s112064546026,s112064546025,1,2630,2629
s112064546026,s112064546027,1,2630,2631
s112064546026,s112064546028,1,2630,2632
s112064546026,s112064546032,1,2630,2635
s112064546026,s112064546033,1,2630,2636
s112064546027,s112064546025,1,2631,2629
s112064546027,s112064546026,1,2631,2630
s112064546027,s112064546028,1,2631,2632
s112064546027,s112064546030,1,2631,2633
s112064546027,s112064546031,1,2631,2634
s112064546028,s112064546025,1,2632,2629
s112064546028,s112064546026,1,2632,2630
s112064546028,s112064546027,1,2632,2631
s112064546028,s112064546031,1,2632,2634
s112064546028,s112064546033,1,2632,2636
s112064546030,s112064546024,1,2633,2628
s112064546030,s112064546038,1,2633,2638
s112064546030,s112064546043,1,2633,2643
s112064546030,s113064546003,1,2633,2651
s112064546031,s112064546025,1,2634,2629
s112064546031,s112064546026,1,2634,2630
s112064546031,s112064546027,1,2634,2631
s112064546031,s112064546028,1,2634,2632
s112064546031,s112064546030,1,2634,2633
s112064546032,s112064546025,1,2635,2629
s112064546032,s112064546026,1,2635,2630
s112064546032,s112064546028,1,2635,2632
s112064546032,s112064546033,1,2635,2636
s112064546033,s112064546025,1,2636,2629
s112064546033,s112064546026,1,2636,2630
s112064546033,s112064546028,1,2636,2632
s112064546033,s112064546031,1,2636,2634
s112064546033,s112064546032,1,2636,2635
s112064546037,s112064546039,1,2637,2639
s112064546037,s112064546041,1,2637,2641
s112064546037,s112064546042,1,2637,2642
s112064546037,s112064546047,1,2637,2647
s112064546037,s112064546050,1,2637,2650
s112064546038,s112064546037,1,2638,2637
s112064546038,s112064546039,1,2638,2639
s112064546038,s112064546043,1,2638,2643
s112064546038,s112064546044,1,2638,2644
s112064546038,s112064546050,1,2638,2650
s112064546039,s112064546037,1,2639,2637
s112064546039,s112064546038,1,2639,2638
s112064546039,s112064546041,1,2639,2641
s112064546039,s112064546044,1,2639,2644
s112064546039,s112064546045,1,2639,2645
s112064546040,s112064546037,1,2640,2637
s112064546040,s112064546038,1,2640,2638
s112064546040,s112064546039,1,2640,2639
s112064546040,s112064546041,1,2640,2641
s112064546040,s112064546044,1,2640,2644
s112064546041,s112064546037,1,2641,2637
s112064546041,s112064546042,1,2641,2642
s112064546041,s112064546044,1,2641,2644
s112064546041,s112064546045,1,2641,2645
s112064546041,s112064546050,1,2641,2650
s112064546042,s112064546028,1,2642,2632
s112064546042,s112064546033,1,2642,2636
s112064546042,s112064546037,1,2642,2637
s112064546042,s112064546039,1,2642,2639
s112064546042,s112064546047,1,2642,2647
s112064546043,s112064546037,1,2643,2637
s112064546043,s112064546038,1,2643,2638
s112064546043,s112064546047,1,2643,2647
s112064546043,s112064546049,1,2643,2649
s112064546043,s112064546050,1,2643,2650
s112064546044,s112064546039,1,2644,2639
s112064546044,s112064546041,1,2644,2641
s112064546044,s112064546045,1,2644,2645
s112064546044,s112064546047,1,2644,2647
s112064546044,s112064546050,1,2644,2650
s112064546046,s112064546038,1,2646,2638
s112064546046,s112064546041,1,2646,2641
s112064546046,s112064546045,1,2646,2645
s112064546046,s112064546047,1,2646,2647
s112064546047,s112064546037,1,2647,2637
s112064546047,s112064546039,1,2647,2639
s112064546047,s112064546042,1,2647,2642
s112064546047,s112064546045,1,2647,2645
s112064546047,s112064546046,1,2647,2646
s112064546048,s112064546041,1,2648,2641
s112064546048,s112064546044,1,2648,2644
s112064546048,s112064546045,1,2648,2645
s112064546048,s112064546047,1,2648,2647
s112064546049,s112064546038,1,2649,2638
s112064546049,s112064546039,1,2649,2639
s112064546049,s112064546041,1,2649,2641
s112064546049,s112064546044,1,2649,2644
s112064546049,s112064546045,1,2649,2645
s112064546050,s112064546037,1,2650,2637
s112064546050,s112064546038,1,2650,2638
s112064546050,s112064546039,1,2650,2639
s112064546050,s112064546041,1,2650,2641
s112064546050,s112064546044,1,2650,2644
s112064546053,s112064546061,1,2603,2610
s112064546053,s112064546068,1,2603,2617
s112064546053,s112064546069,1,2603,2618
s112064546053,s112064546073,1,2603,2622
s112064546053,s112064546074,1,2603,2623
s112064546054,s112064546058,1,2604,2607
s112064546054,s112064546059,1,2604,2608
s112064546054,s112064546060,1,2604,2609
s112064546054,s112064546064,1,2604,2613
s112064546055,s112064546057,1,2605,2606
s112064546055,s112064546058,1,2605,2607
s112064546055,s112064546062,1,2605,2611
s112064546055,s112064546064,1,2605,2613
s112064546055,s112064546065,1,2605,2614
s112064546057,s112064546054,1,2606,2604
s112064546057,s112064546058,1,2606,2607
s112064546057,s112064546059,1,2606,2608
s112064546057,s112064546060,1,2606,2609
s112064546058,s112064546053,1,2607,2603
s112064546058,s112064546057,1,2607,2606
s112064546058,s112064546059,1,2607,2608
s112064546058,s112064546060,1,2607,2609
s112064546058,s112064546061,1,2607,2610
s112064546059,s112064546057,1,2608,2606
s112064546059,s112064546058,1,2608,2607
s112064546059,s112064546060,1,2608,2609
s112064546059,s112064546061,1,2608,2610
s112064546060,s112064546057,1,2609,2606
s112064546060,s112064546058,1,2609,2607
s112064546060,s112064546059,1,2609,2608
s112064546060,s112064546061,1,2609,2610
s112064546061,s112064546053,1,2610,2603
s112064546061,s112064546060,1,2610,2609
s112064546061,s112064546067,1,2610,2616
s112064546061,s112064546069,1,2610,2618
s112064546061,s112064546074,1,2610,2623
s112064546062,s112064546055,1,2611,2605
s112064546062,s112064546058,1,2611,2607
s112064546062,s112064546061,1,2611,2610
s112064546062,s112064546063,1,2611,2612
s112064546062,s112064546065,1,2611,2614
s112064546063,s112064546058,1,2612,2607
s112064546063,s112064546060,1,2612,2609
s112064546063,s112064546062,1,2612,2611
s112064546063,s112064546064,1,2612,2613
s112064546063,s112064546065,1,2612,2614
s112064546064,s112064546062,1,2613,2611
s112064546064,s112064546063,1,2613,2612
s112064546064,s112064546065,1,2613,2614
s112064546064,s112064546070,1,2613,2619
s112064546065,s112064546053,1,2614,2603
s112064546065,s112064546061,1,2614,2610
s112064546065,s112064546062,1,2614,2611
s112064546065,s112064546063,1,2614,2612
s112064546065,s112064546064,1,2614,2613
s112064546066,s112064546069,1,2615,2618
s112064546066,s112064546072,1,2615,2621
s112064546066,s112064546073,1,2615,2622
s112064546066,s112064546076,1,2615,2625
s112064546066,s113064546004,1,2615,2627
s112064546067,s112064546068,1,2616,2617
s112064546067,s112064546073,1,2616,2622
s112064546067,s112064546074,1,2616,2623
s112064546067,s113064546004,1,2616,2627
s112064546068,s112064546069,1,2617,2618
s112064546068,s112064546070,1,2617,2619
s112064546068,s112064546073,1,2617,2622
s112064546068,s112064546074,1,2617,2623
s112064546069,s112064546067,1,2618,2616
s112064546069,s112064546071,1,2618,2620
s112064546069,s112064546073,1,2618,2622
s112064546069,s112064546074,1,2618,2623
s112064546069,s113064546004,1,2618,2627
s112064546070,s112064546069,1,2619,2618
s112064546070,s112064546071,1,2619,2620
s112064546070,s112064546073,1,2619,2622
s112064546070,s113064546004,1,2619,2627
s112064546071,s112064546068,1,2620,2617
s112064546071,s112064546069,1,2620,2618
s112064546071,s112064546070,1,2620,2619
s112064546071,s112064546073,1,2620,2622
s112064546071,s112064546074,1,2620,2623
s112064546072,s112064546061,1,2621,2610
s112064546072,s112064546066,1,2621,2615
s112064546072,s112064546075,1,2621,2624
s112064546072,s112064546076,1,2621,2625
s112064546072,s112064546077,1,2621,2626
s112064546073,s112064546068,1,2622,2617
s112064546073,s112064546070,1,2622,2619
s112064546073,s112064546074,1,2622,2623
s112064546073,s113064546004,1,2622,2627
s112064546074,s112064546068,1,2623,2617
s112064546074,s112064546069,1,2623,2618
s112064546074,s112064546073,1,2623,2622
s112064546074,s113064546004,1,2623,2627
s112064546075,s112064546077,1,2624,2626
s112064546076,s112064546068,1,2625,2617
s112064546076,s112064546071,1,2625,2620
s112064546076,s112064546072,1,2625,2621
s112064546076,s112064546074,1,2625,2623
s112064546076,s112064546075,1,2625,2624
s112064546077,s112064546072,1,2626,2621
s112064546077,s112064546073,1,2626,2622
s112064546077,s112064546075,1,2626,2624
s112064546077,s112064546076,1,2626,2625
s112064548025,s112064548030,1,2652,2655
s112064548025,s112064548031,1,2652,2656
s112064548025,s112064548034,1,2652,2659
s112064548025,s112064548035,1,2652,2660
s112064548027,s112064548035,1,2653,2660
s112064548027,s112064548036,1,2653,2661
s112064548027,s112064548047,1,2653,2670
s112064548027,s112064548049,1,2653,2672
s112064548029,s112064548030,1,2654,2655
s112064548029,s112064548031,1,2654,2656
s112064548029,s112064548035,1,2654,2660
s112064548029,s112064548041,1,2654,2666
s112064548031,s112064548025,1,2656,2652
s112064548031,s112064548029,1,2656,2654
s112064548031,s112064548030,1,2656,2655
s112064548031,s112064548034,1,2656,2659
s112064548032,s112064548025,1,2657,2652
s112064548032,s112064548029,1,2657,2654
s112064548032,s112064548031,1,2657,2656
s112064548032,s112064548034,1,2657,2659
s112064548033,s112064548025,1,2658,2652
s112064548033,s112064548032,1,2658,2657
s112064548033,s112064548035,1,2658,2660
s112064548034,s112064548025,1,2659,2652
s112064548034,s112064548031,1,2659,2656
s112064548034,s112064548032,1,2659,2657
s112064548035,s112064548029,1,2660,2654
s112064548035,s112064548030,1,2660,2655
s112064548035,s112064548032,1,2660,2657
s112064548035,s112064548034,1,2660,2659
s112064548036,s112064548049,1,2661,2672
s112064548036,s112064548050,1,2661,2673
s112064548037,s112064548038,1,2662,2663
s112064548037,s112064548041,1,2662,2666
s112064548037,s112064548042,1,2662,2667
s112064548037,s112064548043,1,2662,2668
s112064548037,s113064548003,1,2662,2674
s112064548038,s112064548037,1,2663,2662
s112064548038,s112064548041,1,2663,2666
s112064548038,s112064548042,1,2663,2667
s112064548038,s112064548043,1,2663,2668
s112064548038,s113064548003,1,2663,2674
s112064548040,s112064548036,1,2665,2661
s112064548040,s112064548042,1,2665,2667
s112064548040,s112064548049,1,2665,2672
s112064548040,s112064548050,1,2665,2673
s112064548041,s112064548037,1,2666,2662
s112064548041,s112064548038,1,2666,2663
s112064548041,s112064548040,1,2666,2665
s112064548041,s112064548042,1,2666,2667
s112064548042,s112064548037,1,2667,2662
s112064548042,s112064548038,1,2667,2663
s112064548042,s112064548040,1,2667,2665
s112064548042,s112064548041,1,2667,2666
s112064548042,s112064548050,1,2667,2673
s112064548043,s112064548038,1,2668,2663
s112064548043,s112064548041,1,2668,2666
s112064548043,s112064548042,1,2668,2667
s112064548043,s112064548044,1,2668,2669
s112064548044,s112064548041,1,2669,2666
s112064548044,s112064548043,1,2669,2668
s112064548044,s112064548047,1,2669,2670
s112064548044,s113064548003,1,2669,2674
s112064548047,s112064548027,1,2670,2653
s112064548047,s112064548039,1,2670,2664
s112064548047,s112064548043,1,2670,2668
s112064548047,s112064548044,1,2670,2669
s112064548048,s112064548027,1,2671,2653
s112064548048,s112064548039,1,2671,2664
s112064548048,s112064548047,1,2671,2670
s112064548049,s112064548036,1,2672,2661
s112064548049,s112064548040,1,2672,2665
s112064548049,s112064548050,1,2672,2673
s112064548050,s112064548025,1,2673,2652
s112064548050,s112064548033,1,2673,2658
s112064548050,s112064548049,1,2673,2672
s112064548054,s112064548056,1,2675,2676
s112064548054,s112064548060,1,2675,2680
s112064548054,s112064548065,1,2675,2683
s112064548056,s112064548058,1,2676,2678
s112064548056,s112064548059,1,2676,2679
s112064548056,s112064548060,1,2676,2680
s112064548056,s112064548062,1,2676,2681
s112064548056,s112064548063,1,2676,2682
s112064548057,s112064548059,1,2677,2679
s112064548057,s112064548063,1,2677,2682
s112064548057,s112064548065,1,2677,2683
s112064548058,s112064548056,1,2678,2676
s112064548058,s112064548059,1,2678,2679
s112064548058,s112064548060,1,2678,2680
s112064548058,s112064548063,1,2678,2682
s112064548058,s112064548069,1,2678,2686
s112064548059,s112064548060,1,2679,2680
s112064548059,s112064548068,1,2679,2685
s112064548059,s112064548069,1,2679,2686
s112064548059,s112064548075,1,2679,2692
s112064548059,s112064548076,1,2679,2693
s112064548060,s112064548054,1,2680,2675
s112064548060,s112064548056,1,2680,2676
s112064548060,s112064548058,1,2680,2678
s112064548060,s112064548059,1,2680,2679
s112064548060,s112064548063,1,2680,2682
s112064548062,s112064548056,1,2681,2676
s112064548062,s112064548059,1,2681,2679
s112064548062,s112064548068,1,2681,2685
s112064548062,s112064548069,1,2681,2686
s112064548063,s112064548056,1,2682,2676
s112064548063,s112064548058,1,2682,2678
s112064548063,s112064548060,1,2682,2680
s112064548063,s112064548069,1,2682,2686
s112064548063,s112064548072,1,2682,2689
s112064548065,s112064548054,1,2683,2675
s112064548065,s112064548056,1,2683,2676
s112064548065,s112064548060,1,2683,2680
s112064548068,s112064548062,1,2685,2681
s112064548068,s112064548069,1,2685,2686
s112064548068,s112064548071,1,2685,2688
s112064548068,s112064548072,1,2685,2689
s112064548068,s112064548079,1,2685,2695
s112064548069,s112064548068,1,2686,2685
s112064548069,s112064548071,1,2686,2688
s112064548069,s112064548072,1,2686,2689
s112064548069,s112064548076,1,2686,2693
s112064548070,s112064548068,1,2687,2685
s112064548070,s112064548075,1,2687,2692
s112064548070,s112064548079,1,2687,2695
s112064548071,s112064548068,1,2688,2685
s112064548071,s112064548069,1,2688,2686
s112064548071,s112064548070,1,2688,2687
s112064548071,s112064548072,1,2688,2689
s112064548072,s112064548068,1,2689,2685
s112064548072,s112064548069,1,2689,2686
s112064548072,s112064548070,1,2689,2687
s112064548072,s112064548071,1,2689,2688
s112064548072,s112064548076,1,2689,2693
s112064548073,s112064548068,1,2690,2685
s112064548073,s112064548069,1,2690,2686
s112064548073,s112064548072,1,2690,2689
s112064548073,s112064548074,1,2690,2691
s112064548074,s112064548059,1,2691,2679
s112064548074,s112064548068,1,2691,2685
s112064548074,s112064548069,1,2691,2686
s112064548074,s112064548073,1,2691,2690
s112064548074,s112064548076,1,2691,2693
s112064548075,s112064548065,1,2692,2683
s112064548075,s112064548070,1,2692,2687
s112064548076,s112064548059,1,2693,2679
s112064548076,s112064548065,1,2693,2683
s112064548076,s112064548069,1,2693,2686
s112064548077,s112064548068,1,2694,2685
s112064548077,s112064548069,1,2694,2686
s112064548077,s112064548071,1,2694,2688
s112064548077,s112064548072,1,2694,2689
s112064548077,s112064548076,1,2694,2693
s112064551024,s112064551027,1,2696,2699
s112064551024,s112064551029,1,2696,2701
s112064551024,s112064551035,1,2696,2707
s112064551024,s112064551037,1,2696,2708
s112064551024,s112064551038,1,2696,2709
s112064551025,s112064551042,1,2697,2713
s112064551025,s112064551044,1,2697,2715
s112064551025,s112064551047,1,2697,2718
s112064551025,s112064551048,1,2697,2719
s112064551027,s112064551024,1,2699,2696
s112064551027,s112064551035,1,2699,2707
s112064551027,s112064551037,1,2699,2708
s112064551027,s112064551038,1,2699,2709
s112064551027,s112064551047,1,2699,2718
s112064551028,s112064551030,1,2700,2702
s112064551029,s112064551024,1,2701,2696
s112064551029,s112064551027,1,2701,2699
s112064551029,s112064551035,1,2701,2707
s112064551029,s112064551037,1,2701,2708
s112064551029,s112064551047,1,2701,2718
s112064551031,s112064551029,1,2703,2701
s112064551031,s112064551039,1,2703,2710
s112064551031,s112064551046,1,2703,2717
s112064551031,s112064551047,1,2703,2718
s112064551032,s112064551041,1,2704,2712
s112064551032,s112064551042,1,2704,2713
s112064551032,s112064551044,1,2704,2715
s112064551032,s112064551045,1,2704,2716
s112064551032,s112064551048,1,2704,2719
s112064551033,s112064551026,1,2705,2698
s112064551033,s112064551034,1,2705,2706
s112064551033,s112064551041,1,2705,2712
s112064551033,s112064551042,1,2705,2713
s112064551033,s112064551045,1,2705,2716
s112064551035,s112064551024,1,2707,2696
s112064551035,s112064551027,1,2707,2699
s112064551035,s112064551029,1,2707,2701
s112064551035,s112064551037,1,2707,2708
s112064551035,s112064551047,1,2707,2718
s112064551037,s112064551024,1,2708,2696
s112064551037,s112064551029,1,2708,2701
s112064551037,s112064551035,1,2708,2707
s112064551037,s112064551038,1,2708,2709
s112064551037,s112064551047,1,2708,2718
s112064551038,s112064551024,1,2709,2696
s112064551038,s112064551027,1,2709,2699
s112064551038,s112064551037,1,2709,2708
s112064551038,s112064551043,1,2709,2714
s112064551038,s112064551047,1,2709,2718
s112064551039,s112064551031,1,2710,2703
s112064551039,s112064551046,1,2710,2717
s112064551040,s112064551025,1,2711,2697
s112064551040,s112064551038,1,2711,2709
s112064551040,s112064551042,1,2711,2713
s112064551040,s112064551044,1,2711,2715
s112064551040,s112064551048,1,2711,2719
s112064551041,s112064551025,1,2712,2697
s112064551041,s112064551032,1,2712,2704
s112064551041,s112064551040,1,2712,2711
s112064551041,s112064551044,1,2712,2715
s112064551041,s112064551048,1,2712,2719
s112064551042,s112064551025,1,2713,2697
s112064551042,s112064551040,1,2713,2711
s112064551042,s112064551041,1,2713,2712
s112064551042,s112064551044,1,2713,2715
s112064551042,s112064551048,1,2713,2719
s112064551043,s112064551024,1,2714,2696
s112064551043,s112064551027,1,2714,2699
s112064551043,s112064551038,1,2714,2709
s112064551043,s112064551047,1,2714,2718
s112064551044,s112064551025,1,2715,2697
s112064551044,s112064551040,1,2715,2711
s112064551044,s112064551041,1,2715,2712
s112064551044,s112064551042,1,2715,2713
s112064551044,s112064551048,1,2715,2719
s112064551045,s112064551026,1,2716,2698
s112064551045,s112064551032,1,2716,2704
s112064551045,s112064551033,1,2716,2705
s112064551045,s112064551040,1,2716,2711
s112064551045,s112064551042,1,2716,2713
s112064551046,s112064551031,1,2717,2703
s112064551046,s112064551047,1,2717,2718
s112064551048,s112064551025,1,2719,2697
s112064551048,s112064551032,1,2719,2704
s112064551048,s112064551040,1,2719,2711
s112064551048,s112064551041,1,2719,2712
s112064551048,s112064551042,1,2719,2713
s112064551051,s112064551054,1,2720,2722
s112064551051,s112064551055,1,2720,2723
s112064551051,s112064551068,1,2720,2731
s112064551051,s112064551071,1,2720,2734
s112064551053,s112064551056,1,2721,2724
s112064551053,s112064551057,1,2721,2725
s112064551053,s112064551069,1,2721,2732
s112064551053,s112064551070,1,2721,2733
s112064551053,s112064551073,1,2721,2736
s112064551054,s112064551051,1,2722,2720
s112064551054,s112064551055,1,2722,2723
s112064551054,s112064551068,1,2722,2731
s112064551054,s112064551074,1,2722,2737
s112064551055,s112064551071,1,2723,2734
s112064551056,s112064551053,1,2724,2721
s112064551056,s112064551057,1,2724,2725
s112064551056,s112064551070,1,2724,2733
s112064551056,s112064551072,1,2724,2735
s112064551057,s112064551053,1,2725,2721
s112064551057,s112064551056,1,2725,2724
s112064551057,s112064551073,1,2725,2736
s112064551058,s112064551064,1,2726,2729
s112064551058,s112064551069,1,2726,2732
s112064551060,s112064551053,1,2727,2721
s112064551060,s112064551063,1,2727,2728
s112064551063,s112064551053,1,2728,2721
s112064551063,s112064551057,1,2728,2725
s112064551063,s112064551060,1,2728,2727
s112064551063,s112064551073,1,2728,2736
s112064551064,s112064551051,1,2729,2720
s112064551064,s112064551055,1,2729,2723
s112064551064,s112064551068,1,2729,2731
s112064551064,s112064551069,1,2729,2732
s112064551064,s112064551071,1,2729,2734
s112064551068,s112064551051,1,2731,2720
s112064551068,s112064551055,1,2731,2723
s112064551068,s112064551067,1,2731,2730
s112064551068,s112064551071,1,2731,2734
s112064551069,s112064551053,1,2732,2721
s112064551069,s112064551054,1,2732,2722
s112064551069,s112064551068,1,2732,2731
s112064551070,s112064551056,1,2733,2724
s112064551072,s112064551053,1,2735,2721
s112064551072,s112064551056,1,2735,2724
s112064551073,s112064551053,1,2736,2721
s112064551073,s112064551057,1,2736,2725
s112064551076,s112064551060,1,2739,2727
s112064551076,s112064551072,1,2739,2735
s112064551076,s112064551073,1,2739,2736
s112064551076,s112064551075,1,2739,2738
s112071311027,s112071311034,1,2742,2745
s112071311027,s112071311052,1,2742,2753
s112071311027,s112071311064,1,2742,2759
s112071311031,s112071311054,1,2743,2754
s112071311034,s112071311027,1,2745,2742
s112071311034,s112071311052,1,2745,2753
s112071311034,s112071311064,1,2745,2759
s112071311038,s112071311047,1,2746,2751
s112071311038,s112071311054,1,2746,2754
s112071311039,s112071311056,1,2747,2755
s112071311040,s112071311031,1,2748,2743
s112071311040,s112071311034,1,2748,2745
s112071311040,s112071311054,1,2748,2754
s112071311043,s112071311040,1,2749,2748
s112071311047,s112071311032,1,2751,2744
s112071311050,s112071311031,1,2752,2743
s112071311050,s112071311038,1,2752,2746
s112071311050,s112071311054,1,2752,2754
s112071311052,s112071311027,1,2753,2742
s112071311052,s112071311034,1,2753,2745
s112071311054,s112071311031,1,2754,2743
s112071311054,s112071311032,1,2754,2744
s112071311054,s112071311038,1,2754,2746
s112071311056,s112071311039,1,2755,2747
s112071311060,s112071311070,1,2756,2761
s112071311060,s112071311071,1,2756,2762
s112071311061,s112071311063,1,2757,2758
s112071311061,s112071311064,1,2757,2759
s112071311061,s112071311068,1,2757,2760
s112071311064,s112071311027,1,2759,2742
s112071311064,s112071311034,1,2759,2745
s112071311064,s112071311052,1,2759,2753
s112071311064,s112071311061,1,2759,2757
s112071311068,s112071311061,1,2760,2757
s112071311068,s112071311063,1,2760,2758
s112071311070,s112071311060,1,2761,2756
s112071311071,s112071311060,1,2762,2756
s112071311076,s112071311085,1,2764,2768
s112071311076,s112071311087,1,2764,2769
s112071311076,s112071311088,1,2764,2770
s112071311076,s112071311110,1,2764,2778
s112071311080,s112071311082,1,2765,2766
s112071311080,s112071311087,1,2765,2769
s112071311080,s112071311088,1,2765,2770
s112071311080,s113071311004,1,2765,2781
s112071311082,s112071311080,1,2766,2765
s112071311082,s112071311083,1,2766,2767
s112071311082,s112071311088,1,2766,2770
s112071311082,s113071311004,1,2766,2781
s112071311083,s112071311080,1,2767,2765
s112071311083,s112071311082,1,2767,2766
s112071311083,s112071311088,1,2767,2770
s112071311083,s113071311004,1,2767,2781
s112071311085,s112071311076,1,2768,2764
s112071311085,s112071311087,1,2768,2769
s112071311087,s112071311076,1,2769,2764
s112071311087,s112071311085,1,2769,2768
s112071311088,s112071311080,1,2770,2765
s112071311088,s112071311082,1,2770,2766
s112071311088,s112071311083,1,2770,2767
s112071311088,s113071311004,1,2770,2781
s112071311093,s112071311095,1,2771,2772
s112071311093,s112071311110,1,2771,2778
s112071311095,s112071311093,1,2772,2771
s112071311095,s112071311110,1,2772,2778
s112071311097,s112071311093,1,2773,2771
s112071311098,s112071311095,1,2774,2772
s112071311102,s112071311120,1,2775,2780
s112071311105,s112071311076,1,2777,2764
s112071311105,s112071311085,1,2777,2768
s112071311105,s112071311102,1,2777,2775
s112071311110,s112071311093,1,2778,2771
s112071311110,s112071311095,1,2778,2772
s112071311110,s112071311097,1,2778,2773
s112071318023,s112071318026,1,2782,2785
s112071318024,s112071318025,1,2783,2784
s112071318024,s112071318030,1,2783,2786
s112071318025,s112071318024,1,2784,2783
s112071318025,s112071318026,1,2784,2785
s112071318025,s112071318030,1,2784,2786
s112071318025,s113071318002,1,2784,2787
s112071318030,s112071318024,1,2786,2783
s112071318030,s112071318025,1,2786,2784
s112071318030,s112071318026,1,2786,2785
s112074323024,s112074323025,1,2788,2789
s112074323024,s112074323029,1,2788,2793
s112074323024,s112074323030,1,2788,2794
s112074323024,s112074323031,1,2788,2795
s112074323025,s112074323024,1,2789,2788
s112074323025,s112074323026,1,2789,2790
s112074323025,s112074323029,1,2789,2793
s112074323025,s112074323030,1,2789,2794
s112074323025,s112074323031,1,2789,2795
s112074323026,s112074323029,1,2790,2793
s112074323026,s112074323031,1,2790,2795
s112074323026,s112074323038,1,2790,2799
s112074323026,s112074323045,1,2790,2805
s112074323026,s112074323046,1,2790,2806
s112074323028,s112074323027,1,2792,2791
s112074323028,s112074323033,1,2792,2796
s112074323028,s112074323034,1,2792,2797
s112074323029,s112074323024,1,2793,2788
s112074323029,s112074323025,1,2793,2789
s112074323029,s112074323026,1,2793,2790
s112074323029,s112074323030,1,2793,2794
s112074323029,s112074323031,1,2793,2795
s112074323030,s112074323024,1,2794,2788
s112074323030,s112074323025,1,2794,2789
s112074323030,s112074323028,1,2794,2792
s112074323030,s112074323029,1,2794,2793
s112074323030,s112074323031,1,2794,2795
s112074323031,s112074323024,1,2795,2788
s112074323031,s112074323025,1,2795,2789
s112074323031,s112074323026,1,2795,2790
s112074323031,s112074323029,1,2795,2793
s112074323031,s112074323030,1,2795,2794
s112074323033,s112074323026,1,2796,2790
s112074323033,s112074323038,1,2796,2799
s112074323033,s112074323045,1,2796,2805
s112074323033,s112074323046,1,2796,2806
s112074323034,s112074323027,1,2797,2791
s112074323034,s112074323028,1,2797,2792
s112074323034,s112074323033,1,2797,2796
s112074323038,s112074323025,1,2799,2789
s112074323038,s112074323026,1,2799,2790
s112074323038,s112074323039,1,2799,2800
s112074323038,s112074323045,1,2799,2805
s112074323038,s112074323046,1,2799,2806
s112074323039,s112074323025,1,2800,2789
s112074323039,s112074323029,1,2800,2793
s112074323039,s112074323040,1,2800,2801
s112074323039,s112074323041,1,2800,2802
s112074323039,s112074323042,1,2800,2803
s112074323040,s112074323026,1,2801,2790
s112074323040,s112074323038,1,2801,2799
s112074323040,s112074323039,1,2801,2800
s112074323040,s112074323041,1,2801,2802
s112074323040,s112074323042,1,2801,2803
s112074323041,s112074323025,1,2802,2789
s112074323041,s112074323029,1,2802,2793
s112074323041,s112074323039,1,2802,2800
s112074323041,s112074323040,1,2802,2801
s112074323041,s112074323042,1,2802,2803
s112074323042,s112074323038,1,2803,2799
s112074323042,s112074323039,1,2803,2800
s112074323042,s112074323040,1,2803,2801
s112074323042,s112074323041,1,2803,2802
s112074323042,s112074323046,1,2803,2806
s112074323044,s112074323037,1,2804,2798
s112074323044,s112074323047,1,2804,2807
s112074323044,s112074323048,1,2804,2808
s112074323045,s112074323026,1,2805,2790
s112074323045,s112074323027,1,2805,2791
s112074323045,s112074323028,1,2805,2792
s112074323045,s112074323033,1,2805,2796
s112074323046,s112074323026,1,2806,2790
s112074323046,s112074323038,1,2806,2799
s112074323046,s112074323045,1,2806,2805
s112074323047,s112074323037,1,2807,2798
s112074323047,s112074323044,1,2807,2804
s112074323047,s112074323048,1,2807,2808
s112074323048,s112074323037,1,2808,2798
s112074323048,s112074323044,1,2808,2804
s112074323048,s112074323047,1,2808,2807
s112074323052,s112074323055,1,2810,2812
s112074323052,s112074323061,1,2810,2818
s112074323052,s112074323073,1,2810,2829
s112074323054,s112074323062,1,2811,2819
s112074323054,s112074323065,1,2811,2821
s112074323055,s112074323052,1,2812,2810
s112074323055,s112074323073,1,2812,2829
s112074323056,s112074323052,1,2813,2810
s112074323056,s112074323058,1,2813,2815
s112074323056,s112074323061,1,2813,2818
s112074323056,s112074323065,1,2813,2821
s112074323057,s112074323056,1,2814,2813
s112074323057,s112074323059,1,2814,2816
s112074323058,s112074323056,1,2815,2813
s112074323058,s112074323057,1,2815,2814
s112074323058,s112074323060,1,2815,2817
s112074323059,s112074323051,1,2816,2809
s112074323059,s112074323056,1,2816,2813
s112074323059,s112074323057,1,2816,2814
s112074323059,s112074323063,1,2816,2820
s112074323060,s112074323052,1,2817,2810
s112074323060,s112074323056,1,2817,2813
s112074323060,s112074323058,1,2817,2815
s112074323060,s112074323061,1,2817,2818
s112074323061,s112074323052,1,2818,2810
s112074323061,s112074323056,1,2818,2813
s112074323061,s112074323060,1,2818,2817
s112074323061,s112074323065,1,2818,2821
s112074323062,s112074323052,1,2819,2810
s112074323062,s112074323063,1,2819,2820
s112074323062,s112074323065,1,2819,2821
s112074323063,s112074323052,1,2820,2810
s112074323063,s112074323061,1,2820,2818
s112074323063,s112074323068,1,2820,2824
s112074323063,s112074323070,1,2820,2826
s112074323065,s112074323056,1,2821,2813
s112074323065,s112074323058,1,2821,2815
s112074323065,s112074323061,1,2821,2818
s112074323065,s112074323062,1,2821,2819
s112074323066,s112074323063,1,2822,2820
s112074323066,s112074323067,1,2822,2823
s112074323066,s112074323068,1,2822,2824
s112074323066,s112074323070,1,2822,2826
s112074323067,s112074323063,1,2823,2820
s112074323067,s112074323068,1,2823,2824
s112074323068,s112074323063,1,2824,2820
s112074323068,s112074323066,1,2824,2822
s112074323068,s112074323067,1,2824,2823
s112074323068,s112074323070,1,2824,2826
s112074323068,s112074323074,1,2824,2830
s112074323069,s112074323056,1,2825,2813
s112074323069,s112074323067,1,2825,2823
s112074323069,s112074323072,1,2825,2828
s112074323069,s112074323073,1,2825,2829
s112074323070,s112074323063,1,2826,2820
s112074323070,s112074323066,1,2826,2822
s112074323070,s112074323068,1,2826,2824
s112074323071,s112074323067,1,2827,2823
s112074323071,s112074323068,1,2827,2824
s112074323071,s112074323073,1,2827,2829
s112074323071,s112074323075,1,2827,2831
s112074323071,s112074323076,1,2827,2832
s112074323072,s112074323058,1,2828,2815
s112074323072,s112074323060,1,2828,2817
s112074323072,s112074323067,1,2828,2823
s112074323072,s112074323071,1,2828,2827
s112074323072,s112074323073,1,2828,2829
s112074323073,s112074323052,1,2829,2810
s112074323073,s112074323071,1,2829,2827
s112074323073,s112074323072,1,2829,2828
s112074323073,s112074323075,1,2829,2831
s112074323073,s112074323076,1,2829,2832
s112074323074,s112074323067,1,2830,2823
s112074323074,s112074323068,1,2830,2824
s112074323074,s112074323071,1,2830,2827
s112074323074,s112074323075,1,2830,2831
s112074323074,s112074323076,1,2830,2832
s112074323075,s112074323067,1,2831,2823
s112074323075,s112074323068,1,2831,2824
s112074323075,s112074323071,1,2831,2827
s112074323075,s112074323074,1,2831,2830
s112074323075,s112074323076,1,2831,2832
s112074323076,s112074323071,1,2832,2827
s112074323076,s112074323073,1,2832,2829
s112074323076,s112074323075,1,2832,2831
s112074505025,s112074505024,1,2834,2833
s112074505025,s112074505026,1,2834,2835
s112074505025,s112074505031,1,2834,2838
s112074505025,s112074505032,1,2834,2839
s112074505026,s112074505025,1,2835,2834
s112074505026,s112074505028,1,2835,2836
s112074505026,s112074505036,1,2835,2843
s112074505030,s112074505024,1,2837,2833
s112074505030,s112074505028,1,2837,2836
s112074505030,s112074505041,1,2837,2848
s112074505030,s112074505048,1,2837,2853
s112074505031,s112074505025,1,2838,2834
s112074505031,s112074505026,1,2838,2835
s112074505031,s112074505028,1,2838,2836
s112074505031,s112074505035,1,2838,2842
s112074505032,s112074505024,1,2839,2833
s112074505032,s112074505028,1,2839,2836
s112074505033,s112074505037,1,2840,2844
s112074505033,s112074505048,1,2840,2853
s112074505033,s112074505049,1,2840,2854
s112074505033,s112074505051,1,2840,2855
s112074505034,s112074505025,1,2841,2834
s112074505034,s112074505031,1,2841,2838
s112074505034,s112074505035,1,2841,2842
s112074505035,s112074505025,1,2842,2834
s112074505035,s112074505031,1,2842,2838
s112074505035,s112074505034,1,2842,2841
s112074505035,s112074505040,1,2842,2847
s112074505036,s112074505024,1,2843,2833
s112074505036,s112074505026,1,2843,2835
s112074505036,s112074505032,1,2843,2839
s112074505037,s112074505031,1,2844,2838
s112074505037,s112074505033,1,2844,2840
s112074505037,s112074505034,1,2844,2841
s112074505037,s112074505048,1,2844,2853
s112074505037,s112074505049,1,2844,2854
s112074505038,s112074505039,1,2845,2846
s112074505038,s112074505041,1,2845,2848
s112074505038,s112074505043,1,2845,2849
s112074505038,s112074505044,1,2845,2850
s112074505039,s112074505038,1,2846,2845
s112074505039,s112074505041,1,2846,2848
s112074505039,s112074505043,1,2846,2849
s112074505039,s112074505044,1,2846,2850
s112074505040,s112074505045,1,2847,2851
s112074505040,s112074505046,1,2847,2852
s112074505040,s112074505051,1,2847,2855
s112074505041,s112074505039,1,2848,2846
s112074505041,s112074505043,1,2848,2849
s112074505041,s112074505044,1,2848,2850
s112074505041,s112074505048,1,2848,2853
s112074505043,s112074505039,1,2849,2846
s112074505043,s112074505041,1,2849,2848
s112074505043,s112074505044,1,2849,2850
s112074505043,s112074505051,1,2849,2855
s112074505044,s112074505039,1,2850,2846
s112074505044,s112074505041,1,2850,2848
s112074505044,s112074505043,1,2850,2849
s112074505044,s112074505048,1,2850,2853
s112074505045,s112074505040,1,2851,2847
s112074505045,s112074505046,1,2851,2852
s112074505045,s112074505051,1,2851,2855
s112074505046,s112074505040,1,2852,2847
s112074505046,s112074505045,1,2852,2851
s112074505046,s112074505051,1,2852,2855
s112074505048,s112074505025,1,2853,2834
s112074505048,s112074505026,1,2853,2835
s112074505048,s112074505033,1,2853,2840
s112074505048,s112074505037,1,2853,2844
s112074505048,s112074505049,1,2853,2854
s112074505049,s112074505033,1,2854,2840
s112074505049,s112074505037,1,2854,2844
s112074505049,s112074505048,1,2854,2853
s112074505051,s112074505045,1,2855,2851
s112074505051,s112074505046,1,2855,2852
s112074505054,s112074505055,1,2856,2857
s112074505054,s112074505057,1,2856,2859
s112074505054,s112074505063,1,2856,2865
s112074505054,s112074505065,1,2856,2866
s112074505055,s112074505057,1,2857,2859
s112074505055,s112074505060,1,2857,2862
s112074505055,s112074505062,1,2857,2864
s112074505055,s112074505066,1,2857,2867
s112074505056,s112074505057,1,2858,2859
s112074505056,s112074505058,1,2858,2860
s112074505056,s112074505059,1,2858,2861
s112074505056,s112074505069,1,2858,2870
s112074505056,s112074505081,1,2858,2879
s112074505057,s112074505056,1,2859,2858
s112074505057,s112074505058,1,2859,2860
s112074505057,s112074505059,1,2859,2861
s112074505057,s112074505081,1,2859,2879
s112074505058,s112074505056,1,2860,2858
s112074505058,s112074505057,1,2860,2859
s112074505058,s112074505059,1,2860,2861
s112074505058,s112074505061,1,2860,2863
s112074505058,s112074505081,1,2860,2879
s112074505059,s112074505056,1,2861,2858
s112074505059,s112074505058,1,2861,2860
s112074505060,s112074505055,1,2862,2857
s112074505060,s112074505062,1,2862,2864
s112074505060,s112074505068,1,2862,2869
s112074505060,s112074505072,1,2862,2871
s112074505060,s112074505079,1,2862,2877
s112074505061,s112074505056,1,2863,2858
s112074505061,s112074505057,1,2863,2859
s112074505061,s112074505058,1,2863,2860
s112074505061,s112074505059,1,2863,2861
s112074505061,s112074505081,1,2863,2879
s112074505062,s112074505054,1,2864,2856
s112074505062,s112074505055,1,2864,2857
s112074505062,s112074505056,1,2864,2858
s112074505062,s112074505057,1,2864,2859
s112074505062,s112074505061,1,2864,2863
s112074505063,s112074505054,1,2865,2856
s112074505063,s112074505055,1,2865,2857
s112074505063,s112074505062,1,2865,2864
s112074505063,s112074505065,1,2865,2866
s112074505065,s112074505057,1,2866,2859
s112074505065,s112074505058,1,2866,2860
s112074505065,s112074505062,1,2866,2864
s112074505065,s112074505063,1,2866,2865
s112074505066,s112074505055,1,2867,2857
s112074505066,s112074505061,1,2867,2863
s112074505066,s112074505065,1,2867,2866
s112074505066,s112074505067,1,2867,2868
s112074505066,s112074505078,1,2867,2876
s112074505067,s112074505069,1,2868,2870
s112074505067,s112074505072,1,2868,2871
s112074505067,s112074505077,1,2868,2875
s112074505068,s112074505069,1,2869,2870
s112074505068,s112074505076,1,2869,2874
s112074505068,s112074505077,1,2869,2875
s112074505069,s112074505072,1,2870,2871
s112074505069,s112074505074,1,2870,2872
s112074505069,s112074505076,1,2870,2874
s112074505072,s112074505058,1,2871,2860
s112074505072,s112074505059,1,2871,2861
s112074505072,s112074505060,1,2871,2862
s112074505072,s112074505076,1,2871,2874
s112074505072,s112074505079,1,2871,2877
s112074505074,s112074505069,1,2872,2870
s112074505074,s112074505075,1,2872,2873
s112074505074,s112074505076,1,2872,2874
s112074505075,s112074505069,1,2873,2870
s112074505075,s112074505074,1,2873,2872
s112074505075,s112074505076,1,2873,2874
s112074505075,s112074505077,1,2873,2875
s112074505076,s112074505069,1,2874,2870
s112074505076,s112074505074,1,2874,2872
s112074505077,s112074505067,1,2875,2868
s112074505077,s112074505068,1,2875,2869
s112074505077,s112074505075,1,2875,2873
s112074505078,s112074505067,1,2876,2868
s112074505078,s112074505068,1,2876,2869
s112074505078,s112074505077,1,2876,2875
s112074505079,s112074505060,1,2877,2862
s112074505079,s112074505072,1,2877,2871
s112074505080,s112074505058,1,2878,2860
s112074505080,s112074505059,1,2878,2861
s112074505080,s112074505061,1,2878,2863
s112074505080,s112074505063,1,2878,2865
s112074505080,s112074505072,1,2878,2871
s112074505081,s112074505056,1,2879,2858
s112074505081,s112074505057,1,2879,2859
s112074505081,s112074505058,1,2879,2860
s112074505081,s112074505059,1,2879,2861
s112074505081,s112074505061,1,2879,2863
s112074510024,s112074510026,1,2880,2882
s112074510024,s112074510027,1,2880,2883
s112074510024,s112074510034,1,2880,2889
s112074510024,s112074510036,1,2880,2891
s112074510024,s113074510004,1,2880,2905
s112074510025,s112074510024,1,2881,2880
s112074510025,s112074510026,1,2881,2882
s112074510025,s112074510027,1,2881,2883
s112074510025,s112074510032,1,2881,2888
s112074510025,s112074510034,1,2881,2889
s112074510026,s112074510024,1,2882,2880
s112074510026,s112074510027,1,2882,2883
s112074510026,s112074510034,1,2882,2889
s112074510026,s112074510036,1,2882,2891
s112074510026,s112074510037,1,2882,2892
s112074510027,s112074510024,1,2883,2880
s112074510027,s112074510026,1,2883,2882
s112074510027,s112074510028,1,2883,2884
s112074510027,s112074510031,1,2883,2887
s112074510027,s112074510035,1,2883,2890
s112074510028,s112074510027,1,2884,2883
s112074510028,s112074510031,1,2884,2887
s112074510028,s112074510034,1,2884,2889
s112074510028,s112074510036,1,2884,2891
s112074510028,s113074510004,1,2884,2905
s112074510029,s112074510027,1,2885,2883
s112074510029,s112074510030,1,2885,2886
s112074510029,s112074510032,1,2885,2888
s112074510029,s112074510037,1,2885,2892
s112074510030,s112074510024,1,2886,2880
s112074510030,s112074510026,1,2886,2882
s112074510030,s112074510031,1,2886,2887
s112074510030,s112074510032,1,2886,2888
s112074510030,s112074510036,1,2886,2891
s112074510031,s112074510024,1,2887,2880
s112074510031,s112074510026,1,2887,2882
s112074510031,s112074510027,1,2887,2883
s112074510031,s112074510035,1,2887,2890
s112074510031,s113074510004,1,2887,2905
s112074510032,s112074510029,1,2888,2885
s112074510032,s112074510030,1,2888,2886
s112074510032,s112074510031,1,2888,2887
s112074510032,s112074510037,1,2888,2892
s112074510034,s112074510024,1,2889,2880
s112074510034,s112074510027,1,2889,2883
s112074510034,s112074510035,1,2889,2890
s112074510034,s112074510036,1,2889,2891
s112074510034,s113074510004,1,2889,2905
s112074510035,s112074510024,1,2890,2880
s112074510035,s112074510027,1,2890,2883
s112074510035,s112074510034,1,2890,2889
s112074510035,s112074510036,1,2890,2891
s112074510035,s113074510004,1,2890,2905
s112074510036,s112074510024,1,2891,2880
s112074510036,s112074510026,1,2891,2882
s112074510036,s112074510030,1,2891,2886
s112074510036,s112074510034,1,2891,2889
s112074510036,s113074510004,1,2891,2905
s112074510037,s112074510024,1,2892,2880
s112074510037,s112074510026,1,2892,2882
s112074510037,s112074510027,1,2892,2883
s112074510037,s112074510034,1,2892,2889
s112074510037,s112074510035,1,2892,2890
s112074510040,s112074510041,1,2893,2894
s112074510040,s112074510042,1,2893,2895
s112074510040,s112074510045,1,2893,2898
s112074510040,s112074510046,1,2893,2899
s112074510040,s113074510003,1,2893,2904
s112074510041,s112074510040,1,2894,2893
s112074510041,s112074510046,1,2894,2899
s112074510041,s112074510047,1,2894,2900
s112074510042,s112074510040,1,2895,2893
s112074510042,s112074510043,1,2895,2896
s112074510042,s112074510045,1,2895,2898
s112074510042,s112074510046,1,2895,2899
s112074510042,s113074510003,1,2895,2904
s112074510043,s112074510037,1,2896,2892
s112074510043,s112074510041,1,2896,2894
s112074510043,s112074510042,1,2896,2895
s112074510043,s112074510044,1,2896,2897
s112074510043,s112074510049,1,2896,2902
s112074510044,s112074510043,1,2897,2896
s112074510044,s112074510046,1,2897,2899
s112074510044,s112074510048,1,2897,2901
s112074510044,s112074510049,1,2897,2902
s112074510044,s112074510050,1,2897,2903
s112074510045,s112074510040,1,2898,2893
s112074510045,s112074510042,1,2898,2895
s112074510045,s112074510046,1,2898,2899
s112074510045,s113074510003,1,2898,2904
s112074510046,s112074510040,1,2899,2893
s112074510046,s112074510042,1,2899,2895
s112074510046,s112074510044,1,2899,2897
s112074510046,s112074510045,1,2899,2898
s112074510046,s113074510003,1,2899,2904
s112074510047,s112074510041,1,2900,2894
s112074510048,s112074510026,1,2901,2882
s112074510048,s112074510044,1,2901,2897
s112074510048,s112074510049,1,2901,2902
s112074510048,s112074510050,1,2901,2903
s112074510049,s112074510043,1,2902,2896
s112074510049,s112074510044,1,2902,2897
s112074510049,s112074510048,1,2902,2901
s112074510049,s112074510050,1,2902,2903
s112074510050,s112074510044,1,2903,2897
s112074510050,s112074510048,1,2903,2901
s112074510050,s112074510049,1,2903,2902
s112074510053,s112074510054,1,2906,2907
s112074510053,s112074510055,1,2906,2908
s112074510053,s112074510057,1,2906,2910
s112074510053,s112074510061,1,2906,2914
s112074510053,s112074510064,1,2906,2917
s112074510054,s112074510053,1,2907,2906
s112074510054,s112074510055,1,2907,2908
s112074510054,s112074510057,1,2907,2910
s112074510054,s112074510061,1,2907,2914
s112074510054,s112074510064,1,2907,2917
s112074510055,s112074510053,1,2908,2906
s112074510055,s112074510054,1,2908,2907
s112074510055,s112074510057,1,2908,2910
s112074510055,s112074510061,1,2908,2914
s112074510055,s112074510064,1,2908,2917
s112074510056,s112074510058,1,2909,2911
s112074510056,s112074510059,1,2909,2912
s112074510056,s112074510066,1,2909,2919
s112074510056,s112074510067,1,2909,2920
s112074510057,s112074510053,1,2910,2906
s112074510057,s112074510054,1,2910,2907
s112074510057,s112074510055,1,2910,2908
s112074510057,s112074510061,1,2910,2914
s112074510057,s112074510064,1,2910,2917
s112074510058,s112074510059,1,2911,2912
s112074510058,s112074510063,1,2911,2916
s112074510058,s112074510064,1,2911,2917
s112074510058,s112074510066,1,2911,2919
s112074510058,s112074510067,1,2911,2920
s112074510059,s112074510056,1,2912,2909
s112074510059,s112074510058,1,2912,2911
s112074510059,s112074510063,1,2912,2916
s112074510059,s112074510064,1,2912,2917
s112074510060,s112074510057,1,2913,2910
s112074510060,s112074510061,1,2913,2914
s112074510060,s112074510064,1,2913,2917
s112074510060,s112074510065,1,2913,2918
s112074510060,s112074510066,1,2913,2919
s112074510061,s112074510053,1,2914,2906
s112074510061,s112074510054,1,2914,2907
s112074510061,s112074510055,1,2914,2908
s112074510061,s112074510057,1,2914,2910
s112074510061,s112074510065,1,2914,2918
s112074510062,s112074510055,1,2915,2908
s112074510062,s112074510058,1,2915,2911
s112074510062,s112074510063,1,2915,2916
s112074510062,s112074510064,1,2915,2917
s112074510062,s112074510066,1,2915,2919
s112074510063,s112074510058,1,2916,2911
s112074510063,s112074510059,1,2916,2912
s112074510063,s112074510062,1,2916,2915
s112074510063,s112074510064,1,2916,2917
s112074510064,s112074510053,1,2917,2906
s112074510064,s112074510055,1,2917,2908
s112074510064,s112074510057,1,2917,2910
s112074510064,s112074510061,1,2917,2914
s112074510064,s112074510063,1,2917,2916
s112074510065,s112074510053,1,2918,2906
s112074510065,s112074510054,1,2918,2907
s112074510065,s112074510060,1,2918,2913
s112074510065,s112074510068,1,2918,2921
s112074510065,s112074510071,1,2918,2924
s112074510066,s112074510056,1,2919,2909
s112074510066,s112074510058,1,2919,2911
s112074510066,s112074510062,1,2919,2915
s112074510066,s112074510067,1,2919,2920
s112074510066,s112074510078,1,2919,2930
s112074510067,s112074510058,1,2920,2911
s112074510067,s112074510066,1,2920,2919
s112074510067,s112074510078,1,2920,2930
s112074510067,s112074510079,1,2920,2931
s112074510067,s112074510080,1,2920,2932
s112074510068,s112074510067,1,2921,2920
s112074510068,s112074510071,1,2921,2924
s112074510068,s112074510074,1,2921,2926
s112074510068,s112074510075,1,2921,2927
s112074510068,s112074510078,1,2921,2930
s112074510069,s112074510067,1,2922,2920
s112074510069,s112074510078,1,2922,2930
s112074510069,s112074510079,1,2922,2931
s112074510069,s112074510080,1,2922,2932
s112074510070,s112074510055,1,2923,2908
s112074510070,s112074510064,1,2923,2917
s112074510070,s112074510074,1,2923,2926
s112074510070,s112074510077,1,2923,2929
s112074510070,s112074510080,1,2923,2932
s112074510071,s112074510068,1,2924,2921
s112074510071,s112074510073,1,2924,2925
s112074510071,s112074510075,1,2924,2927
s112074510073,s112074510074,1,2925,2926
s112074510073,s112074510075,1,2925,2927
s112074510073,s112074510078,1,2925,2930
s112074510073,s112074510080,1,2925,2932
s112074510074,s112074510067,1,2926,2920
s112074510074,s112074510070,1,2926,2923
s112074510074,s112074510073,1,2926,2925
s112074510074,s112074510075,1,2926,2927
s112074510074,s112074510077,1,2926,2929
s112074510075,s112074510068,1,2927,2921
s112074510075,s112074510071,1,2927,2924
s112074510075,s112074510073,1,2927,2925
s112074510075,s112074510074,1,2927,2926
s112074510075,s112074510080,1,2927,2932
s112074510076,s112074510067,1,2928,2920
s112074510076,s112074510068,1,2928,2921
s112074510076,s112074510070,1,2928,2923
s112074510076,s112074510077,1,2928,2929
s112074510076,s113074510006,1,2928,2933
s112074510077,s112074510070,1,2929,2923
s112074510077,s112074510080,1,2929,2932
s112074510078,s112074510058,1,2930,2911
s112074510078,s112074510066,1,2930,2919
s112074510078,s112074510067,1,2930,2920
s112074510078,s112074510080,1,2930,2932
s112074510079,s112074510067,1,2931,2920
s112074510079,s112074510078,1,2931,2930
s112074510079,s112074510080,1,2931,2932
s112074510080,s112074510067,1,2932,2920
s112074510080,s112074510070,1,2932,2923
s112074510080,s112074510077,1,2932,2929
s112074510080,s112074510078,1,2932,2930
s112074510080,s112074510079,1,2932,2931
s112074511024,s112074511026,1,2934,2936
s112074511024,s112074511028,1,2934,2938
s112074511024,s112074511041,1,2934,2948
s112074511024,s112074511049,1,2934,2955
s112074511025,s112074511030,1,2935,2940
s112074511025,s112074511033,1,2935,2942
s112074511025,s112074511037,1,2935,2945
s112074511025,s113074511004,1,2935,2959
s112074511026,s112074511025,1,2936,2935
s112074511026,s112074511033,1,2936,2942
s112074511026,s112074511034,1,2936,2943
s112074511027,s112074511028,1,2937,2938
s112074511027,s112074511033,1,2937,2942
s112074511027,s112074511043,1,2937,2950
s112074511027,s112074511044,1,2937,2951
s112074511027,s112074511046,1,2937,2952
s112074511028,s112074511027,1,2938,2937
s112074511028,s112074511029,1,2938,2939
s112074511028,s112074511038,1,2938,2946
s112074511028,s113074511004,1,2938,2959
s112074511030,s112074511025,1,2940,2935
s112074511030,s112074511037,1,2940,2945
s112074511030,s112074511043,1,2940,2950
s112074511030,s113074511004,1,2940,2959
s112074511031,s112074511027,1,2941,2937
s112074511031,s112074511028,1,2941,2938
s112074511031,s112074511030,1,2941,2940
s112074511033,s112074511029,1,2942,2939
s112074511033,s112074511034,1,2942,2943
s112074511033,s112074511036,1,2942,2944
s112074511033,s112074511043,1,2942,2950
s112074511033,s112074511048,1,2942,2954
s112074511034,s112074511027,1,2943,2937
s112074511034,s112074511030,1,2943,2940
s112074511034,s112074511033,1,2943,2942
s112074511034,s112074511036,1,2943,2944
s112074511036,s112074511025,1,2944,2935
s112074511036,s112074511029,1,2944,2939
s112074511036,s112074511033,1,2944,2942
s112074511036,s113074511004,1,2944,2959
s112074511037,s112074511025,1,2945,2935
s112074511037,s112074511030,1,2945,2940
s112074511037,s113074511004,1,2945,2959
s112074511038,s112074511041,1,2946,2948
s112074511038,s112074511046,1,2946,2952
s112074511038,s112074511048,1,2946,2954
s112074511038,s112074511050,1,2946,2956
s112074511040,s112074511049,1,2947,2955
s112074511041,s112074511038,1,2948,2946
s112074511041,s112074511043,1,2948,2950
s112074511041,s112074511046,1,2948,2952
s112074511041,s112074511048,1,2948,2954
s112074511042,s112074511043,1,2949,2950
s112074511042,s112074511044,1,2949,2951
s112074511042,s112074511046,1,2949,2952
s112074511042,s112074511047,1,2949,2953
s112074511042,s112074511048,1,2949,2954
s112074511043,s112074511030,1,2950,2940
s112074511043,s112074511033,1,2950,2942
s112074511043,s112074511041,1,2950,2948
s112074511043,s112074511044,1,2950,2951
s112074511043,s112074511048,1,2950,2954
s112074511044,s112074511027,1,2951,2937
s112074511044,s112074511043,1,2951,2950
s112074511044,s112074511049,1,2951,2955
s112074511044,s112074511050,1,2951,2956
s112074511046,s112074511041,1,2952,2948
s112074511046,s112074511043,1,2952,2950
s112074511046,s112074511048,1,2952,2954
s112074511046,s112074511051,1,2952,2957
s112074511047,s112074511041,1,2953,2948
s112074511047,s112074511046,1,2953,2952
s112074511047,s112074511048,1,2953,2954
s112074511047,s112074511050,1,2953,2956
s112074511047,s113074511003,1,2953,2958
s112074511048,s112074511041,1,2954,2948
s112074511048,s112074511043,1,2954,2950
s112074511048,s112074511046,1,2954,2952
s112074511048,s112074511047,1,2954,2953
s112074511048,s113074511003,1,2954,2958
s112074511049,s112074511038,1,2955,2946
s112074511049,s112074511040,1,2955,2947
s112074511049,s112074511041,1,2955,2948
s112074511049,s112074511046,1,2955,2952
s112074511049,s112074511051,1,2955,2957
s112074511050,s112074511038,1,2956,2946
s112074511050,s112074511041,1,2956,2948
s112074511050,s112074511044,1,2956,2951
s112074511050,s112074511046,1,2956,2952
s112074511050,s112074511048,1,2956,2954
s112074511051,s112074511041,1,2957,2948
s112074511051,s112074511046,1,2957,2952
s112074511054,s112074511061,1,2960,2966
s112074511054,s112074511070,1,2960,2975
s112074511054,s112074511073,1,2960,2978
s112074511054,s112074511082,1,2960,2983
s112074511055,s112074511054,1,2961,2960
s112074511055,s112074511059,1,2961,2964
s112074511055,s112074511061,1,2961,2966
s112074511057,s112074511062,1,2962,2967
s112074511057,s112074511068,1,2962,2973
s112074511057,s112074511071,1,2962,2976
s112074511057,s112074511072,1,2962,2977
s112074511057,s112074511074,1,2962,2979
s112074511058,s112074511061,1,2963,2966
s112074511058,s112074511063,1,2963,2968
s112074511058,s112074511064,1,2963,2969
s112074511058,s112074511065,1,2963,2970
s112074511058,s112074511067,1,2963,2972
s112074511059,s112074511054,1,2964,2960
s112074511059,s112074511061,1,2964,2966
s112074511059,s112074511067,1,2964,2972
s112074511059,s112074511070,1,2964,2975
s112074511059,s112074511082,1,2964,2983
s112074511060,s112074511062,1,2965,2967
s112074511060,s112074511068,1,2965,2973
s112074511060,s112074511071,1,2965,2976
s112074511060,s112074511072,1,2965,2977
s112074511061,s112074511054,1,2966,2960
s112074511061,s112074511058,1,2966,2963
s112074511061,s112074511059,1,2966,2964
s112074511061,s112074511064,1,2966,2969
s112074511061,s112074511082,1,2966,2983
s112074511062,s112074511057,1,2967,2962
s112074511062,s112074511063,1,2967,2968
s112074511062,s112074511071,1,2967,2976
s112074511062,s112074511072,1,2967,2977
s112074511062,s112074511082,1,2967,2983
s112074511063,s112074511058,1,2968,2963
s112074511063,s112074511065,1,2968,2970
s112074511063,s112074511067,1,2968,2972
s112074511063,s112074511073,1,2968,2978
s112074511064,s112074511063,1,2969,2968
s112074511064,s112074511065,1,2969,2970
s112074511064,s112074511066,1,2969,2971
s112074511064,s112074511067,1,2969,2972
s112074511064,s112074511073,1,2969,2978
s112074511065,s112074511059,1,2970,2964
s112074511065,s112074511064,1,2970,2969
s112074511065,s112074511066,1,2970,2971
s112074511065,s112074511067,1,2970,2972
s112074511065,s112074511073,1,2970,2978
s112074511066,s112074511061,1,2971,2966
s112074511066,s112074511063,1,2971,2968
s112074511066,s112074511064,1,2971,2969
s112074511066,s112074511065,1,2971,2970
s112074511066,s112074511067,1,2971,2972
s112074511067,s112074511058,1,2972,2963
s112074511067,s112074511062,1,2972,2967
s112074511067,s112074511063,1,2972,2968
s112074511067,s112074511064,1,2972,2969
s112074511067,s112074511065,1,2972,2970
s112074511068,s112074511055,1,2973,2961
s112074511068,s112074511057,1,2973,2962
s112074511068,s112074511069,1,2973,2974
s112074511069,s112074511055,1,2974,2961
s112074511069,s112074511068,1,2974,2973
s112074511069,s112074511072,1,2974,2977
s112074511069,s112074511078,1,2974,2981
s112074511070,s112074511054,1,2975,2960
s112074511070,s112074511059,1,2975,2964
s112074511070,s112074511061,1,2975,2966
s112074511070,s112074511073,1,2975,2978
s112074511070,s112074511082,1,2975,2983
s112074511071,s112074511062,1,2976,2967
s112074511071,s112074511072,1,2976,2977
s112074511072,s112074511062,1,2977,2967
s112074511072,s112074511071,1,2977,2976
s112074511073,s112074511054,1,2978,2960
s112074511073,s112074511070,1,2978,2975
s112074511073,s112074511071,1,2978,2976
s112074511073,s112074511072,1,2978,2977
s112074511073,s112074511082,1,2978,2983
s112074511074,s112074511072,1,2979,2977
s112074511074,s112074511073,1,2979,2978
s112074511074,s112074511076,1,2979,2980
s112074511074,s112074511078,1,2979,2981
s112074511074,s112074511080,1,2979,2982
s112074511076,s112074511054,1,2980,2960
s112074511076,s112074511055,1,2980,2961
s112074511078,s112074511069,1,2981,2974
s112074511078,s112074511070,1,2981,2975
s112074511078,s112074511073,1,2981,2978
s112074511078,s112074511080,1,2981,2982
s112074511080,s112074511071,1,2982,2976
s112074511080,s112074511072,1,2982,2977
s112074511080,s112074511076,1,2982,2980
s112074511080,s112074511078,1,2982,2981
s112074511082,s112074511054,1,2983,2960
s112074511082,s112074511059,1,2983,2964
s112074511082,s112074511061,1,2983,2966
s112074511082,s112074511064,1,2983,2969
s112074511082,s112074511067,1,2983,2972
s112074518024,s112074518035,1,2984,2994
s112074518024,s112074518041,1,2984,2999
s112074518024,s112074518044,1,2984,3002
s112074518024,s112074518048,1,2984,3006
s112074518025,s112074518026,1,2985,2986
s112074518025,s112074518029,1,2985,2988
s112074518025,s112074518033,1,2985,2992
s112074518025,s112074518044,1,2985,3002
s112074518025,s113074518003,1,2985,3008
s112074518026,s112074518029,1,2986,2988
s112074518026,s112074518032,1,2986,2991
s112074518026,s112074518033,1,2986,2992
s112074518026,s113074518003,1,2986,3008
s112074518027,s112074518025,1,2987,2985
s112074518027,s112074518026,1,2987,2986
s112074518027,s112074518029,1,2987,2988
s112074518027,s112074518033,1,2987,2992
s112074518027,s112074518034,1,2987,2993
s112074518029,s112074518026,1,2988,2986
s112074518029,s112074518033,1,2988,2992
s112074518029,s113074518003,1,2988,3008
s112074518030,s112074518029,1,2989,2988
s112074518030,s112074518040,1,2989,2998
s112074518030,s112074518042,1,2989,3000
s112074518030,s112074518045,1,2989,3003
s112074518030,s112074518049,1,2989,3007
s112074518031,s112074518026,1,2990,2986
s112074518031,s112074518038,1,2990,2996
s112074518031,s112074518043,1,2990,3001
s112074518031,s112074518048,1,2990,3006
s112074518032,s112074518026,1,2991,2986
s112074518032,s112074518029,1,2991,2988
s112074518032,s112074518033,1,2991,2992
s112074518032,s112074518035,1,2991,2994
s112074518032,s113074518003,1,2991,3008
s112074518033,s112074518025,1,2992,2985
s112074518033,s112074518026,1,2992,2986
s112074518033,s112074518029,1,2992,2988
s112074518033,s112074518032,1,2992,2991
s112074518033,s113074518003,1,2992,3008
s112074518035,s112074518032,1,2994,2991
s112074518035,s112074518038,1,2994,2996
s112074518037,s112074518033,1,2995,2992
s112074518037,s112074518034,1,2995,2993
s112074518038,s112074518027,1,2996,2987
s112074518038,s112074518035,1,2996,2994
s112074518038,s112074518040,1,2996,2998
s112074518038,s112074518043,1,2996,3001
s112074518039,s112074518042,1,2997,3000
s112074518039,s112074518044,1,2997,3002
s112074518039,s112074518046,1,2997,3004
s112074518039,s112074518047,1,2997,3005
s112074518039,s112074518048,1,2997,3006
s112074518040,s112074518041,1,2998,2999
s112074518040,s112074518042,1,2998,3000
s112074518040,s112074518045,1,2998,3003
s112074518040,s112074518048,1,2998,3006
s112074518040,s112074518049,1,2998,3007
s112074518041,s112074518040,1,2999,2998
s112074518041,s112074518042,1,2999,3000
s112074518041,s112074518045,1,2999,3003
s112074518041,s112074518047,1,2999,3005
s112074518041,s112074518049,1,2999,3007
s112074518043,s112074518031,1,3001,2990
s112074518044,s112074518039,1,3002,2997
s112074518044,s112074518045,1,3002,3003
s112074518044,s112074518046,1,3002,3004
s112074518044,s112074518047,1,3002,3005
s112074518044,s112074518048,1,3002,3006
s112074518045,s112074518040,1,3003,2998
s112074518045,s112074518041,1,3003,2999
s112074518045,s112074518042,1,3003,3000
s112074518045,s112074518044,1,3003,3002
s112074518045,s112074518049,1,3003,3007
s112074518046,s112074518039,1,3004,2997
s112074518046,s112074518040,1,3004,2998
s112074518046,s112074518044,1,3004,3002
s112074518046,s112074518047,1,3004,3005
s112074518046,s112074518048,1,3004,3006
s112074518047,s112074518039,1,3005,2997
s112074518047,s112074518044,1,3005,3002
s112074518047,s112074518046,1,3005,3004
s112074518047,s112074518048,1,3005,3006
s112074518048,s112074518024,1,3006,2984
s112074518048,s112074518040,1,3006,2998
s112074518048,s112074518044,1,3006,3002
s112074518048,s112074518046,1,3006,3004
s112074518048,s112074518047,1,3006,3005
s112074518049,s112074518030,1,3007,2989
s112074518049,s112074518040,1,3007,2998
s112074518049,s112074518041,1,3007,2999
s112074518049,s112074518042,1,3007,3000
s112074518049,s112074518045,1,3007,3003
s112074518059,s112074518055,1,3013,3010
s112074518059,s112074518060,1,3013,3014
s112074518059,s112074518061,1,3013,3015
s112074518059,s112074518068,1,3013,3020
s112074518060,s112074518057,1,3014,3012
s112074518060,s112074518061,1,3014,3015
s112074518061,s112074518059,1,3015,3013
s112074518061,s112074518060,1,3015,3014
s112074518064,s112074518056,1,3016,3011
s112074518064,s112074518065,1,3016,3017
s112074518064,s112074518076,1,3016,3027
s112074518064,s113074518004,1,3016,3028
s112074518065,s112074518064,1,3017,3016
s112074518065,s112074518066,1,3017,3018
s112074518065,s112074518068,1,3017,3020
s112074518066,s112074518065,1,3018,3017
s112074518066,s112074518067,1,3018,3019
s112074518067,s112074518066,1,3019,3018
s112074518067,s112074518068,1,3019,3020
s112074518067,s112074518069,1,3019,3021
s112074518067,s112074518072,1,3019,3023
s112074518067,s112074518073,1,3019,3024
s112074518068,s112074518059,1,3020,3013
s112074518068,s112074518061,1,3020,3015
s112074518068,s112074518065,1,3020,3017
s112074518068,s112074518066,1,3020,3018
s112074518069,s112074518054,1,3021,3009
s112074518069,s112074518070,1,3021,3022
s112074518069,s112074518074,1,3021,3025
s112074518069,s112074518075,1,3021,3026
s112074518070,s112074518057,1,3022,3012
s112074518070,s112074518069,1,3022,3021
s112074518070,s112074518074,1,3022,3025
s112074518070,s112074518075,1,3022,3026
s112074518072,s112074518067,1,3023,3019
s112074518072,s112074518068,1,3023,3020
s112074518072,s112074518073,1,3023,3024
s112074518072,s113074518004,1,3023,3028
s112074518073,s112074518066,1,3024,3018
s112074518073,s112074518067,1,3024,3019
s112074518073,s112074518068,1,3024,3020
s112074518073,s112074518072,1,3024,3023
s112074518074,s112074518069,1,3025,3021
s112074518074,s112074518070,1,3025,3022
s112074518074,s112074518075,1,3025,3026
s112074518075,s112074518069,1,3026,3021
s112074518075,s112074518070,1,3026,3022
s112074518075,s112074518074,1,3026,3025
s112074518076,s112074518064,1,3027,3016
s112074518076,s112074518065,1,3027,3017
s112074518076,s113074518004,1,3027,3028
s112074534024,s112074534036,1,3029,3037
s112074534024,s112074534045,1,3029,3044
s112074534024,s112074534046,1,3029,3045
s112074534024,s112074534047,1,3029,3046
s112074534025,s112074534026,1,3030,3031
s112074534025,s112074534034,1,3030,3035
s112074534026,s112074534025,1,3031,3030
s112074534026,s112074534037,1,3031,3038
s112074534029,s112074534026,1,3032,3031
s112074534029,s112074534030,1,3032,3033
s112074534029,s112074534034,1,3032,3035
s112074534033,s112074534024,1,3034,3029
s112074534033,s112074534036,1,3034,3037
s112074534033,s112074534044,1,3034,3043
s112074534033,s112074534045,1,3034,3044
s112074534033,s112074534046,1,3034,3045
s112074534034,s112074534025,1,3035,3030
s112074534034,s112074534026,1,3035,3031
s112074534034,s112074534030,1,3035,3033
s112074534035,s112074534034,1,3036,3035
s112074534035,s112074534036,1,3036,3037
s112074534035,s112074534037,1,3036,3038
s112074534035,s112074534040,1,3036,3039
s112074534036,s112074534024,1,3037,3029
s112074534036,s112074534033,1,3037,3034
s112074534036,s112074534035,1,3037,3036
s112074534036,s112074534040,1,3037,3039
s112074534036,s112074534045,1,3037,3044
s112074534037,s112074534025,1,3038,3030
s112074534037,s112074534026,1,3038,3031
s112074534037,s112074534040,1,3038,3039
s112074534040,s112074534035,1,3039,3036
s112074534040,s112074534036,1,3039,3037
s112074534040,s112074534037,1,3039,3038
s112074534040,s112074534045,1,3039,3044
s112074534042,s112074534034,1,3041,3035
s112074534042,s112074534035,1,3041,3036
s112074534042,s112074534036,1,3041,3037
s112074534043,s112074534025,1,3042,3030
s112074534043,s112074534026,1,3042,3031
s112074534043,s112074534036,1,3042,3037
s112074534044,s112074534033,1,3043,3034
s112074534044,s112074534036,1,3043,3037
s112074534044,s112074534037,1,3043,3038
s112074534044,s112074534040,1,3043,3039
s112074534044,s112074534046,1,3043,3045
s112074534045,s112074534035,1,3044,3036
s112074534045,s112074534036,1,3044,3037
s112074534045,s112074534040,1,3044,3039
s112074534045,s112074534044,1,3044,3043
s112074534046,s112074534024,1,3045,3029
s112074534046,s112074534034,1,3045,3035
s112074534046,s112074534047,1,3045,3046
s112074534047,s112074534030,1,3046,3033
s112074534047,s112074534034,1,3046,3035
s112074534047,s112074534046,1,3046,3045
s112074534050,s112074534051,1,3047,3048
s112074534050,s112074534055,1,3047,3051
s112074534050,s112074534056,1,3047,3052
s112074534050,s112074534057,1,3047,3053
s112074534050,s113074534003,1,3047,3069
s112074534051,s112074534050,1,3048,3047
s112074534051,s112074534055,1,3048,3051
s112074534051,s112074534056,1,3048,3052
s112074534051,s112074534057,1,3048,3053
s112074534051,s113074534003,1,3048,3069
s112074534053,s112074534054,1,3049,3050
s112074534053,s112074534056,1,3049,3052
s112074534053,s112074534060,1,3049,3056
s112074534053,s112074534071,1,3049,3067
s112074534053,s113074534003,1,3049,3069
s112074534054,s112074534053,1,3050,3049
s112074534054,s112074534055,1,3050,3051
s112074534054,s112074534056,1,3050,3052
s112074534054,s112074534065,1,3050,3061
s112074534054,s112074534067,1,3050,3063
s112074534055,s112074534054,1,3051,3050
s112074534055,s112074534056,1,3051,3052
s112074534055,s112074534057,1,3051,3053
s112074534055,s112074534059,1,3051,3055
s112074534055,s112074534060,1,3051,3056
s112074534056,s112074534050,1,3052,3047
s112074534056,s112074534051,1,3052,3048
s112074534056,s112074534054,1,3052,3050
s112074534056,s112074534055,1,3052,3051
s112074534056,s112074534057,1,3052,3053
s112074534057,s112074534050,1,3053,3047
s112074534057,s112074534051,1,3053,3048
s112074534057,s112074534055,1,3053,3051
s112074534057,s112074534056,1,3053,3052
s112074534057,s113074534003,1,3053,3069
s112074534058,s112074534055,1,3054,3051
s112074534058,s112074534066,1,3054,3062
s112074534059,s112074534054,1,3055,3050
s112074534059,s112074534055,1,3055,3051
s112074534059,s112074534058,1,3055,3054
s112074534059,s112074534060,1,3055,3056
s112074534059,s112074534067,1,3055,3063
s112074534060,s112074534053,1,3056,3049
s112074534060,s112074534055,1,3056,3051
s112074534060,s112074534061,1,3056,3057
s112074534060,s112074534062,1,3056,3058
s112074534060,s113074534003,1,3056,3069
s112074534061,s112074534062,1,3057,3058
s112074534061,s112074534065,1,3057,3061
s112074534061,s112074534067,1,3057,3063
s112074534061,s112074534068,1,3057,3064
s112074534061,s112074534072,1,3057,3068
s112074534062,s112074534065,1,3058,3061
s112074534063,s112074534066,1,3059,3062
s112074534063,s112074534071,1,3059,3067
s112074534064,s112074534063,1,3060,3059
s112074534064,s112074534065,1,3060,3061
s112074534064,s112074534068,1,3060,3064
s112074534064,s112074534071,1,3060,3067
s112074534065,s112074534061,1,3061,3057
s112074534065,s112074534062,1,3061,3058
s112074534065,s112074534068,1,3061,3064
s112074534065,s112074534069,1,3061,3065
s112074534065,s112074534072,1,3061,3068
s112074534066,s112074534063,1,3062,3059
s112074534066,s112074534071,1,3062,3067
s112074534067,s112074534054,1,3063,3050
s112074534067,s112074534070,1,3063,3066
s112074534068,s112074534061,1,3064,3057
s112074534068,s112074534062,1,3064,3058
s112074534068,s112074534065,1,3064,3061
s112074534068,s112074534072,1,3064,3068
s112074534069,s112074534062,1,3065,3058
s112074534069,s112074534063,1,3065,3059
s112074534069,s112074534065,1,3065,3061
s112074534070,s112074534061,1,3066,3057
s112074534070,s112074534067,1,3066,3063
s112074534071,s112074534054,1,3067,3050
s112074534071,s112074534059,1,3067,3055
s112074534071,s112074534063,1,3067,3059
s112074534071,s112074534066,1,3067,3062
s112074534071,s112074534067,1,3067,3063
s112074536024,s112074536026,1,3070,3071
s112074536024,s112074536027,1,3070,3072
s112074536024,s112074536028,1,3070,3073
s112074536024,s112074536031,1,3070,3076
s112074536026,s112074536024,1,3071,3070
s112074536026,s112074536027,1,3071,3072
s112074536026,s112074536031,1,3071,3076
s112074536026,s112074536043,1,3071,3088
s112074536027,s112074536024,1,3072,3070
s112074536027,s112074536028,1,3072,3073
s112074536027,s112074536029,1,3072,3074
s112074536027,s112074536030,1,3072,3075
s112074536027,s112074536032,1,3072,3077
s112074536028,s112074536024,1,3073,3070
s112074536028,s112074536027,1,3073,3072
s112074536028,s112074536031,1,3073,3076
s112074536028,s112074536034,1,3073,3079
s112074536029,s112074536024,1,3074,3070
s112074536029,s112074536026,1,3074,3071
s112074536029,s112074536035,1,3074,3080
s112074536030,s112074536034,1,3075,3079
s112074536030,s112074536037,1,3075,3082
s112074536030,s112074536049,1,3075,3093
s112074536031,s112074536024,1,3076,3070
s112074536031,s112074536027,1,3076,3072
s112074536031,s112074536032,1,3076,3077
s112074536031,s112074536034,1,3076,3079
s112074536031,s112074536049,1,3076,3093
s112074536032,s112074536027,1,3077,3072
s112074536032,s112074536034,1,3077,3079
s112074536032,s112074536042,1,3077,3087
s112074536032,s112074536043,1,3077,3088
s112074536032,s112074536049,1,3077,3093
s112074536034,s112074536024,1,3079,3070
s112074536034,s112074536027,1,3079,3072
s112074536034,s112074536030,1,3079,3075
s112074536034,s112074536032,1,3079,3077
s112074536034,s112074536043,1,3079,3088
s112074536035,s112074536026,1,3080,3071
s112074536035,s112074536029,1,3080,3074
s112074536035,s112074536034,1,3080,3079
s112074536035,s112074536036,1,3080,3081
s112074536036,s112074536024,1,3081,3070
s112074536036,s112074536026,1,3081,3071
s112074536036,s112074536030,1,3081,3075
s112074536036,s112074536042,1,3081,3087
s112074536037,s112074536030,1,3082,3075
s112074536037,s112074536040,1,3082,3085
s112074536037,s112074536042,1,3082,3087
s112074536037,s112074536043,1,3082,3088
s112074536037,s112074536049,1,3082,3093
s112074536038,s112074536040,1,3083,3085
s112074536038,s112074536044,1,3083,3089
s112074536039,s112074536038,1,3084,3083
s112074536039,s112074536040,1,3084,3085
s112074536039,s112074536046,1,3084,3090
s112074536039,s112074536048,1,3084,3092
s112074536040,s112074536038,1,3085,3083
s112074536040,s112074536042,1,3085,3087
s112074536040,s112074536043,1,3085,3088
s112074536040,s112074536044,1,3085,3089
s112074536040,s112074536049,1,3085,3093
s112074536041,s112074536034,1,3086,3079
s112074536041,s112074536042,1,3086,3087
s112074536041,s112074536043,1,3086,3088
s112074536041,s112074536046,1,3086,3090
s112074536041,s112074536048,1,3086,3092
s112074536042,s112074536032,1,3087,3077
s112074536042,s112074536037,1,3087,3082
s112074536042,s112074536040,1,3087,3085
s112074536042,s112074536043,1,3087,3088
s112074536042,s112074536049,1,3087,3093
s112074536043,s112074536037,1,3088,3082
s112074536043,s112074536038,1,3088,3083
s112074536043,s112074536040,1,3088,3085
s112074536043,s112074536042,1,3088,3087
s112074536043,s112074536049,1,3088,3093
s112074536044,s112074536038,1,3089,3083
s112074536044,s112074536039,1,3089,3084
s112074536044,s112074536040,1,3089,3085
s112074536044,s112074536046,1,3089,3090
s112074536044,s112074536048,1,3089,3092
s112074536046,s112074536037,1,3090,3082
s112074536046,s112074536039,1,3090,3084
s112074536046,s112074536044,1,3090,3089
s112074536046,s112074536048,1,3090,3092
s112074536046,s112074536049,1,3090,3093
s112074536048,s112074536032,1,3092,3077
s112074536048,s112074536034,1,3092,3079
s112074536048,s112074536039,1,3092,3084
s112074536048,s112074536044,1,3092,3089
s112074536048,s112074536046,1,3092,3090
s112074536049,s112074536027,1,3093,3072
s112074536049,s112074536032,1,3093,3077
s112074536049,s112074536034,1,3093,3079
s112074536049,s112074536040,1,3093,3085
s112074536049,s112074536043,1,3093,3088
s112074536053,s112074536054,1,3094,3095
s112074536053,s112074536055,1,3094,3096
s112074536053,s112074536058,1,3094,3098
s112074536053,s112074536063,1,3094,3102
s112074536054,s112074536053,1,3095,3094
s112074536054,s112074536055,1,3095,3096
s112074536054,s112074536058,1,3095,3098
s112074536054,s113074536003,1,3095,3115
s112074536055,s112074536053,1,3096,3094
s112074536055,s112074536054,1,3096,3095
s112074536055,s112074536058,1,3096,3098
s112074536055,s113074536003,1,3096,3115
s112074536058,s112074536053,1,3098,3094
s112074536058,s112074536054,1,3098,3095
s112074536058,s112074536055,1,3098,3096
s112074536058,s112074536062,1,3098,3101
s112074536058,s112074536074,1,3098,3110
s112074536060,s112074536062,1,3099,3101
s112074536060,s112074536063,1,3099,3102
s112074536060,s112074536078,1,3099,3114
s112074536060,s113074536003,1,3099,3115
s112074536061,s112074536058,1,3100,3098
s112074536061,s112074536062,1,3100,3101
s112074536061,s112074536063,1,3100,3102
s112074536061,s113074536004,1,3100,3116
s112074536062,s112074536054,1,3101,3095
s112074536062,s112074536060,1,3101,3099
s112074536062,s112074536061,1,3101,3100
s112074536062,s112074536078,1,3101,3114
s112074536063,s112074536053,1,3102,3094
s112074536063,s112074536054,1,3102,3095
s112074536063,s112074536058,1,3102,3098
s112074536063,s112074536060,1,3102,3099
s112074536063,s112074536061,1,3102,3100
s112074536065,s112074536072,1,3103,3108
s112074536065,s112074536074,1,3103,3110
s112074536065,s112074536075,1,3103,3111
s112074536065,s112074536076,1,3103,3112
s112074536065,s112074536077,1,3103,3113
s112074536066,s112074536060,1,3104,3099
s112074536066,s112074536069,1,3104,3106
s112074536066,s112074536078,1,3104,3114
s112074536067,s112074536069,1,3105,3106
s112074536067,s112074536075,1,3105,3111
s112074536067,s112074536077,1,3105,3113
s112074536071,s112074536069,1,3107,3106
s112074536071,s112074536073,1,3107,3109
s112074536071,s112074536074,1,3107,3110
s112074536071,s112074536075,1,3107,3111
s112074536072,s112074536065,1,3108,3103
s112074536072,s112074536075,1,3108,3111
s112074536072,s112074536076,1,3108,3112
s112074536073,s112074536053,1,3109,3094
s112074536073,s112074536071,1,3109,3107
s112074536073,s112074536072,1,3109,3108
s112074536073,s112074536074,1,3109,3110
s112074536073,s112074536075,1,3109,3111
s112074536074,s112074536058,1,3110,3098
s112074536074,s112074536065,1,3110,3103
s112074536074,s112074536071,1,3110,3107
s112074536074,s112074536075,1,3110,3111
s112074536074,s112074536076,1,3110,3112
s112074536075,s112074536071,1,3111,3107
s112074536075,s112074536072,1,3111,3108
s112074536075,s112074536073,1,3111,3109
s112074536075,s112074536076,1,3111,3112
s112074536075,s112074536077,1,3111,3113
s112074536076,s112074536065,1,3112,3103
s112074536076,s112074536069,1,3112,3106
s112074536076,s112074536075,1,3112,3111
s112074536077,s112074536065,1,3113,3103
s112074536077,s112074536072,1,3113,3108
s112074536077,s112074536075,1,3113,3111
s112074536077,s113074536003,1,3113,3115
s112074536078,s112074536060,1,3114,3099
s112074536078,s112074536062,1,3114,3101
s112074536078,s112074536063,1,3114,3102
s112074538025,s112074538029,1,3117,3120
s112074538025,s112074538031,1,3117,3122
s112074538025,s112074538033,1,3117,3124
s112074538025,s112074538035,1,3117,3126
s112074538025,s112074538042,1,3117,3133
s112074538026,s112074538029,1,3118,3120
s112074538026,s112074538033,1,3118,3124
s112074538026,s112074538034,1,3118,3125
s112074538026,s112074538035,1,3118,3126
s112074538028,s112074538025,1,3119,3117
s112074538028,s112074538031,1,3119,3122
s112074538028,s112074538033,1,3119,3124
s112074538028,s112074538034,1,3119,3125
s112074538028,s112074538035,1,3119,3126
s112074538029,s112074538025,1,3120,3117
s112074538029,s112074538026,1,3120,3118
s112074538029,s112074538033,1,3120,3124
s112074538029,s112074538034,1,3120,3125
s112074538029,s112074538035,1,3120,3126
s112074538030,s112074538029,1,3121,3120
s112074538030,s112074538031,1,3121,3122
s112074538030,s112074538032,1,3121,3123
s112074538030,s112074538033,1,3121,3124
s112074538030,s112074538035,1,3121,3126
s112074538032,s112074538029,1,3123,3120
s112074538032,s112074538030,1,3123,3121
s112074538032,s112074538031,1,3123,3122
s112074538032,s112074538035,1,3123,3126
s112074538032,s112074538037,1,3123,3128
s112074538033,s112074538025,1,3124,3117
s112074538033,s112074538026,1,3124,3118
s112074538033,s112074538029,1,3124,3120
s112074538033,s112074538035,1,3124,3126
s112074538034,s112074538026,1,3125,3118
s112074538034,s112074538029,1,3125,3120
s112074538034,s112074538033,1,3125,3124
s112074538034,s112074538035,1,3125,3126
s112074538034,s112074538036,1,3125,3127
s112074538035,s112074538026,1,3126,3118
s112074538035,s112074538029,1,3126,3120
s112074538035,s112074538033,1,3126,3124
s112074538035,s112074538049,1,3126,3140
s112074538036,s112074538026,1,3127,3118
s112074538036,s112074538029,1,3127,3120
s112074538036,s112074538033,1,3127,3124
s112074538036,s112074538034,1,3127,3125
s112074538036,s112074538035,1,3127,3126
s112074538037,s112074538041,1,3128,3132
s112074538037,s112074538045,1,3128,3136
s112074538037,s112074538046,1,3128,3137
s112074538038,s112074538039,1,3129,3130
s112074538038,s112074538042,1,3129,3133
s112074538038,s112074538045,1,3129,3136
s112074538038,s112074538046,1,3129,3137
s112074538038,s112074538047,1,3129,3138
s112074538039,s112074538038,1,3130,3129
s112074538039,s112074538040,1,3130,3131
s112074538039,s112074538042,1,3130,3133
s112074538039,s112074538043,1,3130,3134
s112074538039,s112074538050,1,3130,3141
s112074538040,s112074538039,1,3131,3130
s112074538040,s112074538042,1,3131,3133
s112074538040,s112074538049,1,3131,3140
s112074538040,s112074538050,1,3131,3141
s112074538041,s112074538037,1,3132,3128
s112074538041,s112074538039,1,3132,3130
s112074538041,s112074538043,1,3132,3134
s112074538041,s112074538045,1,3132,3136
s112074538041,s112074538049,1,3132,3140
s112074538042,s112074538039,1,3133,3130
s112074538043,s112074538033,1,3134,3124
s112074538043,s112074538039,1,3134,3130
s112074538043,s112074538041,1,3134,3132
s112074538043,s112074538045,1,3134,3136
s112074538044,s112074538039,1,3135,3130
s112074538044,s112074538040,1,3135,3131
s112074538044,s112074538043,1,3135,3134
s112074538044,s112074538049,1,3135,3140
s112074538044,s112074538050,1,3135,3141
s112074538045,s112074538037,1,3136,3128
s112074538045,s112074538041,1,3136,3132
s112074538045,s112074538043,1,3136,3134
s112074538045,s112074538046,1,3136,3137
s112074538045,s112074538047,1,3136,3138
s112074538046,s112074538037,1,3137,3128
s112074538046,s112074538045,1,3137,3136
s112074538046,s112074538047,1,3137,3138
s112074538046,s112074538048,1,3137,3139
s112074538047,s112074538026,1,3138,3118
s112074538047,s112074538036,1,3138,3127
s112074538047,s112074538045,1,3138,3136
s112074538047,s112074538046,1,3138,3137
s112074538047,s112074538050,1,3138,3141
s112074538048,s112074538037,1,3139,3128
s112074538048,s112074538041,1,3139,3132
s112074538048,s112074538045,1,3139,3136
s112074538048,s112074538046,1,3139,3137
s112074538048,s112074538047,1,3139,3138
s112074538049,s112074538040,1,3140,3131
s112074538049,s112074538042,1,3140,3133
s112074538049,s112074538043,1,3140,3134
s112074538049,s112074538044,1,3140,3135
s112074538049,s112074538050,1,3140,3141
s112074538050,s112074538039,1,3141,3130
s112074538050,s112074538040,1,3141,3131
s112074538050,s112074538042,1,3141,3133
s112074538050,s112074538044,1,3141,3135
s112074538050,s112074538049,1,3141,3140
s112074538053,s112074538057,1,3142,3146
s112074538053,s112074538061,1,3142,3149
s112074538054,s112074538056,1,3143,3145
s112074538054,s112074538057,1,3143,3146
s112074538054,s112074538060,1,3143,3148
s112074538054,s112074538061,1,3143,3149
s112074538054,s112074538079,1,3143,3163
s112074538055,s112074538056,1,3144,3145
s112074538055,s112074538060,1,3144,3148
s112074538055,s112074538061,1,3144,3149
s112074538055,s112074538079,1,3144,3163
s112074538056,s112074538060,1,3145,3148
s112074538056,s112074538061,1,3145,3149
s112074538056,s112074538069,1,3145,3154
s112074538056,s112074538071,1,3145,3156
s112074538056,s112074538079,1,3145,3163
s112074538057,s112074538056,1,3146,3145
s112074538057,s112074538060,1,3146,3148
s112074538057,s112074538061,1,3146,3149
s112074538057,s112074538075,1,3146,3159
s112074538057,s112074538079,1,3146,3163
s112074538059,s112074538067,1,3147,3152
s112074538059,s112074538069,1,3147,3154
s112074538059,s112074538071,1,3147,3156
s112074538059,s112074538075,1,3147,3159
s112074538059,s112074538078,1,3147,3162
s112074538060,s112074538056,1,3148,3145
s112074538060,s112074538057,1,3148,3146
s112074538060,s112074538075,1,3148,3159
s112074538060,s112074538079,1,3148,3163
s112074538061,s112074538054,1,3149,3143
s112074538061,s112074538055,1,3149,3144
s112074538061,s112074538056,1,3149,3145
s112074538061,s112074538057,1,3149,3146
s112074538061,s112074538079,1,3149,3163
s112074538065,s112074538061,1,3150,3149
s112074538065,s112074538067,1,3150,3152
s112074538065,s112074538069,1,3150,3154
s112074538065,s112074538070,1,3150,3155
s112074538065,s112074538076,1,3150,3160
s112074538066,s112074538057,1,3151,3146
s112074538066,s112074538065,1,3151,3150
s112074538066,s112074538067,1,3151,3152
s112074538066,s112074538075,1,3151,3159
s112074538066,s112074538076,1,3151,3160
s112074538067,s112074538055,1,3152,3144
s112074538067,s112074538059,1,3152,3147
s112074538067,s112074538065,1,3152,3150
s112074538067,s112074538071,1,3152,3156
s112074538067,s112074538076,1,3152,3160
s112074538068,s112074538069,1,3153,3154
s112074538068,s112074538070,1,3153,3155
s112074538068,s112074538071,1,3153,3156
s112074538068,s112074538073,1,3153,3157
s112074538069,s112074538070,1,3154,3155
s112074538070,s112074538065,1,3155,3150
s112074538070,s112074538067,1,3155,3152
s112074538070,s112074538069,1,3155,3154
s112074538070,s112074538071,1,3155,3156
s112074538070,s112074538076,1,3155,3160
s112074538071,s112074538067,1,3156,3152
s112074538071,s112074538073,1,3156,3157
s112074538071,s112074538075,1,3156,3159
s112074538073,s112074538067,1,3157,3152
s112074538073,s112074538069,1,3157,3154
s112074538073,s112074538071,1,3157,3156
s112074538073,s112074538075,1,3157,3159
s112074538073,s112074538076,1,3157,3160
s112074538074,s112074538065,1,3158,3150
s112074538074,s112074538067,1,3158,3152
s112074538074,s112074538071,1,3158,3156
s112074538074,s112074538075,1,3158,3159
s112074538074,s112074538076,1,3158,3160
s112074538075,s112074538067,1,3159,3152
s112074538075,s112074538069,1,3159,3154
s112074538075,s112074538071,1,3159,3156
s112074538075,s112074538073,1,3159,3157
s112074538075,s112074538078,1,3159,3162
s112074538076,s112074538067,1,3160,3152
s112074538076,s112074538070,1,3160,3155
s112074538076,s112074538071,1,3160,3156
s112074538076,s112074538073,1,3160,3157
s112074538076,s112074538078,1,3160,3162
s112074538077,s112074538065,1,3161,3150
s112074538077,s112074538067,1,3161,3152
s112074538077,s112074538069,1,3161,3154
s112074538077,s112074538071,1,3161,3156
s112074538078,s112074538056,1,3162,3145
s112074538078,s112074538057,1,3162,3146
s112074538078,s112074538069,1,3162,3154
s112074538078,s112074538073,1,3162,3157
s112074538078,s112074538075,1,3162,3159
s112074538079,s112074538056,1,3163,3145
s112074538079,s112074538057,1,3163,3146
s112074538079,s112074538060,1,3163,3148
s112074538079,s112074538061,1,3163,3149
s112084503025,s112084503029,1,3190,3194
s112084503025,s112084503030,1,3190,3195
s112084503025,s112084503031,1,3190,3196
s112084503025,s112084503034,1,3190,3198
s112084503025,s112084503035,1,3190,3199
s112084503026,s112084503024,1,3191,3189
s112084503026,s112084503027,1,3191,3192
s112084503026,s112084503028,1,3191,3193
s112084503026,s112084503032,1,3191,3197
s112084503026,s112084503038,1,3191,3200
s112084503027,s112084503026,1,3192,3191
s112084503027,s112084503028,1,3192,3193
s112084503027,s112084503032,1,3192,3197
s112084503027,s112084503052,1,3192,3210
s112084503028,s112084503026,1,3193,3191
s112084503028,s112084503027,1,3193,3192
s112084503028,s112084503032,1,3193,3197
s112084503028,s112084503038,1,3193,3200
s112084503029,s112084503025,1,3194,3190
s112084503029,s112084503028,1,3194,3193
s112084503029,s112084503030,1,3194,3195
s112084503029,s112084503034,1,3194,3198
s112084503029,s112084503035,1,3194,3199
s112084503030,s112084503025,1,3195,3190
s112084503030,s112084503029,1,3195,3194
s112084503030,s112084503031,1,3195,3196
s112084503030,s112084503034,1,3195,3198
s112084503030,s112084503035,1,3195,3199
s112084503032,s112084503026,1,3197,3191
s112084503032,s112084503027,1,3197,3192
s112084503032,s112084503028,1,3197,3193
s112084503032,s112084503030,1,3197,3195
s112084503032,s112084503031,1,3197,3196
s112084503034,s112084503025,1,3198,3190
s112084503034,s112084503029,1,3198,3194
s112084503034,s112084503030,1,3198,3195
s112084503034,s112084503031,1,3198,3196
s112084503034,s112084503035,1,3198,3199
s112084503038,s112084503026,1,3200,3191
s112084503038,s112084503028,1,3200,3193
s112084503038,s112084503029,1,3200,3194
s112084503038,s112084503032,1,3200,3197
s112084503038,s112084503052,1,3200,3210
s112084503039,s112084503025,1,3201,3190
s112084503039,s112084503030,1,3201,3195
s112084503039,s112084503034,1,3201,3198
s112084503039,s112084503049,1,3201,3208
s112084503039,s112084503053,1,3201,3211
s112084503040,s112084503028,1,3202,3193
s112084503040,s112084503043,1,3202,3204
s112084503040,s112084503044,1,3202,3205
s112084503040,s112084503048,1,3202,3207
s112084503040,s112084503050,1,3202,3209
s112084503042,s112084503047,1,3203,3206
s112084503042,s112084503048,1,3203,3207
s112084503042,s113084503004,1,3203,3213
s112084503043,s112084503040,1,3204,3202
s112084503043,s112084503044,1,3204,3205
s112084503043,s112084503050,1,3204,3209
s112084503044,s112084503028,1,3205,3193
s112084503044,s112084503040,1,3205,3202
s112084503044,s112084503042,1,3205,3203
s112084503044,s112084503043,1,3205,3204
s112084503044,s112084503050,1,3205,3209
s112084503047,s112084503039,1,3206,3201
s112084503047,s112084503042,1,3206,3203
s112084503047,s113084503004,1,3206,3213
s112084503048,s112084503042,1,3207,3203
s112084503048,s112084503050,1,3207,3209
s112084503048,s113084503004,1,3207,3213
s112084503049,s112084503039,1,3208,3201
s112084503049,s112084503042,1,3208,3203
s112084503049,s112084503047,1,3208,3206
s112084503049,s112084503053,1,3208,3211
s112084503050,s112084503040,1,3209,3202
s112084503050,s112084503043,1,3209,3204
s112084503050,s112084503048,1,3209,3207
s112084503050,s113084503004,1,3209,3213
s112084503052,s112084503025,1,3210,3190
s112084503052,s112084503030,1,3210,3195
s112084503052,s112084503031,1,3210,3196
s112084503052,s112084503032,1,3210,3197
s112084503053,s112084503030,1,3211,3195
s112084503053,s112084503039,1,3211,3201
s112084503053,s112084503040,1,3211,3202
s112084503053,s112084503042,1,3211,3203
s112084503053,s112084503050,1,3211,3209
s112084503056,s112084503057,1,3164,3165
s112084503056,s112084503058,1,3164,3166
s112084503056,s112084503071,1,3164,3176
s112084503056,s112084503076,1,3164,3179
s112084503057,s112084503056,1,3165,3164
s112084503057,s112084503059,1,3165,3167
s112084503057,s112084503062,1,3165,3169
s112084503057,s112084503064,1,3165,3171
s112084503057,s112084503070,1,3165,3175
s112084503058,s112084503056,1,3166,3164
s112084503058,s112084503057,1,3166,3165
s112084503058,s112084503062,1,3166,3169
s112084503058,s112084503068,1,3166,3174
s112084503059,s112084503056,1,3167,3164
s112084503059,s112084503057,1,3167,3165
s112084503059,s112084503058,1,3167,3166
s112084503059,s112084503065,1,3167,3172
s112084503062,s112084503070,1,3169,3175
s112084503063,s112084503061,1,3170,3168
s112084503063,s112084503062,1,3170,3169
s112084503063,s112084503065,1,3170,3172
s112084503063,s112084503082,1,3170,3185
s112084503063,s112084503083,1,3170,3186
s112084503064,s112084503057,1,3171,3165
s112084503064,s112084503059,1,3171,3167
s112084503064,s112084503068,1,3171,3174
s112084503064,s112084503070,1,3171,3175
s112084503065,s112084503056,1,3172,3164
s112084503065,s112084503059,1,3172,3167
s112084503065,s112084503061,1,3172,3168
s112084503065,s112084503062,1,3172,3169
s112084503066,s112084503061,1,3173,3168
s112084503066,s112084503065,1,3173,3172
s112084503066,s112084503077,1,3173,3180
s112084503066,s112084503081,1,3173,3184
s112084503068,s112084503057,1,3174,3165
s112084503068,s112084503064,1,3174,3171
s112084503068,s112084503070,1,3174,3175
s112084503070,s112084503057,1,3175,3165
s112084503070,s112084503062,1,3175,3169
s112084503070,s112084503064,1,3175,3171
s112084503070,s112084503068,1,3175,3174
s112084503071,s112084503066,1,3176,3173
s112084503071,s112084503074,1,3176,3178
s112084503071,s112084503076,1,3176,3179
s112084503073,s112084503077,1,3177,3180
s112084503073,s112084503079,1,3177,3182
s112084503073,s112084503080,1,3177,3183
s112084503073,s112084503081,1,3177,3184
s112084503074,s112084503076,1,3178,3179
s112084503076,s112084503056,1,3179,3164
s112084503076,s112084503058,1,3179,3166
s112084503076,s112084503068,1,3179,3174
s112084503076,s112084503074,1,3179,3178
s112084503076,s112084503082,1,3179,3185
s112084503077,s112084503073,1,3180,3177
s112084503077,s112084503079,1,3180,3182
s112084503077,s112084503080,1,3180,3183
s112084503077,s112084503081,1,3180,3184
s112084503077,s113084503005,1,3180,3188
s112084503078,s112084503074,1,3181,3178
s112084503078,s112084503076,1,3181,3179
s112084503078,s112084503082,1,3181,3185
s112084503078,s112084503083,1,3181,3186
s112084503079,s112084503074,1,3182,3178
s112084503079,s112084503077,1,3182,3180
s112084503079,s112084503080,1,3182,3183
s112084503079,s112084503081,1,3182,3184
s112084503080,s112084503074,1,3183,3178
s112084503080,s112084503077,1,3183,3180
s112084503080,s112084503079,1,3183,3182
s112084503080,s112084503081,1,3183,3184
s112084503081,s112084503068,1,3184,3174
s112084503081,s112084503070,1,3184,3175
s112084503081,s112084503077,1,3184,3180
s112084503081,s112084503079,1,3184,3182
s112084503081,s112084503080,1,3184,3183
s112084503082,s112084503074,1,3185,3178
s112084503082,s112084503076,1,3185,3179
s112084503082,s112084503083,1,3185,3186
s112084503083,s112084503074,1,3186,3178
s112084503083,s112084503076,1,3186,3179
s112084503083,s112084503082,1,3186,3185
s112084503085,s112084503074,1,3187,3178
s112084503085,s112084503076,1,3187,3179
s112084507025,s112084507027,1,3214,3216
s112084507025,s112084507033,1,3214,3222
s112084507025,s112084507034,1,3214,3223
s112084507026,s112084507030,1,3215,3219
s112084507026,s112084507034,1,3215,3223
s112084507026,s112084507035,1,3215,3224
s112084507026,s112084507036,1,3215,3225
s112084507027,s112084507035,1,3216,3224
s112084507027,s113084507003,1,3216,3234
s112084507028,s112084507025,1,3217,3214
s112084507028,s112084507029,1,3217,3218
s112084507028,s112084507034,1,3217,3223
s112084507028,s112084507035,1,3217,3224
s112084507028,s113084507003,1,3217,3234
s112084507029,s112084507025,1,3218,3214
s112084507029,s112084507032,1,3218,3221
s112084507029,s112084507033,1,3218,3222
s112084507030,s112084507026,1,3219,3215
s112084507030,s112084507031,1,3219,3220
s112084507030,s112084507036,1,3219,3225
s112084507030,s113084507003,1,3219,3234
s112084507031,s112084507027,1,3220,3216
s112084507031,s112084507042,1,3220,3229
s112084507031,s112084507047,1,3220,3233
s112084507031,s113084507005,1,3220,3236
s112084507032,s112084507025,1,3221,3214
s112084507032,s112084507027,1,3221,3216
s112084507032,s112084507029,1,3221,3218
s112084507032,s112084507033,1,3221,3222
s112084507032,s113084507003,1,3221,3234
s112084507033,s112084507025,1,3222,3214
s112084507033,s112084507029,1,3222,3218
s112084507033,s112084507032,1,3222,3221
s112084507033,s112084507035,1,3222,3224
s112084507034,s112084507028,1,3223,3217
s112084507034,s112084507035,1,3223,3224
s112084507034,s113084507003,1,3223,3234
s112084507035,s112084507028,1,3224,3217
s112084507035,s112084507033,1,3224,3222
s112084507035,s112084507034,1,3224,3223
s112084507035,s113084507003,1,3224,3234
s112084507036,s112084507026,1,3225,3215
s112084507036,s112084507030,1,3225,3219
s112084507039,s112084507036,1,3226,3225
s112084507040,s112084507035,1,3227,3224
s112084507040,s112084507039,1,3227,3226
s112084507040,s112084507041,1,3227,3228
s112084507040,s112084507044,1,3227,3230
s112084507041,s112084507042,1,3228,3229
s112084507041,s112084507044,1,3228,3230
s112084507041,s112084507045,1,3228,3231
s112084507042,s112084507041,1,3229,3228
s112084507042,s112084507044,1,3229,3230
s112084507042,s112084507045,1,3229,3231
s112084507042,s112084507047,1,3229,3233
s112084507042,s113084507005,1,3229,3236
s112084507044,s112084507041,1,3230,3228
s112084507044,s112084507042,1,3230,3229
s112084507044,s112084507045,1,3230,3231
s112084507044,s112084507047,1,3230,3233
s112084507045,s112084507041,1,3231,3228
s112084507045,s112084507042,1,3231,3229
s112084507045,s112084507044,1,3231,3230
s112084507045,s112084507047,1,3231,3233
s112084507046,s112084507039,1,3232,3226
s112084507046,s112084507041,1,3232,3228
s112084507046,s112084507044,1,3232,3230
s112084507046,s112084507047,1,3232,3233
s112084507047,s112084507042,1,3233,3229
s112084507047,s112084507044,1,3233,3230
s112084507047,s112084507045,1,3233,3231
s112084507047,s112084507046,1,3233,3232
s112084507051,s112084507052,1,3237,3238
s112084507051,s112084507056,1,3237,3241
s112084507051,s112084507060,1,3237,3244
s112084507051,s112084507061,1,3237,3245
s112084507051,s112084507064,1,3237,3248
s112084507052,s112084507058,1,3238,3242
s112084507052,s112084507060,1,3238,3244
s112084507052,s112084507066,1,3238,3250
s112084507052,s112084507067,1,3238,3251
s112084507052,s112084507070,1,3238,3254
s112084507053,s112084507058,1,3239,3242
s112084507053,s112084507060,1,3239,3244
s112084507053,s112084507064,1,3239,3248
s112084507053,s112084507065,1,3239,3249
s112084507053,s112084507069,1,3239,3253
s112084507055,s112084507059,1,3240,3243
s112084507055,s112084507061,1,3240,3245
s112084507055,s112084507062,1,3240,3246
s112084507055,s112084507063,1,3240,3247
s112084507056,s112084507051,1,3241,3237
s112084507056,s112084507052,1,3241,3238
s112084507056,s112084507055,1,3241,3240
s112084507056,s112084507061,1,3241,3245
s112084507056,s112084507066,1,3241,3250
s112084507058,s112084507052,1,3242,3238
s112084507058,s112084507060,1,3242,3244
s112084507058,s112084507066,1,3242,3250
s112084507059,s112084507055,1,3243,3240
s112084507059,s112084507060,1,3243,3244
s112084507059,s112084507062,1,3243,3246
s112084507060,s112084507051,1,3244,3237
s112084507060,s112084507058,1,3244,3242
s112084507060,s112084507059,1,3244,3243
s112084507060,s112084507061,1,3244,3245
s112084507060,s112084507072,1,3244,3256
s112084507061,s112084507051,1,3245,3237
s112084507061,s112084507055,1,3245,3240
s112084507061,s112084507056,1,3245,3241
s112084507061,s112084507062,1,3245,3246
s112084507061,s112084507063,1,3245,3247
s112084507062,s112084507059,1,3246,3243
s112084507062,s112084507061,1,3246,3245
s112084507062,s112084507063,1,3246,3247
s112084507062,s112084507064,1,3246,3248
s112084507063,s112084507055,1,3247,3240
s112084507063,s112084507061,1,3247,3245
s112084507063,s112084507062,1,3247,3246
s112084507063,s112084507064,1,3247,3248
s112084507064,s112084507062,1,3248,3246
s112084507065,s112084507070,1,3249,3254
s112084507065,s112084507072,1,3249,3256
s112084507065,s112084507074,1,3249,3258
s112084507065,s112084507075,1,3249,3259
s112084507065,s112084507076,1,3249,3260
s112084507066,s112084507070,1,3250,3254
s112084507066,s112084507072,1,3250,3256
s112084507066,s112084507073,1,3250,3257
s112084507066,s112084507074,1,3250,3258
s112084507066,s112084507079,1,3250,3263
s112084507067,s112084507068,1,3251,3252
s112084507067,s112084507069,1,3251,3253
s112084507067,s112084507071,1,3251,3255
s112084507067,s112084507073,1,3251,3257
s112084507067,s112084507077,1,3251,3261
s112084507068,s112084507067,1,3252,3251
s112084507068,s112084507069,1,3252,3253
s112084507068,s112084507071,1,3252,3255
s112084507068,s112084507073,1,3252,3257
s112084507068,s112084507076,1,3252,3260
s112084507069,s112084507067,1,3253,3251
s112084507069,s112084507068,1,3253,3252
s112084507069,s112084507071,1,3253,3255
s112084507069,s112084507073,1,3253,3257
s112084507069,s112084507077,1,3253,3261
s112084507070,s112084507065,1,3254,3249
s112084507070,s112084507066,1,3254,3250
s112084507070,s112084507072,1,3254,3256
s112084507070,s112084507073,1,3254,3257
s112084507070,s112084507077,1,3254,3261
s112084507071,s112084507068,1,3255,3252
s112084507071,s112084507069,1,3255,3253
s112084507071,s112084507070,1,3255,3254
s112084507071,s112084507073,1,3255,3257
s112084507071,s112084507077,1,3255,3261
s112084507072,s112084507061,1,3256,3245
s112084507072,s112084507066,1,3256,3250
s112084507072,s112084507073,1,3256,3257
s112084507072,s112084507079,1,3256,3263
s112084507073,s112084507066,1,3257,3250
s112084507073,s112084507069,1,3257,3253
s112084507073,s112084507071,1,3257,3255
s112084507073,s112084507072,1,3257,3256
s112084507073,s112084507077,1,3257,3261
s112084507074,s112084507068,1,3258,3252
s112084507074,s112084507069,1,3258,3253
s112084507074,s112084507071,1,3258,3255
s112084507074,s112084507073,1,3258,3257
s112084507074,s112084507076,1,3258,3260
s112084507075,s112084507067,1,3259,3251
s112084507075,s112084507068,1,3259,3252
s112084507075,s112084507071,1,3259,3255
s112084507075,s112084507074,1,3259,3258
s112084507075,s112084507076,1,3259,3260
s112084507076,s112084507068,1,3260,3252
s112084507076,s112084507069,1,3260,3253
s112084507076,s112084507070,1,3260,3254
s112084507076,s112084507074,1,3260,3258
s112084507076,s112084507075,1,3260,3259
s112084507077,s112084507066,1,3261,3250
s112084507077,s112084507069,1,3261,3253
s112084507077,s112084507070,1,3261,3254
s112084507077,s112084507071,1,3261,3255
s112084507077,s112084507074,1,3261,3258
s112084507078,s112084507076,1,3262,3260
s112084507079,s112084507051,1,3263,3237
s112084507079,s112084507061,1,3263,3245
s112084507079,s112084507066,1,3263,3250
s112084507079,s112084507072,1,3263,3256
s112084507079,s112084507073,1,3263,3257
s112084516025,s112084516027,1,3265,3266
s112084516025,s112084516028,1,3265,3267
s112084516025,s112084516042,1,3265,3278
s112084516025,s112084516043,1,3265,3279
s112084516027,s112084516028,1,3266,3267
s112084516027,s112084516031,1,3266,3270
s112084516027,s112084516034,1,3266,3272
s112084516027,s112084516046,1,3266,3281
s112084516028,s112084516024,1,3267,3264
s112084516028,s112084516030,1,3267,3269
s112084516028,s112084516031,1,3267,3270
s112084516028,s112084516046,1,3267,3281
s112084516029,s112084516034,1,3268,3272
s112084516029,s112084516035,1,3268,3273
s112084516029,s112084516038,1,3268,3275
s112084516029,s112084516041,1,3268,3277
s112084516030,s112084516028,1,3269,3267
s112084516031,s112084516028,1,3270,3267
s112084516031,s112084516030,1,3270,3269
s112084516031,s112084516036,1,3270,3274
s112084516031,s112084516039,1,3270,3276
s112084516031,s112084516046,1,3270,3281
s112084516034,s112084516027,1,3272,3266
s112084516034,s112084516031,1,3272,3270
s112084516034,s112084516033,1,3272,3271
s112084516034,s112084516035,1,3272,3273
s112084516034,s112084516036,1,3272,3274
s112084516035,s112084516029,1,3273,3268
s112084516035,s112084516034,1,3273,3272
s112084516035,s112084516041,1,3273,3277
s112084516036,s112084516030,1,3274,3269
s112084516036,s112084516031,1,3274,3270
s112084516036,s112084516033,1,3274,3271
s112084516036,s112084516034,1,3274,3272
s112084516036,s112084516046,1,3274,3281
s112084516038,s112084516034,1,3275,3272
s112084516038,s112084516035,1,3275,3273
s112084516038,s112084516039,1,3275,3276
s112084516038,s112084516041,1,3275,3277
s112084516039,s112084516038,1,3276,3275
s112084516039,s112084516041,1,3276,3277
s112084516041,s112084516029,1,3277,3268
s112084516041,s112084516035,1,3277,3273
s112084516041,s112084516038,1,3277,3275
s112084516041,s112084516039,1,3277,3276
s112084516042,s112084516043,1,3278,3279
s112084516042,s112084516044,1,3278,3280
s112084516043,s112084516042,1,3279,3278
s112084516043,s112084516044,1,3279,3280
s112084516044,s112084516042,1,3280,3278
s112084516044,s112084516043,1,3280,3279
s112084516047,s112084516035,1,3282,3273
s112084516047,s112084516041,1,3282,3277
s112084516050,s112084516056,1,3284,3290
s112084516050,s112084516060,1,3284,3294
s112084516050,s112084516062,1,3284,3296
s112084516050,s112084516064,1,3284,3298
s112084516050,s112084516067,1,3284,3301
s112084516051,s112084516053,1,3285,3287
s112084516051,s112084516062,1,3285,3296
s112084516051,s112084516063,1,3285,3297
s112084516051,s112084516067,1,3285,3301
s112084516052,s112084516051,1,3286,3285
s112084516052,s112084516054,1,3286,3288
s112084516052,s112084516062,1,3286,3296
s112084516052,s112084516063,1,3286,3297
s112084516052,s112084516064,1,3286,3298
s112084516054,s112084516051,1,3288,3285
s112084516054,s112084516052,1,3288,3286
s112084516054,s112084516053,1,3288,3287
s112084516054,s112084516060,1,3288,3294
s112084516054,s112084516062,1,3288,3296
s112084516055,s112084516050,1,3289,3284
s112084516055,s112084516056,1,3289,3290
s112084516055,s112084516057,1,3289,3291
s112084516055,s112084516067,1,3289,3301
s112084516055,s112084516068,1,3289,3302
s112084516056,s112084516067,1,3290,3301
s112084516056,s112084516068,1,3290,3302
s112084516056,s112084516071,1,3290,3305
s112084516058,s112084516050,1,3292,3284
s112084516058,s112084516051,1,3292,3285
s112084516058,s112084516053,1,3292,3287
s112084516058,s112084516060,1,3292,3294
s112084516058,s112084516062,1,3292,3296
s112084516059,s112084516052,1,3293,3286
s112084516059,s112084516053,1,3293,3287
s112084516059,s112084516054,1,3293,3288
s112084516059,s112084516060,1,3293,3294
s112084516059,s112084516062,1,3293,3296
s112084516060,s112084516050,1,3294,3284
s112084516060,s112084516051,1,3294,3285
s112084516060,s112084516053,1,3294,3287
s112084516060,s112084516058,1,3294,3292
s112084516060,s112084516062,1,3294,3296
s112084516062,s112084516051,1,3296,3285
s112084516062,s112084516053,1,3296,3287
s112084516062,s112084516058,1,3296,3292
s112084516062,s112084516060,1,3296,3294
s112084516062,s112084516063,1,3296,3297
s112084516063,s112084516065,1,3297,3299
s112084516063,s112084516066,1,3297,3300
s112084516063,s112084516067,1,3297,3301
s112084516063,s112084516071,1,3297,3305
s112084516064,s112084516067,1,3298,3301
s112084516064,s112084516069,1,3298,3303
s112084516064,s112084516072,1,3298,3306
s112084516064,s112084516073,1,3298,3307
s112084516064,s112084516074,1,3298,3308
s112084516065,s112084516053,1,3299,3287
s112084516065,s112084516063,1,3299,3297
s112084516065,s112084516066,1,3299,3300
s112084516065,s112084516067,1,3299,3301
s112084516065,s112084516074,1,3299,3308
s112084516066,s112084516063,1,3300,3297
s112084516066,s112084516064,1,3300,3298
s112084516066,s112084516065,1,3300,3299
s112084516066,s112084516067,1,3300,3301
s112084516066,s112084516071,1,3300,3305
s112084516067,s112084516062,1,3301,3296
s112084516067,s112084516063,1,3301,3297
s112084516067,s112084516065,1,3301,3299
s112084516067,s112084516066,1,3301,3300
s112084516067,s112084516071,1,3301,3305
s112084516068,s112084516052,1,3302,3286
s112084516068,s112084516056,1,3302,3290
s112084516068,s112084516073,1,3302,3307
s112084516069,s112084516064,1,3303,3298
s112084516069,s112084516072,1,3303,3306
s112084516071,s112084516063,1,3305,3297
s112084516071,s112084516066,1,3305,3300
s112084516071,s112084516067,1,3305,3301
s112084516071,s112084516073,1,3305,3307
s112084516071,s112084516074,1,3305,3308
s112084516072,s112084516064,1,3306,3298
s112084516072,s112084516065,1,3306,3299
s112084516072,s112084516066,1,3306,3300
s112084516072,s112084516069,1,3306,3303
s112084516072,s112084516074,1,3306,3308
s112084516073,s112084516056,1,3307,3290
s112084516073,s112084516059,1,3307,3293
s112084516073,s112084516063,1,3307,3297
s112084516073,s112084516064,1,3307,3298
s112084516073,s112084516074,1,3307,3308
s112084516074,s112084516064,1,3308,3298
s112084516074,s112084516065,1,3308,3299
s112084516074,s112084516067,1,3308,3301
s112084516074,s112084516071,1,3308,3305
s112084516074,s112084516073,1,3308,3307
s112084523023,s112084523025,1,3309,3311
s112084523023,s112084523026,1,3309,3312
s112084523023,s112084523028,1,3309,3313
s112084523023,s112084523029,1,3309,3314
s112084523023,s113084523002,1,3309,3315
s112084523025,s112084523023,1,3311,3309
s112084523025,s112084523026,1,3311,3312
s112084523025,s112084523028,1,3311,3313
s112084523025,s112084523029,1,3311,3314
s112084523025,s113084523002,1,3311,3315
s112084523026,s112084523023,1,3312,3309
s112084523026,s112084523025,1,3312,3311
s112084523026,s112084523028,1,3312,3313
s112084523026,s112084523029,1,3312,3314
s112084523026,s113084523002,1,3312,3315
s112084523028,s112084523023,1,3313,3309
s112084523028,s112084523025,1,3313,3311
s112084523028,s112084523026,1,3313,3312
s112084523028,s112084523029,1,3313,3314
s112084523028,s113084523002,1,3313,3315
s112084523029,s112084523023,1,3314,3309
s112084523029,s112084523025,1,3314,3311
s112084523029,s112084523026,1,3314,3312
s112084523029,s112084523028,1,3314,3313
s112084523029,s113084523002,1,3314,3315
s112084530026,s112084530029,1,3327,3328
s112084530029,s112084530026,1,3328,3327
s112084530045,s112084530050,1,3316,3318
s112084530045,s112084530061,1,3316,3323
s112084530045,s112084530062,1,3316,3324
s112084530049,s112084530050,1,3317,3318
s112084530049,s112084530061,1,3317,3323
s112084530049,s112084530062,1,3317,3324
s112084530049,s113084530004,1,3317,3325
s112084530050,s112084530049,1,3318,3317
s112084530050,s112084530061,1,3318,3323
s112084530050,s113084530004,1,3318,3325
s112084530054,s112084530059,1,3319,3322
s112084530055,s112084530054,1,3320,3319
s112084530055,s112084530058,1,3320,3321
s112084530055,s112084530059,1,3320,3322
s112084530058,s112084530054,1,3321,3319
s112084530058,s112084530055,1,3321,3320
s112084530058,s112084530059,1,3321,3322
s112084530059,s112084530054,1,3322,3319
s112084530061,s112084530049,1,3323,3317
s112084530061,s112084530050,1,3323,3318
s112084530061,s113084530004,1,3323,3325
s112084530062,s112084530045,1,3324,3316
s112084530062,s112084530050,1,3324,3318
s112091503025,s112091503035,1,3331,3340
s112091503025,s112091503047,1,3331,3350
s112091503025,s112091503048,1,3331,3351
s112091503026,s112091503029,1,3332,3335
s112091503026,s112091503030,1,3332,3336
s112091503026,s112091503033,1,3332,3338
s112091503026,s112091503037,1,3332,3342
s112091503026,s112091503045,1,3332,3349
s112091503027,s112091503035,1,3333,3340
s112091503027,s112091503043,1,3333,3347
s112091503027,s112091503045,1,3333,3349
s112091503027,s112091503047,1,3333,3350
s112091503027,s112091503048,1,3333,3351
s112091503028,s112091503034,1,3334,3339
s112091503028,s112091503039,1,3334,3343
s112091503028,s112091503041,1,3334,3345
s112091503028,s112091503043,1,3334,3347
s112091503029,s112091503026,1,3335,3332
s112091503029,s112091503030,1,3335,3336
s112091503029,s112091503033,1,3335,3338
s112091503029,s112091503037,1,3335,3342
s112091503029,s112091503045,1,3335,3349
s112091503030,s112091503026,1,3336,3332
s112091503030,s112091503029,1,3336,3335
s112091503030,s112091503037,1,3336,3342
s112091503030,s112091503045,1,3336,3349
s112091503032,s112091503025,1,3337,3331
s112091503032,s112091503035,1,3337,3340
s112091503032,s112091503037,1,3337,3342
s112091503032,s112091503047,1,3337,3350
s112091503033,s112091503026,1,3338,3332
s112091503033,s112091503029,1,3338,3335
s112091503033,s112091503037,1,3338,3342
s112091503033,s112091503043,1,3338,3347
s112091503033,s112091503045,1,3338,3349
s112091503034,s112091503039,1,3339,3343
s112091503034,s112091503043,1,3339,3347
s112091503036,s112091503025,1,3341,3331
s112091503036,s112091503035,1,3341,3340
s112091503036,s112091503044,1,3341,3348
s112091503036,s112091503047,1,3341,3350
s112091503036,s112091503048,1,3341,3351
s112091503037,s112091503026,1,3342,3332
s112091503037,s112091503029,1,3342,3335
s112091503037,s112091503033,1,3342,3338
s112091503037,s112091503045,1,3342,3349
s112091503039,s112091503028,1,3343,3334
s112091503039,s112091503034,1,3343,3339
s112091503039,s112091503041,1,3343,3345
s112091503039,s112091503043,1,3343,3347
s112091503040,s112091503027,1,3344,3333
s112091503041,s112091503026,1,3345,3332
s112091503041,s112091503028,1,3345,3334
s112091503041,s112091503034,1,3345,3339
s112091503041,s112091503039,1,3345,3343
s112091503041,s112091503043,1,3345,3347
s112091503042,s112091503032,1,3346,3337
s112091503042,s112091503043,1,3346,3347
s112091503042,s112091503045,1,3346,3349
s112091503042,s112091503049,1,3346,3352
s112091503043,s112091503034,1,3347,3339
s112091503043,s112091503039,1,3347,3343
s112091503043,s112091503045,1,3347,3349
s112091503043,s112091503047,1,3347,3350
s112091503044,s112091503025,1,3348,3331
s112091503044,s112091503035,1,3348,3340
s112091503044,s112091503036,1,3348,3341
s112091503044,s112091503047,1,3348,3350
s112091503044,s112091503048,1,3348,3351
s112091503045,s112091503029,1,3349,3335
s112091503045,s112091503037,1,3349,3342
s112091503045,s112091503043,1,3349,3347
s112091503047,s112091503025,1,3350,3331
s112091503047,s112091503035,1,3350,3340
s112091503047,s112091503043,1,3350,3347
s112091503047,s112091503044,1,3350,3348
s112091503047,s112091503048,1,3350,3351
s112091503048,s112091503025,1,3351,3331
s112091503048,s112091503035,1,3351,3340
s112091503048,s112091503044,1,3351,3348
s112091503048,s112091503047,1,3351,3350
s112091503049,s112091503030,1,3352,3336
s112091503049,s112091503033,1,3352,3338
s112091503049,s112091503042,1,3352,3346
s112091503049,s112091503045,1,3352,3349
s112091503052,s112091503058,1,3353,3358
s112091503052,s112091503067,1,3353,3367
s112091503052,s112091503071,1,3353,3371
s112091503052,s112091503074,1,3353,3374
s112091503052,s112091503075,1,3353,3375
s112091503054,s112091503056,1,3354,3356
s112091503054,s112091503061,1,3354,3361
s112091503054,s112091503064,1,3354,3364
s112091503054,s112091503066,1,3354,3366
s112091503054,s112091503070,1,3354,3370
s112091503056,s112091503054,1,3356,3354
s112091503056,s112091503064,1,3356,3364
s112091503056,s112091503070,1,3356,3370
s112091503057,s112091503062,1,3357,3362
s112091503057,s112091503066,1,3357,3366
s112091503057,s112091503070,1,3357,3370
s112091503057,s112091503073,1,3357,3373
s112091503058,s112091503060,1,3358,3360
s112091503058,s112091503067,1,3358,3367
s112091503058,s112091503071,1,3358,3371
s112091503058,s112091503074,1,3358,3374
s112091503058,s112091503075,1,3358,3375
s112091503059,s112091503071,1,3359,3371
s112091503060,s112091503058,1,3360,3358
s112091503060,s112091503071,1,3360,3371
s112091503060,s112091503074,1,3360,3374
s112091503061,s112091503054,1,3361,3354
s112091503061,s112091503062,1,3361,3362
s112091503061,s112091503065,1,3361,3365
s112091503061,s112091503069,1,3361,3369
s112091503061,s112091503073,1,3361,3373
s112091503062,s112091503061,1,3362,3361
s112091503062,s112091503065,1,3362,3365
s112091503062,s112091503067,1,3362,3367
s112091503062,s112091503069,1,3362,3369
s112091503063,s112091503055,1,3363,3355
s112091503063,s112091503068,1,3363,3368
s112091503064,s112091503054,1,3364,3354
s112091503064,s112091503056,1,3364,3356
s112091503064,s112091503070,1,3364,3370
s112091503065,s112091503061,1,3365,3361
s112091503065,s112091503062,1,3365,3362
s112091503065,s112091503067,1,3365,3367
s112091503065,s112091503069,1,3365,3369
s112091503066,s112091503054,1,3366,3354
s112091503066,s112091503061,1,3366,3361
s112091503066,s112091503064,1,3366,3364
s112091503066,s112091503070,1,3366,3370
s112091503066,s112091503073,1,3366,3373
s112091503067,s112091503058,1,3367,3358
s112091503067,s112091503066,1,3367,3366
s112091503067,s112091503074,1,3367,3374
s112091503067,s112091503075,1,3367,3375
s112091503068,s112091503055,1,3368,3355
s112091503068,s112091503057,1,3368,3357
s112091503068,s112091503063,1,3368,3363
s112091503068,s112091503066,1,3368,3366
s112091503069,s112091503061,1,3369,3361
s112091503069,s112091503062,1,3369,3362
s112091503069,s112091503065,1,3369,3365
s112091503069,s112091503070,1,3369,3370
s112091503070,s112091503054,1,3370,3354
s112091503070,s112091503056,1,3370,3356
s112091503070,s112091503064,1,3370,3364
s112091503070,s112091503066,1,3370,3366
s112091503070,s112091503073,1,3370,3373
s112091503071,s112091503058,1,3371,3358
s112091503071,s112091503060,1,3371,3360
s112091503071,s112091503067,1,3371,3367
s112091503071,s112091503074,1,3371,3374
s112091503072,s112091503066,1,3372,3366
s112091503072,s112091503073,1,3372,3373
s112091503072,s112091503074,1,3372,3374
s112091503073,s112091503061,1,3373,3361
s112091503073,s112091503064,1,3373,3364
s112091503073,s112091503066,1,3373,3366
s112091503073,s112091503069,1,3373,3369
s112091503073,s112091503070,1,3373,3370
s112091503074,s112091503057,1,3374,3357
s112091503074,s112091503058,1,3374,3358
s112091503074,s112091503060,1,3374,3360
s112091503074,s112091503067,1,3374,3367
s112091503074,s112091503071,1,3374,3371
s112091503075,s112091503052,1,3375,3353
s112091503075,s112091503057,1,3375,3357
s112091503075,s112091503058,1,3375,3358
s112091503075,s112091503067,1,3375,3367
s112091503075,s112091503071,1,3375,3371
s112091503076,s112091503072,1,3376,3372
s112104319024,s112104319025,1,3377,3378
s112104319024,s112104319027,1,3377,3380
s112104319025,s112104319024,1,3378,3377
s112104319025,s112104319027,1,3378,3380
s112104319026,s112104319024,1,3379,3377
s112104319026,s112104319025,1,3379,3378
s112104319026,s112104319027,1,3379,3380
s112104319026,s112104319033,1,3379,3386
s112104319026,s112104319036,1,3379,3388
s112104319027,s112104319024,1,3380,3377
s112104319027,s112104319025,1,3380,3378
s112104319027,s112104319026,1,3380,3379
s112104319027,s112104319033,1,3380,3386
s112104319027,s112104319043,1,3380,3394
s112104319028,s112104319029,1,3381,3382
s112104319028,s112104319030,1,3381,3383
s112104319028,s112104319031,1,3381,3384
s112104319028,s112104319032,1,3381,3385
s112104319029,s112104319028,1,3382,3381
s112104319029,s112104319030,1,3382,3383
s112104319029,s112104319031,1,3382,3384
s112104319029,s112104319032,1,3382,3385
s112104319030,s112104319028,1,3383,3381
s112104319030,s112104319029,1,3383,3382
s112104319030,s112104319031,1,3383,3384
s112104319030,s112104319032,1,3383,3385
s112104319031,s112104319028,1,3384,3381
s112104319031,s112104319029,1,3384,3382
s112104319031,s112104319030,1,3384,3383
s112104319031,s112104319032,1,3384,3385
s112104319032,s112104319029,1,3385,3382
s112104319032,s112104319031,1,3385,3384
s112104319033,s112104319027,1,3386,3380
s112104319033,s112104319036,1,3386,3388
s112104319033,s112104319042,1,3386,3393
s112104319033,s112104319043,1,3386,3394
s112104319033,s112104319045,1,3386,3396
s112104319035,s112104319040,1,3387,3391
s112104319035,s112104319042,1,3387,3393
s112104319035,s112104319045,1,3387,3396
s112104319035,s112104319047,1,3387,3397
s112104319036,s112104319033,1,3388,3386
s112104319036,s112104319042,1,3388,3393
s112104319036,s112104319043,1,3388,3394
s112104319036,s112104319045,1,3388,3396
s112104319037,s112104319036,1,3389,3388
s112104319037,s112104319043,1,3389,3394
s112104319040,s112104319036,1,3391,3388
s112104319040,s112104319042,1,3391,3393
s112104319041,s112104319044,1,3392,3395
s112104319041,s112104319048,1,3392,3398
s112104319041,s112104319049,1,3392,3399
s112104319041,s112104319050,1,3392,3400
s112104319042,s112104319036,1,3393,3388
s112104319042,s112104319043,1,3393,3394
s112104319042,s112104319045,1,3393,3396
s112104319042,s112104319047,1,3393,3397
s112104319043,s112104319033,1,3394,3386
s112104319043,s112104319036,1,3394,3388
s112104319043,s112104319042,1,3394,3393
s112104319043,s112104319045,1,3394,3396
s112104319043,s112104319047,1,3394,3397
s112104319044,s112104319041,1,3395,3392
s112104319044,s112104319048,1,3395,3398
s112104319044,s112104319049,1,3395,3399
s112104319044,s112104319050,1,3395,3400
s112104319045,s112104319035,1,3396,3387
s112104319045,s112104319036,1,3396,3388
s112104319045,s112104319042,1,3396,3393
s112104319045,s112104319043,1,3396,3394
s112104319047,s112104319031,1,3397,3384
s112104319047,s112104319040,1,3397,3391
s112104319047,s112104319044,1,3397,3395
s112104319048,s112104319041,1,3398,3392
s112104319048,s112104319044,1,3398,3395
s112104319048,s112104319049,1,3398,3399
s112104319048,s112104319050,1,3398,3400
s112104319049,s112104319041,1,3399,3392
s112104319049,s112104319044,1,3399,3395
s112104319049,s112104319048,1,3399,3398
s112104319049,s112104319050,1,3399,3400
s112104319050,s112104319041,1,3400,3392
s112104319050,s112104319044,1,3400,3395
s112104319050,s112104319048,1,3400,3398
s112104319050,s112104319049,1,3400,3399
s112104319053,s112104319055,1,3401,3402
s112104319053,s112104319057,1,3401,3404
s112104319053,s112104319058,1,3401,3405
s112104319053,s112104319061,1,3401,3407
s112104319055,s112104319053,1,3402,3401
s112104319055,s112104319057,1,3402,3404
s112104319055,s112104319058,1,3402,3405
s112104319055,s112104319059,1,3402,3406
s112104319055,s112104319061,1,3402,3407
s112104319056,s112104319059,1,3403,3406
s112104319056,s112104319061,1,3403,3407
s112104319056,s112104319073,1,3403,3416
s112104319057,s112104319053,1,3404,3401
s112104319057,s112104319055,1,3404,3402
s112104319057,s112104319058,1,3404,3405
s112104319057,s112104319059,1,3404,3406
s112104319057,s112104319061,1,3404,3407
s112104319058,s112104319053,1,3405,3401
s112104319058,s112104319055,1,3405,3402
s112104319058,s112104319057,1,3405,3404
s112104319058,s112104319059,1,3405,3406
s112104319058,s112104319061,1,3405,3407
s112104319059,s112104319055,1,3406,3402
s112104319059,s112104319056,1,3406,3403
s112104319059,s112104319058,1,3406,3405
s112104319059,s112104319061,1,3406,3407
s112104319061,s112104319055,1,3407,3402
s112104319061,s112104319056,1,3407,3403
s112104319061,s112104319058,1,3407,3405
s112104319061,s112104319059,1,3407,3406
s112104319063,s112104319065,1,3408,3410
s112104319063,s112104319072,1,3408,3415
s112104319063,s112104319073,1,3408,3416
s112104319064,s112104319067,1,3409,3412
s112104319064,s112104319069,1,3409,3413
s112104319064,s112104319073,1,3409,3416
s112104319064,s113104319004,1,3409,3419
s112104319066,s112104319069,1,3411,3413
s112104319066,s112104319071,1,3411,3414
s112104319067,s112104319069,1,3412,3413
s112104319067,s113104319004,1,3412,3419
s112104319069,s112104319063,1,3413,3408
s112104319069,s112104319066,1,3413,3411
s112104319069,s112104319067,1,3413,3412
s112104319069,s112104319072,1,3413,3415
s112104319071,s112104319063,1,3414,3408
s112104319071,s112104319066,1,3414,3411
s112104319071,s112104319072,1,3414,3415
s112104319072,s112104319063,1,3415,3408
s112104319072,s112104319065,1,3415,3410
s112104319072,s112104319073,1,3415,3416
s112104319073,s112104319056,1,3416,3403
s112104319073,s112104319063,1,3416,3408
s112104319073,s112104319072,1,3416,3415
s112104319074,s112104319063,1,3417,3408
s112104319074,s112104319067,1,3417,3412
s112104319074,s112104319069,1,3417,3413
s112104319074,s112104319072,1,3417,3415
s112104319076,s112104319063,1,3418,3408
s112104319076,s112104319065,1,3418,3410
s112104319076,s112104319072,1,3418,3415
s112104326025,s112104326026,1,3420,3421
s112104326026,s112104326031,1,3421,3425
s112104326026,s112104326036,1,3421,3430
s112104326026,s112104326040,1,3421,3434
s112104326026,s112104326049,1,3421,3441
s112104326027,s112104326032,1,3422,3426
s112104326028,s112104326036,1,3423,3430
s112104326028,s112104326044,1,3423,3437
s112104326028,s112104326047,1,3423,3439
s112104326029,s112104326033,1,3424,3427
s112104326029,s112104326035,1,3424,3429
s112104326029,s112104326042,1,3424,3435
s112104326029,s112104326043,1,3424,3436
s112104326029,s112104326050,1,3424,3442
s112104326032,s112104326025,1,3426,3420
s112104326032,s112104326027,1,3426,3422
s112104326032,s112104326028,1,3426,3423
s112104326032,s112104326037,1,3426,3431
s112104326033,s112104326031,1,3427,3425
s112104326033,s112104326038,1,3427,3432
s112104326033,s112104326049,1,3427,3441
s112104326033,s112104326050,1,3427,3442
s112104326033,s112104326051,1,3427,3443
s112104326034,s112104326031,1,3428,3425
s112104326034,s112104326037,1,3428,3431
s112104326034,s112104326038,1,3428,3432
s112104326034,s112104326042,1,3428,3435
s112104326034,s112104326048,1,3428,3440
s112104326035,s112104326029,1,3429,3424
s112104326035,s112104326033,1,3429,3427
s112104326035,s112104326049,1,3429,3441
s112104326035,s112104326050,1,3429,3442
s112104326036,s112104326031,1,3430,3425
s112104326036,s112104326038,1,3430,3432
s112104326036,s112104326039,1,3430,3433
s112104326036,s112104326040,1,3430,3434
s112104326037,s112104326031,1,3431,3425
s112104326037,s112104326034,1,3431,3428
s112104326037,s112104326038,1,3431,3432
s112104326037,s112104326039,1,3431,3433
s112104326037,s112104326048,1,3431,3440
s112104326038,s112104326031,1,3432,3425
s112104326038,s112104326037,1,3432,3431
s112104326038,s112104326039,1,3432,3433
s112104326038,s112104326040,1,3432,3434
s112104326038,s112104326049,1,3432,3441
s112104326039,s112104326031,1,3433,3425
s112104326039,s112104326034,1,3433,3428
s112104326039,s112104326037,1,3433,3431
s112104326039,s112104326038,1,3433,3432
s112104326040,s112104326031,1,3434,3425
s112104326040,s112104326036,1,3434,3430
s112104326040,s112104326038,1,3434,3432
s112104326040,s112104326045,1,3434,3438
s112104326042,s112104326031,1,3435,3425
s112104326042,s112104326037,1,3435,3431
s112104326042,s112104326038,1,3435,3432
s112104326042,s112104326048,1,3435,3440
s112104326043,s112104326029,1,3436,3424
s112104326043,s112104326037,1,3436,3431
s112104326043,s112104326038,1,3436,3432
s112104326043,s112104326042,1,3436,3435
s112104326043,s112104326048,1,3436,3440
s112104326045,s112104326031,1,3438,3425
s112104326045,s112104326038,1,3438,3432
s112104326047,s112104326033,1,3439,3427
s112104326047,s112104326049,1,3439,3441
s112104326047,s112104326051,1,3439,3443
s112104326048,s112104326034,1,3440,3428
s112104326048,s112104326035,1,3440,3429
s112104326048,s112104326037,1,3440,3431
s112104326048,s112104326038,1,3440,3432
s112104326048,s112104326042,1,3440,3435
s112104326049,s112104326029,1,3441,3424
s112104326049,s112104326033,1,3441,3427
s112104326049,s112104326035,1,3441,3429
s112104326049,s112104326050,1,3441,3442
s112104326049,s112104326051,1,3441,3443
s112104326050,s112104326028,1,3442,3423
s112104326050,s112104326029,1,3442,3424
s112104326050,s112104326033,1,3442,3427
s112104326050,s112104326035,1,3442,3429
s112104326050,s112104326049,1,3442,3441
s112104326051,s112104326031,1,3443,3425
s112104326051,s112104326033,1,3443,3427
s112104326051,s112104326038,1,3443,3432
s112104326051,s112104326039,1,3443,3433
s112104326055,s112104326068,1,3444,3454
s112104326055,s112104326073,1,3444,3459
s112104326055,s112104326076,1,3444,3461
s112104326058,s112104326069,1,3445,3455
s112104326058,s112104326070,1,3445,3456
s112104326058,s112104326077,1,3445,3462
s112104326059,s112104326066,1,3446,3452
s112104326059,s112104326071,1,3446,3457
s112104326059,s112104326072,1,3446,3458
s112104326059,s112104326077,1,3446,3462
s112104326062,s112104326071,1,3448,3457
s112104326062,s112104326072,1,3448,3458
s112104326063,s112104326073,1,3449,3459
s112104326064,s112104326063,1,3450,3449
s112104326064,s112104326073,1,3450,3459
s112104326064,s112104326080,1,3450,3464
s112104326064,s113104326003,1,3450,3465
s112104326065,s112104326063,1,3451,3449
s112104326065,s112104326068,1,3451,3454
s112104326065,s112104326075,1,3451,3460
s112104326065,s112104326076,1,3451,3461
s112104326065,s112104326078,1,3451,3463
s112104326066,s112104326069,1,3452,3455
s112104326066,s112104326070,1,3452,3456
s112104326067,s112104326065,1,3453,3451
s112104326067,s112104326068,1,3453,3454
s112104326067,s112104326075,1,3453,3460
s112104326067,s112104326076,1,3453,3461
s112104326067,s112104326078,1,3453,3463
s112104326068,s112104326055,1,3454,3444
s112104326068,s112104326065,1,3454,3451
s112104326068,s112104326067,1,3454,3453
s112104326068,s112104326075,1,3454,3460
s112104326068,s112104326076,1,3454,3461
s112104326069,s112104326058,1,3455,3445
s112104326069,s112104326066,1,3455,3452
s112104326069,s112104326070,1,3455,3456
s112104326070,s112104326058,1,3456,3445
s112104326070,s112104326069,1,3456,3455
s112104326070,s112104326077,1,3456,3462
s112104326071,s112104326062,1,3457,3448
s112104326071,s112104326072,1,3457,3458
s112104326072,s112104326062,1,3458,3448
s112104326072,s112104326071,1,3458,3457
s112104326073,s112104326063,1,3459,3449
s112104326073,s112104326065,1,3459,3451
s112104326073,s112104326075,1,3459,3460
s112104326073,s112104326078,1,3459,3463
s112104326075,s112104326065,1,3460,3451
s112104326075,s112104326073,1,3460,3459
s112104326075,s112104326076,1,3460,3461
s112104326075,s112104326077,1,3460,3462
s112104326075,s112104326078,1,3460,3463
s112104326077,s112104326069,1,3462,3455
s112104326077,s112104326070,1,3462,3456
s112104326077,s113104326004,1,3462,3466
s112104326078,s112104326065,1,3463,3451
s112104326078,s112104326067,1,3463,3453
s112104326078,s112104326073,1,3463,3459
s112104326078,s112104326075,1,3463,3460
s112104326080,s112104326063,1,3464,3449
s112104326080,s112104326064,1,3464,3450
s112104326080,s112104326065,1,3464,3451
s112104326080,s112104326073,1,3464,3459
s112104326080,s113104326003,1,3464,3465
s112104501024,s112104501028,1,3467,3470
s112104501024,s112104501029,1,3467,3471
s112104501024,s112104501039,1,3467,3478
s112104501024,s112104501046,1,3467,3483
s112104501026,s112104501034,1,3468,3475
s112104501027,s112104501026,1,3469,3468
s112104501027,s112104501045,1,3469,3482
s112104501028,s112104501024,1,3470,3467
s112104501028,s112104501030,1,3470,3472
s112104501028,s112104501032,1,3470,3474
s112104501028,s112104501039,1,3470,3478
s112104501028,s112104501045,1,3470,3482
s112104501029,s112104501032,1,3471,3474
s112104501029,s112104501034,1,3471,3475
s112104501029,s112104501036,1,3471,3476
s112104501029,s112104501046,1,3471,3483
s112104501030,s112104501028,1,3472,3470
s112104501030,s112104501029,1,3472,3471
s112104501030,s112104501032,1,3472,3474
s112104501030,s112104501040,1,3472,3479
s112104501030,s112104501046,1,3472,3483
s112104501031,s112104501026,1,3473,3468
s112104501031,s112104501036,1,3473,3476
s112104501031,s112104501040,1,3473,3479
s112104501032,s112104501026,1,3474,3468
s112104501032,s112104501029,1,3474,3471
s112104501032,s112104501030,1,3474,3472
s112104501032,s112104501046,1,3474,3483
s112104501034,s112104501036,1,3475,3476
s112104501036,s112104501034,1,3476,3475
s112104501039,s112104501024,1,3478,3467
s112104501039,s112104501026,1,3478,3468
s112104501039,s112104501028,1,3478,3470
s112104501039,s112104501032,1,3478,3474
s112104501039,s112104501045,1,3478,3482
s112104501040,s112104501026,1,3479,3468
s112104501040,s112104501029,1,3479,3471
s112104501040,s112104501031,1,3479,3473
s112104501040,s112104501032,1,3479,3474
s112104501041,s112104501038,1,3480,3477
s112104501045,s112104501028,1,3482,3470
s112104501045,s112104501030,1,3482,3472
s112104501045,s112104501032,1,3482,3474
s112104501045,s112104501039,1,3482,3478
s112104501046,s112104501026,1,3483,3468
s112104501046,s112104501029,1,3483,3471
s112104501046,s112104501032,1,3483,3474
s112104501046,s112104501034,1,3483,3475
s112104501046,s112104501040,1,3483,3479
s112104501050,s112104501052,1,3484,3485
s112104501050,s112104501053,1,3484,3486
s112104501050,s112104501059,1,3484,3492
s112104501052,s112104501053,1,3485,3486
s112104501052,s112104501059,1,3485,3492
s112104501052,s112104501068,1,3485,3500
s112104501053,s112104501050,1,3486,3484
s112104501053,s112104501052,1,3486,3485
s112104501053,s112104501059,1,3486,3492
s112104501053,s112104501068,1,3486,3500
s112104501054,s112104501066,1,3487,3498
s112104501054,s112104501067,1,3487,3499
s112104501054,s112104501068,1,3487,3500
s112104501054,s112104501069,1,3487,3501
s112104501054,s112104501071,1,3487,3503
s112104501055,s112104501053,1,3488,3486
s112104501055,s112104501059,1,3488,3492
s112104501055,s112104501068,1,3488,3500
s112104501056,s112104501058,1,3489,3491
s112104501056,s112104501062,1,3489,3494
s112104501056,s112104501063,1,3489,3495
s112104501056,s112104501065,1,3489,3497
s112104501057,s112104501050,1,3490,3484
s112104501057,s112104501052,1,3490,3485
s112104501057,s112104501053,1,3490,3486
s112104501057,s112104501068,1,3490,3500
s112104501058,s112104501062,1,3491,3494
s112104501058,s112104501065,1,3491,3497
s112104501059,s112104501053,1,3492,3486
s112104501059,s112104501060,1,3492,3493
s112104501059,s112104501068,1,3492,3500
s112104501060,s112104501059,1,3493,3492
s112104501062,s112104501063,1,3494,3495
s112104501063,s112104501062,1,3495,3494
s112104501063,s112104501064,1,3495,3496
s112104501064,s112104501060,1,3496,3493
s112104501064,s112104501062,1,3496,3494
s112104501064,s112104501063,1,3496,3495
s112104501065,s112104501058,1,3497,3491
s112104501066,s112104501054,1,3498,3487
s112104501066,s112104501059,1,3498,3492
s112104501066,s112104501067,1,3498,3499
s112104501066,s112104501069,1,3498,3501
s112104501066,s112104501071,1,3498,3503
s112104501067,s112104501054,1,3499,3487
s112104501067,s112104501066,1,3499,3498
s112104501067,s112104501068,1,3499,3500
s112104501067,s112104501069,1,3499,3501
s112104501067,s112104501071,1,3499,3503
s112104501068,s112104501052,1,3500,3485
s112104501068,s112104501053,1,3500,3486
s112104501068,s112104501054,1,3500,3487
s112104501069,s112104501054,1,3501,3487
s112104501069,s112104501060,1,3501,3493
s112104501069,s112104501066,1,3501,3498
s112104501069,s112104501067,1,3501,3499
s112104501069,s112104501071,1,3501,3503
s112104501071,s112104501053,1,3503,3486
s112104501071,s112104501054,1,3503,3487
s112104501071,s112104501066,1,3503,3498
s112104501071,s112104501067,1,3503,3499
s112104501071,s112104501069,1,3503,3501
s112104506025,s112104506032,1,3504,3511
s112104506026,s112104506033,1,3505,3512
s112104506027,s112104506031,1,3506,3510
s112104506027,s112104506034,1,3506,3513
s112104506028,s112104506027,1,3507,3506
s112104506028,s112104506030,1,3507,3509
s112104506028,s112104506032,1,3507,3511
s112104506030,s112104506025,1,3509,3504
s112104506030,s112104506026,1,3509,3505
s112104506030,s112104506029,1,3509,3508
s112104506030,s112104506033,1,3509,3512
s112104506031,s112104506027,1,3510,3506
s112104506031,s112104506030,1,3510,3509
s112104506031,s112104506032,1,3510,3511
s112104506031,s112104506034,1,3510,3513
s112104506032,s112104506025,1,3511,3504
s112104506032,s112104506027,1,3511,3506
s112104506032,s112104506031,1,3511,3510
s112104506032,s112104506034,1,3511,3513
s112104506033,s112104506026,1,3512,3505
s112104506033,s112104506027,1,3512,3506
s112104506033,s112104506032,1,3512,3511
s112104506033,s112104506034,1,3512,3513
s112104506034,s112104506027,1,3513,3506
s112104506034,s112104506031,1,3513,3510
s112104506034,s112104506032,1,3513,3511
s112104506035,s112104506036,1,3514,3515
s112104506035,s112104506042,1,3514,3520
s112104506035,s112104506045,1,3514,3521
s112104506036,s112104506034,1,3515,3513
s112104506036,s112104506040,1,3515,3519
s112104506037,s112104506035,1,3516,3514
s112104506037,s112104506036,1,3516,3515
s112104506037,s112104506038,1,3516,3517
s112104506037,s112104506039,1,3516,3518
s112104506037,s112104506040,1,3516,3519
s112104506038,s112104506036,1,3517,3515
s112104506038,s112104506037,1,3517,3516
s112104506038,s112104506039,1,3517,3518
s112104506039,s112104506036,1,3518,3515
s112104506039,s112104506037,1,3518,3516
s112104506039,s112104506038,1,3518,3517
s112104506040,s112104506026,1,3519,3505
s112104506040,s112104506036,1,3519,3515
s112104506040,s112104506045,1,3519,3521
s112104506042,s112104506035,1,3520,3514
s112104506042,s112104506036,1,3520,3515
s112104506042,s112104506045,1,3520,3521
s112104506045,s112104506035,1,3521,3514
s112104506045,s112104506038,1,3521,3517
s112104506045,s112104506039,1,3521,3518
s112104506045,s112104506040,1,3521,3519
s112104506046,s112104506025,1,3522,3504
s112104506046,s112104506026,1,3522,3505
s112104506046,s112104506029,1,3522,3508
s112104506046,s112104506030,1,3522,3509
s112104506046,s112104506032,1,3522,3511
s112104506049,s112104506054,1,3523,3527
s112104506049,s112104506063,1,3523,3534
s112104506049,s112104506067,1,3523,3538
s112104506050,s112104506049,1,3524,3523
s112104506050,s112104506054,1,3524,3527
s112104506050,s112104506057,1,3524,3530
s112104506050,s112104506058,1,3524,3531
s112104506050,s112104506059,1,3524,3532
s112104506052,s112104506055,1,3525,3528
s112104506052,s112104506056,1,3525,3529
s112104506052,s112104506063,1,3525,3534
s112104506053,s112104506056,1,3526,3529
s112104506053,s112104506063,1,3526,3534
s112104506053,s113104506003,1,3526,3545
s112104506053,s113104506004,1,3526,3546
s112104506054,s112104506049,1,3527,3523
s112104506054,s112104506058,1,3527,3531
s112104506054,s112104506069,1,3527,3540
s112104506055,s112104506052,1,3528,3525
s112104506055,s112104506053,1,3528,3526
s112104506055,s112104506056,1,3528,3529
s112104506055,s112104506063,1,3528,3534
s112104506055,s112104506067,1,3528,3538
s112104506056,s112104506052,1,3529,3525
s112104506056,s112104506053,1,3529,3526
s112104506056,s112104506055,1,3529,3528
s112104506056,s113104506003,1,3529,3545
s112104506057,s112104506049,1,3530,3523
s112104506057,s112104506050,1,3530,3524
s112104506057,s112104506059,1,3530,3532
s112104506057,s112104506072,1,3530,3543
s112104506058,s112104506050,1,3531,3524
s112104506058,s112104506054,1,3531,3527
s112104506058,s112104506057,1,3531,3530
s112104506058,s112104506059,1,3531,3532
s112104506058,s113104506004,1,3531,3546
s112104506059,s112104506050,1,3532,3524
s112104506059,s112104506057,1,3532,3530
s112104506059,s112104506058,1,3532,3531
s112104506060,s112104506053,1,3533,3526
s112104506060,s112104506055,1,3533,3528
s112104506060,s112104506063,1,3533,3534
s112104506060,s113104506003,1,3533,3545
s112104506060,s113104506004,1,3533,3546
s112104506063,s112104506055,1,3534,3528
s112104506063,s112104506056,1,3534,3529
s112104506063,s112104506067,1,3534,3538
s112104506063,s113104506003,1,3534,3545
s112104506064,s112104506063,1,3535,3534
s112104506064,s112104506065,1,3535,3536
s112104506064,s112104506066,1,3535,3537
s112104506064,s112104506068,1,3535,3539
s112104506064,s112104506073,1,3535,3544
s112104506065,s112104506064,1,3536,3535
s112104506065,s112104506066,1,3536,3537
s112104506065,s112104506068,1,3536,3539
s112104506065,s112104506071,1,3536,3542
s112104506065,s112104506073,1,3536,3544
s112104506066,s112104506064,1,3537,3535
s112104506066,s112104506065,1,3537,3536
s112104506066,s112104506068,1,3537,3539
s112104506066,s112104506070,1,3537,3541
s112104506066,s112104506073,1,3537,3544
s112104506067,s112104506055,1,3538,3528
s112104506067,s112104506060,1,3538,3533
s112104506067,s112104506063,1,3538,3534
s112104506067,s113104506003,1,3538,3545
s112104506067,s113104506004,1,3538,3546
s112104506068,s112104506064,1,3539,3535
s112104506068,s112104506065,1,3539,3536
s112104506068,s112104506066,1,3539,3537
s112104506068,s112104506071,1,3539,3542
s112104506068,s112104506073,1,3539,3544
s112104506070,s112104506066,1,3541,3537
s112104506070,s112104506068,1,3541,3539
s112104506070,s112104506072,1,3541,3543
s112104506071,s112104506063,1,3542,3534
s112104506071,s112104506067,1,3542,3538
s112104506071,s112104506070,1,3542,3541
s112104506071,s112104506072,1,3542,3543
s112104506071,s112104506073,1,3542,3544
s112104506072,s112104506064,1,3543,3535
s112104506072,s112104506068,1,3543,3539
s112104506072,s112104506070,1,3543,3541
s112104506072,s112104506071,1,3543,3542
s112104506072,s112104506073,1,3543,3544
s112104518025,s112104518026,1,3547,3548
s112104518025,s112104518028,1,3547,3549
s112104518025,s112104518031,1,3547,3551
s112104518025,s112104518032,1,3547,3552
s112104518026,s112104518025,1,3548,3547
s112104518026,s112104518028,1,3548,3549
s112104518026,s112104518033,1,3548,3553
s112104518026,s112104518043,1,3548,3562
s112104518026,s112104518045,1,3548,3564
s112104518028,s112104518025,1,3549,3547
s112104518028,s112104518026,1,3549,3548
s112104518028,s112104518031,1,3549,3551
s112104518028,s112104518032,1,3549,3552
s112104518028,s112104518037,1,3549,3556
s112104518030,s112104518028,1,3550,3549
s112104518030,s112104518031,1,3550,3551
s112104518030,s112104518032,1,3550,3552
s112104518031,s112104518025,1,3551,3547
s112104518031,s112104518028,1,3551,3549
s112104518031,s112104518032,1,3551,3552
s112104518032,s112104518026,1,3552,3548
s112104518032,s112104518028,1,3552,3549
s112104518032,s112104518030,1,3552,3550
s112104518032,s112104518031,1,3552,3551
s112104518033,s112104518038,1,3553,3557
s112104518033,s112104518039,1,3553,3558
s112104518033,s112104518043,1,3553,3562
s112104518033,s112104518045,1,3553,3564
s112104518034,s112104518031,1,3554,3551
s112104518034,s112104518033,1,3554,3553
s112104518034,s112104518037,1,3554,3556
s112104518034,s112104518038,1,3554,3557
s112104518034,s112104518045,1,3554,3564
s112104518035,s112104518039,1,3555,3558
s112104518035,s112104518043,1,3555,3562
s112104518035,s112104518044,1,3555,3563
s112104518035,s112104518045,1,3555,3564
s112104518037,s112104518028,1,3556,3549
s112104518037,s112104518045,1,3556,3564
s112104518038,s112104518033,1,3557,3553
s112104518039,s112104518033,1,3558,3553
s112104518039,s112104518037,1,3558,3556
s112104518039,s112104518040,1,3558,3559
s112104518039,s112104518045,1,3558,3564
s112104518040,s112104518035,1,3559,3555
s112104518040,s112104518038,1,3559,3557
s112104518040,s112104518039,1,3559,3558
s112104518040,s112104518041,1,3559,3560
s112104518040,s112104518045,1,3559,3564
s112104518042,s112104518034,1,3561,3554
s112104518042,s112104518035,1,3561,3555
s112104518042,s112104518040,1,3561,3559
s112104518042,s112104518045,1,3561,3564
s112104518043,s112104518033,1,3562,3553
s112104518043,s112104518035,1,3562,3555
s112104518043,s112104518038,1,3562,3557
s112104518043,s112104518045,1,3562,3564
s112104518045,s112104518033,1,3564,3553
s112104518045,s112104518037,1,3564,3556
s112104518045,s112104518038,1,3564,3557
s112104518045,s112104518039,1,3564,3558
s112104518048,s112104518049,1,3565,3566
s112104518048,s112104518050,1,3565,3567
s112104518048,s112104518054,1,3565,3569
s112104518048,s112104518055,1,3565,3570
s112104518049,s112104518048,1,3566,3565
s112104518049,s112104518050,1,3566,3567
s112104518049,s112104518054,1,3566,3569
s112104518049,s112104518055,1,3566,3570
s112104518050,s112104518048,1,3567,3565
s112104518050,s112104518054,1,3567,3569
s112104518050,s112104518055,1,3567,3570
s112104518050,s112104518062,1,3567,3575
s112104518050,s112104518063,1,3567,3576
s112104518053,s112104518049,1,3568,3566
s112104518053,s112104518060,1,3568,3573
s112104518053,s112104518062,1,3568,3575
s112104518054,s112104518048,1,3569,3565
s112104518054,s112104518050,1,3569,3567
s112104518054,s112104518055,1,3569,3570
s112104518054,s112104518062,1,3569,3575
s112104518055,s112104518048,1,3570,3565
s112104518055,s112104518050,1,3570,3567
s112104518055,s112104518054,1,3570,3569
s112104518055,s112104518062,1,3570,3575
s112104518057,s112104518064,1,3571,3577
s112104518057,s112104518065,1,3571,3578
s112104518057,s112104518066,1,3571,3579
s112104518057,s112104518067,1,3571,3580
s112104518060,s112104518049,1,3573,3566
s112104518060,s112104518053,1,3573,3568
s112104518060,s112104518054,1,3573,3569
s112104518060,s112104518061,1,3573,3574
s112104518060,s112104518062,1,3573,3575
s112104518061,s112104518064,1,3574,3577
s112104518061,s112104518065,1,3574,3578
s112104518061,s112104518066,1,3574,3579
s112104518061,s112104518067,1,3574,3580
s112104518061,s113104518003,1,3574,3581
s112104518062,s112104518048,1,3575,3565
s112104518062,s112104518049,1,3575,3566
s112104518062,s112104518050,1,3575,3567
s112104518062,s112104518054,1,3575,3569
s112104518062,s112104518055,1,3575,3570
s112104518063,s112104518061,1,3576,3574
s112104518063,s112104518064,1,3576,3577
s112104518063,s112104518065,1,3576,3578
s112104518063,s112104518066,1,3576,3579
s112104518063,s112104518067,1,3576,3580
s112104518064,s112104518063,1,3577,3576
s112104518064,s112104518065,1,3577,3578
s112104518064,s112104518066,1,3577,3579
s112104518065,s112104518064,1,3578,3577
s112104518065,s112104518066,1,3578,3579
s112104518065,s112104518067,1,3578,3580
s112104518065,s113104518003,1,3578,3581
s112104518066,s112104518063,1,3579,3576
s112104518066,s112104518064,1,3579,3577
s112104518066,s112104518065,1,3579,3578
s112104518066,s112104518067,1,3579,3580
s112104518066,s113104518003,1,3579,3581
s112104518067,s112104518061,1,3580,3574
s112104518067,s112104518064,1,3580,3577
s112104518067,s112104518065,1,3580,3578
s112104518067,s112104518066,1,3580,3579
s112104518067,s113104518003,1,3580,3581
s112104521026,s112104521027,1,3582,3583
s112104521026,s112104521034,1,3582,3584
s112104521026,s112104521039,1,3582,3587
s112104521027,s112104521026,1,3583,3582
s112104521027,s112104521039,1,3583,3587
s112104521034,s112104521026,1,3584,3582
s112104521034,s112104521027,1,3584,3583
s112104521036,s112104521039,1,3585,3587
s112104521037,s112104521036,1,3586,3585
s112104521048,s112104521050,1,3589,3591
s112104521048,s112104521053,1,3589,3593
s112104521048,s112104521056,1,3589,3595
s112104521048,s112104521058,1,3589,3597
s112104521048,s112104521059,1,3589,3598
s112104521049,s112104521056,1,3590,3595
s112104521049,s112104521058,1,3590,3597
s112104521049,s112104521059,1,3590,3598
s112104521049,s112104521060,1,3590,3599
s112104521050,s112104521048,1,3591,3589
s112104521050,s112104521051,1,3591,3592
s112104521050,s112104521059,1,3591,3598
s112104521051,s112104521059,1,3592,3598
s112104521051,s112104521066,1,3592,3603
s112104521053,s112104521059,1,3593,3598
s112104521055,s112104521048,1,3594,3589
s112104521055,s112104521050,1,3594,3591
s112104521055,s112104521053,1,3594,3593
s112104521055,s112104521056,1,3594,3595
s112104521055,s112104521059,1,3594,3598
s112104521056,s112104521048,1,3595,3589
s112104521056,s112104521058,1,3595,3597
s112104521056,s112104521059,1,3595,3598
s112104521056,s112104521060,1,3595,3599
s112104521056,s112104521067,1,3595,3604
s112104521057,s112104521051,1,3596,3592
s112104521057,s112104521056,1,3596,3595
s112104521057,s112104521058,1,3596,3597
s112104521057,s112104521069,1,3596,3606
s112104521057,s113104521005,1,3596,3607
s112104521058,s112104521048,1,3597,3589
s112104521058,s112104521056,1,3597,3595
s112104521058,s112104521059,1,3597,3598
s112104521059,s112104521050,1,3598,3591
s112104521059,s112104521051,1,3598,3592
s112104521059,s112104521053,1,3598,3593
s112104521059,s112104521058,1,3598,3597
s112104521060,s112104521056,1,3599,3595
s112104521060,s112104521064,1,3599,3602
s112104521060,s112104521066,1,3599,3603
s112104521060,s112104521067,1,3599,3604
s112104521061,s112104521062,1,3600,3601
s112104521061,s112104521066,1,3600,3603
s112104521061,s112104521067,1,3600,3604
s112104521062,s112104521053,1,3601,3593
s112104521062,s112104521061,1,3601,3600
s112104521064,s112104521060,1,3602,3599
s112104521064,s112104521061,1,3602,3600
s112104521064,s112104521066,1,3602,3603
s112104521064,s112104521067,1,3602,3604
s112104521064,s112104521069,1,3602,3606
s112104521067,s112104521060,1,3604,3599
s112104521067,s112104521061,1,3604,3600
s112104521067,s112104521066,1,3604,3603
s112104521067,s112104521069,1,3604,3606
s112104521068,s112104521067,1,3605,3604
s112104521068,s112104521069,1,3605,3606
s112104521069,s112104521066,1,3606,3603
s112104521069,s112104521067,1,3606,3604
s112104521069,s112104521068,1,3606,3605
s112111321024,s112111321025,1,3608,3609
s112111321025,s112111321024,1,3609,3608
s112111321025,s112111321034,1,3609,3615
s112111321025,s112111321035,1,3609,3616
s112111321026,s112111321039,1,3610,3620
s112111321027,s112111321026,1,3611,3610
s112111321027,s112111321028,1,3611,3612
s112111321027,s112111321035,1,3611,3616
s112111321027,s112111321039,1,3611,3620
s112111321028,s112111321024,1,3612,3608
s112111321028,s112111321034,1,3612,3615
s112111321028,s112111321038,1,3612,3619
s112111321030,s112111321032,1,3613,3614
s112111321030,s112111321035,1,3613,3616
s112111321030,s112111321036,1,3613,3617
s112111321032,s112111321030,1,3614,3613
s112111321032,s112111321036,1,3614,3617
s112111321032,s112111321042,1,3614,3623
s112111321032,s112111321060,1,3614,3636
s112111321034,s112111321028,1,3615,3612
s112111321034,s112111321038,1,3615,3619
s112111321034,s112111321049,1,3615,3627
s112111321035,s112111321024,1,3616,3608
s112111321035,s112111321025,1,3616,3609
s112111321035,s112111321034,1,3616,3615
s112111321035,s112111321052,1,3616,3630
s112111321036,s112111321032,1,3617,3614
s112111321036,s112111321034,1,3617,3615
s112111321036,s112111321042,1,3617,3623
s112111321036,s112111321060,1,3617,3636
s112111321037,s112111321026,1,3618,3610
s112111321037,s112111321027,1,3618,3611
s112111321037,s112111321039,1,3618,3620
s112111321038,s112111321024,1,3619,3608
s112111321038,s112111321034,1,3619,3615
s112111321038,s112111321048,1,3619,3626
s112111321038,s112111321049,1,3619,3627
s112111321039,s112111321026,1,3620,3610
s112111321039,s112111321027,1,3620,3611
s112111321039,s112111321037,1,3620,3618
s112111321039,s112111321038,1,3620,3619
s112111321040,s112111321042,1,3621,3623
s112111321040,s112111321048,1,3621,3626
s112111321040,s112111321052,1,3621,3630
s112111321040,s112111321059,1,3621,3635
s112111321040,s112111321061,1,3621,3637
s112111321041,s112111321042,1,3622,3623
s112111321041,s112111321052,1,3622,3630
s112111321042,s112111321041,1,3623,3622
s112111321042,s112111321048,1,3623,3626
s112111321042,s112111321057,1,3623,3633
s112111321043,s112111321042,1,3624,3623
s112111321043,s112111321050,1,3624,3628
s112111321043,s112111321057,1,3624,3633
s112111321043,s112111321060,1,3624,3636
s112111321047,s112111321037,1,3625,3618
s112111321047,s112111321039,1,3625,3620
s112111321049,s112111321034,1,3627,3615
s112111321049,s112111321038,1,3627,3619
s112111321049,s112111321041,1,3627,3622
s112111321049,s112111321060,1,3627,3636
s112111321050,s112111321042,1,3628,3623
s112111321050,s112111321043,1,3628,3624
s112111321050,s112111321054,1,3628,3631
s112111321050,s112111321059,1,3628,3635
s112111321056,s112111321040,1,3632,3621
s112111321056,s112111321041,1,3632,3622
s112111321056,s112111321048,1,3632,3626
s112111321056,s112111321052,1,3632,3630
s112111321056,s112111321061,1,3632,3637
s112111321057,s112111321042,1,3633,3623
s112111321057,s112111321043,1,3633,3624
s112111321057,s112111321048,1,3633,3626
s112111321057,s112111321058,1,3633,3634
s112111321057,s112111321060,1,3633,3636
s112111321058,s112111321042,1,3634,3623
s112111321058,s112111321048,1,3634,3626
s112111321058,s112111321050,1,3634,3628
s112111321058,s112111321054,1,3634,3631
s112111321058,s112111321060,1,3634,3636
s112111321059,s112111321042,1,3635,3623
s112111321059,s112111321043,1,3635,3624
s112111321059,s112111321050,1,3635,3628
s112111321061,s112111321027,1,3637,3611
s112111321061,s112111321040,1,3637,3621
s112111321061,s112111321052,1,3637,3630
s112111321061,s112111321056,1,3637,3632
s112111321065,s112111321066,1,3638,3639
s112111321065,s112111321071,1,3638,3641
s112111321065,s112111321079,1,3638,3645
s112111321066,s112111321065,1,3639,3638
s112111321070,s112111321065,1,3640,3638
s112111321070,s112111321071,1,3640,3641
s112111321070,s112111321079,1,3640,3645
s112111321071,s112111321065,1,3641,3638
s112111321071,s112111321070,1,3641,3640
s112111321071,s112111321079,1,3641,3645
s112111321071,s112111321099,1,3641,3656
s112111321072,s112111321077,1,3642,3644
s112111321072,s112111321083,1,3642,3647
s112111321074,s112111321072,1,3643,3642
s112111321074,s112111321077,1,3643,3644
s112111321074,s113111321003,1,3643,3658
s112111321077,s112111321072,1,3644,3642
s112111321077,s112111321083,1,3644,3647
s112111321079,s112111321070,1,3645,3640
s112111321079,s112111321071,1,3645,3641
s112111321079,s113111321003,1,3645,3658
s112111321083,s112111321072,1,3647,3642
s112111321083,s112111321077,1,3647,3644
s112111321083,s112111321085,1,3647,3649
s112111321084,s112111321085,1,3648,3649
s112111321084,s112111321089,1,3648,3651
s112111321084,s112111321091,1,3648,3652
s112111321086,s112111321070,1,3650,3640
s112111321086,s112111321071,1,3650,3641
s112111321086,s112111321080,1,3650,3646
s112111321086,s112111321092,1,3650,3653
s112111321086,s112111321099,1,3650,3656
s112111321089,s112111321084,1,3651,3648
s112111321089,s112111321085,1,3651,3649
s112111321089,s112111321091,1,3651,3652
s112111321089,s112111321094,1,3651,3655
s112111321091,s112111321080,1,3652,3646
s112111321091,s112111321084,1,3652,3648
s112111321091,s112111321086,1,3652,3650
s112111321092,s112111321080,1,3653,3646
s112111321092,s112111321086,1,3653,3650
s112111321092,s112111321099,1,3653,3656
s112111321093,s112111321084,1,3654,3648
s112111321093,s112111321085,1,3654,3649
s112111321093,s112111321091,1,3654,3652
s112111321093,s112111321092,1,3654,3653
s112111321094,s112111321074,1,3655,3643
s112111321099,s112111321071,1,3656,3641
s112111321099,s112111321080,1,3656,3646
s112111321099,s112111321086,1,3656,3650
s112111321099,s112111321100,1,3656,3657
s112111321100,s112111321080,1,3657,3646
s112111321100,s112111321086,1,3657,3650
s112111321100,s112111321092,1,3657,3653
s112111321100,s112111321099,1,3657,3656
s112111323025,s112111323026,1,3659,3660
s112111323025,s112111323029,1,3659,3662
s112111323025,s112111323032,1,3659,3665
s112111323026,s112111323025,1,3660,3659
s112111323026,s112111323029,1,3660,3662
s112111323026,s112111323032,1,3660,3665
s112111323026,s112111323063,1,3660,3693
s112111323027,s112111323035,1,3661,3666
s112111323027,s112111323036,1,3661,3667
s112111323027,s112111323037,1,3661,3668
s112111323027,s112111323039,1,3661,3670
s112111323029,s112111323025,1,3662,3659
s112111323029,s112111323026,1,3662,3660
s112111323029,s112111323030,1,3662,3663
s112111323029,s112111323032,1,3662,3665
s112111323030,s112111323026,1,3663,3660
s112111323030,s112111323029,1,3663,3662
s112111323030,s112111323032,1,3663,3665
s112111323030,s112111323039,1,3663,3670
s112111323031,s112111323039,1,3664,3670
s112111323031,s112111323041,1,3664,3672
s112111323032,s112111323025,1,3665,3659
s112111323032,s112111323029,1,3665,3662
s112111323032,s112111323030,1,3665,3663
s112111323032,s112111323037,1,3665,3668
s112111323035,s112111323027,1,3666,3661
s112111323035,s112111323036,1,3666,3667
s112111323035,s112111323037,1,3666,3668
s112111323035,s112111323038,1,3666,3669
s112111323036,s112111323026,1,3667,3660
s112111323036,s112111323027,1,3667,3661
s112111323036,s112111323035,1,3667,3666
s112111323036,s112111323037,1,3667,3668
s112111323037,s112111323032,1,3668,3665
s112111323037,s112111323035,1,3668,3666
s112111323037,s112111323036,1,3668,3667
s112111323038,s112111323035,1,3669,3666
s112111323038,s112111323036,1,3669,3667
s112111323038,s112111323037,1,3669,3668
s112111323038,s112111323040,1,3669,3671
s112111323039,s112111323030,1,3670,3663
s112111323039,s112111323031,1,3670,3664
s112111323039,s112111323041,1,3670,3672
s112111323040,s112111323025,1,3671,3659
s112111323040,s112111323026,1,3671,3660
s112111323040,s112111323038,1,3671,3669
s112111323041,s112111323031,1,3672,3664
s112111323041,s112111323039,1,3672,3670
s112111323041,s112111323051,1,3672,3681
s112111323042,s112111323038,1,3673,3669
s112111323042,s112111323050,1,3673,3680
s112111323042,s112111323058,1,3673,3688
s112111323044,s112111323048,1,3674,3678
s112111323044,s112111323049,1,3674,3679
s112111323044,s112111323050,1,3674,3680
s112111323044,s112111323051,1,3674,3681
s112111323044,s112111323060,1,3674,3690
s112111323045,s112111323047,1,3675,3677
s112111323046,s112111323047,1,3676,3677
s112111323046,s112111323055,1,3676,3685
s112111323046,s112111323056,1,3676,3686
s112111323046,s112111323057,1,3676,3687
s112111323046,s112111323058,1,3676,3688
s112111323047,s112111323046,1,3677,3676
s112111323047,s112111323052,1,3677,3682
s112111323047,s112111323056,1,3677,3686
s112111323047,s112111323057,1,3677,3687
s112111323047,s112111323058,1,3677,3688
s112111323048,s112111323044,1,3678,3674
s112111323048,s112111323057,1,3678,3687
s112111323048,s112111323058,1,3678,3688
s112111323048,s112111323061,1,3678,3691
s112111323049,s112111323048,1,3679,3678
s112111323049,s112111323050,1,3679,3680
s112111323049,s112111323060,1,3679,3690
s112111323049,s112111323065,1,3679,3695
s112111323050,s112111323042,1,3680,3673
s112111323050,s112111323058,1,3680,3688
s112111323050,s112111323060,1,3680,3690
s112111323050,s112111323061,1,3680,3691
s112111323050,s112111323062,1,3680,3692
s112111323051,s112111323039,1,3681,3670
s112111323051,s112111323044,1,3681,3674
s112111323051,s112111323060,1,3681,3690
s112111323052,s112111323042,1,3682,3673
s112111323052,s112111323058,1,3682,3688
s112111323052,s112111323061,1,3682,3691
s112111323052,s112111323062,1,3682,3692
s112111323052,s112111323065,1,3682,3695
s112111323053,s112111323026,1,3683,3660
s112111323053,s112111323057,1,3683,3687
s112111323053,s112111323062,1,3683,3692
s112111323054,s112111323059,1,3684,3689
s112111323054,s112111323060,1,3684,3690
s112111323054,s112111323061,1,3684,3691
s112111323054,s112111323062,1,3684,3692
s112111323054,s112111323063,1,3684,3693
s112111323056,s112111323047,1,3686,3677
s112111323056,s112111323055,1,3686,3685
s112111323056,s112111323057,1,3686,3687
s112111323056,s112111323059,1,3686,3689
s112111323056,s112111323060,1,3686,3690
s112111323057,s112111323046,1,3687,3676
s112111323057,s112111323047,1,3687,3677
s112111323057,s112111323048,1,3687,3678
s112111323057,s112111323055,1,3687,3685
s112111323057,s112111323056,1,3687,3686
s112111323058,s112111323042,1,3688,3673
s112111323058,s112111323046,1,3688,3676
s112111323058,s112111323047,1,3688,3677
s112111323058,s112111323060,1,3688,3690
s112111323059,s112111323026,1,3689,3660
s112111323059,s112111323027,1,3689,3661
s112111323059,s112111323045,1,3689,3675
s112111323059,s112111323049,1,3689,3679
s112111323059,s112111323050,1,3689,3680
s112111323060,s112111323027,1,3690,3661
s112111323060,s112111323044,1,3690,3674
s112111323060,s112111323049,1,3690,3679
s112111323060,s112111323050,1,3690,3680
s112111323060,s112111323061,1,3690,3691
s112111323061,s112111323042,1,3691,3673
s112111323061,s112111323049,1,3691,3679
s112111323061,s112111323050,1,3691,3680
s112111323061,s112111323052,1,3691,3682
s112111323061,s112111323060,1,3691,3690
s112111323062,s112111323052,1,3692,3682
s112111323062,s112111323055,1,3692,3685
s112111323062,s112111323061,1,3692,3691
s112111323062,s112111323063,1,3692,3693
s112111323062,s112111323065,1,3692,3695
s112111323063,s112111323025,1,3693,3659
s112111323063,s112111323026,1,3693,3660
s112111323063,s112111323052,1,3693,3682
s112111323063,s112111323054,1,3693,3684
s112111323063,s112111323062,1,3693,3692
s112111323064,s112111323063,1,3694,3693
s112111323064,s112111323065,1,3694,3695
s112111323065,s112111323048,1,3695,3678
s112111323065,s112111323052,1,3695,3682
s112111323065,s112111323053,1,3695,3683
s112111323065,s112111323056,1,3695,3686
s112111323065,s112111323063,1,3695,3693
s112111323069,s112111323070,1,3696,3697
s112111323069,s112111323071,1,3696,3698
s112111323069,s112111323077,1,3696,3703
s112111323069,s112111323083,1,3696,3709
s112111323070,s112111323069,1,3697,3696
s112111323070,s112111323071,1,3697,3698
s112111323070,s112111323072,1,3697,3699
s112111323070,s112111323077,1,3697,3703
s112111323070,s112111323078,1,3697,3704
s112111323071,s112111323070,1,3698,3697
s112111323071,s112111323092,1,3698,3717
s112111323071,s112111323106,1,3698,3727
s112111323072,s112111323070,1,3699,3697
s112111323072,s112111323071,1,3699,3698
s112111323072,s112111323084,1,3699,3710
s112111323072,s112111323092,1,3699,3717
s112111323073,s112111323071,1,3700,3698
s112111323073,s112111323072,1,3700,3699
s112111323073,s112111323074,1,3700,3701
s112111323073,s112111323080,1,3700,3706
s112111323073,s112111323081,1,3700,3707
s112111323074,s112111323069,1,3701,3696
s112111323074,s112111323073,1,3701,3700
s112111323074,s112111323080,1,3701,3706
s112111323074,s112111323081,1,3701,3707
s112111323075,s112111323069,1,3702,3696
s112111323075,s112111323095,1,3702,3720
s112111323075,s113111323004,1,3702,3730
s112111323077,s112111323069,1,3703,3696
s112111323077,s112111323070,1,3703,3697
s112111323077,s112111323071,1,3703,3698
s112111323077,s112111323078,1,3703,3704
s112111323077,s112111323083,1,3703,3709
s112111323078,s112111323077,1,3704,3703
s112111323078,s112111323079,1,3704,3705
s112111323078,s113111323003,1,3704,3729
s112111323079,s112111323078,1,3705,3704
s112111323079,s113111323003,1,3705,3729
s112111323080,s112111323073,1,3706,3700
s112111323080,s112111323074,1,3706,3701
s112111323080,s112111323081,1,3706,3707
s112111323081,s112111323073,1,3707,3700
s112111323081,s112111323074,1,3707,3701
s112111323081,s112111323080,1,3707,3706
s112111323081,s113111323004,1,3707,3730
s112111323082,s112111323070,1,3708,3697
s112111323082,s112111323075,1,3708,3702
s112111323082,s112111323079,1,3708,3705
s112111323082,s112111323092,1,3708,3717
s112111323083,s112111323069,1,3709,3696
s112111323083,s112111323070,1,3709,3697
s112111323083,s112111323078,1,3709,3704
s112111323083,s112111323091,1,3709,3716
s112111323084,s112111323085,1,3710,3711
s112111323084,s112111323092,1,3710,3717
s112111323084,s112111323097,1,3710,3722
s112111323084,s112111323106,1,3710,3727
s112111323085,s112111323089,1,3711,3715
s112111323085,s112111323093,1,3711,3718
s112111323086,s112111323078,1,3712,3704
s112111323086,s112111323093,1,3712,3718
s112111323087,s112111323093,1,3713,3718
s112111323087,s112111323102,1,3713,3725
s112111323087,s112111323105,1,3713,3726
s112111323087,s112111323107,1,3713,3728
s112111323089,s112111323071,1,3715,3698
s112111323089,s112111323088,1,3715,3714
s112111323091,s112111323069,1,3716,3696
s112111323091,s112111323070,1,3716,3697
s112111323091,s112111323071,1,3716,3698
s112111323091,s112111323093,1,3716,3718
s112111323092,s112111323071,1,3717,3698
s112111323092,s112111323084,1,3717,3710
s112111323092,s112111323097,1,3717,3722
s112111323092,s112111323106,1,3717,3727
s112111323093,s112111323086,1,3718,3712
s112111323093,s112111323087,1,3718,3713
s112111323093,s112111323095,1,3718,3720
s112111323093,s112111323102,1,3718,3725
s112111323095,s112111323069,1,3720,3696
s112111323095,s112111323070,1,3720,3697
s112111323095,s112111323071,1,3720,3698
s112111323095,s112111323084,1,3720,3710
s112111323095,s112111323100,1,3720,3724
s112111323096,s112111323070,1,3721,3697
s112111323096,s112111323095,1,3721,3720
s112111323096,s112111323097,1,3721,3722
s112111323096,s112111323107,1,3721,3728
s112111323097,s112111323084,1,3722,3710
s112111323097,s112111323092,1,3722,3717
s112111323097,s112111323105,1,3722,3726
s112111323097,s112111323106,1,3722,3727
s112111323098,s112111323071,1,3723,3698
s112111323098,s112111323086,1,3723,3712
s112111323098,s112111323102,1,3723,3725
s112111323098,s112111323107,1,3723,3728
s112111323100,s112111323069,1,3724,3696
s112111323100,s112111323095,1,3724,3720
s112111323100,s112111323105,1,3724,3726
s112111323100,s112111323106,1,3724,3727
s112111323102,s112111323078,1,3725,3704
s112111323102,s112111323087,1,3725,3713
s112111323102,s112111323105,1,3725,3726
s112111323102,s112111323107,1,3725,3728
s112111323105,s112111323087,1,3726,3713
s112111323105,s112111323097,1,3726,3722
s112111323105,s112111323106,1,3726,3727
s112111323106,s112111323071,1,3727,3698
s112111323106,s112111323084,1,3727,3710
s112111323106,s112111323092,1,3727,3717
s112111323106,s112111323097,1,3727,3722
s112111323107,s112111323087,1,3728,3713
s112111323107,s112111323102,1,3728,3725
s112111323107,s112111323105,1,3728,3726
s112114501024,s112114501026,1,3731,3733
s112114501024,s112114501028,1,3731,3735
s112114501024,s112114501030,1,3731,3737
s112114501024,s112114501033,1,3731,3739
s112114501025,s112114501028,1,3732,3735
s112114501025,s112114501029,1,3732,3736
s112114501025,s112114501031,1,3732,3738
s112114501025,s112114501044,1,3732,3743
s112114501026,s112114501028,1,3733,3735
s112114501026,s112114501030,1,3733,3737
s112114501027,s112114501024,1,3734,3731
s112114501027,s112114501026,1,3734,3733
s112114501027,s112114501028,1,3734,3735
s112114501027,s112114501029,1,3734,3736
s112114501027,s112114501030,1,3734,3737
s112114501028,s112114501024,1,3735,3731
s112114501028,s112114501029,1,3735,3736
s112114501028,s112114501030,1,3735,3737
s112114501028,s112114501031,1,3735,3738
s112114501028,s112114501033,1,3735,3739
s112114501029,s112114501024,1,3736,3731
s112114501029,s112114501025,1,3736,3732
s112114501029,s112114501026,1,3736,3733
s112114501029,s112114501027,1,3736,3734
s112114501029,s112114501028,1,3736,3735
s112114501030,s112114501024,1,3737,3731
s112114501030,s112114501026,1,3737,3733
s112114501030,s112114501027,1,3737,3734
s112114501030,s112114501028,1,3737,3735
s112114501031,s112114501024,1,3738,3731
s112114501031,s112114501025,1,3738,3732
s112114501031,s112114501028,1,3738,3735
s112114501031,s112114501029,1,3738,3736
s112114501031,s112114501033,1,3738,3739
s112114501033,s112114501024,1,3739,3731
s112114501033,s112114501026,1,3739,3733
s112114501033,s112114501028,1,3739,3735
s112114501033,s112114501030,1,3739,3737
s112114501037,s112114501039,1,3740,3742
s112114501037,s112114501050,1,3740,3747
s112114501039,s112114501037,1,3742,3740
s112114501039,s112114501044,1,3742,3743
s112114501039,s112114501045,1,3742,3744
s112114501039,s112114501046,1,3742,3745
s112114501044,s112114501039,1,3743,3742
s112114501044,s112114501045,1,3743,3744
s112114501044,s112114501046,1,3743,3745
s112114501045,s112114501044,1,3744,3743
s112114501046,s112114501039,1,3745,3742
s112114501046,s112114501044,1,3745,3743
s112114501048,s112114501038,1,3746,3741
s112114501050,s112114501037,1,3747,3740
s112114501050,s112114501039,1,3747,3742
s112114501055,s112114501059,1,3748,3751
s112114501055,s112114501060,1,3748,3752
s112114501056,s112114501055,1,3749,3748
s112114501056,s112114501057,1,3749,3750
s112114501056,s112114501078,1,3749,3764
s112114501057,s112114501055,1,3750,3748
s112114501057,s112114501056,1,3750,3749
s112114501057,s112114501063,1,3750,3753
s112114501059,s112114501055,1,3751,3748
s112114501059,s112114501060,1,3751,3752
s112114501060,s112114501055,1,3752,3748
s112114501060,s112114501059,1,3752,3751
s112114501060,s112114501063,1,3752,3753
s112114501060,s112114501067,1,3752,3755
s112114501060,s112114501076,1,3752,3762
s112114501063,s112114501055,1,3753,3748
s112114501063,s112114501060,1,3753,3752
s112114501063,s112114501066,1,3753,3754
s112114501066,s112114501078,1,3754,3764
s112114501066,s113114501004,1,3754,3766
s112114501067,s112114501072,1,3755,3759
s112114501067,s112114501073,1,3755,3760
s112114501067,s112114501076,1,3755,3762
s112114501067,s112114501079,1,3755,3765
s112114501067,s113114501004,1,3755,3766
s112114501069,s112114501071,1,3756,3758
s112114501069,s112114501072,1,3756,3759
s112114501069,s112114501078,1,3756,3764
s112114501070,s112114501069,1,3757,3756
s112114501070,s112114501077,1,3757,3763
s112114501070,s112114501078,1,3757,3764
s112114501071,s112114501072,1,3758,3759
s112114501071,s112114501074,1,3758,3761
s112114501071,s112114501076,1,3758,3762
s112114501072,s112114501079,1,3759,3765
s112114501073,s112114501067,1,3760,3755
s112114501073,s112114501076,1,3760,3762
s112114501073,s112114501079,1,3760,3765
s112114501073,s113114501004,1,3760,3766
s112114501074,s112114501071,1,3761,3758
s112114501074,s112114501072,1,3761,3759
s112114501074,s112114501076,1,3761,3762
s112114501074,s112114501079,1,3761,3765
s112114501076,s112114501067,1,3762,3755
s112114501076,s112114501071,1,3762,3758
s112114501076,s112114501074,1,3762,3761
s112114501076,s112114501079,1,3762,3765
s112114501076,s113114501004,1,3762,3766
s112114501077,s112114501071,1,3763,3758
s112114501078,s112114501069,1,3764,3756
s112114501078,s112114501070,1,3764,3757
s112114501078,s112114501079,1,3764,3765
s112114501079,s112114501072,1,3765,3759
s112114501079,s112114501074,1,3765,3761
s112114501079,s112114501076,1,3765,3762
s112114503024,s112114503030,1,3791,3795
s112114503024,s112114503033,1,3791,3798
s112114503024,s112114503034,1,3791,3799
s112114503024,s112114503037,1,3791,3802
s112114503025,s112114503029,1,3792,3794
s112114503025,s112114503031,1,3792,3796
s112114503025,s112114503032,1,3792,3797
s112114503025,s112114503038,1,3792,3803
s112114503027,s112114503024,1,3793,3791
s112114503027,s112114503029,1,3793,3794
s112114503027,s112114503036,1,3793,3801
s112114503027,s112114503038,1,3793,3803
s112114503029,s112114503025,1,3794,3792
s112114503029,s112114503031,1,3794,3796
s112114503029,s112114503032,1,3794,3797
s112114503029,s112114503033,1,3794,3798
s112114503029,s112114503038,1,3794,3803
s112114503031,s112114503025,1,3796,3792
s112114503031,s112114503029,1,3796,3794
s112114503031,s112114503032,1,3796,3797
s112114503031,s112114503038,1,3796,3803
s112114503031,s113114503003,1,3796,3814
s112114503032,s112114503025,1,3797,3792
s112114503032,s112114503029,1,3797,3794
s112114503032,s112114503031,1,3797,3796
s112114503032,s112114503038,1,3797,3803
s112114503033,s112114503024,1,3798,3791
s112114503033,s112114503034,1,3798,3799
s112114503034,s112114503033,1,3799,3798
s112114503035,s112114503024,1,3800,3791
s112114503035,s112114503034,1,3800,3799
s112114503036,s112114503027,1,3801,3793
s112114503036,s112114503029,2,3801,3794
s112114503036,s112114503038,1,3801,3803
s112114503037,s112114503024,1,3802,3791
s112114503037,s112114503033,1,3802,3798
s112114503037,s112114503034,1,3802,3799
s112114503037,s112114503035,1,3802,3800
s112114503038,s112114503025,1,3803,3792
s112114503038,s112114503029,1,3803,3794
s112114503038,s112114503031,1,3803,3796
s112114503038,s112114503032,1,3803,3797
s112114503040,s112114503039,1,3805,3804
s112114503040,s112114503046,1,3805,3810
s112114503042,s112114503043,1,3806,3807
s112114503042,s112114503044,1,3806,3808
s112114503042,s112114503045,1,3806,3809
s112114503043,s112114503042,1,3807,3806
s112114503043,s112114503044,1,3807,3808
s112114503043,s112114503045,1,3807,3809
s112114503043,s112114503048,1,3807,3811
s112114503044,s112114503042,1,3808,3806
s112114503044,s112114503043,1,3808,3807
s112114503045,s112114503043,1,3809,3807
s112114503045,s112114503044,1,3809,3808
s112114503045,s112114503048,1,3809,3811
s112114503045,s113114503003,1,3809,3814
s112114503046,s112114503040,1,3810,3805
s112114503046,s112114503043,1,3810,3807
s112114503046,s112114503045,1,3810,3809
s112114503046,s112114503049,1,3810,3812
s112114503046,s112114503050,1,3810,3813
s112114503048,s112114503042,1,3811,3806
s112114503048,s112114503043,1,3811,3807
s112114503048,s112114503044,1,3811,3808
s112114503048,s112114503045,1,3811,3809
s112114503048,s113114503003,1,3811,3814
s112114503049,s112114503043,1,3812,3807
s112114503049,s112114503045,1,3812,3809
s112114503049,s112114503050,1,3812,3813
s112114503049,s113114503003,1,3812,3814
s112114503050,s112114503046,1,3813,3810
s112114503050,s112114503048,1,3813,3811
s112114503050,s112114503049,1,3813,3812
s112114503050,s113114503003,1,3813,3814
s112114503054,s112114503058,1,3767,3771
s112114503054,s112114503063,1,3767,3776
s112114503054,s112114503068,1,3767,3780
s112114503055,s112114503054,1,3768,3767
s112114503055,s112114503056,1,3768,3769
s112114503055,s112114503066,1,3768,3778
s112114503055,s112114503068,1,3768,3780
s112114503055,s112114503081,1,3768,3789
s112114503056,s112114503054,1,3769,3767
s112114503056,s112114503058,1,3769,3771
s112114503056,s112114503063,1,3769,3776
s112114503056,s112114503067,1,3769,3779
s112114503056,s112114503068,1,3769,3780
s112114503057,s112114503058,1,3770,3771
s112114503057,s112114503065,1,3770,3777
s112114503057,s112114503068,1,3770,3780
s112114503057,s112114503070,1,3770,3782
s112114503057,s112114503077,1,3770,3785
s112114503058,s112114503054,1,3771,3767
s112114503058,s112114503056,1,3771,3769
s112114503058,s112114503059,1,3771,3772
s112114503058,s112114503060,1,3771,3773
s112114503058,s112114503063,1,3771,3776
s112114503059,s112114503060,1,3772,3773
s112114503059,s112114503062,1,3772,3775
s112114503059,s112114503079,1,3772,3787
s112114503059,s112114503082,1,3772,3790
s112114503060,s112114503058,1,3773,3771
s112114503060,s112114503059,1,3773,3772
s112114503060,s112114503079,1,3773,3787
s112114503060,s112114503082,1,3773,3790
s112114503061,s112114503062,1,3774,3775
s112114503061,s112114503066,1,3774,3778
s112114503061,s112114503068,1,3774,3780
s112114503062,s112114503054,1,3775,3767
s112114503062,s112114503059,1,3775,3772
s112114503062,s112114503065,1,3775,3777
s112114503062,s112114503068,1,3775,3780
s112114503062,s112114503082,1,3775,3790
s112114503063,s112114503054,1,3776,3767
s112114503063,s112114503058,1,3776,3771
s112114503063,s112114503066,1,3776,3778
s112114503063,s112114503067,1,3776,3779
s112114503063,s112114503068,1,3776,3780
s112114503065,s112114503054,1,3777,3767
s112114503065,s112114503068,1,3777,3780
s112114503066,s112114503055,1,3778,3768
s112114503066,s112114503061,1,3778,3774
s112114503066,s112114503062,1,3778,3775
s112114503066,s112114503068,1,3778,3780
s112114503066,s112114503081,1,3778,3789
s112114503067,s112114503054,1,3779,3767
s112114503067,s112114503063,1,3779,3776
s112114503067,s112114503066,1,3779,3778
s112114503067,s112114503068,1,3779,3780
s112114503068,s112114503054,1,3780,3767
s112114503068,s112114503062,1,3780,3775
s112114503068,s112114503065,1,3780,3777
s112114503068,s112114503066,1,3780,3778
s112114503068,s112114503067,1,3780,3779
s112114503069,s112114503065,1,3781,3777
s112114503070,s112114503056,1,3782,3769
s112114503070,s112114503057,1,3782,3770
s112114503070,s112114503063,1,3782,3776
s112114503070,s112114503071,1,3782,3783
s112114503070,s112114503077,1,3782,3785
s112114503071,s112114503067,1,3783,3779
s112114503071,s112114503070,1,3783,3782
s112114503075,s112114503078,1,3784,3786
s112114503075,s112114503079,1,3784,3787
s112114503075,s112114503080,1,3784,3788
s112114503077,s112114503057,1,3785,3770
s112114503077,s112114503070,1,3785,3782
s112114503077,s112114503075,1,3785,3784
s112114503078,s112114503079,1,3786,3787
s112114503078,s112114503080,1,3786,3788
s112114503079,s112114503075,1,3787,3784
s112114503079,s112114503078,1,3787,3786
s112114503079,s112114503080,1,3787,3788
s112114503079,s112114503081,1,3787,3789
s112114503080,s112114503078,1,3788,3786
s112114503080,s112114503079,1,3788,3787
s112114503080,s112114503081,1,3788,3789
s112114503081,s112114503068,1,3789,3780
s112114503081,s112114503078,1,3789,3786
s112114503081,s112114503079,1,3789,3787
s112114503081,s112114503080,1,3789,3788
s112114503082,s112114503058,1,3790,3771
s112114503082,s112114503059,1,3790,3772
s112114503082,s112114503060,1,3790,3773
s112114503082,s112114503065,1,3790,3777
s112114510024,s112114510026,1,3815,3816
s112114510024,s112114510029,1,3815,3817
s112114510024,s112114510031,1,3815,3818
s112114510024,s112114510050,1,3815,3830
s112114510026,s112114510029,1,3816,3817
s112114510026,s112114510033,1,3816,3820
s112114510029,s112114510026,1,3817,3816
s112114510031,s112114510024,1,3818,3815
s112114510031,s112114510050,1,3818,3830
s112114510032,s112114510026,1,3819,3816
s112114510032,s112114510033,1,3819,3820
s112114510032,s112114510034,1,3819,3821
s112114510033,s112114510026,1,3820,3816
s112114510033,s112114510032,1,3820,3819
s112114510033,s112114510050,1,3820,3830
s112114510034,s112114510032,1,3821,3819
s112114510037,s112114510039,1,3822,3823
s112114510037,s112114510048,1,3822,3828
s112114510037,s112114510049,1,3822,3829
s112114510039,s112114510041,1,3823,3824
s112114510039,s112114510043,1,3823,3825
s112114510041,s112114510039,1,3824,3823
s112114510041,s112114510043,1,3824,3825
s112114510043,s112114510041,1,3825,3824
s112114510043,s112114510044,1,3825,3826
s112114510043,s112114510045,1,3825,3827
s112114510044,s112114510043,1,3826,3825
s112114510044,s112114510045,1,3826,3827
s112114510045,s112114510041,1,3827,3824
s112114510045,s112114510043,1,3827,3825
s112114510045,s112114510044,1,3827,3826
s112114510048,s112114510024,1,3828,3815
s112114510048,s112114510031,1,3828,3818
s112114510048,s112114510037,1,3828,3822
s112114510048,s112114510044,1,3828,3826
s112114510048,s112114510049,1,3828,3829
s112114510049,s112114510037,1,3829,3822
s112114510049,s112114510043,1,3829,3825
s112114510049,s112114510044,1,3829,3826
s112114510050,s112114510024,1,3830,3815
s112114510050,s112114510031,1,3830,3818
s112114510050,s112114510043,1,3830,3825
s112114510056,s112114510057,1,3832,3833
s112114510056,s112114510059,1,3832,3835
s112114510056,s112114510061,1,3832,3837
s112114510056,s112114510063,1,3832,3839
s112114510057,s112114510056,1,3833,3832
s112114510057,s112114510060,1,3833,3836
s112114510057,s112114510062,1,3833,3838
s112114510057,s112114510063,1,3833,3839
s112114510058,s112114510057,1,3834,3833
s112114510058,s112114510060,1,3834,3836
s112114510058,s112114510064,1,3834,3840
s112114510059,s112114510053,1,3835,3831
s112114510059,s112114510056,1,3835,3832
s112114510059,s112114510063,1,3835,3839
s112114510060,s112114510056,1,3836,3832
s112114510060,s112114510057,1,3836,3833
s112114510060,s112114510061,1,3836,3837
s112114510061,s112114510056,1,3837,3832
s112114510061,s112114510064,1,3837,3840
s112114510062,s112114510056,1,3838,3832
s112114510062,s112114510057,1,3838,3833
s112114510062,s112114510061,1,3838,3837
s112114510062,s112114510063,1,3838,3839
s112114510063,s112114510056,1,3839,3832
s112114510063,s112114510057,1,3839,3833
s112114510063,s112114510059,1,3839,3835
s112114510063,s112114510061,1,3839,3837
s112114510063,s112114510064,1,3839,3840
s112114510064,s112114510057,1,3840,3833
s112114510064,s112114510071,1,3840,3845
s112114510066,s112114510067,1,3841,3842
s112114510066,s112114510073,1,3841,3847
s112114510066,s112114510074,1,3841,3848
s112114510066,s112114510075,1,3841,3849
s112114510066,s113114510003,1,3841,3850
s112114510067,s112114510066,1,3842,3841
s112114510067,s112114510075,1,3842,3849
s112114510069,s112114510070,1,3843,3844
s112114510069,s112114510071,1,3843,3845
s112114510069,s112114510072,1,3843,3846
s112114510070,s112114510061,1,3844,3837
s112114510070,s112114510071,1,3844,3845
s112114510070,s112114510072,1,3844,3846
s112114510070,s112114510075,1,3844,3849
s112114510071,s112114510069,1,3845,3843
s112114510071,s112114510070,1,3845,3844
s112114510071,s112114510072,1,3845,3846
s112114510071,s112114510075,1,3845,3849
s112114510072,s112114510069,1,3846,3843
s112114510072,s112114510070,1,3846,3844
s112114510072,s112114510071,1,3846,3845
s112114510072,s112114510073,1,3846,3847
s112114510072,s112114510075,1,3846,3849
s112114510073,s112114510069,1,3847,3843
s112114510073,s112114510070,1,3847,3844
s112114510073,s112114510071,1,3847,3845
s112114510073,s112114510072,1,3847,3846
s112114510073,s112114510075,1,3847,3849
s112114510074,s112114510075,1,3848,3849
s112114510074,s113114510003,1,3848,3850
s112114510075,s112114510069,1,3849,3843
s112114510075,s112114510070,1,3849,3844
s112114510075,s112114510071,1,3849,3845
s112114510075,s112114510072,1,3849,3846
s112114523025,s112114523027,1,3851,3853
s112114523025,s112114523029,1,3851,3855
s112114523025,s112114523032,1,3851,3858
s112114523027,s112114523030,1,3853,3856
s112114523027,s112114523039,1,3853,3862
s112114523028,s112114523029,1,3854,3855
s112114523028,s112114523030,1,3854,3856
s112114523028,s112114523034,1,3854,3859
s112114523028,s112114523039,1,3854,3862
s112114523028,s112114523046,1,3854,3869
s112114523029,s112114523027,1,3855,3853
s112114523029,s112114523030,1,3855,3856
s112114523029,s112114523031,1,3855,3857
s112114523029,s112114523032,1,3855,3858
s112114523030,s112114523027,1,3856,3853
s112114523030,s112114523029,1,3856,3855
s112114523030,s112114523031,1,3856,3857
s112114523031,s112114523029,1,3857,3855
s112114523031,s112114523030,1,3857,3856
s112114523031,s112114523032,1,3857,3858
s112114523031,s112114523040,1,3857,3863
s112114523031,s112114523042,1,3857,3865
s112114523032,s112114523031,1,3858,3857
s112114523032,s112114523039,1,3858,3862
s112114523032,s112114523040,1,3858,3863
s112114523032,s112114523042,1,3858,3865
s112114523032,s112114523050,1,3858,3873
s112114523034,s112114523032,1,3859,3858
s112114523034,s112114523040,1,3859,3863
s112114523034,s112114523042,1,3859,3865
s112114523034,s112114523044,1,3859,3867
s112114523037,s112114523039,1,3860,3862
s112114523037,s112114523040,1,3860,3863
s112114523037,s112114523042,1,3860,3865
s112114523037,s112114523047,1,3860,3870
s112114523037,s112114523050,1,3860,3873
s112114523038,s112114523041,1,3861,3864
s112114523038,s112114523046,1,3861,3869
s112114523039,s112114523032,1,3862,3858
s112114523039,s112114523037,1,3862,3860
s112114523039,s112114523047,1,3862,3870
s112114523039,s112114523050,1,3862,3873
s112114523040,s112114523032,1,3863,3858
s112114523040,s112114523042,1,3863,3865
s112114523041,s112114523038,1,3864,3861
s112114523041,s112114523042,1,3864,3865
s112114523042,s112114523031,1,3865,3857
s112114523042,s112114523032,1,3865,3858
s112114523042,s112114523040,1,3865,3863
s112114523043,s112114523044,1,3866,3867
s112114523043,s112114523045,1,3866,3868
s112114523043,s112114523046,1,3866,3869
s112114523043,s112114523048,1,3866,3871
s112114523044,s112114523038,1,3867,3861
s112114523044,s112114523041,1,3867,3864
s112114523044,s112114523043,1,3867,3866
s112114523044,s112114523045,1,3867,3868
s112114523044,s112114523046,1,3867,3869
s112114523045,s112114523043,1,3868,3866
s112114523045,s112114523046,1,3868,3869
s112114523046,s112114523038,1,3869,3861
s112114523046,s112114523043,1,3869,3866
s112114523046,s112114523044,1,3869,3867
s112114523046,s112114523045,1,3869,3868
s112114523046,s112114523048,1,3869,3871
s112114523047,s112114523037,1,3870,3860
s112114523047,s112114523039,1,3870,3862
s112114523047,s112114523050,1,3870,3873
s112114523048,s112114523034,1,3871,3859
s112114523048,s112114523044,1,3871,3867
s112114523048,s112114523046,1,3871,3869
s112114523049,s112114523032,1,3872,3858
s112114523049,s112114523050,1,3872,3873
s112114523050,s112114523037,1,3873,3860
s112114523050,s112114523039,1,3873,3862
s112114523050,s112114523040,1,3873,3863
s112114523050,s112114523042,1,3873,3865
s112114523050,s112114523047,1,3873,3870
s112114523058,s112114523060,1,3874,3875
s112114523061,s112114523060,1,3876,3875
s112114523061,s113114523003,1,3876,3888
s112114523062,s112114523063,1,3877,3878
s112114523062,s112114523076,1,3877,3883
s112114523062,s112114523078,1,3877,3884
s112114523062,s112114523079,1,3877,3885
s112114523063,s112114523062,1,3878,3877
s112114523063,s112114523076,1,3878,3883
s112114523063,s112114523078,1,3878,3884
s112114523063,s112114523079,1,3878,3885
s112114523066,s112114523062,1,3879,3877
s112114523066,s112114523063,1,3879,3878
s112114523069,s112114523080,1,3880,3886
s112114523069,s112114523082,1,3880,3887
s112114523072,s112114523073,1,3881,3882
s112114523072,s112114523079,1,3881,3885
s112114523072,s112114523080,1,3881,3886
s112114523073,s112114523072,1,3882,3881
s112114523076,s112114523062,1,3883,3877
s112114523076,s112114523063,1,3883,3878
s112114523076,s112114523078,1,3883,3884
s112114523076,s112114523079,1,3883,3885
s112114523078,s112114523062,1,3884,3877
s112114523078,s112114523063,1,3884,3878
s112114523078,s112114523076,1,3884,3883
s112114523078,s112114523079,1,3884,3885
s112114523079,s112114523062,1,3885,3877
s112114523079,s112114523063,1,3885,3878
s112114523079,s112114523076,1,3885,3883
s112114523079,s112114523078,1,3885,3884
s112114523080,s112114523069,1,3886,3880
s112114523080,s112114523082,1,3886,3887
s112114523082,s112114523069,1,3887,3880
s112114523082,s112114523080,1,3887,3886
s112114534024,s112114534029,1,3889,3892
s112114534024,s112114534030,1,3889,3893
s112114534024,s112114534031,1,3889,3894
s112114534025,s112114534026,1,3890,3891
s112114534025,s112114534032,1,3890,3895
s112114534025,s112114534034,1,3890,3896
s112114534026,s112114534025,1,3891,3890
s112114534026,s112114534037,1,3891,3899
s112114534026,s112114534044,1,3891,3906
s112114534026,s113114534003,1,3891,3907
s112114534029,s112114534024,1,3892,3889
s112114534029,s112114534030,1,3892,3893
s112114534029,s112114534035,1,3892,3897
s112114534030,s112114534024,1,3893,3889
s112114534030,s112114534029,1,3893,3892
s112114534030,s112114534031,1,3893,3894
s112114534031,s112114534024,1,3894,3889
s112114534031,s112114534025,1,3894,3890
s112114534031,s112114534030,1,3894,3893
s112114534032,s112114534025,1,3895,3890
s112114534032,s112114534026,1,3895,3891
s112114534032,s112114534041,1,3895,3903
s112114534032,s112114534044,1,3895,3906
s112114534034,s112114534025,1,3896,3890
s112114534034,s112114534026,1,3896,3891
s112114534034,s112114534036,1,3896,3898
s112114534034,s112114534042,1,3896,3904
s112114534034,s113114534003,1,3896,3907
s112114534036,s112114534025,1,3898,3890
s112114534036,s112114534039,1,3898,3901
s112114534037,s112114534026,1,3899,3891
s112114534037,s112114534036,1,3899,3898
s112114534037,s112114534039,1,3899,3901
s112114534037,s113114534003,1,3899,3907
s112114534038,s112114534037,1,3900,3899
s112114534038,s112114534039,1,3900,3901
s112114534038,s112114534044,1,3900,3906
s112114534038,s113114534003,1,3900,3907
s112114534039,s112114534025,1,3901,3890
s112114534039,s112114534037,1,3901,3899
s112114534039,s112114534038,1,3901,3900
s112114534039,s112114534041,1,3901,3903
s112114534039,s113114534003,1,3901,3907
s112114534040,s112114534035,1,3902,3897
s112114534040,s112114534039,1,3902,3901
s112114534040,s112114534042,1,3902,3904
s112114534040,s112114534043,1,3902,3905
s112114534041,s112114534032,1,3903,3895
s112114534041,s112114534036,1,3903,3898
s112114534041,s112114534038,1,3903,3900
s112114534041,s112114534039,1,3903,3901
s112114534041,s112114534042,1,3903,3904
s112114534042,s112114534035,1,3904,3897
s112114534042,s112114534040,1,3904,3902
s112114534043,s112114534032,1,3905,3895
s112114534043,s112114534037,1,3905,3899
s112114534043,s112114534041,1,3905,3903
s112114534043,s112114534044,1,3905,3906
s112114534043,s113114534003,1,3905,3907
s112114534044,s112114534032,1,3906,3895
s112114534044,s112114534037,1,3906,3899
s112114534044,s112114534038,1,3906,3900
s112114534044,s112114534043,1,3906,3905
s112114534044,s113114534003,1,3906,3907
s112114534048,s112114534051,1,3908,3910
s112114534048,s112114534052,1,3908,3911
s112114534050,s112114534056,1,3909,3913
s112114534051,s112114534048,1,3910,3908
s112114534051,s112114534052,1,3910,3911
s112114534052,s112114534051,1,3911,3910
s112114534053,s113114534004,1,3912,3921
s112114534056,s112114534050,1,3913,3909
s112114534056,s112114534052,1,3913,3911
s112114534061,s112114534050,1,3915,3909
s112114534061,s112114534062,1,3915,3916
s112114534061,s112114534064,1,3915,3918
s112114534061,s112114534068,1,3915,3920
s112114534061,s113114534004,1,3915,3921
s112114534062,s112114534067,1,3916,3919
s112114534062,s112114534068,1,3916,3920
s112114534062,s113114534004,1,3916,3921
s112114534063,s112114534062,1,3917,3916
s112114534063,s112114534067,1,3917,3919
s112114534063,s112114534068,1,3917,3920
s112114534063,s113114534004,1,3917,3921
s112114534064,s112114534062,1,3918,3916
s112114534064,s112114534067,1,3918,3919
s112114534064,s112114534068,1,3918,3920
s112114534067,s112114534056,1,3919,3913
s112114534067,s112114534062,1,3919,3916
s112114534067,s112114534068,1,3919,3920
s112114534067,s113114534004,1,3919,3921
s112114534068,s112114534061,1,3920,3915
s112114534068,s112114534062,1,3920,3916
s112114534068,s112114534063,1,3920,3917
s112114534068,s112114534064,1,3920,3918
s112114534068,s113114534004,1,3920,3921
s112114537023,s113114537002,1,3922,3928
s112114537025,s112114537027,1,3923,3924
s112114537025,s112114537030,1,3923,3927
s112114537027,s112114537028,1,3924,3925
s112114537027,s112114537030,1,3924,3927
s112114537028,s112114537027,1,3925,3924
s112114537028,s112114537029,1,3925,3926
s112114537028,s112114537030,1,3925,3927
s112114537029,s112114537027,1,3926,3924
s112124311024,s112124311025,1,3940,3941
s112124311024,s112124311027,1,3940,3943
s112124311025,s112124311024,1,3941,3940
s112124311025,s112124311027,1,3941,3943
s112124311026,s112124311028,1,3942,3944
s112124311026,s112124311029,1,3942,3945
s112124311026,s112124311030,1,3942,3946
s112124311027,s112124311024,1,3943,3940
s112124311027,s112124311025,1,3943,3941
s112124311027,s112124311037,1,3943,3951
s112124311028,s112124311026,1,3944,3942
s112124311028,s112124311029,1,3944,3945
s112124311028,s112124311030,1,3944,3946
s112124311028,s112124311036,1,3944,3950
s112124311029,s112124311026,1,3945,3942
s112124311029,s112124311028,1,3945,3944
s112124311033,s112124311037,1,3947,3951
s112124311034,s112124311025,1,3948,3941
s112124311034,s112124311035,1,3948,3949
s112124311034,s112124311037,1,3948,3951
s112124311035,s112124311036,1,3949,3950
s112124311035,s112124311037,1,3949,3951
s112124311036,s112124311025,1,3950,3941
s112124311036,s112124311027,1,3950,3943
s112124311036,s112124311035,1,3950,3949
s112124311036,s112124311037,1,3950,3951
s112124311037,s112124311024,1,3951,3940
s112124311037,s112124311028,1,3951,3944
s112124311037,s112124311029,1,3951,3945
s112124311037,s112124311036,1,3951,3950
s112124311038,s112124311046,1,3952,3960
s112124311039,s112124311038,1,3953,3952
s112124311039,s113124311003,1,3953,3965
s112124311040,s112124311028,1,3954,3944
s112124311040,s112124311042,1,3954,3956
s112124311040,s112124311045,1,3954,3959
s112124311040,s112124311048,1,3954,3961
s112124311041,s112124311040,1,3955,3954
s112124311041,s112124311042,1,3955,3956
s112124311041,s112124311044,1,3955,3958
s112124311041,s112124311045,1,3955,3959
s112124311041,s112124311048,1,3955,3961
s112124311042,s112124311040,1,3956,3954
s112124311042,s112124311041,1,3956,3955
s112124311042,s112124311044,1,3956,3958
s112124311042,s112124311045,1,3956,3959
s112124311042,s112124311048,1,3956,3961
s112124311043,s112124311038,1,3957,3952
s112124311043,s112124311046,1,3957,3960
s112124311043,s112124311050,1,3957,3963
s112124311044,s112124311040,1,3958,3954
s112124311044,s112124311042,1,3958,3956
s112124311044,s112124311045,1,3958,3959
s112124311044,s112124311048,1,3958,3961
s112124311045,s112124311040,1,3959,3954
s112124311045,s112124311041,1,3959,3955
s112124311045,s112124311042,1,3959,3956
s112124311045,s112124311046,1,3959,3960
s112124311045,s112124311048,1,3959,3961
s112124311046,s112124311038,1,3960,3952
s112124311046,s112124311040,1,3960,3954
s112124311046,s112124311045,1,3960,3959
s112124311046,s112124311050,1,3960,3963
s112124311048,s112124311040,1,3961,3954
s112124311048,s112124311041,1,3961,3955
s112124311048,s112124311042,1,3961,3956
s112124311048,s112124311044,1,3961,3958
s112124311048,s112124311045,1,3961,3959
s112124311049,s112124311026,1,3962,3942
s112124311049,s112124311030,1,3962,3946
s112124311049,s112124311038,1,3962,3952
s112124311050,s112124311042,1,3963,3956
s112124311050,s112124311043,1,3963,3957
s112124311050,s112124311045,1,3963,3959
s112124311050,s112124311046,1,3963,3960
s112124311050,s112124311048,1,3963,3961
s112124311051,s112124311038,1,3964,3952
s112124311051,s112124311039,1,3964,3953
s112124311051,s112124311043,1,3964,3957
s112124311051,s112124311050,1,3964,3963
s112124311051,s113124311003,1,3964,3965
s112124311054,s112124311055,1,3966,3967
s112124311054,s112124311058,1,3966,3970
s112124311054,s112124311061,1,3966,3973
s112124311054,s112124311064,1,3966,3976
s112124311054,s112124311068,1,3966,3980
s112124311055,s112124311058,1,3967,3970
s112124311055,s112124311059,1,3967,3971
s112124311055,s112124311060,1,3967,3972
s112124311055,s112124311063,1,3967,3975
s112124311055,s112124311067,1,3967,3979
s112124311056,s112124311054,1,3968,3966
s112124311056,s112124311061,1,3968,3973
s112124311056,s112124311070,1,3968,3982
s112124311056,s112124311079,1,3968,3991
s112124311057,s112124311071,1,3969,3983
s112124311058,s112124311054,1,3970,3966
s112124311058,s112124311055,1,3970,3967
s112124311058,s112124311060,1,3970,3972
s112124311058,s112124311063,1,3970,3975
s112124311058,s112124311067,1,3970,3979
s112124311059,s112124311055,1,3971,3967
s112124311059,s112124311057,1,3971,3969
s112124311059,s112124311062,1,3971,3974
s112124311059,s112124311066,1,3971,3978
s112124311059,s112124311077,1,3971,3989
s112124311060,s112124311055,1,3972,3967
s112124311060,s112124311058,1,3972,3970
s112124311060,s112124311063,1,3972,3975
s112124311060,s112124311067,1,3972,3979
s112124311061,s112124311054,1,3973,3966
s112124311061,s112124311056,1,3973,3968
s112124311061,s112124311069,1,3973,3981
s112124311061,s112124311073,1,3973,3985
s112124311061,s112124311074,1,3973,3986
s112124311062,s112124311068,1,3974,3980
s112124311062,s112124311074,1,3974,3986
s112124311062,s112124311077,1,3974,3989
s112124311063,s112124311055,1,3975,3967
s112124311063,s112124311058,1,3975,3970
s112124311063,s112124311060,1,3975,3972
s112124311063,s112124311064,1,3975,3976
s112124311063,s112124311067,1,3975,3979
s112124311064,s112124311054,1,3976,3966
s112124311064,s112124311058,1,3976,3970
s112124311064,s112124311061,1,3976,3973
s112124311064,s112124311063,1,3976,3975
s112124311064,s112124311067,1,3976,3979
s112124311065,s112124311059,1,3977,3971
s112124311065,s112124311064,1,3977,3976
s112124311065,s112124311067,1,3977,3979
s112124311065,s112124311068,1,3977,3980
s112124311065,s112124311079,1,3977,3991
s112124311066,s112124311059,1,3978,3971
s112124311066,s112124311061,1,3978,3973
s112124311066,s112124311068,1,3978,3980
s112124311066,s112124311073,1,3978,3985
s112124311066,s112124311076,1,3978,3988
s112124311067,s112124311055,1,3979,3967
s112124311067,s112124311058,1,3979,3970
s112124311067,s112124311060,1,3979,3972
s112124311067,s112124311063,1,3979,3975
s112124311067,s112124311072,1,3979,3984
s112124311068,s112124311060,1,3980,3972
s112124311068,s112124311071,1,3980,3983
s112124311068,s112124311072,1,3980,3984
s112124311068,s112124311078,1,3980,3990
s112124311069,s112124311061,1,3981,3973
s112124311069,s112124311063,1,3981,3975
s112124311069,s112124311066,1,3981,3978
s112124311069,s112124311073,1,3981,3985
s112124311069,s112124311074,1,3981,3986
s112124311070,s112124311056,1,3982,3968
s112124311070,s112124311061,1,3982,3973
s112124311070,s112124311066,1,3982,3978
s112124311070,s112124311076,1,3982,3988
s112124311070,s112124311079,1,3982,3991
s112124311071,s112124311057,1,3983,3969
s112124311071,s112124311072,1,3983,3984
s112124311071,s112124311075,1,3983,3987
s112124311071,s112124311076,1,3983,3988
s112124311071,s112124311078,1,3983,3990
s112124311072,s112124311059,1,3984,3971
s112124311072,s112124311062,1,3984,3974
s112124311072,s112124311068,1,3984,3980
s112124311072,s112124311077,1,3984,3989
s112124311072,s112124311078,1,3984,3990
s112124311073,s112124311061,1,3985,3973
s112124311073,s112124311066,1,3985,3978
s112124311073,s112124311069,1,3985,3981
s112124311073,s112124311074,1,3985,3986
s112124311074,s112124311061,1,3986,3973
s112124311074,s112124311062,1,3986,3974
s112124311074,s112124311066,1,3986,3978
s112124311074,s112124311069,1,3986,3981
s112124311074,s112124311073,1,3986,3985
s112124311075,s112124311057,1,3987,3969
s112124311075,s112124311071,1,3987,3983
s112124311077,s112124311068,1,3989,3980
s112124311077,s112124311071,1,3989,3983
s112124311077,s112124311072,1,3989,3984
s112124311077,s112124311074,1,3989,3986
s112124311077,s112124311078,1,3989,3990
s112124311078,s112124311057,1,3990,3969
s112124311078,s112124311068,1,3990,3980
s112124311078,s112124311072,1,3990,3984
s112124311078,s112124311075,1,3990,3987
s112124311078,s112124311077,1,3990,3989
s112124311079,s112124311054,1,3991,3966
s112124311079,s112124311056,1,3991,3968
s112124311079,s112124311061,1,3991,3973
s112124311079,s112124311076,1,3991,3988
s112124311079,s112124311080,1,3991,3992
s112124311080,s112124311076,1,3992,3988
s112124311080,s112124311079,1,3992,3991
s112124322024,s112124322025,1,3994,3995
s112124322024,s112124322028,1,3994,3998
s112124322024,s112124322034,1,3994,4004
s112124322024,s112124322035,1,3994,4005
s112124322024,s112124322036,1,3994,4006
s112124322025,s112124322024,1,3995,3994
s112124322025,s112124322026,1,3995,3996
s112124322025,s112124322030,1,3995,4000
s112124322025,s112124322035,1,3995,4005
s112124322025,s112124322039,1,3995,4009
s112124322026,s112124322024,1,3996,3994
s112124322026,s112124322025,1,3996,3995
s112124322026,s112124322028,1,3996,3998
s112124322026,s112124322035,1,3996,4005
s112124322026,s112124322047,1,3996,4016
s112124322027,s112124322032,1,3997,4002
s112124322027,s112124322034,1,3997,4004
s112124322028,s112124322037,1,3998,4007
s112124322028,s112124322045,1,3998,4014
s112124322029,s112124322025,1,3999,3995
s112124322029,s112124322030,1,3999,4000
s112124322029,s112124322035,1,3999,4005
s112124322030,s112124322029,1,4000,3999
s112124322031,s112124322028,1,4001,3998
s112124322031,s112124322029,1,4001,3999
s112124322031,s112124322030,1,4001,4000
s112124322032,s112124322027,1,4002,3997
s112124322032,s112124322034,1,4002,4004
s112124322033,s112124322044,1,4003,4013
s112124322033,s112124322046,1,4003,4015
s112124322033,s112124322048,1,4003,4017
s112124322033,s112124322049,1,4003,4018
s112124322035,s112124322024,1,4005,3994
s112124322035,s112124322025,1,4005,3995
s112124322035,s112124322029,1,4005,3999
s112124322035,s112124322030,1,4005,4000
s112124322036,s112124322024,1,4006,3994
s112124322036,s112124322028,1,4006,3998
s112124322036,s112124322033,1,4006,4003
s112124322036,s112124322034,1,4006,4004
s112124322036,s112124322035,1,4006,4005
s112124322037,s112124322036,1,4007,4006
s112124322037,s112124322038,1,4007,4008
s112124322037,s112124322039,1,4007,4009
s112124322037,s112124322047,1,4007,4016
s112124322037,s112124322048,1,4007,4017
s112124322038,s112124322034,1,4008,4004
s112124322038,s112124322037,1,4008,4007
s112124322038,s112124322039,1,4008,4009
s112124322038,s112124322044,1,4008,4013
s112124322038,s112124322045,1,4008,4014
s112124322039,s112124322025,1,4009,3995
s112124322039,s112124322038,1,4009,4008
s112124322039,s112124322042,1,4009,4011
s112124322039,s112124322044,1,4009,4013
s112124322039,s112124322049,1,4009,4018
s112124322041,s112124322047,1,4010,4016
s112124322042,s112124322038,1,4011,4008
s112124322042,s112124322039,1,4011,4009
s112124322042,s112124322044,1,4011,4013
s112124322042,s112124322045,1,4011,4014
s112124322042,s112124322049,1,4011,4018
s112124322043,s112124322037,1,4012,4007
s112124322043,s112124322038,1,4012,4008
s112124322043,s112124322039,1,4012,4009
s112124322043,s112124322045,1,4012,4014
s112124322043,s112124322046,1,4012,4015
s112124322044,s112124322033,1,4013,4003
s112124322044,s112124322038,1,4013,4008
s112124322044,s112124322039,1,4013,4009
s112124322044,s112124322048,1,4013,4017
s112124322044,s112124322049,1,4013,4018
s112124322045,s112124322042,1,4014,4011
s112124322045,s112124322044,1,4014,4013
s112124322045,s112124322046,1,4014,4015
s112124322045,s112124322048,1,4014,4017
s112124322045,s112124322049,1,4014,4018
s112124322046,s112124322037,1,4015,4007
s112124322046,s112124322038,1,4015,4008
s112124322046,s112124322039,1,4015,4009
s112124322046,s112124322044,1,4015,4013
s112124322046,s112124322045,1,4015,4014
s112124322047,s112124322030,1,4016,4000
s112124322047,s112124322037,1,4016,4007
s112124322047,s112124322038,1,4016,4008
s112124322047,s112124322041,1,4016,4010
s112124322047,s112124322044,1,4016,4013
s112124322048,s112124322033,1,4017,4003
s112124322048,s112124322039,1,4017,4009
s112124322048,s112124322042,1,4017,4011
s112124322048,s112124322044,1,4017,4013
s112124322048,s112124322049,1,4017,4018
s112124322049,s112124322033,1,4018,4003
s112124322049,s112124322039,1,4018,4009
s112124322049,s112124322042,1,4018,4011
s112124322049,s112124322044,1,4018,4013
s112124322049,s112124322048,1,4018,4017
s112124322052,s112124322054,1,4019,4021
s112124322052,s112124322055,1,4019,4022
s112124322052,s112124322058,1,4019,4025
s112124322052,s112124322061,1,4019,4028
s112124322052,s112124322062,1,4019,4029
s112124322053,s112124322057,1,4020,4024
s112124322053,s112124322060,1,4020,4027
s112124322053,s112124322070,1,4020,4037
s112124322053,s112124322071,1,4020,4038
s112124322053,s112124322073,1,4020,4040
s112124322054,s112124322052,1,4021,4019
s112124322054,s112124322055,1,4021,4022
s112124322054,s112124322058,1,4021,4025
s112124322055,s112124322052,1,4022,4019
s112124322055,s112124322054,1,4022,4021
s112124322055,s112124322058,1,4022,4025
s112124322056,s112124322059,1,4023,4026
s112124322057,s112124322053,1,4024,4020
s112124322057,s112124322059,1,4024,4026
s112124322058,s112124322052,1,4025,4019
s112124322058,s112124322053,1,4025,4020
s112124322058,s112124322054,1,4025,4021
s112124322058,s112124322055,1,4025,4022
s112124322058,s112124322057,1,4025,4024
s112124322059,s112124322053,1,4026,4020
s112124322059,s112124322056,1,4026,4023
s112124322059,s112124322060,1,4026,4027
s112124322059,s112124322065,1,4026,4032
s112124322059,s112124322073,1,4026,4040
s112124322060,s112124322053,1,4027,4020
s112124322060,s112124322057,1,4027,4024
s112124322060,s112124322065,1,4027,4032
s112124322060,s112124322066,1,4027,4033
s112124322060,s112124322073,1,4027,4040
s112124322061,s112124322052,1,4028,4019
s112124322061,s112124322054,1,4028,4021
s112124322061,s112124322055,1,4028,4022
s112124322061,s112124322058,1,4028,4025
s112124322061,s112124322062,1,4028,4029
s112124322062,s112124322052,1,4029,4019
s112124322062,s112124322054,1,4029,4021
s112124322062,s112124322055,1,4029,4022
s112124322062,s112124322058,1,4029,4025
s112124322062,s112124322063,1,4029,4030
s112124322063,s112124322052,1,4030,4019
s112124322063,s112124322058,1,4030,4025
s112124322065,s112124322067,1,4032,4034
s112124322065,s112124322068,1,4032,4035
s112124322065,s112124322070,1,4032,4037
s112124322065,s112124322075,1,4032,4042
s112124322067,s112124322065,1,4034,4032
s112124322067,s112124322066,1,4034,4033
s112124322067,s112124322070,1,4034,4037
s112124322067,s112124322073,1,4034,4040
s112124322068,s112124322065,1,4035,4032
s112124322068,s112124322066,1,4035,4033
s112124322068,s112124322070,1,4035,4037
s112124322068,s112124322071,1,4035,4038
s112124322068,s112124322075,1,4035,4042
s112124322069,s112124322054,1,4036,4021
s112124322069,s112124322067,1,4036,4034
s112124322069,s112124322072,1,4036,4039
s112124322069,s112124322073,1,4036,4040
s112124322069,s112124322074,1,4036,4041
s112124322070,s112124322065,1,4037,4032
s112124322070,s112124322066,1,4037,4033
s112124322070,s112124322067,1,4037,4034
s112124322070,s112124322073,1,4037,4040
s112124322070,s112124322075,1,4037,4042
s112124322071,s112124322060,1,4038,4027
s112124322071,s112124322068,1,4038,4035
s112124322072,s112124322052,1,4039,4019
s112124322072,s112124322054,1,4039,4021
s112124322072,s112124322055,1,4039,4022
s112124322072,s112124322058,1,4039,4025
s112124322073,s112124322060,1,4040,4027
s112124322073,s112124322065,1,4040,4032
s112124322073,s112124322066,1,4040,4033
s112124322073,s112124322070,1,4040,4037
s112124322073,s112124322075,1,4040,4042
s112124322074,s112124322069,1,4041,4036
s112124322074,s112124322070,1,4041,4037
s112124322075,s112124322065,1,4042,4032
s112124322075,s112124322066,1,4042,4033
s112124322075,s112124322067,1,4042,4034
s112124322075,s112124322068,1,4042,4035
s112124322075,s112124322070,1,4042,4037
s112124501026,s112124501033,1,4043,4047
s112124501026,s112124501038,1,4043,4051
s112124501028,s112124501026,1,4044,4043
s112124501028,s112124501032,1,4044,4046
s112124501028,s112124501034,1,4044,4048
s112124501031,s112124501033,1,4045,4047
s112124501031,s112124501038,1,4045,4051
s112124501031,s112124501042,1,4045,4055
s112124501032,s112124501026,1,4046,4043
s112124501032,s112124501031,1,4046,4045
s112124501032,s112124501033,1,4046,4047
s112124501033,s112124501026,1,4047,4043
s112124501033,s112124501031,1,4047,4045
s112124501033,s112124501032,1,4047,4046
s112124501034,s112124501028,1,4048,4044
s112124501034,s112124501032,1,4048,4046
s112124501036,s112124501038,1,4049,4051
s112124501036,s112124501040,1,4049,4053
s112124501036,s112124501041,1,4049,4054
s112124501036,s112124501042,1,4049,4055
s112124501037,s112124501036,1,4050,4049
s112124501037,s112124501040,1,4050,4053
s112124501037,s112124501041,1,4050,4054
s112124501038,s112124501032,1,4051,4046
s112124501038,s112124501039,1,4051,4052
s112124501038,s112124501040,1,4051,4053
s112124501038,s112124501042,1,4051,4055
s112124501038,s112124501045,1,4051,4056
s112124501039,s112124501036,1,4052,4049
s112124501039,s112124501041,1,4052,4054
s112124501040,s112124501037,1,4053,4050
s112124501040,s112124501038,1,4053,4051
s112124501040,s112124501042,1,4053,4055
s112124501040,s112124501045,1,4053,4056
s112124501041,s112124501036,1,4054,4049
s112124501041,s112124501040,1,4054,4053
s112124501041,s112124501042,1,4054,4055
s112124501041,s112124501045,1,4054,4056
s112124501042,s112124501036,1,4055,4049
s112124501042,s112124501038,1,4055,4051
s112124501042,s112124501040,1,4055,4053
s112124501042,s112124501041,1,4055,4054
s112124501042,s112124501045,1,4055,4056
s112124501045,s112124501036,1,4056,4049
s112124501045,s112124501038,1,4056,4051
s112124501045,s112124501040,1,4056,4053
s112124501045,s112124501042,1,4056,4055
s112124501048,s112124501050,1,4057,4059
s112124501048,s112124501051,1,4057,4060
s112124501048,s112124501057,1,4057,4065
s112124501048,s112124501058,1,4057,4066
s112124501049,s112124501054,1,4058,4062
s112124501049,s112124501055,1,4058,4063
s112124501049,s112124501058,1,4058,4066
s112124501049,s112124501060,1,4058,4068
s112124501050,s112124501048,1,4059,4057
s112124501050,s112124501058,1,4059,4066
s112124501050,s112124501059,1,4059,4067
s112124501051,s112124501049,1,4060,4058
s112124501051,s112124501055,1,4060,4063
s112124501051,s112124501058,1,4060,4066
s112124501051,s112124501059,1,4060,4067
s112124501053,s112124501054,1,4061,4062
s112124501053,s112124501055,1,4061,4063
s112124501053,s112124501057,1,4061,4065
s112124501053,s112124501058,1,4061,4066
s112124501054,s112124501049,1,4062,4058
s112124501054,s112124501055,1,4062,4063
s112124501054,s112124501058,1,4062,4066
s112124501054,s112124501060,1,4062,4068
s112124501054,s112124501061,1,4062,4069
s112124501055,s112124501049,1,4063,4058
s112124501055,s112124501054,1,4063,4062
s112124501055,s112124501058,1,4063,4066
s112124501055,s112124501060,1,4063,4068
s112124501056,s112124501054,1,4064,4062
s112124501056,s112124501057,1,4064,4065
s112124501056,s112124501058,1,4064,4066
s112124501056,s112124501059,1,4064,4067
s112124501057,s112124501056,1,4065,4064
s112124501057,s112124501058,1,4065,4066
s112124501057,s112124501059,1,4065,4067
s112124501057,s112124501068,1,4065,4074
s112124501059,s112124501051,1,4067,4060
s112124501059,s112124501060,1,4067,4068
s112124501059,s112124501061,1,4067,4069
s112124501059,s112124501063,1,4067,4071
s112124501059,s112124501069,1,4067,4075
s112124501060,s112124501054,1,4068,4062
s112124501060,s112124501061,1,4068,4069
s112124501061,s112124501054,1,4069,4062
s112124501061,s112124501055,1,4069,4063
s112124501061,s112124501060,1,4069,4068
s112124501062,s112124501061,1,4070,4069
s112124501062,s112124501063,1,4070,4071
s112124501062,s112124501068,1,4070,4074
s112124501062,s112124501069,1,4070,4075
s112124501063,s112124501054,1,4071,4062
s112124501063,s112124501060,1,4071,4068
s112124501063,s112124501061,1,4071,4069
s112124501063,s112124501062,1,4071,4070
s112124501063,s112124501069,1,4071,4075
s112124501064,s112124501051,1,4072,4060
s112124501064,s112124501062,1,4072,4070
s112124501064,s112124501063,1,4072,4071
s112124501064,s112124501068,1,4072,4074
s112124501066,s112124501060,1,4073,4068
s112124501066,s112124501061,1,4073,4069
s112124501066,s112124501062,1,4073,4070
s112124501066,s112124501063,1,4073,4071
s112124501066,s112124501069,1,4073,4075
s112124501068,s112124501057,1,4074,4065
s112124501068,s112124501061,1,4074,4069
s112124501068,s112124501062,1,4074,4070
s112124501068,s112124501063,1,4074,4071
s112124501069,s112124501059,1,4075,4067
s112124501069,s112124501060,1,4075,4068
s112124501069,s112124501063,1,4075,4071
s112124501069,s112124501068,1,4075,4074
s112124503025,s112124503033,1,4076,4082
s112124503025,s112124503034,1,4076,4083
s112124503025,s112124503035,1,4076,4084
s112124503025,s112124503036,1,4076,4085
s112124503027,s112124503028,1,4077,4078
s112124503027,s112124503030,1,4077,4080
s112124503027,s112124503031,1,4077,4081
s112124503028,s112124503027,1,4078,4077
s112124503028,s112124503031,1,4078,4081
s112124503028,s112124503037,1,4078,4086
s112124503030,s112124503027,1,4080,4077
s112124503030,s112124503028,1,4080,4078
s112124503030,s112124503031,1,4080,4081
s112124503030,s112124503037,1,4080,4086
s112124503031,s112124503027,1,4081,4077
s112124503031,s112124503028,1,4081,4078
s112124503031,s112124503037,1,4081,4086
s112124503033,s112124503025,1,4082,4076
s112124503033,s112124503034,1,4082,4083
s112124503033,s112124503035,1,4082,4084
s112124503033,s112124503036,1,4082,4085
s112124503033,s112124503037,1,4082,4086
s112124503034,s112124503025,1,4083,4076
s112124503034,s112124503033,1,4083,4082
s112124503034,s112124503035,1,4083,4084
s112124503034,s112124503036,1,4083,4085
s112124503034,s113124503004,1,4083,4095
s112124503035,s112124503025,1,4084,4076
s112124503035,s112124503033,1,4084,4082
s112124503035,s112124503034,1,4084,4083
s112124503035,s112124503036,1,4084,4085
s112124503035,s113124503004,1,4084,4095
s112124503036,s112124503025,1,4085,4076
s112124503036,s112124503033,1,4085,4082
s112124503036,s112124503034,1,4085,4083
s112124503036,s112124503035,1,4085,4084
s112124503036,s113124503004,1,4085,4095
s112124503037,s112124503028,1,4086,4078
s112124503037,s112124503030,1,4086,4080
s112124503037,s112124503031,1,4086,4081
s112124503038,s112124503041,1,4087,4089
s112124503038,s112124503046,1,4087,4092
s112124503038,s112124503048,1,4087,4093
s112124503038,s113124503003,1,4087,4094
s112124503039,s112124503043,1,4088,4090
s112124503039,s112124503046,1,4088,4092
s112124503039,s112124503048,1,4088,4093
s112124503041,s112124503039,1,4089,4088
s112124503041,s112124503044,1,4089,4091
s112124503041,s112124503048,1,4089,4093
s112124503043,s112124503039,1,4090,4088
s112124503043,s112124503044,1,4090,4091
s112124503043,s112124503046,1,4090,4092
s112124503044,s112124503037,1,4091,4086
s112124503044,s112124503043,1,4091,4090
s112124503044,s113124503004,1,4091,4095
s112124503046,s112124503039,1,4092,4088
s112124503046,s112124503043,1,4092,4090
s112124503048,s112124503038,1,4093,4087
s112124503048,s112124503041,1,4093,4089
s112124503048,s112124503044,1,4093,4091
s112124503051,s112124503057,1,4096,4101
s112124503051,s112124503058,1,4096,4102
s112124503051,s112124503078,1,4096,4114
s112124503052,s112124503051,1,4097,4096
s112124503052,s112124503058,1,4097,4102
s112124503052,s112124503063,1,4097,4104
s112124503054,s112124503055,1,4098,4099
s112124503054,s112124503056,1,4098,4100
s112124503054,s112124503076,1,4098,4113
s112124503055,s112124503054,1,4099,4098
s112124503055,s112124503056,1,4099,4100
s112124503055,s112124503062,1,4099,4103
s112124503055,s112124503076,1,4099,4113
s112124503056,s112124503054,1,4100,4098
s112124503056,s112124503055,1,4100,4099
s112124503056,s112124503076,1,4100,4113
s112124503056,s112124503078,1,4100,4114
s112124503057,s112124503058,1,4101,4102
s112124503057,s112124503078,1,4101,4114
s112124503058,s112124503057,1,4102,4101
s112124503058,s112124503071,1,4102,4110
s112124503058,s112124503074,1,4102,4112
s112124503062,s112124503055,1,4103,4099
s112124503062,s112124503076,1,4103,4113
s112124503063,s112124503065,1,4104,4105
s112124503063,s112124503067,1,4104,4107
s112124503065,s112124503063,1,4105,4104
s112124503065,s112124503067,1,4105,4107
s112124503066,s112124503068,1,4106,4108
s112124503066,s112124503069,1,4106,4109
s112124503066,s112124503072,1,4106,4111
s112124503067,s112124503063,1,4107,4104
s112124503067,s112124503065,1,4107,4105
s112124503068,s112124503066,1,4108,4106
s112124503068,s112124503069,1,4108,4109
s112124503068,s112124503072,1,4108,4111
s112124503069,s112124503066,1,4109,4106
s112124503069,s112124503068,1,4109,4108
s112124503069,s112124503072,1,4109,4111
s112124503069,s112124503078,1,4109,4114
s112124503071,s112124503074,1,4110,4112
s112124503072,s112124503066,1,4111,4106
s112124503072,s112124503068,1,4111,4108
s112124503072,s112124503069,1,4111,4109
s112124503074,s112124503056,1,4112,4100
s112124503074,s112124503057,1,4112,4101
s112124503074,s112124503058,1,4112,4102
s112124503074,s112124503071,1,4112,4110
s112124503076,s112124503054,1,4113,4098
s112124503076,s112124503055,1,4113,4099
s112124503076,s112124503078,1,4113,4114
s112124503078,s112124503054,1,4114,4098
s112124503078,s112124503056,1,4114,4100
s112124503078,s112124503076,1,4114,4113
s112124507024,s112124507025,1,4115,4116
s112124507024,s112124507026,1,4115,4117
s112124507024,s112124507027,1,4115,4118
s112124507024,s112124507031,1,4115,4122
s112124507024,s112124507040,1,4115,4127
s112124507025,s112124507024,1,4116,4115
s112124507025,s112124507027,1,4116,4118
s112124507025,s112124507028,1,4116,4119
s112124507025,s112124507029,1,4116,4120
s112124507025,s112124507031,1,4116,4122
s112124507026,s112124507024,1,4117,4115
s112124507026,s112124507027,1,4117,4118
s112124507026,s112124507028,1,4117,4119
s112124507026,s112124507029,1,4117,4120
s112124507026,s112124507031,1,4117,4122
s112124507027,s112124507028,1,4118,4119
s112124507027,s112124507029,1,4118,4120
s112124507027,s112124507031,1,4118,4122
s112124507027,s112124507043,1,4118,4130
s112124507028,s112124507029,1,4119,4120
s112124507029,s112124507027,1,4120,4118
s112124507029,s112124507028,1,4120,4119
s112124507029,s112124507031,1,4120,4122
s112124507029,s112124507032,1,4120,4123
s112124507030,s112124507027,1,4121,4118
s112124507030,s112124507028,1,4121,4119
s112124507030,s112124507029,1,4121,4120
s112124507030,s112124507031,1,4121,4122
s112124507030,s112124507032,1,4121,4123
s112124507031,s112124507025,1,4122,4116
s112124507031,s112124507027,1,4122,4118
s112124507031,s112124507028,1,4122,4119
s112124507031,s112124507029,1,4122,4120
s112124507031,s112124507032,1,4122,4123
s112124507032,s112124507027,1,4123,4118
s112124507032,s112124507028,1,4123,4119
s112124507032,s112124507029,1,4123,4120
s112124507032,s112124507030,1,4123,4121
s112124507032,s112124507031,1,4123,4122
s112124507034,s112124507035,1,4124,4125
s112124507034,s112124507040,1,4124,4127
s112124507034,s112124507043,1,4124,4130
s112124507034,s112124507046,1,4124,4132
s112124507035,s112124507041,1,4125,4128
s112124507035,s112124507043,1,4125,4130
s112124507035,s112124507045,1,4125,4131
s112124507035,s112124507046,1,4125,4132
s112124507036,s112124507043,1,4126,4130
s112124507036,s112124507045,1,4126,4131
s112124507040,s112124507035,1,4127,4125
s112124507040,s112124507041,1,4127,4128
s112124507040,s112124507043,1,4127,4130
s112124507041,s112124507029,1,4128,4120
s112124507041,s112124507035,1,4128,4125
s112124507041,s112124507043,1,4128,4130
s112124507042,s112124507028,1,4129,4119
s112124507042,s112124507035,1,4129,4125
s112124507042,s112124507040,1,4129,4127
s112124507042,s112124507043,1,4129,4130
s112124507043,s112124507035,1,4130,4125
s112124507043,s112124507036,1,4130,4126
s112124507043,s112124507045,1,4130,4131
s112124507045,s112124507035,1,4131,4125
s112124507045,s112124507041,1,4131,4128
s112124507045,s112124507043,1,4131,4130
s112124507045,s112124507046,1,4131,4132
s112124507046,s112124507035,1,4132,4125
s112124507046,s112124507036,1,4132,4126
s112124507046,s112124507045,1,4132,4131
s112124507049,s112124507051,1,4133,4135
s112124507049,s112124507055,1,4133,4139
s112124507049,s112124507056,1,4133,4140
s112124507049,s112124507058,1,4133,4142
s112124507050,s112124507049,1,4134,4133
s112124507050,s112124507054,1,4134,4138
s112124507050,s112124507055,1,4134,4139
s112124507050,s112124507057,1,4134,4141
s112124507050,s112124507066,1,4134,4148
s112124507051,s112124507049,1,4135,4133
s112124507051,s112124507056,1,4135,4140
s112124507051,s112124507057,1,4135,4141
s112124507051,s112124507058,1,4135,4142
s112124507052,s112124507051,1,4136,4135
s112124507052,s112124507053,1,4136,4137
s112124507052,s112124507054,1,4136,4138
s112124507052,s112124507065,1,4136,4147
s112124507052,s112124507072,1,4136,4144
s112124507053,s112124507050,1,4137,4134
s112124507053,s112124507051,1,4137,4135
s112124507053,s112124507052,1,4137,4136
s112124507053,s112124507054,1,4137,4138
s112124507053,s112124507057,1,4137,4141
s112124507054,s112124507049,1,4138,4133
s112124507054,s112124507050,1,4138,4134
s112124507054,s112124507055,1,4138,4139
s112124507054,s112124507056,1,4138,4140
s112124507055,s112124507049,1,4139,4133
s112124507055,s112124507050,1,4139,4134
s112124507055,s112124507054,1,4139,4138
s112124507055,s112124507057,1,4139,4141
s112124507056,s112124507051,1,4140,4135
s112124507056,s112124507058,1,4140,4142
s112124507057,s112124507049,1,4141,4133
s112124507057,s112124507051,1,4141,4135
s112124507057,s112124507056,1,4141,4140
s112124507057,s112124507058,1,4141,4142
s112124507058,s112124507049,1,4142,4133
s112124507058,s112124507051,1,4142,4135
s112124507058,s112124507056,1,4142,4140
s112124507059,s112124507051,1,4143,4135
s112124507059,s112124507056,1,4143,4140
s112124507059,s112124507065,1,4143,4147
s112124507059,s112124507069,1,4143,4150
s112124507059,s112124507072,1,4143,4144
s112124507061,s112124507059,1,4145,4143
s112124507061,s112124507066,1,4145,4148
s112124507061,s112124507067,1,4145,4149
s112124507061,s112124507072,1,4145,4144
s112124507064,s112124507050,1,4146,4134
s112124507064,s112124507069,1,4146,4150
s112124507065,s112124507052,1,4147,4136
s112124507065,s112124507064,1,4147,4146
s112124507065,s112124507067,1,4147,4149
s112124507065,s112124507072,1,4147,4144
s112124507066,s112124507052,1,4148,4136
s112124507066,s112124507056,1,4148,4140
s112124507066,s112124507059,1,4148,4143
s112124507066,s112124507069,1,4148,4150
s112124507067,s112124507064,1,4149,4146
s112124507067,s112124507065,1,4149,4147
s112124507067,s112124507069,1,4149,4150
s112124507069,s112124507049,1,4150,4133
s112124507072,s112124507061,1,4144,4145
s112124507072,s112124507065,1,4144,4147
s112124515024,s112124515029,1,4151,4155
s112124515024,s112124515030,1,4151,4156
s112124515024,s112124515034,1,4151,4160
s112124515024,s112124515042,1,4151,4168
s112124515024,s112124515049,1,4151,4175
s112124515025,s112124515032,1,4152,4158
s112124515025,s112124515035,1,4152,4161
s112124515025,s112124515036,1,4152,4162
s112124515025,s112124515037,1,4152,4163
s112124515025,s112124515047,1,4152,4173
s112124515027,s112124515028,1,4153,4154
s112124515027,s112124515031,1,4153,4157
s112124515027,s112124515032,1,4153,4158
s112124515028,s112124515027,1,4154,4153
s112124515029,s112124515024,1,4155,4151
s112124515029,s112124515030,1,4155,4156
s112124515029,s112124515033,1,4155,4159
s112124515029,s112124515034,1,4155,4160
s112124515029,s112124515042,1,4155,4168
s112124515030,s112124515024,1,4156,4151
s112124515030,s112124515029,1,4156,4155
s112124515030,s112124515033,1,4156,4159
s112124515030,s112124515034,1,4156,4160
s112124515030,s112124515042,1,4156,4168
s112124515031,s112124515027,1,4157,4153
s112124515031,s112124515028,1,4157,4154
s112124515031,s112124515032,1,4157,4158
s112124515032,s112124515031,1,4158,4157
s112124515032,s112124515033,1,4158,4159
s112124515032,s112124515036,1,4158,4162
s112124515033,s112124515030,1,4159,4156
s112124515033,s112124515032,1,4159,4158
s112124515033,s112124515036,1,4159,4162
s112124515033,s112124515047,1,4159,4173
s112124515034,s112124515024,1,4160,4151
s112124515034,s112124515029,1,4160,4155
s112124515034,s112124515042,1,4160,4168
s112124515034,s112124515049,1,4160,4175
s112124515035,s112124515024,1,4161,4151
s112124515035,s112124515025,1,4161,4152
s112124515035,s112124515029,1,4161,4155
s112124515035,s112124515033,1,4161,4159
s112124515035,s112124515036,1,4161,4162
s112124515036,s112124515025,1,4162,4152
s112124515036,s112124515029,1,4162,4155
s112124515036,s112124515034,1,4162,4160
s112124515036,s112124515035,1,4162,4161
s112124515036,s112124515049,1,4162,4175
s112124515037,s112124515040,1,4163,4166
s112124515037,s112124515041,1,4163,4167
s112124515037,s112124515042,1,4163,4168
s112124515037,s112124515044,1,4163,4170
s112124515037,s112124515049,1,4163,4175
s112124515038,s112124515037,1,4164,4163
s112124515038,s112124515039,1,4164,4165
s112124515038,s112124515040,1,4164,4166
s112124515038,s112124515042,1,4164,4168
s112124515038,s112124515049,1,4164,4175
s112124515039,s112124515036,1,4165,4162
s112124515039,s112124515038,1,4165,4164
s112124515039,s112124515044,1,4165,4170
s112124515039,s112124515046,1,4165,4172
s112124515039,s112124515049,1,4165,4175
s112124515040,s112124515037,1,4166,4163
s112124515040,s112124515038,1,4166,4164
s112124515040,s112124515041,1,4166,4167
s112124515040,s112124515042,1,4166,4168
s112124515040,s112124515045,1,4166,4171
s112124515041,s112124515037,1,4167,4163
s112124515041,s112124515040,1,4167,4166
s112124515041,s112124515042,1,4167,4168
s112124515042,s112124515024,1,4168,4151
s112124515042,s112124515029,1,4168,4155
s112124515042,s112124515034,1,4168,4160
s112124515042,s112124515037,1,4168,4163
s112124515042,s112124515049,1,4168,4175
s112124515043,s112124515039,1,4169,4165
s112124515043,s112124515044,1,4169,4170
s112124515043,s112124515045,1,4169,4171
s112124515043,s112124515046,1,4169,4172
s112124515043,s112124515048,1,4169,4174
s112124515044,s112124515040,1,4170,4166
s112124515044,s112124515043,1,4170,4169
s112124515044,s112124515045,1,4170,4171
s112124515044,s112124515047,1,4170,4173
s112124515044,s112124515049,1,4170,4175
s112124515045,s112124515037,1,4171,4163
s112124515045,s112124515040,1,4171,4166
s112124515045,s112124515041,1,4171,4167
s112124515045,s112124515044,1,4171,4170
s112124515045,s112124515049,1,4171,4175
s112124515046,s112124515038,1,4172,4164
s112124515046,s112124515039,1,4172,4165
s112124515046,s112124515043,1,4172,4169
s112124515046,s112124515044,1,4172,4170
s112124515046,s112124515048,1,4172,4174
s112124515047,s112124515029,1,4173,4155
s112124515047,s112124515040,1,4173,4166
s112124515047,s112124515041,1,4173,4167
s112124515047,s112124515042,1,4173,4168
s112124515047,s112124515049,1,4173,4175
s112124515048,s112124515038,1,4174,4164
s112124515048,s112124515039,1,4174,4165
s112124515048,s112124515043,1,4174,4169
s112124515048,s112124515046,1,4174,4172
s112124515048,s112124515049,1,4174,4175
s112124515049,s112124515029,1,4175,4155
s112124515049,s112124515034,1,4175,4160
s112124515049,s112124515037,1,4175,4163
s112124515049,s112124515042,1,4175,4168
s112124515049,s112124515044,1,4175,4170
s112124515052,s112124515053,1,4176,4177
s112124515052,s112124515055,1,4176,4179
s112124515052,s112124515074,1,4176,4196
s112124515052,s112124515077,1,4176,4199
s112124515053,s112124515052,1,4177,4176
s112124515053,s112124515055,1,4177,4179
s112124515053,s112124515058,1,4177,4182
s112124515053,s112124515074,1,4177,4196
s112124515053,s112124515077,1,4177,4199
s112124515054,s112124515052,1,4178,4176
s112124515054,s112124515055,1,4178,4179
s112124515054,s112124515060,1,4178,4184
s112124515054,s112124515061,1,4178,4185
s112124515054,s112124515077,1,4178,4199
s112124515055,s112124515052,1,4179,4176
s112124515055,s112124515064,1,4179,4188
s112124515055,s112124515074,1,4179,4196
s112124515055,s112124515077,1,4179,4199
s112124515056,s112124515057,1,4180,4181
s112124515056,s112124515059,1,4180,4183
s112124515056,s112124515063,1,4180,4187
s112124515057,s112124515056,1,4181,4180
s112124515057,s112124515059,1,4181,4183
s112124515057,s112124515063,1,4181,4187
s112124515058,s112124515060,1,4182,4184
s112124515058,s112124515061,1,4182,4185
s112124515059,s112124515056,1,4183,4180
s112124515059,s112124515057,1,4183,4181
s112124515059,s112124515063,1,4183,4187
s112124515060,s112124515053,1,4184,4177
s112124515060,s112124515054,1,4184,4178
s112124515060,s112124515058,1,4184,4182
s112124515060,s112124515061,1,4184,4185
s112124515060,s112124515062,1,4184,4186
s112124515061,s112124515058,1,4185,4182
s112124515061,s112124515060,1,4185,4184
s112124515061,s112124515062,1,4185,4186
s112124515063,s112124515056,1,4187,4180
s112124515063,s112124515057,1,4187,4181
s112124515063,s112124515059,1,4187,4183
s112124515063,s112124515065,1,4187,4189
s112124515063,s112124515072,1,4187,4194
s112124515064,s112124515053,1,4188,4177
s112124515064,s112124515058,1,4188,4182
s112124515064,s112124515061,1,4188,4185
s112124515064,s112124515074,1,4188,4196
s112124515064,s112124515077,1,4188,4199
s112124515065,s112124515068,1,4189,4190
s112124515065,s112124515070,1,4189,4192
s112124515065,s112124515071,1,4189,4193
s112124515065,s112124515072,1,4189,4194
s112124515068,s112124515065,1,4190,4189
s112124515068,s112124515070,1,4190,4192
s112124515068,s112124515072,1,4190,4194
s112124515068,s112124515075,1,4190,4197
s112124515070,s112124515065,1,4192,4189
s112124515070,s112124515068,1,4192,4190
s112124515070,s112124515072,1,4192,4194
s112124515070,s112124515073,1,4192,4195
s112124515070,s112124515075,1,4192,4197
s112124515071,s112124515065,1,4193,4189
s112124515071,s112124515068,1,4193,4190
s112124515071,s112124515070,1,4193,4192
s112124515071,s112124515073,1,4193,4195
s112124515071,s112124515075,1,4193,4197
s112124515072,s112124515065,1,4194,4189
s112124515072,s112124515068,1,4194,4190
s112124515072,s112124515070,1,4194,4192
s112124515072,s112124515071,1,4194,4193
s112124515074,s112124515052,1,4196,4176
s112124515074,s112124515055,1,4196,4179
s112124515074,s112124515056,1,4196,4180
s112124515074,s112124515064,1,4196,4188
s112124515074,s112124515076,1,4196,4198
s112124515075,s112124515068,1,4197,4190
s112124515075,s112124515070,1,4197,4192
s112124515075,s112124515071,1,4197,4193
s112124515075,s112124515073,1,4197,4195
s112124515076,s112124515064,1,4198,4188
s112124515076,s112124515074,1,4198,4196
s112124515077,s112124515052,1,4199,4176
s112124515077,s112124515055,1,4199,4179
s112124515077,s112124515064,1,4199,4188
s112124515077,s112124515074,1,4199,4196
s112124515077,s112124515076,1,4199,4198
s112124521024,s112124521026,1,4200,4202
s112124521024,s112124521029,1,4200,4204
s112124521024,s112124521033,1,4200,4207
s112124521024,s112124521038,1,4200,4211
s112124521025,s112124521032,1,4201,4206
s112124521026,s112124521036,1,4202,4209
s112124521026,s112124521039,1,4202,4212
s112124521027,s112124521029,1,4203,4204
s112124521027,s112124521031,1,4203,4205
s112124521027,s112124521038,1,4203,4211
s112124521029,s112124521032,1,4204,4206
s112124521029,s112124521035,1,4204,4208
s112124521031,s112124521027,1,4205,4203
s112124521031,s112124521033,1,4205,4207
s112124521031,s112124521037,1,4205,4210
s112124521031,s112124521038,1,4205,4211
s112124521032,s112124521024,1,4206,4200
s112124521033,s112124521035,1,4207,4208
s112124521033,s112124521037,1,4207,4210
s112124521035,s112124521029,1,4208,4204
s112124521035,s112124521037,1,4208,4210
s112124521035,s112124521048,1,4208,4220
s112124521036,s112124521025,1,4209,4201
s112124521036,s112124521026,1,4209,4202
s112124521036,s112124521031,1,4209,4205
s112124521036,s112124521035,1,4209,4208
s112124521037,s112124521029,1,4210,4204
s112124521037,s112124521031,1,4210,4205
s112124521037,s112124521033,1,4210,4207
s112124521037,s112124521035,1,4210,4208
s112124521037,s112124521038,1,4210,4211
s112124521038,s112124521031,1,4211,4205
s112124521038,s112124521035,1,4211,4208
s112124521038,s112124521037,1,4211,4210
s112124521039,s112124521026,1,4212,4202
s112124521039,s112124521041,1,4212,4214
s112124521039,s112124521042,1,4212,4215
s112124521039,s112124521047,1,4212,4219
s112124521040,s112124521029,1,4213,4204
s112124521040,s112124521039,1,4213,4212
s112124521040,s112124521044,1,4213,4217
s112124521040,s112124521047,1,4213,4219
s112124521040,s112124521048,1,4213,4220
s112124521041,s112124521039,1,4214,4212
s112124521041,s112124521040,1,4214,4213
s112124521041,s112124521042,1,4214,4215
s112124521041,s112124521047,1,4214,4219
s112124521042,s112124521039,1,4215,4212
s112124521042,s112124521041,1,4215,4214
s112124521043,s112124521029,1,4216,4204
s112124521043,s112124521036,1,4216,4209
s112124521043,s112124521041,1,4216,4214
s112124521043,s112124521048,1,4216,4220
s112124521043,s112124521050,1,4216,4222
s112124521044,s112124521041,1,4217,4214
s112124521044,s112124521049,1,4217,4221
s112124521044,s112124521050,1,4217,4222
s112124521044,s112124521051,1,4217,4223
s112124521044,s112124521052,1,4217,4224
s112124521046,s112124521040,1,4218,4213
s112124521046,s112124521047,1,4218,4219
s112124521046,s112124521051,1,4218,4223
s112124521046,s112124521052,1,4218,4224
s112124521047,s112124521039,1,4219,4212
s112124521047,s112124521041,1,4219,4214
s112124521047,s112124521042,1,4219,4215
s112124521047,s112124521046,1,4219,4218
s112124521048,s112124521041,1,4220,4214
s112124521048,s112124521044,1,4220,4217
s112124521048,s112124521049,1,4220,4221
s112124521048,s112124521050,1,4220,4222
s112124521048,s112124521052,1,4220,4224
s112124521049,s112124521044,1,4221,4217
s112124521049,s112124521047,1,4221,4219
s112124521049,s112124521050,1,4221,4222
s112124521049,s112124521051,1,4221,4223
s112124521049,s112124521052,1,4221,4224
s112124521050,s112124521043,1,4222,4216
s112124521050,s112124521044,1,4222,4217
s112124521050,s112124521048,1,4222,4220
s112124521050,s112124521049,1,4222,4221
s112124521051,s112124521024,1,4223,4200
s112124521051,s112124521044,1,4223,4217
s112124521051,s112124521046,1,4223,4218
s112124521051,s112124521049,1,4223,4221
s112124521051,s112124521052,1,4223,4224
s112124521052,s112124521024,1,4224,4200
s112124521052,s112124521046,1,4224,4218
s112124521052,s112124521047,1,4224,4219
s112124521052,s112124521049,1,4224,4221
s112124521052,s112124521051,1,4224,4223
s112124521055,s112124521059,1,4225,4229
s112124521055,s112124521060,1,4225,4230
s112124521055,s112124521065,1,4225,4234
s112124521055,s112124521071,1,4225,4240
s112124521055,s112124521080,1,4225,4249
s112124521056,s112124521059,1,4226,4229
s112124521056,s112124521065,1,4226,4234
s112124521056,s112124521070,1,4226,4239
s112124521056,s112124521073,1,4226,4242
s112124521056,s112124521076,1,4226,4245
s112124521057,s112124521059,1,4227,4229
s112124521057,s112124521060,1,4227,4230
s112124521057,s112124521065,1,4227,4234
s112124521057,s112124521066,1,4227,4235
s112124521058,s112124521066,1,4228,4235
s112124521058,s112124521076,1,4228,4245
s112124521058,s112124521077,1,4228,4246
s112124521058,s112124521079,1,4228,4248
s112124521058,s112124521081,1,4228,4250
s112124521059,s112124521055,1,4229,4225
s112124521059,s112124521056,1,4229,4226
s112124521059,s112124521058,1,4229,4228
s112124521059,s112124521064,1,4229,4233
s112124521059,s112124521065,1,4229,4234
s112124521060,s112124521061,1,4230,4231
s112124521060,s112124521062,1,4230,4232
s112124521060,s112124521064,1,4230,4233
s112124521060,s112124521065,1,4230,4234
s112124521060,s112124521066,1,4230,4235
s112124521061,s112124521055,1,4231,4225
s112124521061,s112124521060,1,4231,4230
s112124521061,s112124521062,1,4231,4232
s112124521061,s112124521064,1,4231,4233
s112124521061,s112124521065,1,4231,4234
s112124521062,s112124521055,1,4232,4225
s112124521062,s112124521060,1,4232,4230
s112124521062,s112124521064,1,4232,4233
s112124521062,s112124521065,1,4232,4234
s112124521062,s112124521080,1,4232,4249
s112124521064,s112124521061,1,4233,4231
s112124521064,s112124521062,1,4233,4232
s112124521064,s112124521065,1,4233,4234
s112124521064,s112124521066,1,4233,4235
s112124521065,s112124521060,1,4234,4230
s112124521065,s112124521061,1,4234,4231
s112124521065,s112124521062,1,4234,4232
s112124521065,s112124521064,1,4234,4233
s112124521066,s112124521058,1,4235,4228
s112124521066,s112124521060,1,4235,4230
s112124521066,s112124521064,1,4235,4233
s112124521066,s112124521069,1,4235,4238
s112124521066,s112124521074,1,4235,4243
s112124521067,s112124521060,1,4236,4230
s112124521067,s112124521064,1,4236,4233
s112124521067,s112124521065,1,4236,4234
s112124521067,s112124521066,1,4236,4235
s112124521068,s112124521056,1,4237,4226
s112124521068,s112124521065,1,4237,4234
s112124521069,s112124521076,1,4238,4245
s112124521069,s112124521080,1,4238,4249
s112124521069,s112124521083,1,4238,4252
s112124521070,s112124521073,1,4239,4242
s112124521070,s112124521078,1,4239,4247
s112124521070,s112124521082,1,4239,4251
s112124521071,s112124521055,1,4240,4225
s112124521071,s112124521074,1,4240,4243
s112124521071,s112124521075,1,4240,4244
s112124521072,s112124521077,1,4241,4246
s112124521073,s112124521056,1,4242,4226
s112124521073,s112124521070,1,4242,4239
s112124521073,s112124521071,1,4242,4240
s112124521073,s112124521080,1,4242,4249
s112124521073,s112124521082,1,4242,4251
s112124521074,s112124521071,1,4243,4240
s112124521074,s112124521075,1,4243,4244
s112124521075,s112124521069,1,4244,4238
s112124521075,s112124521071,1,4244,4240
s112124521075,s112124521074,1,4244,4243
s112124521075,s112124521076,1,4244,4245
s112124521076,s112124521056,1,4245,4226
s112124521076,s112124521077,1,4245,4246
s112124521076,s112124521079,1,4245,4248
s112124521076,s112124521080,1,4245,4249
s112124521076,s112124521081,1,4245,4250
s112124521077,s112124521072,1,4246,4241
s112124521077,s112124521076,1,4246,4245
s112124521077,s112124521079,1,4246,4248
s112124521077,s112124521081,1,4246,4250
s112124521078,s112124521056,1,4247,4226
s112124521078,s112124521070,1,4247,4239
s112124521078,s112124521075,1,4247,4244
s112124521078,s112124521076,1,4247,4245
s112124521079,s112124521076,1,4248,4245
s112124521079,s112124521077,1,4248,4246
s112124521079,s112124521080,1,4248,4249
s112124521079,s112124521081,1,4248,4250
s112124521080,s112124521056,1,4249,4226
s112124521080,s112124521058,1,4249,4228
s112124521080,s112124521073,1,4249,4242
s112124521080,s112124521076,1,4249,4245
s112124521081,s112124521076,1,4250,4245
s112124521081,s112124521077,1,4250,4246
s112124521081,s112124521079,1,4250,4248
s112124521082,s112124521070,1,4251,4239
s112124521082,s112124521078,1,4251,4247
s112124521082,s112124521083,1,4251,4252
s112124521083,s112124521069,1,4252,4238
s112124521083,s112124521076,1,4252,4245
s112124521083,s112124521080,1,4252,4249
s112124521083,s112124521081,1,4252,4250
s112124521083,s112124521082,1,4252,4251
s112124542025,s112124542026,1,4253,4254
s112124542025,s112124542027,1,4253,4255
s112124542026,s112124542025,1,4254,4253
s112124542026,s112124542027,1,4254,4255
s112124542027,s112124542025,1,4255,4253
s112124542027,s112124542026,1,4255,4254
s112124542028,s112124542029,1,4256,4257
s112124542028,s112124542031,1,4256,4258
s112124542028,s112124542032,1,4256,4259
s112124542028,s112124542033,1,4256,4260
s112124542029,s112124542026,1,4257,4254
s112124542029,s112124542028,1,4257,4256
s112124542029,s112124542031,1,4257,4258
s112124542029,s112124542033,1,4257,4260
s112124542031,s112124542025,1,4258,4253
s112124542032,s112124542028,1,4259,4256
s112124542032,s112124542029,1,4259,4257
s112124542032,s112124542031,1,4259,4258
s112124542032,s112124542033,1,4259,4260
s112124542033,s112124542028,1,4260,4256
s112124542033,s112124542029,1,4260,4257
s112124542033,s112124542031,1,4260,4258
s112124542033,s112124542032,1,4260,4259
s112124542037,s112124542039,1,4261,4263
s112124542037,s112124542040,1,4261,4264
s112124542037,s112124542046,1,4261,4270
s112124542037,s112124542051,1,4261,4272
s112124542038,s112124542037,1,4262,4261
s112124542038,s112124542039,1,4262,4263
s112124542038,s112124542040,1,4262,4264
s112124542038,s112124542042,1,4262,4266
s112124542038,s112124542051,1,4262,4272
s112124542039,s112124542038,1,4263,4262
s112124542039,s112124542040,1,4263,4264
s112124542039,s112124542045,1,4263,4269
s112124542039,s112124542051,1,4263,4272
s112124542040,s112124542037,1,4264,4261
s112124542040,s112124542038,1,4264,4262
s112124542040,s112124542039,1,4264,4263
s112124542040,s112124542046,1,4264,4270
s112124542040,s112124542051,1,4264,4272
s112124542041,s112124542047,1,4265,4271
s112124542042,s112124542038,1,4266,4262
s112124542042,s112124542047,1,4266,4271
s112124542043,s112124542040,1,4267,4264
s112124542043,s112124542042,1,4267,4266
s112124542043,s112124542044,1,4267,4268
s112124542043,s112124542045,1,4267,4269
s112124542043,s112124542046,1,4267,4270
s112124542044,s112124542037,1,4268,4261
s112124542044,s112124542039,1,4268,4263
s112124542044,s112124542043,1,4268,4267
s112124542044,s112124542045,1,4268,4269
s112124542044,s112124542046,1,4268,4270
s112124542045,s112124542039,1,4269,4263
s112124542045,s112124542040,1,4269,4264
s112124542045,s112124542043,1,4269,4267
s112124542045,s112124542044,1,4269,4268
s112124542045,s112124542051,1,4269,4272
s112124542046,s112124542037,1,4270,4261
s112124542046,s112124542040,1,4270,4264
s112124542046,s112124542043,1,4270,4267
s112124542046,s112124542044,1,4270,4268
s112124542046,s112124542051,1,4270,4272
s112124542047,s112124542041,1,4271,4265
s112124542047,s112124542042,1,4271,4266
s112124542047,s112124542043,1,4271,4267
s112124542047,s112124542045,1,4271,4269
s112124542047,s112124542046,1,4271,4270
s112124542051,s112124542039,1,4272,4263
s112124542051,s112124542040,1,4272,4264
s112124542051,s112124542043,1,4272,4267
s112124542051,s112124542044,1,4272,4268
s112124542051,s112124542046,1,4272,4270
s112124546025,s112124546038,1,4274,4286
s112124546026,s112124546028,1,4275,4276
s112124546026,s112124546029,1,4275,4277
s112124546026,s112124546030,1,4275,4278
s112124546026,s112124546031,1,4275,4279
s112124546028,s112124546029,1,4276,4277
s112124546029,s112124546026,1,4277,4275
s112124546029,s112124546028,1,4277,4276
s112124546029,s112124546030,1,4277,4278
s112124546029,s112124546031,1,4277,4279
s112124546030,s112124546026,1,4278,4275
s112124546030,s112124546028,1,4278,4276
s112124546030,s112124546029,1,4278,4277
s112124546030,s112124546031,1,4278,4279
s112124546031,s112124546026,1,4279,4275
s112124546031,s112124546028,1,4279,4276
s112124546031,s112124546029,1,4279,4277
s112124546031,s112124546041,1,4279,4289
s112124546032,s112124546033,1,4280,4281
s112124546032,s112124546035,1,4280,4283
s112124546032,s112124546038,1,4280,4286
s112124546032,s112124546039,1,4280,4287
s112124546032,s112124546041,1,4280,4289
s112124546033,s112124546032,1,4281,4280
s112124546033,s112124546034,1,4281,4282
s112124546033,s112124546038,1,4281,4286
s112124546033,s112124546039,1,4281,4287
s112124546033,s112124546042,1,4281,4290
s112124546034,s112124546033,1,4282,4281
s112124546034,s112124546035,1,4282,4283
s112124546034,s112124546037,1,4282,4285
s112124546034,s112124546038,1,4282,4286
s112124546034,s112124546039,1,4282,4287
s112124546035,s112124546032,1,4283,4280
s112124546035,s112124546034,1,4283,4282
s112124546035,s112124546036,1,4283,4284
s112124546035,s112124546040,1,4283,4288
s112124546035,s112124546041,1,4283,4289
s112124546036,s112124546030,1,4284,4278
s112124546036,s112124546035,1,4284,4283
s112124546036,s112124546038,1,4284,4286
s112124546036,s112124546042,1,4284,4290
s112124546037,s112124546040,1,4285,4288
s112124546039,s112124546033,1,4287,4281
s112124546039,s112124546034,1,4287,4282
s112124546039,s112124546037,1,4287,4285
s112124546039,s112124546038,1,4287,4286
s112124546039,s112124546040,1,4287,4288
s112124546040,s112124546033,1,4288,4281
s112124546040,s112124546035,1,4288,4283
s112124546040,s112124546037,1,4288,4285
s112124546040,s112124546039,1,4288,4287
s112124546040,s112124546041,1,4288,4289
s112124546041,s112124546032,1,4289,4280
s112124546041,s112124546035,1,4289,4283
s112124546041,s112124546037,1,4289,4285
s112124546041,s112124546039,1,4289,4287
s112124546041,s112124546040,1,4289,4288
s112124546042,s112124546030,1,4290,4278
s112124546042,s112124546031,1,4290,4279
s112124546042,s112124546034,1,4290,4282
s112124546042,s112124546036,1,4290,4284
s112124546042,s112124546038,1,4290,4286
s112124546046,s112124546045,1,4292,4291
s112124546046,s112124546047,1,4292,4293
s112124546046,s112124546048,1,4292,4294
s112124546046,s112124546050,1,4292,4296
s112124546046,s112124546051,1,4292,4297
s112124546047,s112124546045,1,4293,4291
s112124546047,s112124546046,1,4293,4292
s112124546047,s112124546048,1,4293,4294
s112124546047,s112124546050,1,4293,4296
s112124546047,s112124546051,1,4293,4297
s112124546048,s112124546045,1,4294,4291
s112124546048,s112124546047,1,4294,4293
s112124546048,s112124546050,1,4294,4296
s112124546048,s112124546051,1,4294,4297
s112124546048,s112124546061,1,4294,4306
s112124546049,s112124546045,1,4295,4291
s112124546049,s112124546046,1,4295,4292
s112124546049,s112124546047,1,4295,4293
s112124546049,s112124546048,1,4295,4294
s112124546049,s112124546050,1,4295,4296
s112124546050,s112124546046,1,4296,4292
s112124546050,s112124546048,1,4296,4294
s112124546050,s112124546052,1,4296,4298
s112124546050,s112124546061,1,4296,4306
s112124546051,s112124546045,1,4297,4291
s112124546051,s112124546046,1,4297,4292
s112124546051,s112124546047,1,4297,4293
s112124546051,s112124546048,1,4297,4294
s112124546051,s112124546049,1,4297,4295
s112124546052,s112124546046,1,4298,4292
s112124546052,s112124546050,1,4298,4296
s112124546052,s112124546057,1,4298,4302
s112124546052,s112124546058,1,4298,4303
s112124546052,s113124546003,1,4298,4309
s112124546053,s112124546048,1,4299,4294
s112124546053,s112124546051,1,4299,4297
s112124546053,s112124546059,1,4299,4304
s112124546053,s112124546061,1,4299,4306
s112124546054,s112124546062,1,4300,4307
s112124546056,s112124546052,1,4301,4298
s112124546056,s112124546057,1,4301,4302
s112124546056,s112124546058,1,4301,4303
s112124546056,s112124546063,1,4301,4308
s112124546056,s113124546003,1,4301,4309
s112124546057,s112124546052,1,4302,4298
s112124546057,s112124546053,1,4302,4299
s112124546057,s112124546056,1,4302,4301
s112124546057,s112124546058,1,4302,4303
s112124546057,s112124546061,1,4302,4306
s112124546058,s112124546052,1,4303,4298
s112124546058,s112124546056,1,4303,4301
s112124546058,s112124546057,1,4303,4302
s112124546058,s112124546063,1,4303,4308
s112124546058,s113124546003,1,4303,4309
s112124546059,s112124546053,1,4304,4299
s112124546059,s112124546054,1,4304,4300
s112124546059,s112124546062,1,4304,4307
s112124546061,s112124546048,1,4306,4294
s112124546061,s112124546050,1,4306,4296
s112124546061,s112124546052,1,4306,4298
s112124546061,s112124546053,1,4306,4299
s112124546061,s112124546057,1,4306,4302
s112124546062,s112124546054,1,4307,4300
s112124546062,s112124546057,1,4307,4302
s112124546063,s112124546052,1,4308,4298
s112124546063,s112124546056,1,4308,4301
s112124546063,s112124546057,1,4308,4302
s112124546063,s112124546058,1,4308,4303
s112124546063,s113124546003,1,4308,4309
s112124548023,s112124548024,1,4310,4311
s112124548023,s112124548025,1,4310,4312
s112124548023,s112124548028,1,4310,4314
s112124548023,s112124548031,1,4310,4316
s112124548024,s113124548003,1,4311,4317
s112124548025,s112124548027,1,4312,4313
s112124548025,s112124548030,1,4312,4315
s112124548027,s112124548025,1,4313,4312
s112124548027,s112124548028,1,4313,4314
s112124548027,s112124548030,1,4313,4315
s112124548030,s112124548025,1,4315,4312
s112124548030,s112124548027,1,4315,4313
s112124548031,s112124548023,1,4316,4310
s112124548031,s112124548028,1,4316,4314
s112124550024,s112124550030,1,4318,4322
s112124550024,s112124550031,1,4318,4323
s112124550024,s112124550033,1,4318,4325
s112124550024,s112124550038,1,4318,4327
s112124550025,s112124550027,1,4319,4320
s112124550025,s112124550032,1,4319,4324
s112124550025,s112124550033,1,4319,4325
s112124550025,s112124550039,1,4319,4328
s112124550027,s112124550025,1,4320,4319
s112124550027,s112124550030,1,4320,4322
s112124550027,s112124550032,1,4320,4324
s112124550027,s112124550033,1,4320,4325
s112124550028,s112124550027,1,4321,4320
s112124550030,s112124550033,1,4322,4325
s112124550031,s112124550024,1,4323,4318
s112124550031,s112124550032,1,4323,4324
s112124550031,s112124550033,1,4323,4325
s112124550032,s112124550025,1,4324,4319
s112124550032,s112124550027,1,4324,4320
s112124550032,s112124550031,1,4324,4323
s112124550032,s112124550033,1,4324,4325
s112124550033,s112124550038,1,4325,4327
s112124550035,s112124550049,1,4326,4337
s112124550038,s112124550024,1,4327,4318
s112124550038,s112124550030,1,4327,4322
s112124550038,s112124550033,1,4327,4325
s112124550039,s112124550027,1,4328,4320
s112124550039,s112124550032,1,4328,4324
s112124550039,s112124550048,1,4328,4336
s112124550039,s112124550053,1,4328,4340
s112124550040,s112124550043,1,4329,4332
s112124550040,s112124550044,1,4329,4333
s112124550040,s112124550045,1,4329,4334
s112124550040,s112124550050,1,4329,4338
s112124550041,s112124550033,1,4330,4325
s112124550041,s112124550042,1,4330,4331
s112124550041,s112124550045,1,4330,4334
s112124550042,s112124550045,1,4331,4334
s112124550042,s112124550053,1,4331,4340
s112124550042,s112124550056,1,4331,4342
s112124550042,s112124550057,1,4331,4343
s112124550043,s112124550044,1,4332,4333
s112124550043,s112124550047,1,4332,4335
s112124550043,s112124550055,1,4332,4341
s112124550044,s112124550043,1,4333,4332
s112124550044,s112124550047,1,4333,4335
s112124550044,s112124550055,1,4333,4341
s112124550045,s112124550040,1,4334,4329
s112124550045,s112124550042,1,4334,4331
s112124550045,s112124550050,1,4334,4338
s112124550045,s112124550053,1,4334,4340
s112124550045,s112124550056,1,4334,4342
s112124550047,s112124550043,1,4335,4332
s112124550047,s112124550044,1,4335,4333
s112124550047,s112124550055,1,4335,4341
s112124550048,s112124550053,1,4336,4340
s112124550048,s112124550056,1,4336,4342
s112124550048,s112124550057,1,4336,4343
s112124550049,s112124550040,1,4337,4329
s112124550049,s112124550044,1,4337,4333
s112124550049,s112124550045,1,4337,4334
s112124550049,s112124550048,1,4337,4336
s112124550050,s112124550040,1,4338,4329
s112124550050,s112124550042,1,4338,4331
s112124550050,s112124550044,1,4338,4333
s112124550050,s112124550045,1,4338,4334
s112124550050,s112124550047,1,4338,4335
s112124550052,s112124550048,1,4339,4336
s112124550052,s112124550053,1,4339,4340
s112124550052,s112124550056,1,4339,4342
s112124550052,s112124550057,1,4339,4343
s112124550053,s112124550045,1,4340,4334
s112124550053,s112124550048,1,4340,4336
s112124550053,s112124550052,1,4340,4339
s112124550053,s112124550056,1,4340,4342
s112124550053,s112124550057,1,4340,4343
s112124550055,s112124550024,1,4341,4318
s112124550055,s112124550043,1,4341,4332
s112124550055,s112124550044,1,4341,4333
s112124550055,s112124550047,1,4341,4335
s112124550056,s112124550048,1,4342,4336
s112124550056,s112124550057,1,4342,4343
s112124550057,s112124550042,1,4343,4331
s112124550057,s112124550045,1,4343,4334
s112124550057,s112124550048,1,4343,4336
s112124550057,s112124550056,1,4343,4342
s112124550061,s112124550062,1,4344,4345
s112124550061,s112124550064,1,4344,4347
s112124550061,s112124550070,1,4344,4353
s112124550061,s112124550071,1,4344,4354
s112124550061,s112124550075,1,4344,4358
s112124550062,s112124550061,1,4345,4344
s112124550062,s112124550068,1,4345,4351
s112124550062,s112124550069,1,4345,4352
s112124550062,s112124550070,1,4345,4353
s112124550062,s112124550075,1,4345,4358
s112124550063,s112124550061,1,4346,4344
s112124550063,s112124550062,1,4346,4345
s112124550063,s112124550064,1,4346,4347
s112124550063,s112124550072,1,4346,4355
s112124550063,s112124550075,1,4346,4358
s112124550064,s112124550061,1,4347,4344
s112124550064,s112124550062,1,4347,4345
s112124550064,s112124550067,1,4347,4350
s112124550064,s112124550068,1,4347,4351
s112124550064,s112124550074,1,4347,4357
s112124550065,s112124550076,1,4348,4359
s112124550066,s112124550061,1,4349,4344
s112124550066,s112124550070,1,4349,4353
s112124550066,s112124550071,1,4349,4354
s112124550066,s112124550073,1,4349,4356
s112124550066,s112124550075,1,4349,4358
s112124550067,s112124550061,1,4350,4344
s112124550067,s112124550064,1,4350,4347
s112124550067,s112124550068,1,4350,4351
s112124550067,s112124550070,1,4350,4353
s112124550067,s112124550071,1,4350,4354
s112124550068,s112124550064,1,4351,4347
s112124550068,s112124550069,1,4351,4352
s112124550068,s112124550070,1,4351,4353
s112124550068,s112124550071,1,4351,4354
s112124550068,s112124550073,1,4351,4356
s112124550069,s112124550062,1,4352,4345
s112124550069,s112124550068,1,4352,4351
s112124550069,s112124550070,1,4352,4353
s112124550069,s112124550082,1,4352,4363
s112124550069,s112124550084,1,4352,4364
s112124550070,s112124550061,1,4353,4344
s112124550070,s112124550062,1,4353,4345
s112124550070,s112124550066,1,4353,4349
s112124550070,s112124550068,1,4353,4351
s112124550070,s112124550071,1,4353,4354
s112124550071,s112124550061,1,4354,4344
s112124550071,s112124550062,1,4354,4345
s112124550071,s112124550066,1,4354,4349
s112124550071,s112124550068,1,4354,4351
s112124550071,s112124550070,1,4354,4353
s112124550072,s112124550063,1,4355,4346
s112124550072,s112124550066,1,4355,4349
s112124550072,s112124550068,1,4355,4351
s112124550072,s112124550070,1,4355,4353
s112124550072,s112124550075,1,4355,4358
s112124550073,s112124550062,1,4356,4345
s112124550073,s112124550066,1,4356,4349
s112124550073,s112124550068,1,4356,4351
s112124550073,s112124550069,1,4356,4352
s112124550073,s112124550075,1,4356,4358
s112124550074,s112124550062,1,4357,4345
s112124550074,s112124550064,1,4357,4347
s112124550074,s112124550065,1,4357,4348
s112124550074,s112124550068,1,4357,4351
s112124550074,s112124550070,1,4357,4353
s112124550075,s112124550061,1,4358,4344
s112124550075,s112124550062,1,4358,4345
s112124550075,s112124550066,1,4358,4349
s112124550075,s112124550068,1,4358,4351
s112124550075,s112124550070,1,4358,4353
s112124550076,s112124550065,1,4359,4348
s112124550076,s112124550068,1,4359,4351
s112124550076,s112124550072,1,4359,4355
s112124550077,s112124550085,1,4360,4365
s112124550077,s112124550090,1,4360,4370
s112124550077,s112124550095,1,4360,4374
s112124550079,s112124550077,1,4361,4360
s112124550079,s112124550086,1,4361,4366
s112124550079,s112124550089,1,4361,4369
s112124550079,s112124550090,1,4361,4370
s112124550080,s112124550084,1,4362,4364
s112124550080,s112124550088,1,4362,4368
s112124550080,s112124550092,1,4362,4371
s112124550080,s112124550093,1,4362,4372
s112124550082,s112124550069,1,4363,4352
s112124550082,s112124550080,1,4363,4362
s112124550082,s112124550084,1,4363,4364
s112124550082,s112124550095,1,4363,4374
s112124550084,s112124550070,1,4364,4353
s112124550084,s112124550080,1,4364,4362
s112124550084,s112124550088,1,4364,4368
s112124550084,s112124550093,1,4364,4372
s112124550085,s112124550077,1,4365,4360
s112124550085,s112124550090,1,4365,4370
s112124550086,s112124550082,1,4366,4363
s112124550086,s112124550084,1,4366,4364
s112124550086,s112124550095,1,4366,4374
s112124550087,s112124550094,1,4367,4373
s112124550087,s112124550095,1,4367,4374
s112124550088,s112124550080,1,4368,4362
s112124550088,s112124550084,1,4368,4364
s112124550088,s112124550092,1,4368,4371
s112124550088,s112124550093,1,4368,4372
s112124550089,s112124550077,1,4369,4360
s112124550089,s112124550079,1,4369,4361
s112124550089,s112124550085,1,4369,4365
s112124550089,s112124550086,1,4369,4366
s112124550089,s112124550090,1,4369,4370
s112124550090,s112124550077,1,4370,4360
s112124550090,s112124550085,1,4370,4365
s112124550090,s112124550089,1,4370,4369
s112124550090,s112124550095,1,4370,4374
s112124550092,s112124550080,1,4371,4362
s112124550092,s112124550084,1,4371,4364
s112124550092,s112124550088,1,4371,4368
s112124550092,s112124550093,1,4371,4372
s112124550093,s112124550080,1,4372,4362
s112124550093,s112124550084,1,4372,4364
s112124550093,s112124550088,1,4372,4368
s112124550093,s112124550092,1,4372,4371
s112124550094,s112124550082,1,4373,4363
s112124550094,s112124550087,1,4373,4367
s112124550094,s112124550095,1,4373,4374
s112124550095,s112124550086,1,4374,4366
s112124550095,s112124550087,1,4374,4367
s112124550095,s112124550094,1,4374,4373
s112134501025,s112134501031,1,4376,4381
s112134501025,s112134501034,1,4376,4383
s112134501025,s112134501035,1,4376,4384
s112134501025,s112134501036,1,4376,4385
s112134501025,s112134501037,1,4376,4386
s112134501026,s112134501025,1,4377,4376
s112134501026,s112134501027,1,4377,4378
s112134501026,s112134501036,1,4377,4385
s112134501026,s112134501037,1,4377,4386
s112134501027,s112134501026,1,4378,4377
s112134501027,s112134501034,1,4378,4383
s112134501027,s112134501035,1,4378,4384
s112134501027,s112134501036,1,4378,4385
s112134501027,s112134501037,1,4378,4386
s112134501028,s112134501025,1,4379,4376
s112134501028,s112134501027,1,4379,4378
s112134501028,s112134501030,1,4379,4380
s112134501028,s112134501034,1,4379,4383
s112134501028,s112134501037,1,4379,4386
s112134501030,s112134501025,1,4380,4376
s112134501030,s112134501028,1,4380,4379
s112134501030,s112134501034,1,4380,4383
s112134501030,s112134501035,1,4380,4384
s112134501031,s112134501027,1,4381,4378
s112134501031,s112134501035,1,4381,4384
s112134501031,s112134501036,1,4381,4385
s112134501033,s112134501025,1,4382,4376
s112134501033,s112134501027,1,4382,4378
s112134501033,s112134501034,1,4382,4383
s112134501033,s112134501035,1,4382,4384
s112134501033,s112134501037,1,4382,4386
s112134501034,s112134501027,1,4383,4378
s112134501034,s112134501035,1,4383,4384
s112134501034,s112134501036,1,4383,4385
s112134501034,s112134501037,1,4383,4386
s112134501035,s112134501025,1,4384,4376
s112134501035,s112134501027,1,4384,4378
s112134501035,s112134501036,1,4384,4385
s112134501035,s112134501037,1,4384,4386
s112134501036,s112134501027,1,4385,4378
s112134501036,s112134501035,1,4385,4384
s112134501036,s112134501037,1,4385,4386
s112134501036,s112134501041,1,4385,4390
s112134501037,s112134501027,1,4386,4378
s112134501037,s112134501033,1,4386,4382
s112134501037,s112134501034,1,4386,4383
s112134501037,s112134501035,1,4386,4384
s112134501037,s112134501036,1,4386,4385
s112134501038,s112134501041,1,4387,4390
s112134501038,s112134501043,1,4387,4391
s112134501038,s112134501047,1,4387,4394
s112134501038,s112134501049,1,4387,4396
s112134501039,s112134501043,1,4388,4391
s112134501039,s112134501050,1,4388,4397
s112134501039,s112134501051,1,4388,4398
s112134501040,s112134501044,1,4389,4392
s112134501040,s112134501048,1,4389,4395
s112134501040,s112134501049,1,4389,4396
s112134501041,s112134501038,1,4390,4387
s112134501041,s112134501043,1,4390,4391
s112134501041,s112134501047,1,4390,4394
s112134501041,s112134501049,1,4390,4396
s112134501041,s112134501051,1,4390,4398
s112134501043,s112134501038,1,4391,4387
s112134501043,s112134501044,1,4391,4392
s112134501043,s112134501047,1,4391,4394
s112134501043,s112134501049,1,4391,4396
s112134501043,s112134501051,1,4391,4398
s112134501044,s112134501038,1,4392,4387
s112134501044,s112134501043,1,4392,4391
s112134501044,s112134501046,1,4392,4393
s112134501044,s112134501049,1,4392,4396
s112134501044,s112134501051,1,4392,4398
s112134501046,s112134501038,1,4393,4387
s112134501046,s112134501050,1,4393,4397
s112134501046,s112134501051,1,4393,4398
s112134501047,s112134501038,1,4394,4387
s112134501047,s112134501041,1,4394,4390
s112134501047,s112134501043,1,4394,4391
s112134501049,s112134501034,1,4396,4383
s112134501049,s112134501037,1,4396,4386
s112134501049,s112134501038,1,4396,4387
s112134501049,s112134501044,1,4396,4392
s112134501050,s112134501039,1,4397,4388
s112134501050,s112134501046,1,4397,4393
s112134501050,s112134501051,1,4397,4398
s112134501051,s112134501038,1,4398,4387
s112134501051,s112134501039,1,4398,4388
s112134501051,s112134501046,1,4398,4393
s112134501051,s112134501050,1,4398,4397
s112134501054,s112134501060,1,4399,4402
s112134501054,s112134501061,1,4399,4403
s112134501054,s112134501066,1,4399,4404
s112134501054,s112134501067,1,4399,4405
s112134501054,s113134501005,1,4399,4419
s112134501055,s112134501059,1,4400,4401
s112134501055,s113134501004,1,4400,4418
s112134501055,s113134501005,1,4400,4419
s112134501059,s112134501055,1,4401,4400
s112134501059,s112134501070,1,4401,4408
s112134501060,s112134501054,1,4402,4399
s112134501060,s112134501061,1,4402,4403
s112134501060,s112134501067,1,4402,4405
s112134501060,s113134501005,1,4402,4419
s112134501061,s112134501054,1,4403,4399
s112134501061,s112134501060,1,4403,4402
s112134501061,s112134501067,1,4403,4405
s112134501061,s113134501005,1,4403,4419
s112134501066,s112134501061,1,4404,4403
s112134501066,s112134501067,1,4404,4405
s112134501066,s113134501004,1,4404,4418
s112134501066,s113134501005,1,4404,4419
s112134501067,s112134501054,1,4405,4399
s112134501067,s112134501061,1,4405,4403
s112134501067,s112134501066,1,4405,4404
s112134501067,s113134501005,1,4405,4419
s112134501068,s112134501069,1,4406,4407
s112134501068,s112134501071,1,4406,4409
s112134501068,s112134501075,1,4406,4411
s112134501068,s113134501005,1,4406,4419
s112134501069,s112134501074,1,4407,4410
s112134501069,s112134501077,1,4407,4413
s112134501069,s112134501080,1,4407,4416
s112134501069,s112134501081,1,4407,4417
s112134501070,s112134501055,1,4408,4400
s112134501070,s112134501059,1,4408,4401
s112134501070,s112134501076,1,4408,4412
s112134501071,s112134501068,1,4409,4406
s112134501074,s112134501069,1,4410,4407
s112134501074,s112134501077,1,4410,4413
s112134501074,s112134501078,1,4410,4414
s112134501074,s112134501080,1,4410,4416
s112134501074,s112134501081,1,4410,4417
s112134501075,s112134501068,1,4411,4406
s112134501075,s112134501071,1,4411,4409
s112134501076,s112134501055,1,4412,4400
s112134501076,s112134501070,1,4412,4408
s112134501076,s112134501075,1,4412,4411
s112134501076,s112134501080,1,4412,4416
s112134501076,s112134501081,1,4412,4417
s112134501077,s112134501069,1,4413,4407
s112134501077,s112134501074,1,4413,4410
s112134501077,s112134501079,1,4413,4415
s112134501077,s112134501080,1,4413,4416
s112134501077,s112134501081,1,4413,4417
s112134501080,s112134501069,1,4416,4407
s112134501080,s112134501081,1,4416,4417
s112134501081,s112134501069,1,4417,4407
s112134501081,s112134501074,1,4417,4410
s112134501081,s112134501077,1,4417,4413
s112134501081,s112134501079,1,4417,4415
s112134501081,s112134501080,1,4417,4416
s112134527024,s112134527027,1,4420,4421
s112134527024,s112134527029,1,4420,4422
s112134527027,s113134527004,1,4421,4435
s112134527029,s112134527030,1,4422,4423
s112134527029,s112134527031,1,4422,4424
s112134527030,s112134527029,1,4423,4422
s112134527030,s112134527044,1,4423,4432
s112134527031,s112134527029,1,4424,4422
s112134527031,s112134527030,1,4424,4423
s112134527031,s112134527046,1,4424,4434
s112134527034,s112134527045,1,4425,4433
s112134527035,s112134527034,1,4426,4425
s112134527035,s112134527036,1,4426,4427
s112134527035,s112134527038,1,4426,4428
s112134527035,s112134527043,1,4426,4431
s112134527036,s112134527038,1,4427,4428
s112134527036,s112134527043,1,4427,4431
s112134527038,s112134527036,1,4428,4427
s112134527038,s112134527043,1,4428,4431
s112134527041,s112134527034,1,4429,4425
s112134527041,s112134527042,1,4429,4430
s112134527041,s112134527045,1,4429,4433
s112134527042,s112134527034,1,4430,4425
s112134527042,s112134527045,1,4430,4433
s112134527043,s112134527036,1,4431,4427
s112134527043,s112134527038,1,4431,4428
s112134527043,s112134527044,1,4431,4432
s112134527044,s112134527031,1,4432,4424
s112134527044,s112134527043,1,4432,4431
s112134527045,s112134527034,1,4433,4425
s112134527045,s112134527042,1,4433,4430
s112134527046,s112134527031,1,4434,4424
s112134527046,s112134527044,1,4434,4432
s112134527049,s112134527051,1,4436,4438
s112134527049,s112134527052,1,4436,4439
s112134527049,s112134527053,1,4436,4440
s112134527049,s112134527057,1,4436,4442
s112134527050,s112134527051,1,4437,4438
s112134527050,s112134527052,1,4437,4439
s112134527050,s112134527053,1,4437,4440
s112134527050,s113134527005,1,4437,4455
s112134527051,s112134527050,1,4438,4437
s112134527051,s112134527052,1,4438,4439
s112134527051,s112134527056,1,4438,4441
s112134527051,s112134527057,1,4438,4442
s112134527052,s112134527050,1,4439,4437
s112134527052,s112134527051,1,4439,4438
s112134527052,s112134527053,1,4439,4440
s112134527052,s112134527056,1,4439,4441
s112134527052,s113134527005,1,4439,4455
s112134527053,s112134527050,1,4440,4437
s112134527053,s112134527051,1,4440,4438
s112134527053,s112134527052,1,4440,4439
s112134527053,s112134527070,1,4440,4454
s112134527056,s112134527050,1,4441,4437
s112134527056,s112134527051,1,4441,4438
s112134527056,s112134527052,1,4441,4439
s112134527056,s112134527057,1,4441,4442
s112134527056,s113134527005,1,4441,4455
s112134527057,s112134527050,1,4442,4437
s112134527057,s112134527051,1,4442,4438
s112134527057,s112134527052,1,4442,4439
s112134527057,s112134527056,1,4442,4441
s112134527057,s113134527005,1,4442,4455
s112134527058,s112134527059,1,4443,4444
s112134527058,s112134527065,1,4443,4449
s112134527058,s112134527067,1,4443,4451
s112134527059,s112134527050,1,4444,4437
s112134527059,s112134527058,1,4444,4443
s112134527059,s112134527065,1,4444,4449
s112134527059,s112134527070,1,4444,4454
s112134527060,s112134527061,1,4445,4446
s112134527060,s112134527062,1,4445,4447
s112134527060,s112134527065,1,4445,4449
s112134527060,s112134527069,1,4445,4453
s112134527061,s112134527060,1,4446,4445
s112134527061,s112134527062,1,4446,4447
s112134527061,s112134527065,1,4446,4449
s112134527061,s112134527066,1,4446,4450
s112134527062,s112134527060,1,4447,4445
s112134527062,s112134527069,1,4447,4453
s112134527062,s113134527006,1,4447,4456
s112134527065,s112134527058,1,4449,4443
s112134527065,s112134527060,1,4449,4445
s112134527065,s112134527061,1,4449,4446
s112134527065,s112134527062,1,4449,4447
s112134527065,s113134527006,1,4449,4456
s112134527066,s112134527058,1,4450,4443
s112134527066,s112134527060,1,4450,4445
s112134527066,s112134527061,1,4450,4446
s112134527066,s112134527065,1,4450,4449
s112134527067,s112134527058,1,4451,4443
s112134527067,s112134527059,1,4451,4444
s112134527068,s112134527062,1,4452,4447
s112134527068,s112134527069,1,4452,4453
s112134527068,s113134527006,1,4452,4456
s112134527069,s112134527059,1,4453,4444
s112134527069,s112134527062,1,4453,4447
s112134527069,s112134527068,1,4453,4452
s112134527069,s113134527006,1,4453,4456
s112134527070,s112134527051,1,4454,4438
s112134527070,s112134527052,1,4454,4439
s112134527070,s112134527053,1,4454,4440
s112134542024,s112134542025,1,4457,4458
s112134542024,s112134542026,1,4457,4459
s112134542024,s112134542027,1,4457,4460
s112134542024,s112134542028,1,4457,4461
s112134542024,s112134542033,1,4457,4465
s112134542025,s112134542024,1,4458,4457
s112134542025,s112134542026,1,4458,4459
s112134542025,s112134542027,1,4458,4460
s112134542025,s112134542028,1,4458,4461
s112134542026,s112134542024,1,4459,4457
s112134542026,s112134542027,1,4459,4460
s112134542026,s112134542028,1,4459,4461
s112134542026,s112134542029,1,4459,4462
s112134542026,s112134542030,1,4459,4463
s112134542027,s112134542025,1,4460,4458
s112134542027,s112134542026,1,4460,4459
s112134542027,s112134542028,1,4460,4461
s112134542027,s112134542029,1,4460,4462
s112134542027,s112134542030,1,4460,4463
s112134542028,s112134542025,1,4461,4458
s112134542028,s112134542026,1,4461,4459
s112134542028,s112134542027,1,4461,4460
s112134542028,s112134542029,1,4461,4462
s112134542029,s112134542024,1,4462,4457
s112134542029,s112134542025,1,4462,4458
s112134542029,s112134542026,1,4462,4459
s112134542029,s112134542027,1,4462,4460
s112134542029,s112134542028,1,4462,4461
s112134542030,s112134542026,1,4463,4459
s112134542030,s112134542027,1,4463,4460
s112134542032,s112134542026,1,4464,4459
s112134542032,s112134542027,1,4464,4460
s112134542032,s112134542028,1,4464,4461
s112134542032,s112134542029,1,4464,4462
s112134542033,s112134542035,1,4465,4467
s112134542034,s112134542033,1,4466,4465
s112134542034,s112134542035,1,4466,4467
s112134542034,s112134542038,1,4466,4469
s112134542034,s112134542039,1,4466,4470
s112134542035,s112134542033,1,4467,4465
s112134542035,s112134542034,1,4467,4466
s112134542035,s112134542039,1,4467,4470
s112134542035,s112134542042,1,4467,4472
s112134542037,s112134542033,1,4468,4465
s112134542037,s112134542034,1,4468,4466
s112134542037,s112134542035,1,4468,4467
s112134542037,s112134542043,1,4468,4473
s112134542038,s112134542033,1,4469,4465
s112134542038,s112134542034,1,4469,4466
s112134542038,s112134542039,1,4469,4470
s112134542038,s112134542040,1,4469,4471
s112134542039,s112134542033,1,4470,4465
s112134542039,s112134542034,1,4470,4466
s112134542039,s112134542035,1,4470,4467
s112134542039,s112134542042,1,4470,4472
s112134542040,s112134542026,1,4471,4459
s112134542040,s112134542028,1,4471,4461
s112134542040,s112134542033,1,4471,4465
s112134542040,s112134542038,1,4471,4469
s112134542040,s112134542042,1,4471,4472
s112134542042,s112134542035,1,4472,4467
s112134542043,s112134542037,1,4473,4468
s112134542047,s112134542048,1,4474,4475
s112134542047,s112134542049,1,4474,4476
s112134542048,s112134542047,1,4475,4474
s112134542048,s112134542049,1,4475,4476
s112134542048,s112134542053,1,4475,4480
s112134542048,s112134542054,1,4475,4481
s112134542048,s112134542055,1,4475,4482
s112134542049,s112134542047,1,4476,4474
s112134542049,s112134542048,1,4476,4475
s112134542049,s112134542050,1,4476,4477
s112134542049,s112134542055,1,4476,4482
s112134542050,s112134542049,1,4477,4476
s112134542050,s112134542056,1,4477,4483
s112134542050,s112134542061,1,4477,4488
s112134542050,s112134542062,1,4477,4489
s112134542051,s112134542047,1,4478,4474
s112134542051,s112134542048,1,4478,4475
s112134542051,s112134542050,1,4478,4477
s112134542051,s112134542052,1,4478,4479
s112134542051,s112134542053,1,4478,4480
s112134542052,s112134542047,1,4479,4474
s112134542052,s112134542048,1,4479,4475
s112134542052,s112134542049,1,4479,4476
s112134542053,s112134542048,1,4480,4475
s112134542053,s112134542049,1,4480,4476
s112134542055,s112134542047,1,4482,4474
s112134542055,s112134542048,1,4482,4475
s112134542055,s112134542049,1,4482,4476
s112134542055,s112134542053,1,4482,4480
s112134542055,s112134542054,1,4482,4481
s112134542056,s112134542049,1,4483,4476
s112134542056,s112134542057,1,4483,4484
s112134542056,s112134542060,1,4483,4487
s112134542056,s112134542061,1,4483,4488
s112134542057,s112134542056,1,4484,4483
s112134542057,s112134542060,1,4484,4487
s112134542057,s112134542061,1,4484,4488
s112134542057,s112134542062,1,4484,4489
s112134542058,s112134542064,1,4485,4490
s112134542058,s112134542065,1,4485,4491
s112134542059,s112134542058,1,4486,4485
s112134542059,s112134542064,1,4486,4490
s112134542060,s112134542056,1,4487,4483
s112134542060,s112134542057,1,4487,4484
s112134542060,s112134542061,1,4487,4488
s112134542060,s112134542062,1,4487,4489
s112134542061,s112134542057,1,4488,4484
s112134542061,s112134542060,1,4488,4487
s112134542061,s112134542062,1,4488,4489
s112134542062,s112134542057,1,4489,4484
s112134542062,s112134542060,1,4489,4487
s112134542062,s112134542061,1,4489,4488
s112134542064,s112134542058,1,4490,4485
s112134542064,s112134542059,1,4490,4486
s112134542064,s112134542065,1,4490,4491
s112134542065,s112134542057,1,4491,4484
s112134542065,s112134542058,1,4491,4485
s112134542065,s112134542062,1,4491,4489
s112144501024,s112144501026,1,4493,4495
s112144501024,s112144501028,1,4493,4497
s112144501024,s112144501034,1,4493,4502
s112144501024,s112144501036,1,4493,4504
s112144501024,s112144501037,1,4493,4505
s112144501026,s112144501024,1,4495,4493
s112144501026,s112144501028,1,4495,4497
s112144501026,s112144501034,1,4495,4502
s112144501027,s112144501026,1,4496,4495
s112144501027,s112144501030,1,4496,4499
s112144501027,s112144501036,1,4496,4504
s112144501027,s113144501003,1,4496,4520
s112144501028,s112144501024,1,4497,4493
s112144501028,s112144501026,1,4497,4495
s112144501028,s112144501027,1,4497,4496
s112144501028,s112144501034,1,4497,4502
s112144501028,s113144501003,1,4497,4520
s112144501029,s112144501024,1,4498,4493
s112144501029,s112144501030,1,4498,4499
s112144501029,s112144501036,1,4498,4504
s112144501029,s112144501041,1,4498,4509
s112144501029,s112144501051,1,4498,4518
s112144501030,s112144501024,1,4499,4493
s112144501030,s112144501029,1,4499,4498
s112144501030,s112144501036,1,4499,4504
s112144501030,s112144501037,1,4499,4505
s112144501031,s112144501025,1,4500,4494
s112144501031,s112144501033,1,4500,4501
s112144501031,s112144501036,1,4500,4504
s112144501031,s112144501037,1,4500,4505
s112144501033,s112144501025,1,4501,4494
s112144501033,s112144501031,1,4501,4500
s112144501033,s112144501037,1,4501,4505
s112144501034,s112144501024,1,4502,4493
s112144501034,s112144501026,1,4502,4495
s112144501034,s112144501028,1,4502,4497
s112144501034,s112144501036,1,4502,4504
s112144501034,s112144501037,1,4502,4505
s112144501035,s112144501029,1,4503,4498
s112144501035,s112144501030,1,4503,4499
s112144501035,s112144501031,1,4503,4500
s112144501035,s112144501036,1,4503,4504
s112144501035,s112144501037,1,4503,4505
s112144501036,s112144501029,1,4504,4498
s112144501036,s112144501030,1,4504,4499
s112144501036,s112144501037,1,4504,4505
s112144501036,s112144501038,1,4504,4506
s112144501036,s112144501051,1,4504,4518
s112144501037,s112144501029,1,4505,4498
s112144501037,s112144501030,1,4505,4499
s112144501037,s112144501036,1,4505,4504
s112144501037,s113144501003,1,4505,4520
s112144501038,s112144501039,1,4506,4507
s112144501038,s112144501041,1,4506,4509
s112144501041,s112144501036,1,4509,4504
s112144501041,s112144501042,1,4509,4510
s112144501041,s112144501043,1,4509,4511
s112144501041,s112144501048,1,4509,4515
s112144501041,s112144501049,1,4509,4516
s112144501042,s112144501041,1,4510,4509
s112144501042,s112144501043,1,4510,4511
s112144501042,s112144501048,1,4510,4515
s112144501042,s112144501049,1,4510,4516
s112144501042,s112144501051,1,4510,4518
s112144501043,s112144501036,1,4511,4504
s112144501043,s112144501042,1,4511,4510
s112144501043,s112144501049,1,4511,4516
s112144501043,s112144501051,1,4511,4518
s112144501044,s112144501042,1,4512,4510
s112144501044,s112144501043,1,4512,4511
s112144501044,s112144501048,1,4512,4515
s112144501044,s112144501049,1,4512,4516
s112144501044,s112144501051,1,4512,4518
s112144501046,s112144501041,1,4513,4509
s112144501046,s112144501043,1,4513,4511
s112144501046,s112144501048,1,4513,4515
s112144501046,s112144501049,1,4513,4516
s112144501048,s112144501041,1,4515,4509
s112144501048,s112144501043,1,4515,4511
s112144501048,s112144501046,1,4515,4513
s112144501048,s112144501049,1,4515,4516
s112144501048,s112144501051,1,4515,4518
s112144501049,s112144501041,1,4516,4509
s112144501049,s112144501043,1,4516,4511
s112144501049,s112144501046,1,4516,4513
s112144501049,s112144501048,1,4516,4515
s112144501049,s112144501051,1,4516,4518
s112144501051,s112144501042,1,4518,4510
s112144501051,s112144501043,1,4518,4511
s112144501051,s112144501048,1,4518,4515
s112144501051,s112144501049,1,4518,4516
s112144501051,s112144501052,1,4518,4519
s112144501052,s112144501039,1,4519,4507
s112144501052,s112144501042,1,4519,4510
s112144501052,s112144501043,1,4519,4511
s112144501052,s112144501046,1,4519,4513
s112144501052,s112144501051,1,4519,4518
s112144501055,s112144501059,1,4521,4525
s112144501055,s112144501062,1,4521,4528
s112144501055,s112144501063,1,4521,4529
s112144501055,s112144501065,1,4521,4531
s112144501055,s112144501066,1,4521,4532
s112144501056,s112144501057,1,4522,4523
s112144501056,s112144501071,1,4522,4536
s112144501056,s112144501073,1,4522,4537
s112144501056,s112144501081,1,4522,4544
s112144501056,s113144501005,1,4522,4548
s112144501057,s112144501056,1,4523,4522
s112144501057,s112144501071,1,4523,4536
s112144501057,s112144501075,1,4523,4539
s112144501057,s113144501005,1,4523,4548
s112144501058,s112144501060,1,4524,4526
s112144501058,s112144501066,1,4524,4532
s112144501058,s112144501067,1,4524,4533
s112144501058,s112144501070,1,4524,4535
s112144501058,s112144501082,1,4524,4545
s112144501059,s112144501062,1,4525,4528
s112144501059,s112144501064,1,4525,4530
s112144501059,s112144501069,1,4525,4534
s112144501060,s112144501055,1,4526,4521
s112144501060,s112144501058,1,4526,4524
s112144501060,s112144501061,1,4526,4527
s112144501060,s112144501063,1,4526,4529
s112144501060,s112144501069,1,4526,4534
s112144501061,s112144501058,1,4527,4524
s112144501061,s112144501060,1,4527,4526
s112144501061,s112144501063,1,4527,4529
s112144501061,s112144501069,1,4527,4534
s112144501061,s113144501004,1,4527,4547
s112144501062,s112144501059,1,4528,4525
s112144501062,s112144501064,1,4528,4530
s112144501062,s112144501069,1,4528,4534
s112144501063,s112144501055,1,4529,4521
s112144501063,s112144501060,1,4529,4526
s112144501063,s112144501061,1,4529,4527
s112144501063,s112144501065,1,4529,4531
s112144501063,s112144501066,1,4529,4532
s112144501064,s112144501059,1,4530,4525
s112144501064,s112144501062,1,4530,4528
s112144501064,s112144501069,1,4530,4534
s112144501065,s112144501055,1,4531,4521
s112144501065,s112144501063,1,4531,4529
s112144501065,s112144501066,1,4531,4532
s112144501066,s112144501055,1,4532,4521
s112144501066,s112144501063,1,4532,4529
s112144501066,s112144501065,1,4532,4531
s112144501067,s112144501058,1,4533,4524
s112144501067,s112144501059,1,4533,4525
s112144501067,s112144501060,1,4533,4526
s112144501067,s112144501066,1,4533,4532
s112144501067,s112144501069,1,4533,4534
s112144501069,s112144501059,1,4534,4525
s112144501069,s112144501060,1,4534,4526
s112144501069,s112144501061,1,4534,4527
s112144501069,s112144501062,1,4534,4528
s112144501069,s112144501064,1,4534,4530
s112144501070,s112144501074,1,4535,4538
s112144501070,s112144501078,1,4535,4541
s112144501070,s112144501079,1,4535,4542
s112144501070,s112144501080,1,4535,4543
s112144501070,s112144501082,1,4535,4545
s112144501071,s112144501057,1,4536,4523
s112144501071,s112144501073,1,4536,4537
s112144501071,s112144501081,1,4536,4544
s112144501071,s113144501005,1,4536,4548
s112144501071,s113144501006,1,4536,4549
s112144501073,s112144501071,1,4537,4536
s112144501073,s112144501081,1,4537,4544
s112144501073,s112144501082,1,4537,4545
s112144501073,s113144501005,1,4537,4548
s112144501074,s112144501070,1,4538,4535
s112144501074,s112144501078,1,4538,4541
s112144501074,s112144501079,1,4538,4542
s112144501074,s112144501080,1,4538,4543
s112144501074,s112144501082,1,4538,4545
s112144501075,s112144501071,1,4539,4536
s112144501075,s112144501073,1,4539,4537
s112144501075,s112144501081,1,4539,4544
s112144501075,s113144501005,1,4539,4548
s112144501075,s113144501006,1,4539,4549
s112144501076,s112144501071,1,4540,4536
s112144501076,s112144501073,1,4540,4537
s112144501076,s112144501081,1,4540,4544
s112144501076,s113144501005,1,4540,4548
s112144501076,s113144501006,1,4540,4549
s112144501078,s112144501070,1,4541,4535
s112144501078,s112144501074,1,4541,4538
s112144501078,s112144501079,1,4541,4542
s112144501078,s112144501080,1,4541,4543
s112144501078,s112144501082,1,4541,4545
s112144501079,s112144501070,1,4542,4535
s112144501079,s112144501074,1,4542,4538
s112144501079,s112144501078,1,4542,4541
s112144501079,s112144501080,1,4542,4543
s112144501079,s112144501082,1,4542,4545
s112144501080,s112144501070,1,4543,4535
s112144501080,s112144501074,1,4543,4538
s112144501080,s112144501078,1,4543,4541
s112144501080,s112144501079,1,4543,4542
s112144501080,s112144501082,1,4543,4545
s112144501081,s112144501073,1,4544,4537
s112144501081,s112144501075,1,4544,4539
s112144501081,s112144501082,1,4544,4545
s112144501081,s113144501006,1,4544,4549
s112144501082,s112144501070,1,4545,4535
s112144501082,s112144501078,1,4545,4541
s112144501082,s112144501079,1,4545,4542
s112144501082,s112144501080,1,4545,4543
s112144501082,s112144501081,1,4545,4544
s112144501083,s112144501070,1,4546,4535
s112144501083,s112144501074,1,4546,4538
s112144501083,s112144501078,1,4546,4541
s112144501083,s112144501079,1,4546,4542
s112144501083,s112144501082,1,4546,4545
s112144504024,s112144504030,1,4550,4551
s112144504024,s112144504031,1,4550,4552
s112144504028,s112144504050,1,4559,4564
s112144504030,s112144504024,1,4551,4550
s112144504030,s112144504031,1,4551,4552
s112144504031,s112144504024,1,4552,4550
s112144504031,s112144504030,1,4552,4551
s112144504031,s112144504039,1,4552,4555
s112144504036,s112144504042,1,4554,4557
s112144504036,s113144504004,1,4554,4558
s112144504039,s112144504031,1,4555,4552
s112144504047,s112144504046,1,4561,4560
s112144504047,s112144504048,1,4561,4562
s112144504047,s112144504054,1,4561,4568
s112144504047,s112144504059,1,4561,4570
s112144504048,s112144504047,1,4562,4561
s112144504048,s112144504051,1,4562,4565
s112144504048,s112144504054,1,4562,4568
s112144504048,s112144504059,1,4562,4570
s112144504049,s112144504050,1,4563,4564
s112144504049,s112144504051,1,4563,4565
s112144504049,s112144504056,1,4563,4569
s112144504050,s112144504028,1,4564,4559
s112144504050,s112144504049,1,4564,4563
s112144504050,s112144504051,1,4564,4565
s112144504051,s112144504046,1,4565,4560
s112144504051,s112144504049,1,4565,4563
s112144504051,s112144504050,1,4565,4564
s112144504051,s112144504052,1,4565,4566
s112144504051,s112144504054,1,4565,4568
s112144504052,s112144504050,1,4566,4564
s112144504052,s112144504051,1,4566,4565
s112144504052,s112144504053,1,4566,4567
s112144504052,s112144504054,1,4566,4568
s112144504053,s112144504047,1,4567,4561
s112144504053,s112144504048,1,4567,4562
s112144504053,s112144504052,1,4567,4566
s112144504053,s112144504054,1,4567,4568
s112144504053,s112144504059,1,4567,4570
s112144504054,s112144504046,1,4568,4560
s112144504054,s112144504047,1,4568,4561
s112144504054,s112144504048,1,4568,4562
s112144504054,s112144504053,1,4568,4567
s112144504054,s112144504059,1,4568,4570
s112144504056,s112144504049,1,4569,4563
s112144504056,s112144504050,1,4569,4564
s112144504056,s112144504051,1,4569,4565
s112144504056,s112144504052,1,4569,4566
s112144504059,s112144504046,1,4570,4560
s112144504059,s112144504047,1,4570,4561
s112144504059,s112144504048,1,4570,4562
s112144504059,s112144504053,1,4570,4567
s112144504059,s112144504054,1,4570,4568
s112144511024,s112144511026,1,4571,4573
s112144511024,s112144511027,1,4571,4574
s112144511024,s112144511029,1,4571,4575
s112144511024,s112144511030,1,4571,4576
s112144511024,s112144511032,1,4571,4578
s112144511025,s112144511024,1,4572,4571
s112144511025,s112144511026,1,4572,4573
s112144511025,s112144511030,1,4572,4576
s112144511025,s112144511045,1,4572,4589
s112144511026,s112144511024,1,4573,4571
s112144511026,s112144511025,1,4573,4572
s112144511026,s112144511029,1,4573,4575
s112144511026,s112144511030,1,4573,4576
s112144511026,s112144511032,1,4573,4578
s112144511027,s112144511025,1,4574,4572
s112144511027,s112144511031,1,4574,4577
s112144511027,s112144511032,1,4574,4578
s112144511027,s112144511034,1,4574,4580
s112144511029,s112144511024,1,4575,4571
s112144511029,s112144511026,1,4575,4573
s112144511029,s112144511030,1,4575,4576
s112144511029,s112144511032,1,4575,4578
s112144511029,s112144511038,1,4575,4583
s112144511030,s112144511024,1,4576,4571
s112144511030,s112144511025,1,4576,4572
s112144511030,s112144511026,1,4576,4573
s112144511030,s112144511029,1,4576,4575
s112144511030,s112144511032,1,4576,4578
s112144511031,s112144511027,1,4577,4574
s112144511031,s112144511034,1,4577,4580
s112144511032,s112144511024,1,4578,4571
s112144511032,s112144511026,1,4578,4573
s112144511032,s112144511029,1,4578,4575
s112144511032,s112144511030,1,4578,4576
s112144511032,s112144511033,1,4578,4579
s112144511033,s112144511024,1,4579,4571
s112144511033,s112144511026,1,4579,4573
s112144511033,s112144511029,1,4579,4575
s112144511033,s112144511030,1,4579,4576
s112144511033,s112144511032,1,4579,4578
s112144511034,s112144511024,1,4580,4571
s112144511034,s112144511025,1,4580,4572
s112144511034,s112144511026,1,4580,4573
s112144511034,s112144511031,1,4580,4577
s112144511034,s112144511044,1,4580,4588
s112144511035,s112144511025,1,4581,4572
s112144511035,s112144511036,1,4581,4582
s112144511035,s112144511041,1,4581,4585
s112144511036,s112144511035,1,4582,4581
s112144511036,s112144511038,1,4582,4583
s112144511036,s112144511041,1,4582,4585
s112144511036,s113144511003,1,4582,4590
s112144511038,s112144511025,1,4583,4572
s112144511038,s112144511026,1,4583,4573
s112144511038,s112144511029,1,4583,4575
s112144511038,s112144511035,1,4583,4581
s112144511040,s112144511025,1,4584,4572
s112144511040,s112144511041,1,4584,4585
s112144511040,s112144511043,1,4584,4587
s112144511040,s112144511045,1,4584,4589
s112144511041,s112144511025,1,4585,4572
s112144511041,s112144511040,1,4585,4584
s112144511041,s112144511043,1,4585,4587
s112144511041,s113144511003,1,4585,4590
s112144511043,s112144511040,1,4587,4584
s112144511043,s112144511041,1,4587,4585
s112144511043,s112144511045,1,4587,4589
s112144511043,s113144511003,1,4587,4590
s112144511044,s112144511031,1,4588,4577
s112144511044,s112144511034,1,4588,4580
s112144511044,s112144511040,1,4588,4584
s112144511044,s112144511045,1,4588,4589
s112144511044,s113144511003,1,4588,4590
s112144511045,s112144511025,1,4589,4572
s112144511045,s112144511040,1,4589,4584
s112144511049,s112144511050,1,4591,4592
s112144511049,s112144511052,1,4591,4594
s112144511049,s112144511059,1,4591,4601
s112144511049,s112144511063,1,4591,4604
s112144511049,s112144511068,1,4591,4609
s112144511050,s112144511049,1,4592,4591
s112144511050,s112144511055,1,4592,4597
s112144511050,s112144511059,1,4592,4601
s112144511050,s112144511067,1,4592,4608
s112144511051,s112144511049,1,4593,4591
s112144511052,s112144511051,1,4594,4593
s112144511052,s112144511053,1,4594,4595
s112144511052,s112144511057,1,4594,4599
s112144511052,s112144511068,1,4594,4609
s112144511052,s112144511071,1,4594,4610
s112144511053,s112144511050,1,4595,4592
s112144511053,s112144511051,1,4595,4593
s112144511053,s112144511063,1,4595,4604
s112144511053,s112144511068,1,4595,4609
s112144511053,s112144511071,1,4595,4610
s112144511055,s112144511049,1,4597,4591
s112144511055,s112144511050,1,4597,4592
s112144511055,s112144511053,1,4597,4595
s112144511055,s112144511059,1,4597,4601
s112144511055,s112144511071,1,4597,4610
s112144511056,s112144511051,1,4598,4593
s112144511056,s112144511052,1,4598,4594
s112144511056,s112144511053,1,4598,4595
s112144511056,s112144511057,1,4598,4599
s112144511056,s112144511071,1,4598,4610
s112144511057,s112144511049,1,4599,4591
s112144511057,s112144511051,1,4599,4593
s112144511057,s112144511052,1,4599,4594
s112144511057,s112144511053,1,4599,4595
s112144511057,s112144511058,1,4599,4600
s112144511058,s112144511053,1,4600,4595
s112144511058,s112144511060,1,4600,4602
s112144511058,s112144511064,1,4600,4605
s112144511058,s112144511068,1,4600,4609
s112144511058,s112144511071,1,4600,4610
s112144511059,s112144511049,1,4601,4591
s112144511059,s112144511050,1,4601,4592
s112144511059,s112144511055,1,4601,4597
s112144511059,s112144511063,1,4601,4604
s112144511059,s112144511068,1,4601,4609
s112144511060,s112144511059,1,4602,4601
s112144511060,s112144511066,1,4602,4607
s112144511060,s112144511067,1,4602,4608
s112144511060,s112144511071,1,4602,4610
s112144511062,s112144511060,1,4603,4602
s112144511062,s112144511064,1,4603,4605
s112144511062,s112144511065,1,4603,4606
s112144511062,s112144511066,1,4603,4607
s112144511063,s112144511067,1,4604,4608
s112144511063,s112144511068,1,4604,4609
s112144511064,s112144511050,1,4605,4592
s112144511064,s112144511053,1,4605,4595
s112144511064,s112144511066,1,4605,4607
s112144511064,s112144511067,1,4605,4608
s112144511065,s112144511062,1,4606,4603
s112144511065,s112144511066,1,4606,4607
s112144511066,s112144511053,1,4607,4595
s112144511066,s112144511060,1,4607,4602
s112144511066,s112144511063,1,4607,4604
s112144511066,s112144511067,1,4607,4608
s112144511066,s112144511068,1,4607,4609
s112144511067,s112144511050,1,4608,4592
s112144511067,s112144511053,1,4608,4595
s112144511067,s112144511063,1,4608,4604
s112144511067,s112144511066,1,4608,4607
s112144511067,s112144511068,1,4608,4609
s112144511068,s112144511049,1,4609,4591
s112144511068,s112144511053,1,4609,4595
s112144511068,s112144511063,1,4609,4604
s112144511068,s112144511066,1,4609,4607
s112144511068,s112144511067,1,4609,4608
s112144511071,s112144511050,1,4610,4592
s112144511071,s112144511051,1,4610,4593
s112144511071,s112144511053,1,4610,4595
s112144511071,s112144511060,1,4610,4602
s112144512023,s112144512024,1,4611,4612
s112144512023,s112144512028,1,4611,4615
s112144512023,s112144512029,1,4611,4616
s112144512023,s112144512030,1,4611,4617
s112144512023,s112144512042,1,4611,4626
s112144512024,s112144512023,1,4612,4611
s112144512024,s112144512028,1,4612,4615
s112144512024,s112144512029,1,4612,4616
s112144512024,s112144512030,1,4612,4617
s112144512024,s113144512002,1,4612,4628
s112144512025,s112144512023,1,4613,4611
s112144512025,s112144512032,1,4613,4619
s112144512025,s112144512033,1,4613,4620
s112144512025,s112144512035,1,4613,4622
s112144512028,s112144512023,1,4615,4611
s112144512028,s112144512024,1,4615,4612
s112144512028,s112144512025,1,4615,4613
s112144512028,s112144512029,1,4615,4616
s112144512028,s112144512030,1,4615,4617
s112144512029,s112144512023,1,4616,4611
s112144512029,s112144512024,1,4616,4612
s112144512029,s112144512025,1,4616,4613
s112144512029,s112144512028,1,4616,4615
s112144512029,s112144512030,1,4616,4617
s112144512030,s112144512023,1,4617,4611
s112144512030,s112144512024,1,4617,4612
s112144512030,s112144512028,1,4617,4615
s112144512030,s112144512042,1,4617,4626
s112144512030,s112144512043,1,4617,4627
s112144512031,s112144512032,1,4618,4619
s112144512031,s112144512033,1,4618,4620
s112144512031,s112144512034,1,4618,4621
s112144512031,s112144512035,1,4618,4622
s112144512031,s113144512002,1,4618,4628
s112144512032,s112144512031,1,4619,4618
s112144512032,s112144512033,1,4619,4620
s112144512032,s112144512034,1,4619,4621
s112144512032,s112144512041,1,4619,4625
s112144512032,s113144512002,1,4619,4628
s112144512033,s112144512031,1,4620,4618
s112144512033,s112144512032,1,4620,4619
s112144512033,s112144512034,1,4620,4621
s112144512033,s112144512035,1,4620,4622
s112144512033,s112144512039,1,4620,4624
s112144512034,s112144512032,1,4621,4619
s112144512034,s112144512033,1,4621,4620
s112144512034,s112144512035,1,4621,4622
s112144512034,s112144512041,1,4621,4625
s112144512034,s113144512002,1,4621,4628
s112144512035,s112144512031,1,4622,4618
s112144512035,s112144512034,1,4622,4621
s112144512035,s112144512039,1,4622,4624
s112144512035,s113144512002,1,4622,4628
s112144512039,s112144512031,1,4624,4618
s112144512039,s112144512033,1,4624,4620
s112144512039,s112144512034,1,4624,4621
s112144512039,s112144512035,1,4624,4622
s112144512039,s113144512002,1,4624,4628
s112144512041,s112144512032,1,4625,4619
s112144512041,s112144512033,1,4625,4620
s112144512041,s112144512034,1,4625,4621
s112144512042,s112144512024,1,4626,4612
s112144512042,s112144512030,1,4626,4617
s112144512042,s112144512034,1,4626,4621
s112144512042,s112144512039,1,4626,4624
s112144512042,s113144512002,1,4626,4628
s112144512043,s112144512025,1,4627,4613
s112144517025,s112144517027,1,4629,4631
s112144517025,s112144517028,1,4629,4632
s112144517025,s112144517029,1,4629,4633
s112144517025,s112144517036,1,4629,4638
s112144517026,s112144517025,1,4630,4629
s112144517026,s112144517027,1,4630,4631
s112144517026,s112144517031,1,4630,4635
s112144517027,s112144517025,1,4631,4629
s112144517027,s112144517029,1,4631,4633
s112144517027,s112144517030,1,4631,4634
s112144517028,s112144517025,1,4632,4629
s112144517028,s112144517029,1,4632,4633
s112144517028,s112144517030,1,4632,4634
s112144517029,s112144517025,1,4633,4629
s112144517029,s112144517030,1,4633,4634
s112144517029,s112144517043,1,4633,4644
s112144517030,s112144517025,1,4634,4629
s112144517030,s112144517027,1,4634,4631
s112144517030,s112144517028,1,4634,4632
s112144517030,s112144517029,1,4634,4633
s112144517031,s112144517043,1,4635,4644
s112144517034,s112144517025,1,4636,4629
s112144517034,s112144517039,1,4636,4641
s112144517034,s112144517042,1,4636,4643
s112144517035,s112144517034,1,4637,4636
s112144517035,s112144517036,1,4637,4638
s112144517035,s112144517039,1,4637,4641
s112144517035,s112144517041,1,4637,4642
s112144517035,s112144517042,1,4637,4643
s112144517036,s112144517028,1,4638,4632
s112144517036,s112144517035,1,4638,4637
s112144517036,s112144517041,1,4638,4642
s112144517037,s112144517044,1,4639,4645
s112144517038,s112144517036,1,4640,4638
s112144517038,s112144517044,1,4640,4645
s112144517039,s112144517034,1,4641,4636
s112144517039,s112144517035,1,4641,4637
s112144517039,s112144517041,1,4641,4642
s112144517039,s112144517042,1,4641,4643
s112144517039,s113144517003,1,4641,4646
s112144517041,s112144517034,1,4642,4636
s112144517041,s112144517035,1,4642,4637
s112144517041,s112144517039,1,4642,4641
s112144517042,s112144517034,1,4643,4636
s112144517042,s112144517039,1,4643,4641
s112144517042,s113144517003,1,4643,4646
s112144517043,s112144517028,1,4644,4632
s112144517043,s112144517029,1,4644,4633
s112144517043,s112144517036,1,4644,4638
s112144517043,s112144517039,1,4644,4641
s112144517043,s113144517003,1,4644,4646
s112144517044,s112144517035,1,4645,4637
s112144517044,s112144517039,1,4645,4641
s112144517044,s112144517041,1,4645,4642
s112144517050,s112144517063,1,4647,4652
s112144517052,s112144517054,1,4648,4649
s112144517054,s112144517052,1,4649,4648
s112144517060,s112144517062,1,4650,4651
s112144517060,s112144517064,1,4650,4653
s112144517060,s112144517065,1,4650,4654
s112144517062,s112144517060,1,4651,4650
s112144517063,s112144517050,1,4652,4647
s112144517063,s113144517004,1,4652,4655
s112144517064,s112144517060,1,4653,4650
s112144517064,s112144517062,1,4653,4651
s112144517064,s112144517065,1,4653,4654
s112144517065,s112144517060,1,4654,4650
s112144517065,s112144517062,1,4654,4651
s112144517065,s112144517064,1,4654,4653
s112154501024,s112154501031,1,4656,4663
s112154501025,s112154501027,1,4657,4659
s112154501026,s112154501027,1,4658,4659
s112154501026,s112154501033,1,4658,4665
s112154501026,s112154501046,1,4658,4677
s112154501027,s112154501026,1,4659,4658
s112154501027,s112154501046,1,4659,4677
s112154501028,s112154501024,1,4660,4656
s112154501028,s112154501031,1,4660,4663
s112154501028,s112154501039,1,4660,4670
s112154501028,s112154501040,1,4660,4671
s112154501028,s112154501042,1,4660,4673
s112154501029,s112154501030,1,4661,4662
s112154501029,s112154501032,1,4661,4664
s112154501029,s112154501033,1,4661,4665
s112154501029,s112154501042,1,4661,4673
s112154501029,s112154501044,1,4661,4675
s112154501030,s112154501029,1,4662,4661
s112154501030,s112154501033,1,4662,4665
s112154501030,s112154501042,1,4662,4673
s112154501030,s112154501044,1,4662,4675
s112154501030,s112154501047,1,4662,4678
s112154501031,s112154501024,1,4663,4656
s112154501031,s112154501028,1,4663,4660
s112154501031,s112154501039,1,4663,4670
s112154501031,s112154501040,1,4663,4671
s112154501031,s112154501043,1,4663,4674
s112154501032,s112154501033,1,4664,4665
s112154501032,s112154501040,1,4664,4671
s112154501032,s112154501042,1,4664,4673
s112154501032,s112154501044,1,4664,4675
s112154501032,s112154501047,1,4664,4678
s112154501033,s112154501030,1,4665,4662
s112154501033,s112154501032,1,4665,4664
s112154501033,s112154501042,1,4665,4673
s112154501033,s112154501044,1,4665,4675
s112154501035,s112154501024,1,4666,4656
s112154501035,s112154501031,1,4666,4663
s112154501035,s112154501036,1,4666,4667
s112154501035,s112154501037,1,4666,4668
s112154501035,s112154501041,1,4666,4672
s112154501036,s112154501024,1,4667,4656
s112154501036,s112154501031,1,4667,4663
s112154501036,s112154501035,1,4667,4666
s112154501036,s112154501037,1,4667,4668
s112154501036,s112154501038,1,4667,4669
s112154501037,s112154501035,1,4668,4666
s112154501037,s112154501038,1,4668,4669
s112154501037,s112154501041,1,4668,4672
s112154501037,s112154501042,1,4668,4673
s112154501038,s112154501035,1,4669,4666
s112154501038,s112154501036,1,4669,4667
s112154501038,s112154501037,1,4669,4668
s112154501038,s112154501041,1,4669,4672
s112154501039,s112154501028,1,4670,4660
s112154501039,s112154501040,1,4670,4671
s112154501039,s112154501043,1,4670,4674
s112154501040,s112154501024,1,4671,4656
s112154501040,s112154501028,1,4671,4660
s112154501040,s112154501035,1,4671,4666
s112154501040,s112154501039,1,4671,4670
s112154501040,s112154501043,1,4671,4674
s112154501041,s112154501035,1,4672,4666
s112154501041,s112154501037,1,4672,4668
s112154501041,s112154501038,1,4672,4669
s112154501041,s112154501043,1,4672,4674
s112154501042,s112154501030,1,4673,4662
s112154501042,s112154501032,1,4673,4664
s112154501042,s112154501033,1,4673,4665
s112154501042,s112154501044,1,4673,4675
s112154501042,s112154501047,1,4673,4678
s112154501043,s112154501028,1,4674,4660
s112154501043,s112154501039,1,4674,4670
s112154501043,s112154501040,1,4674,4671
s112154501043,s112154501041,1,4674,4672
s112154501043,s112154501047,1,4674,4678
s112154501044,s112154501029,1,4675,4661
s112154501044,s112154501032,1,4675,4664
s112154501044,s112154501033,1,4675,4665
s112154501044,s112154501042,1,4675,4673
s112154501044,s112154501047,1,4675,4678
s112154501045,s112154501025,1,4676,4657
s112154501045,s112154501026,1,4676,4658
s112154501045,s112154501027,1,4676,4659
s112154501045,s112154501044,1,4676,4675
s112154501045,s112154501046,1,4676,4677
s112154501046,s112154501026,1,4677,4658
s112154501046,s112154501027,1,4677,4659
s112154501046,s112154501033,1,4677,4665
s112154501046,s112154501042,1,4677,4673
s112154501046,s112154501047,1,4677,4678
s112154501047,s112154501030,1,4678,4662
s112154501047,s112154501032,1,4678,4664
s112154501047,s112154501033,1,4678,4665
s112154501047,s112154501042,1,4678,4673
s112154501047,s112154501046,1,4678,4677
s112154501048,s112154501032,1,4679,4664
s112154501048,s112154501033,1,4679,4665
s112154501048,s112154501035,1,4679,4666
s112154501048,s112154501036,1,4679,4667
s112154501048,s112154501038,1,4679,4669
s112154501051,s112154501055,1,4681,4684
s112154501051,s112154501056,1,4681,4685
s112154501051,s112154501058,1,4681,4686
s112154501053,s112154501055,1,4682,4684
s112154501053,s112154501060,1,4682,4687
s112154501053,s112154501069,1,4682,4694
s112154501053,s112154501070,1,4682,4695
s112154501054,s112154501055,1,4683,4684
s112154501054,s112154501056,1,4683,4685
s112154501054,s112154501070,1,4683,4695
s112154501054,s112154501074,1,4683,4699
s112154501055,s112154501053,1,4684,4682
s112154501055,s112154501056,1,4684,4685
s112154501055,s112154501060,1,4684,4687
s112154501055,s112154501070,1,4684,4695
s112154501055,s112154501074,1,4684,4699
s112154501056,s112154501053,1,4685,4682
s112154501056,s112154501054,1,4685,4683
s112154501056,s112154501055,1,4685,4684
s112154501056,s112154501070,1,4685,4695
s112154501056,s112154501074,1,4685,4699
s112154501058,s112154501051,1,4686,4681
s112154501058,s112154501062,1,4686,4689
s112154501058,s112154501071,1,4686,4696
s112154501060,s112154501053,1,4687,4682
s112154501060,s112154501055,1,4687,4684
s112154501060,s112154501070,1,4687,4695
s112154501061,s112154501051,1,4688,4681
s112154501061,s112154501058,1,4688,4686
s112154501061,s112154501069,1,4688,4694
s112154501062,s112154501051,1,4689,4681
s112154501062,s112154501058,1,4689,4686
s112154501063,s112154501067,1,4690,4692
s112154501063,s112154501069,1,4690,4694
s112154501063,s112154501071,1,4690,4696
s112154501063,s112154501076,1,4690,4700
s112154501064,s112154501055,1,4691,4684
s112154501064,s112154501063,1,4691,4690
s112154501064,s112154501071,1,4691,4696
s112154501067,s112154501063,1,4692,4690
s112154501067,s112154501068,1,4692,4693
s112154501067,s112154501069,1,4692,4694
s112154501068,s112154501067,1,4693,4692
s112154501069,s112154501053,1,4694,4682
s112154501069,s112154501055,1,4694,4684
s112154501069,s112154501063,1,4694,4690
s112154501069,s112154501068,1,4694,4693
s112154501069,s112154501071,1,4694,4696
s112154501070,s112154501053,1,4695,4682
s112154501070,s112154501055,1,4695,4684
s112154501070,s112154501056,1,4695,4685
s112154501070,s112154501063,1,4695,4690
s112154501070,s112154501074,1,4695,4699
s112154501071,s112154501051,1,4696,4681
s112154501071,s112154501058,1,4696,4686
s112154501071,s112154501063,1,4696,4690
s112154501071,s112154501069,1,4696,4694
s112154501072,s112154501053,1,4697,4682
s112154501072,s112154501054,1,4697,4683
s112154501072,s112154501055,1,4697,4684
s112154501072,s112154501056,1,4697,4685
s112154501072,s112154501070,1,4697,4695
s112154501073,s112154501051,1,4698,4681
s112154501073,s112154501068,1,4698,4693
s112154501073,s112154501071,1,4698,4696
s112154501074,s112154501053,1,4699,4682
s112154501074,s112154501054,1,4699,4683
s112154501074,s112154501063,1,4699,4690
s112154501074,s112154501072,1,4699,4697
s112154501076,s112154501063,1,4700,4690
s112154501076,s112154501067,1,4700,4692
s112154501076,s112154501068,1,4700,4693
s112154505024,s112154505028,1,4701,4704
s112154505024,s112154505031,1,4701,4705
s112154505024,s112154505045,1,4701,4717
s112154505026,s112154505038,1,4702,4711
s112154505026,s112154505047,1,4702,4719
s112154505026,s112154505048,1,4702,4720
s112154505026,s112154505049,1,4702,4721
s112154505027,s112154505031,1,4703,4705
s112154505027,s112154505032,1,4703,4706
s112154505027,s112154505033,1,4703,4707
s112154505027,s112154505034,1,4703,4708
s112154505028,s112154505024,1,4704,4701
s112154505028,s112154505032,1,4704,4706
s112154505028,s112154505039,1,4704,4712
s112154505031,s112154505024,1,4705,4701
s112154505031,s112154505035,1,4705,4709
s112154505031,s112154505036,1,4705,4710
s112154505032,s112154505024,1,4706,4701
s112154505032,s112154505027,1,4706,4703
s112154505032,s112154505028,1,4706,4704
s112154505036,s112154505027,1,4710,4703
s112154505036,s112154505028,1,4710,4704
s112154505036,s112154505031,1,4710,4705
s112154505036,s112154505034,1,4710,4708
s112154505036,s112154505039,1,4710,4712
s112154505038,s112154505026,1,4711,4702
s112154505038,s112154505045,1,4711,4717
s112154505038,s112154505048,1,4711,4720
s112154505039,s112154505024,1,4712,4701
s112154505039,s112154505028,1,4712,4704
s112154505039,s112154505032,1,4712,4706
s112154505039,s112154505036,1,4712,4710
s112154505040,s112154505043,1,4713,4715
s112154505040,s112154505046,1,4713,4718
s112154505040,s112154505051,1,4713,4722
s112154505040,s113154505003,1,4713,4723
s112154505041,s112154505047,1,4714,4719
s112154505041,s112154505048,1,4714,4720
s112154505041,s112154505049,1,4714,4721
s112154505043,s112154505040,1,4715,4713
s112154505043,s112154505046,1,4715,4718
s112154505043,s112154505051,1,4715,4722
s112154505043,s113154505003,1,4715,4723
s112154505044,s112154505031,1,4716,4705
s112154505044,s112154505045,1,4716,4717
s112154505044,s112154505047,1,4716,4719
s112154505044,s112154505049,1,4716,4721
s112154505045,s112154505026,1,4717,4702
s112154505045,s112154505038,1,4717,4711
s112154505045,s112154505044,1,4717,4716
s112154505046,s112154505040,1,4718,4713
s112154505046,s112154505043,1,4718,4715
s112154505046,s112154505048,1,4718,4720
s112154505046,s112154505049,1,4718,4721
s112154505046,s112154505051,1,4718,4722
s112154505047,s112154505026,1,4719,4702
s112154505047,s112154505041,1,4719,4714
s112154505047,s112154505044,1,4719,4716
s112154505047,s112154505048,1,4719,4720
s112154505048,s112154505026,1,4720,4702
s112154505048,s112154505038,1,4720,4711
s112154505048,s112154505041,1,4720,4714
s112154505048,s112154505046,1,4720,4718
s112154505048,s112154505049,1,4720,4721
s112154505049,s112154505026,1,4721,4702
s112154505049,s112154505038,1,4721,4711
s112154505049,s112154505041,1,4721,4714
s112154505049,s112154505048,1,4721,4720
s112154505051,s112154505040,1,4722,4713
s112154505051,s112154505043,1,4722,4715
s112154505051,s112154505046,1,4722,4718
s112154505055,s112154505060,1,4724,4729
s112154505055,s112154505062,1,4724,4731
s112154505055,s112154505063,1,4724,4732
s112154505055,s112154505081,1,4724,4746
s112154505055,s113154505004,1,4724,4748
s112154505058,s112154505055,1,4727,4724
s112154505058,s112154505056,1,4727,4725
s112154505058,s112154505057,1,4727,4726
s112154505058,s112154505059,1,4727,4728
s112154505060,s112154505062,1,4729,4731
s112154505060,s112154505063,1,4729,4732
s112154505060,s112154505074,1,4729,4741
s112154505060,s112154505077,1,4729,4743
s112154505062,s112154505056,1,4731,4725
s112154505062,s112154505058,1,4731,4727
s112154505062,s112154505060,1,4731,4729
s112154505062,s112154505063,1,4731,4732
s112154505063,s112154505060,1,4732,4729
s112154505063,s112154505062,1,4732,4731
s112154505063,s112154505074,1,4732,4741
s112154505063,s112154505077,1,4732,4743
s112154505064,s112154505059,1,4733,4728
s112154505064,s112154505060,1,4733,4729
s112154505064,s112154505066,1,4733,4735
s112154505064,s112154505067,1,4733,4736
s112154505064,s112154505068,1,4733,4737
s112154505065,s112154505058,1,4734,4727
s112154505065,s112154505059,1,4734,4728
s112154505065,s112154505066,1,4734,4735
s112154505065,s112154505070,1,4734,4739
s112154505066,s112154505060,1,4735,4729
s112154505066,s112154505065,1,4735,4734
s112154505066,s112154505067,1,4735,4736
s112154505066,s112154505070,1,4735,4739
s112154505067,s112154505059,1,4736,4728
s112154505067,s112154505064,1,4736,4733
s112154505067,s112154505066,1,4736,4735
s112154505068,s112154505055,1,4737,4724
s112154505068,s112154505056,1,4737,4725
s112154505068,s112154505058,1,4737,4727
s112154505068,s112154505060,1,4737,4729
s112154505068,s112154505062,1,4737,4731
s112154505069,s112154505056,1,4738,4725
s112154505069,s112154505057,1,4738,4726
s112154505069,s112154505058,1,4738,4727
s112154505069,s112154505059,1,4738,4728
s112154505069,s112154505060,1,4738,4729
s112154505074,s112154505060,1,4741,4729
s112154505074,s112154505063,1,4741,4732
s112154505074,s112154505077,1,4741,4743
s112154505074,s112154505081,1,4741,4746
s112154505075,s112154505071,1,4742,4740
s112154505075,s112154505079,1,4742,4744
s112154505075,s112154505080,1,4742,4745
s112154505077,s112154505074,1,4743,4741
s112154505077,s112154505081,1,4743,4746
s112154505079,s112154505075,1,4744,4742
s112154505079,s112154505080,1,4744,4745
s112154505080,s112154505075,1,4745,4742
s112154505080,s112154505079,1,4745,4744
s112154505081,s112154505060,1,4746,4729
s112154505081,s112154505074,1,4746,4741
s112154505081,s112154505077,1,4746,4743
s112154506045,s112154506048,1,4749,4751
s112154506045,s112154506049,1,4749,4752
s112154506045,s112154506054,1,4749,4757
s112154506045,s112154506055,1,4749,4758
s112154506047,s112154506045,1,4750,4749
s112154506048,s112154506050,1,4751,4753
s112154506048,s112154506053,1,4751,4756
s112154506048,s112154506054,1,4751,4757
s112154506048,s112154506064,1,4751,4764
s112154506048,s112154506072,1,4751,4772
s112154506049,s112154506054,1,4752,4757
s112154506049,s112154506055,1,4752,4758
s112154506049,s112154506056,1,4752,4759
s112154506049,s112154506066,1,4752,4766
s112154506050,s112154506048,1,4753,4751
s112154506050,s112154506051,1,4753,4754
s112154506050,s112154506053,1,4753,4756
s112154506050,s112154506056,1,4753,4759
s112154506050,s112154506057,1,4753,4760
s112154506051,s112154506049,1,4754,4752
s112154506051,s112154506054,1,4754,4757
s112154506051,s112154506055,1,4754,4758
s112154506051,s112154506056,1,4754,4759
s112154506052,s112154506045,1,4755,4749
s112154506052,s112154506054,1,4755,4757
s112154506052,s112154506056,1,4755,4759
s112154506052,s112154506057,1,4755,4760
s112154506053,s112154506048,1,4756,4751
s112154506053,s112154506050,1,4756,4753
s112154506053,s112154506067,1,4756,4767
s112154506053,s112154506072,1,4756,4772
s112154506054,s112154506048,1,4757,4751
s112154506054,s112154506049,1,4757,4752
s112154506054,s112154506053,1,4757,4756
s112154506054,s112154506055,1,4757,4758
s112154506055,s112154506049,1,4758,4752
s112154506055,s112154506054,1,4758,4757
s112154506055,s112154506056,1,4758,4759
s112154506055,s112154506062,1,4758,4763
s112154506055,s112154506066,1,4758,4766
s112154506056,s112154506054,1,4759,4757
s112154506056,s112154506055,1,4759,4758
s112154506057,s112154506045,1,4760,4749
s112154506057,s112154506050,1,4760,4753
s112154506057,s112154506052,1,4760,4755
s112154506058,s112154506048,1,4761,4751
s112154506058,s112154506053,1,4761,4756
s112154506058,s112154506054,1,4761,4757
s112154506058,s112154506055,1,4761,4758
s112154506058,s112154506060,1,4761,4762
s112154506060,s112154506054,1,4762,4757
s112154506060,s112154506055,1,4762,4758
s112154506060,s112154506062,1,4762,4763
s112154506060,s112154506066,1,4762,4766
s112154506060,s112154506067,1,4762,4767
s112154506062,s112154506066,1,4763,4766
s112154506064,s112154506048,1,4764,4751
s112154506064,s112154506067,1,4764,4767
s112154506064,s112154506069,1,4764,4769
s112154506064,s112154506071,1,4764,4771
s112154506064,s112154506072,1,4764,4772
s112154506066,s112154506049,1,4766,4752
s112154506066,s112154506055,1,4766,4758
s112154506066,s112154506060,1,4766,4762
s112154506066,s112154506062,1,4766,4763
s112154506066,s112154506067,1,4766,4767
s112154506067,s112154506050,1,4767,4753
s112154506067,s112154506060,1,4767,4762
s112154506067,s112154506062,1,4767,4763
s112154506067,s112154506066,1,4767,4766
s112154506067,s112154506072,1,4767,4772
s112154506068,s112154506064,1,4768,4764
s112154506068,s112154506065,1,4768,4765
s112154506068,s112154506069,1,4768,4769
s112154506068,s112154506070,1,4768,4770
s112154506068,s112154506071,1,4768,4771
s112154506069,s112154506064,1,4769,4764
s112154506069,s112154506065,1,4769,4765
s112154506069,s112154506068,1,4769,4768
s112154506069,s112154506071,1,4769,4771
s112154506069,s112154506072,1,4769,4772
s112154506070,s112154506065,1,4770,4765
s112154506070,s112154506067,1,4770,4767
s112154506070,s112154506069,1,4770,4769
s112154506070,s112154506071,1,4770,4771
s112154506070,s112154506072,1,4770,4772
s112154506072,s112154506048,1,4772,4751
s112154506072,s112154506060,1,4772,4762
s112154506072,s112154506064,1,4772,4764
s112154506072,s112154506067,1,4772,4767
s112154506075,s112154506084,1,4773,4780
s112154506075,s112154506085,1,4773,4781
s112154506075,s112154506086,1,4773,4782
s112154506076,s112154506077,1,4774,4775
s112154506076,s112154506084,1,4774,4780
s112154506076,s112154506087,1,4774,4783
s112154506076,s112154506096,1,4774,4789
s112154506077,s112154506076,1,4775,4774
s112154506077,s112154506087,1,4775,4783
s112154506077,s112154506096,1,4775,4789
s112154506079,s112154506075,1,4776,4773
s112154506079,s112154506077,1,4776,4775
s112154506079,s112154506085,1,4776,4781
s112154506079,s112154506086,1,4776,4782
s112154506081,s112154506076,1,4777,4774
s112154506081,s112154506077,1,4777,4775
s112154506081,s112154506082,1,4777,4778
s112154506081,s112154506086,1,4777,4782
s112154506082,s112154506077,1,4778,4775
s112154506082,s112154506083,1,4778,4779
s112154506082,s112154506086,1,4778,4782
s112154506083,s112154506082,1,4779,4778
s112154506083,s113154506003,1,4779,4793
s112154506085,s112154506075,1,4781,4773
s112154506085,s112154506086,1,4781,4782
s112154506085,s112154506087,1,4781,4783
s112154506086,s112154506075,1,4782,4773
s112154506086,s112154506079,1,4782,4776
s112154506086,s112154506085,1,4782,4781
s112154506086,s112154506087,1,4782,4783
s112154506087,s112154506077,1,4783,4775
s112154506087,s112154506085,1,4783,4781
s112154506087,s112154506088,1,4783,4784
s112154506087,s112154506096,1,4783,4789
s112154506087,s113154506003,1,4783,4793
s112154506088,s112154506087,1,4784,4783
s112154506088,s112154506089,1,4784,4785
s112154506088,s112154506090,1,4784,4786
s112154506088,s112154506096,1,4784,4789
s112154506088,s113154506003,1,4784,4793
s112154506089,s112154506087,1,4785,4783
s112154506089,s112154506088,1,4785,4784
s112154506089,s112154506090,1,4785,4786
s112154506089,s112154506096,1,4785,4789
s112154506089,s113154506003,1,4785,4793
s112154506090,s112154506088,1,4786,4784
s112154506090,s112154506089,1,4786,4785
s112154506090,s112154506093,1,4786,4787
s112154506090,s112154506095,1,4786,4788
s112154506090,s112154506100,1,4786,4791
s112154506093,s112154506089,1,4787,4785
s112154506093,s112154506090,1,4787,4786
s112154506093,s112154506095,1,4787,4788
s112154506093,s112154506096,1,4787,4789
s112154506093,s112154506100,1,4787,4791
s112154506095,s112154506077,1,4788,4775
s112154506095,s112154506087,1,4788,4783
s112154506095,s112154506088,1,4788,4784
s112154506095,s112154506089,1,4788,4785
s112154506095,s112154506096,1,4788,4789
s112154506096,s112154506077,1,4789,4775
s112154506096,s112154506087,1,4789,4783
s112154506096,s112154506088,1,4789,4784
s112154506096,s112154506089,1,4789,4785
s112154506096,s112154506100,1,4789,4791
s112154506098,s112154506101,1,4790,4792
s112154506098,s113154506003,1,4790,4793
s112154506100,s112154506087,1,4791,4783
s112154506100,s112154506088,1,4791,4784
s112154506100,s112154506090,1,4791,4786
s112154506100,s112154506093,1,4791,4787
s112154506100,s112154506096,1,4791,4789
s112154506101,s112154506098,1,4792,4790
s112154506101,s113154506003,1,4792,4793
s112154513025,s112154513026,1,4794,4795
s112154513025,s112154513027,1,4794,4796
s112154513025,s112154513029,1,4794,4798
s112154513025,s112154513039,1,4794,4804
s112154513025,s112154513046,1,4794,4809
s112154513026,s112154513025,1,4795,4794
s112154513026,s112154513027,1,4795,4796
s112154513026,s112154513028,1,4795,4797
s112154513026,s112154513032,1,4795,4800
s112154513026,s112154513046,1,4795,4809
s112154513027,s112154513025,1,4796,4794
s112154513027,s112154513026,1,4796,4795
s112154513027,s112154513028,1,4796,4797
s112154513027,s112154513032,1,4796,4800
s112154513027,s112154513046,1,4796,4809
s112154513028,s112154513027,1,4797,4796
s112154513028,s112154513033,1,4797,4801
s112154513028,s112154513039,1,4797,4804
s112154513028,s112154513046,1,4797,4809
s112154513028,s113154513003,1,4797,4811
s112154513029,s112154513025,1,4798,4794
s112154513029,s112154513026,1,4798,4795
s112154513029,s112154513028,1,4798,4797
s112154513029,s112154513032,1,4798,4800
s112154513029,s112154513046,1,4798,4809
s112154513031,s112154513027,1,4799,4796
s112154513031,s112154513032,1,4799,4800
s112154513031,s112154513033,1,4799,4801
s112154513031,s112154513046,1,4799,4809
s112154513032,s112154513025,1,4800,4794
s112154513032,s112154513026,1,4800,4795
s112154513032,s112154513027,1,4800,4796
s112154513032,s112154513040,1,4800,4805
s112154513032,s112154513046,1,4800,4809
s112154513033,s112154513025,1,4801,4794
s112154513033,s112154513031,1,4801,4799
s112154513033,s113154513003,1,4801,4811
s112154513037,s112154513039,1,4802,4804
s112154513037,s112154513040,1,4802,4805
s112154513037,s112154513041,1,4802,4806
s112154513037,s112154513046,1,4802,4809
s112154513039,s112154513025,1,4804,4794
s112154513039,s112154513026,1,4804,4795
s112154513039,s112154513028,1,4804,4797
s112154513039,s112154513033,1,4804,4801
s112154513039,s113154513003,1,4804,4811
s112154513040,s112154513037,1,4805,4802
s112154513040,s112154513041,1,4805,4806
s112154513040,s112154513042,1,4805,4807
s112154513040,s112154513047,1,4805,4810
s112154513042,s112154513032,1,4807,4800
s112154513042,s112154513040,1,4807,4805
s112154513042,s112154513041,1,4807,4806
s112154513043,s112154513039,1,4808,4804
s112154513043,s112154513042,1,4808,4807
s112154513046,s112154513025,1,4809,4794
s112154513046,s112154513026,1,4809,4795
s112154513046,s112154513027,1,4809,4796
s112154513046,s112154513032,1,4809,4800
s112154513050,s112154513051,1,4812,4813
s112154513050,s112154513053,1,4812,4815
s112154513050,s112154513055,1,4812,4817
s112154513050,s112154513062,1,4812,4821
s112154513050,s112154513069,1,4812,4828
s112154513051,s112154513050,1,4813,4812
s112154513051,s112154513053,1,4813,4815
s112154513051,s112154513055,1,4813,4817
s112154513051,s112154513057,1,4813,4818
s112154513051,s112154513067,1,4813,4826
s112154513052,s112154513054,1,4814,4816
s112154513052,s112154513061,1,4814,4820
s112154513052,s112154513065,1,4814,4824
s112154513052,s112154513067,1,4814,4826
s112154513052,s112154513068,1,4814,4827
s112154513053,s112154513050,1,4815,4812
s112154513053,s112154513051,1,4815,4813
s112154513053,s112154513054,1,4815,4816
s112154513053,s112154513055,1,4815,4817
s112154513053,s112154513062,1,4815,4821
s112154513054,s112154513057,1,4816,4818
s112154513054,s112154513066,1,4816,4825
s112154513055,s112154513050,1,4817,4812
s112154513055,s112154513051,1,4817,4813
s112154513055,s112154513053,1,4817,4815
s112154513055,s112154513054,1,4817,4816
s112154513055,s112154513069,1,4817,4828
s112154513057,s112154513052,1,4818,4814
s112154513057,s112154513054,1,4818,4816
s112154513057,s112154513064,1,4818,4823
s112154513057,s112154513067,1,4818,4826
s112154513059,s112154513051,1,4819,4813
s112154513059,s112154513057,1,4819,4818
s112154513059,s112154513061,1,4819,4820
s112154513059,s112154513068,1,4819,4827
s112154513061,s112154513052,1,4820,4814
s112154513061,s112154513057,1,4820,4818
s112154513061,s112154513065,1,4820,4824
s112154513061,s112154513068,1,4820,4827
s112154513062,s112154513050,1,4821,4812
s112154513062,s112154513053,1,4821,4815
s112154513062,s112154513063,1,4821,4822
s112154513062,s112154513069,1,4821,4828
s112154513063,s112154513062,1,4822,4821
s112154513063,s112154513065,1,4822,4824
s112154513063,s112154513066,1,4822,4825
s112154513063,s112154513069,1,4822,4828
s112154513064,s112154513050,1,4823,4812
s112154513064,s112154513053,1,4823,4815
s112154513064,s112154513057,1,4823,4818
s112154513065,s112154513052,1,4824,4814
s112154513065,s112154513061,1,4824,4820
s112154513065,s112154513067,1,4824,4826
s112154513065,s112154513068,1,4824,4827
s112154513065,s112154513070,1,4824,4829
s112154513066,s112154513051,1,4825,4813
s112154513066,s112154513053,1,4825,4815
s112154513066,s112154513054,1,4825,4816
s112154513066,s112154513063,1,4825,4822
s112154513066,s112154513070,1,4825,4829
s112154513067,s112154513052,1,4826,4814
s112154513067,s112154513054,1,4826,4816
s112154513067,s112154513057,1,4826,4818
s112154513067,s112154513061,1,4826,4820
s112154513068,s112154513052,1,4827,4814
s112154513068,s112154513061,1,4827,4820
s112154513068,s112154513065,1,4827,4824
s112154513068,s112154513067,1,4827,4826
s112154513069,s112154513062,1,4828,4821
s112154513069,s112154513063,1,4828,4822
s112154513069,s112154513064,1,4828,4823
s112154513069,s112154513067,1,4828,4826
s112154513069,s112154513071,1,4828,4830
s112154513070,s112154513051,1,4829,4813
s112154513070,s112154513057,1,4829,4818
s112154513070,s112154513066,1,4829,4825
s112154513070,s112154513068,1,4829,4827
s112154513071,s112154513062,1,4830,4821
s112154513071,s112154513069,1,4830,4828
s112154515024,s112154515026,1,4832,4833
s112154515024,s112154515027,1,4832,4834
s112154515024,s112154515043,1,4832,4843
s112154515026,s112154515024,1,4833,4832
s112154515026,s112154515027,1,4833,4834
s112154515026,s112154515040,1,4833,4840
s112154515026,s112154515043,1,4833,4843
s112154515027,s112154515024,1,4834,4832
s112154515027,s112154515026,1,4834,4833
s112154515027,s112154515040,1,4834,4840
s112154515027,s112154515043,1,4834,4843
s112154515030,s112154515038,1,4835,4838
s112154515030,s112154515041,1,4835,4841
s112154515033,s112154515026,1,4836,4833
s112154515033,s112154515030,1,4836,4835
s112154515033,s112154515041,1,4836,4841
s112154515033,s113154515003,1,4836,4842
s112154515036,s112154515024,1,4837,4832
s112154515036,s112154515026,1,4837,4833
s112154515036,s112154515027,1,4837,4834
s112154515036,s112154515040,1,4837,4840
s112154515038,s112154515039,1,4838,4839
s112154515039,s112154515038,1,4839,4838
s112154515040,s112154515024,1,4840,4832
s112154515040,s112154515026,1,4840,4833
s112154515040,s112154515027,1,4840,4834
s112154515040,s112154515036,1,4840,4837
s112154515040,s112154515043,1,4840,4843
s112154515041,s112154515030,1,4841,4835
s112154515041,s112154515033,1,4841,4836
s112154515041,s113154515003,1,4841,4842
s112154515043,s112154515026,1,4843,4833
s112154515043,s112154515027,1,4843,4834
s112154515043,s112154515040,1,4843,4840
s112154515045,s112154515048,1,4844,4846
s112154515045,s112154515055,1,4844,4853
s112154515045,s112154515060,1,4844,4857
s112154515045,s112154515063,1,4844,4859
s112154515047,s112154515053,1,4845,4851
s112154515047,s112154515058,1,4845,4855
s112154515047,s112154515060,1,4845,4857
s112154515047,s112154515061,1,4845,4858
s112154515048,s112154515045,1,4846,4844
s112154515048,s112154515053,1,4846,4851
s112154515048,s112154515055,1,4846,4853
s112154515048,s112154515063,1,4846,4859
s112154515049,s112154515050,1,4847,4848
s112154515049,s112154515055,1,4847,4853
s112154515049,s112154515059,1,4847,4856
s112154515050,s112154515049,1,4848,4847
s112154515050,s112154515054,1,4848,4852
s112154515050,s112154515057,1,4848,4854
s112154515050,s112154515059,1,4848,4856
s112154515051,s112154515047,1,4849,4845
s112154515051,s112154515053,1,4849,4851
s112154515051,s112154515059,1,4849,4856
s112154515051,s112154515063,1,4849,4859
s112154515051,s112154515064,1,4849,4860
s112154515052,s112154515045,1,4850,4844
s112154515052,s112154515048,1,4850,4846
s112154515052,s112154515055,1,4850,4853
s112154515052,s112154515063,1,4850,4859
s112154515053,s112154515047,1,4851,4845
s112154515053,s112154515058,1,4851,4855
s112154515053,s112154515060,1,4851,4857
s112154515053,s112154515064,1,4851,4860
s112154515054,s112154515050,1,4852,4848
s112154515054,s112154515057,1,4852,4854
s112154515055,s112154515045,1,4853,4844
s112154515055,s112154515048,1,4853,4846
s112154515055,s112154515063,1,4853,4859
s112154515057,s112154515050,1,4854,4848
s112154515057,s112154515054,1,4854,4852
s112154515057,s112154515059,1,4854,4856
s112154515057,s112154515064,1,4854,4860
s112154515058,s112154515047,1,4855,4845
s112154515058,s112154515053,1,4855,4851
s112154515058,s112154515060,1,4855,4857
s112154515059,s112154515050,1,4856,4848
s112154515059,s112154515051,1,4856,4849
s112154515060,s112154515047,1,4857,4845
s112154515060,s112154515053,1,4857,4851
s112154515060,s112154515058,1,4857,4855
s112154515060,s112154515064,1,4857,4860
s112154515061,s112154515047,1,4858,4845
s112154515061,s112154515060,1,4858,4857
s112154515063,s112154515045,1,4859,4844
s112154515063,s112154515048,1,4859,4846
s112154515063,s112154515055,1,4859,4853
s112154515063,s112154515064,1,4859,4860
s112154515064,s112154515045,1,4860,4844
s112154515064,s112154515047,1,4860,4845
s112154515064,s112154515055,1,4860,4853
s112154515064,s112154515058,1,4860,4855
s112154515064,s112154515063,1,4860,4859
s112154522026,s112154522035,1,4862,4864
s112154522026,s112154522047,1,4862,4865
s112154522034,s112154522035,1,4863,4864
s112154522035,s112154522034,1,4864,4863
s112154522035,s112154522047,1,4864,4865
s112154522047,s112154522026,1,4865,4862
s112154522047,s112154522035,1,4865,4864
s112154522069,s112154522070,1,4867,4868
s112154522070,s112154522069,1,4868,4867
s112164501025,s112164501036,1,4870,4879
s112164501025,s112164501040,1,4870,4882
s112164501025,s112164501048,1,4870,4887
s112164501025,s112164501049,1,4870,4888
s112164501026,s112164501032,1,4871,4876
s112164501026,s112164501035,1,4871,4878
s112164501026,s112164501046,1,4871,4886
s112164501028,s112164501049,1,4872,4888
s112164501030,s112164501029,1,4874,4873
s112164501030,s112164501032,1,4874,4876
s112164501030,s112164501045,1,4874,4885
s112164501031,s112164501029,1,4875,4873
s112164501031,s112164501032,1,4875,4876
s112164501031,s112164501048,1,4875,4887
s112164501031,s112164501049,1,4875,4888
s112164501034,s112164501026,1,4877,4871
s112164501034,s112164501032,1,4877,4876
s112164501034,s112164501035,1,4877,4878
s112164501034,s112164501046,1,4877,4886
s112164501035,s112164501026,1,4878,4871
s112164501035,s112164501032,1,4878,4876
s112164501035,s112164501046,1,4878,4886
s112164501037,s112164501025,1,4880,4870
s112164501037,s112164501039,1,4880,4881
s112164501037,s112164501043,1,4880,4884
s112164501039,s112164501025,1,4881,4870
s112164501039,s112164501037,1,4881,4880
s112164501039,s112164501048,1,4881,4887
s112164501040,s112164501025,1,4882,4870
s112164501040,s112164501036,1,4882,4879
s112164501040,s112164501048,1,4882,4887
s112164501040,s112164501049,1,4882,4888
s112164501041,s112164501025,1,4883,4870
s112164501041,s112164501049,1,4883,4888
s112164501043,s112164501028,1,4884,4872
s112164501043,s112164501037,1,4884,4880
s112164501043,s112164501040,1,4884,4882
s112164501043,s112164501048,1,4884,4887
s112164501045,s112164501029,1,4885,4873
s112164501048,s112164501028,1,4887,4872
s112164501048,s112164501049,1,4887,4888
s112164501049,s112164501028,1,4888,4872
s112164501049,s112164501040,1,4888,4882
s112164501049,s112164501043,1,4888,4884
s112164501049,s112164501046,1,4888,4886
s112164501049,s112164501048,1,4888,4887
s112164501052,s112164501058,1,4889,4893
s112164501052,s112164501061,1,4889,4896
s112164501052,s112164501066,1,4889,4899
s112164501052,s113164501003,1,4889,4906
s112164501053,s112164501060,1,4890,4895
s112164501053,s112164501064,1,4890,4898
s112164501053,s112164501071,1,4890,4903
s112164501054,s112164501062,1,4891,4897
s112164501054,s112164501073,1,4891,4904
s112164501054,s112164501075,1,4891,4905
s112164501057,s112164501052,1,4892,4889
s112164501057,s112164501058,1,4892,4893
s112164501057,s112164501066,1,4892,4899
s112164501057,s113164501003,1,4892,4906
s112164501058,s112164501052,1,4893,4889
s112164501058,s112164501053,1,4893,4890
s112164501058,s112164501060,1,4893,4895
s112164501058,s112164501061,1,4893,4896
s112164501059,s112164501052,1,4894,4889
s112164501059,s112164501058,1,4894,4893
s112164501059,s112164501061,1,4894,4896
s112164501059,s112164501066,1,4894,4899
s112164501059,s112164501069,1,4894,4901
s112164501060,s112164501071,1,4895,4903
s112164501061,s112164501052,1,4896,4889
s112164501061,s112164501058,1,4896,4893
s112164501061,s112164501066,1,4896,4899
s112164501061,s112164501069,1,4896,4901
s112164501061,s112164501070,1,4896,4902
s112164501062,s112164501054,1,4897,4891
s112164501062,s112164501073,1,4897,4904
s112164501062,s112164501075,1,4897,4905
s112164501064,s112164501053,1,4898,4890
s112164501064,s112164501060,1,4898,4895
s112164501064,s112164501066,1,4898,4899
s112164501064,s112164501073,1,4898,4904
s112164501066,s112164501052,1,4899,4889
s112164501066,s112164501057,1,4899,4892
s112164501066,s112164501058,1,4899,4893
s112164501066,s113164501003,1,4899,4906
s112164501068,s112164501052,1,4900,4889
s112164501068,s112164501061,1,4900,4896
s112164501068,s112164501066,1,4900,4899
s112164501069,s112164501052,1,4901,4889
s112164501069,s112164501057,1,4901,4892
s112164501069,s112164501061,1,4901,4896
s112164501069,s113164501003,1,4901,4906
s112164501070,s112164501052,1,4902,4889
s112164501070,s112164501058,1,4902,4893
s112164501070,s112164501061,1,4902,4896
s112164501070,s112164501066,1,4902,4899
s112164501070,s112164501069,1,4902,4901
s112164501071,s112164501053,1,4903,4890
s112164501071,s112164501060,1,4903,4895
s112164501071,s112164501064,1,4903,4898
s112164501073,s112164501054,1,4904,4891
s112164501073,s112164501060,1,4904,4895
s112164501073,s112164501062,1,4904,4897
s112164501073,s112164501071,1,4904,4903
s112164501073,s112164501075,1,4904,4905
s112164501075,s112164501054,1,4905,4891
s112164501075,s112164501062,1,4905,4897
s112164501075,s112164501070,1,4905,4902
s112164501075,s112164501073,1,4905,4904
s112164513025,s112164513026,1,4907,4908
s112164513025,s112164513031,1,4907,4912
s112164513026,s112164513027,1,4908,4909
s112164513026,s112164513035,1,4908,4916
s112164513026,s112164513040,1,4908,4919
s112164513027,s112164513028,1,4909,4910
s112164513027,s112164513032,1,4909,4913
s112164513027,s112164513035,1,4909,4916
s112164513028,s112164513027,1,4910,4909
s112164513029,s112164513028,1,4911,4910
s112164513029,s112164513032,1,4911,4913
s112164513029,s112164513033,1,4911,4914
s112164513029,s112164513041,1,4911,4920
s112164513031,s112164513025,1,4912,4907
s112164513031,s112164513027,1,4912,4909
s112164513031,s112164513028,1,4912,4910
s112164513032,s112164513029,1,4913,4911
s112164513033,s112164513029,1,4914,4911
s112164513033,s112164513042,1,4914,4921
s112164513033,s112164513044,1,4914,4922
s112164513035,s112164513026,1,4916,4908
s112164513035,s112164513032,1,4916,4913
s112164513035,s112164513036,1,4916,4917
s112164513036,s112164513035,1,4917,4916
s112164513038,s112164513040,1,4918,4919
s112164513038,s112164513046,1,4918,4924
s112164513040,s112164513041,1,4919,4920
s112164513040,s112164513046,1,4919,4924
s112164513041,s112164513040,1,4920,4919
s112164513041,s112164513046,1,4920,4924
s112164513042,s112164513036,1,4921,4917
s112164513042,s112164513044,1,4921,4922
s112164513044,s112164513031,1,4922,4912
s112164513044,s112164513033,1,4922,4914
s112164513044,s112164513042,1,4922,4921
s112164513046,s112164513026,1,4924,4908
s112164513049,s112164513054,1,4925,4932
s112164513049,s112164513057,1,4925,4937
s112164513049,s112164513058,1,4925,4928
s112164513051,s112164513054,1,4926,4932
s112164513051,s112164513057,1,4926,4937
s112164513051,s113164513003,1,4926,4942
s112164513052,s112164513056,1,4927,4935
s112164513053,s112164513051,1,4931,4926
s112164513053,s112164513052,1,4931,4927
s112164513053,s112164513054,1,4931,4932
s112164513053,s112164513057,1,4931,4937
s112164513054,s112164513049,1,4932,4925
s112164513054,s112164513051,1,4932,4926
s112164513054,s112164513058,1,4932,4928
s112164513057,s112164513049,1,4937,4925
s112164513057,s112164513058,1,4937,4928
s112164513057,s112164513069,1,4937,4940
s112164513058,s112164513049,1,4928,4925
s112164513058,s112164513051,1,4928,4926
s112164513058,s112164513054,1,4928,4932
s112164513058,s112164513057,1,4928,4937
s112164513060,s112164513052,1,4929,4927
s112164513060,s112164513056,1,4929,4935
s112164513060,s112164513065,1,4929,4934
s112164513060,s113164513003,1,4929,4942
s112164513062,s112164513054,1,4930,4932
s112164513062,s112164513066,1,4930,4936
s112164513062,s112164513071,1,4930,4941
s112164513064,s112164513051,1,4933,4926
s112164513064,s112164513054,1,4933,4932
s112164513064,s112164513062,1,4933,4930
s112164513064,s112164513066,1,4933,4936
s112164513065,s112164513060,1,4934,4929
s112164513066,s112164513062,1,4936,4930
s112164513066,s112164513064,1,4936,4933
s112164513066,s112164513071,1,4936,4941
s112164513067,s112164513060,1,4938,4929
s112164513067,s112164513062,1,4938,4930
s112164513067,s112164513068,1,4938,4939
s112164513067,s112164513069,1,4938,4940
s112164513068,s112164513062,1,4939,4930
s112164513068,s112164513064,1,4939,4933
s112164513068,s112164513066,1,4939,4936
s112164513068,s112164513069,1,4939,4940
s112164513069,s112164513062,1,4940,4930
s112164513069,s112164513068,1,4940,4939
s112164513069,s112164513071,1,4940,4941
s112164513071,s112164513062,1,4941,4930
s112164513071,s112164513066,1,4941,4936
s112164513071,s112164513069,1,4941,4940
s112164513071,s113164513003,1,4941,4942
s112171306024,s112171306030,1,4943,4946
s112171306024,s112171306040,1,4943,4950
s112171306024,s112171306061,1,4943,4964
s112171306024,s112171306064,1,4943,4966
s112171306026,s112171306028,1,4944,4945
s112171306028,s112171306026,1,4945,4944
s112171306028,s112171306041,1,4945,4951
s112171306030,s112171306024,1,4946,4943
s112171306030,s112171306039,1,4946,4949
s112171306030,s112171306040,1,4946,4950
s112171306030,s112171306042,1,4946,4952
s112171306033,s112171306042,1,4947,4952
s112171306033,s112171306045,1,4947,4954
s112171306035,s112171306026,1,4948,4944
s112171306040,s112171306024,1,4950,4943
s112171306040,s112171306030,1,4950,4946
s112171306041,s112171306026,1,4951,4944
s112171306041,s112171306028,1,4951,4945
s112171306042,s112171306033,1,4952,4947
s112171306042,s112171306045,1,4952,4954
s112171306044,s112171306045,1,4953,4954
s112171306044,s112171306047,1,4953,4955
s112171306044,s112171306057,1,4953,4960
s112171306044,s112171306061,1,4953,4964
s112171306045,s112171306044,1,4954,4953
s112171306045,s112171306049,1,4954,4956
s112171306045,s112171306059,1,4954,4962
s112171306045,s112171306060,1,4954,4963
s112171306047,s112171306044,1,4955,4953
s112171306047,s112171306062,1,4955,4965
s112171306049,s112171306047,1,4956,4955
s112171306049,s112171306054,1,4956,4958
s112171306049,s112171306056,1,4956,4959
s112171306049,s112171306058,1,4956,4961
s112171306053,s112171306028,1,4957,4945
s112171306053,s112171306047,1,4957,4955
s112171306053,s112171306064,1,4957,4966
s112171306054,s112171306040,1,4958,4950
s112171306054,s112171306044,1,4958,4953
s112171306056,s112171306049,1,4959,4956
s112171306056,s112171306057,1,4959,4960
s112171306056,s112171306058,1,4959,4961
s112171306058,s112171306049,1,4961,4956
s112171306058,s112171306054,1,4961,4958
s112171306058,s112171306056,1,4961,4959
s112171306059,s112171306045,1,4962,4954
s112171306059,s112171306060,1,4962,4963
s112171306059,s112171306064,1,4962,4966
s112171306059,s112171306066,1,4962,4967
s112171306060,s112171306042,1,4963,4952
s112171306060,s112171306059,1,4963,4962
s112171306061,s112171306056,1,4964,4959
s112171306061,s112171306058,1,4964,4961
s112171306061,s112171306064,1,4964,4966
s112171306061,s112171306066,1,4964,4967
s112171306062,s112171306047,1,4965,4955
s112171306062,s112171306066,1,4965,4967
s112171306064,s112171306024,1,4966,4943
s112171306064,s112171306059,1,4966,4962
s112171306064,s112171306061,1,4966,4964
s112171306066,s112171306057,1,4967,4960
s112171306066,s112171306059,1,4967,4962
s112171306066,s112171306061,1,4967,4964
s112171306069,s112171306087,1,4968,4982
s112171306070,s112171306071,1,4969,4970
s112171306070,s112171306074,1,4969,4973
s112171306070,s112171306081,1,4969,4977
s112171306070,s112171306083,1,4969,4979
s112171306070,s112171306099,1,4969,4992
s112171306071,s112171306070,1,4970,4969
s112171306071,s112171306072,1,4970,4971
s112171306071,s112171306073,1,4970,4972
s112171306071,s112171306081,1,4970,4977
s112171306071,s112171306083,1,4970,4979
s112171306072,s112171306071,1,4971,4970
s112171306072,s112171306076,1,4971,4974
s112171306072,s112171306085,1,4971,4981
s112171306072,s112171306088,1,4971,4983
s112171306073,s112171306083,1,4972,4979
s112171306073,s112171306088,1,4972,4983
s112171306074,s112171306070,1,4973,4969
s112171306074,s112171306081,1,4973,4977
s112171306074,s112171306083,1,4973,4979
s112171306076,s112171306071,1,4974,4970
s112171306076,s112171306072,1,4974,4971
s112171306076,s112171306077,1,4974,4975
s112171306076,s112171306085,1,4974,4981
s112171306076,s112171306088,1,4974,4983
s112171306077,s112171306076,1,4975,4974
s112171306077,s112171306085,1,4975,4981
s112171306077,s112171306094,1,4975,4989
s112171306078,s112171306082,1,4976,4978
s112171306078,s112171306084,1,4976,4980
s112171306078,s112171306100,1,4976,4993
s112171306078,s112171306101,1,4976,4994
s112171306081,s112171306070,1,4977,4969
s112171306081,s112171306071,1,4977,4970
s112171306081,s112171306074,1,4977,4973
s112171306081,s112171306083,1,4977,4979
s112171306081,s112171306094,1,4977,4989
s112171306082,s112171306078,1,4978,4976
s112171306082,s112171306101,1,4978,4994
s112171306083,s112171306070,1,4979,4969
s112171306083,s112171306074,1,4979,4973
s112171306083,s112171306081,1,4979,4977
s112171306084,s112171306078,1,4980,4976
s112171306084,s112171306100,1,4980,4993
s112171306084,s112171306101,1,4980,4994
s112171306085,s112171306071,1,4981,4970
s112171306085,s112171306072,1,4981,4971
s112171306085,s112171306076,1,4981,4974
s112171306085,s112171306077,1,4981,4975
s112171306085,s112171306112,1,4981,5002
s112171306087,s112171306069,1,4982,4968
s112171306087,s112171306093,1,4982,4988
s112171306087,s112171306094,1,4982,4989
s112171306088,s112171306072,1,4983,4971
s112171306088,s112171306076,1,4983,4974
s112171306088,s112171306085,1,4983,4981
s112171306089,s112171306090,1,4984,4985
s112171306089,s112171306091,1,4984,4986
s112171306089,s112171306092,1,4984,4987
s112171306089,s112171306096,1,4984,4990
s112171306089,s112171306106,1,4984,4998
s112171306090,s112171306089,1,4985,4984
s112171306090,s112171306091,1,4985,4986
s112171306090,s112171306092,1,4985,4987
s112171306090,s112171306096,1,4985,4990
s112171306090,s112171306097,1,4985,4991
s112171306091,s112171306089,1,4986,4984
s112171306091,s112171306103,1,4986,4996
s112171306091,s112171306105,1,4986,4997
s112171306091,s112171306106,1,4986,4998
s112171306091,s112171306112,1,4986,5002
s112171306092,s112171306089,1,4987,4984
s112171306092,s112171306090,1,4987,4985
s112171306092,s112171306093,1,4987,4988
s112171306092,s112171306105,1,4987,4997
s112171306093,s112171306069,1,4988,4968
s112171306093,s112171306087,1,4988,4982
s112171306093,s112171306092,1,4988,4987
s112171306093,s112171306094,1,4988,4989
s112171306094,s112171306069,1,4989,4968
s112171306094,s112171306087,1,4989,4982
s112171306094,s112171306093,1,4989,4988
s112171306094,s112171306112,1,4989,5002
s112171306096,s112171306090,1,4990,4985
s112171306096,s112171306105,1,4990,4997
s112171306096,s112171306106,1,4990,4998
s112171306097,s112171306090,1,4991,4985
s112171306097,s112171306106,1,4991,4998
s112171306097,s112171306109,1,4991,5000
s112171306099,s112171306070,1,4992,4969
s112171306099,s112171306109,1,4992,5000
s112171306099,s112171306112,1,4992,5002
s112171306100,s112171306089,1,4993,4984
s112171306100,s112171306096,1,4993,4990
s112171306100,s112171306097,1,4993,4991
s112171306100,s112171306101,1,4993,4994
s112171306100,s112171306106,1,4993,4998
s112171306101,s112171306078,1,4994,4976
s112171306101,s112171306082,1,4994,4978
s112171306101,s112171306084,1,4994,4980
s112171306101,s112171306109,1,4994,5000
s112171306102,s112171306091,1,4995,4986
s112171306102,s112171306092,1,4995,4987
s112171306102,s112171306093,1,4995,4988
s112171306102,s112171306112,1,4995,5002
s112171306103,s112171306089,1,4996,4984
s112171306103,s112171306091,1,4996,4986
s112171306103,s112171306092,1,4996,4987
s112171306103,s112171306106,1,4996,4998
s112171306103,s112171306112,1,4996,5002
s112171306105,s112171306089,1,4997,4984
s112171306105,s112171306091,1,4997,4986
s112171306105,s112171306092,1,4997,4987
s112171306105,s112171306093,1,4997,4988
s112171306105,s112171306106,1,4997,4998
s112171306106,s112171306091,1,4998,4986
s112171306109,s112171306091,1,5000,4986
s112171306109,s112171306092,1,5000,4987
s112171306109,s112171306099,1,5000,4992
s112171306109,s112171306111,1,5000,5001
s112171306111,s112171306105,1,5001,4997
s112171306111,s112171306109,1,5001,5000
s112171306112,s112171306089,1,5002,4984
s112171306112,s112171306091,1,5002,4986
s112171306112,s112171306094,1,5002,4989
s112171306112,s112171306103,1,5002,4996
s112171306112,s112171306106,1,5002,4998
s112183502274,s112183502278,1,5003,5006
s112183502274,s112183502290,1,5003,5018
s112183502274,s112183502297,1,5003,5024
s112183502274,s112183502298,1,5003,5025
s112183502276,s112183502283,1,5004,5011
s112183502276,s112183502285,1,5004,5013
s112183502276,s112183502286,1,5004,5014
s112183502276,s112183502288,1,5004,5016
s112183502278,s112183502274,1,5006,5003
s112183502278,s112183502290,1,5006,5018
s112183502278,s112183502298,1,5006,5025
s112183502279,s112183502276,1,5007,5004
s112183502279,s112183502283,1,5007,5011
s112183502279,s112183502284,1,5007,5012
s112183502279,s112183502286,1,5007,5014
s112183502279,s112183502288,1,5007,5016
s112183502280,s112183502281,1,5008,5009
s112183502281,s112183502277,1,5009,5005
s112183502281,s112183502280,1,5009,5008
s112183502282,s112183502283,1,5010,5011
s112183502282,s112183502284,1,5010,5012
s112183502282,s112183502285,1,5010,5013
s112183502282,s112183502286,1,5010,5014
s112183502282,s112183502288,1,5010,5016
s112183502283,s112183502282,1,5011,5010
s112183502283,s112183502284,1,5011,5012
s112183502283,s112183502285,1,5011,5013
s112183502283,s112183502286,1,5011,5014
s112183502284,s112183502276,1,5012,5004
s112183502284,s112183502282,1,5012,5010
s112183502284,s112183502283,1,5012,5011
s112183502284,s112183502286,1,5012,5014
s112183502284,s112183502295,1,5012,5023
s112183502285,s112183502276,1,5013,5004
s112183502285,s112183502282,1,5013,5010
s112183502285,s112183502283,1,5013,5011
s112183502285,s112183502284,1,5013,5012
s112183502285,s112183502286,1,5013,5014
s112183502286,s112183502276,1,5014,5004
s112183502286,s112183502283,1,5014,5011
s112183502286,s112183502288,1,5014,5016
s112183502286,s112183502295,1,5014,5023
s112183502287,s112183502282,1,5015,5010
s112183502287,s112183502286,1,5015,5014
s112183502287,s112183502288,1,5015,5016
s112183502288,s112183502279,1,5016,5007
s112183502288,s112183502286,1,5016,5014
s112183502288,s112183502287,1,5016,5015
s112183502288,s112183502295,1,5016,5023
s112183502289,s112183502290,1,5017,5018
s112183502289,s112183502291,1,5017,5019
s112183502289,s112183502292,1,5017,5020
s112183502289,s112183502293,1,5017,5021
s112183502289,s112183502294,1,5017,5022
s112183502290,s112183502289,1,5018,5017
s112183502290,s112183502291,1,5018,5019
s112183502290,s112183502294,1,5018,5022
s112183502290,s112183502298,1,5018,5025
s112183502291,s112183502289,1,5019,5017
s112183502291,s112183502292,1,5019,5020
s112183502291,s112183502293,1,5019,5021
s112183502291,s112183502295,1,5019,5023
s112183502292,s112183502289,1,5020,5017
s112183502292,s112183502291,1,5020,5019
s112183502292,s112183502293,1,5020,5021
s112183502292,s112183502294,1,5020,5022
s112183502292,s112183502295,1,5020,5023
s112183502293,s112183502289,1,5021,5017
s112183502293,s112183502291,1,5021,5019
s112183502293,s112183502292,1,5021,5020
s112183502293,s112183502294,1,5021,5022
s112183502293,s112183502295,1,5021,5023
s112183502294,s112183502289,1,5022,5017
s112183502294,s112183502290,1,5022,5018
s112183502294,s112183502293,1,5022,5021
s112183502294,s112183502295,1,5022,5023
s112183502294,s112183502298,1,5022,5025
s112183502295,s112183502284,1,5023,5012
s112183502295,s112183502286,1,5023,5014
s112183502295,s112183502288,1,5023,5016
s112183502295,s112183502291,1,5023,5019
s112183502295,s112183502294,1,5023,5022
s112183502297,s112183502274,1,5024,5003
s112183502297,s112183502290,1,5024,5018
s112183502297,s112183502291,1,5024,5019
s112183502297,s112183502295,1,5024,5023
s112183502297,s112183502298,1,5024,5025
s112183502298,s112183502274,1,5025,5003
s112183502298,s112183502278,1,5025,5006
s112183502298,s112183502287,1,5025,5015
s112183502298,s112183502288,1,5025,5016
s112183502298,s112183502290,1,5025,5018
s112183502299,s112183502289,1,5026,5017
s112183502299,s112183502293,1,5026,5021
s112183502299,s112183502295,1,5026,5023
s112183502304,s112183502306,1,5027,5028
s112183502304,s112183502310,1,5027,5030
s112183502306,s112183502304,1,5028,5027
s112183502306,s112183502309,1,5028,5029
s112183502306,s112183502317,1,5028,5034
s112183502309,s112183502306,1,5029,5028
s112183502309,s112183502313,1,5029,5031
s112183502310,s112183502306,1,5030,5028
s112183502310,s112183502318,1,5030,5035
s112183502313,s112183502309,1,5031,5029
s112183502313,s112183502317,1,5031,5034
s112183502313,s112183502318,1,5031,5035
s112183502314,s112183502309,1,5032,5029
s112183502314,s112183502313,1,5032,5031
s112183502314,s112183502317,1,5032,5034
s112183502315,s112183502322,1,5033,5037
s112183502315,s112183502325,1,5033,5040
s112183502315,s112183502328,1,5033,5043
s112183502315,s112183502329,1,5033,5044
s112183502317,s112183502306,1,5034,5028
s112183502317,s112183502310,1,5034,5030
s112183502317,s112183502313,1,5034,5031
s112183502317,s112183502318,1,5034,5035
s112183502321,s112183502313,1,5036,5031
s112183502321,s112183502315,1,5036,5033
s112183502321,s112183502324,1,5036,5039
s112183502321,s112183502328,1,5036,5043
s112183502321,s112183502329,1,5036,5044
s112183502322,s112183502317,1,5037,5034
s112183502323,s112183502313,1,5038,5031
s112183502323,s112183502326,1,5038,5041
s112183502323,s112183502327,1,5038,5042
s112183502323,s112183502330,1,5038,5045
s112183502323,s112183502331,1,5038,5046
s112183502324,s112183502313,1,5039,5031
s112183502324,s112183502315,1,5039,5033
s112183502324,s112183502321,1,5039,5036
s112183502324,s112183502323,1,5039,5038
s112183502324,s112183502329,1,5039,5044
s112183502325,s112183502327,1,5040,5042
s112183502326,s112183502323,1,5041,5038
s112183502326,s112183502325,1,5041,5040
s112183502326,s112183502327,1,5041,5042
s112183502326,s112183502330,1,5041,5045
s112183502327,s112183502317,1,5042,5034
s112183502327,s112183502325,1,5042,5040
s112183502327,s112183502326,1,5042,5041
s112183502328,s112183502313,1,5043,5031
s112183502328,s112183502317,1,5043,5034
s112183502328,s112183502321,1,5043,5036
s112183502329,s112183502315,1,5044,5033
s112183502329,s112183502321,1,5044,5036
s112183502330,s112183502323,1,5045,5038
s112183502330,s112183502325,1,5045,5040
s112183502330,s112183502326,1,5045,5041
s112183502330,s112183502327,1,5045,5042
s112183502330,s112183502331,1,5045,5046
s112183502331,s112183502313,1,5046,5031
s112183502331,s112183502317,1,5046,5034
s112183502331,s112183502328,1,5046,5043
s112183510025,s112183510028,1,5048,5050
s112183510025,s112183510031,1,5048,5052
s112183510025,s112183510034,1,5048,5055
s112183510025,s112183510051,1,5048,5067
s112183510026,s112183510028,1,5049,5050
s112183510026,s112183510029,1,5049,5051
s112183510026,s112183510032,1,5049,5053
s112183510028,s112183510025,1,5050,5048
s112183510028,s112183510031,1,5050,5052
s112183510028,s112183510034,1,5050,5055
s112183510028,s112183510051,1,5050,5067
s112183510029,s112183510026,1,5051,5049
s112183510029,s112183510032,1,5051,5053
s112183510029,s112183510046,1,5051,5063
s112183510031,s112183510028,1,5052,5050
s112183510031,s112183510038,1,5052,5058
s112183510031,s112183510042,1,5052,5061
s112183510031,s113183510003,1,5052,5068
s112183510032,s112183510026,1,5053,5049
s112183510032,s112183510029,1,5053,5051
s112183510032,s112183510033,1,5053,5054
s112183510033,s112183510032,1,5054,5053
s112183510033,s112183510035,1,5054,5056
s112183510034,s112183510025,1,5055,5048
s112183510034,s112183510028,1,5055,5050
s112183510034,s112183510031,1,5055,5052
s112183510035,s112183510033,1,5056,5054
s112183510035,s112183510042,1,5056,5061
s112183510037,s112183510031,1,5057,5052
s112183510037,s112183510038,1,5057,5058
s112183510037,s112183510040,1,5057,5060
s112183510037,s112183510050,1,5057,5066
s112183510038,s112183510031,1,5058,5052
s112183510038,s112183510040,1,5058,5060
s112183510038,s112183510042,1,5058,5061
s112183510038,s113183510003,1,5058,5068
s112183510039,s112183510038,1,5059,5058
s112183510039,s112183510042,1,5059,5061
s112183510039,s112183510049,1,5059,5065
s112183510039,s113183510003,1,5059,5068
s112183510040,s112183510037,1,5060,5057
s112183510040,s112183510038,1,5060,5058
s112183510040,s112183510050,1,5060,5066
s112183510042,s112183510039,1,5061,5059
s112183510042,s112183510049,1,5061,5065
s112183510044,s112183510037,1,5062,5057
s112183510044,s112183510050,1,5062,5066
s112183510044,s113183510003,1,5062,5068
s112183510048,s112183510037,1,5064,5057
s112183510048,s112183510046,1,5064,5063
s112183510048,s112183510050,1,5064,5066
s112183510049,s112183510039,1,5065,5059
s112183510049,s112183510042,1,5065,5061
s112183510049,s113183510003,1,5065,5068
s112183510050,s112183510037,1,5066,5057
s112183510050,s112183510040,1,5066,5060
s112183510050,s112183510048,1,5066,5064
s112183510050,s113183510003,1,5066,5068
s112183510051,s112183510025,1,5067,5048
s112183510051,s112183510028,1,5067,5050
s112183510051,s112183510031,1,5067,5052
s112183510051,s112183510033,1,5067,5054
s112183510051,s112183510034,1,5067,5055
s112183510056,s112183510058,1,5070,5071
s112183510056,s112183510059,1,5070,5072
s112183510056,s113183510004,1,5070,5091
s112183510058,s112183510059,1,5071,5072
s112183510058,s112183510060,1,5071,5073
s112183510058,s112183510061,1,5071,5074
s112183510058,s112183510071,1,5071,5082
s112183510058,s112183510080,1,5071,5090
s112183510059,s112183510058,1,5072,5071
s112183510059,s112183510060,1,5072,5073
s112183510059,s112183510062,1,5072,5075
s112183510059,s112183510070,1,5072,5081
s112183510059,s112183510080,1,5072,5090
s112183510060,s112183510054,1,5073,5069
s112183510060,s112183510062,1,5073,5075
s112183510060,s112183510065,1,5073,5077
s112183510060,s112183510080,1,5073,5090
s112183510061,s112183510054,1,5074,5069
s112183510061,s112183510058,1,5074,5071
s112183510061,s112183510059,1,5074,5072
s112183510061,s112183510069,1,5074,5080
s112183510061,s112183510075,1,5074,5085
s112183510062,s112183510060,1,5075,5073
s112183510062,s112183510061,1,5075,5074
s112183510062,s112183510065,1,5075,5077
s112183510064,s112183510066,1,5076,5078
s112183510064,s113183510004,1,5076,5091
s112183510065,s112183510054,1,5077,5069
s112183510065,s112183510060,1,5077,5073
s112183510065,s112183510062,1,5077,5075
s112183510066,s112183510064,1,5078,5076
s112183510067,s112183510054,1,5079,5069
s112183510067,s112183510058,1,5079,5071
s112183510067,s112183510070,1,5079,5081
s112183510067,s112183510071,1,5079,5082
s112183510069,s112183510061,1,5080,5074
s112183510069,s112183510071,1,5080,5082
s112183510069,s112183510072,1,5080,5083
s112183510069,s112183510076,1,5080,5086
s112183510069,s112183510080,1,5080,5090
s112183510070,s112183510059,1,5081,5072
s112183510070,s112183510069,1,5081,5080
s112183510070,s112183510071,1,5081,5082
s112183510070,s112183510080,1,5081,5090
s112183510072,s112183510069,1,5083,5080
s112183510072,s112183510071,1,5083,5082
s112183510072,s112183510074,1,5083,5084
s112183510072,s112183510076,1,5083,5086
s112183510074,s112183510070,1,5084,5081
s112183510074,s112183510072,1,5084,5083
s112183510074,s112183510075,1,5084,5085
s112183510074,s112183510077,1,5084,5087
s112183510075,s112183510069,1,5085,5080
s112183510075,s112183510074,1,5085,5084
s112183510075,s112183510077,1,5085,5087
s112183510075,s112183510078,1,5085,5088
s112183510075,s113183510005,1,5085,5092
s112183510076,s112183510069,1,5086,5080
s112183510076,s112183510070,1,5086,5081
s112183510076,s112183510072,1,5086,5083
s112183510076,s112183510080,1,5086,5090
s112183510077,s112183510074,1,5087,5084
s112183510077,s112183510075,1,5087,5085
s112183510077,s112183510078,1,5087,5088
s112183510077,s113183510005,1,5087,5092
s112183510078,s112183510077,1,5088,5087
s112183510079,s112183510074,1,5089,5084
s112183510079,s112183510075,1,5089,5085
s112183510079,s112183510077,1,5089,5087
s112183510079,s113183510005,1,5089,5092
s112183510080,s112183510059,1,5090,5072
s112183510080,s112183510060,1,5090,5073
s112183510080,s112183510069,1,5090,5080
s112183510080,s112183510070,1,5090,5081
s112191309024,s112191309042,1,5093,5105
s112191309024,s112191309056,1,5093,5114
s112191309024,s112191309062,1,5093,5119
s112191309025,s112191309036,1,5094,5100
s112191309025,s112191309054,1,5094,5112
s112191309025,s112191309058,1,5094,5115
s112191309026,s112191309024,1,5095,5093
s112191309026,s112191309027,1,5095,5096
s112191309026,s112191309029,1,5095,5097
s112191309026,s112191309050,1,5095,5110
s112191309026,s112191309062,1,5095,5119
s112191309027,s112191309034,1,5096,5099
s112191309027,s112191309055,1,5096,5113
s112191309027,s112191309061,1,5096,5118
s112191309029,s112191309026,1,5097,5095
s112191309029,s112191309027,1,5097,5096
s112191309029,s112191309050,1,5097,5110
s112191309029,s112191309062,1,5097,5119
s112191309030,s112191309025,1,5098,5094
s112191309030,s112191309036,1,5098,5100
s112191309030,s112191309037,1,5098,5101
s112191309030,s112191309041,1,5098,5104
s112191309034,s112191309027,1,5099,5096
s112191309034,s112191309047,1,5099,5109
s112191309034,s112191309055,1,5099,5113
s112191309034,s112191309061,1,5099,5118
s112191309036,s112191309025,1,5100,5094
s112191309036,s112191309041,1,5100,5104
s112191309036,s112191309054,1,5100,5112
s112191309037,s112191309030,1,5101,5098
s112191309037,s112191309038,1,5101,5102
s112191309038,s112191309037,1,5102,5101
s112191309038,s112191309052,1,5102,5111
s112191309038,s112191309054,1,5102,5112
s112191309040,s112191309041,1,5103,5104
s112191309040,s112191309056,1,5103,5114
s112191309040,s112191309058,1,5103,5115
s112191309041,s112191309030,1,5104,5098
s112191309041,s112191309036,1,5104,5100
s112191309041,s112191309058,1,5104,5115
s112191309042,s112191309024,1,5105,5093
s112191309042,s112191309047,1,5105,5109
s112191309042,s112191309062,1,5105,5119
s112191309045,s112191309024,1,5107,5093
s112191309045,s112191309026,1,5107,5095
s112191309045,s112191309060,1,5107,5117
s112191309045,s112191309061,1,5107,5118
s112191309045,s112191309062,1,5107,5119
s112191309047,s112191309034,1,5109,5099
s112191309047,s112191309055,1,5109,5113
s112191309047,s112191309061,1,5109,5118
s112191309050,s112191309026,1,5110,5095
s112191309050,s112191309029,1,5110,5097
s112191309054,s112191309025,1,5112,5094
s112191309054,s112191309034,1,5112,5099
s112191309054,s112191309052,1,5112,5111
s112191309055,s112191309034,1,5113,5099
s112191309055,s112191309047,1,5113,5109
s112191309055,s112191309061,1,5113,5118
s112191309056,s112191309024,1,5114,5093
s112191309056,s112191309061,1,5114,5118
s112191309058,s112191309041,1,5115,5104
s112191309058,s112191309054,1,5115,5112
s112191309059,s112191309036,1,5116,5100
s112191309059,s112191309052,1,5116,5111
s112191309060,s112191309043,1,5117,5106
s112191309060,s112191309056,1,5117,5114
s112191309060,s112191309062,1,5117,5119
s112191309061,s112191309034,1,5118,5099
s112191309061,s112191309047,1,5118,5109
s112191309061,s112191309055,1,5118,5113
s112191309062,s112191309026,1,5119,5095
s112191309062,s112191309029,1,5119,5097
s112191309062,s112191309055,1,5119,5113
s112191311024,s112191311025,1,5163,5164
s112191311024,s112191311030,1,5163,5169
s112191311024,s112191311046,1,5163,5181
s112191311024,s112191311050,1,5163,5185
s112191311025,s112191311024,1,5164,5163
s112191311025,s112191311027,1,5164,5166
s112191311025,s112191311028,1,5164,5167
s112191311025,s112191311030,1,5164,5169
s112191311025,s112191311035,1,5164,5172
s112191311026,s112191311024,1,5165,5163
s112191311026,s112191311025,1,5165,5164
s112191311026,s112191311030,1,5165,5169
s112191311026,s112191311044,1,5165,5179
s112191311028,s112191311024,1,5167,5163
s112191311028,s112191311025,1,5167,5164
s112191311028,s112191311035,1,5167,5172
s112191311028,s112191311050,1,5167,5185
s112191311032,s112191311024,1,5170,5163
s112191311032,s112191311028,1,5170,5167
s112191311032,s112191311030,1,5170,5169
s112191311034,s112191311035,1,5171,5172
s112191311034,s112191311040,1,5171,5175
s112191311034,s112191311045,1,5171,5180
s112191311034,s112191311046,1,5171,5181
s112191311035,s112191311025,1,5172,5164
s112191311035,s112191311028,1,5172,5167
s112191311035,s112191311034,1,5172,5171
s112191311035,s112191311047,1,5172,5182
s112191311035,s112191311049,1,5172,5184
s112191311037,s112191311027,1,5173,5166
s112191311037,s112191311038,1,5173,5174
s112191311037,s112191311044,1,5173,5179
s112191311037,s112191311045,1,5173,5180
s112191311038,s112191311027,1,5174,5166
s112191311038,s112191311029,1,5174,5168
s112191311038,s112191311042,1,5174,5177
s112191311038,s112191311048,1,5174,5183
s112191311038,s112191311053,1,5174,5188
s112191311041,s112191311030,1,5176,5169
s112191311041,s112191311044,1,5176,5179
s112191311041,s112191311052,1,5176,5187
s112191311042,s112191311025,1,5177,5164
s112191311042,s112191311030,1,5177,5169
s112191311042,s112191311043,1,5177,5178
s112191311042,s112191311046,1,5177,5181
s112191311042,s112191311047,1,5177,5182
s112191311043,s112191311030,1,5178,5169
s112191311043,s112191311042,1,5178,5177
s112191311043,s112191311048,1,5178,5183
s112191311043,s112191311051,1,5178,5186
s112191311044,s112191311026,1,5179,5165
s112191311044,s112191311032,1,5179,5170
s112191311044,s112191311034,1,5179,5171
s112191311044,s112191311045,1,5179,5180
s112191311045,s112191311030,1,5180,5169
s112191311045,s112191311032,1,5180,5170
s112191311045,s112191311035,1,5180,5172
s112191311045,s112191311044,1,5180,5179
s112191311046,s112191311030,1,5181,5169
s112191311046,s112191311045,1,5181,5180
s112191311046,s112191311047,1,5181,5182
s112191311046,s112191311050,1,5181,5185
s112191311047,s112191311035,1,5182,5172
s112191311047,s112191311049,1,5182,5184
s112191311047,s112191311051,1,5182,5186
s112191311047,s112191311071,1,5182,5204
s112191311048,s112191311027,1,5183,5166
s112191311048,s112191311038,1,5183,5174
s112191311048,s112191311042,1,5183,5177
s112191311048,s112191311051,1,5183,5186
s112191311049,s112191311028,1,5184,5167
s112191311049,s112191311035,1,5184,5172
s112191311049,s112191311043,1,5184,5178
s112191311049,s112191311047,1,5184,5182
s112191311049,s112191311064,1,5184,5197
s112191311050,s112191311024,1,5185,5163
s112191311050,s112191311025,1,5185,5164
s112191311050,s112191311028,1,5185,5167
s112191311050,s112191311035,1,5185,5172
s112191311050,s112191311047,1,5185,5182
s112191311051,s112191311027,1,5186,5166
s112191311051,s112191311038,1,5186,5174
s112191311051,s112191311042,1,5186,5177
s112191311051,s112191311047,1,5186,5182
s112191311051,s112191311058,1,5186,5191
s112191311053,s112191311027,1,5188,5166
s112191311053,s112191311029,1,5188,5168
s112191311053,s112191311038,1,5188,5174
s112191311053,s112191311056,1,5188,5190
s112191311054,s112191311038,1,5189,5174
s112191311054,s112191311042,1,5189,5177
s112191311054,s112191311045,1,5189,5180
s112191311054,s112191311048,1,5189,5183
s112191311054,s112191311051,1,5189,5186
s112191311056,s112191311029,1,5190,5168
s112191311056,s112191311038,1,5190,5174
s112191311056,s112191311053,1,5190,5188
s112191311056,s112191311066,1,5190,5199
s112191311058,s112191311027,1,5191,5166
s112191311058,s112191311038,1,5191,5174
s112191311058,s112191311042,1,5191,5177
s112191311058,s112191311053,1,5191,5188
s112191311059,s112191311063,1,5192,5196
s112191311059,s112191311064,1,5192,5197
s112191311059,s112191311065,1,5192,5198
s112191311059,s112191311067,1,5192,5200
s112191311059,s112191311068,1,5192,5201
s112191311060,s112191311059,1,5193,5192
s112191311060,s112191311063,1,5193,5196
s112191311060,s112191311064,1,5193,5197
s112191311060,s112191311065,1,5193,5198
s112191311060,s112191311068,1,5193,5201
s112191311061,s112191311062,1,5194,5195
s112191311061,s112191311066,1,5194,5199
s112191311061,s112191311072,1,5194,5205
s112191311062,s112191311038,1,5195,5174
s112191311062,s112191311043,1,5195,5178
s112191311062,s112191311051,1,5195,5186
s112191311062,s112191311061,1,5195,5194
s112191311062,s112191311070,1,5195,5203
s112191311063,s112191311059,1,5196,5192
s112191311063,s112191311064,1,5196,5197
s112191311063,s112191311065,1,5196,5198
s112191311063,s112191311067,1,5196,5200
s112191311063,s112191311068,1,5196,5201
s112191311064,s112191311059,1,5197,5192
s112191311064,s112191311063,1,5197,5196
s112191311064,s112191311067,1,5197,5200
s112191311064,s112191311068,1,5197,5201
s112191311064,s112191311070,1,5197,5203
s112191311065,s112191311059,1,5198,5192
s112191311065,s112191311062,1,5198,5195
s112191311065,s112191311063,1,5198,5196
s112191311065,s112191311066,1,5198,5199
s112191311065,s112191311071,1,5198,5204
s112191311066,s112191311029,1,5199,5168
s112191311066,s112191311053,1,5199,5188
s112191311066,s112191311056,1,5199,5190
s112191311066,s112191311061,1,5199,5194
s112191311066,s112191311072,1,5199,5205
s112191311067,s112191311059,1,5200,5192
s112191311067,s112191311063,1,5200,5196
s112191311067,s112191311065,1,5200,5198
s112191311067,s112191311068,1,5200,5201
s112191311068,s112191311056,1,5201,5190
s112191311068,s112191311059,1,5201,5192
s112191311068,s112191311063,1,5201,5196
s112191311068,s112191311064,1,5201,5197
s112191311068,s112191311067,1,5201,5200
s112191311069,s112191311062,1,5202,5195
s112191311069,s112191311070,1,5202,5203
s112191311069,s112191311071,1,5202,5204
s112191311070,s112191311061,1,5203,5194
s112191311070,s112191311062,1,5203,5195
s112191311070,s112191311066,1,5203,5199
s112191311070,s112191311069,1,5203,5202
s112191311070,s112191311072,1,5203,5205
s112191311071,s112191311062,1,5204,5195
s112191311071,s112191311066,1,5204,5199
s112191311071,s112191311069,1,5204,5202
s112191311071,s112191311070,1,5204,5203
s112191311071,s112191311072,1,5204,5205
s112191311072,s112191311061,1,5205,5194
s112191311072,s112191311066,1,5205,5199
s112191311072,s112191311069,1,5205,5202
s112191311072,s112191311070,1,5205,5203
s112191311072,s112191311071,1,5205,5204
s112191311075,s112191311094,1,5120,5139
s112191311075,s112191311097,1,5120,5141
s112191311075,s112191311107,1,5120,5150
s112191311075,s112191311109,1,5120,5152
s112191311075,s112191311118,1,5120,5158
s112191311076,s112191311088,1,5121,5133
s112191311076,s112191311089,1,5121,5134
s112191311076,s112191311090,1,5121,5135
s112191311076,s112191311095,1,5121,5140
s112191311076,s112191311105,1,5121,5149
s112191311077,s112191311078,1,5122,5123
s112191311077,s112191311090,1,5122,5135
s112191311077,s112191311097,1,5122,5141
s112191311077,s112191311098,1,5122,5142
s112191311077,s112191311100,1,5122,5144
s112191311078,s112191311077,1,5123,5122
s112191311078,s112191311084,1,5123,5129
s112191311078,s112191311097,1,5123,5141
s112191311078,s112191311108,1,5123,5151
s112191311079,s112191311077,1,5124,5122
s112191311079,s112191311078,1,5124,5123
s112191311079,s112191311095,1,5124,5140
s112191311079,s112191311097,1,5124,5141
s112191311080,s112191311086,1,5125,5131
s112191311080,s112191311087,1,5125,5132
s112191311081,s112191311080,1,5126,5125
s112191311081,s112191311082,1,5126,5127
s112191311081,s112191311087,1,5126,5132
s112191311081,s112191311098,1,5126,5142
s112191311081,s112191311119,1,5126,5159
s112191311082,s112191311081,1,5127,5126
s112191311082,s112191311083,1,5127,5128
s112191311082,s112191311087,1,5127,5132
s112191311082,s112191311097,1,5127,5141
s112191311082,s112191311098,1,5127,5142
s112191311083,s112191311080,1,5128,5125
s112191311083,s112191311082,1,5128,5127
s112191311083,s112191311087,1,5128,5132
s112191311083,s112191311091,1,5128,5136
s112191311083,s112191311101,1,5128,5145
s112191311084,s112191311077,1,5129,5122
s112191311084,s112191311078,1,5129,5123
s112191311084,s112191311086,1,5129,5131
s112191311084,s112191311108,1,5129,5151
s112191311086,s112191311080,1,5131,5125
s112191311086,s112191311084,1,5131,5129
s112191311087,s112191311080,1,5132,5125
s112191311087,s112191311081,1,5132,5126
s112191311087,s112191311082,1,5132,5127
s112191311087,s112191311104,1,5132,5148
s112191311087,s112191311108,1,5132,5151
s112191311088,s112191311076,1,5133,5121
s112191311088,s112191311089,1,5133,5134
s112191311088,s112191311095,1,5133,5140
s112191311088,s112191311104,1,5133,5148
s112191311088,s112191311105,1,5133,5149
s112191311089,s112191311090,1,5134,5135
s112191311090,s112191311076,1,5135,5121
s112191311090,s112191311077,1,5135,5122
s112191311090,s112191311089,1,5135,5134
s112191311090,s112191311098,1,5135,5142
s112191311090,s112191311116,1,5135,5156
s112191311091,s112191311080,1,5136,5125
s112191311091,s112191311083,1,5136,5128
s112191311091,s112191311086,1,5136,5131
s112191311091,s112191311097,1,5136,5141
s112191311091,s112191311101,1,5136,5145
s112191311092,s112191311081,1,5137,5126
s112191311092,s112191311087,1,5137,5132
s112191311092,s112191311093,1,5137,5138
s112191311092,s112191311101,1,5137,5145
s112191311092,s112191311104,1,5137,5148
s112191311093,s112191311083,1,5138,5128
s112191311093,s112191311092,1,5138,5137
s112191311093,s112191311101,1,5138,5145
s112191311093,s112191311102,1,5138,5146
s112191311094,s112191311075,1,5139,5120
s112191311094,s112191311084,1,5139,5129
s112191311094,s112191311085,1,5139,5130
s112191311094,s112191311095,1,5139,5140
s112191311094,s112191311097,1,5139,5141
s112191311095,s112191311076,1,5140,5121
s112191311095,s112191311079,1,5140,5124
s112191311095,s112191311088,1,5140,5133
s112191311095,s112191311089,1,5140,5134
s112191311095,s112191311104,1,5140,5148
s112191311097,s112191311075,1,5141,5120
s112191311097,s112191311078,1,5141,5123
s112191311097,s112191311079,1,5141,5124
s112191311097,s112191311090,1,5141,5135
s112191311097,s112191311098,1,5141,5142
s112191311098,s112191311081,1,5142,5126
s112191311098,s112191311090,1,5142,5135
s112191311098,s112191311097,1,5142,5141
s112191311098,s112191311100,1,5142,5144
s112191311099,s112191311100,1,5143,5144
s112191311099,s112191311105,1,5143,5149
s112191311099,s112191311107,1,5143,5150
s112191311099,s112191311109,1,5143,5152
s112191311100,s112191311077,1,5144,5122
s112191311100,s112191311090,1,5144,5135
s112191311100,s112191311097,1,5144,5141
s112191311100,s112191311098,1,5144,5142
s112191311101,s112191311083,1,5145,5128
s112191311101,s112191311091,1,5145,5136
s112191311101,s112191311092,1,5145,5137
s112191311101,s112191311093,1,5145,5138
s112191311101,s113191311003,1,5145,5162
s112191311102,s112191311092,1,5146,5137
s112191311102,s112191311093,1,5146,5138
s112191311102,s112191311101,1,5146,5145
s112191311103,s112191311090,1,5147,5135
s112191311103,s112191311095,1,5147,5140
s112191311103,s112191311100,1,5147,5144
s112191311103,s112191311107,1,5147,5150
s112191311103,s112191311109,1,5147,5152
s112191311104,s112191311081,1,5148,5126
s112191311104,s112191311087,1,5148,5132
s112191311104,s112191311095,1,5148,5140
s112191311105,s112191311076,1,5149,5121
s112191311105,s112191311081,1,5149,5126
s112191311105,s112191311082,1,5149,5127
s112191311105,s112191311098,1,5149,5142
s112191311105,s112191311107,1,5149,5150
s112191311107,s112191311099,1,5150,5143
s112191311107,s112191311105,1,5150,5149
s112191311107,s112191311108,1,5150,5151
s112191311107,s112191311109,1,5150,5152
s112191311108,s112191311084,1,5151,5129
s112191311108,s112191311110,1,5151,5153
s112191311109,s112191311097,1,5152,5141
s112191311109,s112191311099,1,5152,5143
s112191311109,s112191311105,1,5152,5149
s112191311109,s112191311107,1,5152,5150
s112191311109,s112191311108,1,5152,5151
s112191311110,s112191311093,1,5153,5138
s112191311110,s112191311122,1,5153,5161
s112191311111,s112191311122,1,5154,5161
s112191311115,s112191311075,1,5155,5120
s112191311115,s112191311116,1,5155,5156
s112191311115,s112191311118,1,5155,5158
s112191311115,s112191311119,1,5155,5159
s112191311116,s112191311090,1,5156,5135
s112191311116,s112191311097,1,5156,5141
s112191311116,s112191311117,1,5156,5157
s112191311116,s112191311118,1,5156,5158
s112191311116,s112191311119,1,5156,5159
s112191311117,s112191311115,1,5157,5155
s112191311117,s112191311116,1,5157,5156
s112191311117,s112191311118,1,5157,5158
s112191311117,s112191311119,1,5157,5159
s112191311117,s112191311121,1,5157,5160
s112191311118,s112191311115,1,5158,5155
s112191311118,s112191311116,1,5158,5156
s112191311118,s112191311119,1,5158,5159
s112191311118,s112191311121,1,5158,5160
s112191311119,s112191311081,1,5159,5126
s112191311119,s112191311116,1,5159,5156
s112191311119,s112191311118,1,5159,5158
s112191311119,s112191311121,1,5159,5160
s112191311121,s112191311116,1,5160,5156
s112191311121,s112191311117,1,5160,5157
s112191311121,s112191311118,1,5160,5158
s112191311121,s112191311119,1,5160,5159
s112191311122,s112191311110,1,5161,5153
s112191311122,s112191311111,1,5161,5154
s112191313024,s112191313025,1,5254,5255
s112191313024,s112191313039,1,5254,5266
s112191313024,s112191313040,1,5254,5267
s112191313024,s112191313063,1,5254,5286
s112191313025,s112191313024,1,5255,5254
s112191313025,s112191313049,1,5255,5275
s112191313025,s112191313059,1,5255,5284
s112191313025,s112191313067,1,5255,5289
s112191313026,s112191313066,1,5256,5288
s112191313027,s112191313068,1,5257,5290
s112191313028,s112191313029,1,5258,5259
s112191313028,s112191313034,1,5258,5263
s112191313028,s112191313047,1,5258,5274
s112191313028,s112191313051,1,5258,5277
s112191313028,s112191313054,1,5258,5279
s112191313029,s112191313025,1,5259,5255
s112191313029,s112191313028,1,5259,5258
s112191313029,s112191313047,1,5259,5274
s112191313030,s112191313040,1,5260,5267
s112191313030,s112191313069,1,5260,5291
s112191313031,s112191313027,1,5261,5257
s112191313031,s112191313064,1,5261,5287
s112191313031,s112191313068,1,5261,5290
s112191313031,s112191313070,1,5261,5292
s112191313032,s112191313034,1,5262,5263
s112191313032,s112191313041,1,5262,5268
s112191313032,s112191313051,1,5262,5277
s112191313034,s112191313046,1,5263,5273
s112191313034,s112191313051,1,5263,5277
s112191313035,s112191313043,1,5264,5270
s112191313035,s112191313047,1,5264,5274
s112191313035,s112191313053,1,5264,5278
s112191313035,s112191313071,1,5264,5293
s112191313035,s112191313072,1,5264,5294
s112191313036,s112191313024,1,5265,5254
s112191313036,s112191313035,1,5265,5264
s112191313036,s112191313050,1,5265,5276
s112191313039,s112191313024,1,5266,5254
s112191313039,s112191313042,1,5266,5269
s112191313039,s112191313055,1,5266,5280
s112191313039,s112191313056,1,5266,5281
s112191313040,s112191313024,1,5267,5254
s112191313040,s112191313030,1,5267,5260
s112191313040,s112191313064,1,5267,5287
s112191313040,s112191313066,1,5267,5288
s112191313040,s112191313069,1,5267,5291
s112191313041,s112191313043,1,5268,5270
s112191313041,s112191313049,1,5268,5275
s112191313041,s112191313051,1,5268,5277
s112191313041,s112191313059,1,5268,5284
s112191313041,s112191313062,1,5268,5285
s112191313042,s112191313039,1,5269,5266
s112191313042,s112191313055,1,5269,5280
s112191313042,s112191313056,1,5269,5281
s112191313042,s112191313063,1,5269,5286
s112191313042,s112191313069,1,5269,5291
s112191313043,s112191313035,1,5270,5264
s112191313043,s112191313041,1,5270,5268
s112191313043,s112191313047,1,5270,5274
s112191313043,s112191313051,1,5270,5277
s112191313044,s112191313043,1,5271,5270
s112191313044,s112191313046,1,5271,5273
s112191313044,s112191313051,1,5271,5277
s112191313044,s113191313005,1,5271,5295
s112191313045,s112191313039,1,5272,5266
s112191313045,s112191313043,1,5272,5270
s112191313045,s112191313047,1,5272,5274
s112191313045,s112191313053,1,5272,5278
s112191313046,s112191313034,1,5273,5263
s112191313046,s112191313044,1,5273,5271
s112191313046,s112191313064,1,5273,5287
s112191313046,s112191313070,1,5273,5292
s112191313047,s112191313028,1,5274,5258
s112191313047,s112191313035,1,5274,5264
s112191313047,s112191313043,1,5274,5270
s112191313047,s112191313045,1,5274,5272
s112191313049,s112191313025,1,5275,5255
s112191313049,s112191313041,1,5275,5268
s112191313049,s112191313042,1,5275,5269
s112191313049,s112191313059,1,5275,5284
s112191313050,s112191313049,1,5276,5275
s112191313050,s112191313059,1,5276,5284
s112191313050,s112191313064,1,5276,5287
s112191313050,s112191313070,1,5276,5292
s112191313051,s112191313034,1,5277,5263
s112191313051,s112191313043,1,5277,5270
s112191313051,s112191313046,1,5277,5273
s112191313051,s112191313049,1,5277,5275
s112191313051,s112191313054,1,5277,5279
s112191313053,s112191313035,1,5278,5264
s112191313053,s112191313045,1,5278,5272
s112191313053,s112191313071,1,5278,5293
s112191313053,s112191313072,1,5278,5294
s112191313054,s112191313028,1,5279,5258
s112191313054,s112191313034,1,5279,5263
s112191313054,s112191313070,1,5279,5292
s112191313054,s113191313005,1,5279,5295
s112191313055,s112191313024,1,5280,5254
s112191313055,s112191313039,1,5280,5266
s112191313055,s112191313063,1,5280,5286
s112191313056,s112191313024,1,5281,5254
s112191313056,s112191313039,1,5281,5266
s112191313056,s112191313042,1,5281,5269
s112191313056,s112191313055,1,5281,5280
s112191313056,s112191313063,1,5281,5286
s112191313057,s112191313025,1,5282,5255
s112191313057,s112191313059,1,5282,5284
s112191313057,s112191313066,1,5282,5288
s112191313057,s112191313067,1,5282,5289
s112191313058,s112191313024,1,5283,5254
s112191313058,s112191313039,1,5283,5266
s112191313058,s112191313042,1,5283,5269
s112191313058,s112191313055,1,5283,5280
s112191313058,s112191313063,1,5283,5286
s112191313059,s112191313041,1,5284,5268
s112191313059,s112191313049,1,5284,5275
s112191313059,s112191313050,1,5284,5276
s112191313059,s112191313066,1,5284,5288
s112191313062,s112191313046,1,5285,5273
s112191313062,s112191313064,1,5285,5287
s112191313062,s112191313068,1,5285,5290
s112191313062,s112191313070,1,5285,5292
s112191313063,s112191313024,1,5286,5254
s112191313063,s112191313039,1,5286,5266
s112191313063,s112191313042,1,5286,5269
s112191313063,s112191313055,1,5286,5280
s112191313063,s112191313056,1,5286,5281
s112191313064,s112191313031,1,5287,5261
s112191313064,s112191313050,1,5287,5276
s112191313064,s112191313070,1,5287,5292
s112191313066,s112191313042,1,5288,5269
s112191313066,s112191313059,1,5288,5284
s112191313066,s112191313067,1,5288,5289
s112191313066,s112191313068,1,5288,5290
s112191313067,s112191313024,1,5289,5254
s112191313067,s112191313025,1,5289,5255
s112191313067,s112191313049,1,5289,5275
s112191313067,s112191313059,1,5289,5284
s112191313067,s112191313066,1,5289,5288
s112191313068,s112191313027,1,5290,5257
s112191313068,s112191313031,1,5290,5261
s112191313068,s112191313062,1,5290,5285
s112191313068,s112191313064,1,5290,5287
s112191313068,s112191313070,1,5290,5292
s112191313069,s112191313026,1,5291,5256
s112191313069,s112191313042,1,5291,5269
s112191313069,s112191313055,1,5291,5280
s112191313069,s112191313064,1,5291,5287
s112191313070,s112191313027,1,5292,5257
s112191313070,s112191313031,1,5292,5261
s112191313070,s112191313046,1,5292,5273
s112191313070,s112191313064,1,5292,5287
s112191313071,s112191313035,1,5293,5264
s112191313071,s112191313045,1,5293,5272
s112191313071,s112191313053,1,5293,5278
s112191313071,s112191313072,1,5293,5294
s112191313072,s112191313027,1,5294,5257
s112191313072,s112191313035,1,5294,5264
s112191313072,s112191313053,1,5294,5278
s112191313072,s112191313071,1,5294,5293
s112191313075,s112191313076,1,5206,5207
s112191313075,s112191313078,1,5206,5209
s112191313075,s112191313105,1,5206,5234
s112191313075,s112191313107,1,5206,5236
s112191313075,s112191313109,1,5206,5238
s112191313076,s112191313075,1,5207,5206
s112191313076,s112191313078,1,5207,5209
s112191313076,s112191313105,1,5207,5234
s112191313076,s112191313107,1,5207,5236
s112191313076,s112191313109,1,5207,5238
s112191313077,s112191313080,1,5208,5211
s112191313077,s112191313087,1,5208,5216
s112191313077,s112191313094,1,5208,5223
s112191313077,s112191313111,1,5208,5240
s112191313078,s112191313075,1,5209,5206
s112191313078,s112191313076,1,5209,5207
s112191313078,s112191313105,1,5209,5234
s112191313078,s112191313112,1,5209,5241
s112191313078,s112191313116,1,5209,5245
s112191313080,s112191313089,1,5211,5218
s112191313080,s112191313096,1,5211,5225
s112191313080,s112191313097,1,5211,5226
s112191313080,s112191313099,1,5211,5228
s112191313080,s112191313102,1,5211,5231
s112191313081,s112191313075,1,5212,5206
s112191313081,s112191313078,1,5212,5209
s112191313081,s112191313102,1,5212,5231
s112191313081,s112191313105,1,5212,5234
s112191313081,s112191313107,1,5212,5236
s112191313083,s112191313088,1,5213,5217
s112191313083,s112191313110,1,5213,5239
s112191313084,s112191313094,1,5214,5223
s112191313084,s112191313111,1,5214,5240
s112191313084,s112191313115,1,5214,5244
s112191313084,s112191313123,1,5214,5252
s112191313084,s113191313006,1,5214,5253
s112191313085,s112191313087,1,5215,5216
s112191313085,s112191313092,1,5215,5221
s112191313085,s112191313096,1,5215,5225
s112191313085,s112191313117,1,5215,5246
s112191313087,s112191313085,1,5216,5215
s112191313087,s112191313096,1,5216,5225
s112191313087,s112191313098,1,5216,5227
s112191313087,s112191313106,1,5216,5235
s112191313088,s112191313079,1,5217,5210
s112191313088,s112191313092,1,5217,5221
s112191313088,s112191313110,1,5217,5239
s112191313089,s112191313080,1,5218,5211
s112191313089,s112191313090,1,5218,5219
s112191313089,s112191313097,1,5218,5226
s112191313089,s112191313099,1,5218,5228
s112191313089,s112191313120,1,5218,5249
s112191313090,s112191313091,1,5219,5220
s112191313090,s112191313099,1,5219,5228
s112191313090,s112191313100,1,5219,5229
s112191313090,s112191313104,1,5219,5233
s112191313090,s112191313106,1,5219,5235
s112191313091,s112191313088,1,5220,5217
s112191313091,s112191313090,1,5220,5219
s112191313091,s112191313092,1,5220,5221
s112191313091,s112191313100,1,5220,5229
s112191313091,s112191313104,1,5220,5233
s112191313092,s112191313085,1,5221,5215
s112191313092,s112191313088,1,5221,5217
s112191313092,s112191313110,1,5221,5239
s112191313092,s112191313117,1,5221,5246
s112191313093,s112191313083,1,5222,5213
s112191313093,s112191313092,1,5222,5221
s112191313093,s112191313108,1,5222,5237
s112191313093,s112191313118,1,5222,5247
s112191313093,s113191313006,1,5222,5253
s112191313094,s112191313075,1,5223,5206
s112191313094,s112191313084,1,5223,5214
s112191313094,s112191313109,1,5223,5238
s112191313094,s112191313111,1,5223,5240
s112191313094,s112191313123,1,5223,5252
s112191313096,s112191313085,1,5225,5215
s112191313096,s112191313087,1,5225,5216
s112191313096,s112191313097,1,5225,5226
s112191313096,s112191313098,1,5225,5227
s112191313097,s112191313080,1,5226,5211
s112191313097,s112191313096,1,5226,5225
s112191313097,s112191313099,1,5226,5228
s112191313097,s112191313102,1,5226,5231
s112191313097,s112191313113,1,5226,5242
s112191313098,s112191313081,1,5227,5212
s112191313098,s112191313087,1,5227,5216
s112191313098,s112191313096,1,5227,5225
s112191313098,s112191313097,1,5227,5226
s112191313098,s112191313109,1,5227,5238
s112191313099,s112191313080,1,5228,5211
s112191313099,s112191313081,1,5228,5212
s112191313099,s112191313089,1,5228,5218
s112191313099,s112191313097,1,5228,5226
s112191313099,s112191313102,1,5228,5231
s112191313100,s112191313091,1,5229,5220
s112191313100,s112191313104,1,5229,5233
s112191313100,s112191313106,1,5229,5235
s112191313101,s112191313093,1,5230,5222
s112191313101,s112191313100,1,5230,5229
s112191313101,s112191313110,1,5230,5239
s112191313101,s112191313120,1,5230,5249
s112191313101,s112191313122,1,5230,5251
s112191313102,s112191313080,1,5231,5211
s112191313102,s112191313081,1,5231,5212
s112191313102,s112191313097,1,5231,5226
s112191313102,s112191313099,1,5231,5228
s112191313102,s112191313120,1,5231,5249
s112191313103,s112191313094,1,5232,5223
s112191313103,s112191313104,1,5232,5233
s112191313103,s112191313111,1,5232,5240
s112191313103,s112191313120,1,5232,5249
s112191313104,s112191313091,1,5233,5220
s112191313104,s112191313100,1,5233,5229
s112191313104,s112191313103,1,5233,5232
s112191313104,s112191313110,1,5233,5239
s112191313104,s112191313115,1,5233,5244
s112191313105,s112191313075,1,5234,5206
s112191313105,s112191313076,1,5234,5207
s112191313105,s112191313081,1,5234,5212
s112191313105,s112191313107,1,5234,5236
s112191313105,s112191313109,1,5234,5238
s112191313106,s112191313087,1,5235,5216
s112191313106,s112191313091,1,5235,5220
s112191313106,s112191313100,1,5235,5229
s112191313106,s112191313104,1,5235,5233
s112191313106,s112191313120,1,5235,5249
s112191313107,s112191313075,1,5236,5206
s112191313107,s112191313076,1,5236,5207
s112191313107,s112191313078,1,5236,5209
s112191313107,s112191313105,1,5236,5234
s112191313107,s112191313109,1,5236,5238
s112191313108,s112191313085,1,5237,5215
s112191313108,s112191313092,1,5237,5221
s112191313108,s112191313093,1,5237,5222
s112191313108,s112191313110,1,5237,5239
s112191313108,s112191313117,1,5237,5246
s112191313109,s112191313075,1,5238,5206
s112191313109,s112191313076,1,5238,5207
s112191313109,s112191313078,1,5238,5209
s112191313109,s112191313105,1,5238,5234
s112191313109,s112191313107,1,5238,5236
s112191313110,s112191313079,1,5239,5210
s112191313110,s112191313083,1,5239,5213
s112191313110,s112191313088,1,5239,5217
s112191313110,s112191313092,1,5239,5221
s112191313110,s112191313117,1,5239,5246
s112191313111,s112191313077,1,5240,5208
s112191313111,s112191313120,1,5240,5249
s112191313112,s112191313075,1,5241,5206
s112191313112,s112191313076,1,5241,5207
s112191313112,s112191313078,1,5241,5209
s112191313112,s112191313107,1,5241,5236
s112191313112,s112191313116,1,5241,5245
s112191313113,s112191313080,1,5242,5211
s112191313113,s112191313097,1,5242,5226
s112191313113,s112191313102,1,5242,5231
s112191313113,s112191313106,1,5242,5235
s112191313113,s112191313122,1,5242,5251
s112191313114,s112191313085,1,5243,5215
s112191313114,s112191313102,1,5243,5231
s112191313114,s112191313109,1,5243,5238
s112191313114,s112191313115,1,5243,5244
s112191313114,s112191313122,1,5243,5251
s112191313115,s112191313084,1,5244,5214
s112191313115,s112191313095,1,5244,5224
s112191313115,s112191313114,1,5244,5243
s112191313115,s112191313120,1,5244,5249
s112191313115,s113191313006,1,5244,5253
s112191313116,s112191313076,1,5245,5207
s112191313116,s112191313078,1,5245,5209
s112191313116,s112191313112,1,5245,5241
s112191313116,s112191313115,1,5245,5244
s112191313116,s112191313117,1,5245,5246
s112191313117,s112191313085,1,5246,5215
s112191313117,s112191313092,1,5246,5221
s112191313117,s112191313110,1,5246,5239
s112191313117,s112191313112,1,5246,5241
s112191313117,s112191313116,1,5246,5245
s112191313118,s112191313113,1,5247,5242
s112191313120,s112191313088,1,5249,5217
s112191313120,s112191313100,1,5249,5229
s112191313120,s112191313102,1,5249,5231
s112191313120,s112191313103,1,5249,5232
s112191313120,s112191313108,1,5249,5237
s112191313121,s112191313111,1,5250,5240
s112191313121,s112191313120,1,5250,5249
s112191313122,s112191313092,1,5251,5221
s112191313122,s112191313113,1,5251,5242
s112191313122,s112191313120,1,5251,5249
s112191313123,s112191313084,1,5252,5214
s112191313123,s112191313094,1,5252,5223
s112191313123,s112191313110,1,5252,5239
s112191313123,s112191313111,1,5252,5240
s112191313123,s113191313006,1,5252,5253
s112193315024,s112193315030,1,5297,5300
s112193315024,s112193315031,1,5297,5301
s112193315024,s112193315032,1,5297,5302
s112193315024,s112193315033,1,5297,5303
s112193315026,s112193315024,1,5298,5297
s112193315026,s112193315031,1,5298,5301
s112193315026,s112193315032,1,5298,5302
s112193315026,s112193315033,1,5298,5303
s112193315026,s112193315036,1,5298,5305
s112193315029,s112193315024,1,5299,5297
s112193315029,s112193315033,1,5299,5303
s112193315030,s112193315024,1,5300,5297
s112193315030,s112193315031,1,5300,5301
s112193315030,s112193315033,1,5300,5303
s112193315030,s112193315045,1,5300,5313
s112193315031,s112193315024,1,5301,5297
s112193315031,s112193315030,1,5301,5300
s112193315031,s112193315033,1,5301,5303
s112193315032,s112193315030,1,5302,5300
s112193315032,s112193315031,1,5302,5301
s112193315032,s112193315045,1,5302,5313
s112193315032,s112193315050,1,5302,5316
s112193315033,s112193315024,1,5303,5297
s112193315033,s112193315030,1,5303,5300
s112193315033,s112193315031,1,5303,5301
s112193315033,s112193315032,1,5303,5302
s112193315036,s112193315037,1,5305,5306
s112193315036,s112193315041,1,5305,5309
s112193315036,s112193315045,1,5305,5313
s112193315036,s112193315046,1,5305,5314
s112193315036,s112193315050,1,5305,5316
s112193315037,s112193315041,1,5306,5309
s112193315037,s112193315045,1,5306,5313
s112193315037,s112193315046,1,5306,5314
s112193315037,s112193315050,1,5306,5316
s112193315038,s112193315040,1,5307,5308
s112193315038,s112193315047,1,5307,5315
s112193315040,s112193315037,1,5308,5306
s112193315040,s112193315041,1,5308,5309
s112193315040,s112193315044,1,5308,5312
s112193315040,s112193315045,1,5308,5313
s112193315040,s112193315050,1,5308,5316
s112193315041,s112193315042,1,5309,5310
s112193315041,s112193315043,1,5309,5311
s112193315041,s112193315044,1,5309,5312
s112193315041,s112193315046,1,5309,5314
s112193315041,s112193315050,1,5309,5316
s112193315042,s112193315038,1,5310,5307
s112193315042,s112193315044,1,5310,5312
s112193315042,s112193315047,1,5310,5315
s112193315043,s112193315041,1,5311,5309
s112193315043,s112193315042,1,5311,5310
s112193315043,s112193315046,1,5311,5314
s112193315044,s112193315041,1,5312,5309
s112193315044,s112193315042,1,5312,5310
s112193315044,s112193315045,1,5312,5313
s112193315044,s112193315046,1,5312,5314
s112193315045,s112193315031,1,5313,5301
s112193315045,s112193315037,1,5313,5306
s112193315045,s112193315044,1,5313,5312
s112193315045,s112193315046,1,5313,5314
s112193315045,s112193315050,1,5313,5316
s112193315046,s112193315037,1,5314,5306
s112193315046,s112193315038,1,5314,5307
s112193315046,s112193315044,1,5314,5312
s112193315046,s112193315045,1,5314,5313
s112193315046,s112193315050,1,5314,5316
s112193315047,s112193315037,1,5315,5306
s112193315047,s112193315038,1,5315,5307
s112193315047,s112193315040,1,5315,5308
s112193315047,s112193315045,1,5315,5313
s112193315050,s112193315037,1,5316,5306
s112193315050,s112193315041,1,5316,5309
s112193315050,s112193315044,1,5316,5312
s112193315050,s112193315045,1,5316,5313
s112193315050,s112193315046,1,5316,5314
s112193501024,s112193501025,1,5317,5318
s112193501024,s112193501026,1,5317,5319
s112193501024,s112193501030,1,5317,5322
s112193501024,s112193501032,1,5317,5324
s112193501025,s112193501026,1,5318,5319
s112193501025,s112193501030,1,5318,5322
s112193501025,s112193501034,1,5318,5326
s112193501025,s112193501037,1,5318,5329
s112193501025,s112193501046,1,5318,5336
s112193501026,s112193501024,1,5319,5317
s112193501026,s112193501025,1,5319,5318
s112193501026,s112193501032,1,5319,5324
s112193501026,s112193501035,1,5319,5327
s112193501026,s112193501036,1,5319,5328
s112193501029,s112193501025,1,5321,5318
s112193501029,s112193501037,1,5321,5329
s112193501029,s112193501045,1,5321,5335
s112193501029,s112193501046,1,5321,5336
s112193501030,s112193501025,1,5322,5318
s112193501030,s112193501026,1,5322,5319
s112193501030,s112193501029,1,5322,5321
s112193501031,s112193501025,1,5323,5318
s112193501031,s112193501026,1,5323,5319
s112193501031,s112193501032,1,5323,5324
s112193501031,s112193501036,1,5323,5328
s112193501031,s112193501048,1,5323,5338
s112193501032,s112193501024,1,5324,5317
s112193501032,s112193501025,1,5324,5318
s112193501032,s112193501026,1,5324,5319
s112193501032,s112193501029,1,5324,5321
s112193501032,s112193501033,1,5324,5325
s112193501033,s112193501026,1,5325,5319
s112193501033,s112193501034,1,5325,5326
s112193501033,s112193501046,1,5325,5336
s112193501034,s112193501025,1,5326,5318
s112193501034,s112193501029,1,5326,5321
s112193501034,s112193501045,1,5326,5335
s112193501034,s112193501046,1,5326,5336
s112193501034,s112193501048,1,5326,5338
s112193501035,s112193501025,1,5327,5318
s112193501035,s112193501026,1,5327,5319
s112193501035,s112193501032,1,5327,5324
s112193501036,s112193501024,1,5328,5317
s112193501036,s112193501025,1,5328,5318
s112193501036,s112193501026,1,5328,5319
s112193501036,s112193501048,1,5328,5338
s112193501037,s112193501025,1,5329,5318
s112193501037,s112193501029,1,5329,5321
s112193501037,s112193501045,1,5329,5335
s112193501037,s112193501046,1,5329,5336
s112193501039,s112193501040,1,5331,5332
s112193501039,s113193501005,1,5331,5339
s112193501040,s112193501039,1,5332,5331
s112193501042,s112193501037,1,5333,5329
s112193501042,s112193501040,1,5333,5332
s112193501042,s112193501043,1,5333,5334
s112193501042,s112193501047,1,5333,5337
s112193501043,s112193501025,1,5334,5318
s112193501043,s112193501033,1,5334,5325
s112193501043,s112193501045,1,5334,5335
s112193501043,s112193501047,1,5334,5337
s112193501045,s112193501025,1,5335,5318
s112193501045,s112193501029,1,5335,5321
s112193501045,s112193501037,1,5335,5329
s112193501045,s112193501046,1,5335,5336
s112193501046,s112193501025,1,5336,5318
s112193501046,s112193501029,1,5336,5321
s112193501046,s112193501034,1,5336,5326
s112193501046,s112193501037,1,5336,5329
s112193501046,s112193501045,1,5336,5335
s112193501047,s112193501043,1,5337,5334
s112193501048,s112193501025,1,5338,5318
s112193501048,s112193501031,1,5338,5323
s112193501048,s112193501032,1,5338,5324
s112193501048,s112193501036,1,5338,5328
s112193501053,s112193501061,1,5341,5349
s112193501053,s112193501062,1,5341,5350
s112193501053,s112193501073,1,5341,5361
s112193501053,s112193501076,1,5341,5364
s112193501054,s112193501053,1,5342,5341
s112193501054,s112193501055,1,5342,5343
s112193501054,s112193501066,1,5342,5354
s112193501054,s112193501076,1,5342,5364
s112193501054,s112193501078,1,5342,5366
s112193501055,s112193501057,1,5343,5345
s112193501055,s112193501061,1,5343,5349
s112193501055,s112193501062,1,5343,5350
s112193501055,s112193501066,1,5343,5354
s112193501055,s112193501072,1,5343,5360
s112193501056,s112193501057,1,5344,5345
s112193501056,s112193501059,1,5344,5347
s112193501056,s112193501060,1,5344,5348
s112193501056,s112193501062,1,5344,5350
s112193501056,s112193501065,1,5344,5353
s112193501057,s112193501059,1,5345,5347
s112193501057,s112193501060,1,5345,5348
s112193501057,s112193501063,1,5345,5351
s112193501057,s112193501064,1,5345,5352
s112193501057,s112193501065,1,5345,5353
s112193501058,s112193501060,1,5346,5348
s112193501058,s112193501061,1,5346,5349
s112193501058,s112193501064,1,5346,5352
s112193501058,s112193501065,1,5346,5353
s112193501058,s112193501066,1,5346,5354
s112193501059,s112193501057,1,5347,5345
s112193501059,s112193501060,1,5347,5348
s112193501059,s112193501062,1,5347,5350
s112193501059,s112193501063,1,5347,5351
s112193501059,s112193501065,1,5347,5353
s112193501060,s112193501057,1,5348,5345
s112193501060,s112193501059,1,5348,5347
s112193501060,s112193501062,1,5348,5350
s112193501060,s112193501064,1,5348,5352
s112193501060,s112193501065,1,5348,5353
s112193501061,s112193501053,1,5349,5341
s112193501061,s112193501057,1,5349,5345
s112193501061,s112193501062,1,5349,5350
s112193501061,s112193501064,1,5349,5352
s112193501061,s112193501080,1,5349,5368
s112193501062,s112193501057,1,5350,5345
s112193501062,s112193501061,1,5350,5349
s112193501062,s112193501064,1,5350,5352
s112193501062,s112193501065,1,5350,5353
s112193501062,s112193501080,1,5350,5368
s112193501063,s112193501057,1,5351,5345
s112193501063,s112193501059,1,5351,5347
s112193501063,s112193501062,1,5351,5350
s112193501063,s112193501064,1,5351,5352
s112193501063,s112193501065,1,5351,5353
s112193501064,s112193501057,1,5352,5345
s112193501064,s112193501060,1,5352,5348
s112193501064,s112193501061,1,5352,5349
s112193501064,s112193501062,1,5352,5350
s112193501064,s112193501065,1,5352,5353
s112193501065,s112193501056,1,5353,5344
s112193501065,s112193501057,1,5353,5345
s112193501065,s112193501060,1,5353,5348
s112193501065,s112193501062,1,5353,5350
s112193501065,s112193501064,1,5353,5352
s112193501066,s112193501055,1,5354,5343
s112193501066,s112193501058,1,5354,5346
s112193501066,s112193501063,1,5354,5351
s112193501066,s112193501064,1,5354,5352
s112193501066,s112193501065,1,5354,5353
s112193501067,s112193501057,1,5355,5345
s112193501067,s112193501072,1,5355,5360
s112193501067,s112193501075,1,5355,5363
s112193501067,s112193501077,1,5355,5365
s112193501067,s112193501079,1,5355,5367
s112193501068,s112193501067,1,5356,5355
s112193501068,s112193501070,1,5356,5358
s112193501068,s112193501071,1,5356,5359
s112193501068,s112193501072,1,5356,5360
s112193501068,s112193501074,1,5356,5362
s112193501069,s112193501073,1,5357,5361
s112193501069,s112193501076,1,5357,5364
s112193501069,s112193501078,1,5357,5366
s112193501070,s112193501068,1,5358,5356
s112193501070,s112193501071,1,5358,5359
s112193501070,s112193501074,1,5358,5362
s112193501070,s112193501076,1,5358,5364
s112193501070,s112193501078,1,5358,5366
s112193501071,s112193501070,1,5359,5358
s112193501071,s112193501072,1,5359,5360
s112193501071,s112193501073,1,5359,5361
s112193501071,s112193501078,1,5359,5366
s112193501071,s112193501079,1,5359,5367
s112193501072,s112193501057,1,5360,5345
s112193501072,s112193501065,1,5360,5353
s112193501072,s112193501067,1,5360,5355
s112193501072,s112193501071,1,5360,5359
s112193501072,s112193501073,1,5360,5361
s112193501073,s112193501072,1,5361,5360
s112193501073,s112193501075,1,5361,5363
s112193501073,s112193501076,1,5361,5364
s112193501073,s112193501077,1,5361,5365
s112193501073,s112193501079,1,5361,5367
s112193501074,s112193501065,1,5362,5353
s112193501074,s112193501068,1,5362,5356
s112193501074,s112193501070,1,5362,5358
s112193501074,s112193501072,1,5362,5360
s112193501074,s112193501075,1,5362,5363
s112193501075,s112193501067,1,5363,5355
s112193501075,s112193501073,1,5363,5361
s112193501075,s112193501074,1,5363,5362
s112193501075,s112193501077,1,5363,5365
s112193501076,s112193501073,1,5364,5361
s112193501076,s112193501078,1,5364,5366
s112193501076,s112193501079,1,5364,5367
s112193501077,s112193501067,1,5365,5355
s112193501077,s112193501073,1,5365,5361
s112193501077,s112193501075,1,5365,5363
s112193501077,s112193501076,1,5365,5364
s112193501077,s112193501079,1,5365,5367
s112193501078,s112193501070,1,5366,5358
s112193501078,s112193501071,1,5366,5359
s112193501078,s112193501075,1,5366,5363
s112193501078,s112193501076,1,5366,5364
s112193501078,s112193501077,1,5366,5365
s112193501079,s112193501065,1,5367,5353
s112193501079,s112193501067,1,5367,5355
s112193501079,s112193501072,1,5367,5360
s112193501079,s112193501075,1,5367,5363
s112193501079,s112193501078,1,5367,5366
s112193501080,s112193501057,1,5368,5345
s112193501080,s112193501059,1,5368,5347
s112193501080,s112193501061,1,5368,5349
s112193501080,s112193501062,1,5368,5350
s112193501080,s112193501065,1,5368,5353
s112193508024,s112193508025,1,5369,5370
s112193508024,s112193508026,1,5369,5371
s112193508024,s112193508032,1,5369,5375
s112193508024,s112193508033,1,5369,5376
s112193508025,s112193508026,1,5370,5371
s112193508025,s112193508027,1,5370,5372
s112193508025,s112193508030,1,5370,5373
s112193508025,s112193508032,1,5370,5375
s112193508025,s112193508034,1,5370,5377
s112193508026,s112193508025,1,5371,5370
s112193508026,s112193508032,1,5371,5375
s112193508026,s112193508033,1,5371,5376
s112193508027,s112193508025,1,5372,5370
s112193508027,s112193508026,1,5372,5371
s112193508027,s112193508030,1,5372,5373
s112193508027,s112193508034,1,5372,5377
s112193508027,s112193508036,1,5372,5379
s112193508030,s112193508024,1,5373,5369
s112193508030,s112193508025,1,5373,5370
s112193508030,s112193508027,1,5373,5372
s112193508030,s112193508032,1,5373,5375
s112193508031,s112193508027,1,5374,5372
s112193508031,s112193508046,1,5374,5387
s112193508032,s112193508025,1,5375,5370
s112193508032,s112193508026,1,5375,5371
s112193508032,s112193508033,1,5375,5376
s112193508032,s112193508036,1,5375,5379
s112193508032,s112193508041,1,5375,5384
s112193508033,s112193508024,1,5376,5369
s112193508033,s112193508025,1,5376,5370
s112193508033,s112193508026,1,5376,5371
s112193508033,s112193508032,1,5376,5375
s112193508034,s112193508027,1,5377,5372
s112193508034,s112193508030,1,5377,5373
s112193508034,s112193508033,1,5377,5376
s112193508035,s112193508032,1,5378,5375
s112193508035,s112193508038,1,5378,5381
s112193508035,s112193508039,1,5378,5382
s112193508035,s112193508043,1,5378,5385
s112193508036,s112193508026,1,5379,5371
s112193508036,s112193508032,1,5379,5375
s112193508036,s112193508041,1,5379,5384
s112193508036,s112193508043,1,5379,5385
s112193508037,s112193508040,1,5380,5383
s112193508037,s112193508044,1,5380,5386
s112193508038,s112193508032,1,5381,5375
s112193508038,s112193508039,1,5381,5382
s112193508038,s112193508040,1,5381,5383
s112193508038,s112193508043,1,5381,5385
s112193508039,s112193508035,1,5382,5378
s112193508039,s112193508038,1,5382,5381
s112193508039,s112193508041,1,5382,5384
s112193508039,s112193508043,1,5382,5385
s112193508040,s112193508037,1,5383,5380
s112193508040,s112193508038,1,5383,5381
s112193508040,s112193508044,1,5383,5386
s112193508041,s112193508030,1,5384,5373
s112193508041,s112193508032,1,5384,5375
s112193508041,s112193508036,1,5384,5379
s112193508041,s112193508043,1,5384,5385
s112193508043,s112193508025,1,5385,5370
s112193508043,s112193508032,1,5385,5375
s112193508043,s112193508036,1,5385,5379
s112193508043,s112193508039,1,5385,5382
s112193508043,s112193508041,1,5385,5384
s112193508044,s112193508037,1,5386,5380
s112193508044,s112193508040,1,5386,5383
s112193508044,s112193508043,1,5386,5385
s112193508046,s112193508032,1,5387,5375
s112193508046,s112193508035,1,5387,5378
s112193508046,s112193508038,1,5387,5381
s112193508050,s112193508052,1,5388,5389
s112193508050,s112193508055,1,5388,5392
s112193508050,s112193508061,1,5388,5396
s112193508052,s112193508050,1,5389,5388
s112193508052,s112193508053,1,5389,5390
s112193508052,s112193508061,1,5389,5396
s112193508052,s112193508062,1,5389,5397
s112193508053,s112193508054,1,5390,5391
s112193508053,s112193508059,1,5390,5395
s112193508053,s112193508061,1,5390,5396
s112193508053,s112193508062,1,5390,5397
s112193508054,s112193508053,1,5391,5390
s112193508054,s112193508059,1,5391,5395
s112193508054,s112193508062,1,5391,5397
s112193508055,s112193508050,1,5392,5388
s112193508055,s112193508075,1,5392,5405
s112193508057,s112193508050,1,5394,5388
s112193508057,s112193508054,1,5394,5391
s112193508057,s112193508055,1,5394,5392
s112193508057,s112193508056,1,5394,5393
s112193508059,s112193508050,1,5395,5388
s112193508059,s112193508053,1,5395,5390
s112193508059,s112193508054,1,5395,5391
s112193508059,s112193508061,1,5395,5396
s112193508059,s112193508062,1,5395,5397
s112193508061,s112193508052,1,5396,5389
s112193508061,s112193508053,1,5396,5390
s112193508061,s112193508054,1,5396,5391
s112193508061,s112193508062,1,5396,5397
s112193508062,s112193508052,1,5397,5389
s112193508062,s112193508053,1,5397,5390
s112193508062,s112193508054,1,5397,5391
s112193508062,s112193508061,1,5397,5396
s112193508063,s112193508053,1,5398,5390
s112193508063,s112193508057,1,5398,5394
s112193508063,s112193508059,1,5398,5395
s112193508063,s112193508062,1,5398,5397
s112193508066,s112193508056,1,5399,5393
s112193508066,s112193508075,1,5399,5405
s112193508068,s112193508061,1,5400,5396
s112193508068,s112193508062,1,5400,5397
s112193508068,s112193508070,1,5400,5401
s112193508068,s112193508075,1,5400,5405
s112193508068,s112193508076,1,5400,5406
s112193508070,s112193508061,1,5401,5396
s112193508070,s112193508068,1,5401,5400
s112193508070,s112193508072,1,5401,5403
s112193508070,s112193508075,1,5401,5405
s112193508072,s112193508053,1,5403,5390
s112193508072,s112193508062,1,5403,5397
s112193508072,s112193508070,1,5403,5401
s112193508072,s112193508075,1,5403,5405
s112193508073,s112193508066,1,5404,5399
s112193508073,s112193508075,1,5404,5405
s112193508075,s112193508068,1,5405,5400
s112193508075,s112193508072,1,5405,5403
s112193508075,s112193508076,1,5405,5406
s112193508076,s112193508061,1,5406,5396
s112193508076,s112193508062,1,5406,5397
s112193508076,s112193508068,1,5406,5400
s112193512025,s112193512026,1,5407,5408
s112193512025,s112193512027,1,5407,5409
s112193512025,s112193512029,1,5407,5411
s112193512025,s112193512031,1,5407,5413
s112193512026,s112193512025,1,5408,5407
s112193512026,s112193512027,1,5408,5409
s112193512026,s112193512029,1,5408,5411
s112193512026,s112193512031,1,5408,5413
s112193512027,s112193512025,1,5409,5407
s112193512027,s112193512026,1,5409,5408
s112193512027,s112193512031,1,5409,5413
s112193512028,s112193512026,1,5410,5408
s112193512028,s112193512027,1,5410,5409
s112193512028,s112193512030,1,5410,5412
s112193512028,s112193512031,1,5410,5413
s112193512029,s112193512026,1,5411,5408
s112193512029,s112193512027,1,5411,5409
s112193512029,s112193512031,1,5411,5413
s112193512030,s112193512025,1,5412,5407
s112193512030,s112193512026,1,5412,5408
s112193512030,s112193512028,1,5412,5410
s112193512030,s112193512031,1,5412,5413
s112193512031,s112193512026,1,5413,5408
s112193512031,s112193512027,1,5413,5409
s112193512031,s112193512029,1,5413,5411
s112193512032,s112193512030,1,5414,5412
s112193512032,s112193512042,1,5414,5420
s112193512032,s112193512045,1,5414,5422
s112193512035,s112193512040,1,5416,5418
s112193512035,s112193512041,1,5416,5419
s112193512035,s112193512042,1,5416,5420
s112193512037,s112193512040,1,5417,5418
s112193512037,s112193512041,1,5417,5419
s112193512037,s112193512046,1,5417,5423
s112193512040,s112193512026,1,5418,5408
s112193512040,s112193512037,1,5418,5417
s112193512040,s112193512041,1,5418,5419
s112193512040,s112193512042,1,5418,5420
s112193512041,s112193512037,1,5419,5417
s112193512041,s112193512040,1,5419,5418
s112193512041,s112193512042,1,5419,5420
s112193512042,s112193512026,1,5420,5408
s112193512042,s112193512035,1,5420,5416
s112193512042,s112193512040,1,5420,5418
s112193512042,s112193512041,1,5420,5419
s112193512044,s112193512037,1,5421,5417
s112193512044,s112193512046,1,5421,5423
s112193512045,s112193512040,1,5422,5418
s112193512045,s112193512041,1,5422,5419
s112193512045,s112193512042,1,5422,5420
s112193512046,s112193512037,1,5423,5417
s112193512046,s112193512044,1,5423,5421
s112193512050,s112193512051,1,5424,5425
s112193512050,s112193512052,1,5424,5426
s112193512050,s112193512057,1,5424,5431
s112193512050,s112193512058,1,5424,5432
s112193512050,s112193512061,1,5424,5435
s112193512051,s112193512050,1,5425,5424
s112193512051,s112193512053,1,5425,5427
s112193512051,s112193512057,1,5425,5431
s112193512051,s112193512058,1,5425,5432
s112193512051,s112193512061,1,5425,5435
s112193512052,s112193512050,1,5426,5424
s112193512052,s112193512054,1,5426,5428
s112193512052,s112193512057,1,5426,5431
s112193512052,s112193512058,1,5426,5432
s112193512052,s112193512061,1,5426,5435
s112193512053,s112193512054,1,5427,5428
s112193512053,s112193512055,1,5427,5429
s112193512053,s112193512056,1,5427,5430
s112193512053,s112193512057,1,5427,5431
s112193512053,s112193512061,1,5427,5435
s112193512054,s112193512050,1,5428,5424
s112193512054,s112193512053,1,5428,5427
s112193512054,s112193512055,1,5428,5429
s112193512054,s112193512057,1,5428,5431
s112193512054,s112193512058,1,5428,5432
s112193512055,s112193512053,1,5429,5427
s112193512055,s112193512054,1,5429,5428
s112193512055,s112193512057,1,5429,5431
s112193512055,s112193512058,1,5429,5432
s112193512055,s112193512061,1,5429,5435
s112193512056,s112193512050,1,5430,5424
s112193512056,s112193512052,1,5430,5426
s112193512056,s112193512057,1,5430,5431
s112193512056,s112193512058,1,5430,5432
s112193512056,s112193512061,1,5430,5435
s112193512057,s112193512050,1,5431,5424
s112193512057,s112193512051,1,5431,5425
s112193512057,s112193512052,1,5431,5426
s112193512057,s112193512058,1,5431,5432
s112193512057,s112193512061,1,5431,5435
s112193512058,s112193512050,1,5432,5424
s112193512058,s112193512061,1,5432,5435
s112193512058,s112193512064,1,5432,5437
s112193512059,s112193512055,1,5433,5429
s112193512059,s112193512057,1,5433,5431
s112193512059,s112193512058,1,5433,5432
s112193512059,s112193512061,1,5433,5435
s112193512059,s112193512064,1,5433,5437
s112193512060,s112193512054,1,5434,5428
s112193512060,s112193512059,1,5434,5433
s112193512061,s112193512050,1,5435,5424
s112193512061,s112193512053,1,5435,5427
s112193512061,s112193512055,1,5435,5429
s112193512061,s112193512057,1,5435,5431
s112193512061,s112193512058,1,5435,5432
s112193512062,s112193512053,1,5436,5427
s112193512062,s112193512054,1,5436,5428
s112193512062,s112193512064,1,5436,5437
s112193512062,s112193512065,1,5436,5438
s112193512062,s112193512068,1,5436,5441
s112193512064,s112193512062,1,5437,5436
s112193512064,s112193512065,1,5437,5438
s112193512064,s112193512066,1,5437,5439
s112193512064,s112193512068,1,5437,5441
s112193512065,s112193512062,1,5438,5436
s112193512065,s112193512064,1,5438,5437
s112193512065,s112193512066,1,5438,5439
s112193512065,s112193512067,1,5438,5440
s112193512066,s112193512064,1,5439,5437
s112193512066,s112193512065,1,5439,5438
s112193512067,s112193512053,1,5440,5427
s112193512067,s112193512065,1,5440,5438
s112193512067,s112193512069,1,5440,5442
s112193512068,s112193512062,1,5441,5436
s112193512068,s112193512064,1,5441,5437
s112193512068,s112193512067,1,5441,5440
s112193512068,s112193512069,1,5441,5442
s112193512069,s112193512064,1,5442,5437
s112193512069,s112193512065,1,5442,5438
s112193512069,s112193512067,1,5442,5440
s112193512069,s112193512068,1,5442,5441
s112193526024,s112193526032,1,5443,5451
s112193526024,s112193526037,1,5443,5455
s112193526024,s112193526047,1,5443,5463
s112193526025,s112193526027,1,5444,5446
s112193526025,s112193526031,1,5444,5450
s112193526025,s112193526040,1,5444,5457
s112193526025,s112193526041,1,5444,5458
s112193526026,s112193526033,1,5445,5452
s112193526026,s112193526038,1,5445,5456
s112193526027,s112193526024,1,5446,5443
s112193526027,s112193526025,1,5446,5444
s112193526027,s112193526026,1,5446,5445
s112193526027,s112193526029,1,5446,5448
s112193526027,s112193526032,1,5446,5451
s112193526028,s112193526027,1,5447,5446
s112193526028,s112193526032,1,5447,5451
s112193526028,s112193526038,1,5447,5456
s112193526029,s112193526027,1,5448,5446
s112193526029,s112193526032,1,5448,5451
s112193526029,s112193526038,1,5448,5456
s112193526029,s112193526042,1,5448,5459
s112193526029,s112193526047,1,5448,5463
s112193526030,s112193526043,1,5449,5460
s112193526030,s112193526044,1,5449,5461
s112193526031,s112193526024,1,5450,5443
s112193526031,s112193526025,1,5450,5444
s112193526031,s112193526026,1,5450,5445
s112193526031,s112193526038,1,5450,5456
s112193526031,s112193526041,1,5450,5458
s112193526032,s112193526024,1,5451,5443
s112193526032,s112193526029,1,5451,5448
s112193526032,s112193526031,1,5451,5450
s112193526032,s112193526035,1,5451,5453
s112193526032,s112193526040,1,5451,5457
s112193526033,s112193526024,1,5452,5443
s112193526033,s112193526025,1,5452,5444
s112193526033,s112193526026,1,5452,5445
s112193526033,s112193526038,1,5452,5456
s112193526033,s112193526040,1,5452,5457
s112193526035,s112193526025,1,5453,5444
s112193526035,s112193526037,1,5453,5455
s112193526035,s112193526040,1,5453,5457
s112193526035,s112193526042,1,5453,5459
s112193526036,s112193526035,1,5454,5453
s112193526036,s112193526037,1,5454,5455
s112193526036,s112193526046,1,5454,5462
s112193526036,s112193526047,1,5454,5463
s112193526037,s112193526024,1,5455,5443
s112193526037,s112193526035,1,5455,5453
s112193526037,s112193526036,1,5455,5454
s112193526037,s112193526040,1,5455,5457
s112193526038,s112193526025,1,5456,5444
s112193526038,s112193526026,1,5456,5445
s112193526038,s112193526031,1,5456,5450
s112193526038,s112193526036,1,5456,5454
s112193526038,s112193526041,1,5456,5458
s112193526040,s112193526025,1,5457,5444
s112193526040,s112193526032,1,5457,5451
s112193526040,s112193526036,1,5457,5454
s112193526040,s112193526037,1,5457,5455
s112193526041,s112193526025,1,5458,5444
s112193526041,s112193526026,1,5458,5445
s112193526041,s112193526027,1,5458,5446
s112193526041,s112193526031,1,5458,5450
s112193526041,s112193526038,1,5458,5456
s112193526042,s112193526029,1,5459,5448
s112193526042,s112193526032,1,5459,5451
s112193526042,s112193526035,1,5459,5453
s112193526042,s112193526043,1,5459,5460
s112193526042,s112193526049,1,5459,5465
s112193526043,s112193526042,1,5460,5459
s112193526043,s112193526044,1,5460,5461
s112193526044,s112193526030,1,5461,5449
s112193526044,s112193526042,1,5461,5459
s112193526044,s112193526043,1,5461,5460
s112193526044,s112193526046,1,5461,5462
s112193526044,s112193526053,1,5461,5468
s112193526046,s112193526047,1,5462,5463
s112193526046,s112193526048,1,5462,5464
s112193526046,s112193526049,1,5462,5465
s112193526046,s112193526053,1,5462,5468
s112193526047,s112193526024,1,5463,5443
s112193526047,s112193526046,1,5463,5462
s112193526047,s112193526048,1,5463,5464
s112193526047,s112193526049,1,5463,5465
s112193526048,s112193526047,1,5464,5463
s112193526048,s112193526049,1,5464,5465
s112193526048,s112193526050,1,5464,5466
s112193526049,s112193526046,1,5465,5462
s112193526049,s112193526047,1,5465,5463
s112193526049,s112193526048,1,5465,5464
s112193526049,s112193526050,1,5465,5466
s112193526050,s112193526047,1,5466,5463
s112193526050,s112193526049,1,5466,5465
s112193526050,s112193526052,1,5466,5467
s112193526052,s112193526047,1,5467,5463
s112193526052,s112193526048,1,5467,5464
s112193526052,s112193526049,1,5467,5465
s112193526052,s112193526050,1,5467,5466
s112193526053,s112193526024,1,5468,5443
s112193526053,s112193526030,1,5468,5449
s112193526053,s112193526044,1,5468,5461
s112193526053,s112193526046,1,5468,5462
s112193526058,s112193526063,1,5469,5474
s112193526058,s112193526065,1,5469,5476
s112193526058,s112193526068,1,5469,5478
s112193526058,s112193526074,1,5469,5483
s112193526059,s112193526060,1,5470,5471
s112193526059,s112193526062,1,5470,5473
s112193526059,s112193526064,1,5470,5475
s112193526059,s112193526065,1,5470,5476
s112193526059,s112193526073,1,5470,5482
s112193526061,s112193526062,1,5472,5473
s112193526061,s112193526063,1,5472,5474
s112193526061,s112193526068,1,5472,5478
s112193526061,s112193526070,1,5472,5480
s112193526061,s112193526074,1,5472,5483
s112193526062,s112193526059,1,5473,5470
s112193526062,s112193526061,1,5473,5472
s112193526062,s112193526063,1,5473,5474
s112193526062,s112193526068,1,5473,5478
s112193526062,s112193526074,1,5473,5483
s112193526063,s112193526058,1,5474,5469
s112193526063,s112193526062,1,5474,5473
s112193526063,s112193526065,1,5474,5476
s112193526063,s112193526068,1,5474,5478
s112193526063,s112193526074,1,5474,5483
s112193526065,s112193526061,1,5476,5472
s112193526065,s112193526062,1,5476,5473
s112193526065,s112193526063,1,5476,5474
s112193526065,s112193526068,1,5476,5478
s112193526065,s112193526074,1,5476,5483
s112193526066,s112193526068,1,5477,5478
s112193526066,s112193526070,1,5477,5480
s112193526066,s112193526073,1,5477,5482
s112193526068,s112193526062,1,5478,5473
s112193526068,s112193526063,1,5478,5474
s112193526068,s112193526065,1,5478,5476
s112193526068,s112193526070,1,5478,5480
s112193526068,s112193526074,1,5478,5483
s112193526069,s112193526068,1,5479,5478
s112193526069,s112193526070,1,5479,5480
s112193526069,s112193526075,1,5479,5484
s112193526069,s112193526079,1,5479,5487
s112193526070,s112193526061,1,5480,5472
s112193526070,s112193526062,1,5480,5473
s112193526070,s112193526068,1,5480,5478
s112193526070,s112193526073,1,5480,5482
s112193526070,s112193526074,1,5480,5483
s112193526072,s112193526070,1,5481,5480
s112193526073,s112193526062,1,5482,5473
s112193526073,s112193526068,1,5482,5478
s112193526073,s112193526074,1,5482,5483
s112193526074,s112193526061,1,5483,5472
s112193526074,s112193526062,1,5483,5473
s112193526074,s112193526065,1,5483,5476
s112193526074,s112193526068,1,5483,5478
s112193526074,s112193526070,1,5483,5480
s112193526075,s112193526080,1,5484,5488
s112193526075,s112193526082,1,5484,5490
s112193526075,s112193526084,1,5484,5492
s112193526075,s112193526090,1,5484,5496
s112193526076,s112193526081,1,5485,5489
s112193526076,s112193526082,1,5485,5490
s112193526078,s112193526075,1,5486,5484
s112193526078,s112193526080,1,5486,5488
s112193526078,s112193526082,1,5486,5490
s112193526078,s112193526090,1,5486,5496
s112193526079,s112193526080,1,5487,5488
s112193526079,s112193526082,1,5487,5490
s112193526079,s112193526086,1,5487,5494
s112193526079,s112193526089,1,5487,5495
s112193526080,s112193526078,1,5488,5486
s112193526080,s112193526082,1,5488,5490
s112193526080,s112193526084,1,5488,5492
s112193526080,s112193526090,1,5488,5496
s112193526081,s112193526076,1,5489,5485
s112193526081,s112193526082,1,5489,5490
s112193526081,s112193526083,1,5489,5491
s112193526081,s112193526085,1,5489,5493
s112193526082,s112193526075,1,5490,5484
s112193526082,s112193526078,1,5490,5486
s112193526082,s112193526090,1,5490,5496
s112193526083,s112193526076,1,5491,5485
s112193526083,s112193526081,1,5491,5489
s112193526083,s112193526085,1,5491,5493
s112193526084,s112193526075,1,5492,5484
s112193526084,s112193526078,1,5492,5486
s112193526084,s112193526080,1,5492,5488
s112193526084,s112193526082,1,5492,5490
s112193526085,s112193526079,1,5493,5487
s112193526085,s112193526083,1,5493,5491
s112193526085,s112193526086,1,5493,5494
s112193526085,s112193526089,1,5493,5495
s112193526086,s112193526079,1,5494,5487
s112193526086,s112193526080,1,5494,5488
s112193526086,s112193526085,1,5494,5493
s112193526086,s112193526089,1,5494,5495
s112193526089,s112193526079,1,5495,5487
s112193526089,s112193526085,1,5495,5493
s112193526089,s112193526086,1,5495,5494
s112193526090,s112193526075,1,5496,5484
s112193526090,s112193526078,1,5496,5486
s112193526090,s112193526080,1,5496,5488
s112193526090,s112193526082,1,5496,5490
s112201304025,s112201304039,1,5497,5509
s112201304025,s112201304041,1,5497,5511
s112201304025,s112201304053,1,5497,5522
s112201304026,s112201304035,1,5498,5506
s112201304026,s112201304042,1,5498,5512
s112201304026,s112201304043,1,5498,5513
s112201304026,s112201304050,1,5498,5520
s112201304026,s112201304056,1,5498,5524
s112201304027,s112201304025,1,5499,5497
s112201304027,s112201304041,1,5499,5511
s112201304027,s112201304046,1,5499,5516
s112201304027,s112201304047,1,5499,5517
s112201304027,s112201304056,1,5499,5524
s112201304028,s112201304029,1,5500,5501
s112201304029,s112201304028,1,5501,5500
s112201304029,s112201304040,1,5501,5510
s112201304030,s112201304036,1,5502,5507
s112201304030,s112201304056,1,5502,5524
s112201304031,s112201304028,1,5503,5500
s112201304031,s112201304034,1,5503,5505
s112201304031,s112201304037,1,5503,5508
s112201304031,s112201304049,1,5503,5519
s112201304031,s112201304055,1,5503,5523
s112201304032,s112201304025,1,5504,5497
s112201304032,s112201304030,1,5504,5502
s112201304032,s112201304041,1,5504,5511
s112201304032,s112201304047,1,5504,5517
s112201304032,s112201304053,1,5504,5522
s112201304034,s112201304028,1,5505,5500
s112201304034,s112201304029,1,5505,5501
s112201304034,s112201304031,1,5505,5503
s112201304034,s112201304037,1,5505,5508
s112201304034,s112201304045,1,5505,5515
s112201304035,s112201304026,1,5506,5498
s112201304035,s112201304032,1,5506,5504
s112201304035,s112201304043,1,5506,5513
s112201304035,s112201304050,1,5506,5520
s112201304036,s112201304025,1,5507,5497
s112201304036,s112201304030,1,5507,5502
s112201304036,s112201304041,1,5507,5511
s112201304036,s112201304046,1,5507,5516
s112201304036,s112201304056,1,5507,5524
s112201304037,s112201304028,1,5508,5500
s112201304037,s112201304031,1,5508,5503
s112201304037,s112201304034,1,5508,5505
s112201304037,s112201304049,1,5508,5519
s112201304037,s112201304055,1,5508,5523
s112201304039,s112201304031,1,5509,5503
s112201304039,s112201304041,1,5509,5511
s112201304039,s112201304046,1,5509,5516
s112201304039,s112201304047,1,5509,5517
s112201304039,s112201304049,1,5509,5519
s112201304040,s112201304029,1,5510,5501
s112201304040,s112201304051,1,5510,5521
s112201304041,s112201304025,1,5511,5497
s112201304041,s112201304027,1,5511,5499
s112201304041,s112201304035,1,5511,5506
s112201304041,s112201304046,1,5511,5516
s112201304041,s112201304047,1,5511,5517
s112201304042,s112201304030,1,5512,5502
s112201304042,s112201304041,1,5512,5511
s112201304042,s112201304046,1,5512,5516
s112201304042,s112201304047,1,5512,5517
s112201304043,s112201304035,1,5513,5506
s112201304043,s112201304050,1,5513,5520
s112201304044,s112201304035,1,5514,5506
s112201304044,s112201304040,1,5514,5510
s112201304044,s112201304049,1,5514,5519
s112201304045,s112201304027,1,5515,5499
s112201304045,s112201304028,1,5515,5500
s112201304045,s112201304031,1,5515,5503
s112201304045,s112201304034,1,5515,5505
s112201304045,s112201304049,1,5515,5519
s112201304046,s112201304025,1,5516,5497
s112201304046,s112201304030,1,5516,5502
s112201304046,s112201304036,1,5516,5507
s112201304046,s112201304042,1,5516,5512
s112201304046,s112201304044,1,5516,5514
s112201304047,s112201304045,1,5517,5515
s112201304047,s112201304055,1,5517,5523
s112201304048,s112201304047,1,5518,5517
s112201304049,s112201304031,1,5519,5503
s112201304049,s112201304034,1,5519,5505
s112201304049,s112201304037,1,5519,5508
s112201304049,s112201304045,1,5519,5515
s112201304049,s112201304051,1,5519,5521
s112201304050,s112201304035,1,5520,5506
s112201304050,s112201304044,1,5520,5514
s112201304051,s112201304040,1,5521,5510
s112201304053,s112201304025,1,5522,5497
s112201304053,s112201304039,1,5522,5509
s112201304053,s112201304041,1,5522,5511
s112201304053,s112201304047,1,5522,5517
s112201304055,s112201304031,1,5523,5503
s112201304055,s112201304040,1,5523,5510
s112201304056,s112201304025,1,5524,5497
s112201304056,s112201304036,1,5524,5507
s112201304056,s112201304041,1,5524,5511
s112201304056,s112201304046,1,5524,5516
s112201304056,s112201304047,1,5524,5517
s112201304057,s112201304030,1,5525,5502
s112201304057,s112201304042,1,5525,5512
s112201304057,s112201304056,1,5525,5524
s112201304060,s112201304061,1,5527,5528
s112201304060,s112201304062,1,5527,5529
s112201304060,s112201304066,1,5527,5531
s112201304060,s112201304070,1,5527,5533
s112201304061,s112201304060,1,5528,5527
s112201304061,s112201304062,1,5528,5529
s112201304061,s112201304066,1,5528,5531
s112201304061,s112201304069,1,5528,5532
s112201304061,s112201304070,1,5528,5533
s112201304062,s112201304060,1,5529,5527
s112201304062,s112201304061,1,5529,5528
s112201304062,s112201304066,1,5529,5531
s112201304064,s112201304081,1,5530,5538
s112201304066,s112201304060,1,5531,5527
s112201304066,s112201304062,1,5531,5529
s112201304069,s112201304070,1,5532,5533
s112201304069,s112201304078,1,5532,5536
s112201304070,s112201304024,1,5533,5526
s112201304070,s112201304069,1,5533,5532
s112201304070,s112201304079,1,5533,5537
s112201304071,s112201304066,1,5534,5531
s112201304073,s112201304064,1,5535,5530
s112201304073,s112201304081,1,5535,5538
s112201304073,s112201304085,1,5535,5540
s112201304078,s112201304069,1,5536,5532
s112201304078,s112201304081,1,5536,5538
s112201304078,s112201304085,1,5536,5540
s112201304079,s112201304024,1,5537,5526
s112201304079,s112201304062,1,5537,5529
s112201304079,s112201304066,1,5537,5531
s112201304079,s112201304070,1,5537,5533
s112201304079,s112201304082,1,5537,5539
s112201304081,s112201304064,1,5538,5530
s112201304081,s112201304085,1,5538,5540
s112201304085,s112201304064,1,5540,5530
s112201304085,s112201304081,1,5540,5538
s112201310026,s112201310037,1,5542,5544
s112201310026,s112201310040,1,5542,5545
s112201310026,s112201310046,1,5542,5549
s112201310026,s112201310056,1,5542,5556
s112201310030,s112201310037,1,5543,5544
s112201310040,s112201310026,1,5545,5542
s112201310040,s112201310037,1,5545,5544
s112201310040,s112201310044,1,5545,5547
s112201310040,s112201310046,1,5545,5549
s112201310044,s112201310037,1,5547,5544
s112201310044,s112201310040,1,5547,5545
s112201310044,s112201310045,1,5547,5548
s112201310045,s112201310037,1,5548,5544
s112201310046,s112201310026,1,5549,5542
s112201310046,s112201310030,1,5549,5543
s112201310046,s112201310040,1,5549,5545
s112201310046,s112201310051,1,5549,5553
s112201310047,s112201310030,1,5550,5543
s112201310049,s112201310030,1,5551,5543
s112201310049,s112201310037,1,5551,5544
s112201310049,s112201310062,1,5551,5558
s112201310049,s112201310065,1,5551,5559
s112201310051,s112201310060,1,5553,5557
s112201310052,s112201310062,1,5554,5558
s112201310053,s112201310045,1,5555,5548
s112201310056,s112201310026,1,5556,5542
s112201310056,s112201310040,1,5556,5545
s112201310056,s112201310046,1,5556,5549
s112201310056,s112201310051,1,5556,5553
s112201310060,s112201310026,1,5557,5542
s112201310060,s112201310051,1,5557,5553
s112201310060,s112201310056,1,5557,5556
s112201310062,s112201310030,1,5558,5543
s112201310062,s112201310065,1,5558,5559
s112201310065,s112201310030,1,5559,5543
s112201310065,s112201310062,1,5559,5558
s112201310066,s112201310030,1,5560,5543
s112201310070,s112201310075,1,5561,5563
s112201310070,s112201310081,1,5561,5567
s112201310070,s112201310084,1,5561,5569
s112201310070,s112201310099,1,5561,5579
s112201310070,s112201310102,1,5561,5582
s112201310072,s112201310075,1,5562,5563
s112201310072,s112201310085,1,5562,5570
s112201310072,s112201310089,1,5562,5571
s112201310075,s112201310083,1,5563,5568
s112201310075,s112201310085,1,5563,5570
s112201310075,s112201310108,1,5563,5586
s112201310077,s112201310075,1,5564,5563
s112201310077,s112201310089,1,5564,5571
s112201310077,s112201310106,1,5564,5584
s112201310079,s112201310075,1,5565,5563
s112201310079,s112201310085,1,5565,5570
s112201310079,s112201310106,1,5565,5584
s112201310079,s112201310108,1,5565,5586
s112201310080,s112201310077,1,5566,5564
s112201310080,s112201310083,1,5566,5568
s112201310080,s112201310084,1,5566,5569
s112201310080,s112201310106,1,5566,5584
s112201310081,s112201310070,1,5567,5561
s112201310081,s112201310102,1,5567,5582
s112201310083,s112201310101,1,5568,5581
s112201310084,s112201310083,1,5569,5568
s112201310084,s112201310094,1,5569,5576
s112201310084,s112201310102,1,5569,5582
s112201310085,s112201310075,1,5570,5563
s112201310085,s112201310079,1,5570,5565
s112201310085,s112201310107,1,5570,5585
s112201310085,s112201310108,1,5570,5586
s112201310089,s112201310077,1,5571,5564
s112201310089,s112201310101,1,5571,5581
s112201310089,s112201310107,1,5571,5585
s112201310090,s112201310070,1,5572,5561
s112201310090,s112201310081,1,5572,5567
s112201310091,s112201310075,1,5573,5563
s112201310091,s112201310101,1,5573,5581
s112201310091,s112201310108,1,5573,5586
s112201310092,s112201310093,1,5574,5575
s112201310092,s112201310100,1,5574,5580
s112201310093,s112201310092,1,5575,5574
s112201310093,s112201310100,1,5575,5580
s112201310093,s112201310103,1,5575,5583
s112201310096,s112201310107,1,5577,5585
s112201310097,s112201310107,1,5578,5585
s112201310099,s112201310091,1,5579,5573
s112201310099,s112201310093,1,5579,5575
s112201310099,s112201310100,1,5579,5580
s112201310099,s112201310101,1,5579,5581
s112201310099,s112201310107,1,5579,5585
s112201310100,s112201310092,1,5580,5574
s112201310100,s112201310093,1,5580,5575
s112201310101,s112201310083,1,5581,5568
s112201310101,s112201310089,1,5581,5571
s112201310101,s112201310092,1,5581,5574
s112201310101,s112201310107,1,5581,5585
s112201310102,s112201310075,1,5582,5563
s112201310102,s112201310084,1,5582,5569
s112201310102,s112201310097,1,5582,5578
s112201310102,s112201310101,1,5582,5581
s112201310102,s112201310107,1,5582,5585
s112201310103,s112201310092,1,5583,5574
s112201310103,s112201310093,1,5583,5575
s112201310103,s112201310096,1,5583,5577
s112201310106,s112201310080,1,5584,5566
s112201310106,s112201310091,1,5584,5573
s112201310106,s112201310107,1,5584,5585
s112201310106,s112201310108,1,5584,5586
s112201310107,s112201310089,1,5585,5571
s112201310107,s112201310101,1,5585,5581
s112201310108,s112201310075,1,5586,5563
s112201310108,s112201310079,1,5586,5565
s112201310108,s112201310091,1,5586,5573
s112201310108,s112201310101,1,5586,5581
s112201310108,s112201310106,1,5586,5584
s112203505025,s112203505026,1,5607,5608
s112203505025,s112203505031,1,5607,5612
s112203505025,s112203505034,1,5607,5614
s112203505026,s112203505025,1,5608,5607
s112203505026,s112203505030,1,5608,5611
s112203505026,s112203505031,1,5608,5612
s112203505026,s112203505034,1,5608,5614
s112203505027,s112203505025,1,5609,5607
s112203505027,s112203505028,1,5609,5610
s112203505027,s112203505031,1,5609,5612
s112203505027,s112203505034,1,5609,5614
s112203505028,s112203505025,1,5610,5607
s112203505028,s112203505032,1,5610,5613
s112203505028,s112203505036,1,5610,5616
s112203505028,s112203505043,1,5610,5621
s112203505030,s112203505025,1,5611,5607
s112203505030,s112203505026,1,5611,5608
s112203505030,s112203505036,1,5611,5616
s112203505030,s112203505043,1,5611,5621
s112203505030,s112203505044,1,5611,5622
s112203505031,s112203505025,1,5612,5607
s112203505031,s112203505026,1,5612,5608
s112203505031,s112203505032,1,5612,5613
s112203505031,s112203505036,1,5612,5616
s112203505032,s112203505034,1,5613,5614
s112203505032,s112203505037,1,5613,5617
s112203505034,s112203505025,1,5614,5607
s112203505034,s112203505027,1,5614,5609
s112203505034,s112203505031,1,5614,5612
s112203505034,s112203505032,1,5614,5613
s112203505036,s112203505028,1,5616,5610
s112203505036,s112203505031,1,5616,5612
s112203505036,s112203505037,1,5616,5617
s112203505037,s112203505041,1,5617,5620
s112203505037,s112203505043,1,5617,5621
s112203505037,s112203505045,1,5617,5623
s112203505037,s112203505048,1,5617,5625
s112203505038,s112203505041,1,5618,5620
s112203505038,s112203505045,1,5618,5623
s112203505038,s112203505046,1,5618,5624
s112203505040,s112203505037,1,5619,5617
s112203505040,s112203505043,1,5619,5621
s112203505040,s112203505046,1,5619,5624
s112203505040,s112203505048,1,5619,5625
s112203505041,s112203505038,1,5620,5618
s112203505041,s112203505043,1,5620,5621
s112203505041,s112203505045,1,5620,5623
s112203505043,s112203505031,1,5621,5612
s112203505043,s112203505037,1,5621,5617
s112203505043,s112203505045,1,5621,5623
s112203505043,s112203505048,1,5621,5625
s112203505044,s112203505037,1,5622,5617
s112203505044,s112203505041,1,5622,5620
s112203505044,s112203505046,1,5622,5624
s112203505044,s112203505048,1,5622,5625
s112203505045,s112203505037,1,5623,5617
s112203505045,s112203505038,1,5623,5618
s112203505045,s112203505041,1,5623,5620
s112203505045,s112203505043,1,5623,5621
s112203505045,s112203505048,1,5623,5625
s112203505046,s112203505038,1,5624,5618
s112203505046,s112203505041,1,5624,5620
s112203505048,s112203505037,1,5625,5617
s112203505048,s112203505043,1,5625,5621
s112203505054,s112203505053,1,5588,5587
s112203505054,s112203505055,1,5588,5589
s112203505054,s112203505056,1,5588,5590
s112203505054,s112203505057,1,5588,5591
s112203505054,s112203505061,1,5588,5595
s112203505055,s112203505056,1,5589,5590
s112203505055,s112203505058,1,5589,5592
s112203505055,s112203505059,1,5589,5593
s112203505055,s112203505060,1,5589,5594
s112203505055,s112203505064,1,5589,5598
s112203505056,s112203505059,1,5590,5593
s112203505056,s112203505063,1,5590,5597
s112203505057,s112203505061,1,5591,5595
s112203505057,s112203505065,1,5591,5599
s112203505057,s112203505066,1,5591,5600
s112203505057,s112203505067,1,5591,5601
s112203505057,s112203505070,1,5591,5603
s112203505058,s112203505059,1,5592,5593
s112203505058,s112203505060,1,5592,5594
s112203505058,s112203505064,1,5592,5598
s112203505059,s112203505055,1,5593,5589
s112203505059,s112203505056,1,5593,5590
s112203505059,s112203505058,1,5593,5592
s112203505059,s112203505060,1,5593,5594
s112203505059,s112203505064,1,5593,5598
s112203505060,s112203505055,1,5594,5589
s112203505060,s112203505058,1,5594,5592
s112203505060,s112203505059,1,5594,5593
s112203505060,s112203505064,1,5594,5598
s112203505061,s112203505053,1,5595,5587
s112203505061,s112203505054,1,5595,5588
s112203505061,s112203505057,1,5595,5591
s112203505061,s112203505073,1,5595,5605
s112203505062,s112203505056,1,5596,5590
s112203505063,s112203505056,1,5597,5590
s112203505063,s112203505068,1,5597,5602
s112203505063,s112203505073,1,5597,5605
s112203505064,s112203505058,1,5598,5592
s112203505064,s112203505059,1,5598,5593
s112203505064,s112203505060,1,5598,5594
s112203505064,s112203505067,1,5598,5601
s112203505065,s112203505057,1,5599,5591
s112203505066,s112203505065,1,5600,5599
s112203505066,s112203505067,1,5600,5601
s112203505066,s112203505070,1,5600,5603
s112203505067,s112203505057,1,5601,5591
s112203505067,s112203505065,1,5601,5599
s112203505067,s112203505066,1,5601,5600
s112203505067,s112203505068,1,5601,5602
s112203505068,s112203505057,1,5602,5591
s112203505068,s112203505063,1,5602,5597
s112203505068,s112203505065,1,5602,5599
s112203505068,s112203505067,1,5602,5601
s112203505070,s112203505053,1,5603,5587
s112203505070,s112203505057,1,5603,5591
s112203505070,s112203505066,1,5603,5600
s112203505070,s112203505073,1,5603,5605
s112203505071,s112203505066,1,5604,5600
s112203505071,s112203505070,1,5604,5603
s112203505071,s112203505073,1,5604,5605
s112203505073,s112203505057,1,5605,5591
s112203505073,s112203505065,1,5605,5599
s112203505073,s112203505067,1,5605,5601
s112203505073,s112203505068,1,5605,5602
s112211318024,s112211318027,1,5626,5628
s112211318024,s112211318038,1,5626,5634
s112211318024,s112211318042,1,5626,5638
s112211318024,s112211318049,1,5626,5642
s112211318025,s112211318061,1,5627,5651
s112211318025,s113211318004,1,5627,5657
s112211318027,s112211318032,1,5628,5629
s112211318027,s112211318035,1,5628,5631
s112211318027,s112211318041,1,5628,5637
s112211318027,s112211318067,1,5628,5655
s112211318032,s112211318033,1,5629,5630
s112211318032,s112211318037,1,5629,5633
s112211318032,s112211318038,1,5629,5634
s112211318032,s112211318039,1,5629,5635
s112211318032,s112211318040,1,5629,5636
s112211318035,s112211318032,1,5631,5629
s112211318035,s112211318033,1,5631,5630
s112211318035,s112211318036,1,5631,5632
s112211318035,s112211318038,1,5631,5634
s112211318035,s112211318040,1,5631,5636
s112211318036,s112211318032,1,5632,5629
s112211318036,s112211318033,1,5632,5630
s112211318036,s112211318038,1,5632,5634
s112211318036,s112211318040,1,5632,5636
s112211318037,s112211318025,1,5633,5627
s112211318037,s112211318032,1,5633,5629
s112211318037,s112211318039,1,5633,5635
s112211318038,s112211318032,1,5634,5629
s112211318038,s112211318033,1,5634,5630
s112211318038,s112211318036,1,5634,5632
s112211318038,s112211318040,1,5634,5636
s112211318039,s112211318032,1,5635,5629
s112211318039,s112211318033,1,5635,5630
s112211318039,s112211318036,1,5635,5632
s112211318039,s112211318038,1,5635,5634
s112211318039,s112211318040,1,5635,5636
s112211318040,s112211318032,1,5636,5629
s112211318040,s112211318033,1,5636,5630
s112211318040,s112211318036,1,5636,5632
s112211318040,s112211318039,1,5636,5635
s112211318041,s112211318032,1,5637,5629
s112211318041,s112211318037,1,5637,5633
s112211318041,s112211318038,1,5637,5634
s112211318041,s112211318039,1,5637,5635
s112211318041,s112211318040,1,5637,5636
s112211318042,s112211318032,1,5638,5629
s112211318042,s112211318037,1,5638,5633
s112211318044,s112211318027,1,5639,5628
s112211318044,s112211318038,1,5639,5634
s112211318044,s112211318041,1,5639,5637
s112211318044,s112211318046,1,5639,5640
s112211318046,s112211318035,1,5640,5631
s112211318046,s112211318036,1,5640,5632
s112211318046,s112211318037,1,5640,5633
s112211318046,s112211318044,1,5640,5639
s112211318048,s112211318049,1,5641,5642
s112211318048,s112211318051,1,5641,5643
s112211318048,s112211318054,1,5641,5646
s112211318049,s112211318024,1,5642,5626
s112211318049,s112211318048,1,5642,5641
s112211318049,s112211318056,1,5642,5647
s112211318051,s112211318052,1,5643,5644
s112211318051,s112211318053,1,5643,5645
s112211318051,s112211318057,1,5643,5648
s112211318051,s112211318061,1,5643,5651
s112211318052,s112211318051,1,5644,5643
s112211318052,s112211318053,1,5644,5645
s112211318052,s112211318067,1,5644,5655
s112211318052,s113211318003,1,5644,5656
s112211318052,s113211318004,1,5644,5657
s112211318053,s112211318051,1,5645,5643
s112211318053,s112211318052,1,5645,5644
s112211318053,s112211318061,1,5645,5651
s112211318053,s112211318067,1,5645,5655
s112211318053,s113211318004,1,5645,5657
s112211318054,s112211318056,1,5646,5647
s112211318054,s112211318059,1,5646,5649
s112211318056,s112211318064,1,5647,5653
s112211318057,s112211318051,1,5648,5643
s112211318057,s112211318053,1,5648,5645
s112211318057,s112211318059,1,5648,5649
s112211318057,s113211318004,1,5648,5657
s112211318059,s112211318054,1,5649,5646
s112211318059,s112211318057,1,5649,5648
s112211318059,s113211318004,1,5649,5657
s112211318060,s113211318004,1,5650,5657
s112211318063,s112211318057,1,5652,5648
s112211318063,s112211318064,1,5652,5653
s112211318063,s112211318067,1,5652,5655
s112211318063,s113211318004,1,5652,5657
s112211318064,s112211318054,1,5653,5646
s112211318064,s112211318056,1,5653,5647
s112211318064,s112211318061,1,5653,5651
s112211318064,s112211318063,1,5653,5652
s112211318064,s113211318003,1,5653,5656
s112211318065,s112211318048,1,5654,5641
s112211318065,s112211318049,1,5654,5642
s112211318065,s112211318067,1,5654,5655
s112211318065,s113211318004,1,5654,5657
s112211318067,s112211318052,1,5655,5644
s112211318067,s112211318053,1,5655,5645
s112211318067,s112211318063,1,5655,5652
s112211318067,s113211318003,1,5655,5656
s112211318067,s113211318004,1,5655,5657
s112211318070,s112211318072,1,5658,5660
s112211318070,s112211318075,1,5658,5663
s112211318070,s112211318078,1,5658,5666
s112211318070,s112211318081,1,5658,5668
s112211318071,s112211318070,1,5659,5658
s112211318071,s112211318072,1,5659,5660
s112211318071,s112211318074,1,5659,5662
s112211318072,s112211318077,1,5660,5665
s112211318072,s112211318081,1,5660,5668
s112211318072,s112211318092,1,5660,5677
s112211318073,s112211318081,1,5661,5668
s112211318073,s112211318083,1,5661,5669
s112211318073,s112211318111,1,5661,5690
s112211318074,s112211318081,1,5662,5668
s112211318075,s112211318072,1,5663,5660
s112211318075,s112211318076,1,5663,5664
s112211318075,s112211318081,1,5663,5668
s112211318076,s112211318072,1,5664,5660
s112211318076,s112211318075,1,5664,5663
s112211318076,s112211318077,1,5664,5665
s112211318076,s112211318081,1,5664,5668
s112211318076,s112211318086,1,5664,5672
s112211318077,s112211318072,1,5665,5660
s112211318077,s112211318076,1,5665,5664
s112211318077,s112211318078,1,5665,5666
s112211318077,s112211318081,1,5665,5668
s112211318077,s112211318086,1,5665,5672
s112211318078,s112211318076,1,5666,5664
s112211318078,s112211318086,1,5666,5672
s112211318078,s112211318089,1,5666,5674
s112211318078,s112211318093,1,5666,5678
s112211318080,s112211318090,1,5667,5675
s112211318080,s112211318091,1,5667,5676
s112211318081,s112211318075,1,5668,5663
s112211318081,s112211318077,1,5668,5665
s112211318081,s112211318083,1,5668,5669
s112211318083,s112211318073,1,5669,5661
s112211318083,s112211318081,1,5669,5668
s112211318083,s112211318106,1,5669,5687
s112211318083,s112211318111,1,5669,5690
s112211318084,s112211318076,1,5670,5664
s112211318084,s112211318077,1,5670,5665
s112211318084,s112211318081,1,5670,5668
s112211318084,s112211318086,1,5670,5672
s112211318085,s112211318093,1,5671,5678
s112211318086,s112211318076,1,5672,5664
s112211318086,s112211318077,1,5672,5665
s112211318086,s112211318084,1,5672,5670
s112211318086,s112211318090,1,5672,5675
s112211318088,s112211318072,1,5673,5660
s112211318088,s112211318076,1,5673,5664
s112211318088,s112211318077,1,5673,5665
s112211318088,s112211318084,1,5673,5670
s112211318088,s112211318089,1,5673,5674
s112211318089,s112211318076,1,5674,5664
s112211318089,s112211318077,1,5674,5665
s112211318089,s112211318078,1,5674,5666
s112211318089,s112211318086,1,5674,5672
s112211318089,s112211318093,1,5674,5678
s112211318090,s112211318070,1,5675,5658
s112211318090,s112211318075,1,5675,5663
s112211318090,s112211318089,1,5675,5674
s112211318090,s112211318091,1,5675,5676
s112211318091,s112211318076,1,5676,5664
s112211318091,s112211318083,1,5676,5669
s112211318091,s112211318086,1,5676,5672
s112211318091,s112211318093,1,5676,5678
s112211318092,s112211318075,1,5677,5663
s112211318092,s112211318076,1,5677,5664
s112211318092,s112211318077,1,5677,5665
s112211318092,s112211318081,1,5677,5668
s112211318093,s112211318075,1,5678,5663
s112211318093,s112211318078,1,5678,5666
s112211318093,s112211318088,1,5678,5673
s112211318093,s112211318089,1,5678,5674
s112211318093,s112211318092,1,5678,5677
s112211318094,s112211318102,1,5679,5684
s112211318096,s112211318083,1,5680,5669
s112211318096,s112211318098,1,5680,5681
s112211318096,s112211318105,1,5680,5686
s112211318096,s112211318113,1,5680,5691
s112211318098,s112211318096,1,5681,5680
s112211318098,s112211318105,1,5681,5686
s112211318098,s112211318113,1,5681,5691
s112211318099,s112211318100,1,5682,5683
s112211318099,s112211318108,1,5682,5689
s112211318100,s112211318099,1,5683,5682
s112211318100,s112211318106,1,5683,5687
s112211318103,s112211318107,1,5685,5688
s112211318103,s112211318113,1,5685,5691
s112211318105,s112211318098,1,5686,5681
s112211318105,s112211318099,1,5686,5682
s112211318105,s112211318106,1,5686,5687
s112211318105,s112211318108,1,5686,5689
s112211318106,s112211318100,1,5687,5683
s112211318106,s112211318105,1,5687,5686
s112211318106,s112211318108,1,5687,5689
s112211318107,s112211318103,1,5688,5685
s112211318108,s112211318075,1,5689,5663
s112211318108,s112211318099,1,5689,5682
s112211318108,s112211318111,1,5689,5690
s112211318111,s112211318073,1,5690,5661
s112211318111,s112211318083,1,5690,5669
s112211318113,s112211318111,1,5691,5690
s112213501024,s112213501028,1,5693,5696
s112213501024,s112213501029,1,5693,5697
s112213501024,s112213501031,1,5693,5699
s112213501024,s112213501032,1,5693,5700
s112213501026,s112213501027,1,5694,5695
s112213501026,s112213501028,1,5694,5696
s112213501026,s112213501037,1,5694,5703
s112213501027,s112213501026,1,5695,5694
s112213501027,s112213501030,1,5695,5698
s112213501027,s112213501037,1,5695,5703
s112213501027,s112213501041,1,5695,5707
s112213501027,s112213501043,1,5695,5709
s112213501028,s112213501029,1,5696,5697
s112213501028,s112213501032,1,5696,5700
s112213501028,s112213501034,1,5696,5701
s112213501028,s112213501035,1,5696,5702
s112213501029,s112213501028,1,5697,5696
s112213501029,s112213501030,1,5697,5698
s112213501029,s112213501032,1,5697,5700
s112213501029,s112213501034,1,5697,5701
s112213501031,s112213501029,1,5699,5697
s112213501031,s112213501034,1,5699,5701
s112213501032,s112213501028,1,5700,5696
s112213501032,s112213501041,1,5700,5707
s112213501034,s112213501028,1,5701,5696
s112213501034,s112213501029,1,5701,5697
s112213501034,s112213501031,1,5701,5699
s112213501034,s112213501032,1,5701,5700
s112213501035,s112213501028,1,5702,5696
s112213501035,s112213501039,1,5702,5705
s112213501035,s112213501042,1,5702,5708
s112213501035,s112213501043,1,5702,5709
s112213501037,s112213501026,1,5703,5694
s112213501037,s112213501027,1,5703,5695
s112213501037,s112213501031,1,5703,5699
s112213501037,s112213501034,1,5703,5701
s112213501038,s112213501030,1,5704,5698
s112213501038,s112213501034,1,5704,5701
s112213501038,s112213501040,1,5704,5706
s112213501038,s112213501043,1,5704,5709
s112213501038,s112213501049,1,5704,5715
s112213501039,s112213501035,1,5705,5702
s112213501039,s112213501042,1,5705,5708
s112213501039,s112213501043,1,5705,5709
s112213501039,s112213501048,1,5705,5714
s112213501039,s112213501050,1,5705,5716
s112213501041,s112213501040,1,5707,5706
s112213501041,s112213501044,1,5707,5710
s112213501041,s112213501049,1,5707,5715
s112213501042,s112213501035,1,5708,5702
s112213501042,s112213501039,1,5708,5705
s112213501042,s112213501043,1,5708,5709
s112213501042,s112213501050,1,5708,5716
s112213501043,s112213501042,1,5709,5708
s112213501043,s112213501048,1,5709,5714
s112213501043,s112213501050,1,5709,5716
s112213501044,s112213501030,1,5710,5698
s112213501044,s112213501040,1,5710,5706
s112213501044,s112213501041,1,5710,5707
s112213501044,s112213501048,1,5710,5714
s112213501044,s112213501050,1,5710,5716
s112213501045,s112213501038,1,5711,5704
s112213501045,s112213501040,1,5711,5706
s112213501045,s112213501044,1,5711,5710
s112213501045,s112213501047,1,5711,5713
s112213501045,s112213501049,1,5711,5715
s112213501046,s112213501043,1,5712,5709
s112213501046,s112213501048,1,5712,5714
s112213501046,s112213501050,1,5712,5716
s112213501046,s112213501052,1,5712,5718
s112213501047,s112213501038,1,5713,5704
s112213501047,s112213501045,1,5713,5711
s112213501047,s112213501049,1,5713,5715
s112213501048,s112213501035,1,5714,5702
s112213501048,s112213501043,1,5714,5709
s112213501048,s112213501046,1,5714,5712
s112213501048,s112213501050,1,5714,5716
s112213501048,s112213501052,1,5714,5718
s112213501049,s112213501038,1,5715,5704
s112213501049,s112213501040,1,5715,5706
s112213501049,s112213501041,1,5715,5707
s112213501049,s112213501051,1,5715,5717
s112213501050,s112213501042,1,5716,5708
s112213501050,s112213501043,1,5716,5709
s112213501050,s112213501046,1,5716,5712
s112213501050,s112213501048,1,5716,5714
s112213501050,s112213501052,1,5716,5718
s112213501052,s112213501046,1,5718,5712
s112213501055,s112213501056,1,5719,5720
s112213501055,s112213501057,1,5719,5721
s112213501055,s112213501061,1,5719,5725
s112213501055,s112213501068,1,5719,5730
s112213501055,s112213501069,1,5719,5731
s112213501056,s112213501059,1,5720,5723
s112213501056,s112213501060,1,5720,5724
s112213501056,s112213501061,1,5720,5725
s112213501056,s112213501063,1,5720,5726
s112213501057,s112213501058,1,5721,5722
s112213501057,s112213501059,1,5721,5723
s112213501057,s112213501060,1,5721,5724
s112213501057,s112213501067,1,5721,5729
s112213501059,s112213501055,1,5723,5719
s112213501059,s112213501057,1,5723,5721
s112213501059,s112213501058,1,5723,5722
s112213501059,s112213501065,1,5723,5727
s112213501059,s112213501067,1,5723,5729
s112213501061,s112213501056,1,5725,5720
s112213501061,s112213501060,1,5725,5724
s112213501061,s112213501063,1,5725,5726
s112213501061,s112213501065,1,5725,5727
s112213501061,s112213501070,1,5725,5732
s112213501065,s112213501058,1,5727,5722
s112213501065,s112213501059,1,5727,5723
s112213501065,s112213501060,1,5727,5724
s112213501065,s112213501066,1,5727,5728
s112213501065,s112213501070,1,5727,5732
s112213501066,s112213501056,1,5728,5720
s112213501066,s112213501059,1,5728,5723
s112213501066,s112213501061,1,5728,5725
s112213501066,s112213501067,1,5728,5729
s112213501067,s112213501055,1,5729,5719
s112213501067,s112213501057,1,5729,5721
s112213501067,s112213501058,1,5729,5722
s112213501067,s112213501059,1,5729,5723
s112213501067,s112213501066,1,5729,5728
s112213501068,s112213501055,1,5730,5719
s112213501068,s112213501065,1,5730,5727
s112213501068,s112213501069,1,5730,5731
s112213501069,s112213501056,1,5731,5720
s112213501069,s112213501057,1,5731,5721
s112213501069,s112213501058,1,5731,5722
s112213501069,s112213501063,1,5731,5726
s112213501069,s112213501068,1,5731,5730
s112213501070,s112213501061,1,5732,5725
s112213501071,s112213501081,1,5733,5743
s112213501074,s112213501078,1,5736,5740
s112213501074,s112213501084,1,5736,5746
s112213501075,s112213501077,1,5737,5739
s112213501077,s112213501075,1,5739,5737
s112213501077,s112213501076,1,5739,5738
s112213501077,s112213501078,1,5739,5740
s112213501078,s112213501075,1,5740,5737
s112213501078,s112213501077,1,5740,5739
s112213501078,s112213501082,1,5740,5744
s112213501078,s112213501083,1,5740,5745
s112213501078,s112213501084,1,5740,5746
s112213501080,s112213501071,1,5742,5733
s112213501080,s112213501076,1,5742,5738
s112213501080,s112213501081,1,5742,5743
s112213501080,s112213501082,1,5742,5744
s112213501080,s112213501083,1,5742,5745
s112213501081,s112213501071,1,5743,5733
s112213501082,s112213501071,1,5744,5733
s112213501082,s112213501076,1,5744,5738
s112213501082,s112213501080,1,5744,5742
s112213501082,s112213501081,1,5744,5743
s112213501082,s112213501083,1,5744,5745
s112213501083,s112213501082,1,5745,5744
s112213501084,s112213501074,1,5746,5736
s112213501084,s112213501078,1,5746,5740
s112213506025,s112213506028,1,5748,5751
s112213506025,s112213506034,1,5748,5756
s112213506025,s112213506051,1,5748,5770
s112213506025,s112213506052,1,5748,5771
s112213506026,s112213506029,1,5749,5752
s112213506026,s112213506030,1,5749,5753
s112213506026,s112213506031,1,5749,5754
s112213506026,s112213506033,1,5749,5755
s112213506026,s112213506036,1,5749,5758
s112213506027,s112213506025,1,5750,5748
s112213506027,s112213506028,1,5750,5751
s112213506027,s112213506034,1,5750,5756
s112213506027,s112213506037,1,5750,5759
s112213506028,s112213506025,1,5751,5748
s112213506028,s112213506027,1,5751,5750
s112213506028,s112213506030,1,5751,5753
s112213506028,s112213506037,1,5751,5759
s112213506028,s112213506052,1,5751,5771
s112213506029,s112213506030,1,5752,5753
s112213506029,s112213506031,1,5752,5754
s112213506029,s112213506035,1,5752,5757
s112213506029,s112213506037,1,5752,5759
s112213506029,s112213506042,1,5752,5762
s112213506030,s112213506026,1,5753,5749
s112213506030,s112213506029,1,5753,5752
s112213506030,s112213506031,1,5753,5754
s112213506030,s112213506035,1,5753,5757
s112213506031,s112213506029,1,5754,5752
s112213506031,s112213506030,1,5754,5753
s112213506031,s112213506034,1,5754,5756
s112213506031,s112213506035,1,5754,5757
s112213506031,s112213506037,1,5754,5759
s112213506033,s112213506026,1,5755,5749
s112213506033,s112213506029,1,5755,5752
s112213506033,s112213506031,1,5755,5754
s112213506033,s112213506036,1,5755,5758
s112213506034,s112213506027,1,5756,5750
s112213506034,s112213506028,1,5756,5751
s112213506034,s112213506037,1,5756,5759
s112213506034,s112213506051,1,5756,5770
s112213506035,s112213506026,1,5757,5749
s112213506035,s112213506029,1,5757,5752
s112213506035,s112213506030,1,5757,5753
s112213506035,s112213506031,1,5757,5754
s112213506036,s112213506026,1,5758,5749
s112213506036,s112213506033,1,5758,5755
s112213506037,s112213506027,1,5759,5750
s112213506038,s112213506037,1,5760,5759
s112213506038,s112213506041,1,5760,5761
s112213506038,s112213506050,1,5760,5769
s112213506041,s112213506042,1,5761,5762
s112213506041,s112213506050,1,5761,5769
s112213506042,s112213506041,1,5762,5761
s112213506042,s112213506044,1,5762,5763
s112213506042,s112213506050,1,5762,5769
s112213506044,s112213506033,1,5763,5755
s112213506045,s112213506041,1,5764,5761
s112213506045,s112213506042,1,5764,5762
s112213506045,s112213506044,1,5764,5763
s112213506045,s112213506050,1,5764,5769
s112213506046,s112213506030,1,5765,5753
s112213506047,s112213506046,1,5766,5765
s112213506047,s112213506048,1,5766,5767
s112213506047,s112213506049,1,5766,5768
s112213506049,s112213506046,1,5768,5765
s112213506049,s112213506047,1,5768,5766
s112213506049,s112213506048,1,5768,5767
s112213506050,s112213506041,1,5769,5761
s112213506050,s112213506042,1,5769,5762
s112213506050,s112213506044,1,5769,5763
s112213506051,s112213506025,1,5770,5748
s112213506051,s112213506033,1,5770,5755
s112213506051,s112213506034,1,5770,5756
s112213506051,s112213506052,1,5770,5771
s112213506052,s112213506025,1,5771,5748
s112213506052,s112213506027,1,5771,5750
s112213506052,s112213506028,1,5771,5751
s112213506052,s112213506033,1,5771,5755
s112213506052,s112213506051,1,5771,5770
s112213506055,s112213506056,1,5772,5773
s112213506055,s112213506059,1,5772,5776
s112213506055,s112213506060,1,5772,5777
s112213506055,s112213506064,1,5772,5781
s112213506055,s112213506070,1,5772,5785
s112213506056,s112213506055,1,5773,5772
s112213506056,s112213506057,1,5773,5774
s112213506056,s112213506062,1,5773,5779
s112213506056,s112213506063,1,5773,5780
s112213506056,s112213506075,1,5773,5790
s112213506057,s112213506056,1,5774,5773
s112213506057,s112213506062,1,5774,5779
s112213506057,s112213506063,1,5774,5780
s112213506057,s112213506074,1,5774,5789
s112213506057,s112213506075,1,5774,5790
s112213506058,s112213506059,1,5775,5776
s112213506058,s112213506062,1,5775,5779
s112213506059,s112213506058,1,5776,5775
s112213506059,s112213506060,1,5776,5777
s112213506059,s112213506063,1,5776,5780
s112213506059,s112213506064,1,5776,5781
s112213506059,s112213506070,1,5776,5785
s112213506060,s112213506055,1,5777,5772
s112213506060,s112213506056,1,5777,5773
s112213506060,s112213506064,1,5777,5781
s112213506060,s112213506066,1,5777,5782
s112213506061,s112213506064,1,5778,5781
s112213506061,s112213506067,1,5778,5783
s112213506061,s112213506068,1,5778,5784
s112213506062,s112213506056,1,5779,5773
s112213506062,s112213506057,1,5779,5774
s112213506062,s112213506058,1,5779,5775
s112213506062,s112213506059,1,5779,5776
s112213506062,s112213506063,1,5779,5780
s112213506063,s112213506056,1,5780,5773
s112213506063,s112213506057,1,5780,5774
s112213506063,s112213506062,1,5780,5779
s112213506063,s112213506074,1,5780,5789
s112213506063,s112213506075,1,5780,5790
s112213506064,s112213506055,1,5781,5772
s112213506064,s112213506060,1,5781,5777
s112213506064,s112213506070,1,5781,5785
s112213506066,s112213506060,1,5782,5777
s112213506066,s112213506063,1,5782,5780
s112213506066,s112213506064,1,5782,5781
s112213506066,s112213506067,1,5782,5783
s112213506067,s112213506061,1,5783,5778
s112213506067,s112213506066,1,5783,5782
s112213506068,s112213506061,1,5784,5778
s112213506068,s112213506064,1,5784,5781
s112213506068,s112213506066,1,5784,5782
s112213506068,s112213506067,1,5784,5783
s112213506068,s112213506070,1,5784,5785
s112213506070,s112213506055,1,5785,5772
s112213506070,s112213506058,1,5785,5775
s112213506070,s112213506059,1,5785,5776
s112213506070,s112213506060,1,5785,5777
s112213506070,s112213506064,1,5785,5781
s112213506071,s112213506072,1,5786,5787
s112213506071,s112213506073,1,5786,5788
s112213506072,s112213506071,1,5787,5786
s112213506072,s112213506073,1,5787,5788
s112213506072,s112213506075,1,5787,5790
s112213506073,s112213506071,1,5788,5786
s112213506073,s112213506072,1,5788,5787
s112213506073,s112213506081,1,5788,5794
s112213506073,s112213506082,1,5788,5795
s112213506074,s112213506075,1,5789,5790
s112213506074,s112213506076,1,5789,5791
s112213506074,s112213506078,1,5789,5792
s112213506074,s112213506081,1,5789,5794
s112213506075,s112213506078,1,5790,5792
s112213506075,s112213506079,1,5790,5793
s112213506075,s112213506081,1,5790,5794
s112213506075,s112213506082,1,5790,5795
s112213506075,s112213506083,1,5790,5796
s112213506076,s112213506055,1,5791,5772
s112213506078,s112213506075,1,5792,5790
s112213506078,s112213506079,1,5792,5793
s112213506078,s112213506081,1,5792,5794
s112213506078,s112213506082,1,5792,5795
s112213506078,s112213506083,1,5792,5796
s112213506079,s112213506075,1,5793,5790
s112213506079,s112213506078,1,5793,5792
s112213506079,s112213506081,1,5793,5794
s112213506082,s112213506072,1,5795,5787
s112213506082,s112213506073,1,5795,5788
s112213506082,s112213506078,1,5795,5792
s112213506082,s112213506081,1,5795,5794
s112213506082,s112213506083,1,5795,5796
s112213506083,s112213506075,1,5796,5790
s112213506083,s112213506078,1,5796,5792
s112213506083,s112213506079,1,5796,5793
s112213506083,s112213506081,1,5796,5794
s112213506083,s112213506082,1,5796,5795
s112213506084,s112213506071,1,5797,5786
s112213506084,s112213506072,1,5797,5787
s112213506084,s112213506083,1,5797,5796
s112213509027,s112213509033,1,5821,5824
s112213509027,s112213509051,1,5821,5832
s112213509029,s112213509030,1,5822,5823
s112213509029,s112213509033,1,5822,5824
s112213509030,s112213509029,1,5823,5822
s112213509030,s112213509033,1,5823,5824
s112213509033,s112213509034,1,5824,5825
s112213509034,s112213509030,1,5825,5823
s112213509034,s112213509033,1,5825,5824
s112213509034,s112213509049,1,5825,5831
s112213509039,s112213509034,1,5827,5825
s112213509039,s112213509049,1,5827,5831
s112213509042,s112213509048,1,5828,5830
s112213509042,s112213509051,1,5828,5832
s112213509044,s112213509049,1,5829,5831
s112213509048,s112213509042,1,5830,5828
s112213509048,s112213509051,1,5830,5832
s112213509049,s112213509042,1,5831,5828
s112213509049,s112213509044,1,5831,5829
s112213509051,s112213509042,1,5832,5828
s112213509051,s112213509048,1,5832,5830
s112213509054,s112213509055,1,5798,5799
s112213509054,s112213509063,1,5798,5806
s112213509055,s112213509054,1,5799,5798
s112213509055,s112213509056,1,5799,5800
s112213509055,s112213509062,1,5799,5805
s112213509055,s112213509063,1,5799,5806
s112213509056,s112213509055,1,5800,5799
s112213509056,s112213509059,1,5800,5803
s112213509056,s112213509062,1,5800,5805
s112213509057,s112213509054,1,5801,5798
s112213509057,s112213509060,1,5801,5804
s112213509057,s112213509062,1,5801,5805
s112213509057,s112213509074,1,5801,5814
s112213509058,s112213509060,1,5802,5804
s112213509058,s112213509062,1,5802,5805
s112213509058,s112213509070,1,5802,5811
s112213509059,s112213509056,1,5803,5800
s112213509059,s112213509063,1,5803,5806
s112213509059,s112213509074,1,5803,5814
s112213509059,s112213509079,1,5803,5818
s112213509060,s112213509058,1,5804,5802
s112213509060,s112213509062,1,5804,5805
s112213509060,s112213509067,1,5804,5808
s112213509062,s112213509056,1,5805,5800
s112213509062,s112213509059,1,5805,5803
s112213509062,s112213509060,1,5805,5804
s112213509063,s112213509054,1,5806,5798
s112213509063,s112213509055,1,5806,5799
s112213509063,s112213509062,1,5806,5805
s112213509065,s112213509073,1,5807,5813
s112213509065,s112213509075,1,5807,5815
s112213509065,s112213509081,1,5807,5820
s112213509067,s112213509057,1,5808,5801
s112213509067,s112213509060,1,5808,5804
s112213509067,s112213509074,1,5808,5814
s112213509067,s112213509076,1,5808,5816
s112213509068,s112213509075,1,5809,5815
s112213509068,s112213509079,1,5809,5818
s112213509068,s112213509081,1,5809,5820
s112213509069,s112213509068,1,5810,5809
s112213509069,s112213509071,1,5810,5812
s112213509069,s112213509077,1,5810,5817
s112213509069,s112213509079,1,5810,5818
s112213509070,s112213509054,1,5811,5798
s112213509070,s112213509056,1,5811,5800
s112213509070,s112213509062,1,5811,5805
s112213509070,s112213509076,1,5811,5816
s112213509071,s112213509067,1,5812,5808
s112213509071,s112213509069,1,5812,5810
s112213509071,s112213509074,1,5812,5814
s112213509071,s112213509076,1,5812,5816
s112213509071,s112213509079,1,5812,5818
s112213509073,s112213509065,1,5813,5807
s112213509074,s112213509057,1,5814,5801
s112213509074,s112213509067,1,5814,5808
s112213509074,s112213509071,1,5814,5812
s112213509074,s112213509076,1,5814,5816
s112213509074,s112213509079,1,5814,5818
s112213509075,s112213509068,1,5815,5809
s112213509075,s112213509073,1,5815,5813
s112213509075,s112213509074,1,5815,5814
s112213509075,s112213509076,1,5815,5816
s112213509075,s112213509081,1,5815,5820
s112213509076,s112213509067,1,5816,5808
s112213509076,s112213509074,1,5816,5814
s112213509076,s112213509075,1,5816,5815
s112213509076,s112213509079,1,5816,5818
s112213509076,s112213509081,1,5816,5820
s112213509077,s112213509068,1,5817,5809
s112213509077,s112213509069,1,5817,5810
s112213509077,s112213509079,1,5817,5818
s112213509079,s112213509059,1,5818,5803
s112213509079,s112213509069,1,5818,5810
s112213509079,s112213509071,1,5818,5812
s112213509079,s112213509074,1,5818,5814
s112213509079,s112213509075,1,5818,5815
s112213509080,s112213509067,1,5819,5808
s112213509080,s112213509074,1,5819,5814
s112213509080,s112213509076,1,5819,5816
s112213509080,s112213509079,1,5819,5818
s112213509081,s112213509065,1,5820,5807
s112213509081,s112213509068,1,5820,5809
s112213509081,s112213509073,1,5820,5813
s112213509081,s112213509075,1,5820,5815
s112213509081,s112213509079,1,5820,5818
s112213510024,s112213510026,1,5833,5835
s112213510024,s112213510027,1,5833,5836
s112213510024,s112213510028,1,5833,5837
s112213510024,s112213510029,1,5833,5838
s112213510024,s112213510033,1,5833,5840
s112213510025,s112213510034,1,5834,5841
s112213510025,s112213510038,1,5834,5844
s112213510025,s112213510048,1,5834,5852
s112213510026,s112213510024,1,5835,5833
s112213510026,s112213510027,1,5835,5836
s112213510026,s112213510028,1,5835,5837
s112213510026,s112213510034,1,5835,5841
s112213510027,s112213510024,1,5836,5833
s112213510027,s112213510026,1,5836,5835
s112213510027,s112213510028,1,5836,5837
s112213510027,s112213510038,1,5836,5844
s112213510028,s112213510026,1,5837,5835
s112213510028,s112213510027,1,5837,5836
s112213510029,s112213510024,1,5838,5833
s112213510029,s112213510028,1,5838,5837
s112213510029,s112213510033,1,5838,5840
s112213510030,s112213510024,1,5839,5833
s112213510030,s112213510026,1,5839,5835
s112213510030,s112213510027,1,5839,5836
s112213510030,s112213510033,1,5839,5840
s112213510030,s112213510034,1,5839,5841
s112213510033,s112213510024,1,5840,5833
s112213510033,s112213510026,1,5840,5835
s112213510033,s112213510028,1,5840,5837
s112213510034,s112213510026,1,5841,5835
s112213510034,s112213510027,1,5841,5836
s112213510034,s112213510029,1,5841,5838
s112213510034,s112213510030,1,5841,5839
s112213510034,s112213510033,1,5841,5840
s112213510035,s112213510038,1,5842,5844
s112213510035,s112213510040,1,5842,5846
s112213510035,s112213510041,1,5842,5847
s112213510035,s112213510048,1,5842,5852
s112213510038,s112213510027,1,5844,5836
s112213510038,s112213510035,1,5844,5842
s112213510038,s112213510040,1,5844,5846
s112213510038,s112213510047,1,5844,5851
s112213510038,s112213510048,1,5844,5852
s112213510039,s112213510038,1,5845,5844
s112213510039,s112213510041,1,5845,5847
s112213510039,s112213510048,1,5845,5852
s112213510040,s112213510035,1,5846,5842
s112213510040,s112213510038,1,5846,5844
s112213510040,s112213510041,1,5846,5847
s112213510040,s112213510046,1,5846,5850
s112213510040,s112213510048,1,5846,5852
s112213510041,s112213510035,1,5847,5842
s112213510041,s112213510040,1,5847,5846
s112213510041,s112213510042,1,5847,5848
s112213510041,s112213510043,1,5847,5849
s112213510041,s112213510046,1,5847,5850
s112213510042,s112213510043,1,5848,5849
s112213510043,s112213510041,1,5849,5847
s112213510043,s112213510042,1,5849,5848
s112213510043,s112213510046,1,5849,5850
s112213510046,s112213510041,1,5850,5847
s112213510046,s112213510042,1,5850,5848
s112213510046,s112213510043,1,5850,5849
s112213510047,s112213510038,1,5851,5844
s112213510047,s112213510042,1,5851,5848
s112213510047,s112213510043,1,5851,5849
s112213510047,s112213510048,1,5851,5852
s112213510047,s113213510006,1,5851,5853
s112213510048,s112213510024,1,5852,5833
s112213510048,s112213510026,1,5852,5835
s112213510048,s112213510027,1,5852,5836
s112213510048,s112213510038,1,5852,5844
s112213510051,s112213510053,1,5854,5856
s112213510051,s112213510054,1,5854,5857
s112213510051,s112213510059,1,5854,5859
s112213510051,s112213510060,1,5854,5860
s112213510051,s112213510066,1,5854,5864
s112213510052,s112213510066,1,5855,5864
s112213510053,s112213510051,1,5856,5854
s112213510053,s112213510052,1,5856,5855
s112213510053,s113213510004,1,5856,5872
s112213510054,s112213510051,1,5857,5854
s112213510054,s112213510060,1,5857,5860
s112213510054,s112213510062,1,5857,5862
s112213510058,s112213510051,1,5858,5854
s112213510058,s112213510052,1,5858,5855
s112213510058,s112213510053,1,5858,5856
s112213510058,s112213510062,1,5858,5862
s112213510058,s113213510004,1,5858,5872
s112213510059,s112213510051,1,5859,5854
s112213510059,s112213510054,1,5859,5857
s112213510059,s112213510060,1,5859,5860
s112213510059,s112213510067,1,5859,5865
s112213510060,s112213510054,1,5860,5857
s112213510060,s112213510059,1,5860,5859
s112213510060,s112213510067,1,5860,5865
s112213510061,s112213510051,1,5861,5854
s112213510061,s112213510052,1,5861,5855
s112213510061,s112213510062,1,5861,5862
s112213510061,s113213510004,1,5861,5872
s112213510062,s112213510061,1,5862,5861
s112213510066,s112213510051,1,5864,5854
s112213510066,s112213510072,1,5864,5869
s112213510066,s112213510076,1,5864,5871
s112213510067,s112213510054,1,5865,5857
s112213510067,s112213510060,1,5865,5860
s112213510067,s112213510066,1,5865,5864
s112213510067,s112213510068,1,5865,5866
s112213510068,s112213510067,1,5866,5865
s112213510069,s112213510068,1,5867,5866
s112213510069,s112213510070,1,5867,5868
s112213510070,s112213510066,1,5868,5864
s112213510070,s112213510067,1,5868,5865
s112213510070,s112213510069,1,5868,5867
s112213510072,s112213510066,1,5869,5864
s112213510072,s112213510076,1,5869,5871
s112213510075,s112213510053,1,5870,5856
s112213510075,s112213510060,1,5870,5860
s112213510075,s112213510067,1,5870,5865
s112213510075,s112213510076,1,5870,5871
s112213510075,s113213510004,1,5870,5872
s112213510076,s112213510066,1,5871,5864
s112213510076,s112213510067,1,5871,5865
s112213514025,s112213514028,1,5873,5875
s112213514025,s112213514029,1,5873,5876
s112213514025,s112213514031,1,5873,5877
s112213514025,s112213514034,1,5873,5880
s112213514027,s112213514025,1,5874,5873
s112213514027,s112213514028,1,5874,5875
s112213514027,s112213514029,1,5874,5876
s112213514027,s112213514031,1,5874,5877
s112213514028,s112213514025,1,5875,5873
s112213514028,s112213514027,1,5875,5874
s112213514028,s112213514029,1,5875,5876
s112213514028,s112213514031,1,5875,5877
s112213514031,s112213514025,1,5877,5873
s112213514031,s112213514027,1,5877,5874
s112213514031,s112213514028,1,5877,5875
s112213514031,s112213514029,1,5877,5876
s112213514031,s112213514034,1,5877,5880
s112213514032,s112213514025,1,5878,5873
s112213514032,s112213514028,1,5878,5875
s112213514032,s112213514029,1,5878,5876
s112213514032,s112213514031,1,5878,5877
s112213514033,s112213514034,1,5879,5880
s112213514033,s112213514035,1,5879,5881
s112213514033,s113213514003,1,5879,5896
s112213514034,s112213514031,1,5880,5877
s112213514034,s112213514033,1,5880,5879
s112213514034,s112213514035,1,5880,5881
s112213514034,s112213514052,1,5880,5895
s112213514035,s112213514034,1,5881,5880
s112213514035,s112213514037,1,5881,5883
s112213514035,s112213514052,1,5881,5895
s112213514035,s113213514003,1,5881,5896
s112213514036,s112213514034,1,5882,5880
s112213514036,s112213514035,1,5882,5881
s112213514036,s112213514037,1,5882,5883
s112213514036,s112213514038,1,5882,5884
s112213514037,s112213514027,1,5883,5874
s112213514037,s112213514033,1,5883,5879
s112213514037,s112213514034,1,5883,5880
s112213514037,s112213514035,1,5883,5881
s112213514037,s112213514038,1,5883,5884
s112213514038,s112213514028,1,5884,5875
s112213514038,s112213514029,1,5884,5876
s112213514038,s112213514034,1,5884,5880
s112213514038,s112213514035,1,5884,5881
s112213514040,s112213514041,1,5885,5886
s112213514040,s112213514049,1,5885,5893
s112213514040,s112213514050,1,5885,5894
s112213514041,s112213514040,1,5886,5885
s112213514041,s112213514042,1,5886,5887
s112213514041,s112213514044,1,5886,5889
s112213514042,s112213514041,1,5887,5886
s112213514042,s112213514043,1,5887,5888
s112213514042,s112213514044,1,5887,5889
s112213514042,s112213514046,1,5887,5890
s112213514042,s112213514047,1,5887,5891
s112213514043,s112213514042,1,5888,5887
s112213514043,s112213514044,1,5888,5889
s112213514043,s112213514046,1,5888,5890
s112213514043,s112213514047,1,5888,5891
s112213514043,s112213514052,1,5888,5895
s112213514044,s112213514041,1,5889,5886
s112213514044,s112213514046,1,5889,5890
s112213514044,s112213514047,1,5889,5891
s112213514044,s112213514048,1,5889,5892
s112213514044,s112213514052,1,5889,5895
s112213514046,s112213514043,1,5890,5888
s112213514046,s112213514044,1,5890,5889
s112213514046,s112213514047,1,5890,5891
s112213514046,s112213514048,1,5890,5892
s112213514046,s112213514052,1,5890,5895
s112213514047,s112213514041,1,5891,5886
s112213514047,s112213514044,1,5891,5889
s112213514047,s112213514046,1,5891,5890
s112213514047,s112213514048,1,5891,5892
s112213514047,s112213514052,1,5891,5895
s112213514048,s112213514044,1,5892,5889
s112213514048,s112213514046,1,5892,5890
s112213514048,s112213514047,1,5892,5891
s112213514048,s112213514052,1,5892,5895
s112213514049,s112213514050,1,5893,5894
s112213514050,s112213514049,1,5894,5893
s112213514052,s112213514044,1,5895,5889
s112213514052,s112213514046,1,5895,5890
s112213514052,s112213514047,1,5895,5891
s112213514052,s112213514048,1,5895,5892
s112213514055,s112213514058,1,5897,5900
s112213514056,s112213514058,1,5898,5900
s112213514056,s112213514060,1,5898,5902
s112213514056,s112213514064,1,5898,5906
s112213514056,s112213514065,1,5898,5907
s112213514056,s112213514066,1,5898,5908
s112213514057,s112213514055,1,5899,5897
s112213514057,s112213514058,1,5899,5900
s112213514057,s112213514063,1,5899,5905
s112213514057,s112213514064,1,5899,5906
s112213514057,s112213514068,1,5899,5910
s112213514058,s112213514056,1,5900,5898
s112213514058,s112213514057,1,5900,5899
s112213514058,s112213514064,1,5900,5906
s112213514058,s112213514066,1,5900,5908
s112213514060,s112213514061,1,5902,5903
s112213514060,s112213514064,1,5902,5906
s112213514060,s112213514065,1,5902,5907
s112213514060,s112213514066,1,5902,5908
s112213514060,s112213514077,1,5902,5919
s112213514061,s112213514055,1,5903,5897
s112213514061,s112213514056,1,5903,5898
s112213514061,s112213514057,1,5903,5899
s112213514061,s112213514060,1,5903,5902
s112213514061,s112213514079,1,5903,5921
s112213514062,s112213514063,1,5904,5905
s112213514062,s112213514069,1,5904,5911
s112213514062,s112213514072,1,5904,5914
s112213514062,s112213514074,1,5904,5916
s112213514062,s112213514084,1,5904,5926
s112213514063,s112213514057,1,5905,5899
s112213514063,s112213514060,1,5905,5902
s112213514063,s112213514061,1,5905,5903
s112213514063,s112213514062,1,5905,5904
s112213514063,s112213514064,1,5905,5906
s112213514064,s112213514056,1,5906,5898
s112213514064,s112213514058,1,5906,5900
s112213514064,s112213514065,1,5906,5907
s112213514064,s112213514073,1,5906,5915
s112213514065,s112213514056,1,5907,5898
s112213514065,s112213514060,1,5907,5902
s112213514065,s112213514064,1,5907,5906
s112213514065,s112213514066,1,5907,5908
s112213514065,s112213514067,1,5907,5909
s112213514066,s112213514060,1,5908,5902
s112213514066,s112213514063,1,5908,5905
s112213514066,s112213514065,1,5908,5907
s112213514066,s112213514073,1,5908,5915
s112213514066,s112213514084,1,5908,5926
s112213514068,s112213514056,1,5910,5898
s112213514068,s112213514064,1,5910,5906
s112213514068,s112213514073,1,5910,5915
s112213514068,s112213514077,1,5910,5919
s112213514068,s112213514084,1,5910,5926
s112213514069,s112213514055,1,5911,5897
s112213514069,s112213514061,1,5911,5903
s112213514069,s112213514062,1,5911,5904
s112213514069,s112213514072,1,5911,5914
s112213514069,s112213514084,1,5911,5926
s112213514071,s112213514072,1,5913,5914
s112213514071,s112213514081,1,5913,5923
s112213514072,s112213514063,1,5914,5905
s112213514072,s112213514069,1,5914,5911
s112213514072,s112213514071,1,5914,5913
s112213514072,s112213514073,1,5914,5915
s112213514072,s112213514084,1,5914,5926
s112213514073,s112213514062,1,5915,5904
s112213514073,s112213514064,1,5915,5906
s112213514073,s112213514072,1,5915,5914
s112213514073,s112213514084,1,5915,5926
s112213514074,s112213514078,1,5916,5920
s112213514074,s112213514079,1,5916,5921
s112213514074,s112213514082,1,5916,5924
s112213514075,s112213514073,1,5917,5915
s112213514075,s112213514077,1,5917,5919
s112213514075,s112213514078,1,5917,5920
s112213514075,s112213514079,1,5917,5921
s112213514075,s112213514084,1,5917,5926
s112213514076,s112213514071,1,5918,5913
s112213514076,s112213514078,1,5918,5920
s112213514076,s112213514080,1,5918,5922
s112213514076,s112213514081,1,5918,5923
s112213514077,s112213514060,1,5919,5902
s112213514077,s112213514062,1,5919,5904
s112213514077,s112213514075,1,5919,5917
s112213514077,s112213514078,1,5919,5920
s112213514077,s112213514079,1,5919,5921
s112213514078,s112213514079,1,5920,5921
s112213514079,s112213514074,1,5921,5916
s112213514079,s112213514075,1,5921,5917
s112213514079,s112213514077,1,5921,5919
s112213514079,s112213514078,1,5921,5920
s112213514079,s112213514082,1,5921,5924
s112213514080,s112213514071,1,5922,5913
s112213514080,s112213514076,1,5922,5918
s112213514080,s112213514078,1,5922,5920
s112213514080,s112213514081,1,5922,5923
s112213514081,s112213514071,1,5923,5913
s112213514081,s112213514073,1,5923,5915
s112213514081,s112213514076,1,5923,5918
s112213514081,s112213514078,1,5923,5920
s112213514081,s112213514080,1,5923,5922
s112213514082,s112213514074,1,5924,5916
s112213514083,s112213514071,1,5925,5913
s112213514083,s112213514072,1,5925,5914
s112213514083,s112213514073,1,5925,5915
s112213514083,s112213514084,1,5925,5926
s112213514084,s112213514073,1,5926,5915
s112213514084,s112213514075,1,5926,5917
s112213514084,s112213514077,1,5926,5919
s112313505025,s112313505026,1,5954,5955
s112313505025,s112313505036,1,5954,5963
s112313505025,s112313505044,1,5954,5968
s112313505026,s112313505025,1,5955,5954
s112313505026,s112313505027,1,5955,5956
s112313505026,s112313505029,1,5955,5958
s112313505026,s112313505031,1,5955,5960
s112313505026,s112313505035,1,5955,5962
s112313505027,s112313505026,1,5956,5955
s112313505027,s112313505029,1,5956,5958
s112313505027,s112313505031,1,5956,5960
s112313505027,s112313505046,1,5956,5970
s112313505027,s112313505049,1,5956,5973
s112313505028,s112313505030,1,5957,5959
s112313505028,s112313505032,1,5957,5961
s112313505028,s112313505038,1,5957,5965
s112313505029,s112313505025,1,5958,5954
s112313505029,s112313505026,1,5958,5955
s112313505029,s112313505027,1,5958,5956
s112313505029,s112313505031,1,5958,5960
s112313505029,s112313505036,1,5958,5963
s112313505030,s112313505028,1,5959,5957
s112313505030,s112313505032,1,5959,5961
s112313505030,s112313505038,1,5959,5965
s112313505031,s112313505026,1,5960,5955
s112313505031,s112313505027,1,5960,5956
s112313505031,s112313505029,1,5960,5958
s112313505032,s112313505028,1,5961,5957
s112313505032,s112313505030,1,5961,5959
s112313505032,s112313505038,1,5961,5965
s112313505035,s112313505025,1,5962,5954
s112313505035,s112313505027,1,5962,5956
s112313505035,s112313505036,1,5962,5963
s112313505035,s112313505047,1,5962,5971
s112313505036,s112313505025,1,5963,5954
s112313505036,s112313505035,1,5963,5962
s112313505036,s112313505044,1,5963,5968
s112313505036,s112313505045,1,5963,5969
s112313505037,s112313505028,1,5964,5957
s112313505037,s112313505030,1,5964,5959
s112313505037,s112313505031,1,5964,5960
s112313505037,s112313505032,1,5964,5961
s112313505037,s112313505038,1,5964,5965
s112313505038,s112313505028,1,5965,5957
s112313505038,s112313505030,1,5965,5959
s112313505038,s112313505032,1,5965,5961
s112313505039,s112313505045,1,5966,5969
s112313505040,s112313505039,1,5967,5966
s112313505040,s112313505044,1,5967,5968
s112313505040,s112313505045,1,5967,5969
s112313505044,s112313505039,1,5968,5966
s112313505044,s112313505040,1,5968,5967
s112313505044,s112313505045,1,5968,5969
s112313505045,s112313505025,1,5969,5954
s112313505045,s112313505036,1,5969,5963
s112313505045,s112313505044,1,5969,5968
s112313505046,s112313505044,1,5970,5968
s112313505046,s112313505045,1,5970,5969
s112313505046,s112313505048,1,5970,5972
s112313505046,s112313505050,1,5970,5974
s112313505047,s112313505025,1,5971,5954
s112313505047,s112313505036,1,5971,5963
s112313505047,s112313505039,1,5971,5966
s112313505047,s112313505044,1,5971,5968
s112313505047,s112313505045,1,5971,5969
s112313505048,s112313505046,1,5972,5970
s112313505048,s112313505050,1,5972,5974
s112313505049,s112313505039,1,5973,5966
s112313505049,s112313505044,1,5973,5968
s112313505049,s112313505045,1,5973,5969
s112313505050,s112313505046,1,5974,5970
s112313505050,s112313505048,1,5974,5972
s112313505050,s112313505049,1,5974,5973
s112313505052,s112313505028,1,5975,5957
s112313505052,s112313505030,1,5975,5959
s112313505052,s112313505032,1,5975,5961
s112313505052,s112313505046,1,5975,5970
s112313505055,s112313505057,1,5927,5929
s112313505055,s112313505058,1,5927,5930
s112313505055,s112313505063,1,5927,5935
s112313505055,s112313505064,1,5927,5936
s112313505055,s112313505067,1,5927,5939
s112313505056,s112313505060,1,5928,5932
s112313505056,s112313505061,1,5928,5933
s112313505056,s112313505065,1,5928,5937
s112313505056,s112313505066,1,5928,5938
s112313505056,s112313505070,1,5928,5942
s112313505057,s112313505055,1,5929,5927
s112313505057,s112313505056,1,5929,5928
s112313505057,s112313505058,1,5929,5930
s112313505057,s112313505063,1,5929,5935
s112313505057,s112313505064,1,5929,5936
s112313505058,s112313505055,1,5930,5927
s112313505058,s112313505057,1,5930,5929
s112313505058,s112313505059,1,5930,5931
s112313505058,s112313505064,1,5930,5936
s112313505058,s112313505067,1,5930,5939
s112313505059,s112313505058,1,5931,5930
s112313505059,s112313505062,1,5931,5934
s112313505059,s112313505065,1,5931,5937
s112313505059,s112313505067,1,5931,5939
s112313505059,s112313505068,1,5931,5940
s112313505060,s112313505056,1,5932,5928
s112313505060,s112313505061,1,5932,5933
s112313505060,s112313505065,1,5932,5937
s112313505060,s112313505067,1,5932,5939
s112313505060,s112313505068,1,5932,5940
s112313505061,s112313505068,1,5933,5940
s112313505062,s112313505059,1,5934,5931
s112313505062,s112313505061,1,5934,5933
s112313505062,s112313505063,1,5934,5935
s112313505062,s112313505067,1,5934,5939
s112313505062,s112313505068,1,5934,5940
s112313505063,s112313505055,1,5935,5927
s112313505063,s112313505058,1,5935,5930
s112313505063,s112313505061,1,5935,5933
s112313505063,s112313505062,1,5935,5934
s112313505063,s112313505068,1,5935,5940
s112313505064,s112313505055,1,5936,5927
s112313505064,s112313505057,1,5936,5929
s112313505064,s112313505058,1,5936,5930
s112313505064,s112313505061,1,5936,5933
s112313505064,s112313505068,1,5936,5940
s112313505065,s112313505056,1,5937,5928
s112313505065,s112313505066,1,5937,5938
s112313505066,s112313505056,1,5938,5928
s112313505066,s112313505065,1,5938,5937
s112313505066,s112313505080,1,5938,5950
s112313505066,s112313505081,1,5938,5951
s112313505067,s112313505055,1,5939,5927
s112313505067,s112313505056,1,5939,5928
s112313505067,s112313505059,1,5939,5931
s112313505067,s112313505068,1,5939,5940
s112313505068,s112313505056,1,5940,5928
s112313505068,s112313505059,1,5940,5931
s112313505068,s112313505061,1,5940,5933
s112313505068,s112313505067,1,5940,5939
s112313505068,s112313505079,1,5940,5949
s112313505069,s112313505070,1,5941,5942
s112313505069,s112313505074,1,5941,5945
s112313505069,s112313505076,1,5941,5946
s112313505069,s112313505080,1,5941,5950
s112313505069,s112313505081,1,5941,5951
s112313505071,s112313505074,1,5943,5945
s112313505071,s112313505076,1,5943,5946
s112313505071,s112313505077,1,5943,5947
s112313505071,s112313505082,1,5943,5952
s112313505072,s112313505074,1,5944,5945
s112313505072,s112313505079,1,5944,5949
s112313505072,s112313505082,1,5944,5952
s112313505076,s112313505069,1,5946,5941
s112313505076,s112313505070,1,5946,5942
s112313505076,s112313505074,1,5946,5945
s112313505076,s112313505077,1,5946,5947
s112313505076,s112313505080,1,5946,5950
s112313505077,s112313505074,1,5947,5945
s112313505077,s112313505076,1,5947,5946
s112313505077,s112313505079,1,5947,5949
s112313505077,s112313505082,1,5947,5952
s112313505079,s112313505065,1,5949,5937
s112313505079,s112313505068,1,5949,5940
s112313505079,s112313505074,1,5949,5945
s112313505079,s112313505076,1,5949,5946
s112313505081,s112313505069,1,5951,5941
s112313505081,s112313505070,1,5951,5942
s112313505081,s112313505074,1,5951,5945
s112313505081,s112313505076,1,5951,5946
s112313505081,s112313505080,1,5951,5950
s112323502023,s112323502029,1,5976,5980
s112323502024,s112323502023,1,5977,5976
s112323502024,s112323502030,1,5977,5981
s112323502025,s112323502027,1,5978,5979
s112323502025,s112323502032,1,5978,5982
s112323502025,s112323502035,1,5978,5985
s112323502025,s112323502037,1,5978,5986
s112323502027,s112323502025,1,5979,5978
s112323502027,s112323502032,1,5979,5982
s112323502029,s112323502023,1,5980,5976
s112323502029,s112323502030,1,5980,5981
s112323502029,s112323502033,1,5980,5983
s112323502029,s112323502043,1,5980,5990
s112323502030,s112323502023,1,5981,5976
s112323502030,s112323502043,1,5981,5990
s112323502032,s112323502025,1,5982,5978
s112323502032,s112323502027,1,5982,5979
s112323502032,s112323502044,1,5982,5991
s112323502033,s112323502029,1,5983,5980
s112323502033,s112323502043,1,5983,5990
s112323502034,s112323502025,1,5984,5978
s112323502034,s112323502027,1,5984,5979
s112323502034,s112323502032,1,5984,5982
s112323502035,s112323502037,1,5985,5986
s112323502035,s112323502039,1,5985,5987
s112323502035,s112323502044,1,5985,5991
s112323502035,s112323502045,1,5985,5992
s112323502035,s112323502046,1,5985,5993
s112323502037,s112323502035,1,5986,5985
s112323502037,s112323502044,1,5986,5991
s112323502037,s112323502045,1,5986,5992
s112323502037,s112323502046,1,5986,5993
s112323502037,s112323502049,1,5986,5995
s112323502039,s112323502042,1,5987,5989
s112323502039,s112323502047,1,5987,5994
s112323502041,s112323502039,1,5988,5987
s112323502041,s112323502042,1,5988,5989
s112323502041,s112323502043,1,5988,5990
s112323502041,s112323502047,1,5988,5994
s112323502042,s112323502039,1,5989,5987
s112323502042,s112323502041,1,5989,5988
s112323502042,s112323502043,1,5989,5990
s112323502043,s112323502041,1,5990,5988
s112323502043,s112323502042,1,5990,5989
s112323502043,s112323502047,1,5990,5994
s112323502044,s112323502035,1,5991,5985
s112323502044,s112323502037,1,5991,5986
s112323502044,s112323502046,1,5991,5993
s112323502045,s112323502029,1,5992,5980
s112323502045,s112323502037,1,5992,5986
s112323502045,s112323502044,1,5992,5991
s112323502045,s112323502046,1,5992,5993
s112323502045,s112323502049,1,5992,5995
s112323502046,s112323502035,1,5993,5985
s112323502046,s112323502037,1,5993,5986
s112323502046,s112323502044,1,5993,5991
s112323502046,s112323502045,1,5993,5992
s112323502046,s112323502049,1,5993,5995
s112323502047,s112323502039,1,5994,5987
s112323502047,s112323502041,1,5994,5988
s112323502047,s112323502043,1,5994,5990
s112333501025,s112333501026,1,5996,5997
s112333501025,s112333501027,1,5996,5998
s112333501025,s112333501031,1,5996,6002
s112333501025,s112333501033,1,5996,6003
s112333501025,s112333501035,1,5996,6005
s112333501026,s112333501025,1,5997,5996
s112333501026,s112333501030,1,5997,6001
s112333501026,s112333501033,1,5997,6003
s112333501026,s112333501036,1,5997,6006
s112333501027,s112333501025,1,5998,5996
s112333501027,s112333501030,1,5998,6001
s112333501027,s112333501031,1,5998,6002
s112333501027,s112333501033,1,5998,6003
s112333501027,s112333501036,1,5998,6006
s112333501028,s112333501025,1,5999,5996
s112333501028,s112333501029,1,5999,6000
s112333501028,s112333501030,1,5999,6001
s112333501028,s112333501035,1,5999,6005
s112333501029,s112333501026,1,6000,5997
s112333501029,s112333501028,1,6000,5999
s112333501029,s112333501030,1,6000,6001
s112333501029,s112333501036,1,6000,6006
s112333501030,s112333501026,1,6001,5997
s112333501030,s112333501027,1,6001,5998
s112333501030,s112333501028,1,6001,5999
s112333501030,s112333501029,1,6001,6000
s112333501031,s112333501025,1,6002,5996
s112333501031,s112333501033,1,6002,6003
s112333501033,s112333501025,1,6003,5996
s112333501033,s112333501026,1,6003,5997
s112333501033,s112333501027,1,6003,5998
s112333501033,s112333501031,1,6003,6002
s112333501033,s112333501035,1,6003,6005
s112333501034,s112333501027,1,6004,5998
s112333501034,s112333501030,1,6004,6001
s112333501034,s112333501031,1,6004,6002
s112333501035,s112333501025,1,6005,5996
s112333501035,s112333501027,1,6005,5998
s112333501035,s112333501028,1,6005,5999
s112333501035,s112333501033,1,6005,6003
s112333501035,s112333501036,1,6005,6006
s112333501036,s112333501026,1,6006,5997
s112333501036,s112333501027,1,6006,5998
s112333501036,s112333501028,1,6006,5999
s112333501036,s112333501035,1,6006,6005
s112333501038,s112333501052,1,6007,6012
s112333501047,s112333501038,1,6009,6007
s112333501052,s112333501036,1,6012,6006
s112333501055,s112333501067,1,6014,6021
s112333501057,s112333501055,1,6015,6014
s112333501057,s112333501059,1,6015,6016
s112333501057,s112333501060,1,6015,6017
s112333501059,s112333501060,1,6016,6017
s112333501060,s112333501059,1,6017,6016
s112333501064,s112333501065,1,6019,6020
s112333501065,s112333501064,1,6020,6019
s112333501080,s112333501070,1,6024,6022
s112333505024,s112333505031,1,6025,6028
s112333505024,s112333505051,1,6025,6036
s112333505027,s112333505032,1,6026,6029
s112333505027,s112333505036,1,6026,6030
s112333505029,s112333505031,1,6027,6028
s112333505029,s112333505032,1,6027,6029
s112333505031,s112333505024,1,6028,6025
s112333505031,s112333505029,1,6028,6027
s112333505031,s112333505032,1,6028,6029
s112333505032,s112333505027,1,6029,6026
s112333505036,s112333505027,1,6030,6026
s112333505044,s112333505045,1,6031,6032
s112333505044,s112333505048,1,6031,6033
s112333505044,s112333505049,1,6031,6034
s112333505045,s112333505050,1,6032,6035
s112333505048,s112333505045,1,6033,6032
s112333505049,s112333505050,1,6034,6035
s112333505050,s112333505045,1,6035,6032
s112333505050,s112333505049,1,6035,6034
s112333505051,s112333505029,1,6036,6027
s112333505054,s112333505061,1,6037,6040
s112333505054,s112333505063,1,6037,6042
s112333505054,s112333505067,1,6037,6045
s112333505059,s112333505061,1,6039,6040
s112333505059,s112333505064,1,6039,6043
s112333505061,s112333505059,1,6040,6039
s112333505061,s112333505064,1,6040,6043
s112333505062,s112333505061,1,6041,6040
s112333505062,s112333505063,1,6041,6042
s112333505062,s112333505064,1,6041,6043
s112333505062,s112333505065,1,6041,6044
s112333505063,s112333505054,1,6042,6037
s112333505063,s112333505064,1,6042,6043
s112333505063,s112333505067,1,6042,6045
s112333505064,s112333505059,1,6043,6039
s112333505064,s112333505061,1,6043,6040
s112333505064,s112333505063,1,6043,6042
s112333505065,s112333505062,1,6044,6041
s112333505067,s112333505054,1,6045,6037
s112333505067,s112333505059,1,6045,6039
s112333505067,s112333505063,1,6045,6042
s112333505067,s112333505064,1,6045,6043
s112333505068,s112333505074,1,6046,6050
s112333505068,s112333505075,1,6046,6051
s112333505068,s112333505080,1,6046,6055
s112333505069,s112333505072,1,6047,6049
s112333505069,s112333505074,1,6047,6050
s112333505069,s112333505076,1,6047,6052
s112333505069,s112333505080,1,6047,6055
s112333505070,s112333505054,1,6048,6037
s112333505070,s112333505063,1,6048,6042
s112333505070,s112333505079,1,6048,6054
s112333505072,s112333505074,1,6049,6050
s112333505072,s112333505076,1,6049,6052
s112333505072,s112333505077,1,6049,6053
s112333505072,s112333505080,1,6049,6055
s112333505074,s112333505068,1,6050,6046
s112333505074,s112333505077,1,6050,6053
s112333505074,s112333505080,1,6050,6055
s112333505075,s112333505074,1,6051,6050
s112333505075,s112333505079,1,6051,6054
s112333505076,s112333505059,1,6052,6039
s112333505076,s112333505069,1,6052,6047
s112333505076,s112333505072,1,6052,6049
s112333505076,s112333505080,1,6052,6055
s112333505077,s112333505072,1,6053,6049
s112333505077,s112333505074,1,6053,6050
s112333505077,s112333505076,1,6053,6052
s112333505077,s112333505080,1,6053,6055
s112333505079,s112333505075,1,6054,6051
s112333505079,s112333505080,1,6054,6055
s112333505079,s112333505082,1,6054,6056
s112333505080,s112333505072,1,6055,6049
s112333505080,s112333505074,1,6055,6050
s112333505080,s112333505077,1,6055,6053
s112333505082,s112333505063,1,6056,6042
s112343302024,s112343302025,1,6057,6058
s112343302024,s112343302033,1,6057,6065
s112343302024,s112343302035,1,6057,6067
s112343302024,s112343302044,1,6057,6075
s112343302025,s112343302024,1,6058,6057
s112343302025,s112343302026,1,6058,6059
s112343302025,s112343302032,1,6058,6064
s112343302025,s112343302036,1,6058,6068
s112343302026,s112343302025,1,6059,6058
s112343302026,s112343302030,1,6059,6062
s112343302026,s112343302032,1,6059,6064
s112343302026,s112343302037,1,6059,6069
s112343302027,s112343302028,1,6060,6061
s112343302027,s112343302030,1,6060,6062
s112343302027,s112343302033,1,6060,6065
s112343302027,s112343302035,1,6060,6067
s112343302028,s112343302025,1,6061,6058
s112343302028,s112343302026,1,6061,6059
s112343302028,s112343302027,1,6061,6060
s112343302028,s112343302035,1,6061,6067
s112343302028,s112343302042,1,6061,6074
s112343302030,s112343302026,1,6062,6059
s112343302030,s112343302027,1,6062,6060
s112343302030,s112343302032,1,6062,6064
s112343302030,s112343302037,1,6062,6069
s112343302031,s112343302026,1,6063,6059
s112343302031,s112343302032,1,6063,6064
s112343302031,s112343302033,1,6063,6065
s112343302031,s112343302035,1,6063,6067
s112343302032,s112343302026,1,6064,6059
s112343302032,s112343302030,1,6064,6062
s112343302032,s112343302037,1,6064,6069
s112343302033,s112343302025,1,6065,6058
s112343302033,s112343302026,1,6065,6059
s112343302033,s112343302027,1,6065,6060
s112343302033,s112343302035,1,6065,6067
s112343302033,s112343302050,1,6065,6080
s112343302034,s112343302024,1,6066,6057
s112343302034,s112343302025,1,6066,6058
s112343302034,s112343302026,1,6066,6059
s112343302034,s112343302036,1,6066,6068
s112343302035,s112343302027,1,6067,6060
s112343302035,s112343302033,1,6067,6065
s112343302035,s112343302037,1,6067,6069
s112343302035,s112343302039,1,6067,6071
s112343302035,s112343302041,1,6067,6073
s112343302036,s112343302025,1,6068,6058
s112343302037,s112343302026,1,6069,6059
s112343302037,s112343302030,1,6069,6062
s112343302037,s112343302032,1,6069,6064
s112343302038,s112343302042,1,6070,6074
s112343302038,s112343302044,1,6070,6075
s112343302038,s112343302047,1,6070,6078
s112343302038,s112343302050,1,6070,6080
s112343302039,s112343302041,1,6071,6073
s112343302039,s112343302042,1,6071,6074
s112343302039,s112343302046,1,6071,6077
s112343302039,s112343302047,1,6071,6078
s112343302039,s112343302048,1,6071,6079
s112343302042,s112343302024,1,6074,6057
s112343302042,s112343302028,1,6074,6061
s112343302042,s112343302033,1,6074,6065
s112343302042,s112343302048,1,6074,6079
s112343302042,s112343302050,1,6074,6080
s112343302044,s112343302024,1,6075,6057
s112343302044,s112343302025,1,6075,6058
s112343302044,s112343302038,1,6075,6070
s112343302044,s112343302042,1,6075,6074
s112343302046,s112343302042,1,6077,6074
s112343302046,s112343302044,1,6077,6075
s112343302046,s112343302047,1,6077,6078
s112343302046,s112343302048,1,6077,6079
s112343302046,s112343302050,1,6077,6080
s112343302047,s112343302025,1,6078,6058
s112343302047,s112343302039,1,6078,6071
s112343302047,s112343302041,1,6078,6073
s112343302047,s112343302048,1,6078,6079
s112343302048,s112343302047,1,6079,6078
s112343302050,s112343302032,1,6080,6064
s112343302050,s112343302038,1,6080,6070
s112343302050,s112343302042,1,6080,6074
s112343302053,s112343302056,1,6081,6084
s112343302053,s112343302059,1,6081,6086
s112343302053,s112343302062,1,6081,6089
s112343302053,s112343302065,1,6081,6092
s112343302054,s112343302053,1,6082,6081
s112343302054,s112343302055,1,6082,6083
s112343302054,s112343302057,1,6082,6085
s112343302054,s112343302063,1,6082,6090
s112343302055,s112343302065,1,6083,6092
s112343302055,s112343302067,1,6083,6094
s112343302055,s112343302073,1,6083,6098
s112343302055,s112343302076,1,6083,6101
s112343302056,s112343302053,1,6084,6081
s112343302056,s112343302055,1,6084,6083
s112343302056,s112343302063,1,6084,6090
s112343302056,s112343302065,1,6084,6092
s112343302057,s112343302056,1,6085,6084
s112343302057,s112343302063,1,6085,6090
s112343302057,s112343302064,1,6085,6091
s112343302057,s112343302065,1,6085,6092
s112343302059,s112343302053,1,6086,6081
s112343302059,s112343302065,1,6086,6092
s112343302060,s112343302057,1,6087,6085
s112343302060,s112343302061,1,6087,6088
s112343302060,s112343302063,1,6087,6090
s112343302060,s112343302064,1,6087,6091
s112343302061,s112343302057,1,6088,6085
s112343302061,s112343302063,1,6088,6090
s112343302061,s112343302064,1,6088,6091
s112343302062,s112343302053,1,6089,6081
s112343302062,s112343302055,1,6089,6083
s112343302062,s112343302056,1,6089,6084
s112343302062,s112343302063,1,6089,6090
s112343302062,s112343302065,1,6089,6092
s112343302063,s112343302054,1,6090,6082
s112343302063,s112343302057,1,6090,6085
s112343302063,s112343302065,1,6090,6092
s112343302064,s112343302054,1,6091,6082
s112343302064,s112343302056,1,6091,6084
s112343302064,s112343302057,1,6091,6085
s112343302064,s112343302063,1,6091,6090
s112343302065,s112343302053,1,6092,6081
s112343302065,s112343302055,1,6092,6083
s112343302065,s112343302063,1,6092,6090
s112343302066,s112343302065,1,6093,6092
s112343302066,s112343302070,1,6093,6096
s112343302066,s112343302076,1,6093,6101
s112343302066,s112343302077,1,6093,6102
s112343302066,s112343302078,1,6093,6103
s112343302067,s112343302068,1,6094,6095
s112343302067,s112343302070,1,6094,6096
s112343302067,s112343302076,1,6094,6101
s112343302068,s112343302072,1,6095,6097
s112343302068,s112343302077,1,6095,6102
s112343302068,s112343302078,1,6095,6103
s112343302070,s112343302067,1,6096,6094
s112343302070,s112343302073,1,6096,6098
s112343302070,s112343302077,1,6096,6102
s112343302070,s112343302078,1,6096,6103
s112343302072,s112343302066,1,6097,6093
s112343302072,s112343302068,1,6097,6095
s112343302072,s112343302075,1,6097,6100
s112343302072,s112343302078,1,6097,6103
s112343302073,s112343302076,1,6098,6101
s112343302073,s112343302077,1,6098,6102
s112343302073,s112343302078,1,6098,6103
s112343302074,s112343302068,1,6099,6095
s112343302074,s112343302075,1,6099,6100
s112343302074,s112343302078,1,6099,6103
s112343302075,s112343302061,1,6100,6088
s112343302075,s112343302066,1,6100,6093
s112343302075,s112343302068,1,6100,6095
s112343302075,s112343302073,1,6100,6098
s112343302076,s112343302059,1,6101,6086
s112343302076,s112343302065,1,6101,6092
s112343302076,s112343302066,1,6101,6093
s112343302076,s112343302077,1,6101,6102
s112343302076,s112343302078,1,6101,6103
s112343302077,s112343302059,1,6102,6086
s112343302077,s112343302073,1,6102,6098
s112343302077,s112343302076,1,6102,6101
s112343302077,s112343302078,1,6102,6103
s112343302078,s112343302067,1,6103,6094
s112343302078,s112343302073,1,6103,6098
s112343302078,s112343302076,1,6103,6101
s112343302078,s112343302077,1,6103,6102
s112343507026,s112343507029,1,6104,6105
s112343507035,s112343507037,1,6106,6107
s112343507035,s112343507041,1,6106,6111
s112343507037,s112343507035,1,6107,6106
s112343507037,s112343507042,1,6107,6112
s112343507038,s112343507029,1,6108,6105
s112343507038,s112343507040,1,6108,6110
s112343507040,s112343507038,1,6110,6108
s112343507040,s112343507042,1,6110,6112
s112343507041,s112343507035,1,6111,6106
s112343507041,s112343507037,1,6111,6107
s112343507041,s112343507042,1,6111,6112
s112343507042,s112343507035,1,6112,6106
s112343507042,s112343507037,1,6112,6107
s112343507042,s112343507041,1,6112,6111
s112343507045,s112343507047,1,6113,6114
s112343507045,s112343507053,1,6113,6117
s112343507045,s112343507055,1,6113,6119
s112343507047,s112343507045,1,6114,6113
s112343507047,s112343507048,1,6114,6115
s112343507047,s112343507053,1,6114,6117
s112343507047,s112343507055,1,6114,6119
s112343507047,s112343507060,1,6114,6121
s112343507048,s112343507047,1,6115,6114
s112343507048,s112343507049,1,6115,6116
s112343507048,s112343507054,1,6115,6118
s112343507048,s112343507057,1,6115,6120
s112343507049,s112343507045,1,6116,6113
s112343507049,s112343507047,1,6116,6114
s112343507049,s112343507048,1,6116,6115
s112343507049,s112343507053,1,6116,6117
s112343507053,s112343507045,1,6117,6113
s112343507053,s112343507047,1,6117,6114
s112343507053,s112343507054,1,6117,6118
s112343507053,s112343507055,1,6117,6119
s112343507053,s112343507060,1,6117,6121
s112343507054,s112343507045,1,6118,6113
s112343507054,s112343507053,1,6118,6117
s112343507054,s112343507057,1,6118,6120
s112343507054,s113343507004,1,6118,6126
s112343507055,s112343507045,1,6119,6113
s112343507055,s112343507047,1,6119,6114
s112343507055,s112343507048,1,6119,6115
s112343507055,s112343507049,1,6119,6116
s112343507055,s112343507060,1,6119,6121
s112343507057,s112343507054,1,6120,6118
s112343507057,s112343507062,1,6120,6123
s112343507057,s112343507063,1,6120,6124
s112343507057,s113343507004,1,6120,6126
s112343507060,s112343507045,1,6121,6113
s112343507060,s112343507047,1,6121,6114
s112343507060,s112343507053,1,6121,6117
s112343507060,s112343507055,1,6121,6119
s112343507061,s113343507004,1,6122,6126
s112343507062,s112343507054,1,6123,6118
s112343507062,s112343507057,1,6123,6120
s112343507062,s112343507061,1,6123,6122
s112343507062,s112343507063,1,6123,6124
s112343507062,s113343507004,1,6123,6126
s112343507063,s112343507057,1,6124,6120
s112343507063,s112343507062,1,6124,6123
s112353504024,s112353504033,1,6127,6134
s112353504024,s112353504036,1,6127,6136
s112353504025,s112353504026,1,6128,6129
s112353504025,s112353504028,1,6128,6131
s112353504025,s112353504049,1,6128,6148
s112353504026,s112353504025,1,6129,6128
s112353504026,s112353504028,1,6129,6131
s112353504026,s112353504030,1,6129,6132
s112353504026,s112353504034,1,6129,6135
s112353504027,s112353504033,1,6130,6134
s112353504027,s112353504036,1,6130,6136
s112353504028,s112353504025,1,6131,6128
s112353504028,s112353504026,1,6131,6129
s112353504028,s112353504033,1,6131,6134
s112353504028,s112353504036,1,6131,6136
s112353504030,s112353504031,1,6132,6133
s112353504030,s112353504042,1,6132,6142
s112353504030,s112353504043,1,6132,6143
s112353504030,s112353504047,1,6132,6146
s112353504030,s112353504051,1,6132,6149
s112353504031,s112353504030,1,6133,6132
s112353504031,s112353504042,1,6133,6142
s112353504031,s112353504043,1,6133,6143
s112353504031,s112353504047,1,6133,6146
s112353504031,s112353504051,1,6133,6149
s112353504033,s112353504024,1,6134,6127
s112353504033,s112353504034,1,6134,6135
s112353504033,s112353504036,1,6134,6136
s112353504033,s112353504037,1,6134,6137
s112353504033,s112353504047,1,6134,6146
s112353504034,s112353504025,1,6135,6128
s112353504034,s112353504026,1,6135,6129
s112353504034,s112353504027,1,6135,6130
s112353504034,s112353504033,1,6135,6134
s112353504034,s112353504036,1,6135,6136
s112353504036,s112353504024,1,6136,6127
s112353504036,s112353504026,1,6136,6129
s112353504036,s112353504027,1,6136,6130
s112353504036,s112353504028,1,6136,6131
s112353504036,s112353504033,1,6136,6134
s112353504037,s112353504033,1,6137,6134
s112353504037,s112353504036,1,6137,6136
s112353504037,s112353504040,1,6137,6140
s112353504037,s112353504042,1,6137,6142
s112353504037,s112353504051,1,6137,6149
s112353504038,s112353504041,1,6138,6141
s112353504038,s112353504042,1,6138,6142
s112353504038,s112353504043,1,6138,6143
s112353504038,s112353504045,1,6138,6144
s112353504038,s112353504047,1,6138,6146
s112353504039,s112353504037,1,6139,6137
s112353504039,s112353504042,1,6139,6142
s112353504039,s112353504049,1,6139,6148
s112353504040,s112353504037,1,6140,6137
s112353504040,s112353504038,1,6140,6138
s112353504040,s112353504041,1,6140,6141
s112353504040,s112353504042,1,6140,6142
s112353504040,s112353504043,1,6140,6143
s112353504041,s112353504045,1,6141,6144
s112353504041,s112353504046,1,6141,6145
s112353504041,s112353504049,1,6141,6148
s112353504041,s112353504051,1,6141,6149
s112353504041,s112353504052,1,6141,6150
s112353504042,s112353504040,1,6142,6140
s112353504042,s112353504049,1,6142,6148
s112353504043,s112353504038,1,6143,6138
s112353504043,s112353504041,1,6143,6141
s112353504043,s112353504045,1,6143,6144
s112353504043,s112353504047,1,6143,6146
s112353504043,s112353504051,1,6143,6149
s112353504045,s112353504041,1,6144,6141
s112353504045,s112353504043,1,6144,6143
s112353504045,s112353504047,1,6144,6146
s112353504045,s112353504049,1,6144,6148
s112353504046,s112353504033,1,6145,6134
s112353504046,s112353504034,1,6145,6135
s112353504046,s112353504047,1,6145,6146
s112353504047,s112353504026,1,6146,6129
s112353504047,s112353504030,1,6146,6132
s112353504047,s112353504033,1,6146,6134
s112353504047,s112353504046,1,6146,6145
s112353504047,s112353504049,1,6146,6148
s112353504048,s112353504042,1,6147,6142
s112353504048,s112353504051,1,6147,6149
s112353504049,s112353504041,1,6148,6141
s112353504049,s112353504042,1,6148,6142
s112353504049,s112353504043,1,6148,6143
s112353504049,s112353504047,1,6148,6146
s112353504051,s112353504030,1,6149,6132
s112353504051,s112353504031,1,6149,6133
s112353504051,s112353504043,1,6149,6143
s112353504051,s112353504045,1,6149,6144
s112353504051,s112353504047,1,6149,6146
s112353504052,s112353504041,1,6150,6141
s112353504052,s112353504047,1,6150,6146
s112353504052,s112353504049,1,6150,6148
s112353504056,s112353504065,1,6151,6160
s112353504056,s112353504067,1,6151,6162
s112353504056,s112353504080,1,6151,6173
s112353504057,s112353504060,1,6152,6155
s112353504057,s112353504063,1,6152,6158
s112353504057,s112353504066,1,6152,6161
s112353504058,s112353504060,1,6153,6155
s112353504058,s112353504063,1,6153,6158
s112353504058,s112353504065,1,6153,6160
s112353504058,s112353504066,1,6153,6161
s112353504058,s112353504076,1,6153,6170
s112353504059,s112353504056,1,6154,6151
s112353504059,s112353504064,1,6154,6159
s112353504059,s112353504068,1,6154,6163
s112353504059,s112353504076,1,6154,6170
s112353504060,s112353504061,1,6155,6156
s112353504060,s112353504062,1,6155,6157
s112353504060,s112353504063,1,6155,6158
s112353504060,s112353504066,1,6155,6161
s112353504061,s112353504060,1,6156,6155
s112353504061,s112353504070,1,6156,6165
s112353504061,s112353504072,1,6156,6167
s112353504061,s112353504076,1,6156,6170
s112353504062,s112353504057,1,6157,6152
s112353504062,s112353504060,1,6157,6155
s112353504062,s112353504061,1,6157,6156
s112353504062,s112353504069,1,6157,6164
s112353504063,s112353504057,1,6158,6152
s112353504063,s112353504058,1,6158,6153
s112353504063,s112353504061,1,6158,6156
s112353504063,s112353504062,1,6158,6157
s112353504064,s112353504059,1,6159,6154
s112353504064,s112353504074,1,6159,6168
s112353504065,s112353504056,1,6160,6151
s112353504065,s112353504067,1,6160,6162
s112353504065,s112353504074,1,6160,6168
s112353504065,s112353504076,1,6160,6170
s112353504066,s112353504060,1,6161,6155
s112353504066,s112353504062,1,6161,6157
s112353504067,s112353504056,1,6162,6151
s112353504067,s112353504065,1,6162,6160
s112353504068,s112353504069,1,6163,6164
s112353504068,s112353504070,1,6163,6165
s112353504068,s112353504075,1,6163,6169
s112353504068,s112353504076,1,6163,6170
s112353504068,s112353504080,1,6163,6173
s112353504069,s112353504064,1,6164,6159
s112353504069,s112353504072,1,6164,6167
s112353504069,s112353504074,1,6164,6168
s112353504069,s112353504075,1,6164,6169
s112353504069,s112353504076,1,6164,6170
s112353504070,s112353504068,1,6165,6163
s112353504070,s112353504069,1,6165,6164
s112353504070,s112353504076,1,6165,6170
s112353504072,s112353504061,1,6167,6156
s112353504072,s112353504074,1,6167,6168
s112353504072,s112353504076,1,6167,6170
s112353504072,s112353504080,1,6167,6173
s112353504074,s112353504063,1,6168,6158
s112353504074,s112353504072,1,6168,6167
s112353504074,s112353504075,1,6168,6169
s112353504074,s112353504076,1,6168,6170
s112353504074,s112353504080,1,6168,6173
s112353504075,s112353504068,1,6169,6163
s112353504075,s112353504069,1,6169,6164
s112353504075,s112353504074,1,6169,6168
s112353504075,s112353504076,1,6169,6170
s112353504075,s112353504080,1,6169,6173
s112353504076,s112353504068,1,6170,6163
s112353504076,s112353504072,1,6170,6167
s112353504076,s112353504074,1,6170,6168
s112353504076,s112353504075,1,6170,6169
s112353504076,s112353504080,1,6170,6173
s112353504077,s112353504072,1,6171,6167
s112353504077,s112353504074,1,6171,6168
s112353504077,s112353504075,1,6171,6169
s112353504077,s112353504076,1,6171,6170
s112353504077,s112353504080,1,6171,6173
s112353504078,s112353504071,1,6172,6166
s112353504078,s112353504080,1,6172,6173
s112353504080,s112353504072,1,6173,6167
s112353504080,s112353504074,1,6173,6168
s112353504080,s112353504075,1,6173,6169
s112353504080,s112353504076,1,6173,6170
s112353505025,s112353505024,1,6175,6174
s112353505025,s112353505031,1,6175,6180
s112353505025,s112353505033,1,6175,6182
s112353505025,s112353505037,1,6175,6186
s112353505025,s112353505038,1,6175,6187
s112353505026,s112353505024,1,6176,6174
s112353505026,s112353505025,1,6176,6175
s112353505026,s112353505036,1,6176,6185
s112353505026,s112353505038,1,6176,6187
s112353505026,s112353505043,1,6176,6191
s112353505027,s112353505032,1,6177,6181
s112353505027,s112353505033,1,6177,6182
s112353505027,s112353505038,1,6177,6187
s112353505027,s112353505048,1,6177,6195
s112353505027,s112353505056,1,6177,6199
s112353505028,s112353505029,1,6178,6179
s112353505028,s112353505032,1,6178,6181
s112353505028,s112353505033,1,6178,6182
s112353505028,s112353505037,1,6178,6186
s112353505028,s112353505052,1,6178,6198
s112353505029,s112353505024,1,6179,6174
s112353505029,s112353505025,1,6179,6175
s112353505029,s112353505028,1,6179,6178
s112353505029,s112353505031,1,6179,6180
s112353505029,s112353505037,1,6179,6186
s112353505031,s112353505026,1,6180,6176
s112353505031,s112353505029,1,6180,6179
s112353505031,s112353505033,1,6180,6182
s112353505031,s112353505034,1,6180,6183
s112353505031,s112353505036,1,6180,6185
s112353505032,s112353505025,1,6181,6175
s112353505032,s112353505027,1,6181,6177
s112353505032,s112353505028,1,6181,6178
s112353505032,s112353505038,1,6181,6187
s112353505032,s112353505052,1,6181,6198
s112353505033,s112353505024,1,6182,6174
s112353505033,s112353505025,1,6182,6175
s112353505033,s112353505031,1,6182,6180
s112353505033,s112353505043,1,6182,6191
s112353505033,s112353505056,1,6182,6199
s112353505034,s112353505026,1,6183,6176
s112353505034,s112353505031,1,6183,6180
s112353505034,s112353505033,1,6183,6182
s112353505034,s112353505036,1,6183,6185
s112353505034,s112353505043,1,6183,6191
s112353505035,s112353505027,1,6184,6177
s112353505035,s112353505036,1,6184,6185
s112353505036,s112353505026,1,6185,6176
s112353505036,s112353505031,1,6185,6180
s112353505036,s112353505034,1,6185,6183
s112353505036,s112353505043,1,6185,6191
s112353505036,s112353505048,1,6185,6195
s112353505037,s112353505027,1,6186,6177
s112353505037,s112353505028,1,6186,6178
s112353505037,s112353505031,1,6186,6180
s112353505037,s112353505033,1,6186,6182
s112353505037,s112353505036,1,6186,6185
s112353505038,s112353505024,1,6187,6174
s112353505038,s112353505025,1,6187,6175
s112353505038,s112353505027,1,6187,6177
s112353505038,s112353505032,1,6187,6181
s112353505038,s112353505033,1,6187,6182
s112353505040,s112353505042,1,6188,6190
s112353505041,s112353505040,1,6189,6188
s112353505041,s112353505049,1,6189,6196
s112353505041,s112353505050,1,6189,6197
s112353505041,s112353505052,1,6189,6198
s112353505042,s112353505040,1,6190,6188
s112353505042,s112353505044,1,6190,6192
s112353505043,s112353505024,1,6191,6174
s112353505043,s112353505026,1,6191,6176
s112353505043,s112353505034,1,6191,6183
s112353505043,s112353505036,1,6191,6185
s112353505043,s112353505048,1,6191,6195
s112353505045,s112353505040,1,6193,6188
s112353505045,s112353505044,1,6193,6192
s112353505045,s112353505047,1,6193,6194
s112353505047,s112353505028,1,6194,6178
s112353505047,s112353505041,1,6194,6189
s112353505047,s112353505044,1,6194,6192
s112353505047,s112353505048,1,6194,6195
s112353505047,s112353505049,1,6194,6196
s112353505048,s112353505043,1,6195,6191
s112353505048,s112353505044,1,6195,6192
s112353505048,s112353505045,1,6195,6193
s112353505048,s112353505047,1,6195,6194
s112353505048,s112353505049,1,6195,6196
s112353505049,s112353505042,1,6196,6190
s112353505049,s112353505047,1,6196,6194
s112353505049,s112353505048,1,6196,6195
s112353505050,s112353505028,1,6197,6178
s112353505050,s112353505032,1,6197,6181
s112353505050,s112353505038,1,6197,6187
s112353505050,s112353505041,1,6197,6189
s112353505050,s112353505052,1,6197,6198
s112353505052,s112353505027,1,6198,6177
s112353505052,s112353505028,1,6198,6178
s112353505052,s112353505032,1,6198,6181
s112353505052,s112353505038,1,6198,6187
s112353505052,s112353505041,1,6198,6189
s112353505056,s112353505028,1,6199,6178
s112353505056,s112353505029,1,6199,6179
s112353505056,s112353505033,1,6199,6182
s112353505056,s112353505037,1,6199,6186
s112353505056,s112353505045,1,6199,6193
s112353505059,s112353505065,1,6200,6205
s112353505059,s112353505066,1,6200,6206
s112353505059,s112353505067,1,6200,6207
s112353505059,s112353505070,1,6200,6210
s112353505060,s112353505062,1,6201,6203
s112353505060,s112353505067,1,6201,6207
s112353505062,s112353505060,1,6203,6201
s112353505062,s112353505061,1,6203,6202
s112353505062,s112353505067,1,6203,6207
s112353505062,s112353505084,1,6203,6216
s112353505064,s112353505066,1,6204,6206
s112353505064,s112353505068,1,6204,6208
s112353505065,s112353505059,1,6205,6200
s112353505065,s112353505066,1,6205,6206
s112353505065,s112353505067,1,6205,6207
s112353505065,s112353505070,1,6205,6210
s112353505066,s112353505064,1,6206,6204
s112353505066,s112353505065,1,6206,6205
s112353505066,s112353505068,1,6206,6208
s112353505066,s112353505069,1,6206,6209
s112353505067,s112353505060,1,6207,6201
s112353505067,s112353505062,1,6207,6203
s112353505068,s112353505064,1,6208,6204
s112353505068,s112353505066,1,6208,6206
s112353505069,s112353505061,1,6209,6202
s112353505069,s112353505062,1,6209,6203
s112353505070,s112353505065,1,6210,6205
s112353505070,s112353505067,1,6210,6207
s112353505077,s112353505078,1,6211,6212
s112353505077,s112353505081,1,6211,6213
s112353505077,s112353505084,1,6211,6216
s112353505077,s112353505086,1,6211,6218
s112353505077,s112353505087,1,6211,6219
s112353505078,s112353505077,1,6212,6211
s112353505078,s112353505081,1,6212,6213
s112353505078,s112353505084,1,6212,6216
s112353505078,s112353505086,1,6212,6218
s112353505078,s112353505087,1,6212,6219
s112353505081,s112353505077,1,6213,6211
s112353505081,s112353505078,1,6213,6212
s112353505081,s112353505084,1,6213,6216
s112353505081,s112353505087,1,6213,6219
s112353505082,s112353505077,1,6214,6211
s112353505082,s112353505084,1,6214,6216
s112353505082,s112353505086,1,6214,6218
s112353505082,s112353505087,1,6214,6219
s112353505084,s112353505062,1,6216,6203
s112353505084,s112353505067,1,6216,6207
s112353505084,s112353505082,1,6216,6214
s112353505084,s112353505086,1,6216,6218
s112353505084,s112353505087,1,6216,6219
s112353505085,s112353505067,1,6217,6207
s112353505085,s112353505078,1,6217,6212
s112353505085,s112353505084,1,6217,6216
s112353505085,s112353505086,1,6217,6218
s112353505085,s112353505087,1,6217,6219
s112353505086,s112353505082,1,6218,6214
s112353505086,s112353505084,1,6218,6216
s112353505086,s112353505087,1,6218,6219
s112353505087,s112353505078,1,6219,6212
s112353505087,s112353505081,1,6219,6213
s112353505087,s112353505082,1,6219,6214
s112353505087,s112353505084,1,6219,6216
s112353505087,s112353505086,1,6219,6218
s112363501024,s112363501028,1,6220,6223
s112363501024,s112363501039,1,6220,6231
s112363501024,s112363501042,1,6220,6234
s112363501025,s112363501027,1,6221,6222
s112363501025,s112363501034,1,6221,6227
s112363501027,s112363501025,1,6222,6221
s112363501027,s112363501034,1,6222,6227
s112363501032,s112363501033,1,6225,6226
s112363501032,s112363501034,1,6225,6227
s112363501032,s112363501044,1,6225,6236
s112363501032,s112363501047,1,6225,6238
s112363501033,s112363501032,1,6226,6225
s112363501033,s112363501034,1,6226,6227
s112363501033,s112363501035,1,6226,6228
s112363501034,s112363501025,1,6227,6221
s112363501034,s112363501027,1,6227,6222
s112363501034,s112363501041,1,6227,6233
s112363501034,s112363501048,1,6227,6239
s112363501036,s112363501039,1,6229,6231
s112363501036,s112363501041,1,6229,6233
s112363501036,s112363501042,1,6229,6234
s112363501036,s113363501003,1,6229,6240
s112363501038,s112363501039,1,6230,6231
s112363501038,s112363501041,1,6230,6233
s112363501038,s112363501048,1,6230,6239
s112363501038,s113363501003,1,6230,6240
s112363501039,s112363501024,1,6231,6220
s112363501039,s112363501036,1,6231,6229
s112363501039,s112363501041,1,6231,6233
s112363501039,s112363501042,1,6231,6234
s112363501040,s112363501041,1,6232,6233
s112363501040,s112363501043,1,6232,6235
s112363501040,s112363501044,1,6232,6236
s112363501040,s112363501048,1,6232,6239
s112363501041,s112363501039,1,6233,6231
s112363501041,s112363501040,1,6233,6232
s112363501041,s112363501042,1,6233,6234
s112363501041,s112363501047,1,6233,6238
s112363501041,s112363501048,1,6233,6239
s112363501042,s112363501024,1,6234,6220
s112363501042,s112363501036,1,6234,6229
s112363501042,s112363501039,1,6234,6231
s112363501042,s112363501041,1,6234,6233
s112363501043,s112363501040,1,6235,6232
s112363501043,s112363501044,1,6235,6236
s112363501043,s112363501047,1,6235,6238
s112363501043,s112363501048,1,6235,6239
s112363501044,s112363501040,1,6236,6232
s112363501044,s112363501043,1,6236,6235
s112363501044,s112363501047,1,6236,6238
s112363501044,s112363501048,1,6236,6239
s112363501046,s112363501035,1,6237,6228
s112363501046,s112363501041,1,6237,6233
s112363501046,s112363501044,1,6237,6236
s112363501046,s112363501047,1,6237,6238
s112363501047,s112363501040,1,6238,6232
s112363501047,s112363501041,1,6238,6233
s112363501047,s112363501043,1,6238,6235
s112363501047,s112363501044,1,6238,6236
s112363501047,s112363501048,1,6238,6239
s112363501052,s112363501053,1,6241,6242
s112363501052,s112363501055,1,6241,6244
s112363501052,s112363501057,1,6241,6246
s112363501052,s112363501067,1,6241,6254
s112363501052,s113363501005,1,6241,6261
s112363501053,s112363501052,1,6242,6241
s112363501053,s112363501054,1,6242,6243
s112363501053,s112363501057,1,6242,6246
s112363501053,s112363501070,1,6242,6257
s112363501053,s113363501005,1,6242,6261
s112363501054,s112363501053,1,6243,6242
s112363501054,s112363501055,1,6243,6244
s112363501054,s112363501056,1,6243,6245
s112363501054,s112363501066,1,6243,6253
s112363501055,s112363501052,1,6244,6241
s112363501055,s112363501053,1,6244,6242
s112363501055,s112363501057,1,6244,6246
s112363501055,s113363501005,1,6244,6261
s112363501056,s112363501054,1,6245,6243
s112363501056,s112363501057,1,6245,6246
s112363501056,s112363501070,1,6245,6257
s112363501057,s112363501052,1,6246,6241
s112363501057,s112363501053,1,6246,6242
s112363501057,s112363501055,1,6246,6244
s112363501057,s112363501064,1,6246,6251
s112363501062,s112363501067,1,6249,6254
s112363501062,s112363501069,1,6249,6256
s112363501062,s112363501070,1,6249,6257
s112363501062,s112363501072,1,6249,6259
s112363501062,s113363501005,1,6249,6261
s112363501063,s112363501062,1,6250,6249
s112363501063,s112363501065,1,6250,6252
s112363501063,s112363501069,1,6250,6256
s112363501063,s112363501070,1,6250,6257
s112363501064,s112363501055,1,6251,6244
s112363501064,s112363501057,1,6251,6246
s112363501065,s112363501066,1,6252,6253
s112363501065,s112363501069,1,6252,6256
s112363501065,s112363501071,1,6252,6258
s112363501065,s113363501006,1,6252,6262
s112363501066,s112363501053,1,6253,6242
s112363501066,s112363501056,1,6253,6245
s112363501066,s112363501065,1,6253,6252
s112363501066,s112363501068,1,6253,6255
s112363501067,s112363501052,1,6254,6241
s112363501067,s112363501062,1,6254,6249
s112363501067,s112363501068,1,6254,6255
s112363501067,s112363501070,1,6254,6257
s112363501067,s112363501072,1,6254,6259
s112363501068,s112363501063,1,6255,6250
s112363501068,s112363501066,1,6255,6253
s112363501068,s112363501067,1,6255,6254
s112363501068,s112363501069,1,6255,6256
s112363501069,s112363501059,1,6256,6247
s112363501069,s112363501062,1,6256,6249
s112363501069,s112363501070,1,6256,6257
s112363501069,s112363501072,1,6256,6259
s112363501070,s112363501062,1,6257,6249
s112363501070,s112363501067,1,6257,6254
s112363501070,s112363501069,1,6257,6256
s112363501070,s112363501072,1,6257,6259
s112363501071,s112363501072,1,6258,6259
s112363501072,s112363501059,1,6259,6247
s112363501072,s112363501062,1,6259,6249
s112363501072,s112363501069,1,6259,6256
s112363501072,s112363501070,1,6259,6257
s112381301028,s112381301060,1,6272,6277
s112381301050,s112381301058,1,6274,6276
s112381301050,s112381301060,1,6274,6277
s112381301058,s112381301056,1,6276,6275
s112381301060,s112381301050,1,6277,6274
s112381301070,s112381301086,1,6264,6267
s112381301086,s112381301070,1,6267,6264
s112381301086,s112381301087,1,6267,6268
s112381301097,s112381301105,1,6269,6270
s112381301105,s112381301097,1,6270,6269
s112381301106,s112381301097,1,6271,6269
s112383501040,s112383501046,1,6279,6282
s112383501042,s112383501044,1,6280,6281
s112383501044,s112383501046,1,6281,6282
s112383501046,s112383501040,1,6282,6279
s112383501046,s112383501044,1,6282,6281
s112383501049,s112383501032,1,6283,6278
s112383501071,s112383501077,1,6287,6289
s112383501077,s112383501071,1,6289,6287
s112403501025,s112403501027,1,6290,6292
s112403501026,s112403501027,1,6291,6292
s112403501026,s112403501031,1,6291,6293
s112403501026,s112403501036,1,6291,6296
s112403501026,s112403501040,1,6291,6299
s112403501026,s113403501004,1,6291,6302
s112403501027,s112403501025,1,6292,6290
s112403501027,s112403501031,1,6292,6293
s112403501027,s112403501042,1,6292,6301
s112403501031,s112403501025,1,6293,6290
s112403501031,s112403501027,1,6293,6292
s112403501033,s112403501027,1,6294,6292
s112403501033,s112403501042,1,6294,6301
s112403501034,s112403501025,1,6295,6290
s112403501034,s112403501027,1,6295,6292
s112403501036,s112403501034,1,6296,6295
s112403501036,s112403501041,1,6296,6300
s112403501038,s112403501027,1,6297,6292
s112403501038,s112403501033,1,6297,6294
s112403501038,s112403501039,1,6297,6298
s112403501038,s112403501040,1,6297,6299
s112403501039,s112403501033,1,6298,6294
s112403501039,s112403501034,1,6298,6295
s112403501039,s112403501041,1,6298,6300
s112403501040,s112403501033,1,6299,6294
s112403501040,s112403501034,1,6299,6295
s112403501040,s112403501038,1,6299,6297
s112403501041,s112403501033,1,6300,6294
s112403501041,s112403501034,1,6300,6295
s112403501041,s112403501039,1,6300,6298
s112403501041,s112403501042,1,6300,6301
s112403501042,s112403501033,1,6301,6294
s112403501042,s112403501034,1,6301,6295
s112403501042,s112403501041,1,6301,6300
s112403501049,s112403501050,1,6303,6304
s112403501049,s112403501057,1,6303,6305
s112403501050,s112403501049,1,6304,6303
s112403501050,s112403501057,1,6304,6305
s112403501057,s112403501061,1,6305,6308
s112403501057,s112403501067,1,6305,6311
s112403501059,s112403501060,1,6306,6307
s112403501059,s112403501061,1,6306,6308
s112403501060,s112403501059,1,6307,6306
s112403501060,s112403501061,1,6307,6308
s112403501060,s112403501067,1,6307,6311
s112403501061,s112403501059,1,6308,6306
s112403501061,s112403501060,1,6308,6307
s112403501061,s112403501063,1,6308,6310
s112403501061,s112403501067,1,6308,6311
s112403501062,s112403501068,1,6309,6312
s112403501063,s112403501059,1,6310,6306
s112403501063,s112403501061,1,6310,6308
s112403501063,s112403501067,1,6310,6311
s112403501067,s112403501057,1,6311,6305
s112403501067,s112403501059,1,6311,6306
s112403501067,s112403501060,1,6311,6307
s112403501067,s112403501061,1,6311,6308
s112403501067,s112403501063,1,6311,6310
s112403501068,s112403501062,1,6312,6309
s112403502024,s112403502027,1,6313,6316
s112403502024,s112403502029,1,6313,6317
s112403502024,s112403502033,1,6313,6320
s112403502025,s112403502030,1,6314,6318
s112403502025,s112403502032,1,6314,6319
s112403502026,s112403502042,1,6315,6325
s112403502026,s112403502047,1,6315,6327
s112403502026,s112403502051,1,6315,6331
s112403502027,s112403502024,1,6316,6313
s112403502027,s112403502029,1,6316,6317
s112403502027,s112403502033,1,6316,6320
s112403502027,s112403502034,1,6316,6321
s112403502029,s112403502024,1,6317,6313
s112403502029,s112403502027,1,6317,6316
s112403502029,s112403502033,1,6317,6320
s112403502029,s112403502034,1,6317,6321
s112403502032,s112403502025,1,6319,6314
s112403502032,s112403502026,1,6319,6315
s112403502033,s112403502024,1,6320,6313
s112403502033,s112403502027,1,6320,6316
s112403502033,s112403502029,1,6320,6317
s112403502033,s112403502034,1,6320,6321
s112403502034,s112403502024,1,6321,6313
s112403502034,s112403502027,1,6321,6316
s112403502034,s112403502029,1,6321,6317
s112403502034,s112403502033,1,6321,6320
s112403502036,s112403502033,1,6322,6320
s112403502036,s112403502048,1,6322,6328
s112403502036,s112403502049,1,6322,6329
s112403502037,s112403502032,1,6323,6319
s112403502037,s112403502040,1,6323,6324
s112403502037,s112403502050,1,6323,6330
s112403502037,s112403502051,1,6323,6331
s112403502040,s112403502037,1,6324,6323
s112403502042,s112403502026,1,6325,6315
s112403502042,s112403502051,1,6325,6331
s112403502046,s112403502047,1,6326,6327
s112403502046,s112403502049,1,6326,6329
s112403502047,s112403502026,1,6327,6315
s112403502047,s112403502049,1,6327,6329
s112403502049,s112403502046,1,6329,6326
s112403502049,s112403502047,1,6329,6327
s112403502051,s112403502036,1,6331,6322
s112403502051,s112403502040,1,6331,6324
s112403502051,s112403502042,1,6331,6325
s112403502051,s112403502048,1,6331,6328
s112403502055,s112403502056,1,6332,6333
s112403502055,s112403502058,1,6332,6334
s112403502055,s112403502060,1,6332,6335
s112403502055,s112403502065,1,6332,6338
s112403502056,s112403502060,1,6333,6335
s112403502056,s112403502061,1,6333,6336
s112403502056,s112403502073,1,6333,6345
s112403502056,s112403502081,1,6333,6352
s112403502058,s112403502055,1,6334,6332
s112403502058,s112403502066,1,6334,6339
s112403502060,s112403502055,1,6335,6332
s112403502060,s112403502056,1,6335,6333
s112403502060,s112403502061,1,6335,6336
s112403502060,s112403502065,1,6335,6338
s112403502061,s112403502055,1,6336,6332
s112403502061,s112403502056,1,6336,6333
s112403502061,s112403502060,1,6336,6335
s112403502061,s112403502065,1,6336,6338
s112403502063,s112403502066,1,6337,6339
s112403502063,s112403502081,1,6337,6352
s112403502065,s112403502060,1,6338,6335
s112403502065,s112403502061,1,6338,6336
s112403502065,s112403502081,1,6338,6352
s112403502066,s112403502058,1,6339,6334
s112403502068,s112403502076,1,6340,6348
s112403502068,s112403502081,1,6340,6352
s112403502069,s112403502070,1,6341,6342
s112403502069,s112403502076,1,6341,6348
s112403502069,s112403502078,1,6341,6350
s112403502069,s112403502081,1,6341,6352
s112403502069,s112403502083,1,6341,6354
s112403502070,s112403502069,1,6342,6341
s112403502070,s112403502071,1,6342,6343
s112403502070,s112403502078,1,6342,6350
s112403502070,s112403502083,1,6342,6354
s112403502071,s112403502069,1,6343,6341
s112403502071,s112403502070,1,6343,6342
s112403502071,s112403502078,1,6343,6350
s112403502073,s112403502056,1,6345,6333
s112403502073,s112403502068,1,6345,6340
s112403502073,s112403502070,1,6345,6342
s112403502073,s112403502071,1,6345,6343
s112403502074,s112403502073,1,6346,6345
s112403502074,s112403502077,1,6346,6349
s112403502074,s112403502078,1,6346,6350
s112403502074,s112403502080,1,6346,6351
s112403502074,s112403502082,1,6346,6353
s112403502075,s112403502056,1,6347,6333
s112403502076,s112403502069,1,6348,6341
s112403502076,s112403502078,1,6348,6350
s112403502076,s112403502081,1,6348,6352
s112403502076,s112403502083,1,6348,6354
s112403502077,s112403502072,1,6349,6344
s112403502077,s112403502074,1,6349,6346
s112403502077,s112403502078,1,6349,6350
s112403502077,s112403502080,1,6349,6351
s112403502078,s112403502069,1,6350,6341
s112403502078,s112403502070,1,6350,6342
s112403502078,s112403502077,1,6350,6349
s112403502078,s112403502083,1,6350,6354
s112403502080,s112403502076,1,6351,6348
s112403502080,s112403502082,1,6351,6353
s112403502081,s112403502058,1,6352,6334
s112403502081,s112403502068,1,6352,6340
s112403502081,s112403502070,1,6352,6342
s112403502081,s112403502076,1,6352,6348
s112403502082,s112403502076,1,6353,6348
s112403502082,s112403502080,1,6353,6351
s112403502083,s112403502069,1,6354,6341
s112403502083,s112403502070,1,6354,6342
s112403502083,s112403502078,1,6354,6350
s112411303024,s112411303025,1,6355,6356
s112411303024,s112411303039,1,6355,6365
s112411303025,s112411303024,1,6356,6355
s112411303025,s112411303032,1,6356,6362
s112411303027,s112411303030,1,6357,6360
s112411303027,s112411303032,1,6357,6362
s112411303027,s112411303034,1,6357,6363
s112411303027,s112411303035,1,6357,6364
s112411303028,s112411303027,1,6358,6357
s112411303028,s112411303030,1,6358,6360
s112411303028,s112411303034,1,6358,6363
s112411303028,s112411303053,1,6358,6376
s112411303029,s112411303027,1,6359,6357
s112411303029,s112411303031,1,6359,6361
s112411303029,s112411303034,1,6359,6363
s112411303029,s112411303039,1,6359,6365
s112411303030,s112411303027,1,6360,6357
s112411303030,s112411303028,1,6360,6358
s112411303031,s112411303029,1,6361,6359
s112411303031,s112411303032,1,6361,6362
s112411303031,s112411303039,1,6361,6365
s112411303032,s112411303024,1,6362,6355
s112411303032,s112411303029,1,6362,6359
s112411303032,s112411303034,1,6362,6363
s112411303032,s112411303035,1,6362,6364
s112411303034,s112411303027,1,6363,6357
s112411303034,s112411303029,1,6363,6359
s112411303034,s112411303052,1,6363,6375
s112411303035,s112411303027,1,6364,6357
s112411303035,s112411303032,1,6364,6362
s112411303035,s112411303053,1,6364,6376
s112411303039,s112411303024,1,6365,6355
s112411303039,s112411303029,1,6365,6359
s112411303039,s112411303045,1,6365,6371
s112411303039,s112411303052,1,6365,6375
s112411303039,s112411303065,1,6365,6384
s112411303040,s112411303041,1,6366,6367
s112411303040,s112411303045,1,6366,6371
s112411303040,s112411303055,1,6366,6377
s112411303040,s112411303056,1,6366,6378
s112411303040,s112411303063,1,6366,6382
s112411303042,s112411303041,1,6368,6367
s112411303042,s112411303053,1,6368,6376
s112411303043,s112411303041,1,6369,6367
s112411303043,s112411303052,1,6369,6375
s112411303043,s112411303059,1,6369,6379
s112411303044,s112411303045,1,6370,6371
s112411303044,s112411303047,1,6370,6373
s112411303044,s112411303055,1,6370,6377
s112411303045,s112411303040,1,6371,6366
s112411303045,s112411303042,1,6371,6368
s112411303045,s112411303055,1,6371,6377
s112411303045,s112411303060,1,6371,6380
s112411303045,s112411303063,1,6371,6382
s112411303046,s112411303029,1,6372,6359
s112411303046,s112411303043,1,6372,6369
s112411303047,s112411303065,1,6373,6384
s112411303051,s112411303044,1,6374,6370
s112411303051,s112411303045,1,6374,6371
s112411303051,s112411303055,1,6374,6377
s112411303051,s112411303066,1,6374,6385
s112411303052,s112411303025,1,6375,6356
s112411303052,s112411303032,1,6375,6362
s112411303052,s112411303039,1,6375,6365
s112411303053,s112411303028,1,6376,6358
s112411303053,s112411303030,1,6376,6360
s112411303053,s112411303032,1,6376,6362
s112411303053,s112411303035,1,6376,6364
s112411303055,s112411303045,1,6377,6371
s112411303056,s112411303040,1,6378,6366
s112411303056,s112411303041,1,6378,6367
s112411303056,s112411303042,1,6378,6368
s112411303056,s112411303043,1,6378,6369
s112411303056,s112411303055,1,6378,6377
s112411303059,s112411303060,1,6379,6380
s112411303060,s112411303039,1,6380,6365
s112411303060,s112411303041,1,6380,6367
s112411303060,s112411303045,1,6380,6371
s112411303060,s112411303059,1,6380,6379
s112411303062,s112411303042,1,6381,6368
s112411303062,s112411303063,1,6381,6382
s112411303062,s112411303066,1,6381,6385
s112411303063,s112411303040,1,6382,6366
s112411303063,s112411303045,1,6382,6371
s112411303063,s112411303066,1,6382,6385
s112411303064,s112411303043,1,6383,6369
s112411303064,s112411303056,1,6383,6378
s112411303064,s112411303059,1,6383,6379
s112411303065,s112411303047,1,6384,6373
s112411303065,s112411303066,1,6384,6385
s112411303066,s112411303063,1,6385,6382
s112411303066,s112411303065,1,6385,6384
s112411303071,s112411303076,1,6386,6389
s112411303071,s112411303078,1,6386,6391
s112411303071,s112411303079,1,6386,6392
s112411303071,s112411303083,1,6386,6396
s112411303071,s112411303087,1,6386,6397
s112411303073,s112411303074,1,6387,6388
s112411303073,s112411303077,1,6387,6390
s112411303073,s112411303080,1,6387,6393
s112411303073,s112411303082,1,6387,6395
s112411303073,s112411303105,1,6387,6410
s112411303074,s112411303073,1,6388,6387
s112411303074,s112411303077,1,6388,6390
s112411303076,s112411303077,1,6389,6390
s112411303076,s112411303079,1,6389,6392
s112411303076,s112411303083,1,6389,6396
s112411303076,s112411303087,1,6389,6397
s112411303077,s112411303073,1,6390,6387
s112411303077,s112411303074,1,6390,6388
s112411303077,s112411303076,1,6390,6389
s112411303077,s112411303080,1,6390,6393
s112411303078,s112411303071,1,6391,6386
s112411303078,s112411303076,1,6391,6389
s112411303078,s112411303079,1,6391,6392
s112411303078,s112411303083,1,6391,6396
s112411303078,s112411303087,1,6391,6397
s112411303079,s112411303076,1,6392,6389
s112411303080,s112411303073,1,6393,6387
s112411303080,s112411303074,1,6393,6388
s112411303080,s112411303077,1,6393,6390
s112411303080,s112411303082,1,6393,6395
s112411303081,s112411303071,1,6394,6386
s112411303081,s112411303073,1,6394,6387
s112411303081,s112411303074,1,6394,6388
s112411303081,s112411303077,1,6394,6390
s112411303081,s112411303078,1,6394,6391
s112411303082,s112411303074,1,6395,6388
s112411303082,s112411303080,1,6395,6393
s112411303083,s112411303071,1,6396,6386
s112411303083,s112411303076,1,6396,6389
s112411303083,s112411303078,1,6396,6391
s112411303083,s112411303079,1,6396,6392
s112411303083,s112411303087,1,6396,6397
s112411303087,s112411303071,1,6397,6386
s112411303087,s112411303076,1,6397,6389
s112411303087,s112411303078,1,6397,6391
s112411303087,s112411303079,1,6397,6392
s112411303087,s112411303083,1,6397,6396
s112411303088,s112411303104,1,6398,6409
s112411303088,s112411303105,1,6398,6410
s112411303088,s112411303109,1,6398,6413
s112411303088,s112411303112,1,6398,6415
s112411303088,s113411303004,1,6398,6417
s112411303090,s112411303096,1,6399,6404
s112411303090,s112411303104,1,6399,6409
s112411303090,s112411303105,1,6399,6410
s112411303090,s112411303106,1,6399,6411
s112411303090,s112411303108,1,6399,6412
s112411303091,s112411303090,1,6400,6399
s112411303091,s112411303096,1,6400,6404
s112411303091,s112411303098,1,6400,6406
s112411303091,s112411303105,1,6400,6410
s112411303093,s112411303094,1,6401,6402
s112411303093,s112411303095,1,6401,6403
s112411303093,s112411303096,1,6401,6404
s112411303093,s112411303097,1,6401,6405
s112411303094,s112411303093,1,6402,6401
s112411303094,s112411303095,1,6402,6403
s112411303094,s112411303101,1,6402,6407
s112411303095,s112411303093,1,6403,6401
s112411303095,s112411303094,1,6403,6402
s112411303095,s112411303101,1,6403,6407
s112411303096,s112411303093,1,6404,6401
s112411303096,s112411303095,1,6404,6403
s112411303096,s112411303097,1,6404,6405
s112411303096,s112411303106,1,6404,6411
s112411303096,s112411303110,1,6404,6414
s112411303097,s112411303093,1,6405,6401
s112411303097,s112411303094,1,6405,6402
s112411303097,s112411303095,1,6405,6403
s112411303097,s112411303096,1,6405,6404
s112411303098,s112411303094,1,6406,6402
s112411303098,s112411303095,1,6406,6403
s112411303098,s112411303096,1,6406,6404
s112411303098,s112411303109,1,6406,6413
s112411303101,s112411303093,1,6407,6401
s112411303101,s112411303094,1,6407,6402
s112411303101,s112411303096,1,6407,6404
s112411303101,s112411303112,1,6407,6415
s112411303103,s112411303076,1,6408,6389
s112411303103,s112411303093,1,6408,6401
s112411303103,s112411303101,1,6408,6407
s112411303103,s112411303106,1,6408,6411
s112411303104,s112411303076,1,6409,6389
s112411303104,s112411303083,1,6409,6396
s112411303104,s112411303094,1,6409,6402
s112411303104,s112411303105,1,6409,6410
s112411303105,s112411303090,1,6410,6399
s112411303105,s112411303104,1,6410,6409
s112411303105,s112411303108,1,6410,6412
s112411303105,s112411303109,1,6410,6413
s112411303105,s112411303112,1,6410,6415
s112411303106,s112411303093,1,6411,6401
s112411303106,s112411303095,1,6411,6403
s112411303106,s112411303096,1,6411,6404
s112411303106,s112411303101,1,6411,6407
s112411303106,s112411303112,1,6411,6415
s112411303108,s112411303109,1,6412,6413
s112411303109,s112411303094,1,6413,6402
s112411303109,s112411303095,1,6413,6403
s112411303109,s112411303097,1,6413,6405
s112411303109,s112411303106,1,6413,6411
s112411303109,s112411303112,1,6413,6415
s112411303110,s112411303071,1,6414,6386
s112411303110,s112411303095,1,6414,6403
s112411303110,s112411303096,1,6414,6404
s112411303110,s112411303106,1,6414,6411
s112411303112,s112411303077,1,6415,6390
s112411303112,s112411303101,1,6415,6407
s112411303112,s112411303103,1,6415,6408
s112411303112,s112411303106,1,6415,6411
s112413301024,s112413301025,1,6418,6419
s112413301024,s112413301031,1,6418,6425
s112413301024,s112413301032,1,6418,6426
s112413301024,s112413301037,1,6418,6429
s112413301025,s112413301024,1,6419,6418
s112413301025,s112413301031,1,6419,6425
s112413301026,s112413301036,1,6420,6428
s112413301028,s112413301029,1,6422,6423
s112413301028,s112413301031,1,6422,6425
s112413301028,s112413301032,1,6422,6426
s112413301028,s112413301037,1,6422,6429
s112413301028,s112413301041,1,6422,6433
s112413301029,s112413301028,1,6423,6422
s112413301029,s112413301032,1,6423,6426
s112413301029,s112413301036,1,6423,6428
s112413301029,s112413301043,1,6423,6435
s112413301029,s112413301049,1,6423,6441
s112413301030,s112413301031,1,6424,6425
s112413301030,s112413301034,1,6424,6427
s112413301030,s112413301037,1,6424,6429
s112413301031,s112413301024,1,6425,6418
s112413301031,s112413301025,1,6425,6419
s112413301031,s112413301030,1,6425,6424
s112413301031,s112413301034,1,6425,6427
s112413301031,s112413301048,1,6425,6440
s112413301032,s112413301028,1,6426,6422
s112413301032,s112413301029,1,6426,6423
s112413301032,s112413301042,1,6426,6434
s112413301032,s112413301048,1,6426,6440
s112413301034,s112413301030,1,6427,6424
s112413301034,s112413301032,1,6427,6426
s112413301034,s112413301037,1,6427,6429
s112413301034,s112413301047,1,6427,6439
s112413301034,s112413301048,1,6427,6440
s112413301036,s112413301026,1,6428,6420
s112413301036,s112413301029,1,6428,6423
s112413301036,s112413301032,1,6428,6426
s112413301037,s112413301024,1,6429,6418
s112413301037,s112413301025,1,6429,6419
s112413301037,s112413301030,1,6429,6424
s112413301037,s112413301031,1,6429,6425
s112413301037,s112413301034,1,6429,6427
s112413301038,s112413301039,1,6430,6431
s112413301038,s112413301045,1,6430,6437
s112413301038,s112413301048,1,6430,6440
s112413301038,s112413301049,1,6430,6441
s112413301038,s112413301050,1,6430,6442
s112413301039,s112413301040,1,6431,6432
s112413301039,s112413301042,1,6431,6434
s112413301039,s112413301044,1,6431,6436
s112413301039,s112413301049,1,6431,6441
s112413301039,s112413301051,1,6431,6443
s112413301040,s112413301039,1,6432,6431
s112413301040,s112413301042,1,6432,6434
s112413301040,s112413301044,1,6432,6436
s112413301040,s112413301049,1,6432,6441
s112413301040,s112413301051,1,6432,6443
s112413301041,s112413301039,1,6433,6431
s112413301041,s112413301042,1,6433,6434
s112413301041,s112413301043,1,6433,6435
s112413301041,s112413301044,1,6433,6436
s112413301041,s112413301049,1,6433,6441
s112413301042,s112413301040,1,6434,6432
s112413301042,s112413301041,1,6434,6433
s112413301042,s112413301044,1,6434,6436
s112413301042,s112413301049,1,6434,6441
s112413301042,s112413301051,1,6434,6443
s112413301043,s112413301041,1,6435,6433
s112413301043,s112413301042,1,6435,6434
s112413301043,s112413301045,1,6435,6437
s112413301043,s112413301047,1,6435,6439
s112413301043,s112413301048,1,6435,6440
s112413301044,s112413301030,1,6436,6424
s112413301044,s112413301040,1,6436,6432
s112413301044,s112413301042,1,6436,6434
s112413301044,s112413301051,1,6436,6443
s112413301045,s112413301041,1,6437,6433
s112413301045,s112413301042,1,6437,6434
s112413301045,s112413301043,1,6437,6435
s112413301045,s112413301044,1,6437,6436
s112413301045,s112413301048,1,6437,6440
s112413301046,s112413301040,1,6438,6432
s112413301046,s112413301045,1,6438,6437
s112413301046,s112413301047,1,6438,6439
s112413301046,s112413301048,1,6438,6440
s112413301046,s112413301049,1,6438,6441
s112413301047,s112413301034,1,6439,6427
s112413301047,s112413301041,1,6439,6433
s112413301047,s112413301043,1,6439,6435
s112413301047,s112413301048,1,6439,6440
s112413301048,s112413301032,1,6440,6426
s112413301048,s112413301034,1,6440,6427
s112413301048,s112413301043,1,6440,6435
s112413301048,s112413301045,1,6440,6437
s112413301048,s112413301047,1,6440,6439
s112413301049,s112413301024,1,6441,6418
s112413301049,s112413301039,1,6441,6431
s112413301049,s112413301040,1,6441,6432
s112413301049,s112413301041,1,6441,6433
s112413301049,s112413301048,1,6441,6440
s112413301050,s112413301038,1,6442,6430
s112413301050,s112413301039,1,6442,6431
s112413301050,s112413301048,1,6442,6440
s112413301050,s112413301049,1,6442,6441
s112413301051,s112413301040,1,6443,6432
s112413301051,s112413301042,1,6443,6434
s112413301051,s112413301044,1,6443,6436
s112413301054,s112413301062,1,6444,6451
s112413301054,s112413301063,1,6444,6452
s112413301054,s112413301064,1,6444,6453
s112413301055,s112413301056,1,6445,6446
s112413301055,s112413301057,1,6445,6447
s112413301055,s112413301059,1,6445,6449
s112413301055,s112413301060,1,6445,6450
s112413301056,s112413301055,1,6446,6445
s112413301056,s112413301057,1,6446,6447
s112413301056,s112413301059,1,6446,6449
s112413301056,s112413301060,1,6446,6450
s112413301057,s112413301055,1,6447,6445
s112413301057,s112413301056,1,6447,6446
s112413301057,s112413301062,1,6447,6451
s112413301058,s112413301056,1,6448,6446
s112413301058,s112413301059,1,6448,6449
s112413301058,s112413301060,1,6448,6450
s112413301058,s113413301003,1,6448,6465
s112413301059,s112413301054,1,6449,6444
s112413301059,s112413301056,1,6449,6446
s112413301059,s112413301058,1,6449,6448
s112413301059,s112413301060,1,6449,6450
s112413301060,s112413301055,1,6450,6445
s112413301060,s112413301056,1,6450,6446
s112413301060,s112413301058,1,6450,6448
s112413301060,s112413301059,1,6450,6449
s112413301062,s112413301063,1,6451,6452
s112413301062,s112413301071,1,6451,6456
s112413301062,s112413301074,1,6451,6458
s112413301062,s112413301078,1,6451,6461
s112413301063,s112413301054,1,6452,6444
s112413301063,s112413301062,1,6452,6451
s112413301063,s112413301064,1,6452,6453
s112413301064,s112413301054,1,6453,6444
s112413301064,s112413301062,1,6453,6451
s112413301064,s112413301063,1,6453,6452
s112413301068,s112413301070,1,6454,6455
s112413301068,s112413301071,1,6454,6456
s112413301068,s112413301081,1,6454,6463
s112413301070,s112413301068,1,6455,6454
s112413301070,s112413301073,1,6455,6457
s112413301070,s112413301081,1,6455,6463
s112413301071,s112413301062,1,6456,6451
s112413301071,s112413301074,1,6456,6458
s112413301071,s112413301078,1,6456,6461
s112413301071,s112413301080,1,6456,6462
s112413301071,s112413301082,1,6456,6464
s112413301073,s112413301068,1,6457,6454
s112413301073,s112413301070,1,6457,6455
s112413301073,s112413301081,1,6457,6463
s112413301074,s112413301062,1,6458,6451
s112413301074,s112413301071,1,6458,6456
s112413301074,s112413301078,1,6458,6461
s112413301074,s112413301080,1,6458,6462
s112413301076,s112413301068,1,6459,6454
s112413301076,s112413301073,1,6459,6457
s112413301076,s112413301077,1,6459,6460
s112413301077,s112413301068,1,6460,6454
s112413301077,s112413301070,1,6460,6455
s112413301077,s112413301081,1,6460,6463
s112413301078,s112413301062,1,6461,6451
s112413301078,s112413301071,1,6461,6456
s112413301078,s112413301074,1,6461,6458
s112413301080,s112413301068,1,6462,6454
s112413301080,s112413301071,1,6462,6456
s112413301080,s112413301073,1,6462,6457
s112413301080,s112413301074,1,6462,6458
s112413301081,s112413301068,1,6463,6454
s112413301081,s112413301070,1,6463,6455
s112413301081,s112413301073,1,6463,6457
s112413301082,s112413301068,1,6464,6454
s112413301082,s112413301070,1,6464,6455
s112413301082,s112413301081,1,6464,6463
s112413302024,s112413302027,1,6466,6468
s112413302024,s112413302034,1,6466,6471
s112413302024,s112413302036,1,6466,6472
s112413302026,s112413302034,1,6467,6471
s112413302026,s112413302043,1,6467,6478
s112413302027,s112413302024,1,6468,6466
s112413302027,s112413302029,1,6468,6470
s112413302027,s112413302036,1,6468,6472
s112413302028,s112413302034,1,6469,6471
s112413302029,s112413302026,1,6470,6467
s112413302029,s112413302036,1,6470,6472
s112413302034,s112413302026,1,6471,6467
s112413302034,s112413302036,1,6471,6472
s112413302036,s112413302026,1,6472,6467
s112413302036,s112413302029,1,6472,6470
s112413302036,s112413302034,1,6472,6471
s112413302037,s112413302039,1,6473,6475
s112413302037,s112413302042,1,6473,6477
s112413302037,s112413302044,1,6473,6479
s112413302037,s112413302047,1,6473,6481
s112413302038,s113413302003,1,6474,6483
s112413302039,s112413302036,1,6475,6472
s112413302039,s112413302037,1,6475,6473
s112413302039,s112413302040,1,6475,6476
s112413302039,s112413302044,1,6475,6479
s112413302040,s112413302039,1,6476,6475
s112413302040,s112413302045,1,6476,6480
s112413302040,s112413302047,1,6476,6481
s112413302040,s113413302003,1,6476,6483
s112413302040,s113413302004,1,6476,6484
s112413302042,s112413302037,1,6477,6473
s112413302042,s112413302043,1,6477,6478
s112413302042,s112413302047,1,6477,6481
s112413302043,s112413302037,1,6478,6473
s112413302043,s112413302042,1,6478,6477
s112413302043,s112413302048,1,6478,6482
s112413302044,s112413302037,1,6479,6473
s112413302044,s112413302039,1,6479,6475
s112413302044,s112413302045,1,6479,6480
s112413302044,s112413302047,1,6479,6481
s112413302045,s112413302037,1,6480,6473
s112413302045,s112413302040,1,6480,6476
s112413302045,s112413302044,1,6480,6479
s112413302045,s112413302047,1,6480,6481
s112413302045,s113413302004,1,6480,6484
s112413302047,s112413302037,1,6481,6473
s112413302047,s112413302042,1,6481,6477
s112413302047,s112413302045,1,6481,6480
s112413302047,s112413302048,1,6481,6482
s112413302047,s113413302004,1,6481,6484
s112413302048,s112413302042,1,6482,6477
s112413302048,s112413302043,1,6482,6478
s112413302048,s112413302044,1,6482,6479
s112413302048,s112413302047,1,6482,6481
s112413302052,s112413302058,1,6485,6491
s112413302052,s112413302060,1,6485,6493
s112413302052,s112413302064,1,6485,6496
s112413302052,s112413302070,1,6485,6501
s112413302052,s112413302076,1,6485,6506
s112413302053,s112413302056,1,6486,6489
s112413302053,s112413302058,1,6486,6491
s112413302053,s112413302059,1,6486,6492
s112413302053,s112413302060,1,6486,6493
s112413302053,s112413302063,1,6486,6495
s112413302054,s112413302053,1,6487,6486
s112413302054,s112413302056,1,6487,6489
s112413302054,s112413302059,1,6487,6492
s112413302054,s112413302063,1,6487,6495
s112413302055,s112413302057,1,6488,6490
s112413302055,s112413302067,1,6488,6498
s112413302055,s112413302074,1,6488,6504
s112413302057,s112413302052,1,6490,6485
s112413302057,s112413302055,1,6490,6488
s112413302057,s112413302056,1,6490,6489
s112413302057,s112413302061,1,6490,6494
s112413302057,s112413302067,1,6490,6498
s112413302058,s112413302053,1,6491,6486
s112413302058,s112413302056,1,6491,6489
s112413302058,s112413302057,1,6491,6490
s112413302058,s112413302059,1,6491,6492
s112413302058,s112413302061,1,6491,6494
s112413302059,s112413302054,1,6492,6487
s112413302059,s112413302056,1,6492,6489
s112413302059,s112413302058,1,6492,6491
s112413302059,s112413302060,1,6492,6493
s112413302060,s112413302054,1,6493,6487
s112413302060,s112413302056,1,6493,6489
s112413302060,s112413302059,1,6493,6492
s112413302060,s112413302061,1,6493,6494
s112413302060,s112413302076,1,6493,6506
s112413302063,s112413302054,1,6495,6487
s112413302063,s112413302059,1,6495,6492
s112413302064,s112413302061,1,6496,6494
s112413302064,s112413302076,1,6496,6506
s112413302066,s112413302067,1,6497,6498
s112413302066,s112413302069,1,6497,6500
s112413302066,s112413302073,1,6497,6503
s112413302066,s112413302074,1,6497,6504
s112413302066,s112413302075,1,6497,6505
s112413302067,s112413302055,1,6498,6488
s112413302067,s112413302066,1,6498,6497
s112413302067,s112413302073,1,6498,6503
s112413302067,s112413302074,1,6498,6504
s112413302067,s112413302075,1,6498,6505
s112413302069,s112413302055,1,6500,6488
s112413302069,s112413302061,1,6500,6494
s112413302069,s112413302067,1,6500,6498
s112413302069,s112413302073,1,6500,6503
s112413302069,s112413302076,1,6500,6506
s112413302070,s112413302052,1,6501,6485
s112413302070,s112413302060,1,6501,6493
s112413302070,s112413302061,1,6501,6494
s112413302070,s112413302064,1,6501,6496
s112413302070,s112413302076,1,6501,6506
s112413302072,s112413302064,1,6502,6496
s112413302072,s112413302069,1,6502,6500
s112413302073,s112413302066,1,6503,6497
s112413302073,s112413302067,1,6503,6498
s112413302073,s112413302069,1,6503,6500
s112413302073,s112413302074,1,6503,6504
s112413302073,s112413302075,1,6503,6505
s112413302074,s112413302066,1,6504,6497
s112413302074,s112413302067,1,6504,6498
s112413302074,s112413302069,1,6504,6500
s112413302074,s112413302073,1,6504,6503
s112413302074,s112413302075,1,6504,6505
s112413302075,s112413302066,1,6505,6497
s112413302075,s112413302067,1,6505,6498
s112413302075,s112413302073,1,6505,6503
s112413302075,s112413302074,1,6505,6504
s112413302075,s112413302076,1,6505,6506
s112413302076,s112413302052,1,6506,6485
s112413302076,s112413302060,1,6506,6493
s112413302076,s112413302061,1,6506,6494
s112413302076,s112413302064,1,6506,6496
s112413302076,s112413302070,1,6506,6501
s112413508024,s112413508025,1,6507,6508
s112413508024,s112413508027,1,6507,6509
s112413508024,s112413508029,1,6507,6511
s112413508024,s112413508030,1,6507,6512
s112413508024,s112413508031,1,6507,6513
s112413508025,s112413508024,1,6508,6507
s112413508025,s112413508030,1,6508,6512
s112413508025,s112413508032,1,6508,6514
s112413508025,s112413508033,1,6508,6515
s112413508027,s112413508029,1,6509,6511
s112413508027,s112413508031,1,6509,6513
s112413508027,s113413508003,1,6509,6524
s112413508028,s112413508024,1,6510,6507
s112413508028,s112413508027,1,6510,6509
s112413508028,s112413508030,1,6510,6512
s112413508028,s112413508031,1,6510,6513
s112413508030,s112413508024,1,6512,6507
s112413508030,s112413508025,1,6512,6508
s112413508030,s112413508029,1,6512,6511
s112413508030,s112413508031,1,6512,6513
s112413508030,s112413508033,1,6512,6515
s112413508031,s112413508024,1,6513,6507
s112413508031,s112413508027,1,6513,6509
s112413508031,s112413508029,1,6513,6511
s112413508031,s112413508030,1,6513,6512
s112413508031,s113413508003,1,6513,6524
s112413508032,s112413508025,1,6514,6508
s112413508032,s112413508029,1,6514,6511
s112413508032,s112413508030,1,6514,6512
s112413508032,s112413508031,1,6514,6513
s112413508032,s112413508033,1,6514,6515
s112413508033,s112413508024,1,6515,6507
s112413508033,s112413508025,1,6515,6508
s112413508033,s112413508029,1,6515,6511
s112413508033,s112413508030,1,6515,6512
s112413508033,s112413508032,1,6515,6514
s112413508034,s112413508030,1,6516,6512
s112413508034,s112413508033,1,6516,6515
s112413508034,s112413508037,1,6516,6517
s112413508034,s112413508046,1,6516,6522
s112413508037,s112413508034,1,6517,6516
s112413508037,s112413508046,1,6517,6522
s112413508038,s112413508037,1,6518,6517
s112413508038,s112413508041,1,6518,6520
s112413508038,s112413508046,1,6518,6522
s112413508044,s112413508027,1,6521,6509
s112413508044,s112413508031,1,6521,6513
s112413508046,s112413508034,1,6522,6516
s112413508046,s112413508037,1,6522,6517
s112413508046,s112413508038,1,6522,6518
s112413508048,s112413508038,1,6523,6518
s112413508052,s112413508055,1,6525,6527
s112413508052,s112413508058,1,6525,6529
s112413508054,s112413508052,1,6526,6525
s112413508054,s112413508055,1,6526,6527
s112413508054,s112413508056,1,6526,6528
s112413508055,s112413508052,1,6527,6525
s112413508055,s112413508058,1,6527,6529
s112413508056,s112413508052,1,6528,6525
s112413508056,s112413508055,1,6528,6527
s112413508056,s112413508058,1,6528,6529
s112413508058,s112413508052,1,6529,6525
s112413508058,s112413508055,1,6529,6527
s112413508059,s112413508055,1,6530,6527
s112413508059,s112413508058,1,6530,6529
s112413508059,s112413508060,1,6530,6531
s112413508060,s112413508059,1,6531,6530
s112413508062,s112413508069,1,6532,6536
s112413508063,s112413508062,1,6533,6532
s112413508063,s112413508070,1,6533,6537
s112413508064,s112413508063,1,6534,6533
s112413508064,s112413508070,1,6534,6537
s112413508064,s112413508073,1,6534,6538
s112413508067,s112413508055,1,6535,6527
s112413508067,s112413508058,1,6535,6529
s112413508067,s112413508070,1,6535,6537
s112413508070,s112413508063,1,6537,6533
s112413508073,s112413508052,1,6538,6525
s112413508073,s112413508055,1,6538,6527
s112413508073,s112413508058,1,6538,6529
s112413508073,s112413508067,1,6538,6535
s112421302024,s112421302027,1,6539,6541
s112421302024,s112421302037,1,6539,6546
s112421302024,s112421302039,1,6539,6547
s112421302026,s112421302032,1,6540,6544
s112421302026,s112421302040,1,6540,6548
s112421302026,s112421302048,1,6540,6554
s112421302027,s112421302024,1,6541,6539
s112421302027,s112421302030,1,6541,6543
s112421302027,s112421302037,1,6541,6546
s112421302027,s112421302039,1,6541,6547
s112421302028,s112421302026,1,6542,6540
s112421302028,s112421302030,1,6542,6543
s112421302028,s112421302051,1,6542,6557
s112421302030,s112421302026,1,6543,6540
s112421302030,s112421302027,1,6543,6541
s112421302030,s112421302028,1,6543,6542
s112421302034,s112421302026,1,6545,6540
s112421302034,s112421302028,1,6545,6542
s112421302037,s112421302024,1,6546,6539
s112421302037,s112421302027,1,6546,6541
s112421302037,s112421302039,1,6546,6547
s112421302039,s112421302024,1,6547,6539
s112421302039,s112421302027,1,6547,6541
s112421302039,s112421302037,1,6547,6546
s112421302040,s112421302032,1,6548,6544
s112421302041,s112421302047,1,6549,6553
s112421302041,s112421302055,1,6549,6560
s112421302042,s112421302043,1,6550,6551
s112421302042,s112421302046,1,6550,6552
s112421302042,s112421302048,1,6550,6554
s112421302042,s112421302055,1,6550,6560
s112421302043,s112421302042,1,6551,6550
s112421302043,s112421302046,1,6551,6552
s112421302043,s112421302055,1,6551,6560
s112421302046,s112421302043,1,6552,6551
s112421302046,s112421302047,1,6552,6553
s112421302046,s112421302051,1,6552,6557
s112421302046,s112421302055,1,6552,6560
s112421302047,s112421302042,1,6553,6550
s112421302047,s112421302043,1,6553,6551
s112421302047,s112421302046,1,6553,6552
s112421302047,s112421302049,1,6553,6555
s112421302047,s112421302055,1,6553,6560
s112421302048,s112421302042,1,6554,6550
s112421302048,s112421302043,1,6554,6551
s112421302049,s112421302046,1,6555,6552
s112421302049,s112421302047,1,6555,6553
s112421302049,s112421302050,1,6555,6556
s112421302049,s112421302051,1,6555,6557
s112421302050,s112421302051,1,6556,6557
s112421302051,s112421302024,1,6557,6539
s112421302052,s112421302043,1,6558,6551
s112421302052,s112421302050,1,6558,6556
s112421302052,s112421302051,1,6558,6557
s112421302055,s112421302041,1,6560,6549
s112421302055,s112421302042,1,6560,6550
s112421302055,s112421302050,1,6560,6556
s112421302060,s112421302063,1,6561,6563
s112421302060,s112421302064,1,6561,6564
s112421302060,s112421302077,1,6561,6566
s112421302062,s112421302066,1,6562,6565
s112421302063,s112421302060,1,6563,6561
s112421302063,s112421302064,1,6563,6564
s112421302063,s112421302077,1,6563,6566
s112421302064,s112421302060,1,6564,6561
s112421302064,s112421302062,1,6564,6562
s112421302064,s112421302063,1,6564,6563
s112421302064,s112421302066,1,6564,6565
s112421302066,s112421302062,1,6565,6562
s112421302066,s112421302064,1,6565,6564
s112421302077,s112421302060,1,6566,6561
s112421302077,s112421302063,1,6566,6563
s112421302085,s112421302077,1,6567,6566
s112423505024,s112423505037,1,6569,6575
s112423505027,s112423505029,1,6570,6571
s112423505029,s112423505031,1,6571,6573
s112423505029,s112423505037,1,6571,6575
s112423505030,s112423505027,1,6572,6570
s112423505030,s112423505029,1,6572,6571
s112423505030,s112423505031,1,6572,6573
s112423505031,s112423505024,1,6573,6569
s112423505031,s112423505029,1,6573,6571
s112423505031,s112423505037,1,6573,6575
s112423505034,s112423505027,1,6574,6570
s112423505037,s112423505024,1,6575,6569
s112423505037,s112423505031,1,6575,6573
s112423505039,s112423505041,1,6576,6577
s112423505039,s112423505047,1,6576,6580
s112423505041,s112423505045,1,6577,6579
s112423505041,s112423505049,1,6577,6582
s112423505041,s112423505053,1,6577,6584
s112423505043,s112423505053,1,6578,6584
s112423505045,s112423505041,1,6579,6577
s112423505045,s112423505048,1,6579,6581
s112423505045,s112423505052,1,6579,6583
s112423505047,s112423505024,1,6580,6569
s112423505047,s112423505039,1,6580,6576
s112423505047,s112423505041,1,6580,6577
s112423505048,s112423505045,1,6581,6579
s112423505048,s112423505049,1,6581,6582
s112423505048,s112423505052,1,6581,6583
s112423505049,s112423505041,1,6582,6577
s112423505049,s112423505052,1,6582,6583
s112423505052,s112423505041,1,6583,6577
s112423505052,s112423505045,1,6583,6579
s112423505052,s112423505048,1,6583,6581
s112423505053,s112423505041,1,6584,6577
s112423505056,s112423505061,1,6585,6588
s112423505056,s112423505065,1,6585,6590
s112423505056,s112423505068,1,6585,6592
s112423505056,s112423505069,1,6585,6593
s112423505058,s112423505061,1,6586,6588
s112423505058,s112423505064,1,6586,6589
s112423505058,s112423505065,1,6586,6590
s112423505061,s112423505058,1,6588,6586
s112423505061,s112423505068,1,6588,6592
s112423505065,s112423505058,1,6590,6586
s112423505065,s112423505061,1,6590,6588
s112423505065,s112423505064,1,6590,6589
s112423505067,s112423505058,1,6591,6586
s112423505067,s112423505064,1,6591,6589
s112423505067,s112423505065,1,6591,6590
s112423505067,s112423505068,1,6591,6592
s112423505068,s112423505061,1,6592,6588
s112423505068,s112423505067,1,6592,6591
s112423505068,s112423505069,1,6592,6593
s112423505069,s112423505059,1,6593,6587
s112423505069,s112423505065,1,6593,6590
s112423505069,s112423505068,1,6593,6592
s112423505071,s112423505073,1,6594,6596
s112423505071,s112423505074,1,6594,6597
s112423505071,s112423505078,1,6594,6600
s112423505071,s112423505081,1,6594,6602
s112423505071,s112423505082,1,6594,6603
s112423505073,s112423505081,1,6596,6602
s112423505073,s112423505082,1,6596,6603
s112423505074,s112423505071,1,6597,6594
s112423505074,s112423505076,1,6597,6599
s112423505074,s112423505078,1,6597,6600
s112423505074,s112423505082,1,6597,6603
s112423505074,s112423505084,1,6597,6605
s112423505075,s112423505074,1,6598,6597
s112423505075,s112423505076,1,6598,6599
s112423505075,s112423505078,1,6598,6600
s112423505075,s112423505079,1,6598,6601
s112423505075,s112423505084,1,6598,6605
s112423505076,s112423505075,1,6599,6598
s112423505076,s112423505078,1,6599,6600
s112423505076,s112423505079,1,6599,6601
s112423505076,s112423505083,1,6599,6604
s112423505076,s112423505084,1,6599,6605
s112423505078,s112423505075,1,6600,6598
s112423505078,s112423505076,1,6600,6599
s112423505078,s112423505079,1,6600,6601
s112423505078,s112423505083,1,6600,6604
s112423505078,s112423505084,1,6600,6605
s112423505079,s112423505074,1,6601,6597
s112423505079,s112423505075,1,6601,6598
s112423505079,s112423505076,1,6601,6599
s112423505079,s112423505078,1,6601,6600
s112423505079,s112423505083,1,6601,6604
s112423505081,s112423505073,1,6602,6596
s112423505081,s112423505082,1,6602,6603
s112423505082,s112423505071,1,6603,6594
s112423505082,s112423505073,1,6603,6596
s112423505082,s112423505074,1,6603,6597
s112423505082,s112423505078,1,6603,6600
s112423505082,s112423505084,1,6603,6605
s112423505083,s112423505074,1,6604,6597
s112423505083,s112423505076,1,6604,6599
s112423505083,s112423505078,1,6604,6600
s112423505083,s112423505079,1,6604,6601
s112423505083,s112423505084,1,6604,6605
s112423505084,s112423505074,1,6605,6597
s112423505084,s112423505076,1,6605,6599
s112423505084,s112423505078,1,6605,6600
s112423505084,s112423505079,1,6605,6601
s112423505084,s112423505083,1,6605,6604
s112533503026,s112533503028,1,6606,6607
s112533503026,s112533503031,1,6606,6609
s112533503026,s112533503033,1,6606,6610
s112533503028,s112533503026,1,6607,6606
s112533503028,s112533503031,1,6607,6609
s112533503028,s112533503033,1,6607,6610
s112533503029,s112533503028,1,6608,6607
s112533503029,s112533503031,1,6608,6609
s112533503031,s112533503026,1,6609,6606
s112533503031,s112533503028,1,6609,6607
s112533503031,s112533503029,1,6609,6608
s112533503031,s112533503033,1,6609,6610
s112533503033,s112533503026,1,6610,6606
s112533503033,s112533503028,1,6610,6607
s112533503033,s112533503031,1,6610,6609
s112533503033,s112533503034,1,6610,6611
s112533503034,s112533503033,1,6611,6610
s112533503034,s112533503037,1,6611,6612
s112533503037,s112533503033,1,6612,6610
s112533503037,s112533503034,1,6612,6611
s112533503042,s112533503044,1,6613,6615
s112533503042,s112533503046,1,6613,6617
s112533503042,s112533503056,1,6613,6626
s112533503043,s112533503047,1,6614,6618
s112533503044,s112533503042,1,6615,6613
s112533503044,s112533503043,1,6615,6614
s112533503044,s112533503046,1,6615,6617
s112533503044,s112533503053,1,6615,6624
s112533503044,s112533503056,1,6615,6626
s112533503045,s112533503042,1,6616,6613
s112533503045,s112533503043,1,6616,6614
s112533503045,s112533503044,1,6616,6615
s112533503045,s112533503050,1,6616,6621
s112533503045,s112533503052,1,6616,6623
s112533503046,s112533503042,1,6617,6613
s112533503046,s112533503044,1,6617,6615
s112533503046,s112533503048,1,6617,6619
s112533503046,s112533503055,1,6617,6625
s112533503047,s112533503043,1,6618,6614
s112533503047,s112533503048,1,6618,6619
s112533503047,s112533503050,1,6618,6621
s112533503047,s112533503055,1,6618,6625
s112533503047,s112533503056,1,6618,6626
s112533503048,s112533503046,1,6619,6617
s112533503048,s112533503047,1,6619,6618
s112533503048,s112533503050,1,6619,6621
s112533503048,s112533503055,1,6619,6625
s112533503048,s112533503056,1,6619,6626
s112533503049,s112533503051,1,6620,6622
s112533503049,s112533503052,1,6620,6623
s112533503049,s112533503053,1,6620,6624
s112533503050,s112533503047,1,6621,6618
s112533503050,s112533503048,1,6621,6619
s112533503050,s112533503051,1,6621,6622
s112533503050,s112533503053,1,6621,6624
s112533503050,s112533503056,1,6621,6626
s112533503051,s112533503049,1,6622,6620
s112533503051,s112533503050,1,6622,6621
s112533503051,s112533503052,1,6622,6623
s112533503051,s112533503053,1,6622,6624
s112533503052,s112533503046,1,6623,6617
s112533503052,s112533503049,1,6623,6620
s112533503052,s112533503051,1,6623,6622
s112533503052,s112533503053,1,6623,6624
s112533503053,s112533503042,1,6624,6613
s112533503053,s112533503044,1,6624,6615
s112533503053,s112533503047,1,6624,6618
s112533503053,s112533503050,1,6624,6621
s112533503053,s112533503055,1,6624,6625
s112533503055,s112533503047,1,6625,6618
s112533503055,s112533503048,1,6625,6619
s112533503055,s112533503050,1,6625,6621
s112533503055,s112533503056,1,6625,6626
s112533503056,s112533503047,1,6626,6618
s112533503056,s112533503048,1,6626,6619
s112533503056,s112533503049,1,6626,6620
s112533503056,s112533503050,1,6626,6621
s112533503056,s112533503055,1,6626,6625
s112533503057,s112533503042,1,6627,6613
s112533503057,s112533503046,1,6627,6617
s112533503057,s112533503048,1,6627,6619
s112533503057,s112533503050,1,6627,6621
s112533503057,s112533503056,1,6627,6626
s112533504025,s112533504032,1,6628,6633
s112533504025,s112533504034,1,6628,6635
s112533504025,s112533504035,1,6628,6636
s112533504025,s112533504043,1,6628,6643
s112533504025,s112533504048,1,6628,6648
s112533504026,s112533504025,1,6629,6628
s112533504026,s112533504028,1,6629,6631
s112533504026,s112533504033,1,6629,6634
s112533504027,s112533504028,1,6630,6631
s112533504027,s112533504029,1,6630,6632
s112533504027,s112533504036,1,6630,6637
s112533504027,s112533504044,1,6630,6644
s112533504028,s112533504026,1,6631,6629
s112533504028,s112533504027,1,6631,6630
s112533504028,s112533504029,1,6631,6632
s112533504028,s112533504036,1,6631,6637
s112533504029,s112533504027,1,6632,6630
s112533504029,s112533504028,1,6632,6631
s112533504029,s112533504036,1,6632,6637
s112533504032,s112533504025,1,6633,6628
s112533504032,s112533504035,1,6633,6636
s112533504032,s112533504045,1,6633,6645
s112533504032,s112533504048,1,6633,6648
s112533504033,s112533504026,1,6634,6629
s112533504033,s112533504038,1,6634,6638
s112533504034,s112533504025,1,6635,6628
s112533504034,s112533504035,1,6635,6636
s112533504034,s112533504044,1,6635,6644
s112533504034,s112533504045,1,6635,6645
s112533504034,s112533504050,1,6635,6650
s112533504035,s112533504025,1,6636,6628
s112533504035,s112533504034,1,6636,6635
s112533504035,s112533504044,1,6636,6644
s112533504035,s112533504045,1,6636,6645
s112533504035,s112533504048,1,6636,6648
s112533504036,s112533504027,1,6637,6630
s112533504036,s112533504044,1,6637,6644
s112533504036,s112533504048,1,6637,6648
s112533504036,s112533504050,1,6637,6650
s112533504038,s112533504044,1,6638,6644
s112533504038,s112533504045,1,6638,6645
s112533504038,s112533504047,1,6638,6647
s112533504038,s112533504048,1,6638,6648
s112533504039,s112533504038,1,6639,6638
s112533504039,s112533504047,1,6639,6647
s112533504039,s112533504049,1,6639,6649
s112533504040,s112533504038,1,6640,6638
s112533504040,s112533504047,1,6640,6647
s112533504040,s112533504050,1,6640,6650
s112533504041,s112533504039,1,6641,6639
s112533504041,s112533504047,1,6641,6647
s112533504042,s112533504036,1,6642,6637
s112533504042,s112533504038,1,6642,6638
s112533504042,s112533504044,1,6642,6644
s112533504043,s112533504044,1,6643,6644
s112533504043,s112533504045,1,6643,6645
s112533504043,s112533504047,1,6643,6647
s112533504043,s112533504048,1,6643,6648
s112533504043,s112533504050,1,6643,6650
s112533504044,s112533504025,1,6644,6628
s112533504044,s112533504034,1,6644,6635
s112533504044,s112533504035,1,6644,6636
s112533504044,s112533504045,1,6644,6645
s112533504044,s112533504048,1,6644,6648
s112533504045,s112533504038,1,6645,6638
s112533504045,s112533504043,1,6645,6643
s112533504045,s112533504044,1,6645,6644
s112533504045,s112533504048,1,6645,6648
s112533504045,s112533504050,1,6645,6650
s112533504046,s112533504043,1,6646,6643
s112533504046,s112533504045,1,6646,6645
s112533504046,s112533504048,1,6646,6648
s112533504046,s112533504049,1,6646,6649
s112533504046,s112533504050,1,6646,6650
s112533504047,s112533504038,1,6647,6638
s112533504047,s112533504043,1,6647,6643
s112533504047,s112533504049,1,6647,6649
s112533504047,s112533504050,1,6647,6650
s112533504048,s112533504025,1,6648,6628
s112533504048,s112533504035,1,6648,6636
s112533504048,s112533504043,1,6648,6643
s112533504048,s112533504045,1,6648,6645
s112533504048,s112533504050,1,6648,6650
s112533504049,s112533504038,1,6649,6638
s112533504049,s112533504047,1,6649,6647
s112533504049,s112533504048,1,6649,6648
s112533504049,s112533504050,1,6649,6650
s112533504050,s112533504044,1,6650,6644
s112533504050,s112533504045,1,6650,6645
s112533504050,s112533504046,1,6650,6646
s112533504050,s112533504047,1,6650,6647
s112533504050,s112533504048,1,6650,6648
s112533504055,s112533504056,1,6651,6652
s112533504055,s112533504058,1,6651,6654
s112533504055,s112533504061,1,6651,6657
s112533504055,s112533504064,1,6651,6660
s112533504055,s112533504066,1,6651,6662
s112533504056,s112533504055,1,6652,6651
s112533504056,s112533504061,1,6652,6657
s112533504056,s112533504066,1,6652,6662
s112533504057,s112533504059,1,6653,6655
s112533504057,s112533504064,1,6653,6660
s112533504058,s112533504060,1,6654,6656
s112533504058,s112533504062,1,6654,6658
s112533504058,s112533504063,1,6654,6659
s112533504058,s112533504065,1,6654,6661
s112533504058,s112533504068,1,6654,6664
s112533504059,s112533504057,1,6655,6653
s112533504060,s112533504058,1,6656,6654
s112533504060,s112533504062,1,6656,6658
s112533504060,s112533504065,1,6656,6661
s112533504060,s112533504068,1,6656,6664
s112533504060,s112533504080,1,6656,6672
s112533504061,s112533504055,1,6657,6651
s112533504061,s112533504056,1,6657,6652
s112533504061,s112533504060,1,6657,6656
s112533504061,s112533504066,1,6657,6662
s112533504062,s112533504060,1,6658,6656
s112533504062,s112533504074,1,6658,6668
s112533504062,s112533504075,1,6658,6669
s112533504063,s112533504058,1,6659,6654
s112533504063,s112533504060,1,6659,6656
s112533504063,s112533504065,1,6659,6661
s112533504063,s112533504067,1,6659,6663
s112533504063,s112533504068,1,6659,6664
s112533504064,s112533504057,1,6660,6653
s112533504064,s112533504059,1,6660,6655
s112533504065,s112533504058,1,6661,6654
s112533504065,s112533504063,1,6661,6659
s112533504065,s112533504067,1,6661,6663
s112533504065,s112533504068,1,6661,6664
s112533504066,s112533504055,1,6662,6651
s112533504066,s112533504056,1,6662,6652
s112533504066,s112533504061,1,6662,6657
s112533504067,s112533504058,1,6663,6654
s112533504067,s112533504063,1,6663,6659
s112533504067,s112533504065,1,6663,6661
s112533504067,s112533504068,1,6663,6664
s112533504068,s112533504058,1,6664,6654
s112533504068,s112533504060,1,6664,6656
s112533504068,s112533504062,1,6664,6658
s112533504068,s112533504063,1,6664,6659
s112533504068,s112533504065,1,6664,6661
s112533504072,s112533504069,1,6666,6665
s112533504072,s112533504073,1,6666,6667
s112533504072,s112533504079,1,6666,6671
s112533504073,s112533504077,1,6667,6670
s112533504073,s112533504081,1,6667,6673
s112533504074,s112533504073,1,6668,6667
s112533504074,s112533504075,1,6668,6669
s112533504074,s112533504080,1,6668,6672
s112533504074,s112533504081,1,6668,6673
s112533504075,s112533504062,1,6669,6658
s112533504075,s112533504074,1,6669,6668
s112533504075,s112533504079,1,6669,6671
s112533504075,s112533504080,1,6669,6672
s112533504077,s112533504069,1,6670,6665
s112533504077,s112533504072,1,6670,6666
s112533504077,s112533504073,1,6670,6667
s112533504080,s112533504073,1,6672,6667
s112533504080,s112533504074,1,6672,6668
s112533504080,s112533504075,1,6672,6669
s112533504080,s112533504081,1,6672,6673
s112533504081,s112533504073,1,6673,6667
s112533504081,s112533504075,1,6673,6669
s112533504081,s112533504080,1,6673,6672
s112533506024,s112533506028,1,6674,6677
s112533506024,s112533506032,1,6674,6681
s112533506024,s112533506033,1,6674,6682
s112533506025,s112533506026,1,6675,6676
s112533506025,s112533506029,1,6675,6678
s112533506025,s112533506033,1,6675,6682
s112533506025,s112533506040,1,6675,6686
s112533506026,s112533506025,1,6676,6675
s112533506026,s112533506028,1,6676,6677
s112533506026,s112533506029,1,6676,6678
s112533506026,s112533506033,1,6676,6682
s112533506028,s112533506024,1,6677,6674
s112533506028,s112533506029,1,6677,6678
s112533506028,s112533506032,1,6677,6681
s112533506028,s112533506033,1,6677,6682
s112533506029,s112533506028,1,6678,6677
s112533506029,s112533506032,1,6678,6681
s112533506029,s112533506040,1,6678,6686
s112533506030,s112533506031,1,6679,6680
s112533506030,s112533506032,1,6679,6681
s112533506030,s112533506049,1,6679,6692
s112533506031,s112533506029,1,6680,6678
s112533506031,s112533506030,1,6680,6679
s112533506031,s112533506032,1,6680,6681
s112533506031,s112533506036,1,6680,6683
s112533506031,s112533506049,1,6680,6692
s112533506032,s112533506030,1,6681,6679
s112533506032,s112533506031,1,6681,6680
s112533506032,s112533506033,1,6681,6682
s112533506032,s112533506036,1,6681,6683
s112533506033,s112533506025,1,6682,6675
s112533506033,s112533506026,1,6682,6676
s112533506033,s112533506028,1,6682,6677
s112533506033,s112533506029,1,6682,6678
s112533506036,s112533506030,1,6683,6679
s112533506036,s112533506037,1,6683,6684
s112533506036,s112533506041,1,6683,6687
s112533506037,s112533506038,1,6684,6685
s112533506037,s112533506041,1,6684,6687
s112533506037,s112533506042,1,6684,6688
s112533506037,s112533506045,1,6684,6689
s112533506038,s112533506037,1,6685,6684
s112533506038,s112533506040,1,6685,6686
s112533506038,s112533506045,1,6685,6689
s112533506038,s112533506048,1,6685,6691
s112533506040,s112533506025,1,6686,6675
s112533506040,s112533506029,1,6686,6678
s112533506040,s112533506032,1,6686,6681
s112533506040,s112533506037,1,6686,6684
s112533506040,s112533506038,1,6686,6685
s112533506041,s112533506037,1,6687,6684
s112533506041,s112533506038,1,6687,6685
s112533506041,s112533506040,1,6687,6686
s112533506041,s112533506042,1,6687,6688
s112533506042,s112533506037,1,6688,6684
s112533506042,s112533506041,1,6688,6687
s112533506042,s112533506045,1,6688,6689
s112533506045,s112533506037,1,6689,6684
s112533506045,s112533506040,1,6689,6686
s112533506045,s112533506042,1,6689,6688
s112533506048,s112533506037,1,6691,6684
s112533506048,s112533506038,1,6691,6685
s112533506048,s112533506040,1,6691,6686
s112533506049,s112533506029,1,6692,6678
s112533506049,s112533506030,1,6692,6679
s112533506049,s112533506031,1,6692,6680
s112533506049,s112533506032,1,6692,6681
s112533506049,s112533506036,1,6692,6683
s112533506053,s112533506057,1,6694,6698
s112533506053,s112533506058,1,6694,6699
s112533506053,s112533506059,1,6694,6700
s112533506053,s112533506063,1,6694,6704
s112533506053,s112533506066,1,6694,6706
s112533506054,s112533506055,1,6695,6696
s112533506054,s112533506056,1,6695,6697
s112533506054,s112533506060,1,6695,6701
s112533506054,s112533506062,1,6695,6703
s112533506055,s112533506056,1,6696,6697
s112533506055,s112533506057,1,6696,6698
s112533506055,s112533506059,1,6696,6700
s112533506055,s112533506060,1,6696,6701
s112533506056,s112533506055,1,6697,6696
s112533506056,s112533506060,1,6697,6701
s112533506056,s112533506062,1,6697,6703
s112533506056,s112533506064,1,6697,6705
s112533506057,s112533506053,1,6698,6694
s112533506057,s112533506055,1,6698,6696
s112533506057,s112533506058,1,6698,6699
s112533506057,s112533506059,1,6698,6700
s112533506057,s112533506066,1,6698,6706
s112533506058,s112533506053,1,6699,6694
s112533506058,s112533506057,1,6699,6698
s112533506058,s112533506059,1,6699,6700
s112533506058,s112533506063,1,6699,6704
s112533506058,s112533506066,1,6699,6706
s112533506059,s112533506053,1,6700,6694
s112533506059,s112533506054,1,6700,6695
s112533506059,s112533506057,1,6700,6698
s112533506059,s112533506058,1,6700,6699
s112533506059,s112533506066,1,6700,6706
s112533506061,s112533506053,1,6702,6694
s112533506061,s112533506055,1,6702,6696
s112533506061,s112533506056,1,6702,6697
s112533506061,s112533506062,1,6702,6703
s112533506061,s112533506063,1,6702,6704
s112533506062,s112533506055,1,6703,6696
s112533506062,s112533506056,1,6703,6697
s112533506062,s112533506064,1,6703,6705
s112533506063,s112533506053,1,6704,6694
s112533506063,s112533506057,1,6704,6698
s112533506063,s112533506058,1,6704,6699
s112533506063,s112533506066,1,6704,6706
s112533506064,s112533506055,1,6705,6696
s112533506064,s112533506060,1,6705,6701
s112533506069,s112533506070,1,6708,6709
s112533506069,s112533506071,1,6708,6710
s112533506069,s112533506077,1,6708,6713
s112533506070,s112533506069,1,6709,6708
s112533506070,s112533506071,1,6709,6710
s112533506070,s112533506072,1,6709,6711
s112533506070,s112533506077,1,6709,6713
s112533506071,s112533506069,1,6710,6708
s112533506071,s112533506070,1,6710,6709
s112533506071,s112533506072,1,6710,6711
s112533506071,s112533506077,1,6710,6713
s112533506071,s112533506078,1,6710,6714
s112533506072,s112533506070,1,6711,6709
s112533506072,s112533506071,1,6711,6710
s112533506072,s112533506077,1,6711,6713
s112533506072,s112533506078,1,6711,6714
s112533506076,s112533506071,1,6712,6710
s112533506076,s112533506078,1,6712,6714
s112533506077,s112533506070,1,6713,6709
s112533506077,s112533506071,1,6713,6710
s112533506077,s112533506072,1,6713,6711
s112533506077,s112533506078,1,6713,6714
s112533506078,s112533506071,1,6714,6710
s112533506078,s112533506072,1,6714,6711
s112533506078,s112533506076,1,6714,6712
s112533506078,s112533506077,1,6714,6713
s112540301027,s112540301029,1,6717,6719
s112540301027,s112540301030,1,6717,6720
s112540301027,s112540301035,1,6717,6724
s112540301027,s112540301036,1,6717,6725
s112540301028,s112540301024,1,6718,6715
s112540301028,s112540301027,1,6718,6717
s112540301028,s112540301030,1,6718,6720
s112540301028,s112540301032,1,6718,6721
s112540301029,s112540301026,1,6719,6716
s112540301029,s112540301027,1,6719,6717
s112540301029,s112540301030,1,6719,6720
s112540301029,s112540301035,1,6719,6724
s112540301030,s112540301029,1,6720,6719
s112540301030,s112540301035,1,6720,6724
s112540301030,s112540301052,1,6720,6737
s112540301032,s112540301024,1,6721,6715
s112540301032,s112540301028,1,6721,6718
s112540301032,s112540301034,1,6721,6723
s112540301032,s112540301036,1,6721,6725
s112540301033,s112540301027,1,6722,6717
s112540301033,s112540301030,1,6722,6720
s112540301033,s112540301036,1,6722,6725
s112540301033,s112540301039,1,6722,6726
s112540301033,s112540301046,1,6722,6732
s112540301034,s112540301024,1,6723,6715
s112540301034,s112540301027,1,6723,6717
s112540301034,s112540301028,1,6723,6718
s112540301034,s112540301032,1,6723,6721
s112540301034,s112540301036,1,6723,6725
s112540301035,s112540301027,1,6724,6717
s112540301035,s112540301029,1,6724,6719
s112540301035,s112540301030,1,6724,6720
s112540301035,s112540301036,1,6724,6725
s112540301036,s112540301024,1,6725,6715
s112540301036,s112540301027,1,6725,6717
s112540301036,s112540301029,1,6725,6719
s112540301039,s112540301043,1,6726,6729
s112540301039,s112540301044,1,6726,6730
s112540301039,s112540301046,1,6726,6732
s112540301039,s112540301050,1,6726,6736
s112540301041,s112540301043,1,6727,6729
s112540301041,s112540301044,1,6727,6730
s112540301041,s112540301046,1,6727,6732
s112540301041,s112540301052,1,6727,6737
s112540301042,s112540301033,1,6728,6722
s112540301042,s112540301039,1,6728,6726
s112540301042,s112540301050,1,6728,6736
s112540301043,s112540301041,1,6729,6727
s112540301043,s112540301044,1,6729,6730
s112540301043,s112540301046,1,6729,6732
s112540301043,s112540301049,1,6729,6735
s112540301043,s112540301052,1,6729,6737
s112540301044,s112540301041,1,6730,6727
s112540301044,s112540301043,1,6730,6729
s112540301044,s112540301046,1,6730,6732
s112540301044,s112540301048,1,6730,6734
s112540301044,s112540301052,1,6730,6737
s112540301045,s112540301041,1,6731,6727
s112540301045,s112540301043,1,6731,6729
s112540301045,s112540301049,1,6731,6735
s112540301045,s112540301050,1,6731,6736
s112540301046,s112540301039,1,6732,6726
s112540301046,s112540301041,1,6732,6727
s112540301046,s112540301043,1,6732,6729
s112540301046,s112540301044,1,6732,6730
s112540301046,s112540301049,1,6732,6735
s112540301047,s112540301043,1,6733,6729
s112540301047,s112540301045,1,6733,6731
s112540301047,s112540301049,1,6733,6735
s112540301048,s112540301041,1,6734,6727
s112540301048,s112540301043,1,6734,6729
s112540301048,s112540301044,1,6734,6730
s112540301048,s112540301046,1,6734,6732
s112540301048,s112540301049,1,6734,6735
s112540301049,s112540301041,1,6735,6727
s112540301049,s112540301043,1,6735,6729
s112540301049,s112540301044,1,6735,6730
s112540301049,s112540301045,1,6735,6731
s112540301049,s112540301046,1,6735,6732
s112540301050,s112540301039,1,6736,6726
s112540301050,s112540301042,1,6736,6728
s112540301050,s112540301045,1,6736,6731
s112540301052,s112540301035,1,6737,6724
s112540301052,s112540301041,1,6737,6727
s112540301052,s112540301044,1,6737,6730
s112540301052,s112540301046,1,6737,6732
s112540301056,s112540301063,1,6738,6741
s112540301056,s112540301080,1,6738,6754
s112540301056,s112540301081,1,6738,6755
s112540301057,s112540301056,1,6739,6738
s112540301057,s112540301063,1,6739,6741
s112540301057,s112540301068,1,6739,6744
s112540301062,s112540301066,1,6740,6743
s112540301062,s112540301085,1,6740,6759
s112540301063,s112540301056,1,6741,6738
s112540301063,s112540301057,1,6741,6739
s112540301063,s112540301068,1,6741,6744
s112540301066,s112540301085,1,6743,6759
s112540301068,s112540301056,1,6744,6738
s112540301068,s112540301057,1,6744,6739
s112540301068,s112540301063,1,6744,6741
s112540301069,s112540301056,1,6745,6738
s112540301069,s112540301078,1,6745,6752
s112540301069,s112540301079,1,6745,6753
s112540301069,s112540301081,1,6745,6755
s112540301069,s112540301082,1,6745,6756
s112540301070,s112540301073,1,6746,6748
s112540301070,s112540301075,1,6746,6750
s112540301070,s112540301076,1,6746,6751
s112540301070,s112540301080,1,6746,6754
s112540301070,s112540301083,1,6746,6757
s112540301071,s112540301074,1,6747,6749
s112540301071,s112540301076,1,6747,6751
s112540301071,s112540301082,1,6747,6756
s112540301073,s112540301070,1,6748,6746
s112540301073,s112540301075,1,6748,6750
s112540301073,s112540301080,1,6748,6754
s112540301073,s112540301083,1,6748,6757
s112540301073,s112540301084,1,6748,6758
s112540301074,s112540301069,1,6749,6745
s112540301074,s112540301071,1,6749,6747
s112540301074,s112540301078,1,6749,6752
s112540301074,s112540301079,1,6749,6753
s112540301074,s112540301082,1,6749,6756
s112540301075,s112540301073,1,6750,6748
s112540301075,s112540301080,1,6750,6754
s112540301075,s112540301083,1,6750,6757
s112540301076,s112540301070,1,6751,6746
s112540301076,s112540301071,1,6751,6747
s112540301076,s112540301073,1,6751,6748
s112540301076,s112540301083,1,6751,6757
s112540301078,s112540301069,1,6752,6745
s112540301078,s112540301074,1,6752,6749
s112540301078,s112540301079,1,6752,6753
s112540301078,s112540301081,1,6752,6755
s112540301078,s112540301082,1,6752,6756
s112540301079,s112540301069,1,6753,6745
s112540301079,s112540301078,1,6753,6752
s112540301079,s112540301082,1,6753,6756
s112540301080,s112540301073,1,6754,6748
s112540301080,s112540301075,1,6754,6750
s112540301080,s112540301083,1,6754,6757
s112540301080,s112540301084,1,6754,6758
s112540301081,s112540301057,1,6755,6739
s112540301081,s112540301069,1,6755,6745
s112540301081,s112540301079,1,6755,6753
s112540301081,s112540301082,1,6755,6756
s112540301082,s112540301069,1,6756,6745
s112540301082,s112540301074,1,6756,6749
s112540301082,s112540301078,1,6756,6752
s112540301082,s112540301079,1,6756,6753
s112540301082,s112540301081,1,6756,6755
s112540301083,s112540301066,1,6757,6743
s112540301083,s112540301070,1,6757,6746
s112540301083,s112540301073,1,6757,6748
s112540301083,s112540301085,1,6757,6759
s112540301084,s112540301062,1,6758,6740
s112540301084,s112540301080,1,6758,6754
s112540301084,s112540301083,1,6758,6757
s112540301085,s112540301062,1,6759,6740
s112540301085,s112540301066,1,6759,6743
s112543501024,s112543501028,1,6760,6764
s112543501024,s112543501030,1,6760,6766
s112543501024,s112543501032,1,6760,6768
s112543501024,s112543501035,1,6760,6771
s112543501024,s112543501044,1,6760,6779
s112543501025,s112543501026,1,6761,6762
s112543501025,s112543501029,1,6761,6765
s112543501025,s112543501031,1,6761,6767
s112543501025,s112543501034,1,6761,6770
s112543501025,s112543501043,1,6761,6778
s112543501026,s112543501025,1,6762,6761
s112543501026,s112543501029,1,6762,6765
s112543501026,s112543501033,1,6762,6769
s112543501026,s112543501034,1,6762,6770
s112543501026,s112543501035,1,6762,6771
s112543501027,s112543501025,1,6763,6761
s112543501027,s112543501026,1,6763,6762
s112543501027,s112543501029,1,6763,6765
s112543501027,s112543501032,1,6763,6768
s112543501027,s112543501033,1,6763,6769
s112543501028,s112543501024,1,6764,6760
s112543501028,s112543501030,1,6764,6766
s112543501028,s112543501032,1,6764,6768
s112543501028,s112543501036,1,6764,6772
s112543501028,s112543501051,1,6764,6785
s112543501029,s112543501025,1,6765,6761
s112543501029,s112543501031,1,6765,6767
s112543501029,s112543501033,1,6765,6769
s112543501029,s112543501034,1,6765,6770
s112543501029,s112543501046,1,6765,6780
s112543501030,s112543501024,1,6766,6760
s112543501030,s112543501027,1,6766,6763
s112543501030,s112543501028,1,6766,6764
s112543501031,s112543501025,1,6767,6761
s112543501031,s112543501029,1,6767,6765
s112543501031,s112543501033,1,6767,6769
s112543501031,s112543501034,1,6767,6770
s112543501031,s112543501036,1,6767,6772
s112543501032,s112543501024,1,6768,6760
s112543501032,s112543501028,1,6768,6764
s112543501032,s112543501030,1,6768,6766
s112543501032,s112543501033,1,6768,6769
s112543501032,s112543501047,1,6768,6781
s112543501033,s112543501025,1,6769,6761
s112543501033,s112543501027,1,6769,6763
s112543501033,s112543501029,1,6769,6765
s112543501033,s112543501034,1,6769,6770
s112543501033,s112543501039,1,6769,6774
s112543501034,s112543501025,1,6770,6761
s112543501034,s112543501026,1,6770,6762
s112543501034,s112543501027,1,6770,6763
s112543501034,s112543501029,1,6770,6765
s112543501034,s112543501033,1,6770,6769
s112543501035,s112543501026,1,6771,6762
s112543501035,s112543501027,1,6771,6763
s112543501035,s112543501032,1,6771,6768
s112543501035,s112543501033,1,6771,6769
s112543501035,s112543501039,1,6771,6774
s112543501036,s112543501034,1,6772,6770
s112543501036,s112543501040,1,6772,6775
s112543501036,s112543501042,1,6772,6777
s112543501036,s112543501046,1,6772,6780
s112543501036,s112543501051,1,6772,6785
s112543501038,s112543501025,1,6773,6761
s112543501038,s112543501028,1,6773,6764
s112543501038,s112543501031,1,6773,6767
s112543501038,s112543501032,1,6773,6768
s112543501038,s112543501033,1,6773,6769
s112543501039,s112543501025,1,6774,6761
s112543501039,s112543501027,1,6774,6763
s112543501039,s112543501033,1,6774,6769
s112543501039,s112543501036,1,6774,6772
s112543501040,s112543501042,1,6775,6777
s112543501040,s112543501044,1,6775,6779
s112543501040,s112543501046,1,6775,6780
s112543501040,s112543501049,1,6775,6783
s112543501040,s112543501051,1,6775,6785
s112543501041,s112543501042,1,6776,6777
s112543501041,s112543501043,1,6776,6778
s112543501041,s112543501047,1,6776,6781
s112543501042,s112543501041,1,6777,6776
s112543501042,s112543501043,1,6777,6778
s112543501042,s112543501044,1,6777,6779
s112543501042,s112543501046,1,6777,6780
s112543501042,s112543501051,1,6777,6785
s112543501043,s112543501041,1,6778,6776
s112543501043,s112543501042,1,6778,6777
s112543501043,s112543501047,1,6778,6781
s112543501043,s112543501050,1,6778,6784
s112543501043,s112543501052,1,6778,6786
s112543501044,s112543501040,1,6779,6775
s112543501044,s112543501046,1,6779,6780
s112543501044,s112543501048,1,6779,6782
s112543501044,s112543501050,1,6779,6784
s112543501044,s112543501051,1,6779,6785
s112543501046,s112543501042,1,6780,6777
s112543501046,s112543501047,1,6780,6781
s112543501047,s112543501043,1,6781,6778
s112543501047,s112543501046,1,6781,6780
s112543501047,s112543501048,1,6781,6782
s112543501047,s112543501050,1,6781,6784
s112543501047,s112543501052,1,6781,6786
s112543501048,s112543501047,1,6782,6781
s112543501048,s112543501050,1,6782,6784
s112543501048,s112543501052,1,6782,6786
s112543501049,s112543501040,1,6783,6775
s112543501049,s112543501042,1,6783,6777
s112543501049,s112543501044,1,6783,6779
s112543501049,s112543501046,1,6783,6780
s112543501049,s112543501051,1,6783,6785
s112543501050,s112543501043,1,6784,6778
s112543501050,s112543501044,1,6784,6779
s112543501050,s112543501047,1,6784,6781
s112543501050,s112543501048,1,6784,6782
s112543501050,s112543501052,1,6784,6786
s112543501051,s112543501040,1,6785,6775
s112543501051,s112543501042,1,6785,6777
s112543501051,s112543501044,1,6785,6779
s112543501051,s112543501049,1,6785,6783
s112543501052,s112543501043,1,6786,6778
s112543501052,s112543501047,1,6786,6781
s112543501052,s112543501048,1,6786,6782
s112543501052,s112543501050,1,6786,6784
s112543501052,s112543501051,1,6786,6785
s112543501055,s112543501060,1,6787,6792
s112543501055,s112543501066,1,6787,6798
s112543501055,s112543501067,1,6787,6799
s112543501055,s112543501073,1,6787,6804
s112543501055,s112543501078,1,6787,6809
s112543501056,s112543501055,1,6788,6787
s112543501056,s112543501060,1,6788,6792
s112543501056,s112543501065,1,6788,6797
s112543501056,s112543501067,1,6788,6799
s112543501056,s112543501083,1,6788,6814
s112543501057,s112543501064,1,6789,6796
s112543501057,s112543501065,1,6789,6797
s112543501057,s112543501071,1,6789,6802
s112543501057,s112543501073,1,6789,6804
s112543501057,s112543501078,1,6789,6809
s112543501058,s112543501063,1,6790,6795
s112543501059,s112543501062,1,6791,6794
s112543501059,s112543501064,1,6791,6796
s112543501059,s112543501065,1,6791,6797
s112543501059,s112543501066,1,6791,6798
s112543501059,s112543501083,1,6791,6814
s112543501060,s112543501055,1,6792,6787
s112543501060,s112543501063,1,6792,6795
s112543501060,s112543501064,1,6792,6796
s112543501060,s112543501066,1,6792,6798
s112543501060,s112543501067,1,6792,6799
s112543501061,s112543501057,1,6793,6789
s112543501061,s112543501062,1,6793,6794
s112543501061,s112543501063,1,6793,6795
s112543501061,s112543501064,1,6793,6796
s112543501061,s112543501083,1,6793,6814
s112543501062,s112543501064,1,6794,6796
s112543501062,s112543501065,1,6794,6797
s112543501062,s112543501066,1,6794,6798
s112543501062,s112543501067,1,6794,6799
s112543501062,s112543501083,1,6794,6814
s112543501063,s112543501061,1,6795,6793
s112543501063,s112543501062,1,6795,6794
s112543501063,s112543501064,1,6795,6796
s112543501063,s112543501066,1,6795,6798
s112543501063,s112543501067,1,6795,6799
s112543501064,s112543501060,1,6796,6792
s112543501064,s112543501062,1,6796,6794
s112543501064,s112543501066,1,6796,6798
s112543501064,s112543501067,1,6796,6799
s112543501064,s112543501083,1,6796,6814
s112543501065,s112543501062,1,6797,6794
s112543501066,s112543501060,1,6798,6792
s112543501066,s112543501062,1,6798,6794
s112543501066,s112543501064,1,6798,6796
s112543501066,s112543501065,1,6798,6797
s112543501066,s112543501067,1,6798,6799
s112543501067,s112543501055,1,6799,6787
s112543501067,s112543501059,1,6799,6791
s112543501067,s112543501060,1,6799,6792
s112543501067,s112543501063,1,6799,6795
s112543501067,s112543501066,1,6799,6798
s112543501068,s112543501058,1,6800,6790
s112543501068,s112543501059,1,6800,6791
s112543501068,s112543501061,1,6800,6793
s112543501068,s112543501063,1,6800,6795
s112543501068,s112543501070,1,6800,6801
s112543501070,s112543501057,1,6801,6789
s112543501070,s112543501058,1,6801,6790
s112543501070,s112543501060,1,6801,6792
s112543501070,s112543501068,1,6801,6800
s112543501070,s112543501078,1,6801,6809
s112543501071,s112543501072,1,6802,6803
s112543501071,s112543501073,1,6802,6804
s112543501071,s112543501074,1,6802,6805
s112543501071,s112543501076,1,6802,6807
s112543501071,s112543501078,1,6802,6809
s112543501072,s112543501071,1,6803,6802
s112543501072,s112543501073,1,6803,6804
s112543501072,s112543501074,1,6803,6805
s112543501072,s112543501076,1,6803,6807
s112543501072,s112543501078,1,6803,6809
s112543501073,s112543501071,1,6804,6802
s112543501073,s112543501072,1,6804,6803
s112543501073,s112543501074,1,6804,6805
s112543501073,s112543501076,1,6804,6807
s112543501073,s112543501078,1,6804,6809
s112543501074,s112543501071,1,6805,6802
s112543501074,s112543501072,1,6805,6803
s112543501074,s112543501073,1,6805,6804
s112543501074,s112543501076,1,6805,6807
s112543501074,s112543501078,1,6805,6809
s112543501075,s112543501072,1,6806,6803
s112543501075,s112543501073,1,6806,6804
s112543501075,s112543501074,1,6806,6805
s112543501075,s112543501076,1,6806,6807
s112543501075,s112543501077,1,6806,6808
s112543501076,s112543501071,1,6807,6802
s112543501076,s112543501072,1,6807,6803
s112543501076,s112543501073,1,6807,6804
s112543501076,s112543501074,1,6807,6805
s112543501076,s112543501078,1,6807,6809
s112543501077,s112543501073,1,6808,6804
s112543501077,s112543501075,1,6808,6806
s112543501077,s112543501076,1,6808,6807
s112543501077,s112543501078,1,6808,6809
s112543501077,s112543501081,1,6808,6812
s112543501078,s112543501071,1,6809,6802
s112543501078,s112543501072,1,6809,6803
s112543501078,s112543501073,1,6809,6804
s112543501078,s112543501074,1,6809,6805
s112543501078,s112543501076,1,6809,6807
s112543501079,s112543501071,1,6810,6802
s112543501079,s112543501073,1,6810,6804
s112543501079,s112543501075,1,6810,6806
s112543501079,s112543501080,1,6810,6811
s112543501079,s112543501081,1,6810,6812
s112543501080,s112543501079,1,6811,6810
s112543501080,s112543501081,1,6811,6812
s112543501080,s112543501082,1,6811,6813
s112543501081,s112543501071,1,6812,6802
s112543501081,s112543501073,1,6812,6804
s112543501081,s112543501075,1,6812,6806
s112543501081,s112543501076,1,6812,6807
s112543501081,s112543501077,1,6812,6808
s112543501082,s112543501071,1,6813,6802
s112543501082,s112543501073,1,6813,6804
s112543501082,s112543501079,1,6813,6810
s112543501082,s112543501080,1,6813,6811
s112543501083,s112543501059,1,6814,6791
s112543501083,s112543501062,1,6814,6794
s112543501083,s112543501064,1,6814,6796
s112543501083,s112543501065,1,6814,6797
s112543501083,s112543501066,1,6814,6798
s112551301024,s112551301027,1,6815,6818
s112551301024,s112551301034,1,6815,6820
s112551301026,s112551301031,1,6817,6819
s112551301034,s112551301026,1,6820,6817
s112551301034,s112551301031,1,6820,6819
s112551301034,s112551301036,1,6820,6821
s112551301036,s112551301026,1,6821,6817
s112551301036,s112551301031,1,6821,6819
s112551301036,s112551301045,1,6821,6826
s112551301041,s112551301031,1,6824,6819
s112551301041,s112551301050,1,6824,6828
s112551301043,s112551301038,1,6825,6822
s112551301043,s112551301045,1,6825,6826
s112551301045,s112551301026,1,6826,6817
s112551301045,s112551301036,1,6826,6821
s112551301048,s112551301034,1,6827,6820
s112551301048,s112551301052,1,6827,6829
s112551301050,s112551301052,1,6828,6829
s112551301050,s112551301055,1,6828,6830
s112551301050,s112551301056,1,6828,6831
s112551301055,s112551301024,1,6830,6815
s112551301055,s112551301025,1,6830,6816
s112551301055,s112551301027,1,6830,6818
s112551301056,s112551301036,1,6831,6821
s112551301056,s112551301041,1,6831,6824
s112551301064,s112551301071,1,6833,6835
s112551301071,s112551301067,1,6835,6834
s112551301073,s112551301071,1,6837,6835
s112551301073,s112551301079,1,6837,6840
s112551301075,s112551301072,1,6838,6836
s112551301075,s112551301081,1,6838,6842
s112551301075,s112551301086,1,6838,6845
s112551301075,s112551301087,1,6838,6846
s112551301079,s112551301090,1,6840,6847
s112551301080,s112551301075,1,6841,6838
s112551301083,s112551301080,1,6843,6841
s112551301085,s112551301079,1,6844,6840
s112551301086,s112551301073,1,6845,6837
s112551301086,s112551301077,1,6845,6839
s112551301086,s112551301080,1,6845,6841
s112551301090,s112551301079,1,6847,6840
s112551301093,s112551301064,1,6848,6833
s112551301093,s112551301083,1,6848,6843
s112581302025,s112581302026,1,6850,6851
s112581302025,s112581302028,1,6850,6852
s112581302025,s112581302031,1,6850,6854
s112581302026,s112581302025,1,6851,6850
s112581302026,s112581302031,1,6851,6854
s112581302026,s112581302034,1,6851,6857
s112581302028,s112581302025,1,6852,6850
s112581302028,s112581302031,1,6852,6854
s112581302028,s112581302054,1,6852,6875
s112581302029,s112581302034,1,6853,6857
s112581302029,s112581302051,1,6853,6873
s112581302029,s112581302056,1,6853,6877
s112581302029,s112581302058,1,6853,6878
s112581302029,s112581302059,1,6853,6879
s112581302031,s112581302025,1,6854,6850
s112581302031,s112581302026,1,6854,6851
s112581302031,s112581302028,1,6854,6852
s112581302032,s112581302031,1,6855,6854
s112581302032,s112581302033,1,6855,6856
s112581302033,s112581302025,1,6856,6850
s112581302033,s112581302026,1,6856,6851
s112581302033,s112581302031,1,6856,6854
s112581302033,s112581302034,1,6856,6857
s112581302034,s112581302025,1,6857,6850
s112581302034,s112581302026,1,6857,6851
s112581302034,s112581302028,1,6857,6852
s112581302034,s112581302031,1,6857,6854
s112581302036,s112581302038,1,6859,6861
s112581302036,s112581302040,1,6859,6863
s112581302036,s112581302050,1,6859,6872
s112581302036,s112581302055,1,6859,6876
s112581302037,s112581302045,1,6860,6868
s112581302037,s112581302051,1,6860,6873
s112581302037,s112581302056,1,6860,6877
s112581302037,s112581302058,1,6860,6878
s112581302037,s113581302004,1,6860,6880
s112581302038,s112581302036,1,6861,6859
s112581302038,s112581302040,1,6861,6863
s112581302038,s112581302049,1,6861,6871
s112581302038,s112581302050,1,6861,6872
s112581302038,s112581302055,1,6861,6876
s112581302039,s112581302040,1,6862,6863
s112581302039,s112581302048,1,6862,6870
s112581302039,s112581302055,1,6862,6876
s112581302039,s112581302056,1,6862,6877
s112581302039,s113581302004,1,6862,6880
s112581302040,s112581302036,1,6863,6859
s112581302040,s112581302038,1,6863,6861
s112581302040,s112581302050,1,6863,6872
s112581302040,s112581302055,1,6863,6876
s112581302041,s112581302042,1,6864,6865
s112581302041,s112581302046,1,6864,6869
s112581302041,s112581302056,1,6864,6877
s112581302041,s113581302004,1,6864,6880
s112581302042,s112581302039,1,6865,6862
s112581302042,s112581302040,1,6865,6863
s112581302042,s112581302048,1,6865,6870
s112581302042,s112581302059,1,6865,6879
s112581302042,s113581302005,1,6865,6881
s112581302043,s112581302028,1,6866,6852
s112581302043,s112581302049,1,6866,6871
s112581302043,s112581302050,1,6866,6872
s112581302043,s112581302051,1,6866,6873
s112581302043,s112581302054,1,6866,6875
s112581302044,s112581302045,1,6867,6868
s112581302044,s112581302048,1,6867,6870
s112581302044,s112581302050,1,6867,6872
s112581302044,s112581302053,1,6867,6874
s112581302045,s112581302037,1,6868,6860
s112581302045,s112581302044,1,6868,6867
s112581302045,s112581302048,1,6868,6870
s112581302045,s112581302053,1,6868,6874
s112581302045,s112581302054,1,6868,6875
s112581302046,s112581302029,1,6869,6853
s112581302046,s112581302041,1,6869,6864
s112581302046,s112581302048,1,6869,6870
s112581302046,s112581302058,1,6869,6878
s112581302046,s113581302004,1,6869,6880
s112581302048,s112581302053,1,6870,6874
s112581302048,s112581302056,1,6870,6877
s112581302048,s112581302058,1,6870,6878
s112581302048,s112581302059,1,6870,6879
s112581302048,s113581302004,1,6870,6880
s112581302049,s112581302043,1,6871,6866
s112581302049,s112581302050,1,6871,6872
s112581302049,s112581302051,1,6871,6873
s112581302049,s112581302054,1,6871,6875
s112581302049,s112581302055,1,6871,6876
s112581302050,s112581302036,1,6872,6859
s112581302050,s112581302038,1,6872,6861
s112581302050,s112581302040,1,6872,6863
s112581302050,s112581302051,1,6872,6873
s112581302050,s112581302055,1,6872,6876
s112581302051,s112581302043,1,6873,6866
s112581302051,s112581302049,1,6873,6871
s112581302051,s112581302050,1,6873,6872
s112581302051,s112581302054,1,6873,6875
s112581302051,s112581302055,1,6873,6876
s112581302053,s112581302045,1,6874,6868
s112581302053,s112581302048,1,6874,6870
s112581302053,s112581302056,1,6874,6877
s112581302053,s112581302058,1,6874,6878
s112581302053,s112581302059,1,6874,6879
s112581302054,s112581302043,1,6875,6866
s112581302054,s112581302049,1,6875,6871
s112581302054,s112581302051,1,6875,6873
s112581302054,s112581302055,1,6875,6876
s112581302054,s113581302005,1,6875,6881
s112581302055,s112581302036,1,6876,6859
s112581302055,s112581302038,1,6876,6861
s112581302055,s112581302040,1,6876,6863
s112581302055,s112581302050,1,6876,6872
s112581302055,s112581302054,1,6876,6875
s112581302056,s112581302029,1,6877,6853
s112581302056,s112581302046,1,6877,6869
s112581302056,s112581302058,1,6877,6878
s112581302056,s112581302059,1,6877,6879
s112581302056,s113581302004,1,6877,6880
s112581302058,s112581302029,1,6878,6853
s112581302058,s112581302046,1,6878,6869
s112581302058,s112581302049,1,6878,6871
s112581302058,s112581302059,1,6878,6879
s112581302059,s112581302048,1,6879,6870
s112581302059,s112581302053,1,6879,6874
s112581302059,s112581302056,1,6879,6877
s112581302059,s112581302058,1,6879,6878
s112581302063,s112581302064,1,6883,6884
s112581302063,s112581302077,1,6883,6888
s112581302063,s112581302078,1,6883,6889
s112581302064,s112581302063,1,6884,6883
s112581302064,s112581302077,1,6884,6888
s112581302075,s112581302064,1,6887,6884
s112581302075,s112581302077,1,6887,6888
s112581302077,s112581302063,1,6888,6883
s112581302077,s112581302064,1,6888,6884
s112581302077,s112581302075,1,6888,6887
s112581302077,s112581302078,1,6888,6889
s112581302078,s112581302063,1,6889,6883
s112581302078,s112581302064,1,6889,6884
s112581302078,s112581302077,1,6889,6888
s112581302084,s112581302092,1,6890,6891
s112583501023,s112583501024,1,6892,6893
s112583501023,s112583501027,1,6892,6896
s112583501023,s112583501031,1,6892,6899
s112583501023,s112583501034,1,6892,6901
s112583501023,s112583501043,1,6892,6909
s112583501024,s112583501023,1,6893,6892
s112583501024,s112583501028,1,6893,6897
s112583501025,s112583501026,1,6894,6895
s112583501025,s112583501032,1,6894,6900
s112583501025,s112583501046,1,6894,6912
s112583501026,s112583501025,1,6895,6894
s112583501026,s112583501032,1,6895,6900
s112583501027,s112583501023,1,6896,6892
s112583501027,s112583501025,1,6896,6894
s112583501027,s112583501030,1,6896,6898
s112583501027,s112583501031,1,6896,6899
s112583501027,s112583501034,1,6896,6901
s112583501028,s112583501023,1,6897,6892
s112583501028,s112583501024,1,6897,6893
s112583501030,s112583501025,1,6898,6894
s112583501030,s112583501031,1,6898,6899
s112583501030,s112583501034,1,6898,6901
s112583501030,s112583501043,1,6898,6909
s112583501030,s112583501046,1,6898,6912
s112583501031,s112583501023,1,6899,6892
s112583501031,s112583501030,1,6899,6898
s112583501031,s112583501034,1,6899,6901
s112583501031,s112583501042,1,6899,6908
s112583501031,s112583501043,1,6899,6909
s112583501032,s112583501025,1,6900,6894
s112583501032,s112583501026,1,6900,6895
s112583501032,s112583501046,1,6900,6912
s112583501034,s112583501038,1,6901,6905
s112583501034,s112583501039,1,6901,6906
s112583501034,s112583501042,1,6901,6908
s112583501034,s112583501043,1,6901,6909
s112583501035,s112583501025,1,6902,6894
s112583501035,s112583501037,1,6902,6904
s112583501035,s112583501038,1,6902,6905
s112583501035,s112583501039,1,6902,6906
s112583501035,s112583501045,1,6902,6911
s112583501037,s112583501035,1,6904,6902
s112583501037,s112583501038,1,6904,6905
s112583501037,s112583501039,1,6904,6906
s112583501037,s112583501043,1,6904,6909
s112583501037,s112583501045,1,6904,6911
s112583501038,s112583501034,1,6905,6901
s112583501038,s112583501035,1,6905,6902
s112583501038,s112583501039,1,6905,6906
s112583501038,s112583501043,1,6905,6909
s112583501038,s112583501045,1,6905,6911
s112583501039,s112583501030,1,6906,6898
s112583501039,s112583501035,1,6906,6902
s112583501039,s112583501037,1,6906,6904
s112583501039,s112583501038,1,6906,6905
s112583501039,s112583501045,1,6906,6911
s112583501040,s112583501034,1,6907,6901
s112583501040,s112583501039,1,6907,6906
s112583501040,s112583501043,1,6907,6909
s112583501040,s112583501044,1,6907,6910
s112583501040,s113583501002,1,6907,6913
s112583501042,s112583501034,1,6908,6901
s112583501042,s112583501035,1,6908,6902
s112583501042,s112583501043,1,6908,6909
s112583501042,s112583501045,1,6908,6911
s112583501043,s112583501034,1,6909,6901
s112583501043,s112583501038,1,6909,6905
s112583501043,s112583501039,1,6909,6906
s112583501043,s112583501042,1,6909,6908
s112583501043,s112583501045,1,6909,6911
s112583501044,s112583501045,1,6910,6911
s112583501045,s112583501035,1,6911,6902
s112583501045,s112583501038,1,6911,6905
s112583501045,s112583501039,1,6911,6906
s112583501045,s112583501043,1,6911,6909
s112583501045,s112583501044,1,6911,6910
s112593504025,s112593504031,1,6914,6917
s112593504025,s112593504036,1,6914,6919
s112593504025,s113593504003,1,6914,6928
s112593504027,s112593504025,1,6915,6914
s112593504027,s112593504032,1,6915,6918
s112593504027,s113593504003,1,6915,6928
s112593504030,s112593504031,1,6916,6917
s112593504036,s112593504025,1,6919,6914
s112593504036,s112593504031,1,6919,6917
s112593504036,s113593504003,1,6919,6928
s112593504039,s112593504049,1,6920,6927
s112593504040,s112593504044,1,6921,6923
s112593504040,s112593504045,1,6921,6924
s112593504040,s112593504047,1,6921,6925
s112593504042,s112593504048,1,6922,6926
s112593504044,s112593504040,1,6923,6921
s112593504044,s112593504045,1,6923,6924
s112593504044,s112593504047,1,6923,6925
s112593504045,s112593504040,1,6924,6921
s112593504045,s112593504044,1,6924,6923
s112593504045,s112593504047,1,6924,6925
s112593504047,s112593504044,1,6925,6923
s112593504047,s112593504045,1,6925,6924
s112593504047,s112593504048,1,6925,6926
s112593504048,s112593504044,1,6926,6923
s112593504048,s112593504045,1,6926,6924
s112593504048,s112593504047,1,6926,6925
s112593504049,s112593504039,1,6927,6920
s112593504049,s112593504044,1,6927,6923
s112593504052,s112593504053,1,6929,6930
s112593504052,s112593504059,1,6929,6936
s112593504052,s112593504060,1,6929,6937
s112593504052,s112593504062,1,6929,6939
s112593504052,s112593504064,1,6929,6941
s112593504053,s112593504052,1,6930,6929
s112593504053,s112593504054,1,6930,6931
s112593504053,s112593504055,1,6930,6932
s112593504053,s112593504058,1,6930,6935
s112593504053,s112593504064,1,6930,6941
s112593504054,s112593504053,1,6931,6930
s112593504054,s112593504055,1,6931,6932
s112593504054,s112593504058,1,6931,6935
s112593504054,s112593504064,1,6931,6941
s112593504055,s112593504052,1,6932,6929
s112593504055,s112593504053,1,6932,6930
s112593504055,s112593504054,1,6932,6931
s112593504055,s112593504064,1,6932,6941
s112593504055,s112593504067,1,6932,6944
s112593504056,s112593504057,1,6933,6934
s112593504056,s112593504064,1,6933,6941
s112593504057,s112593504056,1,6934,6933
s112593504057,s112593504064,1,6934,6941
s112593504058,s112593504053,1,6935,6930
s112593504058,s112593504054,1,6935,6931
s112593504058,s112593504055,1,6935,6932
s112593504058,s112593504060,1,6935,6937
s112593504058,s112593504067,1,6935,6944
s112593504059,s112593504053,1,6936,6930
s112593504059,s112593504054,1,6936,6931
s112593504059,s112593504058,1,6936,6935
s112593504059,s112593504060,1,6936,6937
s112593504059,s112593504064,1,6936,6941
s112593504060,s112593504053,1,6937,6930
s112593504060,s112593504054,1,6937,6931
s112593504060,s112593504058,1,6937,6935
s112593504060,s112593504063,1,6937,6940
s112593504060,s112593504070,1,6937,6946
s112593504061,s112593504052,1,6938,6929
s112593504062,s112593504052,1,6939,6929
s112593504063,s112593504053,1,6940,6930
s112593504063,s112593504056,1,6940,6933
s112593504063,s112593504058,1,6940,6935
s112593504063,s112593504060,1,6940,6937
s112593504063,s112593504064,1,6940,6941
s112593504065,s112593504067,1,6942,6944
s112593504065,s112593504068,1,6942,6945
s112593504065,s112593504070,1,6942,6946
s112593504065,s112593504076,1,6942,6952
s112593504066,s112593504073,1,6943,6949
s112593504066,s112593504074,1,6943,6950
s112593504067,s112593504065,1,6944,6942
s112593504067,s112593504068,1,6944,6945
s112593504067,s112593504070,1,6944,6946
s112593504067,s112593504072,1,6944,6948
s112593504067,s112593504076,1,6944,6952
s112593504068,s112593504067,1,6945,6944
s112593504068,s112593504070,1,6945,6946
s112593504068,s112593504076,1,6945,6952
s112593504070,s112593504067,1,6946,6944
s112593504070,s112593504068,1,6946,6945
s112593504070,s112593504076,1,6946,6952
s112593504071,s112593504057,1,6947,6934
s112593504071,s112593504067,1,6947,6944
s112593504071,s112593504068,1,6947,6945
s112593504071,s112593504072,1,6947,6948
s112593504071,s112593504073,1,6947,6949
s112593504072,s112593504057,1,6948,6934
s112593504072,s112593504064,1,6948,6941
s112593504072,s112593504068,1,6948,6945
s112593504072,s112593504074,1,6948,6950
s112593504072,s112593504076,1,6948,6952
s112593504073,s112593504066,1,6949,6943
s112593504073,s112593504068,1,6949,6945
s112593504073,s112593504074,1,6949,6950
s112593504073,s112593504076,1,6949,6952
s112593504074,s112593504066,1,6950,6943
s112593504074,s112593504073,1,6950,6949
s112593504075,s112593504052,1,6951,6929
s112593504075,s112593504054,1,6951,6931
s112593504075,s112593504063,1,6951,6940
s112593504075,s112593504067,1,6951,6944
s112593504075,s112593504070,1,6951,6946
s112593504076,s112593504067,1,6952,6944
s112593504076,s112593504068,1,6952,6945
s112593504076,s112593504070,1,6952,6946
s112593504076,s112593504072,1,6952,6948
s112593504076,s112593504073,1,6952,6949
s112613503044,s112613503045,1,6953,6954
s112613503044,s112613503046,1,6953,6955
s112613503044,s112613503050,1,6953,6959
s112613503044,s112613503053,1,6953,6961
s112613503046,s112613503044,1,6955,6953
s112613503046,s112613503050,1,6955,6959
s112613503046,s112613503053,1,6955,6961
s112613503046,s112613503061,1,6955,6967
s112613503048,s112613503046,1,6957,6955
s112613503048,s112613503050,1,6957,6959
s112613503048,s112613503052,1,6957,6960
s112613503048,s112613503053,1,6957,6961
s112613503049,s112613503050,1,6958,6959
s112613503049,s112613503052,1,6958,6960
s112613503049,s112613503053,1,6958,6961
s112613503049,s112613503061,1,6958,6967
s112613503050,s112613503044,1,6959,6953
s112613503050,s112613503048,1,6959,6957
s112613503050,s112613503052,1,6959,6960
s112613503050,s112613503053,1,6959,6961
s112613503052,s112613503048,1,6960,6957
s112613503052,s112613503049,1,6960,6958
s112613503052,s112613503050,1,6960,6959
s112613503052,s112613503053,1,6960,6961
s112613503052,s112613503065,1,6960,6970
s112613503053,s112613503048,1,6961,6957
s112613503053,s112613503049,1,6961,6958
s112613503053,s112613503050,1,6961,6959
s112613503053,s112613503052,1,6961,6960
s112613503054,s112613503044,1,6962,6953
s112613503054,s112613503046,1,6962,6955
s112613503054,s112613503050,1,6962,6959
s112613503054,s112613503053,1,6962,6961
s112613503055,s112613503057,1,6963,6964
s112613503055,s112613503058,1,6963,6965
s112613503055,s112613503059,1,6963,6966
s112613503055,s112613503063,1,6963,6968
s112613503057,s112613503058,1,6964,6965
s112613503057,s112613503064,1,6964,6969
s112613503057,s112613503065,1,6964,6970
s112613503058,s112613503057,1,6965,6964
s112613503058,s112613503063,1,6965,6968
s112613503058,s112613503064,1,6965,6969
s112613503058,s112613503065,1,6965,6970
s112613503059,s112613503055,1,6966,6963
s112613503059,s112613503061,1,6966,6967
s112613503059,s112613503063,1,6966,6968
s112613503061,s112613503059,1,6967,6966
s112613503061,s112613503065,1,6967,6970
s112613503063,s112613503059,1,6968,6966
s112613503064,s112613503057,1,6969,6964
s112613503064,s112613503058,1,6969,6965
s112613503064,s112613503059,1,6969,6966
s112613503064,s112613503065,1,6969,6970
s112613503065,s112613503052,1,6970,6960
s112613503065,s112613503057,1,6970,6964
s112613503065,s112613503058,1,6970,6965
s112613503065,s112613503061,1,6970,6967
s112613503065,s112613503064,1,6970,6969
s112613503070,s112613503071,1,6971,6972
s112613503070,s112613503072,1,6971,6973
s112613503070,s112613503081,1,6971,6982
s112613503071,s112613503070,1,6972,6971
s112613503071,s112613503072,1,6972,6973
s112613503071,s112613503074,1,6972,6975
s112613503071,s112613503091,1,6972,6992
s112613503072,s112613503070,1,6973,6971
s112613503072,s112613503071,1,6973,6972
s112613503072,s112613503074,1,6973,6975
s112613503072,s112613503091,1,6973,6992
s112613503073,s112613503072,1,6974,6973
s112613503073,s112613503074,1,6974,6975
s112613503073,s112613503076,1,6974,6977
s112613503073,s112613503078,1,6974,6979
s112613503075,s112613503076,1,6976,6977
s112613503076,s112613503074,1,6977,6975
s112613503076,s112613503077,1,6977,6978
s112613503076,s112613503078,1,6977,6979
s112613503076,s112613503086,1,6977,6987
s112613503077,s112613503072,1,6978,6973
s112613503077,s112613503073,1,6978,6974
s112613503077,s112613503074,1,6978,6975
s112613503077,s112613503076,1,6978,6977
s112613503077,s112613503078,1,6978,6979
s112613503079,s112613503080,1,6980,6981
s112613503079,s112613503083,1,6980,6984
s112613503079,s112613503085,1,6980,6986
s112613503079,s112613503087,1,6980,6988
s112613503079,s112613503088,1,6980,6989
s112613503080,s112613503081,1,6981,6982
s112613503080,s112613503082,1,6981,6983
s112613503080,s112613503087,1,6981,6988
s112613503080,s112613503088,1,6981,6989
s112613503080,s112613503089,1,6981,6990
s112613503081,s112613503070,1,6982,6971
s112613503081,s112613503083,1,6982,6984
s112613503081,s112613503089,1,6982,6990
s112613503081,s112613503090,1,6982,6991
s112613503082,s112613503081,1,6983,6982
s112613503082,s112613503085,1,6983,6986
s112613503082,s112613503087,1,6983,6988
s112613503082,s112613503089,1,6983,6990
s112613503082,s112613503090,1,6983,6991
s112613503083,s112613503080,1,6984,6981
s112613503083,s112613503081,1,6984,6982
s112613503083,s112613503082,1,6984,6983
s112613503083,s112613503089,1,6984,6990
s112613503083,s112613503090,1,6984,6991
s112613503084,s112613503076,1,6985,6977
s112613503084,s112613503078,1,6985,6979
s112613503084,s112613503083,1,6985,6984
s112613503084,s112613503086,1,6985,6987
s112613503085,s112613503087,1,6986,6988
s112613503086,s112613503081,1,6987,6982
s112613503086,s112613503089,1,6987,6990
s112613503086,s112613503090,1,6987,6991
s112613503087,s112613503082,1,6988,6983
s112613503087,s112613503085,1,6988,6986
s112613503087,s112613503090,1,6988,6991
s112613503088,s112613503079,1,6989,6980
s112613503088,s112613503080,1,6989,6981
s112613503088,s112613503081,1,6989,6982
s112613503088,s112613503083,1,6989,6984
s112613503089,s112613503080,1,6990,6981
s112613503089,s112613503081,1,6990,6982
s112613503089,s112613503090,1,6990,6991
s112613503089,s112613503091,1,6990,6992
s112613503090,s112613503081,1,6991,6982
s112613503090,s112613503082,1,6991,6983
s112613503090,s112613503083,1,6991,6984
s112613503090,s112613503087,1,6991,6988
s112613503090,s112613503089,1,6991,6990
s112613503091,s112613503071,1,6992,6972
s112714502025,s112714502031,1,6994,7000
s112714502025,s112714502037,1,6994,7005
s112714502026,s112714502024,1,6995,6993
s112714502026,s112714502034,1,6995,7003
s112714502026,s112714502035,1,6995,7004
s112714502027,s112714502029,1,6996,6998
s112714502027,s112714502033,1,6996,7002
s112714502029,s112714502027,1,6998,6996
s112714502029,s112714502033,1,6998,7002
s112714502030,s112714502032,1,6999,7001
s112714502030,s112714502038,1,6999,7006
s112714502030,s112714502042,1,6999,7009
s112714502031,s112714502025,1,7000,6994
s112714502031,s112714502037,1,7000,7005
s112714502031,s112714502039,1,7000,7007
s112714502032,s112714502030,1,7001,6999
s112714502032,s112714502038,1,7001,7006
s112714502032,s112714502042,1,7001,7009
s112714502033,s112714502027,1,7002,6996
s112714502033,s112714502029,1,7002,6998
s112714502034,s112714502026,1,7003,6995
s112714502034,s112714502033,1,7003,7002
s112714502034,s112714502035,1,7003,7004
s112714502035,s112714502026,1,7004,6995
s112714502035,s112714502032,1,7004,7001
s112714502035,s112714502034,1,7004,7003
s112714502035,s112714502037,1,7004,7005
s112714502037,s112714502025,1,7005,6994
s112714502037,s112714502031,1,7005,7000
s112714502037,s112714502039,1,7005,7007
s112714502038,s112714502030,1,7006,6999
s112714502038,s112714502032,1,7006,7001
s112714502038,s112714502034,1,7006,7003
s112714502038,s112714502042,1,7006,7009
s112714502039,s112714502025,1,7007,6994
s112714502039,s112714502028,1,7007,6997
s112714502039,s112714502031,1,7007,7000
s112714502039,s112714502037,1,7007,7005
s112714502042,s112714502030,1,7009,6999
s112714502042,s112714502032,1,7009,7001
s112714502042,s112714502038,1,7009,7006
s112714502050,s112714502048,1,7012,7011
s112714502050,s112714502062,1,7012,7020
s112714502053,s112714502055,1,7013,7015
s112714502053,s112714502059,1,7013,7018
s112714502054,s112714502048,1,7014,7011
s112714502055,s112714502057,1,7015,7017
s112714502056,s112714502054,1,7016,7014
s112714502057,s112714502055,1,7017,7015
s112714502057,s112714502065,1,7017,7021
s112714502059,s112714502048,1,7018,7011
s112714502059,s112714502053,1,7018,7013
s112714502059,s112714502055,1,7018,7015
s112714502062,s112714502048,1,7020,7011
s112714502062,s112714502050,1,7020,7012
s112714502065,s112714502057,1,7021,7017
s113011301004,s112011301043,1,27,14
s113011301004,s112011301047,1,27,18
s113011301004,s112011301048,1,27,19
s113011301004,s112011301050,1,27,21
s113014356003,s112014356026,1,277,253
s113014356003,s112014356028,1,277,255
s113014356003,s112014356029,1,277,256
s113014356003,s112014356033,1,277,260
s113014356003,s112014356034,1,277,261
s113014356004,s112014356034,1,278,261
s113014356004,s112014356044,1,278,270
s113014356004,s112014356047,1,278,273
s113014356004,s112014356048,1,278,274
s113014356004,s112014356050,1,278,276
s113014356005,s112014356059,1,286,280
s113014356005,s112014356061,1,286,281
s113014510003,s112014510053,1,464,445
s113014510003,s112014510057,1,464,448
s113014510003,s112014510061,1,464,451
s113014510003,s112014510063,1,464,453
s113014510003,s113014510004,1,464,465
s113014510004,s112014510063,1,465,453
s113014510004,s112014510070,1,465,458
s113014510004,s112014510073,1,465,461
s113014510004,s112014510074,1,465,462
s113014510005,s112014510039,1,444,435
s113014510005,s112014510041,1,444,437
s113014516003,s112014516025,1,560,546
s113014516003,s112014516026,1,560,547
s113014516003,s112014516034,1,560,552
s113014516005,s112014516052,1,579,562
s113014516005,s112014516060,1,579,570
s113014516005,s112014516065,1,579,575
s113014516005,s112014516068,1,579,576
s113014518003,s112014518049,1,650,637
s113014518003,s112014518053,1,650,640
s113014518003,s112014518055,1,650,642
s113014518003,s112014518057,1,650,644
s113014518006,s112014518048,1,651,636
s113014518006,s112014518052,1,651,639
s113014518006,s112014518055,1,651,642
s113014518006,s112014518066,1,651,649
s113014576003,s112014576024,1,955,938
s113014576003,s112014576025,1,955,939
s113014576003,s112014576027,1,955,940
s113014576003,s112014576031,1,955,942
s113014576003,s112014576034,1,955,944
s113014576004,s112014576038,1,956,947
s113014576004,s112014576046,1,956,953
s113014576005,s112014576040,1,957,949
s113014576005,s112014576042,1,957,950
s113014576005,s112014576045,1,957,952
s113014576005,s112014576046,1,957,953
s113014576005,s112014576047,1,957,954
s113014576006,s112014576064,1,982,971
s113014576006,s112014576067,1,982,974
s113014576006,s112014576069,1,982,975
s113014576006,s112014576070,1,982,976
s113014576006,s112014576073,1,982,978
s113024507003,s112024507031,1,1045,1036
s113024507003,s112024507032,1,1045,1037
s113024507003,s112024507036,1,1045,1040
s113024507003,s112024507038,1,1045,1042
s113024507003,s112024507040,1,1045,1043
s113024507004,s112024507053,1,1061,1054
s113024507004,s112024507055,1,1061,1056
s113024507004,s112024507056,1,1061,1057
s113024507004,s112024507058,1,1061,1058
s113034348004,s112034348037,1,1094,1090
s113034348004,s112034348038,1,1094,1091
s113034348004,s113034348008,1,1094,1095
s113034348006,s112034348051,1,1084,1070
s113034348006,s112034348056,1,1084,1074
s113034348008,s112034348037,1,1095,1090
s113034348008,s112034348038,1,1095,1091
s113034348008,s113034348004,1,1095,1094
s113034348009,s112034348031,1,1096,1087
s113034506002,s112034506026,1,1166,1141
s113034506002,s112034506029,1,1166,1144
s113034506002,s112034506031,1,1166,1146
s113034506002,s112034506035,1,1166,1150
s113034508004,s112034508071,1,1210,1201
s113034508004,s112034508074,1,1210,1204
s113034513003,s112034513025,1,1233,1212
s113034513003,s112034513044,1,1233,1227
s113034513003,s112034513049,1,1233,1231
s113034513003,s112034513051,1,1233,1232
s113034513004,s112034513058,1,1256,1237
s113034513004,s112034513073,1,1256,1250
s113034513004,s112034513074,1,1256,1251
s113034513004,s112034513075,1,1256,1252
s113034513004,s112034513078,1,1256,1255
s113034518003,s112034518024,1,1320,1303
s113034518003,s112034518025,1,1320,1304
s113034518003,s112034518029,1,1320,1306
s113034518003,s112034518031,1,1320,1308
s113034518003,s112034518036,1,1320,1312
s113034518005,s112034518075,1,1339,1334
s113034518005,s112034518078,1,1339,1336
s113034518005,s112034518081,1,1339,1338
s113034527003,s112034527029,1,1417,1396
s113034527003,s112034527037,1,1417,1404
s113034527003,s112034527041,1,1417,1408
s113034527003,s112034527044,1,1417,1411
s113034527003,s112034527046,1,1417,1412
s113034527004,s112034527024,1,1418,1392
s113034527004,s112034527032,1,1418,1399
s113034527004,s112034527033,1,1418,1400
s113034527004,s112034527040,1,1418,1407
s113034527004,s112034527043,1,1418,1410
s113034543003,s112034543038,1,1460,1453
s113034543003,s112034543040,1,1460,1454
s113034543003,s112034543043,1,1460,1456
s113034543003,s112034543046,1,1460,1459
s113034554004,s112034554066,1,1501,1492
s113034554004,s112034554067,1,1501,1493
s113034554004,s112034554068,1,1501,1494
s113034554004,s112034554072,1,1501,1496
s113034554004,s112034554074,1,1501,1498
s113034557003,s112034557027,1,1542,1527
s113034557003,s112034557029,1,1542,1529
s113034557003,s112034557038,1,1542,1535
s113034557003,s112034557042,1,1542,1539
s113034557004,s112034557030,1,1543,1530
s113034557004,s112034557039,1,1543,1536
s113034557004,s112034557041,1,1543,1538
s113034557004,s112034557043,1,1543,1540
s113034557004,s113034557005,1,1543,1544
s113034557005,s112034557039,1,1544,1536
s113034557005,s112034557043,1,1544,1540
s113034563003,s112034563024,1,1629,1608
s113034563003,s112034563037,1,1629,1620
s113034563004,s112034563036,1,1630,1619
s113034563004,s112034563037,1,1630,1620
s113034563004,s112034563045,1,1630,1626
s113034563004,s112034563046,1,1630,1627
s113034565003,s112034565031,1,1671,1653
s113034565003,s112034565035,1,1671,1656
s113034565004,s112034565065,1,1700,1682
s113034565004,s112034565074,1,1700,1690
s113034565004,s112034565079,1,1700,1695
s113034565004,s112034565080,1,1700,1696
s113044506003,s112044506024,1,1747,1735
s113044506003,s112044506028,1,1747,1738
s113044522003,s112044522039,1,1765,1758
s113044522003,s112044522040,1,1765,1759
s113044522003,s112044522041,1,1765,1760
s113044522003,s112044522044,1,1765,1763
s113044524005,s112044524060,1,1807,1800
s113044524005,s112044524064,1,1807,1804
s113044524007,s112044524049,1,1808,1796
s113051302003,s112051302027,1,1888,1855
s113051302003,s112051302029,1,1888,1857
s113051302003,s112051302039,1,1888,1866
s113051302003,s112051302041,1,1888,1868
s113054502003,s112054502028,1,1927,1913
s113054502003,s112054502031,1,1927,1916
s113054502003,s112054502032,1,1927,1917
s113054502003,s112054502033,1,1927,1918
s113054502003,s112054502046,1,1927,1926
s113054502004,s112054502050,1,1941,1928
s113054502004,s112054502051,1,1941,1929
s113054502004,s112054502053,1,1941,1930
s113054502004,s112054502054,1,1941,1931
s113054502004,s112054502055,1,1941,1932
s113054505003,s112054505035,1,1953,1945
s113060323003,s112060323091,1,2019,2011
s113060323004,s112060323108,1,2042,2022
s113060323004,s112060323111,1,2042,2024
s113060323004,s112060323113,1,2042,2026
s113060323004,s112060323118,1,2042,2029
s113060323004,s113060323005,1,2042,2043
s113060323005,s112060323111,1,2043,2024
s113060323005,s112060323113,1,2043,2026
s113060323005,s112060323132,1,2043,2041
s113060323005,s113060323004,1,2043,2042
s113060323006,s112060323121,1,2044,2031
s113060323006,s112060323124,1,2044,2033
s113060323006,s112060323125,1,2044,2034
s113060323006,s112060323128,1,2044,2037
s113061317004,s112061317082,1,2224,2199
s113061317007,s112061317081,1,2225,2198
s113061317007,s112061317083,1,2225,2200
s113061317007,s112061317085,1,2225,2201
s113061317008,s112061317087,1,2226,2203
s113061317008,s112061317093,1,2226,2208
s113061317008,s112061317101,1,2226,2214
s113061317008,s112061317103,1,2226,2216
s113061317008,s112061317106,1,2226,2217
s113064350003,s112064350028,1,2245,2229
s113064350003,s112064350032,1,2245,2232
s113064350003,s112064350034,1,2245,2234
s113064350003,s112064350040,1,2245,2239
s113064350003,s112064350041,1,2245,2240
s113064350004,s112064350034,1,2246,2234
s113064350004,s112064350035,1,2246,2235
s113064350004,s112064350040,1,2246,2239
s113064350004,s112064350043,1,2246,2242
s113064350004,s112064350044,1,2246,2243
s113064350005,s112064350025,1,2247,2227
s113064350005,s112064350027,1,2247,2228
s113064350005,s112064350032,1,2247,2232
s113064515004,s112064515044,1,2331,2323
s113064515004,s112064515045,1,2331,2324
s113064515004,s112064515048,1,2331,2327
s113064515004,s112064515049,1,2331,2328
s113064515004,s112064515050,1,2331,2329
s113064523003,s113064523004,1,2423,2424
s113064523004,s113064523003,1,2424,2423
s113064523006,s112064523024,1,2425,2410
s113064523006,s112064523028,1,2425,2412
s113064523006,s112064523029,1,2425,2413
s113064523006,s112064523033,1,2425,2416
s113064526003,s112064526037,1,2449,2437
s113064526003,s112064526043,1,2449,2442
s113064526003,s112064526046,1,2449,2445
s113064538003,s112064538024,1,2540,2516
s113064538003,s112064538027,1,2540,2517
s113064538003,s112064538028,1,2540,2518
s113064538003,s112064538029,1,2540,2519
s113064538003,s112064538030,1,2540,2520
s113064538004,s112064538030,1,2541,2520
s113064538004,s112064538032,1,2541,2521
s113064538004,s113064538003,1,2541,2540
s113064538005,s112064538055,1,2513,2489
s113064538005,s112064538058,1,2513,2492
s113064538005,s112064538059,1,2513,2493
s113064538005,s112064538065,1,2513,2499
s113064538005,s113064538006,1,2513,2514
s113064538006,s112064538059,1,2514,2493
s113064538006,s112064538060,1,2514,2494
s113064538006,s112064538061,1,2514,2495
s113064538006,s112064538065,1,2514,2499
s113064538006,s113064538007,1,2514,2515
s113064538007,s112064538056,1,2515,2490
s113064538007,s113064538005,1,2515,2513
s113064538007,s113064538006,1,2515,2514
s113064543004,s112064543026,1,2559,2543
s113064543004,s112064543036,1,2559,2550
s113064543004,s112064543037,1,2559,2551
s113064545004,s112064545055,1,2602,2596
s113064545004,s112064545056,1,2602,2597
s113064545004,s112064545057,1,2602,2598
s113064545004,s112064545058,1,2602,2599
s113064546004,s112064546067,1,2627,2616
s113064546004,s112064546068,1,2627,2617
s113064546004,s112064546070,1,2627,2619
s113064546004,s112064546073,1,2627,2622
s113064546004,s112064546074,1,2627,2623
s113064548003,s112064548037,1,2674,2662
s113064548003,s112064548043,1,2674,2668
s113064548003,s112064548044,1,2674,2669
s113064548003,s112064548050,1,2674,2673
s113071311004,s112071311080,1,2781,2765
s113071311004,s112071311082,1,2781,2766
s113071311004,s112071311083,1,2781,2767
s113071311004,s112071311088,1,2781,2770
s113074510003,s112074510040,1,2904,2893
s113074510003,s112074510042,1,2904,2895
s113074510003,s112074510045,1,2904,2898
s113074510003,s112074510046,1,2904,2899
s113074510003,s112074510048,1,2904,2901
s113074510004,s112074510024,1,2905,2880
s113074510004,s112074510027,1,2905,2883
s113074510004,s112074510034,1,2905,2889
s113074510004,s112074510035,1,2905,2890
s113074510004,s112074510036,1,2905,2891
s113074510006,s112074510070,1,2933,2923
s113074510006,s112074510074,1,2933,2926
s113074510006,s112074510076,1,2933,2928
s113074510006,s112074510077,1,2933,2929
s113074511003,s112074511041,1,2958,2948
s113074511003,s112074511047,1,2958,2953
s113074511003,s112074511048,1,2958,2954
s113074511003,s112074511050,1,2958,2956
s113074511004,s112074511025,1,2959,2935
s113074511004,s112074511029,1,2959,2939
s113074511004,s112074511030,1,2959,2940
s113074511004,s112074511037,1,2959,2945
s113074518004,s112074518064,1,3028,3016
s113074534003,s112074534050,1,3069,3047
s113074534003,s112074534053,1,3069,3049
s113074534003,s112074534056,1,3069,3052
s113074534003,s112074534057,1,3069,3053
s113074534003,s112074534060,1,3069,3056
s113074536003,s112074536054,1,3115,3095
s113074536003,s112074536055,1,3115,3096
s113074536003,s112074536058,1,3115,3098
s113074536003,s112074536060,1,3115,3099
s113074536003,s112074536074,1,3115,3110
s113074536004,s112074536060,1,3116,3099
s113074536004,s112074536061,1,3116,3100
s113074536004,s112074536063,1,3116,3102
s113084503003,s112084503025,1,3212,3190
s113084503003,s112084503029,1,3212,3194
s113084503003,s112084503030,1,3212,3195
s113084503003,s112084503031,1,3212,3196
s113084503004,s112084503042,1,3213,3203
s113084503004,s112084503048,1,3213,3207
s113084503004,s112084503050,1,3213,3209
s113084503005,s112084503073,1,3188,3177
s113084503005,s112084503077,1,3188,3180
s113084503005,s112084503079,1,3188,3182
s113084503005,s112084503080,1,3188,3183
s113084503005,s112084503081,1,3188,3184
s113084507003,s112084507028,1,3234,3217
s113084507003,s112084507032,1,3234,3221
s113084507003,s112084507034,1,3234,3223
s113084507003,s112084507035,1,3234,3224
s113084507004,s112084507039,1,3235,3226
s113084507005,s112084507031,1,3236,3220
s113084507005,s112084507041,1,3236,3228
s113084507005,s112084507042,1,3236,3229
s113084507005,s112084507046,1,3236,3232
s113084507005,s112084507047,1,3236,3233
s113084523002,s112084523023,1,3315,3309
s113084523002,s112084523025,1,3315,3311
s113084523002,s112084523026,1,3315,3312
s113084523002,s112084523028,1,3315,3313
s113084523002,s112084523029,1,3315,3314
s113084530004,s112084530049,1,3325,3317
s113084530004,s112084530050,1,3325,3318
s113104319004,s112104319059,1,3419,3406
s113104319004,s112104319061,1,3419,3407
s113104319004,s112104319067,1,3419,3412
s113104319004,s112104319073,1,3419,3416
s113104326004,s112104326058,1,3466,3445
s113104326004,s112104326070,1,3466,3456
s113104326004,s112104326077,1,3466,3462
s113104506003,s112104506053,1,3545,3526
s113104506003,s112104506056,1,3545,3529
s113104506003,s112104506063,1,3545,3534
s113104506003,s113104506004,1,3545,3546
s113104506004,s112104506052,1,3546,3525
s113104506004,s112104506053,1,3546,3526
s113104506004,s112104506056,1,3546,3529
s113104506004,s113104506003,1,3546,3545
s113104518003,s112104518061,1,3581,3574
s113104518003,s112104518064,1,3581,3577
s113104518003,s112104518065,1,3581,3578
s113104518003,s112104518066,1,3581,3579
s113104518003,s112104518067,1,3581,3580
s113104521005,s112104521049,1,3607,3590
s113111321003,s112111321070,1,3658,3640
s113111321003,s112111321079,1,3658,3645
s113111321003,s112111321083,1,3658,3647
s113111323003,s112111323069,1,3729,3696
s113111323003,s112111323079,1,3729,3705
s113111323003,s112111323102,1,3729,3725
s113111323003,s113111323004,1,3729,3730
s113111323004,s112111323075,1,3730,3702
s113111323004,s112111323080,1,3730,3706
s113111323004,s112111323081,1,3730,3707
s113111323004,s113111323003,1,3730,3729
s113114501004,s112114501066,1,3766,3754
s113114501004,s112114501067,1,3766,3755
s113114501004,s112114501071,1,3766,3758
s113114501004,s112114501076,1,3766,3762
s113114503003,s112114503043,1,3814,3807
s113114503003,s112114503045,1,3814,3809
s113114503003,s112114503048,1,3814,3811
s113114503003,s112114503049,1,3814,3812
s113114510003,s112114510069,1,3850,3843
s113114510003,s112114510070,1,3850,3844
s113114510003,s112114510071,1,3850,3845
s113114510003,s112114510072,1,3850,3846
s113114510003,s112114510073,1,3850,3847
s113114523003,s112114523061,1,3888,3876
s113114534003,s112114534037,1,3907,3899
s113114534003,s112114534038,1,3907,3900
s113114534003,s112114534043,1,3907,3905
s113114534003,s112114534044,1,3907,3906
s113114534004,s112114534053,1,3921,3912
s113114534004,s112114534068,1,3921,3920
s113114537002,s112114537023,1,3928,3922
s113124311003,s112124311024,1,3965,3940
s113124311003,s112124311038,1,3965,3952
s113124311003,s112124311039,1,3965,3953
s113124311003,s112124311043,1,3965,3957
s113124311003,s112124311051,1,3965,3964
s113124503003,s112124503048,1,4094,4093
s113124503004,s112124503031,1,4095,4081
s113124503004,s112124503034,1,4095,4083
s113124503004,s112124503035,1,4095,4084
s113124503004,s112124503036,1,4095,4085
s113124546003,s112124546052,1,4309,4298
s113124546003,s112124546056,1,4309,4301
s113124546003,s112124546057,1,4309,4302
s113124546003,s112124546058,1,4309,4303
s113124546003,s112124546063,1,4309,4308
s113124548003,s112124548024,1,4317,4311
s113124548003,s112124548025,1,4317,4312
s113134501004,s112134501054,1,4418,4399
s113134501004,s112134501060,1,4418,4402
s113134501004,s112134501066,1,4418,4404
s113134501004,s113134501005,1,4418,4419
s113134501005,s112134501054,1,4419,4399
s113134501005,s112134501061,1,4419,4403
s113134501005,s112134501066,1,4419,4404
s113134501005,s112134501067,1,4419,4405
s113134527004,s112134527045,1,4435,4433
s113134527005,s112134527050,1,4455,4437
s113134527005,s112134527052,1,4455,4439
s113134527005,s112134527058,1,4455,4443
s113134527005,s112134527065,1,4455,4449
s113134527006,s112134527059,1,4456,4444
s113134527006,s112134527062,1,4456,4447
s113134527006,s112134527068,1,4456,4452
s113134527006,s112134527069,1,4456,4453
s113144501003,s112144501025,1,4520,4494
s113144501003,s112144501027,1,4520,4496
s113144501003,s112144501029,1,4520,4498
s113144501003,s112144501036,1,4520,4504
s113144501003,s112144501037,1,4520,4505
s113144501004,s112144501060,1,4547,4526
s113144501004,s112144501061,1,4547,4527
s113144501004,s112144501063,1,4547,4529
s113144501005,s112144501071,1,4548,4536
s113144501005,s112144501073,1,4548,4537
s113144501005,s112144501076,1,4548,4540
s113144501005,s112144501081,1,4548,4544
s113144501005,s113144501006,1,4548,4549
s113144501006,s112144501073,1,4549,4537
s113144501006,s112144501074,1,4549,4538
s113144501006,s112144501075,1,4549,4539
s113144501006,s112144501081,1,4549,4544
s113144501006,s112144501082,1,4549,4545
s113144511003,s112144511025,1,4590,4572
s113144511003,s112144511026,1,4590,4573
s113144511003,s112144511041,1,4590,4585
s113144511003,s112144511043,1,4590,4587
s113144512002,s112144512031,1,4628,4618
s113144512002,s112144512032,1,4628,4619
s113144512002,s112144512033,1,4628,4620
s113144512002,s112144512034,1,4628,4621
s113144512002,s112144512035,1,4628,4622
s113144517003,s112144517034,1,4646,4636
s113144517003,s112144517039,1,4646,4641
s113144517003,s112144517042,1,4646,4643
s113144517004,s112144517050,1,4655,4647
s113144517004,s112144517064,1,4655,4653
s113154505003,s112154505040,1,4723,4713
s113154505003,s112154505041,1,4723,4714
s113154505003,s112154505043,1,4723,4715
s113154505003,s112154505046,1,4723,4718
s113154505003,s112154505051,1,4723,4722
s113154506003,s112154506087,1,4793,4783
s113154506003,s112154506088,1,4793,4784
s113154506003,s112154506089,1,4793,4785
s113154506003,s112154506090,1,4793,4786
s113154506003,s112154506096,1,4793,4789
s113154513003,s112154513028,1,4811,4797
s113154513003,s112154513039,1,4811,4804
s113154515003,s112154515033,1,4842,4836
s113154515003,s112154515041,1,4842,4841
s113164513003,s112164513054,1,4942,4932
s113164513003,s112164513057,1,4942,4937
s113164513003,s112164513071,1,4942,4941
s113183510003,s112183510038,1,5068,5058
s113183510003,s112183510039,1,5068,5059
s113183510003,s112183510042,1,5068,5061
s113183510003,s112183510049,1,5068,5065
s113183510004,s112183510054,1,5091,5069
s113183510004,s112183510056,1,5091,5070
s113183510004,s112183510058,1,5091,5071
s113183510004,s112183510059,1,5091,5072
s113183510005,s112183510069,1,5092,5080
s113183510005,s112183510070,1,5092,5081
s113183510005,s112183510071,1,5092,5082
s113183510005,s112183510075,1,5092,5085
s113183510005,s112183510080,1,5092,5090
s113191311003,s112191311079,1,5162,5124
s113191311003,s112191311081,1,5162,5126
s113191311003,s112191311101,1,5162,5145
s113191311003,s112191311104,1,5162,5148
s113191311003,s112191311105,1,5162,5149
s113191313005,s112191313044,1,5295,5271
s113191313005,s112191313046,1,5295,5273
s113191313005,s112191313054,1,5295,5279
s113191313005,s112191313071,1,5295,5293
s113191313006,s112191313084,1,5253,5214
s113191313006,s112191313095,1,5253,5224
s113191313006,s112191313115,1,5253,5244
s113191313006,s112191313120,1,5253,5249
s113191313006,s112191313123,1,5253,5252
s113193501005,s112193501039,1,5339,5331
s113193501005,s112193501040,1,5339,5332
s113203505003,s112203505056,1,5606,5590
s113211318003,s112211318061,1,5656,5651
s113211318003,s112211318064,1,5656,5653
s113211318003,s112211318067,1,5656,5655
s113211318003,s113211318004,1,5656,5657
s113211318004,s112211318052,1,5657,5644
s113211318004,s112211318059,1,5657,5649
s113211318004,s112211318063,1,5657,5652
s113211318005,s112211318094,1,5692,5679
s113213510004,s112213510052,1,5872,5855
s113213510004,s112213510053,1,5872,5856
s113213510004,s112213510058,1,5872,5858
s113213510004,s112213510061,1,5872,5861
s113213510004,s112213510062,1,5872,5862
s113213510006,s112213510042,1,5853,5848
s113213510006,s112213510043,1,5853,5849
s113213514003,s112213514034,1,5896,5880
s113213514003,s112213514035,1,5896,5881
s113213514003,s112213514038,1,5896,5884
s113213514003,s112213514052,1,5896,5895
s113333501003,s112333501028,1,6013,5999
s113333501003,s112333501029,1,6013,6000
s113333501003,s112333501030,1,6013,6001
s113333501003,s112333501036,1,6013,6006
s113343507003,s112343507048,1,6125,6115
s113343507003,s112343507049,1,6125,6116
s113343507003,s112343507053,1,6125,6117
s113343507003,s112343507055,1,6125,6119
s113343507004,s112343507061,1,6126,6122
s113363501005,s112363501052,1,6261,6241
s113363501005,s112363501053,1,6261,6242
s113363501005,s112363501055,1,6261,6244
s113363501005,s112363501057,1,6261,6246
s113363501006,s112363501065,1,6262,6252
s113411303003,s112411303093,1,6416,6401
s113411303003,s112411303094,1,6416,6402
s113411303003,s112411303095,1,6416,6403
s113411303003,s112411303096,1,6416,6404
s113411303004,s112411303094,1,6417,6402
s113411303004,s112411303095,1,6417,6403
s113411303004,s112411303109,1,6417,6413
s113413301003,s112413301058,1,6465,6448
s113413302003,s112413302026,1,6483,6467
s113413302003,s112413302040,1,6483,6476
s113413302003,s113413302004,1,6483,6484
s113413302004,s112413302040,1,6484,6476
s113413302004,s112413302045,1,6484,6480
s113413302004,s112413302047,1,6484,6481
s113413302004,s113413302003,1,6484,6483
s113413508003,s112413508024,1,6524,6507
s113413508003,s112413508025,1,6524,6508
s113413508003,s112413508027,1,6524,6509
s113413508003,s112413508029,1,6524,6511
s113413508003,s112413508030,1,6524,6512
s113581302004,s112581302039,1,6880,6862
s113581302004,s112581302041,1,6880,6864
s113581302004,s112581302046,1,6880,6869
s113581302004,s112581302048,1,6880,6870
s113581302004,s112581302056,1,6880,6877
s113581302005,s112581302042,1,6881,6865
s113581302005,s112581302045,1,6881,6868
s113581302005,s112581302049,1,6881,6871
s113581302005,s112581302054,1,6881,6875
s113581302005,s112581302059,1,6881,6879
s113583501002,s112583501034,1,6913,6901
s113583501002,s112583501042,1,6913,6908
s113593504003,s112593504025,1,6928,6914
s113593504003,s112593504031,1,6928,6917
s113593504003,s112593504032,1,6928,6918
s113593504003,s112593504036,1,6928,6919
