student_id,qb_code,q_name,school_id,school_name,class
s112011301024,CO01,2024,11301,私立淡江高中附設國中,801.0
s112011301025,CO01,2024,11301,私立淡江高中附設國中,801.0
s112011301026,CO01,2024,11301,私立淡江高中附設國中,801.0
s112011301028,CO01,2024,11301,私立淡江高中附設國中,801.0
s112011301031,CO01,2024,11301,私立淡江高中附設國中,801.0
s112011301032,CO01,2024,11301,私立淡江高中附設國中,801.0
s112011301033,CO01,2024,11301,私立淡江高中附設國中,801.0
s112011301034,CO01,2024,11301,私立淡江高中附設國中,801.0
s112011301035,CO01,2024,11301,私立淡江高中附設國中,801.0
s112011301037,CO01,2024,11301,私立淡江高中附設國中,801.0
s112011301038,CO01,2024,11301,私立淡江高中附設國中,801.0
s112011301039,CO01,2024,11301,私立淡江高中附設國中,801.0
s112011301040,CO01,2024,11301,私立淡江高中附設國中,801.0
s112011301042,CO01,2024,11301,私立淡江高中附設國中,801.0
s112011301043,CO01,2024,11301,私立淡江高中附設國中,801.0
s112011301044,CO01,2024,11301,私立淡江高中附設國中,801.0
s112011301045,CO01,2024,11301,私立淡江高中附設國中,801.0
s112011301046,CO01,2024,11301,私立淡江高中附設國中,801.0
s112011301047,CO01,2024,11301,私立淡江高中附設國中,801.0
s112011301048,CO01,2024,11301,私立淡江高中附設國中,801.0
s112011301049,CO01,2024,11301,私立淡江高中附設國中,801.0
s112011301050,CO01,2024,11301,私立淡江高中附設國中,801.0
s112011301052,CO01,2024,11301,私立淡江高中附設國中,801.0
s112011301054,CO01,2024,11301,私立淡江高中附設國中,801.0
s112011301055,CO01,2024,11301,私立淡江高中附設國中,801.0
s112011301056,CO01,2024,11301,私立淡江高中附設國中,801.0
s112011301057,CO01,2024,11301,私立淡江高中附設國中,801.0
s112011301061,CO01,2024,11301,私立淡江高中附設國中,805.0
s112011301062,CO01,2024,11301,私立淡江高中附設國中,805.0
s112011301063,CO01,2024,11301,私立淡江高中附設國中,805.0
s112011301064,CO01,2024,11301,私立淡江高中附設國中,805.0
s112011301065,CO01,2024,11301,私立淡江高中附設國中,805.0
s112011301067,CO01,2024,11301,私立淡江高中附設國中,805.0
s112011301068,CO01,2024,11301,私立淡江高中附設國中,805.0
s112011301069,CO01,2024,11301,私立淡江高中附設國中,805.0
s112011301070,CO01,2024,11301,私立淡江高中附設國中,805.0
s112011301071,CO01,2024,11301,私立淡江高中附設國中,805.0
s112011301072,CO01,2024,11301,私立淡江高中附設國中,805.0
s112011301073,CO01,2024,11301,私立淡江高中附設國中,805.0
s112011301074,CO01,2024,11301,私立淡江高中附設國中,805.0
s112011301075,CO01,2024,11301,私立淡江高中附設國中,805.0
s112011301076,CO01,2024,11301,私立淡江高中附設國中,805.0
s112011301078,CO01,2024,11301,私立淡江高中附設國中,805.0
s112011301079,CO01,2024,11301,私立淡江高中附設國中,805.0
s112011301080,CO01,2024,11301,私立淡江高中附設國中,805.0
s112011301081,CO01,2024,11301,私立淡江高中附設國中,805.0
s112011301082,CO01,2024,11301,私立淡江高中附設國中,805.0
s112011301083,CO01,2024,11301,私立淡江高中附設國中,805.0
s112011301084,CO01,2024,11301,私立淡江高中附設國中,805.0
s112011301086,CO01,2024,11301,私立淡江高中附設國中,805.0
s112011301087,CO01,2024,11301,私立淡江高中附設國中,805.0
s112011301088,CO01,2024,11301,私立淡江高中附設國中,805.0
s112011301089,CO01,2024,11301,私立淡江高中附設國中,805.0
s112011301090,CO01,2024,11301,私立淡江高中附設國中,805.0
s112011301094,CO01,2024,11301,私立淡江高中附設國中,805.0
s112011306023,CO01,2024,11306,私立金陵女中附設國中,108.0
s112011306026,CO01,2024,11306,私立金陵女中附設國中,108.0
s112011306027,CO01,2024,11306,私立金陵女中附設國中,108.0
s112011306029,CO01,2024,11306,私立金陵女中附設國中,108.0
s112011306034,CO01,2024,11306,私立金陵女中附設國中,108.0
s112011306037,CO01,2024,11306,私立金陵女中附設國中,108.0
s112011306038,CO01,2024,11306,私立金陵女中附設國中,108.0
s112011306039,CO01,2024,11306,私立金陵女中附設國中,108.0
s112011306042,CO01,2024,11306,私立金陵女中附設國中,108.0
s112011306043,CO01,2024,11306,私立金陵女中附設國中,108.0
s112011306044,CO01,2024,11306,私立金陵女中附設國中,108.0
s112011306045,CO01,2024,11306,私立金陵女中附設國中,108.0
s112011306046,CO01,2024,11306,私立金陵女中附設國中,108.0
s112011306049,CO01,2024,11306,私立金陵女中附設國中,108.0
s112011306050,CO01,2024,11306,私立金陵女中附設國中,108.0
s112011306051,CO01,2024,11306,私立金陵女中附設國中,108.0
s112011306053,CO01,2024,11306,私立金陵女中附設國中,108.0
s112011306054,CO01,2024,11306,私立金陵女中附設國中,108.0
s112011306055,CO01,2024,11306,私立金陵女中附設國中,108.0
s112011306056,CO01,2024,11306,私立金陵女中附設國中,108.0
s112011306057,CO01,2024,11306,私立金陵女中附設國中,108.0
s112011306058,CO01,2024,11306,私立金陵女中附設國中,108.0
s112011324025,CO01,2024,11324,私立竹林高中附設國中,國二忠
s112011324026,CO01,2024,11324,私立竹林高中附設國中,國二忠
s112011324027,CO01,2024,11324,私立竹林高中附設國中,國二忠
s112011324028,CO01,2024,11324,私立竹林高中附設國中,國二忠
s112011324030,CO01,2024,11324,私立竹林高中附設國中,國二忠
s112011324032,CO01,2024,11324,私立竹林高中附設國中,國二忠
s112011324033,CO01,2024,11324,私立竹林高中附設國中,國二忠
s112011324034,CO01,2024,11324,私立竹林高中附設國中,國二忠
s112011324036,CO01,2024,11324,私立竹林高中附設國中,國二忠
s112011324037,CO01,2024,11324,私立竹林高中附設國中,國二忠
s112011324038,CO01,2024,11324,私立竹林高中附設國中,國二忠
s112011324040,CO01,2024,11324,私立竹林高中附設國中,國二忠
s112011324041,CO01,2024,11324,私立竹林高中附設國中,國二忠
s112011324042,CO01,2024,11324,私立竹林高中附設國中,國二忠
s112011324043,CO01,2024,11324,私立竹林高中附設國中,國二忠
s112011324044,CO01,2024,11324,私立竹林高中附設國中,國二忠
s112011324045,CO01,2024,11324,私立竹林高中附設國中,國二忠
s112011324046,CO01,2024,11324,私立竹林高中附設國中,國二忠
s112011324048,CO01,2024,11324,私立竹林高中附設國中,國二忠
s112011324049,CO01,2024,11324,私立竹林高中附設國中,國二忠
s112011324050,CO01,2024,11324,私立竹林高中附設國中,國二忠
s112011324051,CO01,2024,11324,私立竹林高中附設國中,國二忠
s112011324052,CO01,2024,11324,私立竹林高中附設國中,國二忠
s112011324053,CO01,2024,11324,私立竹林高中附設國中,國二忠
s112011324054,CO01,2024,11324,私立竹林高中附設國中,國二忠
s112011324055,CO01,2024,11324,私立竹林高中附設國中,國二忠
s112011324056,CO01,2024,11324,私立竹林高中附設國中,國二忠
s112011324057,CO01,2024,11324,私立竹林高中附設國中,國二忠
s112011324058,CO01,2024,11324,私立竹林高中附設國中,國二忠
s112011324059,CO01,2024,11324,私立竹林高中附設國中,國二忠
s112011324060,CO01,2024,11324,私立竹林高中附設國中,國二忠
s112011324061,CO01,2024,11324,私立竹林高中附設國中,國二忠
s112011324062,CO01,2024,11324,私立竹林高中附設國中,國二忠
s112011324063,CO01,2024,11324,私立竹林高中附設國中,國二忠
s112011324073,CO01,2024,11324,私立竹林高中附設國中,國二義
s112011324083,CO01,2024,11324,私立竹林高中附設國中,國二義
s112011324094,CO01,2024,11324,私立竹林高中附設國中,國二義
s112011324097,CO01,2024,11324,私立竹林高中附設國中,國二義
s112014302024,CO01,2024,14302,市立海山高中附設國中,806.0
s112014302028,CO01,2024,14302,市立海山高中附設國中,806.0
s112014302030,CO01,2024,14302,市立海山高中附設國中,806.0
s112014302031,CO01,2024,14302,市立海山高中附設國中,806.0
s112014302033,CO01,2024,14302,市立海山高中附設國中,806.0
s112014302034,CO01,2024,14302,市立海山高中附設國中,806.0
s112014302035,CO01,2024,14302,市立海山高中附設國中,806.0
s112014302036,CO01,2024,14302,市立海山高中附設國中,806.0
s112014302037,CO01,2024,14302,市立海山高中附設國中,806.0
s112014302038,CO01,2024,14302,市立海山高中附設國中,806.0
s112014302042,CO01,2024,14302,市立海山高中附設國中,806.0
s112014302043,CO01,2024,14302,市立海山高中附設國中,806.0
s112014302044,CO01,2024,14302,市立海山高中附設國中,806.0
s112014302045,CO01,2024,14302,市立海山高中附設國中,806.0
s112014302046,CO01,2024,14302,市立海山高中附設國中,806.0
s112014302050,CO01,2024,14302,市立海山高中附設國中,806.0
s112014302051,CO01,2024,14302,市立海山高中附設國中,806.0
s112014302054,CO01,2024,14302,市立海山高中附設國中,806.0
s112014302057,CO01,2024,14302,市立海山高中附設國中,820.0
s112014302059,CO01,2024,14302,市立海山高中附設國中,820.0
s112014302060,CO01,2024,14302,市立海山高中附設國中,820.0
s112014302061,CO01,2024,14302,市立海山高中附設國中,820.0
s112014302062,CO01,2024,14302,市立海山高中附設國中,820.0
s112014302063,CO01,2024,14302,市立海山高中附設國中,820.0
s112014302064,CO01,2024,14302,市立海山高中附設國中,820.0
s112014302066,CO01,2024,14302,市立海山高中附設國中,820.0
s112014302067,CO01,2024,14302,市立海山高中附設國中,820.0
s112014302068,CO01,2024,14302,市立海山高中附設國中,820.0
s112014302071,CO01,2024,14302,市立海山高中附設國中,820.0
s112014302072,CO01,2024,14302,市立海山高中附設國中,820.0
s112014302073,CO01,2024,14302,市立海山高中附設國中,820.0
s112014302075,CO01,2024,14302,市立海山高中附設國中,820.0
s112014302076,CO01,2024,14302,市立海山高中附設國中,820.0
s112014302077,CO01,2024,14302,市立海山高中附設國中,820.0
s112014302078,CO01,2024,14302,市立海山高中附設國中,820.0
s112014302079,CO01,2024,14302,市立海山高中附設國中,820.0
s112014302080,CO01,2024,14302,市立海山高中附設國中,820.0
s112014302081,CO01,2024,14302,市立海山高中附設國中,820.0
s112014302084,CO01,2024,14302,市立海山高中附設國中,820.0
s112014302085,CO01,2024,14302,市立海山高中附設國中,820.0
s112014322024,CO01,2024,14322,市立樹林高中附設國中,805.0
s112014322025,CO01,2024,14322,市立樹林高中附設國中,805.0
s112014322026,CO01,2024,14322,市立樹林高中附設國中,805.0
s112014322027,CO01,2024,14322,市立樹林高中附設國中,805.0
s112014322028,CO01,2024,14322,市立樹林高中附設國中,805.0
s112014322029,CO01,2024,14322,市立樹林高中附設國中,805.0
s112014322030,CO01,2024,14322,市立樹林高中附設國中,805.0
s112014322031,CO01,2024,14322,市立樹林高中附設國中,805.0
s112014322032,CO01,2024,14322,市立樹林高中附設國中,805.0
s112014322033,CO01,2024,14322,市立樹林高中附設國中,805.0
s112014322034,CO01,2024,14322,市立樹林高中附設國中,805.0
s112014322035,CO01,2024,14322,市立樹林高中附設國中,805.0
s112014322036,CO01,2024,14322,市立樹林高中附設國中,805.0
s112014322039,CO01,2024,14322,市立樹林高中附設國中,805.0
s112014322040,CO01,2024,14322,市立樹林高中附設國中,805.0
s112014322041,CO01,2024,14322,市立樹林高中附設國中,805.0
s112014322042,CO01,2024,14322,市立樹林高中附設國中,805.0
s112014322043,CO01,2024,14322,市立樹林高中附設國中,805.0
s112014322044,CO01,2024,14322,市立樹林高中附設國中,805.0
s112014322045,CO01,2024,14322,市立樹林高中附設國中,805.0
s112014322046,CO01,2024,14322,市立樹林高中附設國中,805.0
s112014322047,CO01,2024,14322,市立樹林高中附設國中,805.0
s112014322048,CO01,2024,14322,市立樹林高中附設國中,805.0
s112014322049,CO01,2024,14322,市立樹林高中附設國中,805.0
s112014322052,CO01,2024,14322,市立樹林高中附設國中,811.0
s112014322055,CO01,2024,14322,市立樹林高中附設國中,811.0
s112014322056,CO01,2024,14322,市立樹林高中附設國中,811.0
s112014322057,CO01,2024,14322,市立樹林高中附設國中,811.0
s112014322058,CO01,2024,14322,市立樹林高中附設國中,811.0
s112014322059,CO01,2024,14322,市立樹林高中附設國中,811.0
s112014322060,CO01,2024,14322,市立樹林高中附設國中,811.0
s112014322061,CO01,2024,14322,市立樹林高中附設國中,811.0
s112014322062,CO01,2024,14322,市立樹林高中附設國中,811.0
s112014322063,CO01,2024,14322,市立樹林高中附設國中,811.0
s112014322064,CO01,2024,14322,市立樹林高中附設國中,811.0
s112014322065,CO01,2024,14322,市立樹林高中附設國中,811.0
s112014322066,CO01,2024,14322,市立樹林高中附設國中,811.0
s112014322067,CO01,2024,14322,市立樹林高中附設國中,811.0
s112014322068,CO01,2024,14322,市立樹林高中附設國中,811.0
s112014322069,CO01,2024,14322,市立樹林高中附設國中,811.0
s112014322070,CO01,2024,14322,市立樹林高中附設國中,811.0
s112014322071,CO01,2024,14322,市立樹林高中附設國中,811.0
s112014322072,CO01,2024,14322,市立樹林高中附設國中,811.0
s112014322073,CO01,2024,14322,市立樹林高中附設國中,811.0
s112014322074,CO01,2024,14322,市立樹林高中附設國中,811.0
s112014322075,CO01,2024,14322,市立樹林高中附設國中,811.0
s112014322076,CO01,2024,14322,市立樹林高中附設國中,811.0
s112014322077,CO01,2024,14322,市立樹林高中附設國中,811.0
s112014322078,CO01,2024,14322,市立樹林高中附設國中,811.0
s112014332025,CO01,2024,14332,市立秀峰高中附設國中,805.0
s112014332026,CO01,2024,14332,市立秀峰高中附設國中,805.0
s112014332027,CO01,2024,14332,市立秀峰高中附設國中,805.0
s112014332028,CO01,2024,14332,市立秀峰高中附設國中,805.0
s112014332029,CO01,2024,14332,市立秀峰高中附設國中,805.0
s112014332030,CO01,2024,14332,市立秀峰高中附設國中,805.0
s112014332031,CO01,2024,14332,市立秀峰高中附設國中,805.0
s112014332032,CO01,2024,14332,市立秀峰高中附設國中,805.0
s112014332033,CO01,2024,14332,市立秀峰高中附設國中,805.0
s112014332034,CO01,2024,14332,市立秀峰高中附設國中,805.0
s112014332035,CO01,2024,14332,市立秀峰高中附設國中,805.0
s112014332036,CO01,2024,14332,市立秀峰高中附設國中,805.0
s112014332037,CO01,2024,14332,市立秀峰高中附設國中,805.0
s112014332038,CO01,2024,14332,市立秀峰高中附設國中,805.0
s112014332039,CO01,2024,14332,市立秀峰高中附設國中,805.0
s112014332040,CO01,2024,14332,市立秀峰高中附設國中,805.0
s112014332041,CO01,2024,14332,市立秀峰高中附設國中,805.0
s112014332042,CO01,2024,14332,市立秀峰高中附設國中,805.0
s112014332044,CO01,2024,14332,市立秀峰高中附設國中,805.0
s112014332045,CO01,2024,14332,市立秀峰高中附設國中,805.0
s112014332046,CO01,2024,14332,市立秀峰高中附設國中,805.0
s112014332047,CO01,2024,14332,市立秀峰高中附設國中,805.0
s112014332048,CO01,2024,14332,市立秀峰高中附設國中,805.0
s112014332049,CO01,2024,14332,市立秀峰高中附設國中,805.0
s112014332052,CO01,2024,14332,市立秀峰高中附設國中,811.0
s112014332053,CO01,2024,14332,市立秀峰高中附設國中,811.0
s112014332054,CO01,2024,14332,市立秀峰高中附設國中,811.0
s112014332055,CO01,2024,14332,市立秀峰高中附設國中,811.0
s112014332056,CO01,2024,14332,市立秀峰高中附設國中,811.0
s112014332058,CO01,2024,14332,市立秀峰高中附設國中,811.0
s112014332059,CO01,2024,14332,市立秀峰高中附設國中,811.0
s112014332060,CO01,2024,14332,市立秀峰高中附設國中,811.0
s112014332061,CO01,2024,14332,市立秀峰高中附設國中,811.0
s112014332062,CO01,2024,14332,市立秀峰高中附設國中,811.0
s112014332063,CO01,2024,14332,市立秀峰高中附設國中,811.0
s112014332064,CO01,2024,14332,市立秀峰高中附設國中,811.0
s112014332065,CO01,2024,14332,市立秀峰高中附設國中,811.0
s112014332066,CO01,2024,14332,市立秀峰高中附設國中,811.0
s112014332068,CO01,2024,14332,市立秀峰高中附設國中,811.0
s112014332069,CO01,2024,14332,市立秀峰高中附設國中,811.0
s112014332070,CO01,2024,14332,市立秀峰高中附設國中,811.0
s112014332071,CO01,2024,14332,市立秀峰高中附設國中,811.0
s112014332072,CO01,2024,14332,市立秀峰高中附設國中,811.0
s112014332073,CO01,2024,14332,市立秀峰高中附設國中,811.0
s112014332075,CO01,2024,14332,市立秀峰高中附設國中,811.0
s112014332076,CO01,2024,14332,市立秀峰高中附設國中,811.0
s112014332077,CO01,2024,14332,市立秀峰高中附設國中,811.0
s112014332078,CO01,2024,14332,市立秀峰高中附設國中,811.0
s112014332079,CO01,2024,14332,市立秀峰高中附設國中,811.0
s112014332080,CO01,2024,14332,市立秀峰高中附設國中,811.0
s112014332081,CO01,2024,14332,市立秀峰高中附設國中,811.0
s112014332082,CO01,2024,14332,市立秀峰高中附設國中,811.0
s112014356024,CO01,2024,14356,市立清水高中附設國中,801.0
s112014356025,CO01,2024,14356,市立清水高中附設國中,801.0
s112014356026,CO01,2024,14356,市立清水高中附設國中,801.0
s112014356027,CO01,2024,14356,市立清水高中附設國中,801.0
s112014356028,CO01,2024,14356,市立清水高中附設國中,801.0
s112014356029,CO01,2024,14356,市立清水高中附設國中,801.0
s112014356030,CO01,2024,14356,市立清水高中附設國中,801.0
s112014356031,CO01,2024,14356,市立清水高中附設國中,801.0
s112014356032,CO01,2024,14356,市立清水高中附設國中,801.0
s112014356033,CO01,2024,14356,市立清水高中附設國中,801.0
s112014356034,CO01,2024,14356,市立清水高中附設國中,801.0
s112014356036,CO01,2024,14356,市立清水高中附設國中,801.0
s112014356037,CO01,2024,14356,市立清水高中附設國中,801.0
s112014356038,CO01,2024,14356,市立清水高中附設國中,801.0
s112014356039,CO01,2024,14356,市立清水高中附設國中,801.0
s112014356040,CO01,2024,14356,市立清水高中附設國中,801.0
s112014356041,CO01,2024,14356,市立清水高中附設國中,801.0
s112014356042,CO01,2024,14356,市立清水高中附設國中,801.0
s112014356043,CO01,2024,14356,市立清水高中附設國中,801.0
s112014356044,CO01,2024,14356,市立清水高中附設國中,801.0
s112014356045,CO01,2024,14356,市立清水高中附設國中,801.0
s112014356046,CO01,2024,14356,市立清水高中附設國中,801.0
s112014356047,CO01,2024,14356,市立清水高中附設國中,801.0
s112014356048,CO01,2024,14356,市立清水高中附設國中,801.0
s112014356049,CO01,2024,14356,市立清水高中附設國中,801.0
s112014356050,CO01,2024,14356,市立清水高中附設國中,801.0
s112014356057,CO01,2024,14356,市立清水高中附設國中,806.0
s112014356059,CO01,2024,14356,市立清水高中附設國中,806.0
s112014356061,CO01,2024,14356,市立清水高中附設國中,806.0
s112014356065,CO01,2024,14356,市立清水高中附設國中,806.0
s112014356066,CO01,2024,14356,市立清水高中附設國中,806.0
s112014356071,CO01,2024,14356,市立清水高中附設國中,806.0
s112014356073,CO01,2024,14356,市立清水高中附設國中,806.0
s112014364024,CO01,2024,14364,市立竹圍高中附設國中,802.0
s112014364025,CO01,2024,14364,市立竹圍高中附設國中,802.0
s112014364026,CO01,2024,14364,市立竹圍高中附設國中,802.0
s112014364027,CO01,2024,14364,市立竹圍高中附設國中,802.0
s112014364028,CO01,2024,14364,市立竹圍高中附設國中,802.0
s112014364029,CO01,2024,14364,市立竹圍高中附設國中,802.0
s112014364030,CO01,2024,14364,市立竹圍高中附設國中,802.0
s112014364031,CO01,2024,14364,市立竹圍高中附設國中,802.0
s112014364032,CO01,2024,14364,市立竹圍高中附設國中,802.0
s112014364033,CO01,2024,14364,市立竹圍高中附設國中,802.0
s112014364034,CO01,2024,14364,市立竹圍高中附設國中,802.0
s112014364035,CO01,2024,14364,市立竹圍高中附設國中,802.0
s112014364036,CO01,2024,14364,市立竹圍高中附設國中,802.0
s112014364037,CO01,2024,14364,市立竹圍高中附設國中,802.0
s112014364040,CO01,2024,14364,市立竹圍高中附設國中,802.0
s112014364041,CO01,2024,14364,市立竹圍高中附設國中,802.0
s112014364042,CO01,2024,14364,市立竹圍高中附設國中,802.0
s112014364043,CO01,2024,14364,市立竹圍高中附設國中,802.0
s112014364044,CO01,2024,14364,市立竹圍高中附設國中,802.0
s112014364045,CO01,2024,14364,市立竹圍高中附設國中,802.0
s112014364046,CO01,2024,14364,市立竹圍高中附設國中,802.0
s112014364047,CO01,2024,14364,市立竹圍高中附設國中,802.0
s112014364048,CO01,2024,14364,市立竹圍高中附設國中,802.0
s112014364049,CO01,2024,14364,市立竹圍高中附設國中,802.0
s112014364050,CO01,2024,14364,市立竹圍高中附設國中,802.0
s112014364053,CO01,2024,14364,市立竹圍高中附設國中,806.0
s112014364054,CO01,2024,14364,市立竹圍高中附設國中,806.0
s112014364055,CO01,2024,14364,市立竹圍高中附設國中,806.0
s112014364058,CO01,2024,14364,市立竹圍高中附設國中,806.0
s112014364059,CO01,2024,14364,市立竹圍高中附設國中,806.0
s112014364060,CO01,2024,14364,市立竹圍高中附設國中,806.0
s112014364061,CO01,2024,14364,市立竹圍高中附設國中,806.0
s112014364062,CO01,2024,14364,市立竹圍高中附設國中,806.0
s112014364063,CO01,2024,14364,市立竹圍高中附設國中,806.0
s112014364065,CO01,2024,14364,市立竹圍高中附設國中,806.0
s112014364066,CO01,2024,14364,市立竹圍高中附設國中,806.0
s112014364067,CO01,2024,14364,市立竹圍高中附設國中,806.0
s112014364068,CO01,2024,14364,市立竹圍高中附設國中,806.0
s112014364069,CO01,2024,14364,市立竹圍高中附設國中,806.0
s112014364070,CO01,2024,14364,市立竹圍高中附設國中,806.0
s112014364071,CO01,2024,14364,市立竹圍高中附設國中,806.0
s112014364073,CO01,2024,14364,市立竹圍高中附設國中,806.0
s112014364074,CO01,2024,14364,市立竹圍高中附設國中,806.0
s112014364075,CO01,2024,14364,市立竹圍高中附設國中,806.0
s112014364076,CO01,2024,14364,市立竹圍高中附設國中,806.0
s112014364077,CO01,2024,14364,市立竹圍高中附設國中,806.0
s112014364079,CO01,2024,14364,市立竹圍高中附設國中,806.0
s112014364080,CO01,2024,14364,市立竹圍高中附設國中,806.0
s112014505024,CO01,2024,14505,市立中山國中,814.0
s112014505025,CO01,2024,14505,市立中山國中,814.0
s112014505026,CO01,2024,14505,市立中山國中,814.0
s112014505028,CO01,2024,14505,市立中山國中,814.0
s112014505029,CO01,2024,14505,市立中山國中,814.0
s112014505030,CO01,2024,14505,市立中山國中,814.0
s112014505031,CO01,2024,14505,市立中山國中,814.0
s112014505032,CO01,2024,14505,市立中山國中,814.0
s112014505034,CO01,2024,14505,市立中山國中,814.0
s112014505035,CO01,2024,14505,市立中山國中,814.0
s112014505036,CO01,2024,14505,市立中山國中,814.0
s112014505037,CO01,2024,14505,市立中山國中,814.0
s112014505038,CO01,2024,14505,市立中山國中,814.0
s112014505039,CO01,2024,14505,市立中山國中,814.0
s112014505040,CO01,2024,14505,市立中山國中,814.0
s112014505042,CO01,2024,14505,市立中山國中,814.0
s112014505043,CO01,2024,14505,市立中山國中,814.0
s112014505045,CO01,2024,14505,市立中山國中,814.0
s112014505047,CO01,2024,14505,市立中山國中,814.0
s112014505048,CO01,2024,14505,市立中山國中,814.0
s112014505051,CO01,2024,14505,市立中山國中,814.0
s112014505052,CO01,2024,14505,市立中山國中,814.0
s112014505053,CO01,2024,14505,市立中山國中,814.0
s112014505054,CO01,2024,14505,市立中山國中,814.0
s112014505055,CO01,2024,14505,市立中山國中,814.0
s112014505059,CO01,2024,14505,市立中山國中,829.0
s112014505060,CO01,2024,14505,市立中山國中,829.0
s112014505062,CO01,2024,14505,市立中山國中,829.0
s112014505063,CO01,2024,14505,市立中山國中,829.0
s112014505064,CO01,2024,14505,市立中山國中,829.0
s112014505065,CO01,2024,14505,市立中山國中,829.0
s112014505066,CO01,2024,14505,市立中山國中,829.0
s112014505067,CO01,2024,14505,市立中山國中,829.0
s112014505069,CO01,2024,14505,市立中山國中,829.0
s112014505070,CO01,2024,14505,市立中山國中,829.0
s112014505071,CO01,2024,14505,市立中山國中,829.0
s112014505072,CO01,2024,14505,市立中山國中,829.0
s112014505073,CO01,2024,14505,市立中山國中,829.0
s112014505074,CO01,2024,14505,市立中山國中,829.0
s112014505076,CO01,2024,14505,市立中山國中,829.0
s112014505077,CO01,2024,14505,市立中山國中,829.0
s112014505078,CO01,2024,14505,市立中山國中,829.0
s112014505079,CO01,2024,14505,市立中山國中,829.0
s112014505080,CO01,2024,14505,市立中山國中,829.0
s112014505081,CO01,2024,14505,市立中山國中,829.0
s112014505083,CO01,2024,14505,市立中山國中,829.0
s112014505084,CO01,2024,14505,市立中山國中,829.0
s112014505085,CO01,2024,14505,市立中山國中,829.0
s112014505086,CO01,2024,14505,市立中山國中,829.0
s112014509024,CO01,2024,14509,市立福營國中,807.0
s112014509025,CO01,2024,14509,市立福營國中,807.0
s112014509026,CO01,2024,14509,市立福營國中,807.0
s112014509028,CO01,2024,14509,市立福營國中,807.0
s112014509029,CO01,2024,14509,市立福營國中,807.0
s112014509030,CO01,2024,14509,市立福營國中,807.0
s112014509031,CO01,2024,14509,市立福營國中,807.0
s112014509032,CO01,2024,14509,市立福營國中,807.0
s112014509033,CO01,2024,14509,市立福營國中,807.0
s112014509034,CO01,2024,14509,市立福營國中,807.0
s112014509035,CO01,2024,14509,市立福營國中,807.0
s112014509036,CO01,2024,14509,市立福營國中,807.0
s112014509037,CO01,2024,14509,市立福營國中,807.0
s112014509038,CO01,2024,14509,市立福營國中,807.0
s112014509042,CO01,2024,14509,市立福營國中,807.0
s112014509043,CO01,2024,14509,市立福營國中,807.0
s112014509044,CO01,2024,14509,市立福營國中,807.0
s112014509045,CO01,2024,14509,市立福營國中,807.0
s112014509046,CO01,2024,14509,市立福營國中,807.0
s112014509047,CO01,2024,14509,市立福營國中,807.0
s112014509048,CO01,2024,14509,市立福營國中,807.0
s112014509050,CO01,2024,14509,市立福營國中,807.0
s112014509055,CO01,2024,14509,市立福營國中,815.0
s112014509056,CO01,2024,14509,市立福營國中,815.0
s112014509057,CO01,2024,14509,市立福營國中,815.0
s112014509058,CO01,2024,14509,市立福營國中,815.0
s112014509060,CO01,2024,14509,市立福營國中,815.0
s112014509061,CO01,2024,14509,市立福營國中,815.0
s112014509062,CO01,2024,14509,市立福營國中,815.0
s112014509063,CO01,2024,14509,市立福營國中,815.0
s112014509064,CO01,2024,14509,市立福營國中,815.0
s112014509065,CO01,2024,14509,市立福營國中,815.0
s112014509066,CO01,2024,14509,市立福營國中,815.0
s112014509067,CO01,2024,14509,市立福營國中,815.0
s112014509069,CO01,2024,14509,市立福營國中,815.0
s112014509070,CO01,2024,14509,市立福營國中,815.0
s112014509071,CO01,2024,14509,市立福營國中,815.0
s112014509072,CO01,2024,14509,市立福營國中,815.0
s112014509073,CO01,2024,14509,市立福營國中,815.0
s112014509074,CO01,2024,14509,市立福營國中,815.0
s112014509075,CO01,2024,14509,市立福營國中,815.0
s112014509076,CO01,2024,14509,市立福營國中,815.0
s112014509077,CO01,2024,14509,市立福營國中,815.0
s112014509078,CO01,2024,14509,市立福營國中,815.0
s112014510024,CO01,2024,14510,市立頭前國中,801.0
s112014510025,CO01,2024,14510,市立頭前國中,801.0
s112014510026,CO01,2024,14510,市立頭前國中,801.0
s112014510030,CO01,2024,14510,市立頭前國中,801.0
s112014510031,CO01,2024,14510,市立頭前國中,801.0
s112014510032,CO01,2024,14510,市立頭前國中,801.0
s112014510033,CO01,2024,14510,市立頭前國中,801.0
s112014510034,CO01,2024,14510,市立頭前國中,801.0
s112014510035,CO01,2024,14510,市立頭前國中,801.0
s112014510037,CO01,2024,14510,市立頭前國中,801.0
s112014510038,CO01,2024,14510,市立頭前國中,801.0
s112014510039,CO01,2024,14510,市立頭前國中,801.0
s112014510040,CO01,2024,14510,市立頭前國中,801.0
s112014510041,CO01,2024,14510,市立頭前國中,801.0
s112014510043,CO01,2024,14510,市立頭前國中,801.0
s112014510044,CO01,2024,14510,市立頭前國中,801.0
s112014510045,CO01,2024,14510,市立頭前國中,801.0
s112014510046,CO01,2024,14510,市立頭前國中,801.0
s112014510047,CO01,2024,14510,市立頭前國中,801.0
s112014510049,CO01,2024,14510,市立頭前國中,801.0
s112014510053,CO01,2024,14510,市立頭前國中,806.0
s112014510054,CO01,2024,14510,市立頭前國中,806.0
s112014510055,CO01,2024,14510,市立頭前國中,806.0
s112014510057,CO01,2024,14510,市立頭前國中,806.0
s112014510059,CO01,2024,14510,市立頭前國中,806.0
s112014510060,CO01,2024,14510,市立頭前國中,806.0
s112014510061,CO01,2024,14510,市立頭前國中,806.0
s112014510062,CO01,2024,14510,市立頭前國中,806.0
s112014510063,CO01,2024,14510,市立頭前國中,806.0
s112014510064,CO01,2024,14510,市立頭前國中,806.0
s112014510066,CO01,2024,14510,市立頭前國中,806.0
s112014510067,CO01,2024,14510,市立頭前國中,806.0
s112014510069,CO01,2024,14510,市立頭前國中,806.0
s112014510070,CO01,2024,14510,市立頭前國中,806.0
s112014510071,CO01,2024,14510,市立頭前國中,806.0
s112014510072,CO01,2024,14510,市立頭前國中,806.0
s112014510073,CO01,2024,14510,市立頭前國中,806.0
s112014510074,CO01,2024,14510,市立頭前國中,806.0
s112014510075,CO01,2024,14510,市立頭前國中,806.0
s112014513024,CO01,2024,14513,市立明志國中,802.0
s112014513025,CO01,2024,14513,市立明志國中,802.0
s112014513026,CO01,2024,14513,市立明志國中,802.0
s112014513027,CO01,2024,14513,市立明志國中,802.0
s112014513028,CO01,2024,14513,市立明志國中,802.0
s112014513029,CO01,2024,14513,市立明志國中,802.0
s112014513030,CO01,2024,14513,市立明志國中,802.0
s112014513031,CO01,2024,14513,市立明志國中,802.0
s112014513032,CO01,2024,14513,市立明志國中,802.0
s112014513033,CO01,2024,14513,市立明志國中,802.0
s112014513034,CO01,2024,14513,市立明志國中,802.0
s112014513035,CO01,2024,14513,市立明志國中,802.0
s112014513036,CO01,2024,14513,市立明志國中,802.0
s112014513037,CO01,2024,14513,市立明志國中,802.0
s112014513039,CO01,2024,14513,市立明志國中,802.0
s112014513041,CO01,2024,14513,市立明志國中,802.0
s112014513042,CO01,2024,14513,市立明志國中,802.0
s112014513043,CO01,2024,14513,市立明志國中,802.0
s112014513044,CO01,2024,14513,市立明志國中,802.0
s112014513045,CO01,2024,14513,市立明志國中,802.0
s112014513046,CO01,2024,14513,市立明志國中,802.0
s112014513052,CO01,2024,14513,市立明志國中,809.0
s112014513054,CO01,2024,14513,市立明志國中,809.0
s112014513055,CO01,2024,14513,市立明志國中,809.0
s112014513056,CO01,2024,14513,市立明志國中,809.0
s112014513059,CO01,2024,14513,市立明志國中,809.0
s112014513060,CO01,2024,14513,市立明志國中,809.0
s112014513062,CO01,2024,14513,市立明志國中,809.0
s112014513063,CO01,2024,14513,市立明志國中,809.0
s112014513064,CO01,2024,14513,市立明志國中,809.0
s112014513065,CO01,2024,14513,市立明志國中,809.0
s112014513066,CO01,2024,14513,市立明志國中,809.0
s112014513067,CO01,2024,14513,市立明志國中,809.0
s112014513069,CO01,2024,14513,市立明志國中,809.0
s112014513071,CO01,2024,14513,市立明志國中,809.0
s112014513072,CO01,2024,14513,市立明志國中,809.0
s112014513074,CO01,2024,14513,市立明志國中,809.0
s112014513075,CO01,2024,14513,市立明志國中,809.0
s112014513077,CO01,2024,14513,市立明志國中,809.0
s112014514024,CO01,2024,14514,市立碧華國中,806.0
s112014514025,CO01,2024,14514,市立碧華國中,806.0
s112014514027,CO01,2024,14514,市立碧華國中,806.0
s112014514028,CO01,2024,14514,市立碧華國中,806.0
s112014514029,CO01,2024,14514,市立碧華國中,806.0
s112014514030,CO01,2024,14514,市立碧華國中,806.0
s112014514032,CO01,2024,14514,市立碧華國中,806.0
s112014514033,CO01,2024,14514,市立碧華國中,806.0
s112014514034,CO01,2024,14514,市立碧華國中,806.0
s112014514035,CO01,2024,14514,市立碧華國中,806.0
s112014514036,CO01,2024,14514,市立碧華國中,806.0
s112014514038,CO01,2024,14514,市立碧華國中,806.0
s112014514039,CO01,2024,14514,市立碧華國中,806.0
s112014514040,CO01,2024,14514,市立碧華國中,806.0
s112014514041,CO01,2024,14514,市立碧華國中,806.0
s112014514042,CO01,2024,14514,市立碧華國中,806.0
s112014514043,CO01,2024,14514,市立碧華國中,806.0
s112014514044,CO01,2024,14514,市立碧華國中,806.0
s112014514045,CO01,2024,14514,市立碧華國中,806.0
s112014514046,CO01,2024,14514,市立碧華國中,806.0
s112014514047,CO01,2024,14514,市立碧華國中,806.0
s112014514048,CO01,2024,14514,市立碧華國中,806.0
s112014514049,CO01,2024,14514,市立碧華國中,806.0
s112014514050,CO01,2024,14514,市立碧華國中,806.0
s112014514054,CO01,2024,14514,市立碧華國中,814.0
s112014514056,CO01,2024,14514,市立碧華國中,814.0
s112014514057,CO01,2024,14514,市立碧華國中,814.0
s112014514060,CO01,2024,14514,市立碧華國中,814.0
s112014514061,CO01,2024,14514,市立碧華國中,814.0
s112014514064,CO01,2024,14514,市立碧華國中,814.0
s112014514065,CO01,2024,14514,市立碧華國中,814.0
s112014514066,CO01,2024,14514,市立碧華國中,814.0
s112014514068,CO01,2024,14514,市立碧華國中,814.0
s112014514069,CO01,2024,14514,市立碧華國中,814.0
s112014514070,CO01,2024,14514,市立碧華國中,814.0
s112014514071,CO01,2024,14514,市立碧華國中,814.0
s112014514072,CO01,2024,14514,市立碧華國中,814.0
s112014514073,CO01,2024,14514,市立碧華國中,814.0
s112014514075,CO01,2024,14514,市立碧華國中,814.0
s112014514076,CO01,2024,14514,市立碧華國中,814.0
s112014514077,CO01,2024,14514,市立碧華國中,814.0
s112014514078,CO01,2024,14514,市立碧華國中,814.0
s112014514079,CO01,2024,14514,市立碧華國中,814.0
s112014516025,CO01,2024,14516,市立永和國中,810.0
s112014516026,CO01,2024,14516,市立永和國中,810.0
s112014516030,CO01,2024,14516,市立永和國中,810.0
s112014516031,CO01,2024,14516,市立永和國中,810.0
s112014516032,CO01,2024,14516,市立永和國中,810.0
s112014516033,CO01,2024,14516,市立永和國中,810.0
s112014516034,CO01,2024,14516,市立永和國中,810.0
s112014516037,CO01,2024,14516,市立永和國中,810.0
s112014516038,CO01,2024,14516,市立永和國中,810.0
s112014516039,CO01,2024,14516,市立永和國中,810.0
s112014516040,CO01,2024,14516,市立永和國中,810.0
s112014516042,CO01,2024,14516,市立永和國中,810.0
s112014516043,CO01,2024,14516,市立永和國中,810.0
s112014516047,CO01,2024,14516,市立永和國中,810.0
s112014516051,CO01,2024,14516,市立永和國中,826.0
s112014516052,CO01,2024,14516,市立永和國中,826.0
s112014516053,CO01,2024,14516,市立永和國中,826.0
s112014516054,CO01,2024,14516,市立永和國中,826.0
s112014516055,CO01,2024,14516,市立永和國中,826.0
s112014516056,CO01,2024,14516,市立永和國中,826.0
s112014516057,CO01,2024,14516,市立永和國中,826.0
s112014516058,CO01,2024,14516,市立永和國中,826.0
s112014516059,CO01,2024,14516,市立永和國中,826.0
s112014516060,CO01,2024,14516,市立永和國中,826.0
s112014516061,CO01,2024,14516,市立永和國中,826.0
s112014516062,CO01,2024,14516,市立永和國中,826.0
s112014516063,CO01,2024,14516,市立永和國中,826.0
s112014516064,CO01,2024,14516,市立永和國中,826.0
s112014516065,CO01,2024,14516,市立永和國中,826.0
s112014516068,CO01,2024,14516,市立永和國中,826.0
s112014516069,CO01,2024,14516,市立永和國中,826.0
s112014516074,CO01,2024,14516,市立永和國中,826.0
s112014517024,CO01,2024,14517,市立福和國中,806.0
s112014517025,CO01,2024,14517,市立福和國中,806.0
s112014517026,CO01,2024,14517,市立福和國中,806.0
s112014517027,CO01,2024,14517,市立福和國中,806.0
s112014517029,CO01,2024,14517,市立福和國中,806.0
s112014517030,CO01,2024,14517,市立福和國中,806.0
s112014517031,CO01,2024,14517,市立福和國中,806.0
s112014517032,CO01,2024,14517,市立福和國中,806.0
s112014517033,CO01,2024,14517,市立福和國中,806.0
s112014517035,CO01,2024,14517,市立福和國中,806.0
s112014517038,CO01,2024,14517,市立福和國中,806.0
s112014517039,CO01,2024,14517,市立福和國中,806.0
s112014517040,CO01,2024,14517,市立福和國中,806.0
s112014517041,CO01,2024,14517,市立福和國中,806.0
s112014517042,CO01,2024,14517,市立福和國中,806.0
s112014517043,CO01,2024,14517,市立福和國中,806.0
s112014517044,CO01,2024,14517,市立福和國中,806.0
s112014517045,CO01,2024,14517,市立福和國中,806.0
s112014517047,CO01,2024,14517,市立福和國中,806.0
s112014517048,CO01,2024,14517,市立福和國中,806.0
s112014517050,CO01,2024,14517,市立福和國中,806.0
s112014517053,CO01,2024,14517,市立福和國中,820.0
s112014517054,CO01,2024,14517,市立福和國中,820.0
s112014517056,CO01,2024,14517,市立福和國中,820.0
s112014517057,CO01,2024,14517,市立福和國中,820.0
s112014517058,CO01,2024,14517,市立福和國中,820.0
s112014517060,CO01,2024,14517,市立福和國中,820.0
s112014517061,CO01,2024,14517,市立福和國中,820.0
s112014517062,CO01,2024,14517,市立福和國中,820.0
s112014517064,CO01,2024,14517,市立福和國中,820.0
s112014517065,CO01,2024,14517,市立福和國中,820.0
s112014517067,CO01,2024,14517,市立福和國中,820.0
s112014517068,CO01,2024,14517,市立福和國中,820.0
s112014517069,CO01,2024,14517,市立福和國中,820.0
s112014517071,CO01,2024,14517,市立福和國中,820.0
s112014517072,CO01,2024,14517,市立福和國中,820.0
s112014517073,CO01,2024,14517,市立福和國中,820.0
s112014517074,CO01,2024,14517,市立福和國中,820.0
s112014517075,CO01,2024,14517,市立福和國中,820.0
s112014517076,CO01,2024,14517,市立福和國中,820.0
s112014517077,CO01,2024,14517,市立福和國中,820.0
s112014517078,CO01,2024,14517,市立福和國中,820.0
s112014518024,CO01,2024,14518,市立中和國中,804.0
s112014518026,CO01,2024,14518,市立中和國中,804.0
s112014518027,CO01,2024,14518,市立中和國中,804.0
s112014518028,CO01,2024,14518,市立中和國中,804.0
s112014518029,CO01,2024,14518,市立中和國中,804.0
s112014518030,CO01,2024,14518,市立中和國中,804.0
s112014518031,CO01,2024,14518,市立中和國中,804.0
s112014518032,CO01,2024,14518,市立中和國中,804.0
s112014518033,CO01,2024,14518,市立中和國中,804.0
s112014518034,CO01,2024,14518,市立中和國中,804.0
s112014518037,CO01,2024,14518,市立中和國中,804.0
s112014518040,CO01,2024,14518,市立中和國中,804.0
s112014518041,CO01,2024,14518,市立中和國中,804.0
s112014518042,CO01,2024,14518,市立中和國中,804.0
s112014518043,CO01,2024,14518,市立中和國中,804.0
s112014518046,CO01,2024,14518,市立中和國中,809.0
s112014518048,CO01,2024,14518,市立中和國中,809.0
s112014518049,CO01,2024,14518,市立中和國中,809.0
s112014518050,CO01,2024,14518,市立中和國中,809.0
s112014518052,CO01,2024,14518,市立中和國中,809.0
s112014518053,CO01,2024,14518,市立中和國中,809.0
s112014518054,CO01,2024,14518,市立中和國中,809.0
s112014518055,CO01,2024,14518,市立中和國中,809.0
s112014518056,CO01,2024,14518,市立中和國中,809.0
s112014518057,CO01,2024,14518,市立中和國中,809.0
s112014518058,CO01,2024,14518,市立中和國中,809.0
s112014518063,CO01,2024,14518,市立中和國中,809.0
s112014518064,CO01,2024,14518,市立中和國中,809.0
s112014518065,CO01,2024,14518,市立中和國中,809.0
s112014518066,CO01,2024,14518,市立中和國中,809.0
s112014524024,CO01,2024,14524,市立土城國中,803.0
s112014524026,CO01,2024,14524,市立土城國中,803.0
s112014524027,CO01,2024,14524,市立土城國中,803.0
s112014524029,CO01,2024,14524,市立土城國中,803.0
s112014524030,CO01,2024,14524,市立土城國中,803.0
s112014524032,CO01,2024,14524,市立土城國中,803.0
s112014524033,CO01,2024,14524,市立土城國中,803.0
s112014524034,CO01,2024,14524,市立土城國中,803.0
s112014524035,CO01,2024,14524,市立土城國中,803.0
s112014524037,CO01,2024,14524,市立土城國中,803.0
s112014524038,CO01,2024,14524,市立土城國中,803.0
s112014524040,CO01,2024,14524,市立土城國中,803.0
s112014524041,CO01,2024,14524,市立土城國中,803.0
s112014524042,CO01,2024,14524,市立土城國中,803.0
s112014524043,CO01,2024,14524,市立土城國中,803.0
s112014524044,CO01,2024,14524,市立土城國中,803.0
s112014524045,CO01,2024,14524,市立土城國中,803.0
s112014524046,CO01,2024,14524,市立土城國中,803.0
s112014524047,CO01,2024,14524,市立土城國中,803.0
s112014524048,CO01,2024,14524,市立土城國中,803.0
s112014524049,CO01,2024,14524,市立土城國中,803.0
s112014524050,CO01,2024,14524,市立土城國中,803.0
s112014524051,CO01,2024,14524,市立土城國中,803.0
s112014524054,CO01,2024,14524,市立土城國中,812.0
s112014524055,CO01,2024,14524,市立土城國中,812.0
s112014524057,CO01,2024,14524,市立土城國中,812.0
s112014524058,CO01,2024,14524,市立土城國中,812.0
s112014524059,CO01,2024,14524,市立土城國中,812.0
s112014524061,CO01,2024,14524,市立土城國中,812.0
s112014524062,CO01,2024,14524,市立土城國中,812.0
s112014524064,CO01,2024,14524,市立土城國中,812.0
s112014524065,CO01,2024,14524,市立土城國中,812.0
s112014524066,CO01,2024,14524,市立土城國中,812.0
s112014524067,CO01,2024,14524,市立土城國中,812.0
s112014524068,CO01,2024,14524,市立土城國中,812.0
s112014524069,CO01,2024,14524,市立土城國中,812.0
s112014524070,CO01,2024,14524,市立土城國中,812.0
s112014524071,CO01,2024,14524,市立土城國中,812.0
s112014524072,CO01,2024,14524,市立土城國中,812.0
s112014524074,CO01,2024,14524,市立土城國中,812.0
s112014524075,CO01,2024,14524,市立土城國中,812.0
s112014524076,CO01,2024,14524,市立土城國中,812.0
s112014524077,CO01,2024,14524,市立土城國中,812.0
s112014524078,CO01,2024,14524,市立土城國中,812.0
s112014524079,CO01,2024,14524,市立土城國中,812.0
s112014524080,CO01,2024,14524,市立土城國中,812.0
s112014524081,CO01,2024,14524,市立土城國中,812.0
s112014525024,CO01,2024,14525,市立三峽國中,806.0
s112014525025,CO01,2024,14525,市立三峽國中,806.0
s112014525026,CO01,2024,14525,市立三峽國中,806.0
s112014525027,CO01,2024,14525,市立三峽國中,806.0
s112014525028,CO01,2024,14525,市立三峽國中,806.0
s112014525029,CO01,2024,14525,市立三峽國中,806.0
s112014525030,CO01,2024,14525,市立三峽國中,806.0
s112014525031,CO01,2024,14525,市立三峽國中,806.0
s112014525033,CO01,2024,14525,市立三峽國中,806.0
s112014525034,CO01,2024,14525,市立三峽國中,806.0
s112014525035,CO01,2024,14525,市立三峽國中,806.0
s112014525036,CO01,2024,14525,市立三峽國中,806.0
s112014525037,CO01,2024,14525,市立三峽國中,806.0
s112014525038,CO01,2024,14525,市立三峽國中,806.0
s112014525039,CO01,2024,14525,市立三峽國中,806.0
s112014525040,CO01,2024,14525,市立三峽國中,806.0
s112014525041,CO01,2024,14525,市立三峽國中,806.0
s112014525042,CO01,2024,14525,市立三峽國中,806.0
s112014525043,CO01,2024,14525,市立三峽國中,806.0
s112014525044,CO01,2024,14525,市立三峽國中,806.0
s112014525045,CO01,2024,14525,市立三峽國中,806.0
s112014525046,CO01,2024,14525,市立三峽國中,806.0
s112014525047,CO01,2024,14525,市立三峽國中,806.0
s112014525048,CO01,2024,14525,市立三峽國中,806.0
s112014525051,CO01,2024,14525,市立三峽國中,815.0
s112014525052,CO01,2024,14525,市立三峽國中,815.0
s112014525053,CO01,2024,14525,市立三峽國中,815.0
s112014525054,CO01,2024,14525,市立三峽國中,815.0
s112014525056,CO01,2024,14525,市立三峽國中,815.0
s112014525057,CO01,2024,14525,市立三峽國中,815.0
s112014525058,CO01,2024,14525,市立三峽國中,815.0
s112014525059,CO01,2024,14525,市立三峽國中,815.0
s112014525060,CO01,2024,14525,市立三峽國中,815.0
s112014525061,CO01,2024,14525,市立三峽國中,815.0
s112014525062,CO01,2024,14525,市立三峽國中,815.0
s112014525063,CO01,2024,14525,市立三峽國中,815.0
s112014525064,CO01,2024,14525,市立三峽國中,815.0
s112014525065,CO01,2024,14525,市立三峽國中,815.0
s112014525066,CO01,2024,14525,市立三峽國中,815.0
s112014525067,CO01,2024,14525,市立三峽國中,815.0
s112014525068,CO01,2024,14525,市立三峽國中,815.0
s112014525069,CO01,2024,14525,市立三峽國中,815.0
s112014525070,CO01,2024,14525,市立三峽國中,815.0
s112014525071,CO01,2024,14525,市立三峽國中,815.0
s112014525072,CO01,2024,14525,市立三峽國中,815.0
s112014525073,CO01,2024,14525,市立三峽國中,815.0
s112014525075,CO01,2024,14525,市立三峽國中,815.0
s112014525076,CO01,2024,14525,市立三峽國中,815.0
s112014525077,CO01,2024,14525,市立三峽國中,815.0
s112014531024,CO01,2024,14531,市立林口國中,八年六班
s112014531026,CO01,2024,14531,市立林口國中,八年六班
s112014531027,CO01,2024,14531,市立林口國中,八年六班
s112014531029,CO01,2024,14531,市立林口國中,八年六班
s112014531030,CO01,2024,14531,市立林口國中,八年六班
s112014531033,CO01,2024,14531,市立林口國中,八年六班
s112014531036,CO01,2024,14531,市立林口國中,八年六班
s112014531037,CO01,2024,14531,市立林口國中,八年六班
s112014531038,CO01,2024,14531,市立林口國中,八年六班
s112014531039,CO01,2024,14531,市立林口國中,八年六班
s112014531040,CO01,2024,14531,市立林口國中,八年六班
s112014531041,CO01,2024,14531,市立林口國中,八年六班
s112014531042,CO01,2024,14531,市立林口國中,八年六班
s112014531043,CO01,2024,14531,市立林口國中,八年六班
s112014531044,CO01,2024,14531,市立林口國中,八年六班
s112014531045,CO01,2024,14531,市立林口國中,八年六班
s112014531046,CO01,2024,14531,市立林口國中,八年六班
s112014531047,CO01,2024,14531,市立林口國中,八年六班
s112014531048,CO01,2024,14531,市立林口國中,八年六班
s112014531049,CO01,2024,14531,市立林口國中,八年六班
s112014531050,CO01,2024,14531,市立林口國中,八年六班
s112014531051,CO01,2024,14531,市立林口國中,八年六班
s112014531052,CO01,2024,14531,市立林口國中,八年六班
s112014531053,CO01,2024,14531,市立林口國中,八年六班
s112014531054,CO01,2024,14531,市立林口國中,八年六班
s112014531055,CO01,2024,14531,市立林口國中,八年六班
s112014531058,CO01,2024,14531,市立林口國中,八年十四班
s112014531059,CO01,2024,14531,市立林口國中,八年十四班
s112014531060,CO01,2024,14531,市立林口國中,八年十四班
s112014531061,CO01,2024,14531,市立林口國中,八年十四班
s112014531062,CO01,2024,14531,市立林口國中,八年十四班
s112014531063,CO01,2024,14531,市立林口國中,八年十四班
s112014531065,CO01,2024,14531,市立林口國中,八年十四班
s112014531066,CO01,2024,14531,市立林口國中,八年十四班
s112014531068,CO01,2024,14531,市立林口國中,八年十四班
s112014531069,CO01,2024,14531,市立林口國中,八年十四班
s112014531070,CO01,2024,14531,市立林口國中,八年十四班
s112014531071,CO01,2024,14531,市立林口國中,八年十四班
s112014531072,CO01,2024,14531,市立林口國中,八年十四班
s112014531076,CO01,2024,14531,市立林口國中,八年十四班
s112014531077,CO01,2024,14531,市立林口國中,八年十四班
s112014531078,CO01,2024,14531,市立林口國中,八年十四班
s112014531079,CO01,2024,14531,市立林口國中,八年十四班
s112014531080,CO01,2024,14531,市立林口國中,八年十四班
s112014531081,CO01,2024,14531,市立林口國中,八年十四班
s112014531082,CO01,2024,14531,市立林口國中,八年十四班
s112014531085,CO01,2024,14531,市立林口國中,八年十四班
s112014531086,CO01,2024,14531,市立林口國中,八年十四班
s112014531087,CO01,2024,14531,市立林口國中,八年十四班
s112014531088,CO01,2024,14531,市立林口國中,八年十四班
s112014531089,CO01,2024,14531,市立林口國中,八年十四班
s112014555024,CO01,2024,14555,市立中正國中,805.0
s112014555025,CO01,2024,14555,市立中正國中,805.0
s112014555028,CO01,2024,14555,市立中正國中,805.0
s112014555030,CO01,2024,14555,市立中正國中,805.0
s112014555032,CO01,2024,14555,市立中正國中,805.0
s112014555033,CO01,2024,14555,市立中正國中,805.0
s112014555035,CO01,2024,14555,市立中正國中,805.0
s112014555037,CO01,2024,14555,市立中正國中,805.0
s112014555038,CO01,2024,14555,市立中正國中,805.0
s112014555040,CO01,2024,14555,市立中正國中,805.0
s112014555042,CO01,2024,14555,市立中正國中,805.0
s112014555045,CO01,2024,14555,市立中正國中,805.0
s112014555046,CO01,2024,14555,市立中正國中,805.0
s112014555047,CO01,2024,14555,市立中正國中,805.0
s112014555048,CO01,2024,14555,市立中正國中,805.0
s112014555049,CO01,2024,14555,市立中正國中,805.0
s112014555053,CO01,2024,14555,市立中正國中,814.0
s112014555057,CO01,2024,14555,市立中正國中,814.0
s112014555059,CO01,2024,14555,市立中正國中,814.0
s112014555060,CO01,2024,14555,市立中正國中,814.0
s112014555061,CO01,2024,14555,市立中正國中,814.0
s112014555063,CO01,2024,14555,市立中正國中,814.0
s112014555064,CO01,2024,14555,市立中正國中,814.0
s112014555065,CO01,2024,14555,市立中正國中,814.0
s112014555066,CO01,2024,14555,市立中正國中,814.0
s112014555067,CO01,2024,14555,市立中正國中,814.0
s112014555068,CO01,2024,14555,市立中正國中,814.0
s112014555069,CO01,2024,14555,市立中正國中,814.0
s112014555071,CO01,2024,14555,市立中正國中,814.0
s112014555072,CO01,2024,14555,市立中正國中,814.0
s112014555073,CO01,2024,14555,市立中正國中,814.0
s112014555074,CO01,2024,14555,市立中正國中,814.0
s112014559024,CO01,2024,14559,市立中平國中,801.0
s112014559025,CO01,2024,14559,市立中平國中,801.0
s112014559026,CO01,2024,14559,市立中平國中,801.0
s112014559027,CO01,2024,14559,市立中平國中,801.0
s112014559028,CO01,2024,14559,市立中平國中,801.0
s112014559029,CO01,2024,14559,市立中平國中,801.0
s112014559030,CO01,2024,14559,市立中平國中,801.0
s112014559032,CO01,2024,14559,市立中平國中,801.0
s112014559033,CO01,2024,14559,市立中平國中,801.0
s112014559034,CO01,2024,14559,市立中平國中,801.0
s112014559035,CO01,2024,14559,市立中平國中,801.0
s112014559036,CO01,2024,14559,市立中平國中,801.0
s112014559038,CO01,2024,14559,市立中平國中,801.0
s112014559039,CO01,2024,14559,市立中平國中,801.0
s112014559040,CO01,2024,14559,市立中平國中,801.0
s112014559041,CO01,2024,14559,市立中平國中,801.0
s112014559042,CO01,2024,14559,市立中平國中,801.0
s112014559043,CO01,2024,14559,市立中平國中,801.0
s112014559044,CO01,2024,14559,市立中平國中,801.0
s112014559045,CO01,2024,14559,市立中平國中,801.0
s112014559046,CO01,2024,14559,市立中平國中,801.0
s112014559047,CO01,2024,14559,市立中平國中,801.0
s112014559048,CO01,2024,14559,市立中平國中,801.0
s112014559050,CO01,2024,14559,市立中平國中,801.0
s112014559052,CO01,2024,14559,市立中平國中,801.0
s112014559053,CO01,2024,14559,市立中平國中,801.0
s112014559054,CO01,2024,14559,市立中平國中,801.0
s112014559055,CO01,2024,14559,市立中平國中,801.0
s112014559058,CO01,2024,14559,市立中平國中,812.0
s112014559060,CO01,2024,14559,市立中平國中,812.0
s112014559061,CO01,2024,14559,市立中平國中,812.0
s112014559062,CO01,2024,14559,市立中平國中,812.0
s112014559064,CO01,2024,14559,市立中平國中,812.0
s112014559066,CO01,2024,14559,市立中平國中,812.0
s112014559067,CO01,2024,14559,市立中平國中,812.0
s112014559068,CO01,2024,14559,市立中平國中,812.0
s112014559070,CO01,2024,14559,市立中平國中,812.0
s112014559071,CO01,2024,14559,市立中平國中,812.0
s112014559073,CO01,2024,14559,市立中平國中,812.0
s112014559074,CO01,2024,14559,市立中平國中,812.0
s112014559075,CO01,2024,14559,市立中平國中,812.0
s112014559076,CO01,2024,14559,市立中平國中,812.0
s112014559078,CO01,2024,14559,市立中平國中,812.0
s112014559079,CO01,2024,14559,市立中平國中,812.0
s112014559080,CO01,2024,14559,市立中平國中,812.0
s112014559081,CO01,2024,14559,市立中平國中,812.0
s112014559083,CO01,2024,14559,市立中平國中,812.0
s112014559084,CO01,2024,14559,市立中平國中,812.0
s112014559085,CO01,2024,14559,市立中平國中,812.0
s112014559086,CO01,2024,14559,市立中平國中,812.0
s112014559087,CO01,2024,14559,市立中平國中,812.0
s112014559088,CO01,2024,14559,市立中平國中,812.0
s112014559089,CO01,2024,14559,市立中平國中,812.0
s112014559090,CO01,2024,14559,市立中平國中,812.0
s112014560025,CO01,2024,14560,市立鳳鳴國中,801.0
s112014560026,CO01,2024,14560,市立鳳鳴國中,801.0
s112014560027,CO01,2024,14560,市立鳳鳴國中,801.0
s112014560028,CO01,2024,14560,市立鳳鳴國中,801.0
s112014560029,CO01,2024,14560,市立鳳鳴國中,801.0
s112014560030,CO01,2024,14560,市立鳳鳴國中,801.0
s112014560031,CO01,2024,14560,市立鳳鳴國中,801.0
s112014560032,CO01,2024,14560,市立鳳鳴國中,801.0
s112014560033,CO01,2024,14560,市立鳳鳴國中,801.0
s112014560034,CO01,2024,14560,市立鳳鳴國中,801.0
s112014560035,CO01,2024,14560,市立鳳鳴國中,801.0
s112014560037,CO01,2024,14560,市立鳳鳴國中,801.0
s112014560038,CO01,2024,14560,市立鳳鳴國中,801.0
s112014560039,CO01,2024,14560,市立鳳鳴國中,801.0
s112014560040,CO01,2024,14560,市立鳳鳴國中,801.0
s112014560041,CO01,2024,14560,市立鳳鳴國中,801.0
s112014560042,CO01,2024,14560,市立鳳鳴國中,801.0
s112014560043,CO01,2024,14560,市立鳳鳴國中,801.0
s112014560046,CO01,2024,14560,市立鳳鳴國中,801.0
s112014560052,CO01,2024,14560,市立鳳鳴國中,804.0
s112014560053,CO01,2024,14560,市立鳳鳴國中,804.0
s112014560055,CO01,2024,14560,市立鳳鳴國中,804.0
s112014560056,CO01,2024,14560,市立鳳鳴國中,804.0
s112014560057,CO01,2024,14560,市立鳳鳴國中,804.0
s112014560058,CO01,2024,14560,市立鳳鳴國中,804.0
s112014560059,CO01,2024,14560,市立鳳鳴國中,804.0
s112014560060,CO01,2024,14560,市立鳳鳴國中,804.0
s112014560061,CO01,2024,14560,市立鳳鳴國中,804.0
s112014560063,CO01,2024,14560,市立鳳鳴國中,804.0
s112014560064,CO01,2024,14560,市立鳳鳴國中,804.0
s112014560065,CO01,2024,14560,市立鳳鳴國中,804.0
s112014560066,CO01,2024,14560,市立鳳鳴國中,804.0
s112014560067,CO01,2024,14560,市立鳳鳴國中,804.0
s112014560068,CO01,2024,14560,市立鳳鳴國中,804.0
s112014560070,CO01,2024,14560,市立鳳鳴國中,804.0
s112014560071,CO01,2024,14560,市立鳳鳴國中,804.0
s112014560072,CO01,2024,14560,市立鳳鳴國中,804.0
s112014566024,CO01,2024,14566,市立正德國中,803.0
s112014566025,CO01,2024,14566,市立正德國中,803.0
s112014566028,CO01,2024,14566,市立正德國中,803.0
s112014566029,CO01,2024,14566,市立正德國中,803.0
s112014566030,CO01,2024,14566,市立正德國中,803.0
s112014566031,CO01,2024,14566,市立正德國中,803.0
s112014566032,CO01,2024,14566,市立正德國中,803.0
s112014566033,CO01,2024,14566,市立正德國中,803.0
s112014566035,CO01,2024,14566,市立正德國中,803.0
s112014566036,CO01,2024,14566,市立正德國中,803.0
s112014566037,CO01,2024,14566,市立正德國中,803.0
s112014566039,CO01,2024,14566,市立正德國中,803.0
s112014566041,CO01,2024,14566,市立正德國中,803.0
s112014566043,CO01,2024,14566,市立正德國中,803.0
s112014566044,CO01,2024,14566,市立正德國中,803.0
s112014566045,CO01,2024,14566,市立正德國中,803.0
s112014566047,CO01,2024,14566,市立正德國中,803.0
s112014566051,CO01,2024,14566,市立正德國中,803.0
s112014566055,CO01,2024,14566,市立正德國中,812.0
s112014566056,CO01,2024,14566,市立正德國中,812.0
s112014566059,CO01,2024,14566,市立正德國中,812.0
s112014566061,CO01,2024,14566,市立正德國中,812.0
s112014566063,CO01,2024,14566,市立正德國中,812.0
s112014566064,CO01,2024,14566,市立正德國中,812.0
s112014566065,CO01,2024,14566,市立正德國中,812.0
s112014566066,CO01,2024,14566,市立正德國中,812.0
s112014566071,CO01,2024,14566,市立正德國中,812.0
s112014566073,CO01,2024,14566,市立正德國中,812.0
s112014566074,CO01,2024,14566,市立正德國中,812.0
s112014566075,CO01,2024,14566,市立正德國中,812.0
s112014566076,CO01,2024,14566,市立正德國中,812.0
s112014566078,CO01,2024,14566,市立正德國中,812.0
s112014566080,CO01,2024,14566,市立正德國中,812.0
s112014566081,CO01,2024,14566,市立正德國中,812.0
s112014566082,CO01,2024,14566,市立正德國中,812.0
s112014576024,CO01,2024,14576,市立鷺江國中,807.0
s112014576025,CO01,2024,14576,市立鷺江國中,807.0
s112014576027,CO01,2024,14576,市立鷺江國中,807.0
s112014576030,CO01,2024,14576,市立鷺江國中,807.0
s112014576031,CO01,2024,14576,市立鷺江國中,807.0
s112014576032,CO01,2024,14576,市立鷺江國中,807.0
s112014576034,CO01,2024,14576,市立鷺江國中,807.0
s112014576036,CO01,2024,14576,市立鷺江國中,807.0
s112014576037,CO01,2024,14576,市立鷺江國中,807.0
s112014576038,CO01,2024,14576,市立鷺江國中,807.0
s112014576039,CO01,2024,14576,市立鷺江國中,807.0
s112014576040,CO01,2024,14576,市立鷺江國中,807.0
s112014576042,CO01,2024,14576,市立鷺江國中,807.0
s112014576043,CO01,2024,14576,市立鷺江國中,807.0
s112014576045,CO01,2024,14576,市立鷺江國中,807.0
s112014576046,CO01,2024,14576,市立鷺江國中,807.0
s112014576047,CO01,2024,14576,市立鷺江國中,807.0
s112014576051,CO01,2024,14576,市立鷺江國中,816.0
s112014576052,CO01,2024,14576,市立鷺江國中,816.0
s112014576053,CO01,2024,14576,市立鷺江國中,816.0
s112014576054,CO01,2024,14576,市立鷺江國中,816.0
s112014576055,CO01,2024,14576,市立鷺江國中,816.0
s112014576056,CO01,2024,14576,市立鷺江國中,816.0
s112014576057,CO01,2024,14576,市立鷺江國中,816.0
s112014576058,CO01,2024,14576,市立鷺江國中,816.0
s112014576059,CO01,2024,14576,市立鷺江國中,816.0
s112014576060,CO01,2024,14576,市立鷺江國中,816.0
s112014576061,CO01,2024,14576,市立鷺江國中,816.0
s112014576062,CO01,2024,14576,市立鷺江國中,816.0
s112014576063,CO01,2024,14576,市立鷺江國中,816.0
s112014576064,CO01,2024,14576,市立鷺江國中,816.0
s112014576065,CO01,2024,14576,市立鷺江國中,816.0
s112014576066,CO01,2024,14576,市立鷺江國中,816.0
s112014576067,CO01,2024,14576,市立鷺江國中,816.0
s112014576069,CO01,2024,14576,市立鷺江國中,816.0
s112014576070,CO01,2024,14576,市立鷺江國中,816.0
s112014576071,CO01,2024,14576,市立鷺江國中,816.0
s112014576073,CO01,2024,14576,市立鷺江國中,816.0
s112014576074,CO01,2024,14576,市立鷺江國中,816.0
s112014576075,CO01,2024,14576,市立鷺江國中,816.0
s112014576076,CO01,2024,14576,市立鷺江國中,816.0
s112024503053,CO01,2024,24503,縣立復興國中,807.0
s112024503054,CO01,2024,24503,縣立復興國中,807.0
s112024503055,CO01,2024,24503,縣立復興國中,807.0
s112024503056,CO01,2024,24503,縣立復興國中,807.0
s112024503057,CO01,2024,24503,縣立復興國中,807.0
s112024503058,CO01,2024,24503,縣立復興國中,807.0
s112024503059,CO01,2024,24503,縣立復興國中,807.0
s112024503061,CO01,2024,24503,縣立復興國中,807.0
s112024503062,CO01,2024,24503,縣立復興國中,807.0
s112024503064,CO01,2024,24503,縣立復興國中,807.0
s112024503065,CO01,2024,24503,縣立復興國中,807.0
s112024503066,CO01,2024,24503,縣立復興國中,807.0
s112024503067,CO01,2024,24503,縣立復興國中,807.0
s112024503068,CO01,2024,24503,縣立復興國中,807.0
s112024503069,CO01,2024,24503,縣立復興國中,807.0
s112024503070,CO01,2024,24503,縣立復興國中,807.0
s112024503072,CO01,2024,24503,縣立復興國中,807.0
s112024503073,CO01,2024,24503,縣立復興國中,807.0
s112024503074,CO01,2024,24503,縣立復興國中,807.0
s112024503075,CO01,2024,24503,縣立復興國中,807.0
s112024503076,CO01,2024,24503,縣立復興國中,807.0
s112024503077,CO01,2024,24503,縣立復興國中,807.0
s112024503078,CO01,2024,24503,縣立復興國中,807.0
s112024503079,CO01,2024,24503,縣立復興國中,807.0
s112024503082,CO01,2024,24503,縣立復興國中,815.0
s112024503085,CO01,2024,24503,縣立復興國中,815.0
s112024503086,CO01,2024,24503,縣立復興國中,815.0
s112024503087,CO01,2024,24503,縣立復興國中,815.0
s112024503088,CO01,2024,24503,縣立復興國中,815.0
s112024503089,CO01,2024,24503,縣立復興國中,815.0
s112024503090,CO01,2024,24503,縣立復興國中,815.0
s112024503091,CO01,2024,24503,縣立復興國中,815.0
s112024503092,CO01,2024,24503,縣立復興國中,815.0
s112024503093,CO01,2024,24503,縣立復興國中,815.0
s112024503094,CO01,2024,24503,縣立復興國中,815.0
s112024503097,CO01,2024,24503,縣立復興國中,815.0
s112024503099,CO01,2024,24503,縣立復興國中,815.0
s112024503100,CO01,2024,24503,縣立復興國中,815.0
s112024503101,CO01,2024,24503,縣立復興國中,815.0
s112024503103,CO01,2024,24503,縣立復興國中,815.0
s112024503104,CO01,2024,24503,縣立復興國中,815.0
s112024503105,CO01,2024,24503,縣立復興國中,815.0
s112024503106,CO01,2024,24503,縣立復興國中,815.0
s112024503107,CO01,2024,24503,縣立復興國中,815.0
s112024503108,CO01,2024,24503,縣立復興國中,815.0
s112024503109,CO01,2024,24503,縣立復興國中,815.0
s112024507024,CO01,2024,24507,縣立頭城國中,803.0
s112024507025,CO01,2024,24507,縣立頭城國中,803.0
s112024507026,CO01,2024,24507,縣立頭城國中,803.0
s112024507027,CO01,2024,24507,縣立頭城國中,803.0
s112024507028,CO01,2024,24507,縣立頭城國中,803.0
s112024507029,CO01,2024,24507,縣立頭城國中,803.0
s112024507030,CO01,2024,24507,縣立頭城國中,803.0
s112024507031,CO01,2024,24507,縣立頭城國中,803.0
s112024507032,CO01,2024,24507,縣立頭城國中,803.0
s112024507034,CO01,2024,24507,縣立頭城國中,803.0
s112024507035,CO01,2024,24507,縣立頭城國中,803.0
s112024507036,CO01,2024,24507,縣立頭城國中,803.0
s112024507037,CO01,2024,24507,縣立頭城國中,803.0
s112024507038,CO01,2024,24507,縣立頭城國中,803.0
s112024507040,CO01,2024,24507,縣立頭城國中,803.0
s112024507042,CO01,2024,24507,縣立頭城國中,803.0
s112024507045,CO01,2024,24507,縣立頭城國中,806.0
s112024507046,CO01,2024,24507,縣立頭城國中,806.0
s112024507047,CO01,2024,24507,縣立頭城國中,806.0
s112024507048,CO01,2024,24507,縣立頭城國中,806.0
s112024507049,CO01,2024,24507,縣立頭城國中,806.0
s112024507050,CO01,2024,24507,縣立頭城國中,806.0
s112024507051,CO01,2024,24507,縣立頭城國中,806.0
s112024507052,CO01,2024,24507,縣立頭城國中,806.0
s112024507053,CO01,2024,24507,縣立頭城國中,806.0
s112024507054,CO01,2024,24507,縣立頭城國中,806.0
s112024507055,CO01,2024,24507,縣立頭城國中,806.0
s112024507056,CO01,2024,24507,縣立頭城國中,806.0
s112024507058,CO01,2024,24507,縣立頭城國中,806.0
s112024507060,CO01,2024,24507,縣立頭城國中,806.0
s112024507061,CO01,2024,24507,縣立頭城國中,806.0
s112024523023,CO01,2024,24523,縣立大同國中,801.0
s112024523025,CO01,2024,24523,縣立大同國中,801.0
s112024523026,CO01,2024,24523,縣立大同國中,801.0
s112024523027,CO01,2024,24523,縣立大同國中,801.0
s112024523028,CO01,2024,24523,縣立大同國中,801.0
s112024523029,CO01,2024,24523,縣立大同國中,801.0
s112024523030,CO01,2024,24523,縣立大同國中,801.0
s112024523031,CO01,2024,24523,縣立大同國中,801.0
s112024523034,CO01,2024,24523,縣立大同國中,801.0
s112034348025,CO01,2024,34348,市立羅浮高中附設國中,八年忠班
s112034348026,CO01,2024,34348,市立羅浮高中附設國中,八年忠班
s112034348031,CO01,2024,34348,市立羅浮高中附設國中,八年忠班
s112034348034,CO01,2024,34348,市立羅浮高中附設國中,八年忠班
s112034348036,CO01,2024,34348,市立羅浮高中附設國中,八年忠班
s112034348037,CO01,2024,34348,市立羅浮高中附設國中,八年忠班
s112034348038,CO01,2024,34348,市立羅浮高中附設國中,八年忠班
s112034348040,CO01,2024,34348,市立羅浮高中附設國中,八年忠班
s112034348042,CO01,2024,34348,市立羅浮高中附設國中,八年忠班
s112034348051,CO01,2024,34348,市立羅浮高中附設國中,八年仁班
s112034348052,CO01,2024,34348,市立羅浮高中附設國中,八年仁班
s112034348053,CO01,2024,34348,市立羅浮高中附設國中,八年仁班
s112034348055,CO01,2024,34348,市立羅浮高中附設國中,八年仁班
s112034348056,CO01,2024,34348,市立羅浮高中附設國中,八年仁班
s112034348057,CO01,2024,34348,市立羅浮高中附設國中,八年仁班
s112034348058,CO01,2024,34348,市立羅浮高中附設國中,八年仁班
s112034348062,CO01,2024,34348,市立羅浮高中附設國中,八年仁班
s112034348064,CO01,2024,34348,市立羅浮高中附設國中,八年仁班
s112034348065,CO01,2024,34348,市立羅浮高中附設國中,八年仁班
s112034348066,CO01,2024,34348,市立羅浮高中附設國中,八年仁班
s112034348068,CO01,2024,34348,市立羅浮高中附設國中,八年仁班
s112034348071,CO01,2024,34348,市立羅浮高中附設國中,八年仁班
s112034348073,CO01,2024,34348,市立羅浮高中附設國中,八年仁班
s112034502025,CO01,2024,34502,市立青溪國中,804.0
s112034502026,CO01,2024,34502,市立青溪國中,804.0
s112034502027,CO01,2024,34502,市立青溪國中,804.0
s112034502028,CO01,2024,34502,市立青溪國中,804.0
s112034502029,CO01,2024,34502,市立青溪國中,804.0
s112034502030,CO01,2024,34502,市立青溪國中,804.0
s112034502031,CO01,2024,34502,市立青溪國中,804.0
s112034502032,CO01,2024,34502,市立青溪國中,804.0
s112034502033,CO01,2024,34502,市立青溪國中,804.0
s112034502034,CO01,2024,34502,市立青溪國中,804.0
s112034502035,CO01,2024,34502,市立青溪國中,804.0
s112034502036,CO01,2024,34502,市立青溪國中,804.0
s112034502038,CO01,2024,34502,市立青溪國中,804.0
s112034502039,CO01,2024,34502,市立青溪國中,804.0
s112034502041,CO01,2024,34502,市立青溪國中,804.0
s112034502045,CO01,2024,34502,市立青溪國中,804.0
s112034502047,CO01,2024,34502,市立青溪國中,804.0
s112034502048,CO01,2024,34502,市立青溪國中,804.0
s112034502049,CO01,2024,34502,市立青溪國中,804.0
s112034502050,CO01,2024,34502,市立青溪國中,804.0
s112034502055,CO01,2024,34502,市立青溪國中,811.0
s112034502057,CO01,2024,34502,市立青溪國中,811.0
s112034502058,CO01,2024,34502,市立青溪國中,811.0
s112034502059,CO01,2024,34502,市立青溪國中,811.0
s112034502060,CO01,2024,34502,市立青溪國中,811.0
s112034502061,CO01,2024,34502,市立青溪國中,811.0
s112034502062,CO01,2024,34502,市立青溪國中,811.0
s112034502063,CO01,2024,34502,市立青溪國中,811.0
s112034502064,CO01,2024,34502,市立青溪國中,811.0
s112034502065,CO01,2024,34502,市立青溪國中,811.0
s112034502067,CO01,2024,34502,市立青溪國中,811.0
s112034502068,CO01,2024,34502,市立青溪國中,811.0
s112034502069,CO01,2024,34502,市立青溪國中,811.0
s112034502070,CO01,2024,34502,市立青溪國中,811.0
s112034502072,CO01,2024,34502,市立青溪國中,811.0
s112034502073,CO01,2024,34502,市立青溪國中,811.0
s112034502075,CO01,2024,34502,市立青溪國中,811.0
s112034502076,CO01,2024,34502,市立青溪國中,811.0
s112034502079,CO01,2024,34502,市立青溪國中,811.0
s112034502080,CO01,2024,34502,市立青溪國中,811.0
s112034502081,CO01,2024,34502,市立青溪國中,811.0
s112034502082,CO01,2024,34502,市立青溪國中,811.0
s112034502083,CO01,2024,34502,市立青溪國中,811.0
s112034506024,CO01,2024,34506,市立南崁國中,八年8班
s112034506026,CO01,2024,34506,市立南崁國中,八年8班
s112034506027,CO01,2024,34506,市立南崁國中,八年8班
s112034506028,CO01,2024,34506,市立南崁國中,八年8班
s112034506029,CO01,2024,34506,市立南崁國中,八年8班
s112034506030,CO01,2024,34506,市立南崁國中,八年8班
s112034506031,CO01,2024,34506,市立南崁國中,八年8班
s112034506032,CO01,2024,34506,市立南崁國中,八年8班
s112034506033,CO01,2024,34506,市立南崁國中,八年8班
s112034506034,CO01,2024,34506,市立南崁國中,八年8班
s112034506035,CO01,2024,34506,市立南崁國中,八年8班
s112034506036,CO01,2024,34506,市立南崁國中,八年8班
s112034506037,CO01,2024,34506,市立南崁國中,八年8班
s112034506038,CO01,2024,34506,市立南崁國中,八年8班
s112034506039,CO01,2024,34506,市立南崁國中,八年8班
s112034506040,CO01,2024,34506,市立南崁國中,八年8班
s112034506041,CO01,2024,34506,市立南崁國中,八年8班
s112034506043,CO01,2024,34506,市立南崁國中,八年8班
s112034506044,CO01,2024,34506,市立南崁國中,八年8班
s112034506045,CO01,2024,34506,市立南崁國中,八年8班
s112034506046,CO01,2024,34506,市立南崁國中,八年8班
s112034506047,CO01,2024,34506,市立南崁國中,八年8班
s112034506048,CO01,2024,34506,市立南崁國中,八年8班
s112034506049,CO01,2024,34506,市立南崁國中,八年8班
s112034506050,CO01,2024,34506,市立南崁國中,八年8班
s112034506051,CO01,2024,34506,市立南崁國中,八年8班
s112034508024,CO01,2024,34508,市立大竹國中,801.0
s112034508025,CO01,2024,34508,市立大竹國中,801.0
s112034508026,CO01,2024,34508,市立大竹國中,801.0
s112034508027,CO01,2024,34508,市立大竹國中,801.0
s112034508028,CO01,2024,34508,市立大竹國中,801.0
s112034508029,CO01,2024,34508,市立大竹國中,801.0
s112034508030,CO01,2024,34508,市立大竹國中,801.0
s112034508032,CO01,2024,34508,市立大竹國中,801.0
s112034508034,CO01,2024,34508,市立大竹國中,801.0
s112034508035,CO01,2024,34508,市立大竹國中,801.0
s112034508036,CO01,2024,34508,市立大竹國中,801.0
s112034508037,CO01,2024,34508,市立大竹國中,801.0
s112034508038,CO01,2024,34508,市立大竹國中,801.0
s112034508039,CO01,2024,34508,市立大竹國中,801.0
s112034508040,CO01,2024,34508,市立大竹國中,801.0
s112034508041,CO01,2024,34508,市立大竹國中,801.0
s112034508043,CO01,2024,34508,市立大竹國中,801.0
s112034508044,CO01,2024,34508,市立大竹國中,801.0
s112034508045,CO01,2024,34508,市立大竹國中,801.0
s112034508046,CO01,2024,34508,市立大竹國中,801.0
s112034508047,CO01,2024,34508,市立大竹國中,801.0
s112034508048,CO01,2024,34508,市立大竹國中,801.0
s112034508049,CO01,2024,34508,市立大竹國中,801.0
s112034508050,CO01,2024,34508,市立大竹國中,801.0
s112034508051,CO01,2024,34508,市立大竹國中,801.0
s112034508054,CO01,2024,34508,市立大竹國中,806.0
s112034508055,CO01,2024,34508,市立大竹國中,806.0
s112034508057,CO01,2024,34508,市立大竹國中,806.0
s112034508058,CO01,2024,34508,市立大竹國中,806.0
s112034508059,CO01,2024,34508,市立大竹國中,806.0
s112034508060,CO01,2024,34508,市立大竹國中,806.0
s112034508061,CO01,2024,34508,市立大竹國中,806.0
s112034508066,CO01,2024,34508,市立大竹國中,806.0
s112034508067,CO01,2024,34508,市立大竹國中,806.0
s112034508070,CO01,2024,34508,市立大竹國中,806.0
s112034508071,CO01,2024,34508,市立大竹國中,806.0
s112034508072,CO01,2024,34508,市立大竹國中,806.0
s112034508073,CO01,2024,34508,市立大竹國中,806.0
s112034508074,CO01,2024,34508,市立大竹國中,806.0
s112034508075,CO01,2024,34508,市立大竹國中,806.0
s112034508076,CO01,2024,34508,市立大竹國中,806.0
s112034508077,CO01,2024,34508,市立大竹國中,806.0
s112034508078,CO01,2024,34508,市立大竹國中,806.0
s112034508079,CO01,2024,34508,市立大竹國中,806.0
s112034513024,CO01,2024,34513,市立仁和國中,八年06班
s112034513025,CO01,2024,34513,市立仁和國中,八年06班
s112034513026,CO01,2024,34513,市立仁和國中,八年06班
s112034513027,CO01,2024,34513,市立仁和國中,八年06班
s112034513028,CO01,2024,34513,市立仁和國中,八年06班
s112034513029,CO01,2024,34513,市立仁和國中,八年06班
s112034513030,CO01,2024,34513,市立仁和國中,八年06班
s112034513031,CO01,2024,34513,市立仁和國中,八年06班
s112034513033,CO01,2024,34513,市立仁和國中,八年06班
s112034513035,CO01,2024,34513,市立仁和國中,八年06班
s112034513037,CO01,2024,34513,市立仁和國中,八年06班
s112034513038,CO01,2024,34513,市立仁和國中,八年06班
s112034513039,CO01,2024,34513,市立仁和國中,八年06班
s112034513040,CO01,2024,34513,市立仁和國中,八年06班
s112034513042,CO01,2024,34513,市立仁和國中,八年06班
s112034513043,CO01,2024,34513,市立仁和國中,八年06班
s112034513044,CO01,2024,34513,市立仁和國中,八年06班
s112034513045,CO01,2024,34513,市立仁和國中,八年06班
s112034513046,CO01,2024,34513,市立仁和國中,八年06班
s112034513047,CO01,2024,34513,市立仁和國中,八年06班
s112034513048,CO01,2024,34513,市立仁和國中,八年06班
s112034513049,CO01,2024,34513,市立仁和國中,八年06班
s112034513051,CO01,2024,34513,市立仁和國中,八年06班
s112034513054,CO01,2024,34513,市立仁和國中,八年13班
s112034513056,CO01,2024,34513,市立仁和國中,八年13班
s112034513057,CO01,2024,34513,市立仁和國中,八年13班
s112034513058,CO01,2024,34513,市立仁和國中,八年13班
s112034513059,CO01,2024,34513,市立仁和國中,八年13班
s112034513060,CO01,2024,34513,市立仁和國中,八年13班
s112034513061,CO01,2024,34513,市立仁和國中,八年13班
s112034513062,CO01,2024,34513,市立仁和國中,八年13班
s112034513063,CO01,2024,34513,市立仁和國中,八年13班
s112034513064,CO01,2024,34513,市立仁和國中,八年13班
s112034513065,CO01,2024,34513,市立仁和國中,八年13班
s112034513066,CO01,2024,34513,市立仁和國中,八年13班
s112034513067,CO01,2024,34513,市立仁和國中,八年13班
s112034513068,CO01,2024,34513,市立仁和國中,八年13班
s112034513069,CO01,2024,34513,市立仁和國中,八年13班
s112034513070,CO01,2024,34513,市立仁和國中,八年13班
s112034513071,CO01,2024,34513,市立仁和國中,八年13班
s112034513073,CO01,2024,34513,市立仁和國中,八年13班
s112034513074,CO01,2024,34513,市立仁和國中,八年13班
s112034513075,CO01,2024,34513,市立仁和國中,八年13班
s112034513076,CO01,2024,34513,市立仁和國中,八年13班
s112034513077,CO01,2024,34513,市立仁和國中,八年13班
s112034513078,CO01,2024,34513,市立仁和國中,八年13班
s112034517027,CO01,2024,34517,市立大成國中,801.0
s112034517029,CO01,2024,34517,市立大成國中,801.0
s112034517032,CO01,2024,34517,市立大成國中,801.0
s112034517033,CO01,2024,34517,市立大成國中,801.0
s112034517035,CO01,2024,34517,市立大成國中,801.0
s112034517036,CO01,2024,34517,市立大成國中,801.0
s112034517037,CO01,2024,34517,市立大成國中,801.0
s112034517039,CO01,2024,34517,市立大成國中,801.0
s112034517040,CO01,2024,34517,市立大成國中,801.0
s112034517041,CO01,2024,34517,市立大成國中,801.0
s112034517042,CO01,2024,34517,市立大成國中,801.0
s112034517043,CO01,2024,34517,市立大成國中,801.0
s112034517044,CO01,2024,34517,市立大成國中,801.0
s112034517045,CO01,2024,34517,市立大成國中,801.0
s112034517046,CO01,2024,34517,市立大成國中,801.0
s112034517047,CO01,2024,34517,市立大成國中,801.0
s112034517048,CO01,2024,34517,市立大成國中,801.0
s112034517049,CO01,2024,34517,市立大成國中,801.0
s112034517050,CO01,2024,34517,市立大成國中,801.0
s112034517051,CO01,2024,34517,市立大成國中,801.0
s112034517052,CO01,2024,34517,市立大成國中,801.0
s112034517053,CO01,2024,34517,市立大成國中,801.0
s112034517054,CO01,2024,34517,市立大成國中,801.0
s112034517057,CO01,2024,34517,市立大成國中,811.0
s112034517059,CO01,2024,34517,市立大成國中,811.0
s112034517060,CO01,2024,34517,市立大成國中,811.0
s112034517061,CO01,2024,34517,市立大成國中,811.0
s112034517062,CO01,2024,34517,市立大成國中,811.0
s112034517064,CO01,2024,34517,市立大成國中,811.0
s112034517065,CO01,2024,34517,市立大成國中,811.0
s112034517068,CO01,2024,34517,市立大成國中,811.0
s112034517069,CO01,2024,34517,市立大成國中,811.0
s112034517070,CO01,2024,34517,市立大成國中,811.0
s112034517071,CO01,2024,34517,市立大成國中,811.0
s112034517072,CO01,2024,34517,市立大成國中,811.0
s112034517073,CO01,2024,34517,市立大成國中,811.0
s112034517074,CO01,2024,34517,市立大成國中,811.0
s112034517075,CO01,2024,34517,市立大成國中,811.0
s112034517076,CO01,2024,34517,市立大成國中,811.0
s112034517077,CO01,2024,34517,市立大成國中,811.0
s112034517078,CO01,2024,34517,市立大成國中,811.0
s112034517079,CO01,2024,34517,市立大成國中,811.0
s112034517080,CO01,2024,34517,市立大成國中,811.0
s112034517082,CO01,2024,34517,市立大成國中,811.0
s112034517083,CO01,2024,34517,市立大成國中,811.0
s112034517084,CO01,2024,34517,市立大成國中,811.0
s112034517085,CO01,2024,34517,市立大成國中,811.0
s112034518024,CO01,2024,34518,市立中壢國中,805.0
s112034518025,CO01,2024,34518,市立中壢國中,805.0
s112034518026,CO01,2024,34518,市立中壢國中,805.0
s112034518028,CO01,2024,34518,市立中壢國中,805.0
s112034518029,CO01,2024,34518,市立中壢國中,805.0
s112034518030,CO01,2024,34518,市立中壢國中,805.0
s112034518031,CO01,2024,34518,市立中壢國中,805.0
s112034518032,CO01,2024,34518,市立中壢國中,805.0
s112034518034,CO01,2024,34518,市立中壢國中,805.0
s112034518035,CO01,2024,34518,市立中壢國中,805.0
s112034518036,CO01,2024,34518,市立中壢國中,805.0
s112034518040,CO01,2024,34518,市立中壢國中,805.0
s112034518041,CO01,2024,34518,市立中壢國中,805.0
s112034518043,CO01,2024,34518,市立中壢國中,805.0
s112034518046,CO01,2024,34518,市立中壢國中,805.0
s112034518047,CO01,2024,34518,市立中壢國中,805.0
s112034518048,CO01,2024,34518,市立中壢國中,805.0
s112034518049,CO01,2024,34518,市立中壢國中,805.0
s112034518053,CO01,2024,34518,市立中壢國中,812.0
s112034518054,CO01,2024,34518,市立中壢國中,812.0
s112034518055,CO01,2024,34518,市立中壢國中,812.0
s112034518057,CO01,2024,34518,市立中壢國中,812.0
s112034518058,CO01,2024,34518,市立中壢國中,812.0
s112034518059,CO01,2024,34518,市立中壢國中,812.0
s112034518060,CO01,2024,34518,市立中壢國中,812.0
s112034518062,CO01,2024,34518,市立中壢國中,812.0
s112034518067,CO01,2024,34518,市立中壢國中,812.0
s112034518068,CO01,2024,34518,市立中壢國中,812.0
s112034518069,CO01,2024,34518,市立中壢國中,812.0
s112034518070,CO01,2024,34518,市立中壢國中,812.0
s112034518072,CO01,2024,34518,市立中壢國中,812.0
s112034518075,CO01,2024,34518,市立中壢國中,812.0
s112034518076,CO01,2024,34518,市立中壢國中,812.0
s112034518078,CO01,2024,34518,市立中壢國中,812.0
s112034518079,CO01,2024,34518,市立中壢國中,812.0
s112034518081,CO01,2024,34518,市立中壢國中,812.0
s112034524024,CO01,2024,34524,市立龍岡國中,八年四班
s112034524026,CO01,2024,34524,市立龍岡國中,八年四班
s112034524027,CO01,2024,34524,市立龍岡國中,八年四班
s112034524028,CO01,2024,34524,市立龍岡國中,八年四班
s112034524029,CO01,2024,34524,市立龍岡國中,八年四班
s112034524030,CO01,2024,34524,市立龍岡國中,八年四班
s112034524031,CO01,2024,34524,市立龍岡國中,八年四班
s112034524032,CO01,2024,34524,市立龍岡國中,八年四班
s112034524033,CO01,2024,34524,市立龍岡國中,八年四班
s112034524034,CO01,2024,34524,市立龍岡國中,八年四班
s112034524035,CO01,2024,34524,市立龍岡國中,八年四班
s112034524036,CO01,2024,34524,市立龍岡國中,八年四班
s112034524037,CO01,2024,34524,市立龍岡國中,八年四班
s112034524039,CO01,2024,34524,市立龍岡國中,八年四班
s112034524040,CO01,2024,34524,市立龍岡國中,八年四班
s112034524041,CO01,2024,34524,市立龍岡國中,八年四班
s112034524042,CO01,2024,34524,市立龍岡國中,八年四班
s112034524043,CO01,2024,34524,市立龍岡國中,八年四班
s112034524044,CO01,2024,34524,市立龍岡國中,八年四班
s112034524045,CO01,2024,34524,市立龍岡國中,八年四班
s112034524046,CO01,2024,34524,市立龍岡國中,八年四班
s112034524047,CO01,2024,34524,市立龍岡國中,八年四班
s112034524048,CO01,2024,34524,市立龍岡國中,八年四班
s112034524049,CO01,2024,34524,市立龍岡國中,八年四班
s112034524050,CO01,2024,34524,市立龍岡國中,八年四班
s112034524053,CO01,2024,34524,市立龍岡國中,八年九班
s112034524055,CO01,2024,34524,市立龍岡國中,八年九班
s112034524056,CO01,2024,34524,市立龍岡國中,八年九班
s112034524057,CO01,2024,34524,市立龍岡國中,八年九班
s112034524058,CO01,2024,34524,市立龍岡國中,八年九班
s112034524059,CO01,2024,34524,市立龍岡國中,八年九班
s112034524060,CO01,2024,34524,市立龍岡國中,八年九班
s112034524061,CO01,2024,34524,市立龍岡國中,八年九班
s112034524062,CO01,2024,34524,市立龍岡國中,八年九班
s112034524063,CO01,2024,34524,市立龍岡國中,八年九班
s112034524064,CO01,2024,34524,市立龍岡國中,八年九班
s112034524065,CO01,2024,34524,市立龍岡國中,八年九班
s112034524066,CO01,2024,34524,市立龍岡國中,八年九班
s112034524067,CO01,2024,34524,市立龍岡國中,八年九班
s112034524068,CO01,2024,34524,市立龍岡國中,八年九班
s112034524069,CO01,2024,34524,市立龍岡國中,八年九班
s112034524070,CO01,2024,34524,市立龍岡國中,八年九班
s112034524071,CO01,2024,34524,市立龍岡國中,八年九班
s112034524072,CO01,2024,34524,市立龍岡國中,八年九班
s112034524073,CO01,2024,34524,市立龍岡國中,八年九班
s112034524074,CO01,2024,34524,市立龍岡國中,八年九班
s112034524075,CO01,2024,34524,市立龍岡國中,八年九班
s112034524076,CO01,2024,34524,市立龍岡國中,八年九班
s112034524077,CO01,2024,34524,市立龍岡國中,八年九班
s112034524078,CO01,2024,34524,市立龍岡國中,八年九班
s112034524079,CO01,2024,34524,市立龍岡國中,八年九班
s112034524080,CO01,2024,34524,市立龍岡國中,八年九班
s112034527024,CO01,2024,34527,市立東興國中,806.0
s112034527025,CO01,2024,34527,市立東興國中,806.0
s112034527026,CO01,2024,34527,市立東興國中,806.0
s112034527027,CO01,2024,34527,市立東興國中,806.0
s112034527029,CO01,2024,34527,市立東興國中,806.0
s112034527030,CO01,2024,34527,市立東興國中,806.0
s112034527031,CO01,2024,34527,市立東興國中,806.0
s112034527032,CO01,2024,34527,市立東興國中,806.0
s112034527033,CO01,2024,34527,市立東興國中,806.0
s112034527034,CO01,2024,34527,市立東興國中,806.0
s112034527035,CO01,2024,34527,市立東興國中,806.0
s112034527036,CO01,2024,34527,市立東興國中,806.0
s112034527037,CO01,2024,34527,市立東興國中,806.0
s112034527038,CO01,2024,34527,市立東興國中,806.0
s112034527039,CO01,2024,34527,市立東興國中,806.0
s112034527040,CO01,2024,34527,市立東興國中,806.0
s112034527041,CO01,2024,34527,市立東興國中,806.0
s112034527042,CO01,2024,34527,市立東興國中,806.0
s112034527043,CO01,2024,34527,市立東興國中,806.0
s112034527044,CO01,2024,34527,市立東興國中,806.0
s112034527046,CO01,2024,34527,市立東興國中,806.0
s112034527047,CO01,2024,34527,市立東興國中,806.0
s112034527048,CO01,2024,34527,市立東興國中,806.0
s112034527049,CO01,2024,34527,市立東興國中,806.0
s112034527050,CO01,2024,34527,市立東興國中,806.0
s112034527052,CO01,2024,34527,市立東興國中,818.0
s112034527053,CO01,2024,34527,市立東興國中,818.0
s112034527054,CO01,2024,34527,市立東興國中,818.0
s112034527055,CO01,2024,34527,市立東興國中,818.0
s112034527057,CO01,2024,34527,市立東興國中,818.0
s112034527058,CO01,2024,34527,市立東興國中,818.0
s112034527059,CO01,2024,34527,市立東興國中,818.0
s112034527060,CO01,2024,34527,市立東興國中,818.0
s112034527061,CO01,2024,34527,市立東興國中,818.0
s112034527062,CO01,2024,34527,市立東興國中,818.0
s112034527063,CO01,2024,34527,市立東興國中,818.0
s112034527065,CO01,2024,34527,市立東興國中,818.0
s112034527066,CO01,2024,34527,市立東興國中,818.0
s112034527067,CO01,2024,34527,市立東興國中,818.0
s112034527069,CO01,2024,34527,市立東興國中,818.0
s112034527070,CO01,2024,34527,市立東興國中,818.0
s112034527071,CO01,2024,34527,市立東興國中,818.0
s112034527072,CO01,2024,34527,市立東興國中,818.0
s112034527073,CO01,2024,34527,市立東興國中,818.0
s112034527074,CO01,2024,34527,市立東興國中,818.0
s112034527075,CO01,2024,34527,市立東興國中,818.0
s112034527076,CO01,2024,34527,市立東興國中,818.0
s112034527077,CO01,2024,34527,市立東興國中,818.0
s112034527078,CO01,2024,34527,市立東興國中,818.0
s112034527080,CO01,2024,34527,市立東興國中,818.0
s112034543024,CO01,2024,34543,市立平興國中,803.0
s112034543025,CO01,2024,34543,市立平興國中,803.0
s112034543026,CO01,2024,34543,市立平興國中,803.0
s112034543027,CO01,2024,34543,市立平興國中,803.0
s112034543028,CO01,2024,34543,市立平興國中,803.0
s112034543029,CO01,2024,34543,市立平興國中,803.0
s112034543031,CO01,2024,34543,市立平興國中,803.0
s112034543033,CO01,2024,34543,市立平興國中,803.0
s112034543034,CO01,2024,34543,市立平興國中,803.0
s112034543036,CO01,2024,34543,市立平興國中,803.0
s112034543037,CO01,2024,34543,市立平興國中,803.0
s112034543038,CO01,2024,34543,市立平興國中,803.0
s112034543040,CO01,2024,34543,市立平興國中,803.0
s112034543042,CO01,2024,34543,市立平興國中,803.0
s112034543043,CO01,2024,34543,市立平興國中,803.0
s112034543044,CO01,2024,34543,市立平興國中,803.0
s112034543045,CO01,2024,34543,市立平興國中,803.0
s112034543046,CO01,2024,34543,市立平興國中,803.0
s112034543053,CO01,2024,34543,市立平興國中,808.0
s112034543054,CO01,2024,34543,市立平興國中,808.0
s112034543056,CO01,2024,34543,市立平興國中,808.0
s112034543057,CO01,2024,34543,市立平興國中,808.0
s112034543058,CO01,2024,34543,市立平興國中,808.0
s112034543059,CO01,2024,34543,市立平興國中,808.0
s112034543061,CO01,2024,34543,市立平興國中,808.0
s112034543063,CO01,2024,34543,市立平興國中,808.0
s112034543064,CO01,2024,34543,市立平興國中,808.0
s112034543065,CO01,2024,34543,市立平興國中,808.0
s112034543066,CO01,2024,34543,市立平興國中,808.0
s112034543067,CO01,2024,34543,市立平興國中,808.0
s112034543068,CO01,2024,34543,市立平興國中,808.0
s112034543070,CO01,2024,34543,市立平興國中,808.0
s112034543071,CO01,2024,34543,市立平興國中,808.0
s112034543072,CO01,2024,34543,市立平興國中,808.0
s112034543073,CO01,2024,34543,市立平興國中,808.0
s112034543076,CO01,2024,34543,市立平興國中,808.0
s112034543077,CO01,2024,34543,市立平興國中,808.0
s112034543078,CO01,2024,34543,市立平興國中,808.0
s112034543079,CO01,2024,34543,市立平興國中,808.0
s112034554024,CO01,2024,34554,市立大有國中,八年六班
s112034554025,CO01,2024,34554,市立大有國中,八年六班
s112034554026,CO01,2024,34554,市立大有國中,八年六班
s112034554027,CO01,2024,34554,市立大有國中,八年六班
s112034554028,CO01,2024,34554,市立大有國中,八年六班
s112034554029,CO01,2024,34554,市立大有國中,八年六班
s112034554030,CO01,2024,34554,市立大有國中,八年六班
s112034554031,CO01,2024,34554,市立大有國中,八年六班
s112034554032,CO01,2024,34554,市立大有國中,八年六班
s112034554033,CO01,2024,34554,市立大有國中,八年六班
s112034554034,CO01,2024,34554,市立大有國中,八年六班
s112034554036,CO01,2024,34554,市立大有國中,八年六班
s112034554037,CO01,2024,34554,市立大有國中,八年六班
s112034554038,CO01,2024,34554,市立大有國中,八年六班
s112034554039,CO01,2024,34554,市立大有國中,八年六班
s112034554040,CO01,2024,34554,市立大有國中,八年六班
s112034554041,CO01,2024,34554,市立大有國中,八年六班
s112034554042,CO01,2024,34554,市立大有國中,八年六班
s112034554043,CO01,2024,34554,市立大有國中,八年六班
s112034554044,CO01,2024,34554,市立大有國中,八年六班
s112034554045,CO01,2024,34554,市立大有國中,八年六班
s112034554046,CO01,2024,34554,市立大有國中,八年六班
s112034554047,CO01,2024,34554,市立大有國中,八年六班
s112034554048,CO01,2024,34554,市立大有國中,八年六班
s112034554049,CO01,2024,34554,市立大有國中,八年六班
s112034554053,CO01,2024,34554,市立大有國中,八年十三班
s112034554054,CO01,2024,34554,市立大有國中,八年十三班
s112034554055,CO01,2024,34554,市立大有國中,八年十三班
s112034554056,CO01,2024,34554,市立大有國中,八年十三班
s112034554057,CO01,2024,34554,市立大有國中,八年十三班
s112034554058,CO01,2024,34554,市立大有國中,八年十三班
s112034554060,CO01,2024,34554,市立大有國中,八年十三班
s112034554061,CO01,2024,34554,市立大有國中,八年十三班
s112034554062,CO01,2024,34554,市立大有國中,八年十三班
s112034554064,CO01,2024,34554,市立大有國中,八年十三班
s112034554065,CO01,2024,34554,市立大有國中,八年十三班
s112034554066,CO01,2024,34554,市立大有國中,八年十三班
s112034554067,CO01,2024,34554,市立大有國中,八年十三班
s112034554068,CO01,2024,34554,市立大有國中,八年十三班
s112034554071,CO01,2024,34554,市立大有國中,八年十三班
s112034554072,CO01,2024,34554,市立大有國中,八年十三班
s112034554073,CO01,2024,34554,市立大有國中,八年十三班
s112034554074,CO01,2024,34554,市立大有國中,八年十三班
s112034554076,CO01,2024,34554,市立大有國中,八年十三班
s112034554077,CO01,2024,34554,市立大有國中,八年十三班
s112034557024,CO01,2024,34557,市立楊光國中(小),801.0
s112034557026,CO01,2024,34557,市立楊光國中(小),801.0
s112034557027,CO01,2024,34557,市立楊光國中(小),801.0
s112034557028,CO01,2024,34557,市立楊光國中(小),801.0
s112034557029,CO01,2024,34557,市立楊光國中(小),801.0
s112034557030,CO01,2024,34557,市立楊光國中(小),801.0
s112034557031,CO01,2024,34557,市立楊光國中(小),801.0
s112034557032,CO01,2024,34557,市立楊光國中(小),801.0
s112034557034,CO01,2024,34557,市立楊光國中(小),801.0
s112034557035,CO01,2024,34557,市立楊光國中(小),801.0
s112034557036,CO01,2024,34557,市立楊光國中(小),801.0
s112034557037,CO01,2024,34557,市立楊光國中(小),801.0
s112034557038,CO01,2024,34557,市立楊光國中(小),801.0
s112034557039,CO01,2024,34557,市立楊光國中(小),801.0
s112034557040,CO01,2024,34557,市立楊光國中(小),801.0
s112034557041,CO01,2024,34557,市立楊光國中(小),801.0
s112034557042,CO01,2024,34557,市立楊光國中(小),801.0
s112034557043,CO01,2024,34557,市立楊光國中(小),801.0
s112034557046,CO01,2024,34557,市立楊光國中(小),801.0
s112034557050,CO01,2024,34557,市立楊光國中(小),803.0
s112034557051,CO01,2024,34557,市立楊光國中(小),803.0
s112034557052,CO01,2024,34557,市立楊光國中(小),803.0
s112034557053,CO01,2024,34557,市立楊光國中(小),803.0
s112034557054,CO01,2024,34557,市立楊光國中(小),803.0
s112034557055,CO01,2024,34557,市立楊光國中(小),803.0
s112034557057,CO01,2024,34557,市立楊光國中(小),803.0
s112034557058,CO01,2024,34557,市立楊光國中(小),803.0
s112034557059,CO01,2024,34557,市立楊光國中(小),803.0
s112034557060,CO01,2024,34557,市立楊光國中(小),803.0
s112034557061,CO01,2024,34557,市立楊光國中(小),803.0
s112034557062,CO01,2024,34557,市立楊光國中(小),803.0
s112034557063,CO01,2024,34557,市立楊光國中(小),803.0
s112034557064,CO01,2024,34557,市立楊光國中(小),803.0
s112034557065,CO01,2024,34557,市立楊光國中(小),803.0
s112034557066,CO01,2024,34557,市立楊光國中(小),803.0
s112034557067,CO01,2024,34557,市立楊光國中(小),803.0
s112034557068,CO01,2024,34557,市立楊光國中(小),803.0
s112034557069,CO01,2024,34557,市立楊光國中(小),803.0
s112034557070,CO01,2024,34557,市立楊光國中(小),803.0
s112034557071,CO01,2024,34557,市立楊光國中(小),803.0
s112034557072,CO01,2024,34557,市立楊光國中(小),803.0
s112034557074,CO01,2024,34557,市立楊光國中(小),803.0
s112034557075,CO01,2024,34557,市立楊光國中(小),803.0
s112034560374,CO01,2024,34560,市立平鎮國中,804.0
s112034560375,CO01,2024,34560,市立平鎮國中,804.0
s112034560376,CO01,2024,34560,市立平鎮國中,804.0
s112034560377,CO01,2024,34560,市立平鎮國中,804.0
s112034560378,CO01,2024,34560,市立平鎮國中,804.0
s112034560379,CO01,2024,34560,市立平鎮國中,804.0
s112034560381,CO01,2024,34560,市立平鎮國中,804.0
s112034560384,CO01,2024,34560,市立平鎮國中,804.0
s112034560385,CO01,2024,34560,市立平鎮國中,804.0
s112034560387,CO01,2024,34560,市立平鎮國中,804.0
s112034560389,CO01,2024,34560,市立平鎮國中,804.0
s112034560394,CO01,2024,34560,市立平鎮國中,804.0
s112034560395,CO01,2024,34560,市立平鎮國中,804.0
s112034560396,CO01,2024,34560,市立平鎮國中,804.0
s112034560399,CO01,2024,34560,市立平鎮國中,804.0
s112034560400,CO01,2024,34560,市立平鎮國中,804.0
s112034560404,CO01,2024,34560,市立平鎮國中,812.0
s112034560405,CO01,2024,34560,市立平鎮國中,812.0
s112034560407,CO01,2024,34560,市立平鎮國中,812.0
s112034560408,CO01,2024,34560,市立平鎮國中,812.0
s112034560409,CO01,2024,34560,市立平鎮國中,812.0
s112034560410,CO01,2024,34560,市立平鎮國中,812.0
s112034560411,CO01,2024,34560,市立平鎮國中,812.0
s112034560413,CO01,2024,34560,市立平鎮國中,812.0
s112034560414,CO01,2024,34560,市立平鎮國中,812.0
s112034560415,CO01,2024,34560,市立平鎮國中,812.0
s112034560416,CO01,2024,34560,市立平鎮國中,812.0
s112034560417,CO01,2024,34560,市立平鎮國中,812.0
s112034560418,CO01,2024,34560,市立平鎮國中,812.0
s112034560420,CO01,2024,34560,市立平鎮國中,812.0
s112034560421,CO01,2024,34560,市立平鎮國中,812.0
s112034560422,CO01,2024,34560,市立平鎮國中,812.0
s112034560424,CO01,2024,34560,市立平鎮國中,812.0
s112034560425,CO01,2024,34560,市立平鎮國中,812.0
s112034560426,CO01,2024,34560,市立平鎮國中,812.0
s112034560427,CO01,2024,34560,市立平鎮國中,812.0
s112034560428,CO01,2024,34560,市立平鎮國中,812.0
s112034560429,CO01,2024,34560,市立平鎮國中,812.0
s112034560430,CO01,2024,34560,市立平鎮國中,812.0
s112034563024,CO01,2024,34563,市立過嶺國中,802.0
s112034563025,CO01,2024,34563,市立過嶺國中,802.0
s112034563026,CO01,2024,34563,市立過嶺國中,802.0
s112034563028,CO01,2024,34563,市立過嶺國中,802.0
s112034563029,CO01,2024,34563,市立過嶺國中,802.0
s112034563030,CO01,2024,34563,市立過嶺國中,802.0
s112034563031,CO01,2024,34563,市立過嶺國中,802.0
s112034563032,CO01,2024,34563,市立過嶺國中,802.0
s112034563033,CO01,2024,34563,市立過嶺國中,802.0
s112034563034,CO01,2024,34563,市立過嶺國中,802.0
s112034563035,CO01,2024,34563,市立過嶺國中,802.0
s112034563036,CO01,2024,34563,市立過嶺國中,802.0
s112034563037,CO01,2024,34563,市立過嶺國中,802.0
s112034563039,CO01,2024,34563,市立過嶺國中,802.0
s112034563040,CO01,2024,34563,市立過嶺國中,802.0
s112034563041,CO01,2024,34563,市立過嶺國中,802.0
s112034563043,CO01,2024,34563,市立過嶺國中,802.0
s112034563044,CO01,2024,34563,市立過嶺國中,802.0
s112034563045,CO01,2024,34563,市立過嶺國中,802.0
s112034563046,CO01,2024,34563,市立過嶺國中,802.0
s112034563048,CO01,2024,34563,市立過嶺國中,802.0
s112034563053,CO01,2024,34563,市立過嶺國中,807.0
s112034563054,CO01,2024,34563,市立過嶺國中,807.0
s112034563055,CO01,2024,34563,市立過嶺國中,807.0
s112034563057,CO01,2024,34563,市立過嶺國中,807.0
s112034563058,CO01,2024,34563,市立過嶺國中,807.0
s112034563059,CO01,2024,34563,市立過嶺國中,807.0
s112034563060,CO01,2024,34563,市立過嶺國中,807.0
s112034563062,CO01,2024,34563,市立過嶺國中,807.0
s112034563063,CO01,2024,34563,市立過嶺國中,807.0
s112034563064,CO01,2024,34563,市立過嶺國中,807.0
s112034563065,CO01,2024,34563,市立過嶺國中,807.0
s112034563066,CO01,2024,34563,市立過嶺國中,807.0
s112034563067,CO01,2024,34563,市立過嶺國中,807.0
s112034563068,CO01,2024,34563,市立過嶺國中,807.0
s112034563069,CO01,2024,34563,市立過嶺國中,807.0
s112034563073,CO01,2024,34563,市立過嶺國中,807.0
s112034563075,CO01,2024,34563,市立過嶺國中,807.0
s112034563076,CO01,2024,34563,市立過嶺國中,807.0
s112034565025,CO01,2024,34565,市立青埔國中,803.0
s112034565026,CO01,2024,34565,市立青埔國中,803.0
s112034565028,CO01,2024,34565,市立青埔國中,803.0
s112034565029,CO01,2024,34565,市立青埔國中,803.0
s112034565030,CO01,2024,34565,市立青埔國中,803.0
s112034565031,CO01,2024,34565,市立青埔國中,803.0
s112034565032,CO01,2024,34565,市立青埔國中,803.0
s112034565033,CO01,2024,34565,市立青埔國中,803.0
s112034565035,CO01,2024,34565,市立青埔國中,803.0
s112034565036,CO01,2024,34565,市立青埔國中,803.0
s112034565037,CO01,2024,34565,市立青埔國中,803.0
s112034565038,CO01,2024,34565,市立青埔國中,803.0
s112034565039,CO01,2024,34565,市立青埔國中,803.0
s112034565040,CO01,2024,34565,市立青埔國中,803.0
s112034565042,CO01,2024,34565,市立青埔國中,803.0
s112034565043,CO01,2024,34565,市立青埔國中,803.0
s112034565045,CO01,2024,34565,市立青埔國中,803.0
s112034565046,CO01,2024,34565,市立青埔國中,803.0
s112034565047,CO01,2024,34565,市立青埔國中,803.0
s112034565048,CO01,2024,34565,市立青埔國中,803.0
s112034565049,CO01,2024,34565,市立青埔國中,803.0
s112034565050,CO01,2024,34565,市立青埔國中,803.0
s112034565052,CO01,2024,34565,市立青埔國中,803.0
s112034565055,CO01,2024,34565,市立青埔國中,809.0
s112034565056,CO01,2024,34565,市立青埔國中,809.0
s112034565057,CO01,2024,34565,市立青埔國中,809.0
s112034565058,CO01,2024,34565,市立青埔國中,809.0
s112034565059,CO01,2024,34565,市立青埔國中,809.0
s112034565060,CO01,2024,34565,市立青埔國中,809.0
s112034565061,CO01,2024,34565,市立青埔國中,809.0
s112034565062,CO01,2024,34565,市立青埔國中,809.0
s112034565063,CO01,2024,34565,市立青埔國中,809.0
s112034565064,CO01,2024,34565,市立青埔國中,809.0
s112034565065,CO01,2024,34565,市立青埔國中,809.0
s112034565066,CO01,2024,34565,市立青埔國中,809.0
s112034565067,CO01,2024,34565,市立青埔國中,809.0
s112034565068,CO01,2024,34565,市立青埔國中,809.0
s112034565069,CO01,2024,34565,市立青埔國中,809.0
s112034565071,CO01,2024,34565,市立青埔國中,809.0
s112034565072,CO01,2024,34565,市立青埔國中,809.0
s112034565073,CO01,2024,34565,市立青埔國中,809.0
s112034565074,CO01,2024,34565,市立青埔國中,809.0
s112034565075,CO01,2024,34565,市立青埔國中,809.0
s112034565076,CO01,2024,34565,市立青埔國中,809.0
s112034565077,CO01,2024,34565,市立青埔國中,809.0
s112034565078,CO01,2024,34565,市立青埔國中,809.0
s112034565079,CO01,2024,34565,市立青埔國中,809.0
s112034565080,CO01,2024,34565,市立青埔國中,809.0
s112034565081,CO01,2024,34565,市立青埔國中,809.0
s112034565082,CO01,2024,34565,市立青埔國中,809.0
s112034565083,CO01,2024,34565,市立青埔國中,809.0
s112044501024,CO01,2024,44501,縣立竹東國中,八年二班
s112044501025,CO01,2024,44501,縣立竹東國中,八年二班
s112044501026,CO01,2024,44501,縣立竹東國中,八年二班
s112044501027,CO01,2024,44501,縣立竹東國中,八年二班
s112044501028,CO01,2024,44501,縣立竹東國中,八年二班
s112044501029,CO01,2024,44501,縣立竹東國中,八年二班
s112044501030,CO01,2024,44501,縣立竹東國中,八年二班
s112044501031,CO01,2024,44501,縣立竹東國中,八年二班
s112044501032,CO01,2024,44501,縣立竹東國中,八年二班
s112044501033,CO01,2024,44501,縣立竹東國中,八年二班
s112044501035,CO01,2024,44501,縣立竹東國中,八年二班
s112044501037,CO01,2024,44501,縣立竹東國中,八年二班
s112044501039,CO01,2024,44501,縣立竹東國中,八年二班
s112044501040,CO01,2024,44501,縣立竹東國中,八年二班
s112044501043,CO01,2024,44501,縣立竹東國中,八年二班
s112044501045,CO01,2024,44501,縣立竹東國中,八年二班
s112044501047,CO01,2024,44501,縣立竹東國中,八年二班
s112044501049,CO01,2024,44501,縣立竹東國中,八年二班
s112044501050,CO01,2024,44501,縣立竹東國中,八年二班
s112044501051,CO01,2024,44501,縣立竹東國中,八年二班
s112044501052,CO01,2024,44501,縣立竹東國中,八年二班
s112044501057,CO01,2024,44501,縣立竹東國中,八年五班
s112044501058,CO01,2024,44501,縣立竹東國中,八年五班
s112044501059,CO01,2024,44501,縣立竹東國中,八年五班
s112044501060,CO01,2024,44501,縣立竹東國中,八年五班
s112044501062,CO01,2024,44501,縣立竹東國中,八年五班
s112044501065,CO01,2024,44501,縣立竹東國中,八年五班
s112044501067,CO01,2024,44501,縣立竹東國中,八年五班
s112044501070,CO01,2024,44501,縣立竹東國中,八年五班
s112044501071,CO01,2024,44501,縣立竹東國中,八年五班
s112044501074,CO01,2024,44501,縣立竹東國中,八年五班
s112044501075,CO01,2024,44501,縣立竹東國中,八年五班
s112044501076,CO01,2024,44501,縣立竹東國中,八年五班
s112044501081,CO01,2024,44501,縣立竹東國中,八年五班
s112044501082,CO01,2024,44501,縣立竹東國中,八年五班
s112044501083,CO01,2024,44501,縣立竹東國中,八年五班
s112044506024,CO01,2024,44506,縣立富光國中,801.0
s112044506025,CO01,2024,44506,縣立富光國中,801.0
s112044506027,CO01,2024,44506,縣立富光國中,801.0
s112044506028,CO01,2024,44506,縣立富光國中,801.0
s112044506031,CO01,2024,44506,縣立富光國中,801.0
s112044506033,CO01,2024,44506,縣立富光國中,801.0
s112044506034,CO01,2024,44506,縣立富光國中,801.0
s112044506035,CO01,2024,44506,縣立富光國中,801.0
s112044506037,CO01,2024,44506,縣立富光國中,801.0
s112044506038,CO01,2024,44506,縣立富光國中,801.0
s112044506039,CO01,2024,44506,縣立富光國中,801.0
s112044506041,CO01,2024,44506,縣立富光國中,801.0
s112044522024,CO01,2024,44522,縣立中正國中,801.0
s112044522025,CO01,2024,44522,縣立中正國中,801.0
s112044522027,CO01,2024,44522,縣立中正國中,801.0
s112044522028,CO01,2024,44522,縣立中正國中,801.0
s112044522029,CO01,2024,44522,縣立中正國中,801.0
s112044522032,CO01,2024,44522,縣立中正國中,801.0
s112044522033,CO01,2024,44522,縣立中正國中,801.0
s112044522034,CO01,2024,44522,縣立中正國中,801.0
s112044522035,CO01,2024,44522,縣立中正國中,801.0
s112044522036,CO01,2024,44522,縣立中正國中,801.0
s112044522037,CO01,2024,44522,縣立中正國中,801.0
s112044522038,CO01,2024,44522,縣立中正國中,801.0
s112044522039,CO01,2024,44522,縣立中正國中,801.0
s112044522040,CO01,2024,44522,縣立中正國中,801.0
s112044522041,CO01,2024,44522,縣立中正國中,801.0
s112044522042,CO01,2024,44522,縣立中正國中,801.0
s112044522043,CO01,2024,44522,縣立中正國中,801.0
s112044522044,CO01,2024,44522,縣立中正國中,801.0
s112044522047,CO01,2024,44522,縣立中正國中,801.0
s112044522055,CO01,2024,44522,縣立中正國中,802.0
s112044522056,CO01,2024,44522,縣立中正國中,802.0
s112044522057,CO01,2024,44522,縣立中正國中,802.0
s112044522058,CO01,2024,44522,縣立中正國中,802.0
s112044522059,CO01,2024,44522,縣立中正國中,802.0
s112044522060,CO01,2024,44522,縣立中正國中,802.0
s112044522061,CO01,2024,44522,縣立中正國中,802.0
s112044522065,CO01,2024,44522,縣立中正國中,802.0
s112044522066,CO01,2024,44522,縣立中正國中,802.0
s112044522067,CO01,2024,44522,縣立中正國中,802.0
s112044522069,CO01,2024,44522,縣立中正國中,802.0
s112044522070,CO01,2024,44522,縣立中正國中,802.0
s112044522071,CO01,2024,44522,縣立中正國中,802.0
s112044522072,CO01,2024,44522,縣立中正國中,802.0
s112044522075,CO01,2024,44522,縣立中正國中,802.0
s112044522076,CO01,2024,44522,縣立中正國中,802.0
s112044522077,CO01,2024,44522,縣立中正國中,802.0
s112044522078,CO01,2024,44522,縣立中正國中,802.0
s112044522081,CO01,2024,44522,縣立中正國中,802.0
s112044524026,CO01,2024,44524,縣立尖石國中,801.0
s112044524027,CO01,2024,44524,縣立尖石國中,801.0
s112044524032,CO01,2024,44524,縣立尖石國中,801.0
s112044524034,CO01,2024,44524,縣立尖石國中,801.0
s112044524036,CO01,2024,44524,縣立尖石國中,801.0
s112044524037,CO01,2024,44524,縣立尖石國中,801.0
s112044524041,CO01,2024,44524,縣立尖石國中,801.0
s112044524042,CO01,2024,44524,縣立尖石國中,801.0
s112044524043,CO01,2024,44524,縣立尖石國中,801.0
s112044524045,CO01,2024,44524,縣立尖石國中,801.0
s112044524048,CO01,2024,44524,縣立尖石國中,802.0
s112044524049,CO01,2024,44524,縣立尖石國中,802.0
s112044524050,CO01,2024,44524,縣立尖石國中,802.0
s112044524054,CO01,2024,44524,縣立尖石國中,802.0
s112044524058,CO01,2024,44524,縣立尖石國中,802.0
s112044524060,CO01,2024,44524,縣立尖石國中,802.0
s112044524061,CO01,2024,44524,縣立尖石國中,802.0
s112044524062,CO01,2024,44524,縣立尖石國中,802.0
s112044524063,CO01,2024,44524,縣立尖石國中,802.0
s112044524064,CO01,2024,44524,縣立尖石國中,802.0
s112044524065,CO01,2024,44524,縣立尖石國中,802.0
s112044524066,CO01,2024,44524,縣立尖石國中,802.0
s112044529024,CO01,2024,44529,縣立成功國中,8.0
s112044529026,CO01,2024,44529,縣立成功國中,8.0
s112044529027,CO01,2024,44529,縣立成功國中,8.0
s112044529029,CO01,2024,44529,縣立成功國中,8.0
s112044529032,CO01,2024,44529,縣立成功國中,8.0
s112044529034,CO01,2024,44529,縣立成功國中,8.0
s112044529035,CO01,2024,44529,縣立成功國中,8.0
s112044529036,CO01,2024,44529,縣立成功國中,8.0
s112044529037,CO01,2024,44529,縣立成功國中,8.0
s112044529038,CO01,2024,44529,縣立成功國中,8.0
s112044529040,CO01,2024,44529,縣立成功國中,8.0
s112044529042,CO01,2024,44529,縣立成功國中,8.0
s112044529044,CO01,2024,44529,縣立成功國中,8.0
s112044529045,CO01,2024,44529,縣立成功國中,8.0
s112044529047,CO01,2024,44529,縣立成功國中,8.0
s112044529048,CO01,2024,44529,縣立成功國中,8.0
s112044529049,CO01,2024,44529,縣立成功國中,8.0
s112044529050,CO01,2024,44529,縣立成功國中,8.0
s112044529051,CO01,2024,44529,縣立成功國中,8.0
s112044529052,CO01,2024,44529,縣立成功國中,8.0
s112044529053,CO01,2024,44529,縣立成功國中,8.0
s112044529056,CO01,2024,44529,縣立成功國中,8.0
s112044529057,CO01,2024,44529,縣立成功國中,8.0
s112044529058,CO01,2024,44529,縣立成功國中,8.0
s112044529059,CO01,2024,44529,縣立成功國中,8.0
s112044529060,CO01,2024,44529,縣立成功國中,8.0
s112044529062,CO01,2024,44529,縣立成功國中,8.0
s112044529063,CO01,2024,44529,縣立成功國中,8.0
s112044529065,CO01,2024,44529,縣立成功國中,8.0
s112044529067,CO01,2024,44529,縣立成功國中,8.0
s112044529068,CO01,2024,44529,縣立成功國中,8.0
s112044529070,CO01,2024,44529,縣立成功國中,8.0
s112044529071,CO01,2024,44529,縣立成功國中,8.0
s112044529074,CO01,2024,44529,縣立成功國中,8.0
s112044529075,CO01,2024,44529,縣立成功國中,8.0
s112044529076,CO01,2024,44529,縣立成功國中,8.0
s112044529077,CO01,2024,44529,縣立成功國中,8.0
s112044529079,CO01,2024,44529,縣立成功國中,8.0
s112044529080,CO01,2024,44529,縣立成功國中,8.0
s112044529081,CO01,2024,44529,縣立成功國中,8.0
s112044529082,CO01,2024,44529,縣立成功國中,8.0
s112044529083,CO01,2024,44529,縣立成功國中,8.0
s112044529085,CO01,2024,44529,縣立成功國中,8.0
s112051302024,CO01,2024,51302,私立君毅高中附設國中,801.0
s112051302025,CO01,2024,51302,私立君毅高中附設國中,801.0
s112051302026,CO01,2024,51302,私立君毅高中附設國中,801.0
s112051302027,CO01,2024,51302,私立君毅高中附設國中,801.0
s112051302028,CO01,2024,51302,私立君毅高中附設國中,801.0
s112051302029,CO01,2024,51302,私立君毅高中附設國中,801.0
s112051302030,CO01,2024,51302,私立君毅高中附設國中,801.0
s112051302031,CO01,2024,51302,私立君毅高中附設國中,801.0
s112051302032,CO01,2024,51302,私立君毅高中附設國中,801.0
s112051302034,CO01,2024,51302,私立君毅高中附設國中,801.0
s112051302035,CO01,2024,51302,私立君毅高中附設國中,801.0
s112051302036,CO01,2024,51302,私立君毅高中附設國中,801.0
s112051302037,CO01,2024,51302,私立君毅高中附設國中,801.0
s112051302038,CO01,2024,51302,私立君毅高中附設國中,801.0
s112051302039,CO01,2024,51302,私立君毅高中附設國中,801.0
s112051302040,CO01,2024,51302,私立君毅高中附設國中,801.0
s112051302041,CO01,2024,51302,私立君毅高中附設國中,801.0
s112051302042,CO01,2024,51302,私立君毅高中附設國中,801.0
s112051302043,CO01,2024,51302,私立君毅高中附設國中,801.0
s112051302044,CO01,2024,51302,私立君毅高中附設國中,801.0
s112051302045,CO01,2024,51302,私立君毅高中附設國中,801.0
s112051302047,CO01,2024,51302,私立君毅高中附設國中,801.0
s112051302048,CO01,2024,51302,私立君毅高中附設國中,801.0
s112051302049,CO01,2024,51302,私立君毅高中附設國中,801.0
s112051302050,CO01,2024,51302,私立君毅高中附設國中,801.0
s112051302051,CO01,2024,51302,私立君毅高中附設國中,801.0
s112051302052,CO01,2024,51302,私立君毅高中附設國中,801.0
s112051302053,CO01,2024,51302,私立君毅高中附設國中,801.0
s112051302054,CO01,2024,51302,私立君毅高中附設國中,801.0
s112051302055,CO01,2024,51302,私立君毅高中附設國中,801.0
s112051302056,CO01,2024,51302,私立君毅高中附設國中,801.0
s112051302059,CO01,2024,51302,私立君毅高中附設國中,801.0
s112051302060,CO01,2024,51302,私立君毅高中附設國中,801.0
s112051302061,CO01,2024,51302,私立君毅高中附設國中,801.0
s112051302063,CO01,2024,51302,私立君毅高中附設國中,801.0
s112051302064,CO01,2024,51302,私立君毅高中附設國中,801.0
s112051302065,CO01,2024,51302,私立君毅高中附設國中,801.0
s112051302068,CO01,2024,51302,私立君毅高中附設國中,805.0
s112051302070,CO01,2024,51302,私立君毅高中附設國中,805.0
s112051302071,CO01,2024,51302,私立君毅高中附設國中,805.0
s112051302072,CO01,2024,51302,私立君毅高中附設國中,805.0
s112051302078,CO01,2024,51302,私立君毅高中附設國中,805.0
s112051302079,CO01,2024,51302,私立君毅高中附設國中,805.0
s112051302080,CO01,2024,51302,私立君毅高中附設國中,805.0
s112051302087,CO01,2024,51302,私立君毅高中附設國中,805.0
s112051302091,CO01,2024,51302,私立君毅高中附設國中,805.0
s112051302093,CO01,2024,51302,私立君毅高中附設國中,805.0
s112051302094,CO01,2024,51302,私立君毅高中附設國中,805.0
s112051302095,CO01,2024,51302,私立君毅高中附設國中,805.0
s112051302096,CO01,2024,51302,私立君毅高中附設國中,805.0
s112051302097,CO01,2024,51302,私立君毅高中附設國中,805.0
s112051302099,CO01,2024,51302,私立君毅高中附設國中,805.0
s112051302100,CO01,2024,51302,私立君毅高中附設國中,805.0
s112051302102,CO01,2024,51302,私立君毅高中附設國中,805.0
s112051302104,CO01,2024,51302,私立君毅高中附設國中,805.0
s112051302107,CO01,2024,51302,私立君毅高中附設國中,805.0
s112051302109,CO01,2024,51302,私立君毅高中附設國中,805.0
s112054502024,CO01,2024,54502,縣立大倫國中,八年二班
s112054502025,CO01,2024,54502,縣立大倫國中,八年二班
s112054502026,CO01,2024,54502,縣立大倫國中,八年二班
s112054502027,CO01,2024,54502,縣立大倫國中,八年二班
s112054502028,CO01,2024,54502,縣立大倫國中,八年二班
s112054502029,CO01,2024,54502,縣立大倫國中,八年二班
s112054502030,CO01,2024,54502,縣立大倫國中,八年二班
s112054502031,CO01,2024,54502,縣立大倫國中,八年二班
s112054502032,CO01,2024,54502,縣立大倫國中,八年二班
s112054502033,CO01,2024,54502,縣立大倫國中,八年二班
s112054502037,CO01,2024,54502,縣立大倫國中,八年二班
s112054502039,CO01,2024,54502,縣立大倫國中,八年二班
s112054502040,CO01,2024,54502,縣立大倫國中,八年二班
s112054502042,CO01,2024,54502,縣立大倫國中,八年二班
s112054502043,CO01,2024,54502,縣立大倫國中,八年二班
s112054502044,CO01,2024,54502,縣立大倫國中,八年二班
s112054502045,CO01,2024,54502,縣立大倫國中,八年二班
s112054502046,CO01,2024,54502,縣立大倫國中,八年二班
s112054502050,CO01,2024,54502,縣立大倫國中,八年四班
s112054502051,CO01,2024,54502,縣立大倫國中,八年四班
s112054502053,CO01,2024,54502,縣立大倫國中,八年四班
s112054502054,CO01,2024,54502,縣立大倫國中,八年四班
s112054502055,CO01,2024,54502,縣立大倫國中,八年四班
s112054502057,CO01,2024,54502,縣立大倫國中,八年四班
s112054502058,CO01,2024,54502,縣立大倫國中,八年四班
s112054502059,CO01,2024,54502,縣立大倫國中,八年四班
s112054502061,CO01,2024,54502,縣立大倫國中,八年四班
s112054502062,CO01,2024,54502,縣立大倫國中,八年四班
s112054502065,CO01,2024,54502,縣立大倫國中,八年四班
s112054502066,CO01,2024,54502,縣立大倫國中,八年四班
s112054502069,CO01,2024,54502,縣立大倫國中,八年四班
s112054505024,CO01,2024,54505,縣立公館國中,八年一班
s112054505026,CO01,2024,54505,縣立公館國中,八年一班
s112054505027,CO01,2024,54505,縣立公館國中,八年一班
s112054505028,CO01,2024,54505,縣立公館國中,八年一班
s112054505033,CO01,2024,54505,縣立公館國中,八年一班
s112054505034,CO01,2024,54505,縣立公館國中,八年一班
s112054505035,CO01,2024,54505,縣立公館國中,八年一班
s112054505036,CO01,2024,54505,縣立公館國中,八年一班
s112054505040,CO01,2024,54505,縣立公館國中,八年一班
s112054505041,CO01,2024,54505,縣立公館國中,八年一班
s112054505042,CO01,2024,54505,縣立公館國中,八年一班
s112054505043,CO01,2024,54505,縣立公館國中,八年一班
s112054505045,CO01,2024,54505,縣立公館國中,八年一班
s112054505048,CO01,2024,54505,縣立公館國中,八年一班
s112054505054,CO01,2024,54505,縣立公館國中,八年五班
s112054505055,CO01,2024,54505,縣立公館國中,八年五班
s112054505056,CO01,2024,54505,縣立公館國中,八年五班
s112054505057,CO01,2024,54505,縣立公館國中,八年五班
s112054505058,CO01,2024,54505,縣立公館國中,八年五班
s112054505059,CO01,2024,54505,縣立公館國中,八年五班
s112054505061,CO01,2024,54505,縣立公館國中,八年五班
s112054505062,CO01,2024,54505,縣立公館國中,八年五班
s112054505063,CO01,2024,54505,縣立公館國中,八年五班
s112054505064,CO01,2024,54505,縣立公館國中,八年五班
s112054505067,CO01,2024,54505,縣立公館國中,八年五班
s112054505068,CO01,2024,54505,縣立公館國中,八年五班
s112054505069,CO01,2024,54505,縣立公館國中,八年五班
s112054505070,CO01,2024,54505,縣立公館國中,八年五班
s112054505071,CO01,2024,54505,縣立公館國中,八年五班
s112054505073,CO01,2024,54505,縣立公館國中,八年五班
s112054505074,CO01,2024,54505,縣立公館國中,八年五班
s112054505075,CO01,2024,54505,縣立公館國中,八年五班
s112054505076,CO01,2024,54505,縣立公館國中,八年五班
s112054505078,CO01,2024,54505,縣立公館國中,八年五班
s112054523024,CO01,2024,54523,縣立造橋國中,八年忠班
s112054523025,CO01,2024,54523,縣立造橋國中,八年忠班
s112054523027,CO01,2024,54523,縣立造橋國中,八年忠班
s112054523028,CO01,2024,54523,縣立造橋國中,八年忠班
s112054523029,CO01,2024,54523,縣立造橋國中,八年忠班
s112054523030,CO01,2024,54523,縣立造橋國中,八年忠班
s112054523031,CO01,2024,54523,縣立造橋國中,八年忠班
s112054523032,CO01,2024,54523,縣立造橋國中,八年忠班
s112054523034,CO01,2024,54523,縣立造橋國中,八年忠班
s112054523035,CO01,2024,54523,縣立造橋國中,八年忠班
s112054523036,CO01,2024,54523,縣立造橋國中,八年忠班
s112054523037,CO01,2024,54523,縣立造橋國中,八年忠班
s112054523038,CO01,2024,54523,縣立造橋國中,八年忠班
s112054523041,CO01,2024,54523,縣立造橋國中,八年孝班
s112054523042,CO01,2024,54523,縣立造橋國中,八年孝班
s112054523044,CO01,2024,54523,縣立造橋國中,八年孝班
s112054523045,CO01,2024,54523,縣立造橋國中,八年孝班
s112054523046,CO01,2024,54523,縣立造橋國中,八年孝班
s112054523047,CO01,2024,54523,縣立造橋國中,八年孝班
s112054523048,CO01,2024,54523,縣立造橋國中,八年孝班
s112054523050,CO01,2024,54523,縣立造橋國中,八年孝班
s112054523051,CO01,2024,54523,縣立造橋國中,八年孝班
s112054523053,CO01,2024,54523,縣立造橋國中,八年孝班
s112054523055,CO01,2024,54523,縣立造橋國中,八年孝班
s112060323074,CO01,2024,60323,國立中科實驗高級中學附設國中,802.0
s112060323076,CO01,2024,60323,國立中科實驗高級中學附設國中,802.0
s112060323077,CO01,2024,60323,國立中科實驗高級中學附設國中,802.0
s112060323078,CO01,2024,60323,國立中科實驗高級中學附設國中,802.0
s112060323079,CO01,2024,60323,國立中科實驗高級中學附設國中,802.0
s112060323080,CO01,2024,60323,國立中科實驗高級中學附設國中,802.0
s112060323081,CO01,2024,60323,國立中科實驗高級中學附設國中,802.0
s112060323084,CO01,2024,60323,國立中科實驗高級中學附設國中,802.0
s112060323085,CO01,2024,60323,國立中科實驗高級中學附設國中,802.0
s112060323086,CO01,2024,60323,國立中科實驗高級中學附設國中,802.0
s112060323087,CO01,2024,60323,國立中科實驗高級中學附設國中,802.0
s112060323088,CO01,2024,60323,國立中科實驗高級中學附設國中,802.0
s112060323089,CO01,2024,60323,國立中科實驗高級中學附設國中,802.0
s112060323090,CO01,2024,60323,國立中科實驗高級中學附設國中,802.0
s112060323091,CO01,2024,60323,國立中科實驗高級中學附設國中,802.0
s112060323092,CO01,2024,60323,國立中科實驗高級中學附設國中,804.0
s112060323093,CO01,2024,60323,國立中科實驗高級中學附設國中,802.0
s112060323095,CO01,2024,60323,國立中科實驗高級中學附設國中,802.0
s112060323096,CO01,2024,60323,國立中科實驗高級中學附設國中,802.0
s112060323098,CO01,2024,60323,國立中科實驗高級中學附設國中,802.0
s112060323099,CO01,2024,60323,國立中科實驗高級中學附設國中,802.0
s112060323100,CO01,2024,60323,國立中科實驗高級中學附設國中,802.0
s112060323102,CO01,2024,60323,國立中科實驗高級中學附設國中,802.0
s112060323105,CO01,2024,60323,國立中科實驗高級中學附設國中,804.0
s112060323106,CO01,2024,60323,國立中科實驗高級中學附設國中,804.0
s112060323107,CO01,2024,60323,國立中科實驗高級中學附設國中,804.0
s112060323108,CO01,2024,60323,國立中科實驗高級中學附設國中,804.0
s112060323110,CO01,2024,60323,國立中科實驗高級中學附設國中,804.0
s112060323111,CO01,2024,60323,國立中科實驗高級中學附設國中,804.0
s112060323112,CO01,2024,60323,國立中科實驗高級中學附設國中,804.0
s112060323113,CO01,2024,60323,國立中科實驗高級中學附設國中,804.0
s112060323115,CO01,2024,60323,國立中科實驗高級中學附設國中,804.0
s112060323116,CO01,2024,60323,國立中科實驗高級中學附設國中,804.0
s112060323117,CO01,2024,60323,國立中科實驗高級中學附設國中,804.0
s112060323118,CO01,2024,60323,國立中科實驗高級中學附設國中,804.0
s112060323119,CO01,2024,60323,國立中科實驗高級中學附設國中,804.0
s112060323121,CO01,2024,60323,國立中科實驗高級中學附設國中,804.0
s112060323122,CO01,2024,60323,國立中科實驗高級中學附設國中,804.0
s112060323123,CO01,2024,60323,國立中科實驗高級中學附設國中,804.0
s112060323124,CO01,2024,60323,國立中科實驗高級中學附設國中,804.0
s112060323125,CO01,2024,60323,國立中科實驗高級中學附設國中,804.0
s112060323126,CO01,2024,60323,國立中科實驗高級中學附設國中,804.0
s112060323127,CO01,2024,60323,國立中科實驗高級中學附設國中,804.0
s112060323128,CO01,2024,60323,國立中科實驗高級中學附設國中,804.0
s112060323129,CO01,2024,60323,國立中科實驗高級中學附設國中,804.0
s112060323130,CO01,2024,60323,國立中科實驗高級中學附設國中,804.0
s112060323131,CO01,2024,60323,國立中科實驗高級中學附設國中,804.0
s112060323132,CO01,2024,60323,國立中科實驗高級中學附設國中,804.0
s112061313024,CO01,2024,61313,私立明道高中附設國中,Y27
s112061313025,CO01,2024,61313,私立明道高中附設國中,Y27
s112061313026,CO01,2024,61313,私立明道高中附設國中,Y27
s112061313027,CO01,2024,61313,私立明道高中附設國中,Y27
s112061313029,CO01,2024,61313,私立明道高中附設國中,Y27
s112061313030,CO01,2024,61313,私立明道高中附設國中,Y27
s112061313031,CO01,2024,61313,私立明道高中附設國中,Y27
s112061313032,CO01,2024,61313,私立明道高中附設國中,Y27
s112061313033,CO01,2024,61313,私立明道高中附設國中,Y27
s112061313034,CO01,2024,61313,私立明道高中附設國中,Y27
s112061313035,CO01,2024,61313,私立明道高中附設國中,Y27
s112061313036,CO01,2024,61313,私立明道高中附設國中,Y27
s112061313037,CO01,2024,61313,私立明道高中附設國中,Y27
s112061313038,CO01,2024,61313,私立明道高中附設國中,Y27
s112061313039,CO01,2024,61313,私立明道高中附設國中,Y27
s112061313040,CO01,2024,61313,私立明道高中附設國中,Y27
s112061313041,CO01,2024,61313,私立明道高中附設國中,Y27
s112061313042,CO01,2024,61313,私立明道高中附設國中,Y27
s112061313043,CO01,2024,61313,私立明道高中附設國中,Y27
s112061313044,CO01,2024,61313,私立明道高中附設國中,Y27
s112061313045,CO01,2024,61313,私立明道高中附設國中,Y27
s112061313047,CO01,2024,61313,私立明道高中附設國中,Y27
s112061313048,CO01,2024,61313,私立明道高中附設國中,Y27
s112061313049,CO01,2024,61313,私立明道高中附設國中,Y27
s112061313050,CO01,2024,61313,私立明道高中附設國中,Y27
s112061313051,CO01,2024,61313,私立明道高中附設國中,Y27
s112061313052,CO01,2024,61313,私立明道高中附設國中,Y27
s112061313053,CO01,2024,61313,私立明道高中附設國中,Y27
s112061313054,CO01,2024,61313,私立明道高中附設國中,Y27
s112061313055,CO01,2024,61313,私立明道高中附設國中,Y27
s112061313056,CO01,2024,61313,私立明道高中附設國中,Y27
s112061313057,CO01,2024,61313,私立明道高中附設國中,Y27
s112061313058,CO01,2024,61313,私立明道高中附設國中,Y27
s112061313059,CO01,2024,61313,私立明道高中附設國中,Y27
s112061313061,CO01,2024,61313,私立明道高中附設國中,Y27
s112061313062,CO01,2024,61313,私立明道高中附設國中,Y27
s112061313063,CO01,2024,61313,私立明道高中附設國中,Y27
s112061313069,CO01,2024,61313,私立明道高中附設國中,Y217
s112061313070,CO01,2024,61313,私立明道高中附設國中,Y217
s112061313072,CO01,2024,61313,私立明道高中附設國中,Y217
s112061313073,CO01,2024,61313,私立明道高中附設國中,Y217
s112061313074,CO01,2024,61313,私立明道高中附設國中,Y217
s112061313075,CO01,2024,61313,私立明道高中附設國中,Y217
s112061313076,CO01,2024,61313,私立明道高中附設國中,Y217
s112061313077,CO01,2024,61313,私立明道高中附設國中,Y217
s112061313078,CO01,2024,61313,私立明道高中附設國中,Y217
s112061313080,CO01,2024,61313,私立明道高中附設國中,Y217
s112061313081,CO01,2024,61313,私立明道高中附設國中,Y217
s112061313082,CO01,2024,61313,私立明道高中附設國中,Y217
s112061313085,CO01,2024,61313,私立明道高中附設國中,Y217
s112061313086,CO01,2024,61313,私立明道高中附設國中,Y217
s112061313087,CO01,2024,61313,私立明道高中附設國中,Y217
s112061313089,CO01,2024,61313,私立明道高中附設國中,Y217
s112061313090,CO01,2024,61313,私立明道高中附設國中,Y217
s112061313092,CO01,2024,61313,私立明道高中附設國中,Y217
s112061313093,CO01,2024,61313,私立明道高中附設國中,Y217
s112061313094,CO01,2024,61313,私立明道高中附設國中,Y217
s112061313095,CO01,2024,61313,私立明道高中附設國中,Y217
s112061313096,CO01,2024,61313,私立明道高中附設國中,Y217
s112061313097,CO01,2024,61313,私立明道高中附設國中,Y217
s112061313098,CO01,2024,61313,私立明道高中附設國中,Y217
s112061313099,CO01,2024,61313,私立明道高中附設國中,Y217
s112061313100,CO01,2024,61313,私立明道高中附設國中,Y217
s112061313101,CO01,2024,61313,私立明道高中附設國中,Y217
s112061313102,CO01,2024,61313,私立明道高中附設國中,Y217
s112061313103,CO01,2024,61313,私立明道高中附設國中,Y217
s112061313104,CO01,2024,61313,私立明道高中附設國中,Y217
s112061313105,CO01,2024,61313,私立明道高中附設國中,Y217
s112061313106,CO01,2024,61313,私立明道高中附設國中,Y217
s112061313107,CO01,2024,61313,私立明道高中附設國中,Y217
s112061313108,CO01,2024,61313,私立明道高中附設國中,Y217
s112061315024,CO01,2024,61315,私立華盛頓高中附設國中,201.0
s112061315025,CO01,2024,61315,私立華盛頓高中附設國中,201.0
s112061315027,CO01,2024,61315,私立華盛頓高中附設國中,201.0
s112061315028,CO01,2024,61315,私立華盛頓高中附設國中,201.0
s112061315029,CO01,2024,61315,私立華盛頓高中附設國中,201.0
s112061315031,CO01,2024,61315,私立華盛頓高中附設國中,201.0
s112061315033,CO01,2024,61315,私立華盛頓高中附設國中,201.0
s112061315034,CO01,2024,61315,私立華盛頓高中附設國中,201.0
s112061315035,CO01,2024,61315,私立華盛頓高中附設國中,201.0
s112061315036,CO01,2024,61315,私立華盛頓高中附設國中,201.0
s112061315038,CO01,2024,61315,私立華盛頓高中附設國中,201.0
s112061315039,CO01,2024,61315,私立華盛頓高中附設國中,201.0
s112061315041,CO01,2024,61315,私立華盛頓高中附設國中,201.0
s112061315043,CO01,2024,61315,私立華盛頓高中附設國中,201.0
s112061315044,CO01,2024,61315,私立華盛頓高中附設國中,201.0
s112061315045,CO01,2024,61315,私立華盛頓高中附設國中,201.0
s112061315046,CO01,2024,61315,私立華盛頓高中附設國中,201.0
s112061315047,CO01,2024,61315,私立華盛頓高中附設國中,201.0
s112061315048,CO01,2024,61315,私立華盛頓高中附設國中,201.0
s112061315050,CO01,2024,61315,私立華盛頓高中附設國中,201.0
s112061315051,CO01,2024,61315,私立華盛頓高中附設國中,201.0
s112061315052,CO01,2024,61315,私立華盛頓高中附設國中,201.0
s112061315053,CO01,2024,61315,私立華盛頓高中附設國中,201.0
s112061315054,CO01,2024,61315,私立華盛頓高中附設國中,201.0
s112061315058,CO01,2024,61315,私立華盛頓高中附設國中,201.0
s112061315059,CO01,2024,61315,私立華盛頓高中附設國中,201.0
s112061315060,CO01,2024,61315,私立華盛頓高中附設國中,201.0
s112061315061,CO01,2024,61315,私立華盛頓高中附設國中,201.0
s112061315062,CO01,2024,61315,私立華盛頓高中附設國中,201.0
s112061315064,CO01,2024,61315,私立華盛頓高中附設國中,201.0
s112061315067,CO01,2024,61315,私立華盛頓高中附設國中,204.0
s112061315068,CO01,2024,61315,私立華盛頓高中附設國中,204.0
s112061315069,CO01,2024,61315,私立華盛頓高中附設國中,204.0
s112061315072,CO01,2024,61315,私立華盛頓高中附設國中,204.0
s112061315073,CO01,2024,61315,私立華盛頓高中附設國中,204.0
s112061315080,CO01,2024,61315,私立華盛頓高中附設國中,204.0
s112061315083,CO01,2024,61315,私立華盛頓高中附設國中,204.0
s112061315085,CO01,2024,61315,私立華盛頓高中附設國中,204.0
s112061315087,CO01,2024,61315,私立華盛頓高中附設國中,204.0
s112061315089,CO01,2024,61315,私立華盛頓高中附設國中,204.0
s112061315093,CO01,2024,61315,私立華盛頓高中附設國中,204.0
s112061315094,CO01,2024,61315,私立華盛頓高中附設國中,204.0
s112061315098,CO01,2024,61315,私立華盛頓高中附設國中,204.0
s112061315099,CO01,2024,61315,私立華盛頓高中附設國中,204.0
s112061315100,CO01,2024,61315,私立華盛頓高中附設國中,204.0
s112061315102,CO01,2024,61315,私立華盛頓高中附設國中,204.0
s112061315105,CO01,2024,61315,私立華盛頓高中附設國中,204.0
s112061315106,CO01,2024,61315,私立華盛頓高中附設國中,204.0
s112061315108,CO01,2024,61315,私立華盛頓高中附設國中,204.0
s112061317024,CO01,2024,61317,私立弘文高中附設國中,國二03
s112061317025,CO01,2024,61317,私立弘文高中附設國中,國二03
s112061317027,CO01,2024,61317,私立弘文高中附設國中,國二03
s112061317030,CO01,2024,61317,私立弘文高中附設國中,國二03
s112061317031,CO01,2024,61317,私立弘文高中附設國中,國二03
s112061317032,CO01,2024,61317,私立弘文高中附設國中,國二03
s112061317033,CO01,2024,61317,私立弘文高中附設國中,國二03
s112061317034,CO01,2024,61317,私立弘文高中附設國中,國二03
s112061317037,CO01,2024,61317,私立弘文高中附設國中,國二03
s112061317038,CO01,2024,61317,私立弘文高中附設國中,國二03
s112061317039,CO01,2024,61317,私立弘文高中附設國中,國二03
s112061317040,CO01,2024,61317,私立弘文高中附設國中,國二03
s112061317041,CO01,2024,61317,私立弘文高中附設國中,國二03
s112061317042,CO01,2024,61317,私立弘文高中附設國中,國二03
s112061317045,CO01,2024,61317,私立弘文高中附設國中,國二03
s112061317048,CO01,2024,61317,私立弘文高中附設國中,國二03
s112061317049,CO01,2024,61317,私立弘文高中附設國中,國二03
s112061317050,CO01,2024,61317,私立弘文高中附設國中,國二03
s112061317051,CO01,2024,61317,私立弘文高中附設國中,國二03
s112061317052,CO01,2024,61317,私立弘文高中附設國中,國二03
s112061317053,CO01,2024,61317,私立弘文高中附設國中,國二03
s112061317054,CO01,2024,61317,私立弘文高中附設國中,國二03
s112061317055,CO01,2024,61317,私立弘文高中附設國中,國二03
s112061317056,CO01,2024,61317,私立弘文高中附設國中,國二03
s112061317057,CO01,2024,61317,私立弘文高中附設國中,國二03
s112061317058,CO01,2024,61317,私立弘文高中附設國中,國二03
s112061317059,CO01,2024,61317,私立弘文高中附設國中,國二03
s112061317061,CO01,2024,61317,私立弘文高中附設國中,國二03
s112061317063,CO01,2024,61317,私立弘文高中附設國中,國二03
s112061317064,CO01,2024,61317,私立弘文高中附設國中,國二03
s112061317065,CO01,2024,61317,私立弘文高中附設國中,國二03
s112061317067,CO01,2024,61317,私立弘文高中附設國中,國二03
s112061317069,CO01,2024,61317,私立弘文高中附設國中,國二03
s112061317070,CO01,2024,61317,私立弘文高中附設國中,國二03
s112061317074,CO01,2024,61317,私立弘文高中附設國中,國二07
s112061317075,CO01,2024,61317,私立弘文高中附設國中,國二07
s112061317076,CO01,2024,61317,私立弘文高中附設國中,國二07
s112061317079,CO01,2024,61317,私立弘文高中附設國中,國二07
s112061317080,CO01,2024,61317,私立弘文高中附設國中,國二07
s112061317081,CO01,2024,61317,私立弘文高中附設國中,國二07
s112061317082,CO01,2024,61317,私立弘文高中附設國中,國二07
s112061317083,CO01,2024,61317,私立弘文高中附設國中,國二07
s112061317085,CO01,2024,61317,私立弘文高中附設國中,國二07
s112061317086,CO01,2024,61317,私立弘文高中附設國中,國二07
s112061317087,CO01,2024,61317,私立弘文高中附設國中,國二07
s112061317088,CO01,2024,61317,私立弘文高中附設國中,國二07
s112061317089,CO01,2024,61317,私立弘文高中附設國中,國二07
s112061317090,CO01,2024,61317,私立弘文高中附設國中,國二07
s112061317092,CO01,2024,61317,私立弘文高中附設國中,國二07
s112061317093,CO01,2024,61317,私立弘文高中附設國中,國二07
s112061317095,CO01,2024,61317,私立弘文高中附設國中,國二07
s112061317096,CO01,2024,61317,私立弘文高中附設國中,國二07
s112061317097,CO01,2024,61317,私立弘文高中附設國中,國二07
s112061317098,CO01,2024,61317,私立弘文高中附設國中,國二07
s112061317100,CO01,2024,61317,私立弘文高中附設國中,國二07
s112061317101,CO01,2024,61317,私立弘文高中附設國中,國二07
s112061317102,CO01,2024,61317,私立弘文高中附設國中,國二07
s112061317103,CO01,2024,61317,私立弘文高中附設國中,國二07
s112061317106,CO01,2024,61317,私立弘文高中附設國中,國二07
s112061317107,CO01,2024,61317,私立弘文高中附設國中,國二07
s112061317108,CO01,2024,61317,私立弘文高中附設國中,國二07
s112061317110,CO01,2024,61317,私立弘文高中附設國中,國二07
s112061317111,CO01,2024,61317,私立弘文高中附設國中,國二07
s112061317112,CO01,2024,61317,私立弘文高中附設國中,國二07
s112061317113,CO01,2024,61317,私立弘文高中附設國中,國二07
s112064350025,CO01,2024,64350,市立龍津高中附設國中部,802.0
s112064350026,CO01,2024,64350,市立龍津高中附設國中部,802.0
s112064350027,CO01,2024,64350,市立龍津高中附設國中部,802.0
s112064350028,CO01,2024,64350,市立龍津高中附設國中部,802.0
s112064350029,CO01,2024,64350,市立龍津高中附設國中部,802.0
s112064350030,CO01,2024,64350,市立龍津高中附設國中部,802.0
s112064350032,CO01,2024,64350,市立龍津高中附設國中部,802.0
s112064350033,CO01,2024,64350,市立龍津高中附設國中部,802.0
s112064350034,CO01,2024,64350,市立龍津高中附設國中部,802.0
s112064350035,CO01,2024,64350,市立龍津高中附設國中部,802.0
s112064350037,CO01,2024,64350,市立龍津高中附設國中部,802.0
s112064350038,CO01,2024,64350,市立龍津高中附設國中部,802.0
s112064350039,CO01,2024,64350,市立龍津高中附設國中部,802.0
s112064350040,CO01,2024,64350,市立龍津高中附設國中部,802.0
s112064350041,CO01,2024,64350,市立龍津高中附設國中部,802.0
s112064350042,CO01,2024,64350,市立龍津高中附設國中部,802.0
s112064350043,CO01,2024,64350,市立龍津高中附設國中部,802.0
s112064350044,CO01,2024,64350,市立龍津高中附設國中部,802.0
s112064350045,CO01,2024,64350,市立龍津高中附設國中部,802.0
s112064350048,CO01,2024,64350,市立龍津高中附設國中部,805.0
s112064350049,CO01,2024,64350,市立龍津高中附設國中部,805.0
s112064350051,CO01,2024,64350,市立龍津高中附設國中部,805.0
s112064350052,CO01,2024,64350,市立龍津高中附設國中部,805.0
s112064350053,CO01,2024,64350,市立龍津高中附設國中部,805.0
s112064350054,CO01,2024,64350,市立龍津高中附設國中部,805.0
s112064350055,CO01,2024,64350,市立龍津高中附設國中部,805.0
s112064350060,CO01,2024,64350,市立龍津高中附設國中部,805.0
s112064350061,CO01,2024,64350,市立龍津高中附設國中部,805.0
s112064350062,CO01,2024,64350,市立龍津高中附設國中部,805.0
s112064350063,CO01,2024,64350,市立龍津高中附設國中部,805.0
s112064350064,CO01,2024,64350,市立龍津高中附設國中部,805.0
s112064350065,CO01,2024,64350,市立龍津高中附設國中部,805.0
s112064350066,CO01,2024,64350,市立龍津高中附設國中部,805.0
s112064350067,CO01,2024,64350,市立龍津高中附設國中部,805.0
s112064350071,CO01,2024,64350,市立龍津高中附設國中部,805.0
s112064350073,CO01,2024,64350,市立龍津高中附設國中部,805.0
s112064510025,CO01,2024,64510,市立大甲國中,八年二班
s112064510026,CO01,2024,64510,市立大甲國中,八年二班
s112064510027,CO01,2024,64510,市立大甲國中,八年二班
s112064510028,CO01,2024,64510,市立大甲國中,八年二班
s112064510029,CO01,2024,64510,市立大甲國中,八年二班
s112064510030,CO01,2024,64510,市立大甲國中,八年二班
s112064510031,CO01,2024,64510,市立大甲國中,八年二班
s112064510032,CO01,2024,64510,市立大甲國中,八年二班
s112064510033,CO01,2024,64510,市立大甲國中,八年二班
s112064510034,CO01,2024,64510,市立大甲國中,八年二班
s112064510035,CO01,2024,64510,市立大甲國中,八年二班
s112064510036,CO01,2024,64510,市立大甲國中,八年二班
s112064510037,CO01,2024,64510,市立大甲國中,八年二班
s112064510038,CO01,2024,64510,市立大甲國中,八年二班
s112064510039,CO01,2024,64510,市立大甲國中,八年二班
s112064510040,CO01,2024,64510,市立大甲國中,八年二班
s112064510042,CO01,2024,64510,市立大甲國中,八年二班
s112064510043,CO01,2024,64510,市立大甲國中,八年二班
s112064510044,CO01,2024,64510,市立大甲國中,八年二班
s112064510045,CO01,2024,64510,市立大甲國中,八年二班
s112064510048,CO01,2024,64510,市立大甲國中,八年十班
s112064510049,CO01,2024,64510,市立大甲國中,八年十班
s112064510050,CO01,2024,64510,市立大甲國中,八年十班
s112064510051,CO01,2024,64510,市立大甲國中,八年十班
s112064510052,CO01,2024,64510,市立大甲國中,八年十班
s112064510054,CO01,2024,64510,市立大甲國中,八年十班
s112064510055,CO01,2024,64510,市立大甲國中,八年十班
s112064510056,CO01,2024,64510,市立大甲國中,八年十班
s112064510057,CO01,2024,64510,市立大甲國中,八年十班
s112064510058,CO01,2024,64510,市立大甲國中,八年十班
s112064510059,CO01,2024,64510,市立大甲國中,八年十班
s112064510060,CO01,2024,64510,市立大甲國中,八年十班
s112064510061,CO01,2024,64510,市立大甲國中,八年十班
s112064510062,CO01,2024,64510,市立大甲國中,八年十班
s112064510063,CO01,2024,64510,市立大甲國中,八年十班
s112064510065,CO01,2024,64510,市立大甲國中,八年十班
s112064510066,CO01,2024,64510,市立大甲國中,八年十班
s112064510067,CO01,2024,64510,市立大甲國中,八年十班
s112064510068,CO01,2024,64510,市立大甲國中,八年十班
s112064510069,CO01,2024,64510,市立大甲國中,八年十班
s112064510070,CO01,2024,64510,市立大甲國中,八年十班
s112064510073,CO01,2024,64510,市立大甲國中,八年十班
s112064515025,CO01,2024,64515,市立沙鹿國中,807.0
s112064515026,CO01,2024,64515,市立沙鹿國中,807.0
s112064515027,CO01,2024,64515,市立沙鹿國中,807.0
s112064515029,CO01,2024,64515,市立沙鹿國中,807.0
s112064515030,CO01,2024,64515,市立沙鹿國中,807.0
s112064515031,CO01,2024,64515,市立沙鹿國中,807.0
s112064515032,CO01,2024,64515,市立沙鹿國中,807.0
s112064515033,CO01,2024,64515,市立沙鹿國中,807.0
s112064515034,CO01,2024,64515,市立沙鹿國中,807.0
s112064515035,CO01,2024,64515,市立沙鹿國中,807.0
s112064515036,CO01,2024,64515,市立沙鹿國中,807.0
s112064515037,CO01,2024,64515,市立沙鹿國中,807.0
s112064515038,CO01,2024,64515,市立沙鹿國中,807.0
s112064515039,CO01,2024,64515,市立沙鹿國中,807.0
s112064515040,CO01,2024,64515,市立沙鹿國中,807.0
s112064515041,CO01,2024,64515,市立沙鹿國中,807.0
s112064515042,CO01,2024,64515,市立沙鹿國中,807.0
s112064515043,CO01,2024,64515,市立沙鹿國中,807.0
s112064515044,CO01,2024,64515,市立沙鹿國中,807.0
s112064515045,CO01,2024,64515,市立沙鹿國中,807.0
s112064515046,CO01,2024,64515,市立沙鹿國中,807.0
s112064515047,CO01,2024,64515,市立沙鹿國中,807.0
s112064515048,CO01,2024,64515,市立沙鹿國中,807.0
s112064515049,CO01,2024,64515,市立沙鹿國中,807.0
s112064515050,CO01,2024,64515,市立沙鹿國中,807.0
s112064515053,CO01,2024,64515,市立沙鹿國中,816.0
s112064515056,CO01,2024,64515,市立沙鹿國中,816.0
s112064515057,CO01,2024,64515,市立沙鹿國中,816.0
s112064515059,CO01,2024,64515,市立沙鹿國中,816.0
s112064515060,CO01,2024,64515,市立沙鹿國中,816.0
s112064515061,CO01,2024,64515,市立沙鹿國中,816.0
s112064515062,CO01,2024,64515,市立沙鹿國中,816.0
s112064515063,CO01,2024,64515,市立沙鹿國中,816.0
s112064515064,CO01,2024,64515,市立沙鹿國中,816.0
s112064515066,CO01,2024,64515,市立沙鹿國中,816.0
s112064515067,CO01,2024,64515,市立沙鹿國中,816.0
s112064515068,CO01,2024,64515,市立沙鹿國中,816.0
s112064515069,CO01,2024,64515,市立沙鹿國中,816.0
s112064515070,CO01,2024,64515,市立沙鹿國中,816.0
s112064515071,CO01,2024,64515,市立沙鹿國中,816.0
s112064515072,CO01,2024,64515,市立沙鹿國中,816.0
s112064515073,CO01,2024,64515,市立沙鹿國中,816.0
s112064515076,CO01,2024,64515,市立沙鹿國中,816.0
s112064515077,CO01,2024,64515,市立沙鹿國中,816.0
s112064515078,CO01,2024,64515,市立沙鹿國中,816.0
s112064515079,CO01,2024,64515,市立沙鹿國中,816.0
s112064519024,CO01,2024,64519,市立大道國中,803.0
s112064519026,CO01,2024,64519,市立大道國中,803.0
s112064519027,CO01,2024,64519,市立大道國中,803.0
s112064519028,CO01,2024,64519,市立大道國中,803.0
s112064519031,CO01,2024,64519,市立大道國中,803.0
s112064519032,CO01,2024,64519,市立大道國中,803.0
s112064519033,CO01,2024,64519,市立大道國中,803.0
s112064519034,CO01,2024,64519,市立大道國中,803.0
s112064519035,CO01,2024,64519,市立大道國中,803.0
s112064519036,CO01,2024,64519,市立大道國中,803.0
s112064519040,CO01,2024,64519,市立大道國中,803.0
s112064519043,CO01,2024,64519,市立大道國中,803.0
s112064519044,CO01,2024,64519,市立大道國中,803.0
s112064519046,CO01,2024,64519,市立大道國中,803.0
s112064521025,CO01,2024,64521,市立溪南國中,8.0
s112064521027,CO01,2024,64521,市立溪南國中,8.0
s112064521028,CO01,2024,64521,市立溪南國中,8.0
s112064521029,CO01,2024,64521,市立溪南國中,8.0
s112064521030,CO01,2024,64521,市立溪南國中,8.0
s112064521031,CO01,2024,64521,市立溪南國中,8.0
s112064521032,CO01,2024,64521,市立溪南國中,8.0
s112064521033,CO01,2024,64521,市立溪南國中,8.0
s112064521034,CO01,2024,64521,市立溪南國中,8.0
s112064521035,CO01,2024,64521,市立溪南國中,8.0
s112064521036,CO01,2024,64521,市立溪南國中,8.0
s112064521039,CO01,2024,64521,市立溪南國中,8.0
s112064521040,CO01,2024,64521,市立溪南國中,8.0
s112064521041,CO01,2024,64521,市立溪南國中,8.0
s112064521042,CO01,2024,64521,市立溪南國中,8.0
s112064521043,CO01,2024,64521,市立溪南國中,8.0
s112064521045,CO01,2024,64521,市立溪南國中,8.0
s112064521046,CO01,2024,64521,市立溪南國中,8.0
s112064521047,CO01,2024,64521,市立溪南國中,8.0
s112064521048,CO01,2024,64521,市立溪南國中,8.0
s112064521049,CO01,2024,64521,市立溪南國中,8.0
s112064521050,CO01,2024,64521,市立溪南國中,8.0
s112064523024,CO01,2024,64523,市立光復國中(小),八年三班
s112064523027,CO01,2024,64523,市立光復國中(小),八年三班
s112064523028,CO01,2024,64523,市立光復國中(小),八年三班
s112064523029,CO01,2024,64523,市立光復國中(小),八年三班
s112064523030,CO01,2024,64523,市立光復國中(小),八年三班
s112064523032,CO01,2024,64523,市立光復國中(小),八年三班
s112064523033,CO01,2024,64523,市立光復國中(小),八年三班
s112064523034,CO01,2024,64523,市立光復國中(小),八年三班
s112064523036,CO01,2024,64523,市立光復國中(小),八年三班
s112064523037,CO01,2024,64523,市立光復國中(小),八年三班
s112064523038,CO01,2024,64523,市立光復國中(小),八年三班
s112064523039,CO01,2024,64523,市立光復國中(小),八年三班
s112064523040,CO01,2024,64523,市立光復國中(小),八年三班
s112064523041,CO01,2024,64523,市立光復國中(小),八年三班
s112064523044,CO01,2024,64523,市立光復國中(小),八年三班
s112064523050,CO01,2024,64523,市立光復國中(小),八年八班
s112064523051,CO01,2024,64523,市立光復國中(小),八年八班
s112064523052,CO01,2024,64523,市立光復國中(小),八年八班
s112064523053,CO01,2024,64523,市立光復國中(小),八年八班
s112064523054,CO01,2024,64523,市立光復國中(小),八年八班
s112064523055,CO01,2024,64523,市立光復國中(小),八年八班
s112064523056,CO01,2024,64523,市立光復國中(小),八年八班
s112064523057,CO01,2024,64523,市立光復國中(小),八年八班
s112064523058,CO01,2024,64523,市立光復國中(小),八年八班
s112064523059,CO01,2024,64523,市立光復國中(小),八年八班
s112064523060,CO01,2024,64523,市立光復國中(小),八年八班
s112064523061,CO01,2024,64523,市立光復國中(小),八年八班
s112064523062,CO01,2024,64523,市立光復國中(小),八年八班
s112064523063,CO01,2024,64523,市立光復國中(小),八年八班
s112064523064,CO01,2024,64523,市立光復國中(小),八年八班
s112064523065,CO01,2024,64523,市立光復國中(小),八年八班
s112064523067,CO01,2024,64523,市立光復國中(小),八年八班
s112064523068,CO01,2024,64523,市立光復國中(小),八年八班
s112064523069,CO01,2024,64523,市立光復國中(小),八年八班
s112064523070,CO01,2024,64523,市立光復國中(小),八年八班
s112064523071,CO01,2024,64523,市立光復國中(小),八年八班
s112064526024,CO01,2024,64526,市立中平國中,801.0
s112064526025,CO01,2024,64526,市立中平國中,801.0
s112064526026,CO01,2024,64526,市立中平國中,801.0
s112064526028,CO01,2024,64526,市立中平國中,801.0
s112064526029,CO01,2024,64526,市立中平國中,801.0
s112064526030,CO01,2024,64526,市立中平國中,801.0
s112064526031,CO01,2024,64526,市立中平國中,801.0
s112064526032,CO01,2024,64526,市立中平國中,801.0
s112064526033,CO01,2024,64526,市立中平國中,801.0
s112064526034,CO01,2024,64526,市立中平國中,801.0
s112064526036,CO01,2024,64526,市立中平國中,801.0
s112064526037,CO01,2024,64526,市立中平國中,801.0
s112064526038,CO01,2024,64526,市立中平國中,801.0
s112064526039,CO01,2024,64526,市立中平國中,801.0
s112064526041,CO01,2024,64526,市立中平國中,801.0
s112064526042,CO01,2024,64526,市立中平國中,801.0
s112064526043,CO01,2024,64526,市立中平國中,801.0
s112064526044,CO01,2024,64526,市立中平國中,801.0
s112064526045,CO01,2024,64526,市立中平國中,801.0
s112064526046,CO01,2024,64526,市立中平國中,801.0
s112064526047,CO01,2024,64526,市立中平國中,801.0
s112064526049,CO01,2024,64526,市立中平國中,801.0
s112064526050,CO01,2024,64526,市立中平國中,801.0
s112064526055,CO01,2024,64526,市立中平國中,804.0
s112064526056,CO01,2024,64526,市立中平國中,804.0
s112064526060,CO01,2024,64526,市立中平國中,804.0
s112064526061,CO01,2024,64526,市立中平國中,804.0
s112064526063,CO01,2024,64526,市立中平國中,804.0
s112064526064,CO01,2024,64526,市立中平國中,804.0
s112064526066,CO01,2024,64526,市立中平國中,804.0
s112064526067,CO01,2024,64526,市立中平國中,804.0
s112064526068,CO01,2024,64526,市立中平國中,804.0
s112064526069,CO01,2024,64526,市立中平國中,804.0
s112064526072,CO01,2024,64526,市立中平國中,804.0
s112064526074,CO01,2024,64526,市立中平國中,804.0
s112064526075,CO01,2024,64526,市立中平國中,804.0
s112064526076,CO01,2024,64526,市立中平國中,804.0
s112064533025,CO01,2024,64533,市立和平國中,801.0
s112064533026,CO01,2024,64533,市立和平國中,801.0
s112064533027,CO01,2024,64533,市立和平國中,801.0
s112064533029,CO01,2024,64533,市立和平國中,801.0
s112064533034,CO01,2024,64533,市立和平國中,802.0
s112064533035,CO01,2024,64533,市立和平國中,802.0
s112064533036,CO01,2024,64533,市立和平國中,802.0
s112064537025,CO01,2024,64537,市立光榮國中,八年9班
s112064537030,CO01,2024,64537,市立光榮國中,八年9班
s112064537032,CO01,2024,64537,市立光榮國中,八年9班
s112064537033,CO01,2024,64537,市立光榮國中,八年9班
s112064537034,CO01,2024,64537,市立光榮國中,八年9班
s112064537036,CO01,2024,64537,市立光榮國中,八年9班
s112064537038,CO01,2024,64537,市立光榮國中,八年9班
s112064537039,CO01,2024,64537,市立光榮國中,八年9班
s112064537040,CO01,2024,64537,市立光榮國中,八年9班
s112064537045,CO01,2024,64537,市立光榮國中,八年18班
s112064537047,CO01,2024,64537,市立光榮國中,八年18班
s112064537049,CO01,2024,64537,市立光榮國中,八年18班
s112064537050,CO01,2024,64537,市立光榮國中,八年18班
s112064537051,CO01,2024,64537,市立光榮國中,八年18班
s112064537052,CO01,2024,64537,市立光榮國中,八年18班
s112064537053,CO01,2024,64537,市立光榮國中,八年18班
s112064537054,CO01,2024,64537,市立光榮國中,八年18班
s112064537058,CO01,2024,64537,市立光榮國中,八年18班
s112064537059,CO01,2024,64537,市立光榮國中,八年18班
s112064537061,CO01,2024,64537,市立光榮國中,八年18班
s112064538024,CO01,2024,64538,市立潭秀國中,八年五班
s112064538025,CO01,2024,64538,市立潭秀國中,八年五班
s112064538027,CO01,2024,64538,市立潭秀國中,八年五班
s112064538028,CO01,2024,64538,市立潭秀國中,八年五班
s112064538029,CO01,2024,64538,市立潭秀國中,八年五班
s112064538030,CO01,2024,64538,市立潭秀國中,八年五班
s112064538032,CO01,2024,64538,市立潭秀國中,八年五班
s112064538033,CO01,2024,64538,市立潭秀國中,八年五班
s112064538034,CO01,2024,64538,市立潭秀國中,八年五班
s112064538035,CO01,2024,64538,市立潭秀國中,八年五班
s112064538036,CO01,2024,64538,市立潭秀國中,八年五班
s112064538037,CO01,2024,64538,市立潭秀國中,八年五班
s112064538039,CO01,2024,64538,市立潭秀國中,八年五班
s112064538040,CO01,2024,64538,市立潭秀國中,八年五班
s112064538041,CO01,2024,64538,市立潭秀國中,八年五班
s112064538042,CO01,2024,64538,市立潭秀國中,八年五班
s112064538043,CO01,2024,64538,市立潭秀國中,八年五班
s112064538044,CO01,2024,64538,市立潭秀國中,八年五班
s112064538045,CO01,2024,64538,市立潭秀國中,八年五班
s112064538046,CO01,2024,64538,市立潭秀國中,八年五班
s112064538047,CO01,2024,64538,市立潭秀國中,八年五班
s112064538048,CO01,2024,64538,市立潭秀國中,八年五班
s112064538049,CO01,2024,64538,市立潭秀國中,八年五班
s112064538050,CO01,2024,64538,市立潭秀國中,八年五班
s112064538051,CO01,2024,64538,市立潭秀國中,八年五班
s112064538055,CO01,2024,64538,市立潭秀國中,八年十一班
s112064538056,CO01,2024,64538,市立潭秀國中,八年十一班
s112064538057,CO01,2024,64538,市立潭秀國中,八年十一班
s112064538058,CO01,2024,64538,市立潭秀國中,八年十一班
s112064538059,CO01,2024,64538,市立潭秀國中,八年十一班
s112064538060,CO01,2024,64538,市立潭秀國中,八年十一班
s112064538061,CO01,2024,64538,市立潭秀國中,八年十一班
s112064538062,CO01,2024,64538,市立潭秀國中,八年十一班
s112064538063,CO01,2024,64538,市立潭秀國中,八年十一班
s112064538064,CO01,2024,64538,市立潭秀國中,八年十一班
s112064538065,CO01,2024,64538,市立潭秀國中,八年十一班
s112064538066,CO01,2024,64538,市立潭秀國中,八年十一班
s112064538067,CO01,2024,64538,市立潭秀國中,八年十一班
s112064538068,CO01,2024,64538,市立潭秀國中,八年十一班
s112064538069,CO01,2024,64538,市立潭秀國中,八年十一班
s112064538070,CO01,2024,64538,市立潭秀國中,八年十一班
s112064538071,CO01,2024,64538,市立潭秀國中,八年十一班
s112064538072,CO01,2024,64538,市立潭秀國中,八年十一班
s112064538073,CO01,2024,64538,市立潭秀國中,八年十一班
s112064538074,CO01,2024,64538,市立潭秀國中,八年十一班
s112064538075,CO01,2024,64538,市立潭秀國中,八年十一班
s112064538076,CO01,2024,64538,市立潭秀國中,八年十一班
s112064538077,CO01,2024,64538,市立潭秀國中,八年十一班
s112064538078,CO01,2024,64538,市立潭秀國中,八年十一班
s112064538079,CO01,2024,64538,市立潭秀國中,八年十一班
s112064543025,CO01,2024,64543,市立新光國中,801.0
s112064543026,CO01,2024,64543,市立新光國中,801.0
s112064543029,CO01,2024,64543,市立新光國中,801.0
s112064543030,CO01,2024,64543,市立新光國中,801.0
s112064543031,CO01,2024,64543,市立新光國中,801.0
s112064543032,CO01,2024,64543,市立新光國中,801.0
s112064543033,CO01,2024,64543,市立新光國中,801.0
s112064543034,CO01,2024,64543,市立新光國中,801.0
s112064543036,CO01,2024,64543,市立新光國中,801.0
s112064543037,CO01,2024,64543,市立新光國中,801.0
s112064543038,CO01,2024,64543,市立新光國中,801.0
s112064543039,CO01,2024,64543,市立新光國中,801.0
s112064543041,CO01,2024,64543,市立新光國中,801.0
s112064543042,CO01,2024,64543,市立新光國中,801.0
s112064543044,CO01,2024,64543,市立新光國中,801.0
s112064543045,CO01,2024,64543,市立新光國中,801.0
s112064543048,CO01,2024,64543,市立新光國中,801.0
s112064543052,CO01,2024,64543,市立新光國中,808.0
s112064543054,CO01,2024,64543,市立新光國中,808.0
s112064543055,CO01,2024,64543,市立新光國中,808.0
s112064543057,CO01,2024,64543,市立新光國中,808.0
s112064543060,CO01,2024,64543,市立新光國中,808.0
s112064543061,CO01,2024,64543,市立新光國中,808.0
s112064543062,CO01,2024,64543,市立新光國中,808.0
s112064543064,CO01,2024,64543,市立新光國中,808.0
s112064543065,CO01,2024,64543,市立新光國中,808.0
s112064543066,CO01,2024,64543,市立新光國中,808.0
s112064543067,CO01,2024,64543,市立新光國中,808.0
s112064543068,CO01,2024,64543,市立新光國中,808.0
s112064543069,CO01,2024,64543,市立新光國中,808.0
s112064543072,CO01,2024,64543,市立新光國中,808.0
s112064545024,CO01,2024,64545,市立豐陽國中,八年4班
s112064545025,CO01,2024,64545,市立豐陽國中,八年4班
s112064545026,CO01,2024,64545,市立豐陽國中,八年4班
s112064545028,CO01,2024,64545,市立豐陽國中,八年4班
s112064545029,CO01,2024,64545,市立豐陽國中,八年4班
s112064545030,CO01,2024,64545,市立豐陽國中,八年4班
s112064545031,CO01,2024,64545,市立豐陽國中,八年4班
s112064545034,CO01,2024,64545,市立豐陽國中,八年4班
s112064545035,CO01,2024,64545,市立豐陽國中,八年4班
s112064545036,CO01,2024,64545,市立豐陽國中,八年4班
s112064545037,CO01,2024,64545,市立豐陽國中,八年4班
s112064545038,CO01,2024,64545,市立豐陽國中,八年4班
s112064545044,CO01,2024,64545,市立豐陽國中,八年7班
s112064545045,CO01,2024,64545,市立豐陽國中,八年7班
s112064545046,CO01,2024,64545,市立豐陽國中,八年7班
s112064545048,CO01,2024,64545,市立豐陽國中,八年7班
s112064545050,CO01,2024,64545,市立豐陽國中,八年7班
s112064545051,CO01,2024,64545,市立豐陽國中,八年7班
s112064545052,CO01,2024,64545,市立豐陽國中,八年7班
s112064545053,CO01,2024,64545,市立豐陽國中,八年7班
s112064545054,CO01,2024,64545,市立豐陽國中,八年7班
s112064545055,CO01,2024,64545,市立豐陽國中,八年7班
s112064545056,CO01,2024,64545,市立豐陽國中,八年7班
s112064545057,CO01,2024,64545,市立豐陽國中,八年7班
s112064545058,CO01,2024,64545,市立豐陽國中,八年7班
s112064545059,CO01,2024,64545,市立豐陽國中,八年7班
s112064545060,CO01,2024,64545,市立豐陽國中,八年7班
s112064546024,CO01,2024,64546,市立光德國中,八年二班
s112064546025,CO01,2024,64546,市立光德國中,八年二班
s112064546026,CO01,2024,64546,市立光德國中,八年二班
s112064546027,CO01,2024,64546,市立光德國中,八年二班
s112064546028,CO01,2024,64546,市立光德國中,八年二班
s112064546030,CO01,2024,64546,市立光德國中,八年二班
s112064546031,CO01,2024,64546,市立光德國中,八年二班
s112064546032,CO01,2024,64546,市立光德國中,八年二班
s112064546033,CO01,2024,64546,市立光德國中,八年二班
s112064546037,CO01,2024,64546,市立光德國中,八年二班
s112064546038,CO01,2024,64546,市立光德國中,八年二班
s112064546039,CO01,2024,64546,市立光德國中,八年二班
s112064546040,CO01,2024,64546,市立光德國中,八年二班
s112064546041,CO01,2024,64546,市立光德國中,八年二班
s112064546042,CO01,2024,64546,市立光德國中,八年二班
s112064546043,CO01,2024,64546,市立光德國中,八年二班
s112064546044,CO01,2024,64546,市立光德國中,八年二班
s112064546045,CO01,2024,64546,市立光德國中,八年二班
s112064546046,CO01,2024,64546,市立光德國中,八年二班
s112064546047,CO01,2024,64546,市立光德國中,八年二班
s112064546048,CO01,2024,64546,市立光德國中,八年二班
s112064546049,CO01,2024,64546,市立光德國中,八年二班
s112064546050,CO01,2024,64546,市立光德國中,八年二班
s112064546053,CO01,2024,64546,市立光德國中,八年九班
s112064546054,CO01,2024,64546,市立光德國中,八年九班
s112064546055,CO01,2024,64546,市立光德國中,八年九班
s112064546057,CO01,2024,64546,市立光德國中,八年九班
s112064546058,CO01,2024,64546,市立光德國中,八年九班
s112064546059,CO01,2024,64546,市立光德國中,八年九班
s112064546060,CO01,2024,64546,市立光德國中,八年九班
s112064546061,CO01,2024,64546,市立光德國中,八年九班
s112064546062,CO01,2024,64546,市立光德國中,八年九班
s112064546063,CO01,2024,64546,市立光德國中,八年九班
s112064546064,CO01,2024,64546,市立光德國中,八年九班
s112064546065,CO01,2024,64546,市立光德國中,八年九班
s112064546066,CO01,2024,64546,市立光德國中,八年九班
s112064546067,CO01,2024,64546,市立光德國中,八年九班
s112064546068,CO01,2024,64546,市立光德國中,八年九班
s112064546069,CO01,2024,64546,市立光德國中,八年九班
s112064546070,CO01,2024,64546,市立光德國中,八年九班
s112064546071,CO01,2024,64546,市立光德國中,八年九班
s112064546072,CO01,2024,64546,市立光德國中,八年九班
s112064546073,CO01,2024,64546,市立光德國中,八年九班
s112064546074,CO01,2024,64546,市立光德國中,八年九班
s112064546075,CO01,2024,64546,市立光德國中,八年九班
s112064546076,CO01,2024,64546,市立光德國中,八年九班
s112064546077,CO01,2024,64546,市立光德國中,八年九班
s112064548025,CO01,2024,64548,市立爽文國中,801.0
s112064548027,CO01,2024,64548,市立爽文國中,801.0
s112064548029,CO01,2024,64548,市立爽文國中,801.0
s112064548030,CO01,2024,64548,市立爽文國中,801.0
s112064548031,CO01,2024,64548,市立爽文國中,801.0
s112064548032,CO01,2024,64548,市立爽文國中,801.0
s112064548033,CO01,2024,64548,市立爽文國中,801.0
s112064548034,CO01,2024,64548,市立爽文國中,801.0
s112064548035,CO01,2024,64548,市立爽文國中,801.0
s112064548036,CO01,2024,64548,市立爽文國中,801.0
s112064548037,CO01,2024,64548,市立爽文國中,801.0
s112064548038,CO01,2024,64548,市立爽文國中,801.0
s112064548039,CO01,2024,64548,市立爽文國中,801.0
s112064548040,CO01,2024,64548,市立爽文國中,801.0
s112064548041,CO01,2024,64548,市立爽文國中,801.0
s112064548042,CO01,2024,64548,市立爽文國中,801.0
s112064548043,CO01,2024,64548,市立爽文國中,801.0
s112064548044,CO01,2024,64548,市立爽文國中,801.0
s112064548047,CO01,2024,64548,市立爽文國中,801.0
s112064548048,CO01,2024,64548,市立爽文國中,801.0
s112064548049,CO01,2024,64548,市立爽文國中,801.0
s112064548050,CO01,2024,64548,市立爽文國中,801.0
s112064548054,CO01,2024,64548,市立爽文國中,809.0
s112064548056,CO01,2024,64548,市立爽文國中,809.0
s112064548057,CO01,2024,64548,市立爽文國中,809.0
s112064548058,CO01,2024,64548,市立爽文國中,809.0
s112064548059,CO01,2024,64548,市立爽文國中,809.0
s112064548060,CO01,2024,64548,市立爽文國中,809.0
s112064548062,CO01,2024,64548,市立爽文國中,809.0
s112064548063,CO01,2024,64548,市立爽文國中,809.0
s112064548065,CO01,2024,64548,市立爽文國中,809.0
s112064548066,CO01,2024,64548,市立爽文國中,809.0
s112064548067,CO01,2024,64548,市立爽文國中,809.0
s112064548068,CO01,2024,64548,市立爽文國中,809.0
s112064548069,CO01,2024,64548,市立爽文國中,809.0
s112064548070,CO01,2024,64548,市立爽文國中,809.0
s112064548071,CO01,2024,64548,市立爽文國中,809.0
s112064548072,CO01,2024,64548,市立爽文國中,809.0
s112064548073,CO01,2024,64548,市立爽文國中,809.0
s112064548074,CO01,2024,64548,市立爽文國中,809.0
s112064548075,CO01,2024,64548,市立爽文國中,809.0
s112064548076,CO01,2024,64548,市立爽文國中,809.0
s112064548077,CO01,2024,64548,市立爽文國中,809.0
s112064548079,CO01,2024,64548,市立爽文國中,809.0
s112064551024,CO01,2024,64551,市立神圳國中,802.0
s112064551025,CO01,2024,64551,市立神圳國中,802.0
s112064551026,CO01,2024,64551,市立神圳國中,802.0
s112064551027,CO01,2024,64551,市立神圳國中,802.0
s112064551028,CO01,2024,64551,市立神圳國中,802.0
s112064551029,CO01,2024,64551,市立神圳國中,802.0
s112064551030,CO01,2024,64551,市立神圳國中,802.0
s112064551031,CO01,2024,64551,市立神圳國中,802.0
s112064551032,CO01,2024,64551,市立神圳國中,802.0
s112064551033,CO01,2024,64551,市立神圳國中,802.0
s112064551034,CO01,2024,64551,市立神圳國中,802.0
s112064551035,CO01,2024,64551,市立神圳國中,802.0
s112064551037,CO01,2024,64551,市立神圳國中,802.0
s112064551038,CO01,2024,64551,市立神圳國中,802.0
s112064551039,CO01,2024,64551,市立神圳國中,802.0
s112064551040,CO01,2024,64551,市立神圳國中,802.0
s112064551041,CO01,2024,64551,市立神圳國中,802.0
s112064551042,CO01,2024,64551,市立神圳國中,802.0
s112064551043,CO01,2024,64551,市立神圳國中,802.0
s112064551044,CO01,2024,64551,市立神圳國中,802.0
s112064551045,CO01,2024,64551,市立神圳國中,802.0
s112064551046,CO01,2024,64551,市立神圳國中,802.0
s112064551047,CO01,2024,64551,市立神圳國中,802.0
s112064551048,CO01,2024,64551,市立神圳國中,802.0
s112064551051,CO01,2024,64551,市立神圳國中,805.0
s112064551053,CO01,2024,64551,市立神圳國中,805.0
s112064551054,CO01,2024,64551,市立神圳國中,805.0
s112064551055,CO01,2024,64551,市立神圳國中,805.0
s112064551056,CO01,2024,64551,市立神圳國中,805.0
s112064551057,CO01,2024,64551,市立神圳國中,805.0
s112064551058,CO01,2024,64551,市立神圳國中,805.0
s112064551060,CO01,2024,64551,市立神圳國中,805.0
s112064551063,CO01,2024,64551,市立神圳國中,805.0
s112064551064,CO01,2024,64551,市立神圳國中,805.0
s112064551067,CO01,2024,64551,市立神圳國中,805.0
s112064551068,CO01,2024,64551,市立神圳國中,805.0
s112064551069,CO01,2024,64551,市立神圳國中,805.0
s112064551070,CO01,2024,64551,市立神圳國中,805.0
s112064551071,CO01,2024,64551,市立神圳國中,805.0
s112064551072,CO01,2024,64551,市立神圳國中,805.0
s112064551073,CO01,2024,64551,市立神圳國中,805.0
s112064551074,CO01,2024,64551,市立神圳國中,805.0
s112064551075,CO01,2024,64551,市立神圳國中,805.0
s112064551076,CO01,2024,64551,市立神圳國中,805.0
s112064551077,CO01,2024,64551,市立神圳國中,805.0
s112071311024,CO01,2024,71311,私立精誠高中附設國中,805.0
s112071311027,CO01,2024,71311,私立精誠高中附設國中,805.0
s112071311031,CO01,2024,71311,私立精誠高中附設國中,805.0
s112071311032,CO01,2024,71311,私立精誠高中附設國中,805.0
s112071311034,CO01,2024,71311,私立精誠高中附設國中,805.0
s112071311038,CO01,2024,71311,私立精誠高中附設國中,805.0
s112071311039,CO01,2024,71311,私立精誠高中附設國中,805.0
s112071311040,CO01,2024,71311,私立精誠高中附設國中,805.0
s112071311043,CO01,2024,71311,私立精誠高中附設國中,805.0
s112071311045,CO01,2024,71311,私立精誠高中附設國中,805.0
s112071311047,CO01,2024,71311,私立精誠高中附設國中,805.0
s112071311049,CO01,2024,71311,私立精誠高中附設國中,805.0
s112071311050,CO01,2024,71311,私立精誠高中附設國中,805.0
s112071311052,CO01,2024,71311,私立精誠高中附設國中,805.0
s112071311054,CO01,2024,71311,私立精誠高中附設國中,805.0
s112071311056,CO01,2024,71311,私立精誠高中附設國中,805.0
s112071311060,CO01,2024,71311,私立精誠高中附設國中,805.0
s112071311061,CO01,2024,71311,私立精誠高中附設國中,805.0
s112071311063,CO01,2024,71311,私立精誠高中附設國中,805.0
s112071311064,CO01,2024,71311,私立精誠高中附設國中,805.0
s112071311068,CO01,2024,71311,私立精誠高中附設國中,805.0
s112071311070,CO01,2024,71311,私立精誠高中附設國中,805.0
s112071311071,CO01,2024,71311,私立精誠高中附設國中,805.0
s112071311074,CO01,2024,71311,私立精誠高中附設國中,812.0
s112071311076,CO01,2024,71311,私立精誠高中附設國中,812.0
s112071311080,CO01,2024,71311,私立精誠高中附設國中,812.0
s112071311082,CO01,2024,71311,私立精誠高中附設國中,812.0
s112071311083,CO01,2024,71311,私立精誠高中附設國中,812.0
s112071311085,CO01,2024,71311,私立精誠高中附設國中,812.0
s112071311087,CO01,2024,71311,私立精誠高中附設國中,812.0
s112071311088,CO01,2024,71311,私立精誠高中附設國中,812.0
s112071311093,CO01,2024,71311,私立精誠高中附設國中,812.0
s112071311095,CO01,2024,71311,私立精誠高中附設國中,812.0
s112071311097,CO01,2024,71311,私立精誠高中附設國中,812.0
s112071311098,CO01,2024,71311,私立精誠高中附設國中,812.0
s112071311102,CO01,2024,71311,私立精誠高中附設國中,812.0
s112071311104,CO01,2024,71311,私立精誠高中附設國中,812.0
s112071311105,CO01,2024,71311,私立精誠高中附設國中,812.0
s112071311110,CO01,2024,71311,私立精誠高中附設國中,812.0
s112071311116,CO01,2024,71311,私立精誠高中附設國中,812.0
s112071311120,CO01,2024,71311,私立精誠高中附設國中,812.0
s112071318023,CO01,2024,71318,財團法人正德高中附設國中,國中二A
s112071318024,CO01,2024,71318,財團法人正德高中附設國中,國中二A
s112071318025,CO01,2024,71318,財團法人正德高中附設國中,國中二A
s112071318026,CO01,2024,71318,財團法人正德高中附設國中,國中二A
s112071318030,CO01,2024,71318,財團法人正德高中附設國中,國中二A
s112074323024,CO01,2024,74323,縣立和美高中附設國中,202.0
s112074323025,CO01,2024,74323,縣立和美高中附設國中,202.0
s112074323026,CO01,2024,74323,縣立和美高中附設國中,202.0
s112074323027,CO01,2024,74323,縣立和美高中附設國中,202.0
s112074323028,CO01,2024,74323,縣立和美高中附設國中,202.0
s112074323029,CO01,2024,74323,縣立和美高中附設國中,202.0
s112074323030,CO01,2024,74323,縣立和美高中附設國中,202.0
s112074323031,CO01,2024,74323,縣立和美高中附設國中,202.0
s112074323033,CO01,2024,74323,縣立和美高中附設國中,202.0
s112074323034,CO01,2024,74323,縣立和美高中附設國中,202.0
s112074323037,CO01,2024,74323,縣立和美高中附設國中,202.0
s112074323038,CO01,2024,74323,縣立和美高中附設國中,202.0
s112074323039,CO01,2024,74323,縣立和美高中附設國中,202.0
s112074323040,CO01,2024,74323,縣立和美高中附設國中,202.0
s112074323041,CO01,2024,74323,縣立和美高中附設國中,202.0
s112074323042,CO01,2024,74323,縣立和美高中附設國中,202.0
s112074323044,CO01,2024,74323,縣立和美高中附設國中,202.0
s112074323045,CO01,2024,74323,縣立和美高中附設國中,202.0
s112074323046,CO01,2024,74323,縣立和美高中附設國中,202.0
s112074323047,CO01,2024,74323,縣立和美高中附設國中,202.0
s112074323048,CO01,2024,74323,縣立和美高中附設國中,202.0
s112074323051,CO01,2024,74323,縣立和美高中附設國中,208.0
s112074323052,CO01,2024,74323,縣立和美高中附設國中,208.0
s112074323054,CO01,2024,74323,縣立和美高中附設國中,208.0
s112074323055,CO01,2024,74323,縣立和美高中附設國中,208.0
s112074323056,CO01,2024,74323,縣立和美高中附設國中,208.0
s112074323057,CO01,2024,74323,縣立和美高中附設國中,208.0
s112074323058,CO01,2024,74323,縣立和美高中附設國中,208.0
s112074323059,CO01,2024,74323,縣立和美高中附設國中,208.0
s112074323060,CO01,2024,74323,縣立和美高中附設國中,208.0
s112074323061,CO01,2024,74323,縣立和美高中附設國中,208.0
s112074323062,CO01,2024,74323,縣立和美高中附設國中,208.0
s112074323063,CO01,2024,74323,縣立和美高中附設國中,208.0
s112074323064,CO01,2024,74323,縣立和美高中附設國中,208.0
s112074323065,CO01,2024,74323,縣立和美高中附設國中,208.0
s112074323066,CO01,2024,74323,縣立和美高中附設國中,208.0
s112074323067,CO01,2024,74323,縣立和美高中附設國中,208.0
s112074323068,CO01,2024,74323,縣立和美高中附設國中,208.0
s112074323069,CO01,2024,74323,縣立和美高中附設國中,208.0
s112074323070,CO01,2024,74323,縣立和美高中附設國中,208.0
s112074323071,CO01,2024,74323,縣立和美高中附設國中,208.0
s112074323072,CO01,2024,74323,縣立和美高中附設國中,208.0
s112074323073,CO01,2024,74323,縣立和美高中附設國中,208.0
s112074323074,CO01,2024,74323,縣立和美高中附設國中,208.0
s112074323075,CO01,2024,74323,縣立和美高中附設國中,208.0
s112074323076,CO01,2024,74323,縣立和美高中附設國中,208.0
s112074505024,CO01,2024,74505,縣立陽明國中,八年1班
s112074505025,CO01,2024,74505,縣立陽明國中,八年1班
s112074505026,CO01,2024,74505,縣立陽明國中,八年1班
s112074505028,CO01,2024,74505,縣立陽明國中,八年1班
s112074505030,CO01,2024,74505,縣立陽明國中,八年1班
s112074505031,CO01,2024,74505,縣立陽明國中,八年1班
s112074505032,CO01,2024,74505,縣立陽明國中,八年1班
s112074505033,CO01,2024,74505,縣立陽明國中,八年1班
s112074505034,CO01,2024,74505,縣立陽明國中,八年1班
s112074505035,CO01,2024,74505,縣立陽明國中,八年1班
s112074505036,CO01,2024,74505,縣立陽明國中,八年1班
s112074505037,CO01,2024,74505,縣立陽明國中,八年1班
s112074505038,CO01,2024,74505,縣立陽明國中,八年1班
s112074505039,CO01,2024,74505,縣立陽明國中,八年1班
s112074505040,CO01,2024,74505,縣立陽明國中,八年1班
s112074505041,CO01,2024,74505,縣立陽明國中,八年1班
s112074505043,CO01,2024,74505,縣立陽明國中,八年1班
s112074505044,CO01,2024,74505,縣立陽明國中,八年1班
s112074505045,CO01,2024,74505,縣立陽明國中,八年1班
s112074505046,CO01,2024,74505,縣立陽明國中,八年1班
s112074505048,CO01,2024,74505,縣立陽明國中,八年1班
s112074505049,CO01,2024,74505,縣立陽明國中,八年1班
s112074505051,CO01,2024,74505,縣立陽明國中,八年1班
s112074505054,CO01,2024,74505,縣立陽明國中,八年7班
s112074505055,CO01,2024,74505,縣立陽明國中,八年7班
s112074505056,CO01,2024,74505,縣立陽明國中,八年7班
s112074505057,CO01,2024,74505,縣立陽明國中,八年7班
s112074505058,CO01,2024,74505,縣立陽明國中,八年7班
s112074505059,CO01,2024,74505,縣立陽明國中,八年7班
s112074505060,CO01,2024,74505,縣立陽明國中,八年7班
s112074505061,CO01,2024,74505,縣立陽明國中,八年7班
s112074505062,CO01,2024,74505,縣立陽明國中,八年7班
s112074505063,CO01,2024,74505,縣立陽明國中,八年7班
s112074505065,CO01,2024,74505,縣立陽明國中,八年7班
s112074505066,CO01,2024,74505,縣立陽明國中,八年7班
s112074505067,CO01,2024,74505,縣立陽明國中,八年7班
s112074505068,CO01,2024,74505,縣立陽明國中,八年7班
s112074505069,CO01,2024,74505,縣立陽明國中,八年7班
s112074505071,CO01,2024,74505,縣立陽明國中,八年7班
s112074505072,CO01,2024,74505,縣立陽明國中,八年7班
s112074505073,CO01,2024,74505,縣立陽明國中,八年7班
s112074505074,CO01,2024,74505,縣立陽明國中,八年7班
s112074505075,CO01,2024,74505,縣立陽明國中,八年7班
s112074505076,CO01,2024,74505,縣立陽明國中,八年7班
s112074505077,CO01,2024,74505,縣立陽明國中,八年7班
s112074505078,CO01,2024,74505,縣立陽明國中,八年7班
s112074505079,CO01,2024,74505,縣立陽明國中,八年7班
s112074505080,CO01,2024,74505,縣立陽明國中,八年7班
s112074505081,CO01,2024,74505,縣立陽明國中,八年7班
s112074510024,CO01,2024,74510,縣立員林國中,801.0
s112074510025,CO01,2024,74510,縣立員林國中,801.0
s112074510026,CO01,2024,74510,縣立員林國中,801.0
s112074510027,CO01,2024,74510,縣立員林國中,801.0
s112074510028,CO01,2024,74510,縣立員林國中,801.0
s112074510029,CO01,2024,74510,縣立員林國中,801.0
s112074510030,CO01,2024,74510,縣立員林國中,801.0
s112074510031,CO01,2024,74510,縣立員林國中,801.0
s112074510032,CO01,2024,74510,縣立員林國中,801.0
s112074510034,CO01,2024,74510,縣立員林國中,801.0
s112074510035,CO01,2024,74510,縣立員林國中,801.0
s112074510036,CO01,2024,74510,縣立員林國中,801.0
s112074510037,CO01,2024,74510,縣立員林國中,801.0
s112074510040,CO01,2024,74510,縣立員林國中,801.0
s112074510041,CO01,2024,74510,縣立員林國中,801.0
s112074510042,CO01,2024,74510,縣立員林國中,801.0
s112074510043,CO01,2024,74510,縣立員林國中,801.0
s112074510044,CO01,2024,74510,縣立員林國中,801.0
s112074510045,CO01,2024,74510,縣立員林國中,801.0
s112074510046,CO01,2024,74510,縣立員林國中,801.0
s112074510047,CO01,2024,74510,縣立員林國中,801.0
s112074510048,CO01,2024,74510,縣立員林國中,801.0
s112074510049,CO01,2024,74510,縣立員林國中,801.0
s112074510050,CO01,2024,74510,縣立員林國中,801.0
s112074510053,CO01,2024,74510,縣立員林國中,807.0
s112074510054,CO01,2024,74510,縣立員林國中,807.0
s112074510055,CO01,2024,74510,縣立員林國中,807.0
s112074510056,CO01,2024,74510,縣立員林國中,807.0
s112074510057,CO01,2024,74510,縣立員林國中,807.0
s112074510058,CO01,2024,74510,縣立員林國中,807.0
s112074510059,CO01,2024,74510,縣立員林國中,807.0
s112074510060,CO01,2024,74510,縣立員林國中,807.0
s112074510061,CO01,2024,74510,縣立員林國中,807.0
s112074510062,CO01,2024,74510,縣立員林國中,807.0
s112074510063,CO01,2024,74510,縣立員林國中,807.0
s112074510064,CO01,2024,74510,縣立員林國中,807.0
s112074510065,CO01,2024,74510,縣立員林國中,807.0
s112074510066,CO01,2024,74510,縣立員林國中,807.0
s112074510067,CO01,2024,74510,縣立員林國中,807.0
s112074510068,CO01,2024,74510,縣立員林國中,807.0
s112074510069,CO01,2024,74510,縣立員林國中,807.0
s112074510070,CO01,2024,74510,縣立員林國中,807.0
s112074510071,CO01,2024,74510,縣立員林國中,807.0
s112074510073,CO01,2024,74510,縣立員林國中,807.0
s112074510074,CO01,2024,74510,縣立員林國中,807.0
s112074510075,CO01,2024,74510,縣立員林國中,807.0
s112074510076,CO01,2024,74510,縣立員林國中,807.0
s112074510077,CO01,2024,74510,縣立員林國中,807.0
s112074510078,CO01,2024,74510,縣立員林國中,807.0
s112074510079,CO01,2024,74510,縣立員林國中,807.0
s112074510080,CO01,2024,74510,縣立員林國中,807.0
s112074511024,CO01,2024,74511,縣立明倫國中,八年一班
s112074511025,CO01,2024,74511,縣立明倫國中,八年一班
s112074511026,CO01,2024,74511,縣立明倫國中,八年一班
s112074511027,CO01,2024,74511,縣立明倫國中,八年一班
s112074511028,CO01,2024,74511,縣立明倫國中,八年一班
s112074511029,CO01,2024,74511,縣立明倫國中,八年一班
s112074511030,CO01,2024,74511,縣立明倫國中,八年一班
s112074511031,CO01,2024,74511,縣立明倫國中,八年一班
s112074511033,CO01,2024,74511,縣立明倫國中,八年一班
s112074511034,CO01,2024,74511,縣立明倫國中,八年一班
s112074511035,CO01,2024,74511,縣立明倫國中,八年一班
s112074511036,CO01,2024,74511,縣立明倫國中,八年一班
s112074511037,CO01,2024,74511,縣立明倫國中,八年一班
s112074511038,CO01,2024,74511,縣立明倫國中,八年一班
s112074511040,CO01,2024,74511,縣立明倫國中,八年一班
s112074511041,CO01,2024,74511,縣立明倫國中,八年一班
s112074511042,CO01,2024,74511,縣立明倫國中,八年一班
s112074511043,CO01,2024,74511,縣立明倫國中,八年一班
s112074511044,CO01,2024,74511,縣立明倫國中,八年一班
s112074511046,CO01,2024,74511,縣立明倫國中,八年一班
s112074511047,CO01,2024,74511,縣立明倫國中,八年一班
s112074511048,CO01,2024,74511,縣立明倫國中,八年一班
s112074511049,CO01,2024,74511,縣立明倫國中,八年一班
s112074511050,CO01,2024,74511,縣立明倫國中,八年一班
s112074511051,CO01,2024,74511,縣立明倫國中,八年一班
s112074511054,CO01,2024,74511,縣立明倫國中,八年四班
s112074511055,CO01,2024,74511,縣立明倫國中,八年四班
s112074511057,CO01,2024,74511,縣立明倫國中,八年四班
s112074511058,CO01,2024,74511,縣立明倫國中,八年四班
s112074511059,CO01,2024,74511,縣立明倫國中,八年四班
s112074511060,CO01,2024,74511,縣立明倫國中,八年四班
s112074511061,CO01,2024,74511,縣立明倫國中,八年四班
s112074511062,CO01,2024,74511,縣立明倫國中,八年四班
s112074511063,CO01,2024,74511,縣立明倫國中,八年四班
s112074511064,CO01,2024,74511,縣立明倫國中,八年四班
s112074511065,CO01,2024,74511,縣立明倫國中,八年四班
s112074511066,CO01,2024,74511,縣立明倫國中,八年四班
s112074511067,CO01,2024,74511,縣立明倫國中,八年四班
s112074511068,CO01,2024,74511,縣立明倫國中,八年四班
s112074511069,CO01,2024,74511,縣立明倫國中,八年四班
s112074511070,CO01,2024,74511,縣立明倫國中,八年四班
s112074511071,CO01,2024,74511,縣立明倫國中,八年四班
s112074511072,CO01,2024,74511,縣立明倫國中,八年四班
s112074511073,CO01,2024,74511,縣立明倫國中,八年四班
s112074511074,CO01,2024,74511,縣立明倫國中,八年四班
s112074511076,CO01,2024,74511,縣立明倫國中,八年四班
s112074511078,CO01,2024,74511,縣立明倫國中,八年四班
s112074511080,CO01,2024,74511,縣立明倫國中,八年四班
s112074511082,CO01,2024,74511,縣立明倫國中,八年四班
s112074518024,CO01,2024,74518,縣立溪湖國中,806.0
s112074518025,CO01,2024,74518,縣立溪湖國中,806.0
s112074518026,CO01,2024,74518,縣立溪湖國中,806.0
s112074518027,CO01,2024,74518,縣立溪湖國中,806.0
s112074518029,CO01,2024,74518,縣立溪湖國中,806.0
s112074518030,CO01,2024,74518,縣立溪湖國中,806.0
s112074518031,CO01,2024,74518,縣立溪湖國中,806.0
s112074518032,CO01,2024,74518,縣立溪湖國中,806.0
s112074518033,CO01,2024,74518,縣立溪湖國中,806.0
s112074518034,CO01,2024,74518,縣立溪湖國中,806.0
s112074518035,CO01,2024,74518,縣立溪湖國中,806.0
s112074518037,CO01,2024,74518,縣立溪湖國中,806.0
s112074518038,CO01,2024,74518,縣立溪湖國中,806.0
s112074518039,CO01,2024,74518,縣立溪湖國中,806.0
s112074518040,CO01,2024,74518,縣立溪湖國中,806.0
s112074518041,CO01,2024,74518,縣立溪湖國中,806.0
s112074518042,CO01,2024,74518,縣立溪湖國中,806.0
s112074518043,CO01,2024,74518,縣立溪湖國中,806.0
s112074518044,CO01,2024,74518,縣立溪湖國中,806.0
s112074518045,CO01,2024,74518,縣立溪湖國中,806.0
s112074518046,CO01,2024,74518,縣立溪湖國中,806.0
s112074518047,CO01,2024,74518,縣立溪湖國中,806.0
s112074518048,CO01,2024,74518,縣立溪湖國中,806.0
s112074518049,CO01,2024,74518,縣立溪湖國中,806.0
s112074518054,CO01,2024,74518,縣立溪湖國中,813.0
s112074518055,CO01,2024,74518,縣立溪湖國中,813.0
s112074518056,CO01,2024,74518,縣立溪湖國中,813.0
s112074518057,CO01,2024,74518,縣立溪湖國中,813.0
s112074518059,CO01,2024,74518,縣立溪湖國中,813.0
s112074518060,CO01,2024,74518,縣立溪湖國中,813.0
s112074518061,CO01,2024,74518,縣立溪湖國中,813.0
s112074518064,CO01,2024,74518,縣立溪湖國中,813.0
s112074518065,CO01,2024,74518,縣立溪湖國中,813.0
s112074518066,CO01,2024,74518,縣立溪湖國中,813.0
s112074518067,CO01,2024,74518,縣立溪湖國中,813.0
s112074518068,CO01,2024,74518,縣立溪湖國中,813.0
s112074518069,CO01,2024,74518,縣立溪湖國中,813.0
s112074518070,CO01,2024,74518,縣立溪湖國中,813.0
s112074518072,CO01,2024,74518,縣立溪湖國中,813.0
s112074518073,CO01,2024,74518,縣立溪湖國中,813.0
s112074518074,CO01,2024,74518,縣立溪湖國中,813.0
s112074518075,CO01,2024,74518,縣立溪湖國中,813.0
s112074518076,CO01,2024,74518,縣立溪湖國中,813.0
s112074534024,CO01,2024,74534,縣立埤頭國中,八年一班
s112074534025,CO01,2024,74534,縣立埤頭國中,八年一班
s112074534026,CO01,2024,74534,縣立埤頭國中,八年一班
s112074534029,CO01,2024,74534,縣立埤頭國中,八年一班
s112074534030,CO01,2024,74534,縣立埤頭國中,八年一班
s112074534033,CO01,2024,74534,縣立埤頭國中,八年一班
s112074534034,CO01,2024,74534,縣立埤頭國中,八年一班
s112074534035,CO01,2024,74534,縣立埤頭國中,八年一班
s112074534036,CO01,2024,74534,縣立埤頭國中,八年一班
s112074534037,CO01,2024,74534,縣立埤頭國中,八年一班
s112074534040,CO01,2024,74534,縣立埤頭國中,八年一班
s112074534041,CO01,2024,74534,縣立埤頭國中,八年一班
s112074534042,CO01,2024,74534,縣立埤頭國中,八年一班
s112074534043,CO01,2024,74534,縣立埤頭國中,八年一班
s112074534044,CO01,2024,74534,縣立埤頭國中,八年一班
s112074534045,CO01,2024,74534,縣立埤頭國中,八年一班
s112074534046,CO01,2024,74534,縣立埤頭國中,八年一班
s112074534047,CO01,2024,74534,縣立埤頭國中,八年一班
s112074534050,CO01,2024,74534,縣立埤頭國中,八年三班
s112074534051,CO01,2024,74534,縣立埤頭國中,八年三班
s112074534053,CO01,2024,74534,縣立埤頭國中,八年三班
s112074534054,CO01,2024,74534,縣立埤頭國中,八年三班
s112074534055,CO01,2024,74534,縣立埤頭國中,八年三班
s112074534056,CO01,2024,74534,縣立埤頭國中,八年三班
s112074534057,CO01,2024,74534,縣立埤頭國中,八年三班
s112074534058,CO01,2024,74534,縣立埤頭國中,八年三班
s112074534059,CO01,2024,74534,縣立埤頭國中,八年三班
s112074534060,CO01,2024,74534,縣立埤頭國中,八年三班
s112074534061,CO01,2024,74534,縣立埤頭國中,八年三班
s112074534062,CO01,2024,74534,縣立埤頭國中,八年三班
s112074534063,CO01,2024,74534,縣立埤頭國中,八年三班
s112074534064,CO01,2024,74534,縣立埤頭國中,八年三班
s112074534065,CO01,2024,74534,縣立埤頭國中,八年三班
s112074534066,CO01,2024,74534,縣立埤頭國中,八年三班
s112074534067,CO01,2024,74534,縣立埤頭國中,八年三班
s112074534068,CO01,2024,74534,縣立埤頭國中,八年三班
s112074534069,CO01,2024,74534,縣立埤頭國中,八年三班
s112074534070,CO01,2024,74534,縣立埤頭國中,八年三班
s112074534071,CO01,2024,74534,縣立埤頭國中,八年三班
s112074534072,CO01,2024,74534,縣立埤頭國中,八年三班
s112074536024,CO01,2024,74536,縣立大同國中,805.0
s112074536026,CO01,2024,74536,縣立大同國中,805.0
s112074536027,CO01,2024,74536,縣立大同國中,805.0
s112074536028,CO01,2024,74536,縣立大同國中,805.0
s112074536029,CO01,2024,74536,縣立大同國中,805.0
s112074536030,CO01,2024,74536,縣立大同國中,805.0
s112074536031,CO01,2024,74536,縣立大同國中,805.0
s112074536032,CO01,2024,74536,縣立大同國中,805.0
s112074536033,CO01,2024,74536,縣立大同國中,805.0
s112074536034,CO01,2024,74536,縣立大同國中,805.0
s112074536035,CO01,2024,74536,縣立大同國中,805.0
s112074536036,CO01,2024,74536,縣立大同國中,805.0
s112074536037,CO01,2024,74536,縣立大同國中,805.0
s112074536038,CO01,2024,74536,縣立大同國中,805.0
s112074536039,CO01,2024,74536,縣立大同國中,805.0
s112074536040,CO01,2024,74536,縣立大同國中,805.0
s112074536041,CO01,2024,74536,縣立大同國中,805.0
s112074536042,CO01,2024,74536,縣立大同國中,805.0
s112074536043,CO01,2024,74536,縣立大同國中,805.0
s112074536044,CO01,2024,74536,縣立大同國中,805.0
s112074536046,CO01,2024,74536,縣立大同國中,805.0
s112074536047,CO01,2024,74536,縣立大同國中,805.0
s112074536048,CO01,2024,74536,縣立大同國中,805.0
s112074536049,CO01,2024,74536,縣立大同國中,805.0
s112074536053,CO01,2024,74536,縣立大同國中,815.0
s112074536054,CO01,2024,74536,縣立大同國中,815.0
s112074536055,CO01,2024,74536,縣立大同國中,815.0
s112074536057,CO01,2024,74536,縣立大同國中,815.0
s112074536058,CO01,2024,74536,縣立大同國中,815.0
s112074536059,CO01,2024,74536,縣立大同國中,815.0
s112074536060,CO01,2024,74536,縣立大同國中,815.0
s112074536061,CO01,2024,74536,縣立大同國中,815.0
s112074536062,CO01,2024,74536,縣立大同國中,815.0
s112074536063,CO01,2024,74536,縣立大同國中,815.0
s112074536065,CO01,2024,74536,縣立大同國中,815.0
s112074536066,CO01,2024,74536,縣立大同國中,815.0
s112074536067,CO01,2024,74536,縣立大同國中,815.0
s112074536069,CO01,2024,74536,縣立大同國中,815.0
s112074536070,CO01,2024,74536,縣立大同國中,815.0
s112074536071,CO01,2024,74536,縣立大同國中,815.0
s112074536072,CO01,2024,74536,縣立大同國中,815.0
s112074536073,CO01,2024,74536,縣立大同國中,815.0
s112074536074,CO01,2024,74536,縣立大同國中,815.0
s112074536075,CO01,2024,74536,縣立大同國中,815.0
s112074536076,CO01,2024,74536,縣立大同國中,815.0
s112074536077,CO01,2024,74536,縣立大同國中,815.0
s112074536078,CO01,2024,74536,縣立大同國中,815.0
s112074538025,CO01,2024,74538,縣立彰興國中,807.0
s112074538026,CO01,2024,74538,縣立彰興國中,807.0
s112074538027,CO01,2024,74538,縣立彰興國中,807.0
s112074538028,CO01,2024,74538,縣立彰興國中,807.0
s112074538029,CO01,2024,74538,縣立彰興國中,807.0
s112074538030,CO01,2024,74538,縣立彰興國中,807.0
s112074538031,CO01,2024,74538,縣立彰興國中,807.0
s112074538032,CO01,2024,74538,縣立彰興國中,807.0
s112074538033,CO01,2024,74538,縣立彰興國中,807.0
s112074538034,CO01,2024,74538,縣立彰興國中,807.0
s112074538035,CO01,2024,74538,縣立彰興國中,807.0
s112074538036,CO01,2024,74538,縣立彰興國中,807.0
s112074538037,CO01,2024,74538,縣立彰興國中,807.0
s112074538038,CO01,2024,74538,縣立彰興國中,807.0
s112074538039,CO01,2024,74538,縣立彰興國中,807.0
s112074538040,CO01,2024,74538,縣立彰興國中,807.0
s112074538041,CO01,2024,74538,縣立彰興國中,807.0
s112074538042,CO01,2024,74538,縣立彰興國中,807.0
s112074538043,CO01,2024,74538,縣立彰興國中,807.0
s112074538044,CO01,2024,74538,縣立彰興國中,807.0
s112074538045,CO01,2024,74538,縣立彰興國中,807.0
s112074538046,CO01,2024,74538,縣立彰興國中,807.0
s112074538047,CO01,2024,74538,縣立彰興國中,807.0
s112074538048,CO01,2024,74538,縣立彰興國中,807.0
s112074538049,CO01,2024,74538,縣立彰興國中,807.0
s112074538050,CO01,2024,74538,縣立彰興國中,807.0
s112074538053,CO01,2024,74538,縣立彰興國中,816.0
s112074538054,CO01,2024,74538,縣立彰興國中,816.0
s112074538055,CO01,2024,74538,縣立彰興國中,816.0
s112074538056,CO01,2024,74538,縣立彰興國中,816.0
s112074538057,CO01,2024,74538,縣立彰興國中,816.0
s112074538059,CO01,2024,74538,縣立彰興國中,816.0
s112074538060,CO01,2024,74538,縣立彰興國中,816.0
s112074538061,CO01,2024,74538,縣立彰興國中,816.0
s112074538065,CO01,2024,74538,縣立彰興國中,816.0
s112074538066,CO01,2024,74538,縣立彰興國中,816.0
s112074538067,CO01,2024,74538,縣立彰興國中,816.0
s112074538068,CO01,2024,74538,縣立彰興國中,816.0
s112074538069,CO01,2024,74538,縣立彰興國中,816.0
s112074538070,CO01,2024,74538,縣立彰興國中,816.0
s112074538071,CO01,2024,74538,縣立彰興國中,816.0
s112074538073,CO01,2024,74538,縣立彰興國中,816.0
s112074538074,CO01,2024,74538,縣立彰興國中,816.0
s112074538075,CO01,2024,74538,縣立彰興國中,816.0
s112074538076,CO01,2024,74538,縣立彰興國中,816.0
s112074538077,CO01,2024,74538,縣立彰興國中,816.0
s112074538078,CO01,2024,74538,縣立彰興國中,816.0
s112074538079,CO01,2024,74538,縣立彰興國中,816.0
s112084503024,CO01,2024,84503,縣立中興國中,8.0
s112084503025,CO01,2024,84503,縣立中興國中,8.0
s112084503026,CO01,2024,84503,縣立中興國中,8.0
s112084503027,CO01,2024,84503,縣立中興國中,8.0
s112084503028,CO01,2024,84503,縣立中興國中,8.0
s112084503029,CO01,2024,84503,縣立中興國中,8.0
s112084503030,CO01,2024,84503,縣立中興國中,8.0
s112084503031,CO01,2024,84503,縣立中興國中,8.0
s112084503032,CO01,2024,84503,縣立中興國中,8.0
s112084503033,CO01,2024,84503,縣立中興國中,8.0
s112084503034,CO01,2024,84503,縣立中興國中,8.0
s112084503035,CO01,2024,84503,縣立中興國中,8.0
s112084503038,CO01,2024,84503,縣立中興國中,8.0
s112084503039,CO01,2024,84503,縣立中興國中,8.0
s112084503040,CO01,2024,84503,縣立中興國中,8.0
s112084503042,CO01,2024,84503,縣立中興國中,8.0
s112084503043,CO01,2024,84503,縣立中興國中,8.0
s112084503044,CO01,2024,84503,縣立中興國中,8.0
s112084503047,CO01,2024,84503,縣立中興國中,8.0
s112084503048,CO01,2024,84503,縣立中興國中,8.0
s112084503049,CO01,2024,84503,縣立中興國中,8.0
s112084503050,CO01,2024,84503,縣立中興國中,8.0
s112084503052,CO01,2024,84503,縣立中興國中,8.0
s112084503053,CO01,2024,84503,縣立中興國中,8.0
s112084503056,CO01,2024,84503,縣立中興國中,8.0
s112084503057,CO01,2024,84503,縣立中興國中,8.0
s112084503058,CO01,2024,84503,縣立中興國中,8.0
s112084503059,CO01,2024,84503,縣立中興國中,8.0
s112084503061,CO01,2024,84503,縣立中興國中,8.0
s112084503062,CO01,2024,84503,縣立中興國中,8.0
s112084503063,CO01,2024,84503,縣立中興國中,8.0
s112084503064,CO01,2024,84503,縣立中興國中,8.0
s112084503065,CO01,2024,84503,縣立中興國中,8.0
s112084503066,CO01,2024,84503,縣立中興國中,8.0
s112084503067,CO01,2024,84503,縣立中興國中,8.0
s112084503068,CO01,2024,84503,縣立中興國中,8.0
s112084503070,CO01,2024,84503,縣立中興國中,8.0
s112084503071,CO01,2024,84503,縣立中興國中,8.0
s112084503072,CO01,2024,84503,縣立中興國中,8.0
s112084503073,CO01,2024,84503,縣立中興國中,8.0
s112084503074,CO01,2024,84503,縣立中興國中,8.0
s112084503076,CO01,2024,84503,縣立中興國中,8.0
s112084503077,CO01,2024,84503,縣立中興國中,8.0
s112084503078,CO01,2024,84503,縣立中興國中,8.0
s112084503079,CO01,2024,84503,縣立中興國中,8.0
s112084503080,CO01,2024,84503,縣立中興國中,8.0
s112084503081,CO01,2024,84503,縣立中興國中,8.0
s112084503082,CO01,2024,84503,縣立中興國中,8.0
s112084503083,CO01,2024,84503,縣立中興國中,8.0
s112084503084,CO01,2024,84503,縣立中興國中,8.0
s112084503085,CO01,2024,84503,縣立中興國中,8.0
s112084507024,CO01,2024,84507,縣立宏仁國中,803.0
s112084507025,CO01,2024,84507,縣立宏仁國中,803.0
s112084507026,CO01,2024,84507,縣立宏仁國中,803.0
s112084507027,CO01,2024,84507,縣立宏仁國中,803.0
s112084507028,CO01,2024,84507,縣立宏仁國中,803.0
s112084507029,CO01,2024,84507,縣立宏仁國中,803.0
s112084507030,CO01,2024,84507,縣立宏仁國中,803.0
s112084507031,CO01,2024,84507,縣立宏仁國中,803.0
s112084507032,CO01,2024,84507,縣立宏仁國中,803.0
s112084507033,CO01,2024,84507,縣立宏仁國中,803.0
s112084507034,CO01,2024,84507,縣立宏仁國中,803.0
s112084507035,CO01,2024,84507,縣立宏仁國中,803.0
s112084507036,CO01,2024,84507,縣立宏仁國中,803.0
s112084507037,CO01,2024,84507,縣立宏仁國中,803.0
s112084507039,CO01,2024,84507,縣立宏仁國中,803.0
s112084507040,CO01,2024,84507,縣立宏仁國中,803.0
s112084507041,CO01,2024,84507,縣立宏仁國中,803.0
s112084507042,CO01,2024,84507,縣立宏仁國中,803.0
s112084507043,CO01,2024,84507,縣立宏仁國中,803.0
s112084507044,CO01,2024,84507,縣立宏仁國中,803.0
s112084507045,CO01,2024,84507,縣立宏仁國中,803.0
s112084507046,CO01,2024,84507,縣立宏仁國中,803.0
s112084507047,CO01,2024,84507,縣立宏仁國中,803.0
s112084507051,CO01,2024,84507,縣立宏仁國中,808.0
s112084507052,CO01,2024,84507,縣立宏仁國中,808.0
s112084507053,CO01,2024,84507,縣立宏仁國中,808.0
s112084507055,CO01,2024,84507,縣立宏仁國中,808.0
s112084507056,CO01,2024,84507,縣立宏仁國中,808.0
s112084507058,CO01,2024,84507,縣立宏仁國中,808.0
s112084507059,CO01,2024,84507,縣立宏仁國中,808.0
s112084507060,CO01,2024,84507,縣立宏仁國中,808.0
s112084507061,CO01,2024,84507,縣立宏仁國中,808.0
s112084507062,CO01,2024,84507,縣立宏仁國中,808.0
s112084507063,CO01,2024,84507,縣立宏仁國中,808.0
s112084507064,CO01,2024,84507,縣立宏仁國中,808.0
s112084507065,CO01,2024,84507,縣立宏仁國中,808.0
s112084507066,CO01,2024,84507,縣立宏仁國中,808.0
s112084507067,CO01,2024,84507,縣立宏仁國中,808.0
s112084507068,CO01,2024,84507,縣立宏仁國中,808.0
s112084507069,CO01,2024,84507,縣立宏仁國中,808.0
s112084507070,CO01,2024,84507,縣立宏仁國中,808.0
s112084507071,CO01,2024,84507,縣立宏仁國中,808.0
s112084507072,CO01,2024,84507,縣立宏仁國中,808.0
s112084507073,CO01,2024,84507,縣立宏仁國中,808.0
s112084507074,CO01,2024,84507,縣立宏仁國中,808.0
s112084507075,CO01,2024,84507,縣立宏仁國中,808.0
s112084507076,CO01,2024,84507,縣立宏仁國中,808.0
s112084507077,CO01,2024,84507,縣立宏仁國中,808.0
s112084507078,CO01,2024,84507,縣立宏仁國中,808.0
s112084507079,CO01,2024,84507,縣立宏仁國中,808.0
s112084516024,CO01,2024,84516,縣立名間國中,801.0
s112084516025,CO01,2024,84516,縣立名間國中,801.0
s112084516027,CO01,2024,84516,縣立名間國中,801.0
s112084516028,CO01,2024,84516,縣立名間國中,801.0
s112084516029,CO01,2024,84516,縣立名間國中,801.0
s112084516030,CO01,2024,84516,縣立名間國中,801.0
s112084516031,CO01,2024,84516,縣立名間國中,801.0
s112084516033,CO01,2024,84516,縣立名間國中,801.0
s112084516034,CO01,2024,84516,縣立名間國中,801.0
s112084516035,CO01,2024,84516,縣立名間國中,801.0
s112084516036,CO01,2024,84516,縣立名間國中,801.0
s112084516038,CO01,2024,84516,縣立名間國中,801.0
s112084516039,CO01,2024,84516,縣立名間國中,801.0
s112084516040,CO01,2024,84516,縣立名間國中,801.0
s112084516041,CO01,2024,84516,縣立名間國中,801.0
s112084516042,CO01,2024,84516,縣立名間國中,801.0
s112084516043,CO01,2024,84516,縣立名間國中,801.0
s112084516044,CO01,2024,84516,縣立名間國中,801.0
s112084516046,CO01,2024,84516,縣立名間國中,801.0
s112084516047,CO01,2024,84516,縣立名間國中,801.0
s112084516050,CO01,2024,84516,縣立名間國中,803.0
s112084516051,CO01,2024,84516,縣立名間國中,803.0
s112084516052,CO01,2024,84516,縣立名間國中,803.0
s112084516053,CO01,2024,84516,縣立名間國中,803.0
s112084516054,CO01,2024,84516,縣立名間國中,803.0
s112084516055,CO01,2024,84516,縣立名間國中,803.0
s112084516056,CO01,2024,84516,縣立名間國中,803.0
s112084516057,CO01,2024,84516,縣立名間國中,803.0
s112084516058,CO01,2024,84516,縣立名間國中,803.0
s112084516059,CO01,2024,84516,縣立名間國中,803.0
s112084516060,CO01,2024,84516,縣立名間國中,803.0
s112084516061,CO01,2024,84516,縣立名間國中,803.0
s112084516062,CO01,2024,84516,縣立名間國中,803.0
s112084516063,CO01,2024,84516,縣立名間國中,803.0
s112084516064,CO01,2024,84516,縣立名間國中,803.0
s112084516065,CO01,2024,84516,縣立名間國中,803.0
s112084516066,CO01,2024,84516,縣立名間國中,803.0
s112084516067,CO01,2024,84516,縣立名間國中,803.0
s112084516068,CO01,2024,84516,縣立名間國中,803.0
s112084516069,CO01,2024,84516,縣立名間國中,803.0
s112084516070,CO01,2024,84516,縣立名間國中,803.0
s112084516071,CO01,2024,84516,縣立名間國中,803.0
s112084516072,CO01,2024,84516,縣立名間國中,803.0
s112084516073,CO01,2024,84516,縣立名間國中,803.0
s112084516074,CO01,2024,84516,縣立名間國中,803.0
s112084523023,CO01,2024,84523,縣立明潭國中,八年忠班
s112084523024,CO01,2024,84523,縣立明潭國中,八年忠班
s112084523025,CO01,2024,84523,縣立明潭國中,八年忠班
s112084523026,CO01,2024,84523,縣立明潭國中,八年忠班
s112084523028,CO01,2024,84523,縣立明潭國中,八年忠班
s112084523029,CO01,2024,84523,縣立明潭國中,八年忠班
s112084530024,CO01,2024,84530,縣立同富國中,八年忠班
s112084530026,CO01,2024,84530,縣立同富國中,八年忠班
s112084530028,CO01,2024,84530,縣立同富國中,八年忠班
s112084530029,CO01,2024,84530,縣立同富國中,八年忠班
s112084530031,CO01,2024,84530,縣立同富國中,八年忠班
s112084530032,CO01,2024,84530,縣立同富國中,八年忠班
s112084530034,CO01,2024,84530,縣立同富國中,八年忠班
s112084530035,CO01,2024,84530,縣立同富國中,八年忠班
s112084530036,CO01,2024,84530,縣立同富國中,八年忠班
s112084530038,CO01,2024,84530,縣立同富國中,八年忠班
s112084530039,CO01,2024,84530,縣立同富國中,八年忠班
s112084530040,CO01,2024,84530,縣立同富國中,八年忠班
s112084530041,CO01,2024,84530,縣立同富國中,八年忠班
s112084530045,CO01,2024,84530,縣立同富國中,八年孝班
s112084530049,CO01,2024,84530,縣立同富國中,八年孝班
s112084530050,CO01,2024,84530,縣立同富國中,八年孝班
s112084530051,CO01,2024,84530,縣立同富國中,八年孝班
s112084530054,CO01,2024,84530,縣立同富國中,八年孝班
s112084530055,CO01,2024,84530,縣立同富國中,八年孝班
s112084530057,CO01,2024,84530,縣立同富國中,八年孝班
s112084530058,CO01,2024,84530,縣立同富國中,八年孝班
s112084530059,CO01,2024,84530,縣立同富國中,八年孝班
s112084530061,CO01,2024,84530,縣立同富國中,八年孝班
s112084530062,CO01,2024,84530,縣立同富國中,八年孝班
s112091503025,CO01,2024,91503,私立東南國中(代用),803.0
s112091503026,CO01,2024,91503,私立東南國中(代用),803.0
s112091503027,CO01,2024,91503,私立東南國中(代用),803.0
s112091503028,CO01,2024,91503,私立東南國中(代用),803.0
s112091503029,CO01,2024,91503,私立東南國中(代用),803.0
s112091503030,CO01,2024,91503,私立東南國中(代用),803.0
s112091503032,CO01,2024,91503,私立東南國中(代用),803.0
s112091503033,CO01,2024,91503,私立東南國中(代用),803.0
s112091503034,CO01,2024,91503,私立東南國中(代用),803.0
s112091503035,CO01,2024,91503,私立東南國中(代用),803.0
s112091503036,CO01,2024,91503,私立東南國中(代用),803.0
s112091503037,CO01,2024,91503,私立東南國中(代用),803.0
s112091503039,CO01,2024,91503,私立東南國中(代用),803.0
s112091503040,CO01,2024,91503,私立東南國中(代用),803.0
s112091503041,CO01,2024,91503,私立東南國中(代用),803.0
s112091503042,CO01,2024,91503,私立東南國中(代用),803.0
s112091503043,CO01,2024,91503,私立東南國中(代用),803.0
s112091503044,CO01,2024,91503,私立東南國中(代用),803.0
s112091503045,CO01,2024,91503,私立東南國中(代用),803.0
s112091503047,CO01,2024,91503,私立東南國中(代用),803.0
s112091503048,CO01,2024,91503,私立東南國中(代用),803.0
s112091503049,CO01,2024,91503,私立東南國中(代用),803.0
s112091503052,CO01,2024,91503,私立東南國中(代用),810.0
s112091503054,CO01,2024,91503,私立東南國中(代用),810.0
s112091503055,CO01,2024,91503,私立東南國中(代用),810.0
s112091503056,CO01,2024,91503,私立東南國中(代用),810.0
s112091503057,CO01,2024,91503,私立東南國中(代用),810.0
s112091503058,CO01,2024,91503,私立東南國中(代用),810.0
s112091503059,CO01,2024,91503,私立東南國中(代用),810.0
s112091503060,CO01,2024,91503,私立東南國中(代用),810.0
s112091503061,CO01,2024,91503,私立東南國中(代用),810.0
s112091503062,CO01,2024,91503,私立東南國中(代用),810.0
s112091503063,CO01,2024,91503,私立東南國中(代用),810.0
s112091503064,CO01,2024,91503,私立東南國中(代用),810.0
s112091503065,CO01,2024,91503,私立東南國中(代用),810.0
s112091503066,CO01,2024,91503,私立東南國中(代用),810.0
s112091503067,CO01,2024,91503,私立東南國中(代用),810.0
s112091503068,CO01,2024,91503,私立東南國中(代用),810.0
s112091503069,CO01,2024,91503,私立東南國中(代用),810.0
s112091503070,CO01,2024,91503,私立東南國中(代用),810.0
s112091503071,CO01,2024,91503,私立東南國中(代用),810.0
s112091503072,CO01,2024,91503,私立東南國中(代用),810.0
s112091503073,CO01,2024,91503,私立東南國中(代用),810.0
s112091503074,CO01,2024,91503,私立東南國中(代用),810.0
s112091503075,CO01,2024,91503,私立東南國中(代用),810.0
s112091503076,CO01,2024,91503,私立東南國中(代用),810.0
s112104319024,CO01,2024,104319,縣立竹崎高中附設國中,803.0
s112104319025,CO01,2024,104319,縣立竹崎高中附設國中,803.0
s112104319026,CO01,2024,104319,縣立竹崎高中附設國中,803.0
s112104319027,CO01,2024,104319,縣立竹崎高中附設國中,803.0
s112104319028,CO01,2024,104319,縣立竹崎高中附設國中,803.0
s112104319029,CO01,2024,104319,縣立竹崎高中附設國中,803.0
s112104319030,CO01,2024,104319,縣立竹崎高中附設國中,803.0
s112104319031,CO01,2024,104319,縣立竹崎高中附設國中,803.0
s112104319032,CO01,2024,104319,縣立竹崎高中附設國中,803.0
s112104319033,CO01,2024,104319,縣立竹崎高中附設國中,803.0
s112104319035,CO01,2024,104319,縣立竹崎高中附設國中,803.0
s112104319036,CO01,2024,104319,縣立竹崎高中附設國中,803.0
s112104319037,CO01,2024,104319,縣立竹崎高中附設國中,803.0
s112104319038,CO01,2024,104319,縣立竹崎高中附設國中,803.0
s112104319039,CO01,2024,104319,縣立竹崎高中附設國中,803.0
s112104319040,CO01,2024,104319,縣立竹崎高中附設國中,803.0
s112104319041,CO01,2024,104319,縣立竹崎高中附設國中,803.0
s112104319042,CO01,2024,104319,縣立竹崎高中附設國中,803.0
s112104319043,CO01,2024,104319,縣立竹崎高中附設國中,803.0
s112104319044,CO01,2024,104319,縣立竹崎高中附設國中,803.0
s112104319045,CO01,2024,104319,縣立竹崎高中附設國中,803.0
s112104319047,CO01,2024,104319,縣立竹崎高中附設國中,803.0
s112104319048,CO01,2024,104319,縣立竹崎高中附設國中,803.0
s112104319049,CO01,2024,104319,縣立竹崎高中附設國中,803.0
s112104319050,CO01,2024,104319,縣立竹崎高中附設國中,803.0
s112104319053,CO01,2024,104319,縣立竹崎高中附設國中,806.0
s112104319055,CO01,2024,104319,縣立竹崎高中附設國中,806.0
s112104319056,CO01,2024,104319,縣立竹崎高中附設國中,806.0
s112104319057,CO01,2024,104319,縣立竹崎高中附設國中,806.0
s112104319058,CO01,2024,104319,縣立竹崎高中附設國中,806.0
s112104319059,CO01,2024,104319,縣立竹崎高中附設國中,806.0
s112104319061,CO01,2024,104319,縣立竹崎高中附設國中,806.0
s112104319063,CO01,2024,104319,縣立竹崎高中附設國中,806.0
s112104319064,CO01,2024,104319,縣立竹崎高中附設國中,806.0
s112104319065,CO01,2024,104319,縣立竹崎高中附設國中,806.0
s112104319066,CO01,2024,104319,縣立竹崎高中附設國中,806.0
s112104319067,CO01,2024,104319,縣立竹崎高中附設國中,806.0
s112104319068,CO01,2024,104319,縣立竹崎高中附設國中,806.0
s112104319069,CO01,2024,104319,縣立竹崎高中附設國中,806.0
s112104319070,CO01,2024,104319,縣立竹崎高中附設國中,806.0
s112104319071,CO01,2024,104319,縣立竹崎高中附設國中,806.0
s112104319072,CO01,2024,104319,縣立竹崎高中附設國中,806.0
s112104319073,CO01,2024,104319,縣立竹崎高中附設國中,806.0
s112104319074,CO01,2024,104319,縣立竹崎高中附設國中,806.0
s112104319076,CO01,2024,104319,縣立竹崎高中附設國中,806.0
s112104326025,CO01,2024,104326,縣立永慶高中附設國中,802.0
s112104326026,CO01,2024,104326,縣立永慶高中附設國中,802.0
s112104326027,CO01,2024,104326,縣立永慶高中附設國中,802.0
s112104326028,CO01,2024,104326,縣立永慶高中附設國中,802.0
s112104326029,CO01,2024,104326,縣立永慶高中附設國中,802.0
s112104326031,CO01,2024,104326,縣立永慶高中附設國中,802.0
s112104326032,CO01,2024,104326,縣立永慶高中附設國中,802.0
s112104326033,CO01,2024,104326,縣立永慶高中附設國中,802.0
s112104326034,CO01,2024,104326,縣立永慶高中附設國中,802.0
s112104326035,CO01,2024,104326,縣立永慶高中附設國中,802.0
s112104326036,CO01,2024,104326,縣立永慶高中附設國中,802.0
s112104326037,CO01,2024,104326,縣立永慶高中附設國中,802.0
s112104326038,CO01,2024,104326,縣立永慶高中附設國中,802.0
s112104326039,CO01,2024,104326,縣立永慶高中附設國中,802.0
s112104326040,CO01,2024,104326,縣立永慶高中附設國中,802.0
s112104326041,CO01,2024,104326,縣立永慶高中附設國中,802.0
s112104326042,CO01,2024,104326,縣立永慶高中附設國中,802.0
s112104326043,CO01,2024,104326,縣立永慶高中附設國中,802.0
s112104326044,CO01,2024,104326,縣立永慶高中附設國中,802.0
s112104326045,CO01,2024,104326,縣立永慶高中附設國中,802.0
s112104326047,CO01,2024,104326,縣立永慶高中附設國中,802.0
s112104326048,CO01,2024,104326,縣立永慶高中附設國中,802.0
s112104326049,CO01,2024,104326,縣立永慶高中附設國中,802.0
s112104326050,CO01,2024,104326,縣立永慶高中附設國中,802.0
s112104326051,CO01,2024,104326,縣立永慶高中附設國中,802.0
s112104326055,CO01,2024,104326,縣立永慶高中附設國中,805.0
s112104326058,CO01,2024,104326,縣立永慶高中附設國中,805.0
s112104326059,CO01,2024,104326,縣立永慶高中附設國中,805.0
s112104326060,CO01,2024,104326,縣立永慶高中附設國中,805.0
s112104326062,CO01,2024,104326,縣立永慶高中附設國中,805.0
s112104326063,CO01,2024,104326,縣立永慶高中附設國中,805.0
s112104326064,CO01,2024,104326,縣立永慶高中附設國中,805.0
s112104326065,CO01,2024,104326,縣立永慶高中附設國中,805.0
s112104326066,CO01,2024,104326,縣立永慶高中附設國中,805.0
s112104326067,CO01,2024,104326,縣立永慶高中附設國中,805.0
s112104326068,CO01,2024,104326,縣立永慶高中附設國中,805.0
s112104326069,CO01,2024,104326,縣立永慶高中附設國中,805.0
s112104326070,CO01,2024,104326,縣立永慶高中附設國中,805.0
s112104326071,CO01,2024,104326,縣立永慶高中附設國中,805.0
s112104326072,CO01,2024,104326,縣立永慶高中附設國中,805.0
s112104326073,CO01,2024,104326,縣立永慶高中附設國中,805.0
s112104326074,CO01,2024,104326,縣立永慶高中附設國中,805.0
s112104326075,CO01,2024,104326,縣立永慶高中附設國中,805.0
s112104326076,CO01,2024,104326,縣立永慶高中附設國中,805.0
s112104326077,CO01,2024,104326,縣立永慶高中附設國中,805.0
s112104326078,CO01,2024,104326,縣立永慶高中附設國中,805.0
s112104326080,CO01,2024,104326,縣立永慶高中附設國中,805.0
s112104501024,CO01,2024,104501,縣立朴子國中,203.0
s112104501026,CO01,2024,104501,縣立朴子國中,203.0
s112104501027,CO01,2024,104501,縣立朴子國中,203.0
s112104501028,CO01,2024,104501,縣立朴子國中,203.0
s112104501029,CO01,2024,104501,縣立朴子國中,203.0
s112104501030,CO01,2024,104501,縣立朴子國中,203.0
s112104501031,CO01,2024,104501,縣立朴子國中,203.0
s112104501032,CO01,2024,104501,縣立朴子國中,203.0
s112104501034,CO01,2024,104501,縣立朴子國中,203.0
s112104501036,CO01,2024,104501,縣立朴子國中,203.0
s112104501038,CO01,2024,104501,縣立朴子國中,203.0
s112104501039,CO01,2024,104501,縣立朴子國中,203.0
s112104501040,CO01,2024,104501,縣立朴子國中,203.0
s112104501041,CO01,2024,104501,縣立朴子國中,203.0
s112104501043,CO01,2024,104501,縣立朴子國中,203.0
s112104501045,CO01,2024,104501,縣立朴子國中,203.0
s112104501046,CO01,2024,104501,縣立朴子國中,203.0
s112104501050,CO01,2024,104501,縣立朴子國中,205.0
s112104501052,CO01,2024,104501,縣立朴子國中,205.0
s112104501053,CO01,2024,104501,縣立朴子國中,205.0
s112104501054,CO01,2024,104501,縣立朴子國中,205.0
s112104501055,CO01,2024,104501,縣立朴子國中,205.0
s112104501056,CO01,2024,104501,縣立朴子國中,205.0
s112104501057,CO01,2024,104501,縣立朴子國中,205.0
s112104501058,CO01,2024,104501,縣立朴子國中,205.0
s112104501059,CO01,2024,104501,縣立朴子國中,205.0
s112104501060,CO01,2024,104501,縣立朴子國中,205.0
s112104501062,CO01,2024,104501,縣立朴子國中,205.0
s112104501063,CO01,2024,104501,縣立朴子國中,205.0
s112104501064,CO01,2024,104501,縣立朴子國中,205.0
s112104501065,CO01,2024,104501,縣立朴子國中,205.0
s112104501066,CO01,2024,104501,縣立朴子國中,205.0
s112104501067,CO01,2024,104501,縣立朴子國中,205.0
s112104501068,CO01,2024,104501,縣立朴子國中,205.0
s112104501069,CO01,2024,104501,縣立朴子國中,205.0
s112104501070,CO01,2024,104501,縣立朴子國中,205.0
s112104501071,CO01,2024,104501,縣立朴子國中,205.0
s112104506025,CO01,2024,104506,縣立新港國中,八年01班
s112104506026,CO01,2024,104506,縣立新港國中,八年01班
s112104506027,CO01,2024,104506,縣立新港國中,八年01班
s112104506028,CO01,2024,104506,縣立新港國中,八年01班
s112104506029,CO01,2024,104506,縣立新港國中,八年01班
s112104506030,CO01,2024,104506,縣立新港國中,八年01班
s112104506031,CO01,2024,104506,縣立新港國中,八年01班
s112104506032,CO01,2024,104506,縣立新港國中,八年01班
s112104506033,CO01,2024,104506,縣立新港國中,八年01班
s112104506034,CO01,2024,104506,縣立新港國中,八年01班
s112104506035,CO01,2024,104506,縣立新港國中,八年01班
s112104506036,CO01,2024,104506,縣立新港國中,八年01班
s112104506037,CO01,2024,104506,縣立新港國中,八年01班
s112104506038,CO01,2024,104506,縣立新港國中,八年01班
s112104506039,CO01,2024,104506,縣立新港國中,八年01班
s112104506040,CO01,2024,104506,縣立新港國中,八年01班
s112104506041,CO01,2024,104506,縣立新港國中,八年01班
s112104506042,CO01,2024,104506,縣立新港國中,八年01班
s112104506043,CO01,2024,104506,縣立新港國中,八年01班
s112104506044,CO01,2024,104506,縣立新港國中,八年01班
s112104506045,CO01,2024,104506,縣立新港國中,八年01班
s112104506046,CO01,2024,104506,縣立新港國中,八年01班
s112104506049,CO01,2024,104506,縣立新港國中,八年04班
s112104506050,CO01,2024,104506,縣立新港國中,八年04班
s112104506052,CO01,2024,104506,縣立新港國中,八年04班
s112104506053,CO01,2024,104506,縣立新港國中,八年04班
s112104506054,CO01,2024,104506,縣立新港國中,八年04班
s112104506055,CO01,2024,104506,縣立新港國中,八年04班
s112104506056,CO01,2024,104506,縣立新港國中,八年04班
s112104506057,CO01,2024,104506,縣立新港國中,八年04班
s112104506058,CO01,2024,104506,縣立新港國中,八年04班
s112104506059,CO01,2024,104506,縣立新港國中,八年04班
s112104506060,CO01,2024,104506,縣立新港國中,八年04班
s112104506063,CO01,2024,104506,縣立新港國中,八年04班
s112104506064,CO01,2024,104506,縣立新港國中,八年04班
s112104506065,CO01,2024,104506,縣立新港國中,八年04班
s112104506066,CO01,2024,104506,縣立新港國中,八年04班
s112104506067,CO01,2024,104506,縣立新港國中,八年04班
s112104506068,CO01,2024,104506,縣立新港國中,八年04班
s112104506069,CO01,2024,104506,縣立新港國中,八年04班
s112104506070,CO01,2024,104506,縣立新港國中,八年04班
s112104506071,CO01,2024,104506,縣立新港國中,八年04班
s112104506072,CO01,2024,104506,縣立新港國中,八年04班
s112104506073,CO01,2024,104506,縣立新港國中,八年04班
s112104518025,CO01,2024,104518,縣立中埔國中,801.0
s112104518026,CO01,2024,104518,縣立中埔國中,801.0
s112104518028,CO01,2024,104518,縣立中埔國中,801.0
s112104518030,CO01,2024,104518,縣立中埔國中,801.0
s112104518031,CO01,2024,104518,縣立中埔國中,801.0
s112104518032,CO01,2024,104518,縣立中埔國中,801.0
s112104518033,CO01,2024,104518,縣立中埔國中,801.0
s112104518034,CO01,2024,104518,縣立中埔國中,801.0
s112104518035,CO01,2024,104518,縣立中埔國中,801.0
s112104518037,CO01,2024,104518,縣立中埔國中,801.0
s112104518038,CO01,2024,104518,縣立中埔國中,801.0
s112104518039,CO01,2024,104518,縣立中埔國中,801.0
s112104518040,CO01,2024,104518,縣立中埔國中,801.0
s112104518041,CO01,2024,104518,縣立中埔國中,801.0
s112104518042,CO01,2024,104518,縣立中埔國中,801.0
s112104518043,CO01,2024,104518,縣立中埔國中,801.0
s112104518044,CO01,2024,104518,縣立中埔國中,801.0
s112104518045,CO01,2024,104518,縣立中埔國中,801.0
s112104518048,CO01,2024,104518,縣立中埔國中,803.0
s112104518049,CO01,2024,104518,縣立中埔國中,803.0
s112104518050,CO01,2024,104518,縣立中埔國中,803.0
s112104518053,CO01,2024,104518,縣立中埔國中,803.0
s112104518054,CO01,2024,104518,縣立中埔國中,803.0
s112104518055,CO01,2024,104518,縣立中埔國中,803.0
s112104518057,CO01,2024,104518,縣立中埔國中,803.0
s112104518058,CO01,2024,104518,縣立中埔國中,803.0
s112104518060,CO01,2024,104518,縣立中埔國中,803.0
s112104518061,CO01,2024,104518,縣立中埔國中,803.0
s112104518062,CO01,2024,104518,縣立中埔國中,803.0
s112104518063,CO01,2024,104518,縣立中埔國中,803.0
s112104518064,CO01,2024,104518,縣立中埔國中,803.0
s112104518065,CO01,2024,104518,縣立中埔國中,803.0
s112104518066,CO01,2024,104518,縣立中埔國中,803.0
s112104518067,CO01,2024,104518,縣立中埔國中,803.0
s112104521026,CO01,2024,104521,縣立義竹國中,801.0
s112104521027,CO01,2024,104521,縣立義竹國中,801.0
s112104521034,CO01,2024,104521,縣立義竹國中,801.0
s112104521036,CO01,2024,104521,縣立義竹國中,801.0
s112104521037,CO01,2024,104521,縣立義竹國中,801.0
s112104521039,CO01,2024,104521,縣立義竹國中,801.0
s112104521042,CO01,2024,104521,縣立義竹國中,801.0
s112104521048,CO01,2024,104521,縣立義竹國中,802.0
s112104521049,CO01,2024,104521,縣立義竹國中,802.0
s112104521050,CO01,2024,104521,縣立義竹國中,802.0
s112104521051,CO01,2024,104521,縣立義竹國中,802.0
s112104521053,CO01,2024,104521,縣立義竹國中,802.0
s112104521055,CO01,2024,104521,縣立義竹國中,802.0
s112104521056,CO01,2024,104521,縣立義竹國中,802.0
s112104521057,CO01,2024,104521,縣立義竹國中,802.0
s112104521058,CO01,2024,104521,縣立義竹國中,802.0
s112104521059,CO01,2024,104521,縣立義竹國中,802.0
s112104521060,CO01,2024,104521,縣立義竹國中,802.0
s112104521061,CO01,2024,104521,縣立義竹國中,802.0
s112104521062,CO01,2024,104521,縣立義竹國中,802.0
s112104521064,CO01,2024,104521,縣立義竹國中,802.0
s112104521066,CO01,2024,104521,縣立義竹國中,802.0
s112104521067,CO01,2024,104521,縣立義竹國中,802.0
s112104521068,CO01,2024,104521,縣立義竹國中,802.0
s112104521069,CO01,2024,104521,縣立義竹國中,802.0
s112111321024,CO01,2024,111321,臺南市興國高中附設國中,801.0
s112111321025,CO01,2024,111321,臺南市興國高中附設國中,801.0
s112111321026,CO01,2024,111321,臺南市興國高中附設國中,801.0
s112111321027,CO01,2024,111321,臺南市興國高中附設國中,801.0
s112111321028,CO01,2024,111321,臺南市興國高中附設國中,801.0
s112111321030,CO01,2024,111321,臺南市興國高中附設國中,801.0
s112111321032,CO01,2024,111321,臺南市興國高中附設國中,801.0
s112111321033,CO01,2024,111321,臺南市興國高中附設國中,801.0
s112111321034,CO01,2024,111321,臺南市興國高中附設國中,801.0
s112111321035,CO01,2024,111321,臺南市興國高中附設國中,801.0
s112111321036,CO01,2024,111321,臺南市興國高中附設國中,801.0
s112111321037,CO01,2024,111321,臺南市興國高中附設國中,801.0
s112111321038,CO01,2024,111321,臺南市興國高中附設國中,801.0
s112111321039,CO01,2024,111321,臺南市興國高中附設國中,801.0
s112111321040,CO01,2024,111321,臺南市興國高中附設國中,801.0
s112111321041,CO01,2024,111321,臺南市興國高中附設國中,801.0
s112111321042,CO01,2024,111321,臺南市興國高中附設國中,801.0
s112111321043,CO01,2024,111321,臺南市興國高中附設國中,801.0
s112111321047,CO01,2024,111321,臺南市興國高中附設國中,801.0
s112111321048,CO01,2024,111321,臺南市興國高中附設國中,801.0
s112111321049,CO01,2024,111321,臺南市興國高中附設國中,801.0
s112111321050,CO01,2024,111321,臺南市興國高中附設國中,801.0
s112111321051,CO01,2024,111321,臺南市興國高中附設國中,801.0
s112111321052,CO01,2024,111321,臺南市興國高中附設國中,801.0
s112111321054,CO01,2024,111321,臺南市興國高中附設國中,801.0
s112111321056,CO01,2024,111321,臺南市興國高中附設國中,801.0
s112111321057,CO01,2024,111321,臺南市興國高中附設國中,801.0
s112111321058,CO01,2024,111321,臺南市興國高中附設國中,801.0
s112111321059,CO01,2024,111321,臺南市興國高中附設國中,801.0
s112111321060,CO01,2024,111321,臺南市興國高中附設國中,801.0
s112111321061,CO01,2024,111321,臺南市興國高中附設國中,801.0
s112111321065,CO01,2024,111321,臺南市興國高中附設國中,803.0
s112111321066,CO01,2024,111321,臺南市興國高中附設國中,803.0
s112111321070,CO01,2024,111321,臺南市興國高中附設國中,803.0
s112111321071,CO01,2024,111321,臺南市興國高中附設國中,803.0
s112111321072,CO01,2024,111321,臺南市興國高中附設國中,803.0
s112111321074,CO01,2024,111321,臺南市興國高中附設國中,803.0
s112111321077,CO01,2024,111321,臺南市興國高中附設國中,803.0
s112111321079,CO01,2024,111321,臺南市興國高中附設國中,803.0
s112111321080,CO01,2024,111321,臺南市興國高中附設國中,803.0
s112111321082,CO01,2024,111321,臺南市興國高中附設國中,803.0
s112111321083,CO01,2024,111321,臺南市興國高中附設國中,803.0
s112111321084,CO01,2024,111321,臺南市興國高中附設國中,803.0
s112111321085,CO01,2024,111321,臺南市興國高中附設國中,803.0
s112111321086,CO01,2024,111321,臺南市興國高中附設國中,803.0
s112111321089,CO01,2024,111321,臺南市興國高中附設國中,803.0
s112111321091,CO01,2024,111321,臺南市興國高中附設國中,803.0
s112111321092,CO01,2024,111321,臺南市興國高中附設國中,803.0
s112111321093,CO01,2024,111321,臺南市興國高中附設國中,803.0
s112111321094,CO01,2024,111321,臺南市興國高中附設國中,803.0
s112111321097,CO01,2024,111321,臺南市興國高中附設國中,803.0
s112111321099,CO01,2024,111321,臺南市興國高中附設國中,803.0
s112111321100,CO01,2024,111321,臺南市興國高中附設國中,803.0
s112111323025,CO01,2024,111323,私立黎明高中附設國中,國二仁
s112111323026,CO01,2024,111323,私立黎明高中附設國中,國二仁
s112111323027,CO01,2024,111323,私立黎明高中附設國中,國二仁
s112111323028,CO01,2024,111323,私立黎明高中附設國中,國二仁
s112111323029,CO01,2024,111323,私立黎明高中附設國中,國二仁
s112111323030,CO01,2024,111323,私立黎明高中附設國中,國二仁
s112111323031,CO01,2024,111323,私立黎明高中附設國中,國二仁
s112111323032,CO01,2024,111323,私立黎明高中附設國中,國二仁
s112111323035,CO01,2024,111323,私立黎明高中附設國中,國二仁
s112111323036,CO01,2024,111323,私立黎明高中附設國中,國二仁
s112111323037,CO01,2024,111323,私立黎明高中附設國中,國二仁
s112111323038,CO01,2024,111323,私立黎明高中附設國中,國二仁
s112111323039,CO01,2024,111323,私立黎明高中附設國中,國二仁
s112111323040,CO01,2024,111323,私立黎明高中附設國中,國二仁
s112111323041,CO01,2024,111323,私立黎明高中附設國中,國二仁
s112111323042,CO01,2024,111323,私立黎明高中附設國中,國二仁
s112111323043,CO01,2024,111323,私立黎明高中附設國中,國二仁
s112111323044,CO01,2024,111323,私立黎明高中附設國中,國二仁
s112111323045,CO01,2024,111323,私立黎明高中附設國中,國二仁
s112111323046,CO01,2024,111323,私立黎明高中附設國中,國二仁
s112111323047,CO01,2024,111323,私立黎明高中附設國中,國二仁
s112111323048,CO01,2024,111323,私立黎明高中附設國中,國二仁
s112111323049,CO01,2024,111323,私立黎明高中附設國中,國二仁
s112111323050,CO01,2024,111323,私立黎明高中附設國中,國二仁
s112111323051,CO01,2024,111323,私立黎明高中附設國中,國二仁
s112111323052,CO01,2024,111323,私立黎明高中附設國中,國二仁
s112111323053,CO01,2024,111323,私立黎明高中附設國中,國二仁
s112111323054,CO01,2024,111323,私立黎明高中附設國中,國二仁
s112111323055,CO01,2024,111323,私立黎明高中附設國中,國二仁
s112111323056,CO01,2024,111323,私立黎明高中附設國中,國二仁
s112111323057,CO01,2024,111323,私立黎明高中附設國中,國二仁
s112111323058,CO01,2024,111323,私立黎明高中附設國中,國二仁
s112111323059,CO01,2024,111323,私立黎明高中附設國中,國二仁
s112111323060,CO01,2024,111323,私立黎明高中附設國中,國二仁
s112111323061,CO01,2024,111323,私立黎明高中附設國中,國二仁
s112111323062,CO01,2024,111323,私立黎明高中附設國中,國二仁
s112111323063,CO01,2024,111323,私立黎明高中附設國中,國二仁
s112111323064,CO01,2024,111323,私立黎明高中附設國中,國二仁
s112111323065,CO01,2024,111323,私立黎明高中附設國中,國二仁
s112111323069,CO01,2024,111323,私立黎明高中附設國中,國二和
s112111323070,CO01,2024,111323,私立黎明高中附設國中,國二和
s112111323071,CO01,2024,111323,私立黎明高中附設國中,國二和
s112111323072,CO01,2024,111323,私立黎明高中附設國中,國二和
s112111323073,CO01,2024,111323,私立黎明高中附設國中,國二和
s112111323074,CO01,2024,111323,私立黎明高中附設國中,國二和
s112111323075,CO01,2024,111323,私立黎明高中附設國中,國二和
s112111323077,CO01,2024,111323,私立黎明高中附設國中,國二和
s112111323078,CO01,2024,111323,私立黎明高中附設國中,國二和
s112111323079,CO01,2024,111323,私立黎明高中附設國中,國二和
s112111323080,CO01,2024,111323,私立黎明高中附設國中,國二和
s112111323081,CO01,2024,111323,私立黎明高中附設國中,國二和
s112111323082,CO01,2024,111323,私立黎明高中附設國中,國二和
s112111323083,CO01,2024,111323,私立黎明高中附設國中,國二和
s112111323084,CO01,2024,111323,私立黎明高中附設國中,國二和
s112111323085,CO01,2024,111323,私立黎明高中附設國中,國二和
s112111323086,CO01,2024,111323,私立黎明高中附設國中,國二和
s112111323087,CO01,2024,111323,私立黎明高中附設國中,國二和
s112111323088,CO01,2024,111323,私立黎明高中附設國中,國二和
s112111323089,CO01,2024,111323,私立黎明高中附設國中,國二和
s112111323091,CO01,2024,111323,私立黎明高中附設國中,國二和
s112111323092,CO01,2024,111323,私立黎明高中附設國中,國二和
s112111323093,CO01,2024,111323,私立黎明高中附設國中,國二和
s112111323094,CO01,2024,111323,私立黎明高中附設國中,國二和
s112111323095,CO01,2024,111323,私立黎明高中附設國中,國二和
s112111323096,CO01,2024,111323,私立黎明高中附設國中,國二和
s112111323097,CO01,2024,111323,私立黎明高中附設國中,國二和
s112111323098,CO01,2024,111323,私立黎明高中附設國中,國二和
s112111323100,CO01,2024,111323,私立黎明高中附設國中,國二和
s112111323102,CO01,2024,111323,私立黎明高中附設國中,國二和
s112111323104,CO01,2024,111323,私立黎明高中附設國中,國二和
s112111323105,CO01,2024,111323,私立黎明高中附設國中,國二和
s112111323106,CO01,2024,111323,私立黎明高中附設國中,國二和
s112111323107,CO01,2024,111323,私立黎明高中附設國中,國二和
s112111323108,CO01,2024,111323,私立黎明高中附設國中,國二和
s112114501024,CO01,2024,114501,市立仁德國中,201.0
s112114501025,CO01,2024,114501,市立仁德國中,201.0
s112114501026,CO01,2024,114501,市立仁德國中,201.0
s112114501027,CO01,2024,114501,市立仁德國中,201.0
s112114501028,CO01,2024,114501,市立仁德國中,201.0
s112114501029,CO01,2024,114501,市立仁德國中,201.0
s112114501030,CO01,2024,114501,市立仁德國中,201.0
s112114501031,CO01,2024,114501,市立仁德國中,201.0
s112114501033,CO01,2024,114501,市立仁德國中,201.0
s112114501037,CO01,2024,114501,市立仁德國中,201.0
s112114501038,CO01,2024,114501,市立仁德國中,201.0
s112114501039,CO01,2024,114501,市立仁德國中,201.0
s112114501044,CO01,2024,114501,市立仁德國中,201.0
s112114501045,CO01,2024,114501,市立仁德國中,201.0
s112114501046,CO01,2024,114501,市立仁德國中,201.0
s112114501048,CO01,2024,114501,市立仁德國中,201.0
s112114501050,CO01,2024,114501,市立仁德國中,201.0
s112114501055,CO01,2024,114501,市立仁德國中,204.0
s112114501056,CO01,2024,114501,市立仁德國中,204.0
s112114501057,CO01,2024,114501,市立仁德國中,204.0
s112114501059,CO01,2024,114501,市立仁德國中,204.0
s112114501060,CO01,2024,114501,市立仁德國中,204.0
s112114501063,CO01,2024,114501,市立仁德國中,204.0
s112114501066,CO01,2024,114501,市立仁德國中,204.0
s112114501067,CO01,2024,114501,市立仁德國中,204.0
s112114501069,CO01,2024,114501,市立仁德國中,204.0
s112114501070,CO01,2024,114501,市立仁德國中,204.0
s112114501071,CO01,2024,114501,市立仁德國中,204.0
s112114501072,CO01,2024,114501,市立仁德國中,204.0
s112114501073,CO01,2024,114501,市立仁德國中,204.0
s112114501074,CO01,2024,114501,市立仁德國中,204.0
s112114501076,CO01,2024,114501,市立仁德國中,204.0
s112114501077,CO01,2024,114501,市立仁德國中,204.0
s112114501078,CO01,2024,114501,市立仁德國中,204.0
s112114501079,CO01,2024,114501,市立仁德國中,204.0
s112114503024,CO01,2024,114503,市立歸仁國中,八年5班
s112114503025,CO01,2024,114503,市立歸仁國中,八年5班
s112114503027,CO01,2024,114503,市立歸仁國中,八年5班
s112114503029,CO01,2024,114503,市立歸仁國中,八年5班
s112114503030,CO01,2024,114503,市立歸仁國中,八年5班
s112114503031,CO01,2024,114503,市立歸仁國中,八年5班
s112114503032,CO01,2024,114503,市立歸仁國中,八年5班
s112114503033,CO01,2024,114503,市立歸仁國中,八年5班
s112114503034,CO01,2024,114503,市立歸仁國中,八年5班
s112114503035,CO01,2024,114503,市立歸仁國中,八年5班
s112114503036,CO01,2024,114503,市立歸仁國中,八年5班
s112114503037,CO01,2024,114503,市立歸仁國中,八年5班
s112114503038,CO01,2024,114503,市立歸仁國中,八年5班
s112114503039,CO01,2024,114503,市立歸仁國中,八年5班
s112114503040,CO01,2024,114503,市立歸仁國中,八年5班
s112114503042,CO01,2024,114503,市立歸仁國中,八年5班
s112114503043,CO01,2024,114503,市立歸仁國中,八年5班
s112114503044,CO01,2024,114503,市立歸仁國中,八年5班
s112114503045,CO01,2024,114503,市立歸仁國中,八年5班
s112114503046,CO01,2024,114503,市立歸仁國中,八年5班
s112114503048,CO01,2024,114503,市立歸仁國中,八年5班
s112114503049,CO01,2024,114503,市立歸仁國中,八年5班
s112114503050,CO01,2024,114503,市立歸仁國中,八年5班
s112114503054,CO01,2024,114503,市立歸仁國中,八年10班
s112114503055,CO01,2024,114503,市立歸仁國中,八年10班
s112114503056,CO01,2024,114503,市立歸仁國中,八年10班
s112114503057,CO01,2024,114503,市立歸仁國中,八年10班
s112114503058,CO01,2024,114503,市立歸仁國中,八年10班
s112114503059,CO01,2024,114503,市立歸仁國中,八年10班
s112114503060,CO01,2024,114503,市立歸仁國中,八年10班
s112114503061,CO01,2024,114503,市立歸仁國中,八年10班
s112114503062,CO01,2024,114503,市立歸仁國中,八年10班
s112114503063,CO01,2024,114503,市立歸仁國中,八年10班
s112114503065,CO01,2024,114503,市立歸仁國中,八年10班
s112114503066,CO01,2024,114503,市立歸仁國中,八年10班
s112114503067,CO01,2024,114503,市立歸仁國中,八年10班
s112114503068,CO01,2024,114503,市立歸仁國中,八年10班
s112114503069,CO01,2024,114503,市立歸仁國中,八年10班
s112114503070,CO01,2024,114503,市立歸仁國中,八年10班
s112114503071,CO01,2024,114503,市立歸仁國中,八年10班
s112114503075,CO01,2024,114503,市立歸仁國中,八年10班
s112114503077,CO01,2024,114503,市立歸仁國中,八年10班
s112114503078,CO01,2024,114503,市立歸仁國中,八年10班
s112114503079,CO01,2024,114503,市立歸仁國中,八年10班
s112114503080,CO01,2024,114503,市立歸仁國中,八年10班
s112114503081,CO01,2024,114503,市立歸仁國中,八年10班
s112114503082,CO01,2024,114503,市立歸仁國中,八年10班
s112114510024,CO01,2024,114510,市立善化國中,201.0
s112114510026,CO01,2024,114510,市立善化國中,201.0
s112114510029,CO01,2024,114510,市立善化國中,201.0
s112114510031,CO01,2024,114510,市立善化國中,201.0
s112114510032,CO01,2024,114510,市立善化國中,201.0
s112114510033,CO01,2024,114510,市立善化國中,201.0
s112114510034,CO01,2024,114510,市立善化國中,201.0
s112114510037,CO01,2024,114510,市立善化國中,201.0
s112114510039,CO01,2024,114510,市立善化國中,201.0
s112114510040,CO01,2024,114510,市立善化國中,201.0
s112114510041,CO01,2024,114510,市立善化國中,201.0
s112114510043,CO01,2024,114510,市立善化國中,201.0
s112114510044,CO01,2024,114510,市立善化國中,201.0
s112114510045,CO01,2024,114510,市立善化國中,201.0
s112114510048,CO01,2024,114510,市立善化國中,201.0
s112114510049,CO01,2024,114510,市立善化國中,201.0
s112114510050,CO01,2024,114510,市立善化國中,201.0
s112114510053,CO01,2024,114510,市立善化國中,202.0
s112114510056,CO01,2024,114510,市立善化國中,202.0
s112114510057,CO01,2024,114510,市立善化國中,202.0
s112114510058,CO01,2024,114510,市立善化國中,202.0
s112114510059,CO01,2024,114510,市立善化國中,202.0
s112114510060,CO01,2024,114510,市立善化國中,202.0
s112114510061,CO01,2024,114510,市立善化國中,202.0
s112114510062,CO01,2024,114510,市立善化國中,202.0
s112114510063,CO01,2024,114510,市立善化國中,202.0
s112114510064,CO01,2024,114510,市立善化國中,202.0
s112114510066,CO01,2024,114510,市立善化國中,202.0
s112114510067,CO01,2024,114510,市立善化國中,202.0
s112114510069,CO01,2024,114510,市立善化國中,202.0
s112114510070,CO01,2024,114510,市立善化國中,202.0
s112114510071,CO01,2024,114510,市立善化國中,202.0
s112114510072,CO01,2024,114510,市立善化國中,202.0
s112114510073,CO01,2024,114510,市立善化國中,202.0
s112114510074,CO01,2024,114510,市立善化國中,202.0
s112114510075,CO01,2024,114510,市立善化國中,202.0
s112114523025,CO01,2024,114523,市立佳里國中,8.0
s112114523026,CO01,2024,114523,市立佳里國中,8.0
s112114523027,CO01,2024,114523,市立佳里國中,8.0
s112114523028,CO01,2024,114523,市立佳里國中,8.0
s112114523029,CO01,2024,114523,市立佳里國中,8.0
s112114523030,CO01,2024,114523,市立佳里國中,8.0
s112114523031,CO01,2024,114523,市立佳里國中,8.0
s112114523032,CO01,2024,114523,市立佳里國中,8.0
s112114523034,CO01,2024,114523,市立佳里國中,8.0
s112114523037,CO01,2024,114523,市立佳里國中,8.0
s112114523038,CO01,2024,114523,市立佳里國中,8.0
s112114523039,CO01,2024,114523,市立佳里國中,8.0
s112114523040,CO01,2024,114523,市立佳里國中,8.0
s112114523041,CO01,2024,114523,市立佳里國中,8.0
s112114523042,CO01,2024,114523,市立佳里國中,8.0
s112114523043,CO01,2024,114523,市立佳里國中,8.0
s112114523044,CO01,2024,114523,市立佳里國中,8.0
s112114523045,CO01,2024,114523,市立佳里國中,8.0
s112114523046,CO01,2024,114523,市立佳里國中,8.0
s112114523047,CO01,2024,114523,市立佳里國中,8.0
s112114523048,CO01,2024,114523,市立佳里國中,8.0
s112114523049,CO01,2024,114523,市立佳里國中,8.0
s112114523050,CO01,2024,114523,市立佳里國中,8.0
s112114523058,CO01,2024,114523,市立佳里國中,8.0
s112114523060,CO01,2024,114523,市立佳里國中,8.0
s112114523061,CO01,2024,114523,市立佳里國中,8.0
s112114523062,CO01,2024,114523,市立佳里國中,8.0
s112114523063,CO01,2024,114523,市立佳里國中,8.0
s112114523066,CO01,2024,114523,市立佳里國中,8.0
s112114523069,CO01,2024,114523,市立佳里國中,8.0
s112114523072,CO01,2024,114523,市立佳里國中,8.0
s112114523073,CO01,2024,114523,市立佳里國中,8.0
s112114523076,CO01,2024,114523,市立佳里國中,8.0
s112114523078,CO01,2024,114523,市立佳里國中,8.0
s112114523079,CO01,2024,114523,市立佳里國中,8.0
s112114523080,CO01,2024,114523,市立佳里國中,8.0
s112114523082,CO01,2024,114523,市立佳里國中,8.0
s112114534024,CO01,2024,114534,市立鹽水國中,八年一班
s112114534025,CO01,2024,114534,市立鹽水國中,八年一班
s112114534026,CO01,2024,114534,市立鹽水國中,八年一班
s112114534029,CO01,2024,114534,市立鹽水國中,八年一班
s112114534030,CO01,2024,114534,市立鹽水國中,八年一班
s112114534031,CO01,2024,114534,市立鹽水國中,八年一班
s112114534032,CO01,2024,114534,市立鹽水國中,八年一班
s112114534034,CO01,2024,114534,市立鹽水國中,八年一班
s112114534035,CO01,2024,114534,市立鹽水國中,八年一班
s112114534036,CO01,2024,114534,市立鹽水國中,八年一班
s112114534037,CO01,2024,114534,市立鹽水國中,八年一班
s112114534038,CO01,2024,114534,市立鹽水國中,八年一班
s112114534039,CO01,2024,114534,市立鹽水國中,八年一班
s112114534040,CO01,2024,114534,市立鹽水國中,八年一班
s112114534041,CO01,2024,114534,市立鹽水國中,八年一班
s112114534042,CO01,2024,114534,市立鹽水國中,八年一班
s112114534043,CO01,2024,114534,市立鹽水國中,八年一班
s112114534044,CO01,2024,114534,市立鹽水國中,八年一班
s112114534048,CO01,2024,114534,市立鹽水國中,八年二班
s112114534050,CO01,2024,114534,市立鹽水國中,八年二班
s112114534051,CO01,2024,114534,市立鹽水國中,八年二班
s112114534052,CO01,2024,114534,市立鹽水國中,八年二班
s112114534053,CO01,2024,114534,市立鹽水國中,八年二班
s112114534056,CO01,2024,114534,市立鹽水國中,八年二班
s112114534058,CO01,2024,114534,市立鹽水國中,八年二班
s112114534060,CO01,2024,114534,市立鹽水國中,八年二班
s112114534061,CO01,2024,114534,市立鹽水國中,八年二班
s112114534062,CO01,2024,114534,市立鹽水國中,八年二班
s112114534063,CO01,2024,114534,市立鹽水國中,八年二班
s112114534064,CO01,2024,114534,市立鹽水國中,八年二班
s112114534066,CO01,2024,114534,市立鹽水國中,八年二班
s112114534067,CO01,2024,114534,市立鹽水國中,八年二班
s112114534068,CO01,2024,114534,市立鹽水國中,八年二班
s112114537023,CO01,2024,114537,市立東山國中,801.0
s112114537025,CO01,2024,114537,市立東山國中,801.0
s112114537027,CO01,2024,114537,市立東山國中,801.0
s112114537028,CO01,2024,114537,市立東山國中,801.0
s112114537029,CO01,2024,114537,市立東山國中,801.0
s112114537030,CO01,2024,114537,市立東山國中,801.0
s112121320029,CO01,2024,121320,私立義大國際高中附設國中,201.0
s112121320030,CO01,2024,121320,私立義大國際高中附設國中,201.0
s112121320031,CO01,2024,121320,私立義大國際高中附設國中,201.0
s112121320035,CO01,2024,121320,私立義大國際高中附設國中,201.0
s112121320036,CO01,2024,121320,私立義大國際高中附設國中,201.0
s112121320038,CO01,2024,121320,私立義大國際高中附設國中,201.0
s112121320039,CO01,2024,121320,私立義大國際高中附設國中,201.0
s112121320040,CO01,2024,121320,私立義大國際高中附設國中,201.0
s112121320041,CO01,2024,121320,私立義大國際高中附設國中,201.0
s112121320044,CO01,2024,121320,私立義大國際高中附設國中,203.0
s112121320045,CO01,2024,121320,私立義大國際高中附設國中,203.0
s112121320046,CO01,2024,121320,私立義大國際高中附設國中,203.0
s112121320047,CO01,2024,121320,私立義大國際高中附設國中,203.0
s112121320049,CO01,2024,121320,私立義大國際高中附設國中,203.0
s112121320051,CO01,2024,121320,私立義大國際高中附設國中,203.0
s112121320053,CO01,2024,121320,私立義大國際高中附設國中,203.0
s112121320054,CO01,2024,121320,私立義大國際高中附設國中,203.0
s112121320056,CO01,2024,121320,私立義大國際高中附設國中,203.0
s112121320057,CO01,2024,121320,私立義大國際高中附設國中,203.0
s112121320058,CO01,2024,121320,私立義大國際高中附設國中,203.0
s112124311024,CO01,2024,124311,市立林園高中附設國中,801.0
s112124311025,CO01,2024,124311,市立林園高中附設國中,801.0
s112124311026,CO01,2024,124311,市立林園高中附設國中,801.0
s112124311027,CO01,2024,124311,市立林園高中附設國中,801.0
s112124311028,CO01,2024,124311,市立林園高中附設國中,801.0
s112124311029,CO01,2024,124311,市立林園高中附設國中,801.0
s112124311030,CO01,2024,124311,市立林園高中附設國中,801.0
s112124311033,CO01,2024,124311,市立林園高中附設國中,801.0
s112124311034,CO01,2024,124311,市立林園高中附設國中,801.0
s112124311035,CO01,2024,124311,市立林園高中附設國中,801.0
s112124311036,CO01,2024,124311,市立林園高中附設國中,801.0
s112124311037,CO01,2024,124311,市立林園高中附設國中,801.0
s112124311038,CO01,2024,124311,市立林園高中附設國中,801.0
s112124311039,CO01,2024,124311,市立林園高中附設國中,801.0
s112124311040,CO01,2024,124311,市立林園高中附設國中,801.0
s112124311041,CO01,2024,124311,市立林園高中附設國中,801.0
s112124311042,CO01,2024,124311,市立林園高中附設國中,801.0
s112124311043,CO01,2024,124311,市立林園高中附設國中,801.0
s112124311044,CO01,2024,124311,市立林園高中附設國中,801.0
s112124311045,CO01,2024,124311,市立林園高中附設國中,801.0
s112124311046,CO01,2024,124311,市立林園高中附設國中,801.0
s112124311048,CO01,2024,124311,市立林園高中附設國中,801.0
s112124311049,CO01,2024,124311,市立林園高中附設國中,801.0
s112124311050,CO01,2024,124311,市立林園高中附設國中,801.0
s112124311051,CO01,2024,124311,市立林園高中附設國中,801.0
s112124311054,CO01,2024,124311,市立林園高中附設國中,807.0
s112124311055,CO01,2024,124311,市立林園高中附設國中,807.0
s112124311056,CO01,2024,124311,市立林園高中附設國中,807.0
s112124311057,CO01,2024,124311,市立林園高中附設國中,807.0
s112124311058,CO01,2024,124311,市立林園高中附設國中,807.0
s112124311059,CO01,2024,124311,市立林園高中附設國中,807.0
s112124311060,CO01,2024,124311,市立林園高中附設國中,807.0
s112124311061,CO01,2024,124311,市立林園高中附設國中,807.0
s112124311062,CO01,2024,124311,市立林園高中附設國中,807.0
s112124311063,CO01,2024,124311,市立林園高中附設國中,807.0
s112124311064,CO01,2024,124311,市立林園高中附設國中,807.0
s112124311065,CO01,2024,124311,市立林園高中附設國中,807.0
s112124311066,CO01,2024,124311,市立林園高中附設國中,807.0
s112124311067,CO01,2024,124311,市立林園高中附設國中,807.0
s112124311068,CO01,2024,124311,市立林園高中附設國中,807.0
s112124311069,CO01,2024,124311,市立林園高中附設國中,807.0
s112124311070,CO01,2024,124311,市立林園高中附設國中,807.0
s112124311071,CO01,2024,124311,市立林園高中附設國中,807.0
s112124311072,CO01,2024,124311,市立林園高中附設國中,807.0
s112124311073,CO01,2024,124311,市立林園高中附設國中,807.0
s112124311074,CO01,2024,124311,市立林園高中附設國中,807.0
s112124311075,CO01,2024,124311,市立林園高中附設國中,807.0
s112124311076,CO01,2024,124311,市立林園高中附設國中,807.0
s112124311077,CO01,2024,124311,市立林園高中附設國中,807.0
s112124311078,CO01,2024,124311,市立林園高中附設國中,807.0
s112124311079,CO01,2024,124311,市立林園高中附設國中,807.0
s112124311080,CO01,2024,124311,市立林園高中附設國中,807.0
s112124311081,CO01,2024,124311,市立林園高中附設國中,807.0
s112124322024,CO01,2024,124322,市立路竹高中附設國中,803.0
s112124322025,CO01,2024,124322,市立路竹高中附設國中,803.0
s112124322026,CO01,2024,124322,市立路竹高中附設國中,803.0
s112124322027,CO01,2024,124322,市立路竹高中附設國中,803.0
s112124322028,CO01,2024,124322,市立路竹高中附設國中,803.0
s112124322029,CO01,2024,124322,市立路竹高中附設國中,803.0
s112124322030,CO01,2024,124322,市立路竹高中附設國中,803.0
s112124322031,CO01,2024,124322,市立路竹高中附設國中,803.0
s112124322032,CO01,2024,124322,市立路竹高中附設國中,803.0
s112124322033,CO01,2024,124322,市立路竹高中附設國中,803.0
s112124322034,CO01,2024,124322,市立路竹高中附設國中,803.0
s112124322035,CO01,2024,124322,市立路竹高中附設國中,803.0
s112124322036,CO01,2024,124322,市立路竹高中附設國中,803.0
s112124322037,CO01,2024,124322,市立路竹高中附設國中,803.0
s112124322038,CO01,2024,124322,市立路竹高中附設國中,803.0
s112124322039,CO01,2024,124322,市立路竹高中附設國中,803.0
s112124322041,CO01,2024,124322,市立路竹高中附設國中,803.0
s112124322042,CO01,2024,124322,市立路竹高中附設國中,803.0
s112124322043,CO01,2024,124322,市立路竹高中附設國中,803.0
s112124322044,CO01,2024,124322,市立路竹高中附設國中,803.0
s112124322045,CO01,2024,124322,市立路竹高中附設國中,803.0
s112124322046,CO01,2024,124322,市立路竹高中附設國中,803.0
s112124322047,CO01,2024,124322,市立路竹高中附設國中,803.0
s112124322048,CO01,2024,124322,市立路竹高中附設國中,803.0
s112124322049,CO01,2024,124322,市立路竹高中附設國中,803.0
s112124322052,CO01,2024,124322,市立路竹高中附設國中,808.0
s112124322053,CO01,2024,124322,市立路竹高中附設國中,808.0
s112124322054,CO01,2024,124322,市立路竹高中附設國中,808.0
s112124322055,CO01,2024,124322,市立路竹高中附設國中,808.0
s112124322056,CO01,2024,124322,市立路竹高中附設國中,808.0
s112124322057,CO01,2024,124322,市立路竹高中附設國中,808.0
s112124322058,CO01,2024,124322,市立路竹高中附設國中,808.0
s112124322059,CO01,2024,124322,市立路竹高中附設國中,808.0
s112124322060,CO01,2024,124322,市立路竹高中附設國中,808.0
s112124322061,CO01,2024,124322,市立路竹高中附設國中,808.0
s112124322062,CO01,2024,124322,市立路竹高中附設國中,808.0
s112124322063,CO01,2024,124322,市立路竹高中附設國中,808.0
s112124322064,CO01,2024,124322,市立路竹高中附設國中,808.0
s112124322065,CO01,2024,124322,市立路竹高中附設國中,808.0
s112124322066,CO01,2024,124322,市立路竹高中附設國中,808.0
s112124322067,CO01,2024,124322,市立路竹高中附設國中,808.0
s112124322068,CO01,2024,124322,市立路竹高中附設國中,808.0
s112124322069,CO01,2024,124322,市立路竹高中附設國中,808.0
s112124322070,CO01,2024,124322,市立路竹高中附設國中,808.0
s112124322071,CO01,2024,124322,市立路竹高中附設國中,808.0
s112124322072,CO01,2024,124322,市立路竹高中附設國中,808.0
s112124322073,CO01,2024,124322,市立路竹高中附設國中,808.0
s112124322074,CO01,2024,124322,市立路竹高中附設國中,808.0
s112124322075,CO01,2024,124322,市立路竹高中附設國中,808.0
s112124501026,CO01,2024,124501,市立鳳山國中,801.0
s112124501027,CO01,2024,124501,市立鳳山國中,801.0
s112124501028,CO01,2024,124501,市立鳳山國中,801.0
s112124501031,CO01,2024,124501,市立鳳山國中,801.0
s112124501032,CO01,2024,124501,市立鳳山國中,801.0
s112124501033,CO01,2024,124501,市立鳳山國中,801.0
s112124501034,CO01,2024,124501,市立鳳山國中,801.0
s112124501036,CO01,2024,124501,市立鳳山國中,801.0
s112124501037,CO01,2024,124501,市立鳳山國中,801.0
s112124501038,CO01,2024,124501,市立鳳山國中,801.0
s112124501039,CO01,2024,124501,市立鳳山國中,801.0
s112124501040,CO01,2024,124501,市立鳳山國中,801.0
s112124501041,CO01,2024,124501,市立鳳山國中,801.0
s112124501042,CO01,2024,124501,市立鳳山國中,801.0
s112124501045,CO01,2024,124501,市立鳳山國中,801.0
s112124501048,CO01,2024,124501,市立鳳山國中,811.0
s112124501049,CO01,2024,124501,市立鳳山國中,811.0
s112124501050,CO01,2024,124501,市立鳳山國中,811.0
s112124501051,CO01,2024,124501,市立鳳山國中,811.0
s112124501053,CO01,2024,124501,市立鳳山國中,811.0
s112124501054,CO01,2024,124501,市立鳳山國中,811.0
s112124501055,CO01,2024,124501,市立鳳山國中,811.0
s112124501056,CO01,2024,124501,市立鳳山國中,811.0
s112124501057,CO01,2024,124501,市立鳳山國中,811.0
s112124501058,CO01,2024,124501,市立鳳山國中,811.0
s112124501059,CO01,2024,124501,市立鳳山國中,811.0
s112124501060,CO01,2024,124501,市立鳳山國中,811.0
s112124501061,CO01,2024,124501,市立鳳山國中,811.0
s112124501062,CO01,2024,124501,市立鳳山國中,811.0
s112124501063,CO01,2024,124501,市立鳳山國中,811.0
s112124501064,CO01,2024,124501,市立鳳山國中,811.0
s112124501066,CO01,2024,124501,市立鳳山國中,811.0
s112124501068,CO01,2024,124501,市立鳳山國中,811.0
s112124501069,CO01,2024,124501,市立鳳山國中,811.0
s112124503025,CO01,2024,124503,市立鳳西國中,804.0
s112124503027,CO01,2024,124503,市立鳳西國中,804.0
s112124503028,CO01,2024,124503,市立鳳西國中,804.0
s112124503029,CO01,2024,124503,市立鳳西國中,804.0
s112124503030,CO01,2024,124503,市立鳳西國中,804.0
s112124503031,CO01,2024,124503,市立鳳西國中,804.0
s112124503033,CO01,2024,124503,市立鳳西國中,804.0
s112124503034,CO01,2024,124503,市立鳳西國中,804.0
s112124503035,CO01,2024,124503,市立鳳西國中,804.0
s112124503036,CO01,2024,124503,市立鳳西國中,804.0
s112124503037,CO01,2024,124503,市立鳳西國中,804.0
s112124503038,CO01,2024,124503,市立鳳西國中,804.0
s112124503039,CO01,2024,124503,市立鳳西國中,804.0
s112124503041,CO01,2024,124503,市立鳳西國中,804.0
s112124503043,CO01,2024,124503,市立鳳西國中,804.0
s112124503044,CO01,2024,124503,市立鳳西國中,804.0
s112124503046,CO01,2024,124503,市立鳳西國中,804.0
s112124503048,CO01,2024,124503,市立鳳西國中,804.0
s112124503051,CO01,2024,124503,市立鳳西國中,811.0
s112124503052,CO01,2024,124503,市立鳳西國中,811.0
s112124503054,CO01,2024,124503,市立鳳西國中,811.0
s112124503055,CO01,2024,124503,市立鳳西國中,811.0
s112124503056,CO01,2024,124503,市立鳳西國中,811.0
s112124503057,CO01,2024,124503,市立鳳西國中,811.0
s112124503058,CO01,2024,124503,市立鳳西國中,811.0
s112124503062,CO01,2024,124503,市立鳳西國中,811.0
s112124503063,CO01,2024,124503,市立鳳西國中,811.0
s112124503065,CO01,2024,124503,市立鳳西國中,811.0
s112124503066,CO01,2024,124503,市立鳳西國中,811.0
s112124503067,CO01,2024,124503,市立鳳西國中,811.0
s112124503068,CO01,2024,124503,市立鳳西國中,811.0
s112124503069,CO01,2024,124503,市立鳳西國中,811.0
s112124503071,CO01,2024,124503,市立鳳西國中,811.0
s112124503072,CO01,2024,124503,市立鳳西國中,811.0
s112124503074,CO01,2024,124503,市立鳳西國中,811.0
s112124503076,CO01,2024,124503,市立鳳西國中,811.0
s112124503078,CO01,2024,124503,市立鳳西國中,811.0
s112124507024,CO01,2024,124507,市立大寮國中,202.0
s112124507025,CO01,2024,124507,市立大寮國中,202.0
s112124507026,CO01,2024,124507,市立大寮國中,202.0
s112124507027,CO01,2024,124507,市立大寮國中,202.0
s112124507028,CO01,2024,124507,市立大寮國中,202.0
s112124507029,CO01,2024,124507,市立大寮國中,202.0
s112124507030,CO01,2024,124507,市立大寮國中,202.0
s112124507031,CO01,2024,124507,市立大寮國中,202.0
s112124507032,CO01,2024,124507,市立大寮國中,202.0
s112124507034,CO01,2024,124507,市立大寮國中,202.0
s112124507035,CO01,2024,124507,市立大寮國中,202.0
s112124507036,CO01,2024,124507,市立大寮國中,202.0
s112124507040,CO01,2024,124507,市立大寮國中,202.0
s112124507041,CO01,2024,124507,市立大寮國中,202.0
s112124507042,CO01,2024,124507,市立大寮國中,202.0
s112124507043,CO01,2024,124507,市立大寮國中,202.0
s112124507045,CO01,2024,124507,市立大寮國中,202.0
s112124507046,CO01,2024,124507,市立大寮國中,202.0
s112124507049,CO01,2024,124507,市立大寮國中,206.0
s112124507050,CO01,2024,124507,市立大寮國中,206.0
s112124507051,CO01,2024,124507,市立大寮國中,206.0
s112124507052,CO01,2024,124507,市立大寮國中,206.0
s112124507053,CO01,2024,124507,市立大寮國中,206.0
s112124507054,CO01,2024,124507,市立大寮國中,206.0
s112124507055,CO01,2024,124507,市立大寮國中,206.0
s112124507056,CO01,2024,124507,市立大寮國中,206.0
s112124507057,CO01,2024,124507,市立大寮國中,206.0
s112124507058,CO01,2024,124507,市立大寮國中,206.0
s112124507059,CO01,2024,124507,市立大寮國中,206.0
s112124507061,CO01,2024,124507,市立大寮國中,206.0
s112124507064,CO01,2024,124507,市立大寮國中,206.0
s112124507065,CO01,2024,124507,市立大寮國中,206.0
s112124507066,CO01,2024,124507,市立大寮國中,206.0
s112124507067,CO01,2024,124507,市立大寮國中,206.0
s112124507069,CO01,2024,124507,市立大寮國中,206.0
s112124507070,CO01,2024,124507,市立大寮國中,206.0
s112124507072,CO01,2024,124507,市立大寮國中,206.0
s112124515024,CO01,2024,124515,市立岡山國中,803.0
s112124515025,CO01,2024,124515,市立岡山國中,803.0
s112124515027,CO01,2024,124515,市立岡山國中,803.0
s112124515028,CO01,2024,124515,市立岡山國中,803.0
s112124515029,CO01,2024,124515,市立岡山國中,803.0
s112124515030,CO01,2024,124515,市立岡山國中,803.0
s112124515031,CO01,2024,124515,市立岡山國中,803.0
s112124515032,CO01,2024,124515,市立岡山國中,803.0
s112124515033,CO01,2024,124515,市立岡山國中,803.0
s112124515034,CO01,2024,124515,市立岡山國中,803.0
s112124515035,CO01,2024,124515,市立岡山國中,803.0
s112124515036,CO01,2024,124515,市立岡山國中,803.0
s112124515037,CO01,2024,124515,市立岡山國中,803.0
s112124515038,CO01,2024,124515,市立岡山國中,803.0
s112124515039,CO01,2024,124515,市立岡山國中,803.0
s112124515040,CO01,2024,124515,市立岡山國中,803.0
s112124515041,CO01,2024,124515,市立岡山國中,803.0
s112124515042,CO01,2024,124515,市立岡山國中,803.0
s112124515043,CO01,2024,124515,市立岡山國中,803.0
s112124515044,CO01,2024,124515,市立岡山國中,803.0
s112124515045,CO01,2024,124515,市立岡山國中,803.0
s112124515046,CO01,2024,124515,市立岡山國中,803.0
s112124515047,CO01,2024,124515,市立岡山國中,803.0
s112124515048,CO01,2024,124515,市立岡山國中,803.0
s112124515049,CO01,2024,124515,市立岡山國中,803.0
s112124515052,CO01,2024,124515,市立岡山國中,810.0
s112124515053,CO01,2024,124515,市立岡山國中,810.0
s112124515054,CO01,2024,124515,市立岡山國中,810.0
s112124515055,CO01,2024,124515,市立岡山國中,810.0
s112124515056,CO01,2024,124515,市立岡山國中,810.0
s112124515057,CO01,2024,124515,市立岡山國中,810.0
s112124515058,CO01,2024,124515,市立岡山國中,810.0
s112124515059,CO01,2024,124515,市立岡山國中,810.0
s112124515060,CO01,2024,124515,市立岡山國中,810.0
s112124515061,CO01,2024,124515,市立岡山國中,810.0
s112124515062,CO01,2024,124515,市立岡山國中,810.0
s112124515063,CO01,2024,124515,市立岡山國中,810.0
s112124515064,CO01,2024,124515,市立岡山國中,810.0
s112124515065,CO01,2024,124515,市立岡山國中,810.0
s112124515068,CO01,2024,124515,市立岡山國中,810.0
s112124515069,CO01,2024,124515,市立岡山國中,810.0
s112124515070,CO01,2024,124515,市立岡山國中,810.0
s112124515071,CO01,2024,124515,市立岡山國中,810.0
s112124515072,CO01,2024,124515,市立岡山國中,810.0
s112124515073,CO01,2024,124515,市立岡山國中,810.0
s112124515074,CO01,2024,124515,市立岡山國中,810.0
s112124515075,CO01,2024,124515,市立岡山國中,810.0
s112124515076,CO01,2024,124515,市立岡山國中,810.0
s112124515077,CO01,2024,124515,市立岡山國中,810.0
s112124521024,CO01,2024,124521,市立阿蓮國中,202.0
s112124521025,CO01,2024,124521,市立阿蓮國中,202.0
s112124521026,CO01,2024,124521,市立阿蓮國中,202.0
s112124521027,CO01,2024,124521,市立阿蓮國中,202.0
s112124521029,CO01,2024,124521,市立阿蓮國中,202.0
s112124521031,CO01,2024,124521,市立阿蓮國中,202.0
s112124521032,CO01,2024,124521,市立阿蓮國中,202.0
s112124521033,CO01,2024,124521,市立阿蓮國中,202.0
s112124521034,CO01,2024,124521,市立阿蓮國中,202.0
s112124521035,CO01,2024,124521,市立阿蓮國中,202.0
s112124521036,CO01,2024,124521,市立阿蓮國中,202.0
s112124521037,CO01,2024,124521,市立阿蓮國中,202.0
s112124521038,CO01,2024,124521,市立阿蓮國中,202.0
s112124521039,CO01,2024,124521,市立阿蓮國中,202.0
s112124521040,CO01,2024,124521,市立阿蓮國中,202.0
s112124521041,CO01,2024,124521,市立阿蓮國中,202.0
s112124521042,CO01,2024,124521,市立阿蓮國中,202.0
s112124521043,CO01,2024,124521,市立阿蓮國中,202.0
s112124521044,CO01,2024,124521,市立阿蓮國中,202.0
s112124521046,CO01,2024,124521,市立阿蓮國中,202.0
s112124521047,CO01,2024,124521,市立阿蓮國中,202.0
s112124521048,CO01,2024,124521,市立阿蓮國中,202.0
s112124521049,CO01,2024,124521,市立阿蓮國中,202.0
s112124521050,CO01,2024,124521,市立阿蓮國中,202.0
s112124521051,CO01,2024,124521,市立阿蓮國中,202.0
s112124521052,CO01,2024,124521,市立阿蓮國中,202.0
s112124521055,CO01,2024,124521,市立阿蓮國中,205.0
s112124521056,CO01,2024,124521,市立阿蓮國中,205.0
s112124521057,CO01,2024,124521,市立阿蓮國中,205.0
s112124521058,CO01,2024,124521,市立阿蓮國中,205.0
s112124521059,CO01,2024,124521,市立阿蓮國中,205.0
s112124521060,CO01,2024,124521,市立阿蓮國中,205.0
s112124521061,CO01,2024,124521,市立阿蓮國中,205.0
s112124521062,CO01,2024,124521,市立阿蓮國中,205.0
s112124521064,CO01,2024,124521,市立阿蓮國中,205.0
s112124521065,CO01,2024,124521,市立阿蓮國中,205.0
s112124521066,CO01,2024,124521,市立阿蓮國中,205.0
s112124521067,CO01,2024,124521,市立阿蓮國中,205.0
s112124521068,CO01,2024,124521,市立阿蓮國中,205.0
s112124521069,CO01,2024,124521,市立阿蓮國中,205.0
s112124521070,CO01,2024,124521,市立阿蓮國中,205.0
s112124521071,CO01,2024,124521,市立阿蓮國中,205.0
s112124521072,CO01,2024,124521,市立阿蓮國中,205.0
s112124521073,CO01,2024,124521,市立阿蓮國中,205.0
s112124521074,CO01,2024,124521,市立阿蓮國中,205.0
s112124521075,CO01,2024,124521,市立阿蓮國中,205.0
s112124521076,CO01,2024,124521,市立阿蓮國中,205.0
s112124521077,CO01,2024,124521,市立阿蓮國中,205.0
s112124521078,CO01,2024,124521,市立阿蓮國中,205.0
s112124521079,CO01,2024,124521,市立阿蓮國中,205.0
s112124521080,CO01,2024,124521,市立阿蓮國中,205.0
s112124521081,CO01,2024,124521,市立阿蓮國中,205.0
s112124521082,CO01,2024,124521,市立阿蓮國中,205.0
s112124521083,CO01,2024,124521,市立阿蓮國中,205.0
s112124542025,CO01,2024,124542,市立那瑪夏國中,801.0
s112124542026,CO01,2024,124542,市立那瑪夏國中,801.0
s112124542027,CO01,2024,124542,市立那瑪夏國中,801.0
s112124542028,CO01,2024,124542,市立那瑪夏國中,801.0
s112124542029,CO01,2024,124542,市立那瑪夏國中,801.0
s112124542031,CO01,2024,124542,市立那瑪夏國中,801.0
s112124542032,CO01,2024,124542,市立那瑪夏國中,801.0
s112124542033,CO01,2024,124542,市立那瑪夏國中,801.0
s112124542037,CO01,2024,124542,市立那瑪夏國中,802.0
s112124542038,CO01,2024,124542,市立那瑪夏國中,802.0
s112124542039,CO01,2024,124542,市立那瑪夏國中,802.0
s112124542040,CO01,2024,124542,市立那瑪夏國中,802.0
s112124542041,CO01,2024,124542,市立那瑪夏國中,802.0
s112124542042,CO01,2024,124542,市立那瑪夏國中,802.0
s112124542043,CO01,2024,124542,市立那瑪夏國中,802.0
s112124542044,CO01,2024,124542,市立那瑪夏國中,802.0
s112124542045,CO01,2024,124542,市立那瑪夏國中,802.0
s112124542046,CO01,2024,124542,市立那瑪夏國中,802.0
s112124542047,CO01,2024,124542,市立那瑪夏國中,802.0
s112124542051,CO01,2024,124542,市立那瑪夏國中,802.0
s112124546024,CO01,2024,124546,市立嘉興國中,二年一班
s112124546025,CO01,2024,124546,市立嘉興國中,二年一班
s112124546026,CO01,2024,124546,市立嘉興國中,二年一班
s112124546028,CO01,2024,124546,市立嘉興國中,二年一班
s112124546029,CO01,2024,124546,市立嘉興國中,二年一班
s112124546030,CO01,2024,124546,市立嘉興國中,二年一班
s112124546031,CO01,2024,124546,市立嘉興國中,二年一班
s112124546032,CO01,2024,124546,市立嘉興國中,二年一班
s112124546033,CO01,2024,124546,市立嘉興國中,二年一班
s112124546034,CO01,2024,124546,市立嘉興國中,二年一班
s112124546035,CO01,2024,124546,市立嘉興國中,二年一班
s112124546036,CO01,2024,124546,市立嘉興國中,二年一班
s112124546037,CO01,2024,124546,市立嘉興國中,二年一班
s112124546038,CO01,2024,124546,市立嘉興國中,二年一班
s112124546039,CO01,2024,124546,市立嘉興國中,二年一班
s112124546040,CO01,2024,124546,市立嘉興國中,二年一班
s112124546041,CO01,2024,124546,市立嘉興國中,二年一班
s112124546042,CO01,2024,124546,市立嘉興國中,二年一班
s112124546045,CO01,2024,124546,市立嘉興國中,二年二班
s112124546046,CO01,2024,124546,市立嘉興國中,二年二班
s112124546047,CO01,2024,124546,市立嘉興國中,二年二班
s112124546048,CO01,2024,124546,市立嘉興國中,二年二班
s112124546049,CO01,2024,124546,市立嘉興國中,二年二班
s112124546050,CO01,2024,124546,市立嘉興國中,二年二班
s112124546051,CO01,2024,124546,市立嘉興國中,二年二班
s112124546052,CO01,2024,124546,市立嘉興國中,二年二班
s112124546053,CO01,2024,124546,市立嘉興國中,二年二班
s112124546054,CO01,2024,124546,市立嘉興國中,二年二班
s112124546056,CO01,2024,124546,市立嘉興國中,二年二班
s112124546057,CO01,2024,124546,市立嘉興國中,二年二班
s112124546058,CO01,2024,124546,市立嘉興國中,二年二班
s112124546059,CO01,2024,124546,市立嘉興國中,二年二班
s112124546060,CO01,2024,124546,市立嘉興國中,二年二班
s112124546061,CO01,2024,124546,市立嘉興國中,二年二班
s112124546062,CO01,2024,124546,市立嘉興國中,二年二班
s112124546063,CO01,2024,124546,市立嘉興國中,二年二班
s112124548023,CO01,2024,124548,市立桃源國中,二年忠班
s112124548024,CO01,2024,124548,市立桃源國中,二年忠班
s112124548025,CO01,2024,124548,市立桃源國中,二年忠班
s112124548027,CO01,2024,124548,市立桃源國中,二年忠班
s112124548028,CO01,2024,124548,市立桃源國中,二年忠班
s112124548030,CO01,2024,124548,市立桃源國中,二年忠班
s112124548031,CO01,2024,124548,市立桃源國中,二年忠班
s112124550024,CO01,2024,124550,市立鳳翔國中,203.0
s112124550025,CO01,2024,124550,市立鳳翔國中,203.0
s112124550027,CO01,2024,124550,市立鳳翔國中,203.0
s112124550028,CO01,2024,124550,市立鳳翔國中,203.0
s112124550029,CO01,2024,124550,市立鳳翔國中,203.0
s112124550030,CO01,2024,124550,市立鳳翔國中,203.0
s112124550031,CO01,2024,124550,市立鳳翔國中,203.0
s112124550032,CO01,2024,124550,市立鳳翔國中,203.0
s112124550033,CO01,2024,124550,市立鳳翔國中,203.0
s112124550035,CO01,2024,124550,市立鳳翔國中,203.0
s112124550038,CO01,2024,124550,市立鳳翔國中,203.0
s112124550039,CO01,2024,124550,市立鳳翔國中,203.0
s112124550040,CO01,2024,124550,市立鳳翔國中,203.0
s112124550041,CO01,2024,124550,市立鳳翔國中,203.0
s112124550042,CO01,2024,124550,市立鳳翔國中,203.0
s112124550043,CO01,2024,124550,市立鳳翔國中,203.0
s112124550044,CO01,2024,124550,市立鳳翔國中,203.0
s112124550045,CO01,2024,124550,市立鳳翔國中,203.0
s112124550047,CO01,2024,124550,市立鳳翔國中,203.0
s112124550048,CO01,2024,124550,市立鳳翔國中,203.0
s112124550049,CO01,2024,124550,市立鳳翔國中,203.0
s112124550050,CO01,2024,124550,市立鳳翔國中,203.0
s112124550052,CO01,2024,124550,市立鳳翔國中,203.0
s112124550053,CO01,2024,124550,市立鳳翔國中,203.0
s112124550055,CO01,2024,124550,市立鳳翔國中,203.0
s112124550056,CO01,2024,124550,市立鳳翔國中,203.0
s112124550057,CO01,2024,124550,市立鳳翔國中,203.0
s112124550061,CO01,2024,124550,市立鳳翔國中,207.0
s112124550062,CO01,2024,124550,市立鳳翔國中,207.0
s112124550063,CO01,2024,124550,市立鳳翔國中,207.0
s112124550064,CO01,2024,124550,市立鳳翔國中,207.0
s112124550065,CO01,2024,124550,市立鳳翔國中,207.0
s112124550066,CO01,2024,124550,市立鳳翔國中,207.0
s112124550067,CO01,2024,124550,市立鳳翔國中,207.0
s112124550068,CO01,2024,124550,市立鳳翔國中,207.0
s112124550069,CO01,2024,124550,市立鳳翔國中,207.0
s112124550070,CO01,2024,124550,市立鳳翔國中,207.0
s112124550071,CO01,2024,124550,市立鳳翔國中,207.0
s112124550072,CO01,2024,124550,市立鳳翔國中,207.0
s112124550073,CO01,2024,124550,市立鳳翔國中,207.0
s112124550074,CO01,2024,124550,市立鳳翔國中,207.0
s112124550075,CO01,2024,124550,市立鳳翔國中,207.0
s112124550076,CO01,2024,124550,市立鳳翔國中,207.0
s112124550077,CO01,2024,124550,市立鳳翔國中,207.0
s112124550079,CO01,2024,124550,市立鳳翔國中,207.0
s112124550080,CO01,2024,124550,市立鳳翔國中,207.0
s112124550082,CO01,2024,124550,市立鳳翔國中,207.0
s112124550084,CO01,2024,124550,市立鳳翔國中,207.0
s112124550085,CO01,2024,124550,市立鳳翔國中,207.0
s112124550086,CO01,2024,124550,市立鳳翔國中,207.0
s112124550087,CO01,2024,124550,市立鳳翔國中,207.0
s112124550088,CO01,2024,124550,市立鳳翔國中,207.0
s112124550089,CO01,2024,124550,市立鳳翔國中,207.0
s112124550090,CO01,2024,124550,市立鳳翔國中,207.0
s112124550092,CO01,2024,124550,市立鳳翔國中,207.0
s112124550093,CO01,2024,124550,市立鳳翔國中,207.0
s112124550094,CO01,2024,124550,市立鳳翔國中,207.0
s112124550095,CO01,2024,124550,市立鳳翔國中,207.0
s112134501024,CO01,2024,134501,縣立明正國中,808.0
s112134501025,CO01,2024,134501,縣立明正國中,808.0
s112134501026,CO01,2024,134501,縣立明正國中,808.0
s112134501027,CO01,2024,134501,縣立明正國中,808.0
s112134501028,CO01,2024,134501,縣立明正國中,808.0
s112134501030,CO01,2024,134501,縣立明正國中,808.0
s112134501031,CO01,2024,134501,縣立明正國中,808.0
s112134501033,CO01,2024,134501,縣立明正國中,808.0
s112134501034,CO01,2024,134501,縣立明正國中,808.0
s112134501035,CO01,2024,134501,縣立明正國中,808.0
s112134501036,CO01,2024,134501,縣立明正國中,808.0
s112134501037,CO01,2024,134501,縣立明正國中,808.0
s112134501038,CO01,2024,134501,縣立明正國中,808.0
s112134501039,CO01,2024,134501,縣立明正國中,808.0
s112134501040,CO01,2024,134501,縣立明正國中,808.0
s112134501041,CO01,2024,134501,縣立明正國中,808.0
s112134501043,CO01,2024,134501,縣立明正國中,808.0
s112134501044,CO01,2024,134501,縣立明正國中,808.0
s112134501046,CO01,2024,134501,縣立明正國中,808.0
s112134501047,CO01,2024,134501,縣立明正國中,808.0
s112134501048,CO01,2024,134501,縣立明正國中,808.0
s112134501049,CO01,2024,134501,縣立明正國中,808.0
s112134501050,CO01,2024,134501,縣立明正國中,808.0
s112134501051,CO01,2024,134501,縣立明正國中,808.0
s112134501054,CO01,2024,134501,縣立明正國中,817.0
s112134501055,CO01,2024,134501,縣立明正國中,817.0
s112134501059,CO01,2024,134501,縣立明正國中,817.0
s112134501060,CO01,2024,134501,縣立明正國中,817.0
s112134501061,CO01,2024,134501,縣立明正國中,817.0
s112134501066,CO01,2024,134501,縣立明正國中,817.0
s112134501067,CO01,2024,134501,縣立明正國中,817.0
s112134501068,CO01,2024,134501,縣立明正國中,817.0
s112134501069,CO01,2024,134501,縣立明正國中,817.0
s112134501070,CO01,2024,134501,縣立明正國中,817.0
s112134501071,CO01,2024,134501,縣立明正國中,817.0
s112134501074,CO01,2024,134501,縣立明正國中,817.0
s112134501075,CO01,2024,134501,縣立明正國中,817.0
s112134501076,CO01,2024,134501,縣立明正國中,817.0
s112134501077,CO01,2024,134501,縣立明正國中,817.0
s112134501078,CO01,2024,134501,縣立明正國中,817.0
s112134501079,CO01,2024,134501,縣立明正國中,817.0
s112134501080,CO01,2024,134501,縣立明正國中,817.0
s112134501081,CO01,2024,134501,縣立明正國中,817.0
s112134527024,CO01,2024,134527,縣立佳冬國中,801.0
s112134527027,CO01,2024,134527,縣立佳冬國中,801.0
s112134527029,CO01,2024,134527,縣立佳冬國中,801.0
s112134527030,CO01,2024,134527,縣立佳冬國中,801.0
s112134527031,CO01,2024,134527,縣立佳冬國中,801.0
s112134527034,CO01,2024,134527,縣立佳冬國中,801.0
s112134527035,CO01,2024,134527,縣立佳冬國中,801.0
s112134527036,CO01,2024,134527,縣立佳冬國中,801.0
s112134527038,CO01,2024,134527,縣立佳冬國中,801.0
s112134527041,CO01,2024,134527,縣立佳冬國中,801.0
s112134527042,CO01,2024,134527,縣立佳冬國中,801.0
s112134527043,CO01,2024,134527,縣立佳冬國中,801.0
s112134527044,CO01,2024,134527,縣立佳冬國中,801.0
s112134527045,CO01,2024,134527,縣立佳冬國中,801.0
s112134527046,CO01,2024,134527,縣立佳冬國中,801.0
s112134527049,CO01,2024,134527,縣立佳冬國中,802.0
s112134527050,CO01,2024,134527,縣立佳冬國中,802.0
s112134527051,CO01,2024,134527,縣立佳冬國中,802.0
s112134527052,CO01,2024,134527,縣立佳冬國中,802.0
s112134527053,CO01,2024,134527,縣立佳冬國中,802.0
s112134527056,CO01,2024,134527,縣立佳冬國中,802.0
s112134527057,CO01,2024,134527,縣立佳冬國中,802.0
s112134527058,CO01,2024,134527,縣立佳冬國中,802.0
s112134527059,CO01,2024,134527,縣立佳冬國中,802.0
s112134527060,CO01,2024,134527,縣立佳冬國中,802.0
s112134527061,CO01,2024,134527,縣立佳冬國中,802.0
s112134527062,CO01,2024,134527,縣立佳冬國中,802.0
s112134527063,CO01,2024,134527,縣立佳冬國中,802.0
s112134527065,CO01,2024,134527,縣立佳冬國中,802.0
s112134527066,CO01,2024,134527,縣立佳冬國中,802.0
s112134527067,CO01,2024,134527,縣立佳冬國中,802.0
s112134527068,CO01,2024,134527,縣立佳冬國中,802.0
s112134527069,CO01,2024,134527,縣立佳冬國中,802.0
s112134527070,CO01,2024,134527,縣立佳冬國中,802.0
s112134527071,CO01,2024,134527,縣立佳冬國中,802.0
s112134542024,CO01,2024,134542,縣立萬新國中,八年三班
s112134542025,CO01,2024,134542,縣立萬新國中,八年三班
s112134542026,CO01,2024,134542,縣立萬新國中,八年三班
s112134542027,CO01,2024,134542,縣立萬新國中,八年三班
s112134542028,CO01,2024,134542,縣立萬新國中,八年三班
s112134542029,CO01,2024,134542,縣立萬新國中,八年三班
s112134542030,CO01,2024,134542,縣立萬新國中,八年三班
s112134542032,CO01,2024,134542,縣立萬新國中,八年三班
s112134542033,CO01,2024,134542,縣立萬新國中,八年三班
s112134542034,CO01,2024,134542,縣立萬新國中,八年三班
s112134542035,CO01,2024,134542,縣立萬新國中,八年三班
s112134542037,CO01,2024,134542,縣立萬新國中,八年三班
s112134542038,CO01,2024,134542,縣立萬新國中,八年三班
s112134542039,CO01,2024,134542,縣立萬新國中,八年三班
s112134542040,CO01,2024,134542,縣立萬新國中,八年三班
s112134542042,CO01,2024,134542,縣立萬新國中,八年三班
s112134542043,CO01,2024,134542,縣立萬新國中,八年三班
s112134542047,CO01,2024,134542,縣立萬新國中,八年四班
s112134542048,CO01,2024,134542,縣立萬新國中,八年四班
s112134542049,CO01,2024,134542,縣立萬新國中,八年四班
s112134542050,CO01,2024,134542,縣立萬新國中,八年四班
s112134542051,CO01,2024,134542,縣立萬新國中,八年四班
s112134542052,CO01,2024,134542,縣立萬新國中,八年四班
s112134542053,CO01,2024,134542,縣立萬新國中,八年四班
s112134542054,CO01,2024,134542,縣立萬新國中,八年四班
s112134542055,CO01,2024,134542,縣立萬新國中,八年四班
s112134542056,CO01,2024,134542,縣立萬新國中,八年四班
s112134542057,CO01,2024,134542,縣立萬新國中,八年四班
s112134542058,CO01,2024,134542,縣立萬新國中,八年四班
s112134542059,CO01,2024,134542,縣立萬新國中,八年四班
s112134542060,CO01,2024,134542,縣立萬新國中,八年四班
s112134542061,CO01,2024,134542,縣立萬新國中,八年四班
s112134542062,CO01,2024,134542,縣立萬新國中,八年四班
s112134542064,CO01,2024,134542,縣立萬新國中,八年四班
s112134542065,CO01,2024,134542,縣立萬新國中,八年四班
s112144501024,CO01,2024,144501,縣立新生國中,803.0
s112144501025,CO01,2024,144501,縣立新生國中,803.0
s112144501026,CO01,2024,144501,縣立新生國中,803.0
s112144501027,CO01,2024,144501,縣立新生國中,803.0
s112144501028,CO01,2024,144501,縣立新生國中,803.0
s112144501029,CO01,2024,144501,縣立新生國中,803.0
s112144501030,CO01,2024,144501,縣立新生國中,803.0
s112144501031,CO01,2024,144501,縣立新生國中,803.0
s112144501033,CO01,2024,144501,縣立新生國中,803.0
s112144501034,CO01,2024,144501,縣立新生國中,803.0
s112144501035,CO01,2024,144501,縣立新生國中,803.0
s112144501036,CO01,2024,144501,縣立新生國中,803.0
s112144501037,CO01,2024,144501,縣立新生國中,803.0
s112144501038,CO01,2024,144501,縣立新生國中,803.0
s112144501039,CO01,2024,144501,縣立新生國中,803.0
s112144501040,CO01,2024,144501,縣立新生國中,803.0
s112144501041,CO01,2024,144501,縣立新生國中,803.0
s112144501042,CO01,2024,144501,縣立新生國中,803.0
s112144501043,CO01,2024,144501,縣立新生國中,803.0
s112144501044,CO01,2024,144501,縣立新生國中,803.0
s112144501046,CO01,2024,144501,縣立新生國中,803.0
s112144501047,CO01,2024,144501,縣立新生國中,803.0
s112144501048,CO01,2024,144501,縣立新生國中,803.0
s112144501049,CO01,2024,144501,縣立新生國中,803.0
s112144501050,CO01,2024,144501,縣立新生國中,803.0
s112144501051,CO01,2024,144501,縣立新生國中,803.0
s112144501052,CO01,2024,144501,縣立新生國中,803.0
s112144501055,CO01,2024,144501,縣立新生國中,810.0
s112144501056,CO01,2024,144501,縣立新生國中,810.0
s112144501057,CO01,2024,144501,縣立新生國中,810.0
s112144501058,CO01,2024,144501,縣立新生國中,810.0
s112144501059,CO01,2024,144501,縣立新生國中,810.0
s112144501060,CO01,2024,144501,縣立新生國中,810.0
s112144501061,CO01,2024,144501,縣立新生國中,810.0
s112144501062,CO01,2024,144501,縣立新生國中,810.0
s112144501063,CO01,2024,144501,縣立新生國中,810.0
s112144501064,CO01,2024,144501,縣立新生國中,810.0
s112144501065,CO01,2024,144501,縣立新生國中,810.0
s112144501066,CO01,2024,144501,縣立新生國中,810.0
s112144501067,CO01,2024,144501,縣立新生國中,810.0
s112144501069,CO01,2024,144501,縣立新生國中,810.0
s112144501070,CO01,2024,144501,縣立新生國中,810.0
s112144501071,CO01,2024,144501,縣立新生國中,810.0
s112144501073,CO01,2024,144501,縣立新生國中,810.0
s112144501074,CO01,2024,144501,縣立新生國中,810.0
s112144501075,CO01,2024,144501,縣立新生國中,810.0
s112144501076,CO01,2024,144501,縣立新生國中,810.0
s112144501078,CO01,2024,144501,縣立新生國中,810.0
s112144501079,CO01,2024,144501,縣立新生國中,810.0
s112144501080,CO01,2024,144501,縣立新生國中,810.0
s112144501081,CO01,2024,144501,縣立新生國中,810.0
s112144501082,CO01,2024,144501,縣立新生國中,810.0
s112144501083,CO01,2024,144501,縣立新生國中,810.0
s112144504024,CO01,2024,144504,縣立卑南國中,八年二班
s112144504028,CO01,2024,144504,縣立卑南國中,八年四班
s112144504030,CO01,2024,144504,縣立卑南國中,八年二班
s112144504031,CO01,2024,144504,縣立卑南國中,八年二班
s112144504034,CO01,2024,144504,縣立卑南國中,八年二班
s112144504036,CO01,2024,144504,縣立卑南國中,八年二班
s112144504039,CO01,2024,144504,縣立卑南國中,八年二班
s112144504040,CO01,2024,144504,縣立卑南國中,八年二班
s112144504042,CO01,2024,144504,縣立卑南國中,八年二班
s112144504046,CO01,2024,144504,縣立卑南國中,八年四班
s112144504047,CO01,2024,144504,縣立卑南國中,八年四班
s112144504048,CO01,2024,144504,縣立卑南國中,八年四班
s112144504049,CO01,2024,144504,縣立卑南國中,八年四班
s112144504050,CO01,2024,144504,縣立卑南國中,八年四班
s112144504051,CO01,2024,144504,縣立卑南國中,八年四班
s112144504052,CO01,2024,144504,縣立卑南國中,八年四班
s112144504053,CO01,2024,144504,縣立卑南國中,八年四班
s112144504054,CO01,2024,144504,縣立卑南國中,八年四班
s112144504056,CO01,2024,144504,縣立卑南國中,八年四班
s112144504059,CO01,2024,144504,縣立卑南國中,八年四班
s112144511024,CO01,2024,144511,縣立池上國中,八年一班
s112144511025,CO01,2024,144511,縣立池上國中,八年一班
s112144511026,CO01,2024,144511,縣立池上國中,八年一班
s112144511027,CO01,2024,144511,縣立池上國中,八年一班
s112144511029,CO01,2024,144511,縣立池上國中,八年一班
s112144511030,CO01,2024,144511,縣立池上國中,八年一班
s112144511031,CO01,2024,144511,縣立池上國中,八年一班
s112144511032,CO01,2024,144511,縣立池上國中,八年一班
s112144511033,CO01,2024,144511,縣立池上國中,八年一班
s112144511034,CO01,2024,144511,縣立池上國中,八年一班
s112144511035,CO01,2024,144511,縣立池上國中,八年一班
s112144511036,CO01,2024,144511,縣立池上國中,八年一班
s112144511038,CO01,2024,144511,縣立池上國中,八年一班
s112144511040,CO01,2024,144511,縣立池上國中,八年一班
s112144511041,CO01,2024,144511,縣立池上國中,八年一班
s112144511042,CO01,2024,144511,縣立池上國中,八年一班
s112144511043,CO01,2024,144511,縣立池上國中,八年一班
s112144511044,CO01,2024,144511,縣立池上國中,八年一班
s112144511045,CO01,2024,144511,縣立池上國中,八年一班
s112144511049,CO01,2024,144511,縣立池上國中,八年二班
s112144511050,CO01,2024,144511,縣立池上國中,八年二班
s112144511051,CO01,2024,144511,縣立池上國中,八年二班
s112144511052,CO01,2024,144511,縣立池上國中,八年二班
s112144511053,CO01,2024,144511,縣立池上國中,八年二班
s112144511054,CO01,2024,144511,縣立池上國中,八年二班
s112144511055,CO01,2024,144511,縣立池上國中,八年二班
s112144511056,CO01,2024,144511,縣立池上國中,八年二班
s112144511057,CO01,2024,144511,縣立池上國中,八年二班
s112144511058,CO01,2024,144511,縣立池上國中,八年二班
s112144511059,CO01,2024,144511,縣立池上國中,八年二班
s112144511060,CO01,2024,144511,縣立池上國中,八年二班
s112144511062,CO01,2024,144511,縣立池上國中,八年二班
s112144511063,CO01,2024,144511,縣立池上國中,八年二班
s112144511064,CO01,2024,144511,縣立池上國中,八年二班
s112144511065,CO01,2024,144511,縣立池上國中,八年二班
s112144511066,CO01,2024,144511,縣立池上國中,八年二班
s112144511067,CO01,2024,144511,縣立池上國中,八年二班
s112144511068,CO01,2024,144511,縣立池上國中,八年二班
s112144511071,CO01,2024,144511,縣立池上國中,八年二班
s112144512023,CO01,2024,144512,縣立大王國中,八年二班
s112144512024,CO01,2024,144512,縣立大王國中,八年二班
s112144512025,CO01,2024,144512,縣立大王國中,八年二班
s112144512027,CO01,2024,144512,縣立大王國中,八年二班
s112144512028,CO01,2024,144512,縣立大王國中,八年二班
s112144512029,CO01,2024,144512,縣立大王國中,八年二班
s112144512030,CO01,2024,144512,縣立大王國中,八年二班
s112144512031,CO01,2024,144512,縣立大王國中,八年二班
s112144512032,CO01,2024,144512,縣立大王國中,八年二班
s112144512033,CO01,2024,144512,縣立大王國中,八年二班
s112144512034,CO01,2024,144512,縣立大王國中,八年二班
s112144512035,CO01,2024,144512,縣立大王國中,八年二班
s112144512038,CO01,2024,144512,縣立大王國中,八年二班
s112144512039,CO01,2024,144512,縣立大王國中,八年二班
s112144512041,CO01,2024,144512,縣立大王國中,八年二班
s112144512042,CO01,2024,144512,縣立大王國中,八年二班
s112144512043,CO01,2024,144512,縣立大王國中,八年二班
s112144517025,CO01,2024,144517,縣立新港國中,801.0
s112144517026,CO01,2024,144517,縣立新港國中,801.0
s112144517027,CO01,2024,144517,縣立新港國中,801.0
s112144517028,CO01,2024,144517,縣立新港國中,801.0
s112144517029,CO01,2024,144517,縣立新港國中,801.0
s112144517030,CO01,2024,144517,縣立新港國中,801.0
s112144517031,CO01,2024,144517,縣立新港國中,801.0
s112144517033,CO01,2024,144517,縣立新港國中,801.0
s112144517034,CO01,2024,144517,縣立新港國中,801.0
s112144517035,CO01,2024,144517,縣立新港國中,801.0
s112144517036,CO01,2024,144517,縣立新港國中,801.0
s112144517037,CO01,2024,144517,縣立新港國中,801.0
s112144517038,CO01,2024,144517,縣立新港國中,801.0
s112144517039,CO01,2024,144517,縣立新港國中,801.0
s112144517041,CO01,2024,144517,縣立新港國中,801.0
s112144517042,CO01,2024,144517,縣立新港國中,801.0
s112144517043,CO01,2024,144517,縣立新港國中,801.0
s112144517044,CO01,2024,144517,縣立新港國中,801.0
s112144517050,CO01,2024,144517,縣立新港國中,803.0
s112144517052,CO01,2024,144517,縣立新港國中,803.0
s112144517054,CO01,2024,144517,縣立新港國中,803.0
s112144517056,CO01,2024,144517,縣立新港國中,803.0
s112144517057,CO01,2024,144517,縣立新港國中,803.0
s112144517060,CO01,2024,144517,縣立新港國中,803.0
s112144517062,CO01,2024,144517,縣立新港國中,803.0
s112144517063,CO01,2024,144517,縣立新港國中,803.0
s112144517064,CO01,2024,144517,縣立新港國中,803.0
s112144517065,CO01,2024,144517,縣立新港國中,803.0
s112154501024,CO01,2024,154501,縣立玉里國中,八年二班
s112154501025,CO01,2024,154501,縣立玉里國中,八年二班
s112154501026,CO01,2024,154501,縣立玉里國中,八年二班
s112154501027,CO01,2024,154501,縣立玉里國中,八年二班
s112154501028,CO01,2024,154501,縣立玉里國中,八年二班
s112154501029,CO01,2024,154501,縣立玉里國中,八年二班
s112154501030,CO01,2024,154501,縣立玉里國中,八年二班
s112154501031,CO01,2024,154501,縣立玉里國中,八年二班
s112154501032,CO01,2024,154501,縣立玉里國中,八年二班
s112154501033,CO01,2024,154501,縣立玉里國中,八年二班
s112154501035,CO01,2024,154501,縣立玉里國中,八年二班
s112154501036,CO01,2024,154501,縣立玉里國中,八年二班
s112154501037,CO01,2024,154501,縣立玉里國中,八年二班
s112154501038,CO01,2024,154501,縣立玉里國中,八年二班
s112154501039,CO01,2024,154501,縣立玉里國中,八年二班
s112154501040,CO01,2024,154501,縣立玉里國中,八年二班
s112154501041,CO01,2024,154501,縣立玉里國中,八年二班
s112154501042,CO01,2024,154501,縣立玉里國中,八年二班
s112154501043,CO01,2024,154501,縣立玉里國中,八年二班
s112154501044,CO01,2024,154501,縣立玉里國中,八年二班
s112154501045,CO01,2024,154501,縣立玉里國中,八年二班
s112154501046,CO01,2024,154501,縣立玉里國中,八年二班
s112154501047,CO01,2024,154501,縣立玉里國中,八年二班
s112154501048,CO01,2024,154501,縣立玉里國中,八年二班
s112154501051,CO01,2024,154501,縣立玉里國中,八年五班
s112154501053,CO01,2024,154501,縣立玉里國中,八年五班
s112154501054,CO01,2024,154501,縣立玉里國中,八年五班
s112154501055,CO01,2024,154501,縣立玉里國中,八年五班
s112154501056,CO01,2024,154501,縣立玉里國中,八年五班
s112154501058,CO01,2024,154501,縣立玉里國中,八年五班
s112154501060,CO01,2024,154501,縣立玉里國中,八年五班
s112154501061,CO01,2024,154501,縣立玉里國中,八年五班
s112154501062,CO01,2024,154501,縣立玉里國中,八年五班
s112154501063,CO01,2024,154501,縣立玉里國中,八年五班
s112154501064,CO01,2024,154501,縣立玉里國中,八年五班
s112154501067,CO01,2024,154501,縣立玉里國中,八年五班
s112154501068,CO01,2024,154501,縣立玉里國中,八年五班
s112154501069,CO01,2024,154501,縣立玉里國中,八年五班
s112154501070,CO01,2024,154501,縣立玉里國中,八年五班
s112154501071,CO01,2024,154501,縣立玉里國中,八年五班
s112154501072,CO01,2024,154501,縣立玉里國中,八年五班
s112154501073,CO01,2024,154501,縣立玉里國中,八年五班
s112154501074,CO01,2024,154501,縣立玉里國中,八年五班
s112154501076,CO01,2024,154501,縣立玉里國中,八年五班
s112154505024,CO01,2024,154505,縣立花崗國中,801.0
s112154505026,CO01,2024,154505,縣立花崗國中,801.0
s112154505027,CO01,2024,154505,縣立花崗國中,801.0
s112154505028,CO01,2024,154505,縣立花崗國中,801.0
s112154505029,CO01,2024,154505,縣立花崗國中,801.0
s112154505031,CO01,2024,154505,縣立花崗國中,801.0
s112154505032,CO01,2024,154505,縣立花崗國中,801.0
s112154505033,CO01,2024,154505,縣立花崗國中,801.0
s112154505034,CO01,2024,154505,縣立花崗國中,801.0
s112154505035,CO01,2024,154505,縣立花崗國中,801.0
s112154505036,CO01,2024,154505,縣立花崗國中,801.0
s112154505037,CO01,2024,154505,縣立花崗國中,801.0
s112154505038,CO01,2024,154505,縣立花崗國中,801.0
s112154505039,CO01,2024,154505,縣立花崗國中,801.0
s112154505040,CO01,2024,154505,縣立花崗國中,801.0
s112154505041,CO01,2024,154505,縣立花崗國中,801.0
s112154505043,CO01,2024,154505,縣立花崗國中,801.0
s112154505044,CO01,2024,154505,縣立花崗國中,801.0
s112154505045,CO01,2024,154505,縣立花崗國中,801.0
s112154505046,CO01,2024,154505,縣立花崗國中,801.0
s112154505047,CO01,2024,154505,縣立花崗國中,801.0
s112154505048,CO01,2024,154505,縣立花崗國中,801.0
s112154505049,CO01,2024,154505,縣立花崗國中,801.0
s112154505051,CO01,2024,154505,縣立花崗國中,801.0
s112154505055,CO01,2024,154505,縣立花崗國中,807.0
s112154505056,CO01,2024,154505,縣立花崗國中,807.0
s112154505057,CO01,2024,154505,縣立花崗國中,807.0
s112154505058,CO01,2024,154505,縣立花崗國中,807.0
s112154505059,CO01,2024,154505,縣立花崗國中,807.0
s112154505060,CO01,2024,154505,縣立花崗國中,807.0
s112154505061,CO01,2024,154505,縣立花崗國中,807.0
s112154505062,CO01,2024,154505,縣立花崗國中,807.0
s112154505063,CO01,2024,154505,縣立花崗國中,807.0
s112154505064,CO01,2024,154505,縣立花崗國中,807.0
s112154505065,CO01,2024,154505,縣立花崗國中,807.0
s112154505066,CO01,2024,154505,縣立花崗國中,807.0
s112154505067,CO01,2024,154505,縣立花崗國中,807.0
s112154505068,CO01,2024,154505,縣立花崗國中,807.0
s112154505069,CO01,2024,154505,縣立花崗國中,807.0
s112154505070,CO01,2024,154505,縣立花崗國中,807.0
s112154505071,CO01,2024,154505,縣立花崗國中,807.0
s112154505074,CO01,2024,154505,縣立花崗國中,807.0
s112154505075,CO01,2024,154505,縣立花崗國中,807.0
s112154505077,CO01,2024,154505,縣立花崗國中,807.0
s112154505079,CO01,2024,154505,縣立花崗國中,807.0
s112154505080,CO01,2024,154505,縣立花崗國中,807.0
s112154505081,CO01,2024,154505,縣立花崗國中,807.0
s112154505082,CO01,2024,154505,縣立花崗國中,807.0
s112154506045,CO01,2024,154506,縣立國風國中,807.0
s112154506047,CO01,2024,154506,縣立國風國中,807.0
s112154506048,CO01,2024,154506,縣立國風國中,807.0
s112154506049,CO01,2024,154506,縣立國風國中,807.0
s112154506050,CO01,2024,154506,縣立國風國中,807.0
s112154506051,CO01,2024,154506,縣立國風國中,807.0
s112154506052,CO01,2024,154506,縣立國風國中,807.0
s112154506053,CO01,2024,154506,縣立國風國中,807.0
s112154506054,CO01,2024,154506,縣立國風國中,807.0
s112154506055,CO01,2024,154506,縣立國風國中,807.0
s112154506056,CO01,2024,154506,縣立國風國中,807.0
s112154506057,CO01,2024,154506,縣立國風國中,807.0
s112154506058,CO01,2024,154506,縣立國風國中,807.0
s112154506060,CO01,2024,154506,縣立國風國中,807.0
s112154506062,CO01,2024,154506,縣立國風國中,807.0
s112154506064,CO01,2024,154506,縣立國風國中,807.0
s112154506065,CO01,2024,154506,縣立國風國中,807.0
s112154506066,CO01,2024,154506,縣立國風國中,807.0
s112154506067,CO01,2024,154506,縣立國風國中,807.0
s112154506068,CO01,2024,154506,縣立國風國中,807.0
s112154506069,CO01,2024,154506,縣立國風國中,807.0
s112154506070,CO01,2024,154506,縣立國風國中,807.0
s112154506071,CO01,2024,154506,縣立國風國中,807.0
s112154506072,CO01,2024,154506,縣立國風國中,807.0
s112154506075,CO01,2024,154506,縣立國風國中,815.0
s112154506076,CO01,2024,154506,縣立國風國中,815.0
s112154506077,CO01,2024,154506,縣立國風國中,815.0
s112154506079,CO01,2024,154506,縣立國風國中,815.0
s112154506081,CO01,2024,154506,縣立國風國中,815.0
s112154506082,CO01,2024,154506,縣立國風國中,815.0
s112154506083,CO01,2024,154506,縣立國風國中,815.0
s112154506084,CO01,2024,154506,縣立國風國中,815.0
s112154506085,CO01,2024,154506,縣立國風國中,815.0
s112154506086,CO01,2024,154506,縣立國風國中,815.0
s112154506087,CO01,2024,154506,縣立國風國中,815.0
s112154506088,CO01,2024,154506,縣立國風國中,815.0
s112154506089,CO01,2024,154506,縣立國風國中,815.0
s112154506090,CO01,2024,154506,縣立國風國中,815.0
s112154506093,CO01,2024,154506,縣立國風國中,815.0
s112154506095,CO01,2024,154506,縣立國風國中,815.0
s112154506096,CO01,2024,154506,縣立國風國中,815.0
s112154506098,CO01,2024,154506,縣立國風國中,815.0
s112154506100,CO01,2024,154506,縣立國風國中,815.0
s112154506101,CO01,2024,154506,縣立國風國中,815.0
s112154513025,CO01,2024,154513,縣立光復國中,八年一班
s112154513026,CO01,2024,154513,縣立光復國中,八年一班
s112154513027,CO01,2024,154513,縣立光復國中,八年一班
s112154513028,CO01,2024,154513,縣立光復國中,八年一班
s112154513029,CO01,2024,154513,縣立光復國中,八年一班
s112154513031,CO01,2024,154513,縣立光復國中,八年一班
s112154513032,CO01,2024,154513,縣立光復國中,八年一班
s112154513033,CO01,2024,154513,縣立光復國中,八年一班
s112154513037,CO01,2024,154513,縣立光復國中,八年一班
s112154513038,CO01,2024,154513,縣立光復國中,八年一班
s112154513039,CO01,2024,154513,縣立光復國中,八年一班
s112154513040,CO01,2024,154513,縣立光復國中,八年一班
s112154513041,CO01,2024,154513,縣立光復國中,八年一班
s112154513042,CO01,2024,154513,縣立光復國中,八年一班
s112154513043,CO01,2024,154513,縣立光復國中,八年一班
s112154513046,CO01,2024,154513,縣立光復國中,八年一班
s112154513047,CO01,2024,154513,縣立光復國中,八年一班
s112154513050,CO01,2024,154513,縣立光復國中,八年二班
s112154513051,CO01,2024,154513,縣立光復國中,八年二班
s112154513052,CO01,2024,154513,縣立光復國中,八年二班
s112154513053,CO01,2024,154513,縣立光復國中,八年二班
s112154513054,CO01,2024,154513,縣立光復國中,八年二班
s112154513055,CO01,2024,154513,縣立光復國中,八年二班
s112154513057,CO01,2024,154513,縣立光復國中,八年二班
s112154513059,CO01,2024,154513,縣立光復國中,八年二班
s112154513061,CO01,2024,154513,縣立光復國中,八年二班
s112154513062,CO01,2024,154513,縣立光復國中,八年二班
s112154513063,CO01,2024,154513,縣立光復國中,八年二班
s112154513064,CO01,2024,154513,縣立光復國中,八年二班
s112154513065,CO01,2024,154513,縣立光復國中,八年二班
s112154513066,CO01,2024,154513,縣立光復國中,八年二班
s112154513067,CO01,2024,154513,縣立光復國中,八年二班
s112154513068,CO01,2024,154513,縣立光復國中,八年二班
s112154513069,CO01,2024,154513,縣立光復國中,八年二班
s112154513070,CO01,2024,154513,縣立光復國中,八年二班
s112154513071,CO01,2024,154513,縣立光復國中,八年二班
s112154513072,CO01,2024,154513,縣立光復國中,八年二班
s112154515024,CO01,2024,154515,縣立鳳林國中,801.0
s112154515025,CO01,2024,154515,縣立鳳林國中,801.0
s112154515026,CO01,2024,154515,縣立鳳林國中,801.0
s112154515027,CO01,2024,154515,縣立鳳林國中,801.0
s112154515030,CO01,2024,154515,縣立鳳林國中,801.0
s112154515033,CO01,2024,154515,縣立鳳林國中,801.0
s112154515036,CO01,2024,154515,縣立鳳林國中,801.0
s112154515038,CO01,2024,154515,縣立鳳林國中,801.0
s112154515039,CO01,2024,154515,縣立鳳林國中,801.0
s112154515040,CO01,2024,154515,縣立鳳林國中,801.0
s112154515041,CO01,2024,154515,縣立鳳林國中,801.0
s112154515043,CO01,2024,154515,縣立鳳林國中,801.0
s112154515045,CO01,2024,154515,縣立鳳林國中,803.0
s112154515047,CO01,2024,154515,縣立鳳林國中,803.0
s112154515048,CO01,2024,154515,縣立鳳林國中,803.0
s112154515049,CO01,2024,154515,縣立鳳林國中,803.0
s112154515050,CO01,2024,154515,縣立鳳林國中,803.0
s112154515051,CO01,2024,154515,縣立鳳林國中,803.0
s112154515052,CO01,2024,154515,縣立鳳林國中,803.0
s112154515053,CO01,2024,154515,縣立鳳林國中,803.0
s112154515054,CO01,2024,154515,縣立鳳林國中,803.0
s112154515055,CO01,2024,154515,縣立鳳林國中,803.0
s112154515057,CO01,2024,154515,縣立鳳林國中,803.0
s112154515058,CO01,2024,154515,縣立鳳林國中,803.0
s112154515059,CO01,2024,154515,縣立鳳林國中,803.0
s112154515060,CO01,2024,154515,縣立鳳林國中,803.0
s112154515061,CO01,2024,154515,縣立鳳林國中,803.0
s112154515063,CO01,2024,154515,縣立鳳林國中,803.0
s112154515064,CO01,2024,154515,縣立鳳林國中,803.0
s112154522026,CO01,2024,154522,縣立自強國中,801.0
s112154522034,CO01,2024,154522,縣立自強國中,801.0
s112154522035,CO01,2024,154522,縣立自強國中,801.0
s112154522047,CO01,2024,154522,縣立自強國中,801.0
s112154522060,CO01,2024,154522,縣立自強國中,804.0
s112154522069,CO01,2024,154522,縣立自強國中,804.0
s112154522070,CO01,2024,154522,縣立自強國中,804.0
s112164501025,CO01,2024,164501,縣立馬公國中,801.0
s112164501026,CO01,2024,164501,縣立馬公國中,801.0
s112164501028,CO01,2024,164501,縣立馬公國中,801.0
s112164501029,CO01,2024,164501,縣立馬公國中,801.0
s112164501030,CO01,2024,164501,縣立馬公國中,801.0
s112164501031,CO01,2024,164501,縣立馬公國中,801.0
s112164501032,CO01,2024,164501,縣立馬公國中,801.0
s112164501034,CO01,2024,164501,縣立馬公國中,801.0
s112164501035,CO01,2024,164501,縣立馬公國中,801.0
s112164501036,CO01,2024,164501,縣立馬公國中,801.0
s112164501037,CO01,2024,164501,縣立馬公國中,801.0
s112164501039,CO01,2024,164501,縣立馬公國中,801.0
s112164501040,CO01,2024,164501,縣立馬公國中,801.0
s112164501041,CO01,2024,164501,縣立馬公國中,801.0
s112164501043,CO01,2024,164501,縣立馬公國中,801.0
s112164501045,CO01,2024,164501,縣立馬公國中,801.0
s112164501046,CO01,2024,164501,縣立馬公國中,801.0
s112164501048,CO01,2024,164501,縣立馬公國中,801.0
s112164501049,CO01,2024,164501,縣立馬公國中,801.0
s112164501052,CO01,2024,164501,縣立馬公國中,805.0
s112164501053,CO01,2024,164501,縣立馬公國中,805.0
s112164501054,CO01,2024,164501,縣立馬公國中,805.0
s112164501057,CO01,2024,164501,縣立馬公國中,805.0
s112164501058,CO01,2024,164501,縣立馬公國中,805.0
s112164501059,CO01,2024,164501,縣立馬公國中,805.0
s112164501060,CO01,2024,164501,縣立馬公國中,805.0
s112164501061,CO01,2024,164501,縣立馬公國中,805.0
s112164501062,CO01,2024,164501,縣立馬公國中,805.0
s112164501064,CO01,2024,164501,縣立馬公國中,805.0
s112164501066,CO01,2024,164501,縣立馬公國中,805.0
s112164501068,CO01,2024,164501,縣立馬公國中,805.0
s112164501069,CO01,2024,164501,縣立馬公國中,805.0
s112164501070,CO01,2024,164501,縣立馬公國中,805.0
s112164501071,CO01,2024,164501,縣立馬公國中,805.0
s112164501073,CO01,2024,164501,縣立馬公國中,805.0
s112164501075,CO01,2024,164501,縣立馬公國中,805.0
s112164513025,CO01,2024,164513,縣立文光國中,801.0
s112164513026,CO01,2024,164513,縣立文光國中,801.0
s112164513027,CO01,2024,164513,縣立文光國中,801.0
s112164513028,CO01,2024,164513,縣立文光國中,801.0
s112164513029,CO01,2024,164513,縣立文光國中,801.0
s112164513030,CO01,2024,164513,縣立文光國中,801.0
s112164513031,CO01,2024,164513,縣立文光國中,801.0
s112164513032,CO01,2024,164513,縣立文光國中,801.0
s112164513033,CO01,2024,164513,縣立文光國中,801.0
s112164513034,CO01,2024,164513,縣立文光國中,801.0
s112164513035,CO01,2024,164513,縣立文光國中,801.0
s112164513036,CO01,2024,164513,縣立文光國中,801.0
s112164513038,CO01,2024,164513,縣立文光國中,801.0
s112164513040,CO01,2024,164513,縣立文光國中,801.0
s112164513041,CO01,2024,164513,縣立文光國中,801.0
s112164513042,CO01,2024,164513,縣立文光國中,801.0
s112164513044,CO01,2024,164513,縣立文光國中,801.0
s112164513045,CO01,2024,164513,縣立文光國中,801.0
s112164513046,CO01,2024,164513,縣立文光國中,801.0
s112164513049,CO01,2024,164513,縣立文光國中,803.0
s112164513051,CO01,2024,164513,縣立文光國中,803.0
s112164513052,CO01,2024,164513,縣立文光國中,803.0
s112164513053,CO01,2024,164513,縣立文光國中,803.0
s112164513054,CO01,2024,164513,縣立文光國中,803.0
s112164513056,CO01,2024,164513,縣立文光國中,803.0
s112164513057,CO01,2024,164513,縣立文光國中,803.0
s112164513058,CO01,2024,164513,縣立文光國中,803.0
s112164513060,CO01,2024,164513,縣立文光國中,803.0
s112164513062,CO01,2024,164513,縣立文光國中,803.0
s112164513064,CO01,2024,164513,縣立文光國中,803.0
s112164513065,CO01,2024,164513,縣立文光國中,803.0
s112164513066,CO01,2024,164513,縣立文光國中,803.0
s112164513067,CO01,2024,164513,縣立文光國中,803.0
s112164513068,CO01,2024,164513,縣立文光國中,803.0
s112164513069,CO01,2024,164513,縣立文光國中,803.0
s112164513071,CO01,2024,164513,縣立文光國中,803.0
s112171306024,CO01,2024,171306,私立二信高中附設國中,804.0
s112171306026,CO01,2024,171306,私立二信高中附設國中,804.0
s112171306028,CO01,2024,171306,私立二信高中附設國中,804.0
s112171306030,CO01,2024,171306,私立二信高中附設國中,804.0
s112171306033,CO01,2024,171306,私立二信高中附設國中,804.0
s112171306035,CO01,2024,171306,私立二信高中附設國中,804.0
s112171306039,CO01,2024,171306,私立二信高中附設國中,804.0
s112171306040,CO01,2024,171306,私立二信高中附設國中,804.0
s112171306041,CO01,2024,171306,私立二信高中附設國中,804.0
s112171306042,CO01,2024,171306,私立二信高中附設國中,804.0
s112171306044,CO01,2024,171306,私立二信高中附設國中,804.0
s112171306045,CO01,2024,171306,私立二信高中附設國中,804.0
s112171306047,CO01,2024,171306,私立二信高中附設國中,804.0
s112171306049,CO01,2024,171306,私立二信高中附設國中,804.0
s112171306052,CO01,2024,171306,私立二信高中附設國中,804.0
s112171306053,CO01,2024,171306,私立二信高中附設國中,804.0
s112171306054,CO01,2024,171306,私立二信高中附設國中,804.0
s112171306056,CO01,2024,171306,私立二信高中附設國中,804.0
s112171306057,CO01,2024,171306,私立二信高中附設國中,804.0
s112171306058,CO01,2024,171306,私立二信高中附設國中,804.0
s112171306059,CO01,2024,171306,私立二信高中附設國中,804.0
s112171306060,CO01,2024,171306,私立二信高中附設國中,804.0
s112171306061,CO01,2024,171306,私立二信高中附設國中,804.0
s112171306062,CO01,2024,171306,私立二信高中附設國中,804.0
s112171306064,CO01,2024,171306,私立二信高中附設國中,804.0
s112171306066,CO01,2024,171306,私立二信高中附設國中,804.0
s112171306069,CO01,2024,171306,私立二信高中附設國中,809.0
s112171306070,CO01,2024,171306,私立二信高中附設國中,809.0
s112171306071,CO01,2024,171306,私立二信高中附設國中,809.0
s112171306072,CO01,2024,171306,私立二信高中附設國中,809.0
s112171306073,CO01,2024,171306,私立二信高中附設國中,809.0
s112171306074,CO01,2024,171306,私立二信高中附設國中,809.0
s112171306076,CO01,2024,171306,私立二信高中附設國中,809.0
s112171306077,CO01,2024,171306,私立二信高中附設國中,809.0
s112171306078,CO01,2024,171306,私立二信高中附設國中,809.0
s112171306080,CO01,2024,171306,私立二信高中附設國中,809.0
s112171306081,CO01,2024,171306,私立二信高中附設國中,809.0
s112171306082,CO01,2024,171306,私立二信高中附設國中,809.0
s112171306083,CO01,2024,171306,私立二信高中附設國中,809.0
s112171306084,CO01,2024,171306,私立二信高中附設國中,809.0
s112171306085,CO01,2024,171306,私立二信高中附設國中,809.0
s112171306087,CO01,2024,171306,私立二信高中附設國中,809.0
s112171306088,CO01,2024,171306,私立二信高中附設國中,809.0
s112171306089,CO01,2024,171306,私立二信高中附設國中,809.0
s112171306090,CO01,2024,171306,私立二信高中附設國中,809.0
s112171306091,CO01,2024,171306,私立二信高中附設國中,809.0
s112171306092,CO01,2024,171306,私立二信高中附設國中,809.0
s112171306093,CO01,2024,171306,私立二信高中附設國中,809.0
s112171306094,CO01,2024,171306,私立二信高中附設國中,809.0
s112171306096,CO01,2024,171306,私立二信高中附設國中,809.0
s112171306097,CO01,2024,171306,私立二信高中附設國中,809.0
s112171306099,CO01,2024,171306,私立二信高中附設國中,809.0
s112171306100,CO01,2024,171306,私立二信高中附設國中,809.0
s112171306101,CO01,2024,171306,私立二信高中附設國中,809.0
s112171306102,CO01,2024,171306,私立二信高中附設國中,809.0
s112171306103,CO01,2024,171306,私立二信高中附設國中,809.0
s112171306104,CO01,2024,171306,私立二信高中附設國中,809.0
s112171306105,CO01,2024,171306,私立二信高中附設國中,809.0
s112171306106,CO01,2024,171306,私立二信高中附設國中,809.0
s112171306107,CO01,2024,171306,私立二信高中附設國中,809.0
s112171306109,CO01,2024,171306,私立二信高中附設國中,809.0
s112171306111,CO01,2024,171306,私立二信高中附設國中,809.0
s112171306112,CO01,2024,171306,私立二信高中附設國中,809.0
s112183502274,CO01,2024,183502,市立培英國中,801.0
s112183502276,CO01,2024,183502,市立培英國中,801.0
s112183502277,CO01,2024,183502,市立培英國中,801.0
s112183502278,CO01,2024,183502,市立培英國中,801.0
s112183502279,CO01,2024,183502,市立培英國中,801.0
s112183502280,CO01,2024,183502,市立培英國中,801.0
s112183502281,CO01,2024,183502,市立培英國中,801.0
s112183502282,CO01,2024,183502,市立培英國中,801.0
s112183502283,CO01,2024,183502,市立培英國中,801.0
s112183502284,CO01,2024,183502,市立培英國中,801.0
s112183502285,CO01,2024,183502,市立培英國中,801.0
s112183502286,CO01,2024,183502,市立培英國中,801.0
s112183502287,CO01,2024,183502,市立培英國中,801.0
s112183502288,CO01,2024,183502,市立培英國中,801.0
s112183502289,CO01,2024,183502,市立培英國中,801.0
s112183502290,CO01,2024,183502,市立培英國中,801.0
s112183502291,CO01,2024,183502,市立培英國中,801.0
s112183502292,CO01,2024,183502,市立培英國中,801.0
s112183502293,CO01,2024,183502,市立培英國中,801.0
s112183502294,CO01,2024,183502,市立培英國中,801.0
s112183502295,CO01,2024,183502,市立培英國中,801.0
s112183502297,CO01,2024,183502,市立培英國中,801.0
s112183502298,CO01,2024,183502,市立培英國中,801.0
s112183502299,CO01,2024,183502,市立培英國中,801.0
s112183502304,CO01,2024,183502,市立培英國中,814.0
s112183502306,CO01,2024,183502,市立培英國中,814.0
s112183502309,CO01,2024,183502,市立培英國中,814.0
s112183502310,CO01,2024,183502,市立培英國中,814.0
s112183502313,CO01,2024,183502,市立培英國中,814.0
s112183502314,CO01,2024,183502,市立培英國中,814.0
s112183502315,CO01,2024,183502,市立培英國中,814.0
s112183502317,CO01,2024,183502,市立培英國中,814.0
s112183502318,CO01,2024,183502,市立培英國中,814.0
s112183502321,CO01,2024,183502,市立培英國中,814.0
s112183502322,CO01,2024,183502,市立培英國中,814.0
s112183502323,CO01,2024,183502,市立培英國中,814.0
s112183502324,CO01,2024,183502,市立培英國中,814.0
s112183502325,CO01,2024,183502,市立培英國中,814.0
s112183502326,CO01,2024,183502,市立培英國中,814.0
s112183502327,CO01,2024,183502,市立培英國中,814.0
s112183502328,CO01,2024,183502,市立培英國中,814.0
s112183502329,CO01,2024,183502,市立培英國中,814.0
s112183502330,CO01,2024,183502,市立培英國中,814.0
s112183502331,CO01,2024,183502,市立培英國中,814.0
s112183510024,CO01,2024,183510,市立三民國中,807.0
s112183510025,CO01,2024,183510,市立三民國中,807.0
s112183510026,CO01,2024,183510,市立三民國中,807.0
s112183510028,CO01,2024,183510,市立三民國中,807.0
s112183510029,CO01,2024,183510,市立三民國中,807.0
s112183510031,CO01,2024,183510,市立三民國中,807.0
s112183510032,CO01,2024,183510,市立三民國中,807.0
s112183510033,CO01,2024,183510,市立三民國中,807.0
s112183510034,CO01,2024,183510,市立三民國中,807.0
s112183510035,CO01,2024,183510,市立三民國中,807.0
s112183510037,CO01,2024,183510,市立三民國中,807.0
s112183510038,CO01,2024,183510,市立三民國中,807.0
s112183510039,CO01,2024,183510,市立三民國中,807.0
s112183510040,CO01,2024,183510,市立三民國中,807.0
s112183510042,CO01,2024,183510,市立三民國中,807.0
s112183510043,CO01,2024,183510,市立三民國中,807.0
s112183510044,CO01,2024,183510,市立三民國中,807.0
s112183510046,CO01,2024,183510,市立三民國中,807.0
s112183510048,CO01,2024,183510,市立三民國中,807.0
s112183510049,CO01,2024,183510,市立三民國中,807.0
s112183510050,CO01,2024,183510,市立三民國中,807.0
s112183510051,CO01,2024,183510,市立三民國中,807.0
s112183510054,CO01,2024,183510,市立三民國中,820.0
s112183510056,CO01,2024,183510,市立三民國中,820.0
s112183510058,CO01,2024,183510,市立三民國中,820.0
s112183510059,CO01,2024,183510,市立三民國中,820.0
s112183510060,CO01,2024,183510,市立三民國中,820.0
s112183510061,CO01,2024,183510,市立三民國中,820.0
s112183510062,CO01,2024,183510,市立三民國中,820.0
s112183510064,CO01,2024,183510,市立三民國中,820.0
s112183510065,CO01,2024,183510,市立三民國中,820.0
s112183510066,CO01,2024,183510,市立三民國中,820.0
s112183510067,CO01,2024,183510,市立三民國中,820.0
s112183510069,CO01,2024,183510,市立三民國中,820.0
s112183510070,CO01,2024,183510,市立三民國中,820.0
s112183510071,CO01,2024,183510,市立三民國中,820.0
s112183510072,CO01,2024,183510,市立三民國中,820.0
s112183510074,CO01,2024,183510,市立三民國中,820.0
s112183510075,CO01,2024,183510,市立三民國中,820.0
s112183510076,CO01,2024,183510,市立三民國中,820.0
s112183510077,CO01,2024,183510,市立三民國中,820.0
s112183510078,CO01,2024,183510,市立三民國中,820.0
s112183510079,CO01,2024,183510,市立三民國中,820.0
s112183510080,CO01,2024,183510,市立三民國中,820.0
s112191309024,CO01,2024,191309,私立明德高中附設國中,國二丁
s112191309025,CO01,2024,191309,私立明德高中附設國中,國二丁
s112191309026,CO01,2024,191309,私立明德高中附設國中,國二丁
s112191309027,CO01,2024,191309,私立明德高中附設國中,國二丁
s112191309029,CO01,2024,191309,私立明德高中附設國中,國二丁
s112191309030,CO01,2024,191309,私立明德高中附設國中,國二丁
s112191309034,CO01,2024,191309,私立明德高中附設國中,國二丁
s112191309036,CO01,2024,191309,私立明德高中附設國中,國二丁
s112191309037,CO01,2024,191309,私立明德高中附設國中,國二丁
s112191309038,CO01,2024,191309,私立明德高中附設國中,國二丁
s112191309040,CO01,2024,191309,私立明德高中附設國中,國二丁
s112191309041,CO01,2024,191309,私立明德高中附設國中,國二丁
s112191309042,CO01,2024,191309,私立明德高中附設國中,國二丁
s112191309043,CO01,2024,191309,私立明德高中附設國中,國二丁
s112191309044,CO01,2024,191309,私立明德高中附設國中,國二丁
s112191309045,CO01,2024,191309,私立明德高中附設國中,國二丁
s112191309046,CO01,2024,191309,私立明德高中附設國中,國二丁
s112191309047,CO01,2024,191309,私立明德高中附設國中,國二丁
s112191309050,CO01,2024,191309,私立明德高中附設國中,國二丁
s112191309052,CO01,2024,191309,私立明德高中附設國中,國二丁
s112191309054,CO01,2024,191309,私立明德高中附設國中,國二丁
s112191309055,CO01,2024,191309,私立明德高中附設國中,國二丁
s112191309056,CO01,2024,191309,私立明德高中附設國中,國二丁
s112191309058,CO01,2024,191309,私立明德高中附設國中,國二丁
s112191309059,CO01,2024,191309,私立明德高中附設國中,國二丁
s112191309060,CO01,2024,191309,私立明德高中附設國中,國二丁
s112191309061,CO01,2024,191309,私立明德高中附設國中,國二丁
s112191309062,CO01,2024,191309,私立明德高中附設國中,國二丁
s112191311024,CO01,2024,191311,私立衛道高中附設國中,國二5
s112191311025,CO01,2024,191311,私立衛道高中附設國中,國二5
s112191311026,CO01,2024,191311,私立衛道高中附設國中,國二5
s112191311027,CO01,2024,191311,私立衛道高中附設國中,國二5
s112191311028,CO01,2024,191311,私立衛道高中附設國中,國二5
s112191311029,CO01,2024,191311,私立衛道高中附設國中,國二5
s112191311030,CO01,2024,191311,私立衛道高中附設國中,國二5
s112191311032,CO01,2024,191311,私立衛道高中附設國中,國二5
s112191311034,CO01,2024,191311,私立衛道高中附設國中,國二5
s112191311035,CO01,2024,191311,私立衛道高中附設國中,國二5
s112191311037,CO01,2024,191311,私立衛道高中附設國中,國二5
s112191311038,CO01,2024,191311,私立衛道高中附設國中,國二5
s112191311040,CO01,2024,191311,私立衛道高中附設國中,國二5
s112191311041,CO01,2024,191311,私立衛道高中附設國中,國二5
s112191311042,CO01,2024,191311,私立衛道高中附設國中,國二5
s112191311043,CO01,2024,191311,私立衛道高中附設國中,國二5
s112191311044,CO01,2024,191311,私立衛道高中附設國中,國二5
s112191311045,CO01,2024,191311,私立衛道高中附設國中,國二5
s112191311046,CO01,2024,191311,私立衛道高中附設國中,國二5
s112191311047,CO01,2024,191311,私立衛道高中附設國中,國二5
s112191311048,CO01,2024,191311,私立衛道高中附設國中,國二5
s112191311049,CO01,2024,191311,私立衛道高中附設國中,國二5
s112191311050,CO01,2024,191311,私立衛道高中附設國中,國二5
s112191311051,CO01,2024,191311,私立衛道高中附設國中,國二5
s112191311052,CO01,2024,191311,私立衛道高中附設國中,國二5
s112191311053,CO01,2024,191311,私立衛道高中附設國中,國二5
s112191311054,CO01,2024,191311,私立衛道高中附設國中,國二5
s112191311055,CO01,2024,191311,私立衛道高中附設國中,國二5
s112191311056,CO01,2024,191311,私立衛道高中附設國中,國二5
s112191311058,CO01,2024,191311,私立衛道高中附設國中,國二5
s112191311059,CO01,2024,191311,私立衛道高中附設國中,國二5
s112191311060,CO01,2024,191311,私立衛道高中附設國中,國二5
s112191311061,CO01,2024,191311,私立衛道高中附設國中,國二5
s112191311062,CO01,2024,191311,私立衛道高中附設國中,國二5
s112191311063,CO01,2024,191311,私立衛道高中附設國中,國二5
s112191311064,CO01,2024,191311,私立衛道高中附設國中,國二5
s112191311065,CO01,2024,191311,私立衛道高中附設國中,國二5
s112191311066,CO01,2024,191311,私立衛道高中附設國中,國二5
s112191311067,CO01,2024,191311,私立衛道高中附設國中,國二5
s112191311068,CO01,2024,191311,私立衛道高中附設國中,國二5
s112191311069,CO01,2024,191311,私立衛道高中附設國中,國二5
s112191311070,CO01,2024,191311,私立衛道高中附設國中,國二5
s112191311071,CO01,2024,191311,私立衛道高中附設國中,國二5
s112191311072,CO01,2024,191311,私立衛道高中附設國中,國二5
s112191311075,CO01,2024,191311,私立衛道高中附設國中,國二14
s112191311076,CO01,2024,191311,私立衛道高中附設國中,國二14
s112191311077,CO01,2024,191311,私立衛道高中附設國中,國二14
s112191311078,CO01,2024,191311,私立衛道高中附設國中,國二14
s112191311079,CO01,2024,191311,私立衛道高中附設國中,國二14
s112191311080,CO01,2024,191311,私立衛道高中附設國中,國二14
s112191311081,CO01,2024,191311,私立衛道高中附設國中,國二14
s112191311082,CO01,2024,191311,私立衛道高中附設國中,國二14
s112191311083,CO01,2024,191311,私立衛道高中附設國中,國二14
s112191311084,CO01,2024,191311,私立衛道高中附設國中,國二14
s112191311085,CO01,2024,191311,私立衛道高中附設國中,國二14
s112191311086,CO01,2024,191311,私立衛道高中附設國中,國二14
s112191311087,CO01,2024,191311,私立衛道高中附設國中,國二14
s112191311088,CO01,2024,191311,私立衛道高中附設國中,國二14
s112191311089,CO01,2024,191311,私立衛道高中附設國中,國二14
s112191311090,CO01,2024,191311,私立衛道高中附設國中,國二14
s112191311091,CO01,2024,191311,私立衛道高中附設國中,國二14
s112191311092,CO01,2024,191311,私立衛道高中附設國中,國二14
s112191311093,CO01,2024,191311,私立衛道高中附設國中,國二14
s112191311094,CO01,2024,191311,私立衛道高中附設國中,國二14
s112191311095,CO01,2024,191311,私立衛道高中附設國中,國二14
s112191311097,CO01,2024,191311,私立衛道高中附設國中,國二14
s112191311098,CO01,2024,191311,私立衛道高中附設國中,國二14
s112191311099,CO01,2024,191311,私立衛道高中附設國中,國二14
s112191311100,CO01,2024,191311,私立衛道高中附設國中,國二14
s112191311101,CO01,2024,191311,私立衛道高中附設國中,國二14
s112191311102,CO01,2024,191311,私立衛道高中附設國中,國二14
s112191311103,CO01,2024,191311,私立衛道高中附設國中,國二14
s112191311104,CO01,2024,191311,私立衛道高中附設國中,國二14
s112191311105,CO01,2024,191311,私立衛道高中附設國中,國二14
s112191311107,CO01,2024,191311,私立衛道高中附設國中,國二14
s112191311108,CO01,2024,191311,私立衛道高中附設國中,國二14
s112191311109,CO01,2024,191311,私立衛道高中附設國中,國二14
s112191311110,CO01,2024,191311,私立衛道高中附設國中,國二14
s112191311111,CO01,2024,191311,私立衛道高中附設國中,國二14
s112191311115,CO01,2024,191311,私立衛道高中附設國中,國二14
s112191311116,CO01,2024,191311,私立衛道高中附設國中,國二14
s112191311117,CO01,2024,191311,私立衛道高中附設國中,國二14
s112191311118,CO01,2024,191311,私立衛道高中附設國中,國二14
s112191311119,CO01,2024,191311,私立衛道高中附設國中,國二14
s112191311121,CO01,2024,191311,私立衛道高中附設國中,國二14
s112191311122,CO01,2024,191311,私立衛道高中附設國中,國二14
s112191313024,CO01,2024,191313,私立曉明女中附設國中,國二甲
s112191313025,CO01,2024,191313,私立曉明女中附設國中,國二甲
s112191313026,CO01,2024,191313,私立曉明女中附設國中,國二甲
s112191313027,CO01,2024,191313,私立曉明女中附設國中,國二甲
s112191313028,CO01,2024,191313,私立曉明女中附設國中,國二甲
s112191313029,CO01,2024,191313,私立曉明女中附設國中,國二甲
s112191313030,CO01,2024,191313,私立曉明女中附設國中,國二甲
s112191313031,CO01,2024,191313,私立曉明女中附設國中,國二甲
s112191313032,CO01,2024,191313,私立曉明女中附設國中,國二甲
s112191313034,CO01,2024,191313,私立曉明女中附設國中,國二甲
s112191313035,CO01,2024,191313,私立曉明女中附設國中,國二甲
s112191313036,CO01,2024,191313,私立曉明女中附設國中,國二甲
s112191313039,CO01,2024,191313,私立曉明女中附設國中,國二甲
s112191313040,CO01,2024,191313,私立曉明女中附設國中,國二甲
s112191313041,CO01,2024,191313,私立曉明女中附設國中,國二甲
s112191313042,CO01,2024,191313,私立曉明女中附設國中,國二甲
s112191313043,CO01,2024,191313,私立曉明女中附設國中,國二甲
s112191313044,CO01,2024,191313,私立曉明女中附設國中,國二甲
s112191313045,CO01,2024,191313,私立曉明女中附設國中,國二甲
s112191313046,CO01,2024,191313,私立曉明女中附設國中,國二甲
s112191313047,CO01,2024,191313,私立曉明女中附設國中,國二甲
s112191313049,CO01,2024,191313,私立曉明女中附設國中,國二甲
s112191313050,CO01,2024,191313,私立曉明女中附設國中,國二甲
s112191313051,CO01,2024,191313,私立曉明女中附設國中,國二甲
s112191313052,CO01,2024,191313,私立曉明女中附設國中,國二甲
s112191313053,CO01,2024,191313,私立曉明女中附設國中,國二甲
s112191313054,CO01,2024,191313,私立曉明女中附設國中,國二甲
s112191313055,CO01,2024,191313,私立曉明女中附設國中,國二甲
s112191313056,CO01,2024,191313,私立曉明女中附設國中,國二甲
s112191313057,CO01,2024,191313,私立曉明女中附設國中,國二甲
s112191313058,CO01,2024,191313,私立曉明女中附設國中,國二甲
s112191313059,CO01,2024,191313,私立曉明女中附設國中,國二甲
s112191313062,CO01,2024,191313,私立曉明女中附設國中,國二甲
s112191313063,CO01,2024,191313,私立曉明女中附設國中,國二甲
s112191313064,CO01,2024,191313,私立曉明女中附設國中,國二甲
s112191313066,CO01,2024,191313,私立曉明女中附設國中,國二甲
s112191313067,CO01,2024,191313,私立曉明女中附設國中,國二甲
s112191313068,CO01,2024,191313,私立曉明女中附設國中,國二甲
s112191313069,CO01,2024,191313,私立曉明女中附設國中,國二甲
s112191313070,CO01,2024,191313,私立曉明女中附設國中,國二甲
s112191313071,CO01,2024,191313,私立曉明女中附設國中,國二甲
s112191313072,CO01,2024,191313,私立曉明女中附設國中,國二甲
s112191313075,CO01,2024,191313,私立曉明女中附設國中,國二戊
s112191313076,CO01,2024,191313,私立曉明女中附設國中,國二戊
s112191313077,CO01,2024,191313,私立曉明女中附設國中,國二戊
s112191313078,CO01,2024,191313,私立曉明女中附設國中,國二戊
s112191313079,CO01,2024,191313,私立曉明女中附設國中,國二戊
s112191313080,CO01,2024,191313,私立曉明女中附設國中,國二戊
s112191313081,CO01,2024,191313,私立曉明女中附設國中,國二戊
s112191313083,CO01,2024,191313,私立曉明女中附設國中,國二戊
s112191313084,CO01,2024,191313,私立曉明女中附設國中,國二戊
s112191313085,CO01,2024,191313,私立曉明女中附設國中,國二戊
s112191313087,CO01,2024,191313,私立曉明女中附設國中,國二戊
s112191313088,CO01,2024,191313,私立曉明女中附設國中,國二戊
s112191313089,CO01,2024,191313,私立曉明女中附設國中,國二戊
s112191313090,CO01,2024,191313,私立曉明女中附設國中,國二戊
s112191313091,CO01,2024,191313,私立曉明女中附設國中,國二戊
s112191313092,CO01,2024,191313,私立曉明女中附設國中,國二戊
s112191313093,CO01,2024,191313,私立曉明女中附設國中,國二戊
s112191313094,CO01,2024,191313,私立曉明女中附設國中,國二戊
s112191313095,CO01,2024,191313,私立曉明女中附設國中,國二戊
s112191313096,CO01,2024,191313,私立曉明女中附設國中,國二戊
s112191313097,CO01,2024,191313,私立曉明女中附設國中,國二戊
s112191313098,CO01,2024,191313,私立曉明女中附設國中,國二戊
s112191313099,CO01,2024,191313,私立曉明女中附設國中,國二戊
s112191313100,CO01,2024,191313,私立曉明女中附設國中,國二戊
s112191313101,CO01,2024,191313,私立曉明女中附設國中,國二戊
s112191313102,CO01,2024,191313,私立曉明女中附設國中,國二戊
s112191313103,CO01,2024,191313,私立曉明女中附設國中,國二戊
s112191313104,CO01,2024,191313,私立曉明女中附設國中,國二戊
s112191313105,CO01,2024,191313,私立曉明女中附設國中,國二戊
s112191313106,CO01,2024,191313,私立曉明女中附設國中,國二戊
s112191313107,CO01,2024,191313,私立曉明女中附設國中,國二戊
s112191313108,CO01,2024,191313,私立曉明女中附設國中,國二戊
s112191313109,CO01,2024,191313,私立曉明女中附設國中,國二戊
s112191313110,CO01,2024,191313,私立曉明女中附設國中,國二戊
s112191313111,CO01,2024,191313,私立曉明女中附設國中,國二戊
s112191313112,CO01,2024,191313,私立曉明女中附設國中,國二戊
s112191313113,CO01,2024,191313,私立曉明女中附設國中,國二戊
s112191313114,CO01,2024,191313,私立曉明女中附設國中,國二戊
s112191313115,CO01,2024,191313,私立曉明女中附設國中,國二戊
s112191313116,CO01,2024,191313,私立曉明女中附設國中,國二戊
s112191313117,CO01,2024,191313,私立曉明女中附設國中,國二戊
s112191313118,CO01,2024,191313,私立曉明女中附設國中,國二戊
s112191313119,CO01,2024,191313,私立曉明女中附設國中,國二戊
s112191313120,CO01,2024,191313,私立曉明女中附設國中,國二戊
s112191313121,CO01,2024,191313,私立曉明女中附設國中,國二戊
s112191313122,CO01,2024,191313,私立曉明女中附設國中,國二戊
s112191313123,CO01,2024,191313,私立曉明女中附設國中,國二戊
s112193315023,CO01,2024,193315,市立東山高中附設國中,815.0
s112193315024,CO01,2024,193315,市立東山高中附設國中,815.0
s112193315026,CO01,2024,193315,市立東山高中附設國中,815.0
s112193315029,CO01,2024,193315,市立東山高中附設國中,815.0
s112193315030,CO01,2024,193315,市立東山高中附設國中,815.0
s112193315031,CO01,2024,193315,市立東山高中附設國中,815.0
s112193315032,CO01,2024,193315,市立東山高中附設國中,815.0
s112193315033,CO01,2024,193315,市立東山高中附設國中,815.0
s112193315035,CO01,2024,193315,市立東山高中附設國中,815.0
s112193315036,CO01,2024,193315,市立東山高中附設國中,815.0
s112193315037,CO01,2024,193315,市立東山高中附設國中,815.0
s112193315038,CO01,2024,193315,市立東山高中附設國中,815.0
s112193315040,CO01,2024,193315,市立東山高中附設國中,815.0
s112193315041,CO01,2024,193315,市立東山高中附設國中,815.0
s112193315042,CO01,2024,193315,市立東山高中附設國中,815.0
s112193315043,CO01,2024,193315,市立東山高中附設國中,815.0
s112193315044,CO01,2024,193315,市立東山高中附設國中,815.0
s112193315045,CO01,2024,193315,市立東山高中附設國中,815.0
s112193315046,CO01,2024,193315,市立東山高中附設國中,815.0
s112193315047,CO01,2024,193315,市立東山高中附設國中,815.0
s112193315050,CO01,2024,193315,市立東山高中附設國中,815.0
s112193501024,CO01,2024,193501,市立居仁國中,809.0
s112193501025,CO01,2024,193501,市立居仁國中,809.0
s112193501026,CO01,2024,193501,市立居仁國中,809.0
s112193501027,CO01,2024,193501,市立居仁國中,809.0
s112193501029,CO01,2024,193501,市立居仁國中,809.0
s112193501030,CO01,2024,193501,市立居仁國中,809.0
s112193501031,CO01,2024,193501,市立居仁國中,809.0
s112193501032,CO01,2024,193501,市立居仁國中,809.0
s112193501033,CO01,2024,193501,市立居仁國中,809.0
s112193501034,CO01,2024,193501,市立居仁國中,809.0
s112193501035,CO01,2024,193501,市立居仁國中,809.0
s112193501036,CO01,2024,193501,市立居仁國中,809.0
s112193501037,CO01,2024,193501,市立居仁國中,809.0
s112193501038,CO01,2024,193501,市立居仁國中,809.0
s112193501039,CO01,2024,193501,市立居仁國中,809.0
s112193501040,CO01,2024,193501,市立居仁國中,809.0
s112193501042,CO01,2024,193501,市立居仁國中,809.0
s112193501043,CO01,2024,193501,市立居仁國中,809.0
s112193501045,CO01,2024,193501,市立居仁國中,809.0
s112193501046,CO01,2024,193501,市立居仁國中,809.0
s112193501047,CO01,2024,193501,市立居仁國中,809.0
s112193501048,CO01,2024,193501,市立居仁國中,809.0
s112193501052,CO01,2024,193501,市立居仁國中,820.0
s112193501053,CO01,2024,193501,市立居仁國中,820.0
s112193501054,CO01,2024,193501,市立居仁國中,820.0
s112193501055,CO01,2024,193501,市立居仁國中,820.0
s112193501056,CO01,2024,193501,市立居仁國中,820.0
s112193501057,CO01,2024,193501,市立居仁國中,820.0
s112193501058,CO01,2024,193501,市立居仁國中,820.0
s112193501059,CO01,2024,193501,市立居仁國中,820.0
s112193501060,CO01,2024,193501,市立居仁國中,820.0
s112193501061,CO01,2024,193501,市立居仁國中,820.0
s112193501062,CO01,2024,193501,市立居仁國中,820.0
s112193501063,CO01,2024,193501,市立居仁國中,820.0
s112193501064,CO01,2024,193501,市立居仁國中,820.0
s112193501065,CO01,2024,193501,市立居仁國中,820.0
s112193501066,CO01,2024,193501,市立居仁國中,820.0
s112193501067,CO01,2024,193501,市立居仁國中,820.0
s112193501068,CO01,2024,193501,市立居仁國中,820.0
s112193501069,CO01,2024,193501,市立居仁國中,820.0
s112193501070,CO01,2024,193501,市立居仁國中,820.0
s112193501071,CO01,2024,193501,市立居仁國中,820.0
s112193501072,CO01,2024,193501,市立居仁國中,820.0
s112193501073,CO01,2024,193501,市立居仁國中,820.0
s112193501074,CO01,2024,193501,市立居仁國中,820.0
s112193501075,CO01,2024,193501,市立居仁國中,820.0
s112193501076,CO01,2024,193501,市立居仁國中,820.0
s112193501077,CO01,2024,193501,市立居仁國中,820.0
s112193501078,CO01,2024,193501,市立居仁國中,820.0
s112193501079,CO01,2024,193501,市立居仁國中,820.0
s112193501080,CO01,2024,193501,市立居仁國中,820.0
s112193508024,CO01,2024,193508,市立黎明國中,八年一班
s112193508025,CO01,2024,193508,市立黎明國中,八年一班
s112193508026,CO01,2024,193508,市立黎明國中,八年一班
s112193508027,CO01,2024,193508,市立黎明國中,八年一班
s112193508030,CO01,2024,193508,市立黎明國中,八年一班
s112193508031,CO01,2024,193508,市立黎明國中,八年一班
s112193508032,CO01,2024,193508,市立黎明國中,八年一班
s112193508033,CO01,2024,193508,市立黎明國中,八年一班
s112193508034,CO01,2024,193508,市立黎明國中,八年一班
s112193508035,CO01,2024,193508,市立黎明國中,八年一班
s112193508036,CO01,2024,193508,市立黎明國中,八年一班
s112193508037,CO01,2024,193508,市立黎明國中,八年一班
s112193508038,CO01,2024,193508,市立黎明國中,八年一班
s112193508039,CO01,2024,193508,市立黎明國中,八年一班
s112193508040,CO01,2024,193508,市立黎明國中,八年一班
s112193508041,CO01,2024,193508,市立黎明國中,八年一班
s112193508043,CO01,2024,193508,市立黎明國中,八年一班
s112193508044,CO01,2024,193508,市立黎明國中,八年一班
s112193508046,CO01,2024,193508,市立黎明國中,八年一班
s112193508050,CO01,2024,193508,市立黎明國中,八年六班
s112193508051,CO01,2024,193508,市立黎明國中,八年六班
s112193508052,CO01,2024,193508,市立黎明國中,八年六班
s112193508053,CO01,2024,193508,市立黎明國中,八年六班
s112193508054,CO01,2024,193508,市立黎明國中,八年六班
s112193508055,CO01,2024,193508,市立黎明國中,八年六班
s112193508056,CO01,2024,193508,市立黎明國中,八年六班
s112193508057,CO01,2024,193508,市立黎明國中,八年六班
s112193508059,CO01,2024,193508,市立黎明國中,八年六班
s112193508061,CO01,2024,193508,市立黎明國中,八年六班
s112193508062,CO01,2024,193508,市立黎明國中,八年六班
s112193508063,CO01,2024,193508,市立黎明國中,八年六班
s112193508066,CO01,2024,193508,市立黎明國中,八年六班
s112193508068,CO01,2024,193508,市立黎明國中,八年六班
s112193508069,CO01,2024,193508,市立黎明國中,八年六班
s112193508070,CO01,2024,193508,市立黎明國中,八年六班
s112193508071,CO01,2024,193508,市立黎明國中,八年六班
s112193508072,CO01,2024,193508,市立黎明國中,八年六班
s112193508073,CO01,2024,193508,市立黎明國中,八年六班
s112193508075,CO01,2024,193508,市立黎明國中,八年六班
s112193508076,CO01,2024,193508,市立黎明國中,八年六班
s112193512025,CO01,2024,193512,市立四育國中,801.0
s112193512026,CO01,2024,193512,市立四育國中,801.0
s112193512027,CO01,2024,193512,市立四育國中,801.0
s112193512028,CO01,2024,193512,市立四育國中,801.0
s112193512029,CO01,2024,193512,市立四育國中,801.0
s112193512030,CO01,2024,193512,市立四育國中,801.0
s112193512031,CO01,2024,193512,市立四育國中,801.0
s112193512032,CO01,2024,193512,市立四育國中,801.0
s112193512034,CO01,2024,193512,市立四育國中,801.0
s112193512035,CO01,2024,193512,市立四育國中,801.0
s112193512037,CO01,2024,193512,市立四育國中,801.0
s112193512040,CO01,2024,193512,市立四育國中,801.0
s112193512041,CO01,2024,193512,市立四育國中,801.0
s112193512042,CO01,2024,193512,市立四育國中,801.0
s112193512044,CO01,2024,193512,市立四育國中,801.0
s112193512045,CO01,2024,193512,市立四育國中,801.0
s112193512046,CO01,2024,193512,市立四育國中,801.0
s112193512050,CO01,2024,193512,市立四育國中,804.0
s112193512051,CO01,2024,193512,市立四育國中,804.0
s112193512052,CO01,2024,193512,市立四育國中,804.0
s112193512053,CO01,2024,193512,市立四育國中,804.0
s112193512054,CO01,2024,193512,市立四育國中,804.0
s112193512055,CO01,2024,193512,市立四育國中,804.0
s112193512056,CO01,2024,193512,市立四育國中,804.0
s112193512057,CO01,2024,193512,市立四育國中,804.0
s112193512058,CO01,2024,193512,市立四育國中,804.0
s112193512059,CO01,2024,193512,市立四育國中,804.0
s112193512060,CO01,2024,193512,市立四育國中,804.0
s112193512061,CO01,2024,193512,市立四育國中,804.0
s112193512062,CO01,2024,193512,市立四育國中,804.0
s112193512064,CO01,2024,193512,市立四育國中,804.0
s112193512065,CO01,2024,193512,市立四育國中,804.0
s112193512066,CO01,2024,193512,市立四育國中,804.0
s112193512067,CO01,2024,193512,市立四育國中,804.0
s112193512068,CO01,2024,193512,市立四育國中,804.0
s112193512069,CO01,2024,193512,市立四育國中,804.0
s112193526024,CO01,2024,193526,市立福科國中,802.0
s112193526025,CO01,2024,193526,市立福科國中,802.0
s112193526026,CO01,2024,193526,市立福科國中,802.0
s112193526027,CO01,2024,193526,市立福科國中,802.0
s112193526028,CO01,2024,193526,市立福科國中,802.0
s112193526029,CO01,2024,193526,市立福科國中,802.0
s112193526030,CO01,2024,193526,市立福科國中,802.0
s112193526031,CO01,2024,193526,市立福科國中,802.0
s112193526032,CO01,2024,193526,市立福科國中,802.0
s112193526033,CO01,2024,193526,市立福科國中,802.0
s112193526035,CO01,2024,193526,市立福科國中,802.0
s112193526036,CO01,2024,193526,市立福科國中,802.0
s112193526037,CO01,2024,193526,市立福科國中,802.0
s112193526038,CO01,2024,193526,市立福科國中,802.0
s112193526040,CO01,2024,193526,市立福科國中,802.0
s112193526041,CO01,2024,193526,市立福科國中,802.0
s112193526042,CO01,2024,193526,市立福科國中,802.0
s112193526043,CO01,2024,193526,市立福科國中,802.0
s112193526044,CO01,2024,193526,市立福科國中,802.0
s112193526046,CO01,2024,193526,市立福科國中,802.0
s112193526047,CO01,2024,193526,市立福科國中,802.0
s112193526048,CO01,2024,193526,市立福科國中,802.0
s112193526049,CO01,2024,193526,市立福科國中,802.0
s112193526050,CO01,2024,193526,市立福科國中,802.0
s112193526052,CO01,2024,193526,市立福科國中,802.0
s112193526053,CO01,2024,193526,市立福科國中,802.0
s112193526058,CO01,2024,193526,市立福科國中,810.0
s112193526059,CO01,2024,193526,市立福科國中,810.0
s112193526060,CO01,2024,193526,市立福科國中,810.0
s112193526061,CO01,2024,193526,市立福科國中,810.0
s112193526062,CO01,2024,193526,市立福科國中,810.0
s112193526063,CO01,2024,193526,市立福科國中,810.0
s112193526064,CO01,2024,193526,市立福科國中,810.0
s112193526065,CO01,2024,193526,市立福科國中,810.0
s112193526066,CO01,2024,193526,市立福科國中,810.0
s112193526068,CO01,2024,193526,市立福科國中,810.0
s112193526069,CO01,2024,193526,市立福科國中,810.0
s112193526070,CO01,2024,193526,市立福科國中,810.0
s112193526072,CO01,2024,193526,市立福科國中,810.0
s112193526073,CO01,2024,193526,市立福科國中,810.0
s112193526074,CO01,2024,193526,市立福科國中,810.0
s112193526075,CO01,2024,193526,市立福科國中,810.0
s112193526076,CO01,2024,193526,市立福科國中,810.0
s112193526078,CO01,2024,193526,市立福科國中,810.0
s112193526079,CO01,2024,193526,市立福科國中,810.0
s112193526080,CO01,2024,193526,市立福科國中,810.0
s112193526081,CO01,2024,193526,市立福科國中,810.0
s112193526082,CO01,2024,193526,市立福科國中,810.0
s112193526083,CO01,2024,193526,市立福科國中,810.0
s112193526084,CO01,2024,193526,市立福科國中,810.0
s112193526085,CO01,2024,193526,市立福科國中,810.0
s112193526086,CO01,2024,193526,市立福科國中,810.0
s112193526089,CO01,2024,193526,市立福科國中,810.0
s112193526090,CO01,2024,193526,市立福科國中,810.0
s112201304024,CO01,2024,201304,私立興華高中附設國中,二年3班
s112201304025,CO01,2024,201304,私立興華高中附設國中,二年1班
s112201304026,CO01,2024,201304,私立興華高中附設國中,二年1班
s112201304027,CO01,2024,201304,私立興華高中附設國中,二年1班
s112201304028,CO01,2024,201304,私立興華高中附設國中,二年1班
s112201304029,CO01,2024,201304,私立興華高中附設國中,二年1班
s112201304030,CO01,2024,201304,私立興華高中附設國中,二年1班
s112201304031,CO01,2024,201304,私立興華高中附設國中,二年1班
s112201304032,CO01,2024,201304,私立興華高中附設國中,二年1班
s112201304034,CO01,2024,201304,私立興華高中附設國中,二年1班
s112201304035,CO01,2024,201304,私立興華高中附設國中,二年1班
s112201304036,CO01,2024,201304,私立興華高中附設國中,二年1班
s112201304037,CO01,2024,201304,私立興華高中附設國中,二年1班
s112201304039,CO01,2024,201304,私立興華高中附設國中,二年1班
s112201304040,CO01,2024,201304,私立興華高中附設國中,二年1班
s112201304041,CO01,2024,201304,私立興華高中附設國中,二年1班
s112201304042,CO01,2024,201304,私立興華高中附設國中,二年1班
s112201304043,CO01,2024,201304,私立興華高中附設國中,二年1班
s112201304044,CO01,2024,201304,私立興華高中附設國中,二年1班
s112201304045,CO01,2024,201304,私立興華高中附設國中,二年1班
s112201304046,CO01,2024,201304,私立興華高中附設國中,二年1班
s112201304047,CO01,2024,201304,私立興華高中附設國中,二年1班
s112201304048,CO01,2024,201304,私立興華高中附設國中,二年1班
s112201304049,CO01,2024,201304,私立興華高中附設國中,二年1班
s112201304050,CO01,2024,201304,私立興華高中附設國中,二年1班
s112201304051,CO01,2024,201304,私立興華高中附設國中,二年1班
s112201304052,CO01,2024,201304,私立興華高中附設國中,二年1班
s112201304053,CO01,2024,201304,私立興華高中附設國中,二年1班
s112201304055,CO01,2024,201304,私立興華高中附設國中,二年1班
s112201304056,CO01,2024,201304,私立興華高中附設國中,二年1班
s112201304057,CO01,2024,201304,私立興華高中附設國中,二年1班
s112201304060,CO01,2024,201304,私立興華高中附設國中,二年3班
s112201304061,CO01,2024,201304,私立興華高中附設國中,二年3班
s112201304062,CO01,2024,201304,私立興華高中附設國中,二年3班
s112201304064,CO01,2024,201304,私立興華高中附設國中,二年3班
s112201304066,CO01,2024,201304,私立興華高中附設國中,二年3班
s112201304069,CO01,2024,201304,私立興華高中附設國中,二年3班
s112201304070,CO01,2024,201304,私立興華高中附設國中,二年3班
s112201304071,CO01,2024,201304,私立興華高中附設國中,二年3班
s112201304073,CO01,2024,201304,私立興華高中附設國中,二年3班
s112201304078,CO01,2024,201304,私立興華高中附設國中,二年3班
s112201304079,CO01,2024,201304,私立興華高中附設國中,二年3班
s112201304081,CO01,2024,201304,私立興華高中附設國中,二年3班
s112201304082,CO01,2024,201304,私立興華高中附設國中,二年3班
s112201304085,CO01,2024,201304,私立興華高中附設國中,二年3班
s112201310024,CO01,2024,201310,私立嘉華高中附設國中,國二1
s112201310025,CO01,2024,201310,私立嘉華高中附設國中,國二1
s112201310026,CO01,2024,201310,私立嘉華高中附設國中,國二1
s112201310028,CO01,2024,201310,私立嘉華高中附設國中,國二1
s112201310030,CO01,2024,201310,私立嘉華高中附設國中,國二1
s112201310037,CO01,2024,201310,私立嘉華高中附設國中,國二1
s112201310040,CO01,2024,201310,私立嘉華高中附設國中,國二1
s112201310041,CO01,2024,201310,私立嘉華高中附設國中,國二1
s112201310042,CO01,2024,201310,私立嘉華高中附設國中,國二1
s112201310044,CO01,2024,201310,私立嘉華高中附設國中,國二1
s112201310045,CO01,2024,201310,私立嘉華高中附設國中,國二1
s112201310046,CO01,2024,201310,私立嘉華高中附設國中,國二1
s112201310047,CO01,2024,201310,私立嘉華高中附設國中,國二1
s112201310049,CO01,2024,201310,私立嘉華高中附設國中,國二1
s112201310050,CO01,2024,201310,私立嘉華高中附設國中,國二1
s112201310051,CO01,2024,201310,私立嘉華高中附設國中,國二1
s112201310052,CO01,2024,201310,私立嘉華高中附設國中,國二1
s112201310053,CO01,2024,201310,私立嘉華高中附設國中,國二1
s112201310056,CO01,2024,201310,私立嘉華高中附設國中,國二1
s112201310060,CO01,2024,201310,私立嘉華高中附設國中,國二1
s112201310062,CO01,2024,201310,私立嘉華高中附設國中,國二1
s112201310065,CO01,2024,201310,私立嘉華高中附設國中,國二1
s112201310066,CO01,2024,201310,私立嘉華高中附設國中,國二1
s112201310070,CO01,2024,201310,私立嘉華高中附設國中,國二4
s112201310072,CO01,2024,201310,私立嘉華高中附設國中,國二4
s112201310075,CO01,2024,201310,私立嘉華高中附設國中,國二4
s112201310077,CO01,2024,201310,私立嘉華高中附設國中,國二4
s112201310079,CO01,2024,201310,私立嘉華高中附設國中,國二4
s112201310080,CO01,2024,201310,私立嘉華高中附設國中,國二4
s112201310081,CO01,2024,201310,私立嘉華高中附設國中,國二4
s112201310083,CO01,2024,201310,私立嘉華高中附設國中,國二4
s112201310084,CO01,2024,201310,私立嘉華高中附設國中,國二4
s112201310085,CO01,2024,201310,私立嘉華高中附設國中,國二4
s112201310087,CO01,2024,201310,私立嘉華高中附設國中,國二4
s112201310089,CO01,2024,201310,私立嘉華高中附設國中,國二4
s112201310090,CO01,2024,201310,私立嘉華高中附設國中,國二4
s112201310091,CO01,2024,201310,私立嘉華高中附設國中,國二4
s112201310092,CO01,2024,201310,私立嘉華高中附設國中,國二4
s112201310093,CO01,2024,201310,私立嘉華高中附設國中,國二4
s112201310094,CO01,2024,201310,私立嘉華高中附設國中,國二4
s112201310096,CO01,2024,201310,私立嘉華高中附設國中,國二4
s112201310097,CO01,2024,201310,私立嘉華高中附設國中,國二4
s112201310099,CO01,2024,201310,私立嘉華高中附設國中,國二4
s112201310100,CO01,2024,201310,私立嘉華高中附設國中,國二4
s112201310101,CO01,2024,201310,私立嘉華高中附設國中,國二4
s112201310102,CO01,2024,201310,私立嘉華高中附設國中,國二4
s112201310103,CO01,2024,201310,私立嘉華高中附設國中,國二4
s112201310106,CO01,2024,201310,私立嘉華高中附設國中,國二4
s112201310107,CO01,2024,201310,私立嘉華高中附設國中,國二4
s112201310108,CO01,2024,201310,私立嘉華高中附設國中,國二4
s112203505025,CO01,2024,203505,市立民生國中,八年2班
s112203505026,CO01,2024,203505,市立民生國中,八年2班
s112203505027,CO01,2024,203505,市立民生國中,八年2班
s112203505028,CO01,2024,203505,市立民生國中,八年2班
s112203505030,CO01,2024,203505,市立民生國中,八年2班
s112203505031,CO01,2024,203505,市立民生國中,八年2班
s112203505032,CO01,2024,203505,市立民生國中,八年2班
s112203505033,CO01,2024,203505,市立民生國中,八年2班
s112203505034,CO01,2024,203505,市立民生國中,八年2班
s112203505035,CO01,2024,203505,市立民生國中,八年2班
s112203505036,CO01,2024,203505,市立民生國中,八年2班
s112203505037,CO01,2024,203505,市立民生國中,八年2班
s112203505038,CO01,2024,203505,市立民生國中,八年2班
s112203505040,CO01,2024,203505,市立民生國中,八年2班
s112203505041,CO01,2024,203505,市立民生國中,八年2班
s112203505043,CO01,2024,203505,市立民生國中,八年2班
s112203505044,CO01,2024,203505,市立民生國中,八年2班
s112203505045,CO01,2024,203505,市立民生國中,八年2班
s112203505046,CO01,2024,203505,市立民生國中,八年2班
s112203505048,CO01,2024,203505,市立民生國中,八年2班
s112203505053,CO01,2024,203505,市立民生國中,八年12班
s112203505054,CO01,2024,203505,市立民生國中,八年12班
s112203505055,CO01,2024,203505,市立民生國中,八年12班
s112203505056,CO01,2024,203505,市立民生國中,八年12班
s112203505057,CO01,2024,203505,市立民生國中,八年12班
s112203505058,CO01,2024,203505,市立民生國中,八年12班
s112203505059,CO01,2024,203505,市立民生國中,八年12班
s112203505060,CO01,2024,203505,市立民生國中,八年12班
s112203505061,CO01,2024,203505,市立民生國中,八年12班
s112203505062,CO01,2024,203505,市立民生國中,八年12班
s112203505063,CO01,2024,203505,市立民生國中,八年12班
s112203505064,CO01,2024,203505,市立民生國中,八年12班
s112203505065,CO01,2024,203505,市立民生國中,八年12班
s112203505066,CO01,2024,203505,市立民生國中,八年12班
s112203505067,CO01,2024,203505,市立民生國中,八年12班
s112203505068,CO01,2024,203505,市立民生國中,八年12班
s112203505070,CO01,2024,203505,市立民生國中,八年12班
s112203505071,CO01,2024,203505,市立民生國中,八年12班
s112203505073,CO01,2024,203505,市立民生國中,八年12班
s112211318024,CO01,2024,211318,私立德光高中附設國中,J204
s112211318025,CO01,2024,211318,私立德光高中附設國中,J204
s112211318027,CO01,2024,211318,私立德光高中附設國中,J204
s112211318032,CO01,2024,211318,私立德光高中附設國中,J204
s112211318033,CO01,2024,211318,私立德光高中附設國中,J204
s112211318035,CO01,2024,211318,私立德光高中附設國中,J204
s112211318036,CO01,2024,211318,私立德光高中附設國中,J204
s112211318037,CO01,2024,211318,私立德光高中附設國中,J204
s112211318038,CO01,2024,211318,私立德光高中附設國中,J204
s112211318039,CO01,2024,211318,私立德光高中附設國中,J204
s112211318040,CO01,2024,211318,私立德光高中附設國中,J204
s112211318041,CO01,2024,211318,私立德光高中附設國中,J204
s112211318042,CO01,2024,211318,私立德光高中附設國中,J204
s112211318044,CO01,2024,211318,私立德光高中附設國中,J204
s112211318046,CO01,2024,211318,私立德光高中附設國中,J204
s112211318048,CO01,2024,211318,私立德光高中附設國中,J204
s112211318049,CO01,2024,211318,私立德光高中附設國中,J204
s112211318051,CO01,2024,211318,私立德光高中附設國中,J204
s112211318052,CO01,2024,211318,私立德光高中附設國中,J204
s112211318053,CO01,2024,211318,私立德光高中附設國中,J204
s112211318054,CO01,2024,211318,私立德光高中附設國中,J204
s112211318056,CO01,2024,211318,私立德光高中附設國中,J204
s112211318057,CO01,2024,211318,私立德光高中附設國中,J204
s112211318058,CO01,2024,211318,私立德光高中附設國中,J204
s112211318059,CO01,2024,211318,私立德光高中附設國中,J204
s112211318060,CO01,2024,211318,私立德光高中附設國中,J204
s112211318061,CO01,2024,211318,私立德光高中附設國中,J204
s112211318063,CO01,2024,211318,私立德光高中附設國中,J204
s112211318064,CO01,2024,211318,私立德光高中附設國中,J204
s112211318065,CO01,2024,211318,私立德光高中附設國中,J204
s112211318067,CO01,2024,211318,私立德光高中附設國中,J204
s112211318070,CO01,2024,211318,私立德光高中附設國中,J209
s112211318071,CO01,2024,211318,私立德光高中附設國中,J209
s112211318072,CO01,2024,211318,私立德光高中附設國中,J209
s112211318073,CO01,2024,211318,私立德光高中附設國中,J209
s112211318074,CO01,2024,211318,私立德光高中附設國中,J209
s112211318075,CO01,2024,211318,私立德光高中附設國中,J209
s112211318076,CO01,2024,211318,私立德光高中附設國中,J209
s112211318077,CO01,2024,211318,私立德光高中附設國中,J209
s112211318078,CO01,2024,211318,私立德光高中附設國中,J209
s112211318080,CO01,2024,211318,私立德光高中附設國中,J209
s112211318081,CO01,2024,211318,私立德光高中附設國中,J209
s112211318083,CO01,2024,211318,私立德光高中附設國中,J209
s112211318084,CO01,2024,211318,私立德光高中附設國中,J209
s112211318085,CO01,2024,211318,私立德光高中附設國中,J209
s112211318086,CO01,2024,211318,私立德光高中附設國中,J209
s112211318088,CO01,2024,211318,私立德光高中附設國中,J209
s112211318089,CO01,2024,211318,私立德光高中附設國中,J209
s112211318090,CO01,2024,211318,私立德光高中附設國中,J209
s112211318091,CO01,2024,211318,私立德光高中附設國中,J209
s112211318092,CO01,2024,211318,私立德光高中附設國中,J209
s112211318093,CO01,2024,211318,私立德光高中附設國中,J209
s112211318094,CO01,2024,211318,私立德光高中附設國中,J209
s112211318096,CO01,2024,211318,私立德光高中附設國中,J209
s112211318098,CO01,2024,211318,私立德光高中附設國中,J209
s112211318099,CO01,2024,211318,私立德光高中附設國中,J209
s112211318100,CO01,2024,211318,私立德光高中附設國中,J209
s112211318102,CO01,2024,211318,私立德光高中附設國中,J209
s112211318103,CO01,2024,211318,私立德光高中附設國中,J209
s112211318105,CO01,2024,211318,私立德光高中附設國中,J209
s112211318106,CO01,2024,211318,私立德光高中附設國中,J209
s112211318107,CO01,2024,211318,私立德光高中附設國中,J209
s112211318108,CO01,2024,211318,私立德光高中附設國中,J209
s112211318111,CO01,2024,211318,私立德光高中附設國中,J209
s112211318113,CO01,2024,211318,私立德光高中附設國中,J209
s112213501024,CO01,2024,213501,市立後甲國中,809.0
s112213501026,CO01,2024,213501,市立後甲國中,809.0
s112213501027,CO01,2024,213501,市立後甲國中,809.0
s112213501028,CO01,2024,213501,市立後甲國中,809.0
s112213501029,CO01,2024,213501,市立後甲國中,809.0
s112213501030,CO01,2024,213501,市立後甲國中,809.0
s112213501031,CO01,2024,213501,市立後甲國中,809.0
s112213501032,CO01,2024,213501,市立後甲國中,809.0
s112213501034,CO01,2024,213501,市立後甲國中,809.0
s112213501035,CO01,2024,213501,市立後甲國中,809.0
s112213501037,CO01,2024,213501,市立後甲國中,809.0
s112213501038,CO01,2024,213501,市立後甲國中,809.0
s112213501039,CO01,2024,213501,市立後甲國中,809.0
s112213501040,CO01,2024,213501,市立後甲國中,809.0
s112213501041,CO01,2024,213501,市立後甲國中,809.0
s112213501042,CO01,2024,213501,市立後甲國中,809.0
s112213501043,CO01,2024,213501,市立後甲國中,809.0
s112213501044,CO01,2024,213501,市立後甲國中,809.0
s112213501045,CO01,2024,213501,市立後甲國中,809.0
s112213501046,CO01,2024,213501,市立後甲國中,809.0
s112213501047,CO01,2024,213501,市立後甲國中,809.0
s112213501048,CO01,2024,213501,市立後甲國中,809.0
s112213501049,CO01,2024,213501,市立後甲國中,809.0
s112213501050,CO01,2024,213501,市立後甲國中,809.0
s112213501051,CO01,2024,213501,市立後甲國中,809.0
s112213501052,CO01,2024,213501,市立後甲國中,809.0
s112213501055,CO01,2024,213501,市立後甲國中,819.0
s112213501056,CO01,2024,213501,市立後甲國中,819.0
s112213501057,CO01,2024,213501,市立後甲國中,819.0
s112213501058,CO01,2024,213501,市立後甲國中,819.0
s112213501059,CO01,2024,213501,市立後甲國中,819.0
s112213501060,CO01,2024,213501,市立後甲國中,819.0
s112213501061,CO01,2024,213501,市立後甲國中,819.0
s112213501063,CO01,2024,213501,市立後甲國中,819.0
s112213501065,CO01,2024,213501,市立後甲國中,819.0
s112213501066,CO01,2024,213501,市立後甲國中,819.0
s112213501067,CO01,2024,213501,市立後甲國中,819.0
s112213501068,CO01,2024,213501,市立後甲國中,819.0
s112213501069,CO01,2024,213501,市立後甲國中,819.0
s112213501070,CO01,2024,213501,市立後甲國中,819.0
s112213501071,CO01,2024,213501,市立後甲國中,819.0
s112213501072,CO01,2024,213501,市立後甲國中,819.0
s112213501073,CO01,2024,213501,市立後甲國中,819.0
s112213501074,CO01,2024,213501,市立後甲國中,819.0
s112213501075,CO01,2024,213501,市立後甲國中,819.0
s112213501076,CO01,2024,213501,市立後甲國中,819.0
s112213501077,CO01,2024,213501,市立後甲國中,819.0
s112213501078,CO01,2024,213501,市立後甲國中,819.0
s112213501079,CO01,2024,213501,市立後甲國中,819.0
s112213501080,CO01,2024,213501,市立後甲國中,819.0
s112213501081,CO01,2024,213501,市立後甲國中,819.0
s112213501082,CO01,2024,213501,市立後甲國中,819.0
s112213501083,CO01,2024,213501,市立後甲國中,819.0
s112213501084,CO01,2024,213501,市立後甲國中,819.0
s112213506024,CO01,2024,213506,市立民德國中,804.0
s112213506025,CO01,2024,213506,市立民德國中,804.0
s112213506026,CO01,2024,213506,市立民德國中,804.0
s112213506027,CO01,2024,213506,市立民德國中,804.0
s112213506028,CO01,2024,213506,市立民德國中,804.0
s112213506029,CO01,2024,213506,市立民德國中,804.0
s112213506030,CO01,2024,213506,市立民德國中,804.0
s112213506031,CO01,2024,213506,市立民德國中,804.0
s112213506033,CO01,2024,213506,市立民德國中,804.0
s112213506034,CO01,2024,213506,市立民德國中,804.0
s112213506035,CO01,2024,213506,市立民德國中,804.0
s112213506036,CO01,2024,213506,市立民德國中,804.0
s112213506037,CO01,2024,213506,市立民德國中,804.0
s112213506038,CO01,2024,213506,市立民德國中,804.0
s112213506041,CO01,2024,213506,市立民德國中,804.0
s112213506042,CO01,2024,213506,市立民德國中,804.0
s112213506044,CO01,2024,213506,市立民德國中,804.0
s112213506045,CO01,2024,213506,市立民德國中,804.0
s112213506046,CO01,2024,213506,市立民德國中,804.0
s112213506047,CO01,2024,213506,市立民德國中,804.0
s112213506048,CO01,2024,213506,市立民德國中,804.0
s112213506049,CO01,2024,213506,市立民德國中,804.0
s112213506050,CO01,2024,213506,市立民德國中,804.0
s112213506051,CO01,2024,213506,市立民德國中,804.0
s112213506052,CO01,2024,213506,市立民德國中,804.0
s112213506055,CO01,2024,213506,市立民德國中,813.0
s112213506056,CO01,2024,213506,市立民德國中,813.0
s112213506057,CO01,2024,213506,市立民德國中,813.0
s112213506058,CO01,2024,213506,市立民德國中,813.0
s112213506059,CO01,2024,213506,市立民德國中,813.0
s112213506060,CO01,2024,213506,市立民德國中,813.0
s112213506061,CO01,2024,213506,市立民德國中,813.0
s112213506062,CO01,2024,213506,市立民德國中,813.0
s112213506063,CO01,2024,213506,市立民德國中,813.0
s112213506064,CO01,2024,213506,市立民德國中,813.0
s112213506066,CO01,2024,213506,市立民德國中,813.0
s112213506067,CO01,2024,213506,市立民德國中,813.0
s112213506068,CO01,2024,213506,市立民德國中,813.0
s112213506070,CO01,2024,213506,市立民德國中,813.0
s112213506071,CO01,2024,213506,市立民德國中,813.0
s112213506072,CO01,2024,213506,市立民德國中,813.0
s112213506073,CO01,2024,213506,市立民德國中,813.0
s112213506074,CO01,2024,213506,市立民德國中,813.0
s112213506075,CO01,2024,213506,市立民德國中,813.0
s112213506076,CO01,2024,213506,市立民德國中,813.0
s112213506078,CO01,2024,213506,市立民德國中,813.0
s112213506079,CO01,2024,213506,市立民德國中,813.0
s112213506081,CO01,2024,213506,市立民德國中,813.0
s112213506082,CO01,2024,213506,市立民德國中,813.0
s112213506083,CO01,2024,213506,市立民德國中,813.0
s112213506084,CO01,2024,213506,市立民德國中,813.0
s112213509027,CO01,2024,213509,市立建興國中,2.0
s112213509029,CO01,2024,213509,市立建興國中,2.0
s112213509030,CO01,2024,213509,市立建興國中,2.0
s112213509033,CO01,2024,213509,市立建興國中,2.0
s112213509034,CO01,2024,213509,市立建興國中,2.0
s112213509036,CO01,2024,213509,市立建興國中,2.0
s112213509039,CO01,2024,213509,市立建興國中,2.0
s112213509042,CO01,2024,213509,市立建興國中,2.0
s112213509044,CO01,2024,213509,市立建興國中,2.0
s112213509048,CO01,2024,213509,市立建興國中,2.0
s112213509049,CO01,2024,213509,市立建興國中,2.0
s112213509051,CO01,2024,213509,市立建興國中,2.0
s112213509054,CO01,2024,213509,市立建興國中,2.0
s112213509055,CO01,2024,213509,市立建興國中,2.0
s112213509056,CO01,2024,213509,市立建興國中,2.0
s112213509057,CO01,2024,213509,市立建興國中,2.0
s112213509058,CO01,2024,213509,市立建興國中,2.0
s112213509059,CO01,2024,213509,市立建興國中,2.0
s112213509060,CO01,2024,213509,市立建興國中,2.0
s112213509062,CO01,2024,213509,市立建興國中,2.0
s112213509063,CO01,2024,213509,市立建興國中,2.0
s112213509065,CO01,2024,213509,市立建興國中,2.0
s112213509067,CO01,2024,213509,市立建興國中,2.0
s112213509068,CO01,2024,213509,市立建興國中,2.0
s112213509069,CO01,2024,213509,市立建興國中,2.0
s112213509070,CO01,2024,213509,市立建興國中,2.0
s112213509071,CO01,2024,213509,市立建興國中,2.0
s112213509073,CO01,2024,213509,市立建興國中,2.0
s112213509074,CO01,2024,213509,市立建興國中,2.0
s112213509075,CO01,2024,213509,市立建興國中,2.0
s112213509076,CO01,2024,213509,市立建興國中,2.0
s112213509077,CO01,2024,213509,市立建興國中,2.0
s112213509079,CO01,2024,213509,市立建興國中,2.0
s112213509080,CO01,2024,213509,市立建興國中,2.0
s112213509081,CO01,2024,213509,市立建興國中,2.0
s112213510024,CO01,2024,213510,市立中山國中,803.0
s112213510025,CO01,2024,213510,市立中山國中,803.0
s112213510026,CO01,2024,213510,市立中山國中,803.0
s112213510027,CO01,2024,213510,市立中山國中,803.0
s112213510028,CO01,2024,213510,市立中山國中,803.0
s112213510029,CO01,2024,213510,市立中山國中,803.0
s112213510030,CO01,2024,213510,市立中山國中,803.0
s112213510033,CO01,2024,213510,市立中山國中,803.0
s112213510034,CO01,2024,213510,市立中山國中,803.0
s112213510035,CO01,2024,213510,市立中山國中,803.0
s112213510037,CO01,2024,213510,市立中山國中,803.0
s112213510038,CO01,2024,213510,市立中山國中,803.0
s112213510039,CO01,2024,213510,市立中山國中,803.0
s112213510040,CO01,2024,213510,市立中山國中,803.0
s112213510041,CO01,2024,213510,市立中山國中,803.0
s112213510042,CO01,2024,213510,市立中山國中,803.0
s112213510043,CO01,2024,213510,市立中山國中,803.0
s112213510046,CO01,2024,213510,市立中山國中,803.0
s112213510047,CO01,2024,213510,市立中山國中,803.0
s112213510048,CO01,2024,213510,市立中山國中,803.0
s112213510051,CO01,2024,213510,市立中山國中,808.0
s112213510052,CO01,2024,213510,市立中山國中,808.0
s112213510053,CO01,2024,213510,市立中山國中,808.0
s112213510054,CO01,2024,213510,市立中山國中,808.0
s112213510058,CO01,2024,213510,市立中山國中,808.0
s112213510059,CO01,2024,213510,市立中山國中,808.0
s112213510060,CO01,2024,213510,市立中山國中,808.0
s112213510061,CO01,2024,213510,市立中山國中,808.0
s112213510062,CO01,2024,213510,市立中山國中,808.0
s112213510063,CO01,2024,213510,市立中山國中,808.0
s112213510066,CO01,2024,213510,市立中山國中,808.0
s112213510067,CO01,2024,213510,市立中山國中,808.0
s112213510068,CO01,2024,213510,市立中山國中,808.0
s112213510069,CO01,2024,213510,市立中山國中,808.0
s112213510070,CO01,2024,213510,市立中山國中,808.0
s112213510072,CO01,2024,213510,市立中山國中,808.0
s112213510075,CO01,2024,213510,市立中山國中,808.0
s112213510076,CO01,2024,213510,市立中山國中,808.0
s112213514025,CO01,2024,213514,市立復興國中,209.0
s112213514027,CO01,2024,213514,市立復興國中,209.0
s112213514028,CO01,2024,213514,市立復興國中,209.0
s112213514029,CO01,2024,213514,市立復興國中,209.0
s112213514031,CO01,2024,213514,市立復興國中,209.0
s112213514032,CO01,2024,213514,市立復興國中,209.0
s112213514033,CO01,2024,213514,市立復興國中,209.0
s112213514034,CO01,2024,213514,市立復興國中,209.0
s112213514035,CO01,2024,213514,市立復興國中,209.0
s112213514036,CO01,2024,213514,市立復興國中,209.0
s112213514037,CO01,2024,213514,市立復興國中,209.0
s112213514038,CO01,2024,213514,市立復興國中,209.0
s112213514040,CO01,2024,213514,市立復興國中,209.0
s112213514041,CO01,2024,213514,市立復興國中,209.0
s112213514042,CO01,2024,213514,市立復興國中,209.0
s112213514043,CO01,2024,213514,市立復興國中,209.0
s112213514044,CO01,2024,213514,市立復興國中,209.0
s112213514046,CO01,2024,213514,市立復興國中,209.0
s112213514047,CO01,2024,213514,市立復興國中,209.0
s112213514048,CO01,2024,213514,市立復興國中,209.0
s112213514049,CO01,2024,213514,市立復興國中,209.0
s112213514050,CO01,2024,213514,市立復興國中,209.0
s112213514052,CO01,2024,213514,市立復興國中,209.0
s112213514055,CO01,2024,213514,市立復興國中,225.0
s112213514056,CO01,2024,213514,市立復興國中,225.0
s112213514057,CO01,2024,213514,市立復興國中,225.0
s112213514058,CO01,2024,213514,市立復興國中,225.0
s112213514059,CO01,2024,213514,市立復興國中,225.0
s112213514060,CO01,2024,213514,市立復興國中,225.0
s112213514061,CO01,2024,213514,市立復興國中,225.0
s112213514062,CO01,2024,213514,市立復興國中,225.0
s112213514063,CO01,2024,213514,市立復興國中,225.0
s112213514064,CO01,2024,213514,市立復興國中,225.0
s112213514065,CO01,2024,213514,市立復興國中,225.0
s112213514066,CO01,2024,213514,市立復興國中,225.0
s112213514067,CO01,2024,213514,市立復興國中,225.0
s112213514068,CO01,2024,213514,市立復興國中,225.0
s112213514069,CO01,2024,213514,市立復興國中,225.0
s112213514070,CO01,2024,213514,市立復興國中,225.0
s112213514071,CO01,2024,213514,市立復興國中,225.0
s112213514072,CO01,2024,213514,市立復興國中,225.0
s112213514073,CO01,2024,213514,市立復興國中,225.0
s112213514074,CO01,2024,213514,市立復興國中,225.0
s112213514075,CO01,2024,213514,市立復興國中,225.0
s112213514076,CO01,2024,213514,市立復興國中,225.0
s112213514077,CO01,2024,213514,市立復興國中,225.0
s112213514078,CO01,2024,213514,市立復興國中,225.0
s112213514079,CO01,2024,213514,市立復興國中,225.0
s112213514080,CO01,2024,213514,市立復興國中,225.0
s112213514081,CO01,2024,213514,市立復興國中,225.0
s112213514082,CO01,2024,213514,市立復興國中,225.0
s112213514083,CO01,2024,213514,市立復興國中,225.0
s112213514084,CO01,2024,213514,市立復興國中,225.0
s112313505024,CO01,2024,313505,市立敦化國中,813.0
s112313505025,CO01,2024,313505,市立敦化國中,813.0
s112313505026,CO01,2024,313505,市立敦化國中,813.0
s112313505027,CO01,2024,313505,市立敦化國中,813.0
s112313505028,CO01,2024,313505,市立敦化國中,813.0
s112313505029,CO01,2024,313505,市立敦化國中,813.0
s112313505030,CO01,2024,313505,市立敦化國中,813.0
s112313505031,CO01,2024,313505,市立敦化國中,813.0
s112313505032,CO01,2024,313505,市立敦化國中,813.0
s112313505035,CO01,2024,313505,市立敦化國中,813.0
s112313505036,CO01,2024,313505,市立敦化國中,813.0
s112313505037,CO01,2024,313505,市立敦化國中,813.0
s112313505038,CO01,2024,313505,市立敦化國中,813.0
s112313505039,CO01,2024,313505,市立敦化國中,813.0
s112313505040,CO01,2024,313505,市立敦化國中,813.0
s112313505044,CO01,2024,313505,市立敦化國中,813.0
s112313505045,CO01,2024,313505,市立敦化國中,813.0
s112313505046,CO01,2024,313505,市立敦化國中,813.0
s112313505047,CO01,2024,313505,市立敦化國中,813.0
s112313505048,CO01,2024,313505,市立敦化國中,813.0
s112313505049,CO01,2024,313505,市立敦化國中,813.0
s112313505050,CO01,2024,313505,市立敦化國中,813.0
s112313505052,CO01,2024,313505,市立敦化國中,813.0
s112313505055,CO01,2024,313505,市立敦化國中,803.0
s112313505056,CO01,2024,313505,市立敦化國中,803.0
s112313505057,CO01,2024,313505,市立敦化國中,803.0
s112313505058,CO01,2024,313505,市立敦化國中,803.0
s112313505059,CO01,2024,313505,市立敦化國中,803.0
s112313505060,CO01,2024,313505,市立敦化國中,803.0
s112313505061,CO01,2024,313505,市立敦化國中,803.0
s112313505062,CO01,2024,313505,市立敦化國中,803.0
s112313505063,CO01,2024,313505,市立敦化國中,803.0
s112313505064,CO01,2024,313505,市立敦化國中,803.0
s112313505065,CO01,2024,313505,市立敦化國中,803.0
s112313505066,CO01,2024,313505,市立敦化國中,803.0
s112313505067,CO01,2024,313505,市立敦化國中,803.0
s112313505068,CO01,2024,313505,市立敦化國中,803.0
s112313505069,CO01,2024,313505,市立敦化國中,803.0
s112313505070,CO01,2024,313505,市立敦化國中,803.0
s112313505071,CO01,2024,313505,市立敦化國中,803.0
s112313505072,CO01,2024,313505,市立敦化國中,803.0
s112313505073,CO01,2024,313505,市立敦化國中,803.0
s112313505074,CO01,2024,313505,市立敦化國中,803.0
s112313505076,CO01,2024,313505,市立敦化國中,803.0
s112313505077,CO01,2024,313505,市立敦化國中,803.0
s112313505078,CO01,2024,313505,市立敦化國中,803.0
s112313505079,CO01,2024,313505,市立敦化國中,803.0
s112313505080,CO01,2024,313505,市立敦化國中,803.0
s112313505081,CO01,2024,313505,市立敦化國中,803.0
s112313505082,CO01,2024,313505,市立敦化國中,803.0
s112323502023,CO01,2024,323502,市立興雅國中,815.0
s112323502024,CO01,2024,323502,市立興雅國中,815.0
s112323502025,CO01,2024,323502,市立興雅國中,815.0
s112323502027,CO01,2024,323502,市立興雅國中,815.0
s112323502029,CO01,2024,323502,市立興雅國中,815.0
s112323502030,CO01,2024,323502,市立興雅國中,815.0
s112323502032,CO01,2024,323502,市立興雅國中,815.0
s112323502033,CO01,2024,323502,市立興雅國中,815.0
s112323502034,CO01,2024,323502,市立興雅國中,815.0
s112323502035,CO01,2024,323502,市立興雅國中,815.0
s112323502037,CO01,2024,323502,市立興雅國中,815.0
s112323502039,CO01,2024,323502,市立興雅國中,815.0
s112323502041,CO01,2024,323502,市立興雅國中,815.0
s112323502042,CO01,2024,323502,市立興雅國中,815.0
s112323502043,CO01,2024,323502,市立興雅國中,815.0
s112323502044,CO01,2024,323502,市立興雅國中,815.0
s112323502045,CO01,2024,323502,市立興雅國中,815.0
s112323502046,CO01,2024,323502,市立興雅國中,815.0
s112323502047,CO01,2024,323502,市立興雅國中,815.0
s112323502049,CO01,2024,323502,市立興雅國中,815.0
s112333501025,CO01,2024,333501,市立仁愛國中,801.0
s112333501026,CO01,2024,333501,市立仁愛國中,801.0
s112333501027,CO01,2024,333501,市立仁愛國中,801.0
s112333501028,CO01,2024,333501,市立仁愛國中,801.0
s112333501029,CO01,2024,333501,市立仁愛國中,801.0
s112333501030,CO01,2024,333501,市立仁愛國中,801.0
s112333501031,CO01,2024,333501,市立仁愛國中,801.0
s112333501033,CO01,2024,333501,市立仁愛國中,801.0
s112333501034,CO01,2024,333501,市立仁愛國中,801.0
s112333501035,CO01,2024,333501,市立仁愛國中,801.0
s112333501036,CO01,2024,333501,市立仁愛國中,801.0
s112333501038,CO01,2024,333501,市立仁愛國中,801.0
s112333501040,CO01,2024,333501,市立仁愛國中,801.0
s112333501041,CO01,2024,333501,市立仁愛國中,801.0
s112333501044,CO01,2024,333501,市立仁愛國中,801.0
s112333501047,CO01,2024,333501,市立仁愛國中,801.0
s112333501050,CO01,2024,333501,市立仁愛國中,801.0
s112333501051,CO01,2024,333501,市立仁愛國中,801.0
s112333501052,CO01,2024,333501,市立仁愛國中,801.0
s112333501055,CO01,2024,333501,市立仁愛國中,810.0
s112333501056,CO01,2024,333501,市立仁愛國中,810.0
s112333501057,CO01,2024,333501,市立仁愛國中,810.0
s112333501059,CO01,2024,333501,市立仁愛國中,810.0
s112333501060,CO01,2024,333501,市立仁愛國中,810.0
s112333501062,CO01,2024,333501,市立仁愛國中,810.0
s112333501064,CO01,2024,333501,市立仁愛國中,810.0
s112333501065,CO01,2024,333501,市立仁愛國中,810.0
s112333501067,CO01,2024,333501,市立仁愛國中,810.0
s112333501070,CO01,2024,333501,市立仁愛國中,810.0
s112333501073,CO01,2024,333501,市立仁愛國中,810.0
s112333501077,CO01,2024,333501,市立仁愛國中,810.0
s112333501080,CO01,2024,333501,市立仁愛國中,810.0
s112333501083,CO01,2024,333501,市立仁愛國中,810.0
s112333505024,CO01,2024,333505,市立金華國中,8.0
s112333505027,CO01,2024,333505,市立金華國中,8.0
s112333505029,CO01,2024,333505,市立金華國中,8.0
s112333505031,CO01,2024,333505,市立金華國中,8.0
s112333505032,CO01,2024,333505,市立金華國中,8.0
s112333505036,CO01,2024,333505,市立金華國中,8.0
s112333505044,CO01,2024,333505,市立金華國中,8.0
s112333505045,CO01,2024,333505,市立金華國中,8.0
s112333505048,CO01,2024,333505,市立金華國中,8.0
s112333505049,CO01,2024,333505,市立金華國中,8.0
s112333505050,CO01,2024,333505,市立金華國中,8.0
s112333505051,CO01,2024,333505,市立金華國中,8.0
s112333505054,CO01,2024,333505,市立金華國中,8.0
s112333505058,CO01,2024,333505,市立金華國中,8.0
s112333505059,CO01,2024,333505,市立金華國中,8.0
s112333505061,CO01,2024,333505,市立金華國中,8.0
s112333505062,CO01,2024,333505,市立金華國中,8.0
s112333505063,CO01,2024,333505,市立金華國中,8.0
s112333505064,CO01,2024,333505,市立金華國中,8.0
s112333505065,CO01,2024,333505,市立金華國中,8.0
s112333505067,CO01,2024,333505,市立金華國中,8.0
s112333505068,CO01,2024,333505,市立金華國中,8.0
s112333505069,CO01,2024,333505,市立金華國中,8.0
s112333505070,CO01,2024,333505,市立金華國中,8.0
s112333505072,CO01,2024,333505,市立金華國中,8.0
s112333505074,CO01,2024,333505,市立金華國中,8.0
s112333505075,CO01,2024,333505,市立金華國中,8.0
s112333505076,CO01,2024,333505,市立金華國中,8.0
s112333505077,CO01,2024,333505,市立金華國中,8.0
s112333505079,CO01,2024,333505,市立金華國中,8.0
s112333505080,CO01,2024,333505,市立金華國中,8.0
s112333505082,CO01,2024,333505,市立金華國中,8.0
s112343302024,CO01,2024,343302,市立大同高中附設國中,8.0
s112343302025,CO01,2024,343302,市立大同高中附設國中,8.0
s112343302026,CO01,2024,343302,市立大同高中附設國中,8.0
s112343302027,CO01,2024,343302,市立大同高中附設國中,8.0
s112343302028,CO01,2024,343302,市立大同高中附設國中,8.0
s112343302030,CO01,2024,343302,市立大同高中附設國中,8.0
s112343302031,CO01,2024,343302,市立大同高中附設國中,8.0
s112343302032,CO01,2024,343302,市立大同高中附設國中,8.0
s112343302033,CO01,2024,343302,市立大同高中附設國中,8.0
s112343302034,CO01,2024,343302,市立大同高中附設國中,8.0
s112343302035,CO01,2024,343302,市立大同高中附設國中,8.0
s112343302036,CO01,2024,343302,市立大同高中附設國中,8.0
s112343302037,CO01,2024,343302,市立大同高中附設國中,8.0
s112343302038,CO01,2024,343302,市立大同高中附設國中,8.0
s112343302039,CO01,2024,343302,市立大同高中附設國中,8.0
s112343302040,CO01,2024,343302,市立大同高中附設國中,8.0
s112343302041,CO01,2024,343302,市立大同高中附設國中,8.0
s112343302042,CO01,2024,343302,市立大同高中附設國中,8.0
s112343302044,CO01,2024,343302,市立大同高中附設國中,8.0
s112343302045,CO01,2024,343302,市立大同高中附設國中,8.0
s112343302046,CO01,2024,343302,市立大同高中附設國中,8.0
s112343302047,CO01,2024,343302,市立大同高中附設國中,8.0
s112343302048,CO01,2024,343302,市立大同高中附設國中,8.0
s112343302050,CO01,2024,343302,市立大同高中附設國中,8.0
s112343302053,CO01,2024,343302,市立大同高中附設國中,8.0
s112343302054,CO01,2024,343302,市立大同高中附設國中,8.0
s112343302055,CO01,2024,343302,市立大同高中附設國中,8.0
s112343302056,CO01,2024,343302,市立大同高中附設國中,8.0
s112343302057,CO01,2024,343302,市立大同高中附設國中,8.0
s112343302059,CO01,2024,343302,市立大同高中附設國中,8.0
s112343302060,CO01,2024,343302,市立大同高中附設國中,8.0
s112343302061,CO01,2024,343302,市立大同高中附設國中,8.0
s112343302062,CO01,2024,343302,市立大同高中附設國中,8.0
s112343302063,CO01,2024,343302,市立大同高中附設國中,8.0
s112343302064,CO01,2024,343302,市立大同高中附設國中,8.0
s112343302065,CO01,2024,343302,市立大同高中附設國中,8.0
s112343302066,CO01,2024,343302,市立大同高中附設國中,8.0
s112343302067,CO01,2024,343302,市立大同高中附設國中,8.0
s112343302068,CO01,2024,343302,市立大同高中附設國中,8.0
s112343302070,CO01,2024,343302,市立大同高中附設國中,8.0
s112343302072,CO01,2024,343302,市立大同高中附設國中,8.0
s112343302073,CO01,2024,343302,市立大同高中附設國中,8.0
s112343302074,CO01,2024,343302,市立大同高中附設國中,8.0
s112343302075,CO01,2024,343302,市立大同高中附設國中,8.0
s112343302076,CO01,2024,343302,市立大同高中附設國中,8.0
s112343302077,CO01,2024,343302,市立大同高中附設國中,8.0
s112343302078,CO01,2024,343302,市立大同高中附設國中,8.0
s112343507024,CO01,2024,343507,市立濱江實驗國中,801.0
s112343507026,CO01,2024,343507,市立濱江實驗國中,801.0
s112343507029,CO01,2024,343507,市立濱江實驗國中,801.0
s112343507035,CO01,2024,343507,市立濱江實驗國中,801.0
s112343507037,CO01,2024,343507,市立濱江實驗國中,801.0
s112343507038,CO01,2024,343507,市立濱江實驗國中,801.0
s112343507039,CO01,2024,343507,市立濱江實驗國中,801.0
s112343507040,CO01,2024,343507,市立濱江實驗國中,801.0
s112343507041,CO01,2024,343507,市立濱江實驗國中,801.0
s112343507042,CO01,2024,343507,市立濱江實驗國中,801.0
s112343507045,CO01,2024,343507,市立濱江實驗國中,803.0
s112343507047,CO01,2024,343507,市立濱江實驗國中,803.0
s112343507048,CO01,2024,343507,市立濱江實驗國中,803.0
s112343507049,CO01,2024,343507,市立濱江實驗國中,803.0
s112343507053,CO01,2024,343507,市立濱江實驗國中,803.0
s112343507054,CO01,2024,343507,市立濱江實驗國中,803.0
s112343507055,CO01,2024,343507,市立濱江實驗國中,803.0
s112343507057,CO01,2024,343507,市立濱江實驗國中,803.0
s112343507060,CO01,2024,343507,市立濱江實驗國中,803.0
s112343507061,CO01,2024,343507,市立濱江實驗國中,803.0
s112343507062,CO01,2024,343507,市立濱江實驗國中,803.0
s112343507063,CO01,2024,343507,市立濱江實驗國中,803.0
s112353504024,CO01,2024,353504,市立弘道國中,802.0
s112353504025,CO01,2024,353504,市立弘道國中,802.0
s112353504026,CO01,2024,353504,市立弘道國中,802.0
s112353504027,CO01,2024,353504,市立弘道國中,802.0
s112353504028,CO01,2024,353504,市立弘道國中,802.0
s112353504030,CO01,2024,353504,市立弘道國中,802.0
s112353504031,CO01,2024,353504,市立弘道國中,802.0
s112353504033,CO01,2024,353504,市立弘道國中,802.0
s112353504034,CO01,2024,353504,市立弘道國中,802.0
s112353504036,CO01,2024,353504,市立弘道國中,802.0
s112353504037,CO01,2024,353504,市立弘道國中,802.0
s112353504038,CO01,2024,353504,市立弘道國中,802.0
s112353504039,CO01,2024,353504,市立弘道國中,802.0
s112353504040,CO01,2024,353504,市立弘道國中,802.0
s112353504041,CO01,2024,353504,市立弘道國中,802.0
s112353504042,CO01,2024,353504,市立弘道國中,802.0
s112353504043,CO01,2024,353504,市立弘道國中,802.0
s112353504045,CO01,2024,353504,市立弘道國中,802.0
s112353504046,CO01,2024,353504,市立弘道國中,802.0
s112353504047,CO01,2024,353504,市立弘道國中,802.0
s112353504048,CO01,2024,353504,市立弘道國中,802.0
s112353504049,CO01,2024,353504,市立弘道國中,802.0
s112353504050,CO01,2024,353504,市立弘道國中,802.0
s112353504051,CO01,2024,353504,市立弘道國中,802.0
s112353504052,CO01,2024,353504,市立弘道國中,802.0
s112353504056,CO01,2024,353504,市立弘道國中,809.0
s112353504057,CO01,2024,353504,市立弘道國中,809.0
s112353504058,CO01,2024,353504,市立弘道國中,809.0
s112353504059,CO01,2024,353504,市立弘道國中,809.0
s112353504060,CO01,2024,353504,市立弘道國中,809.0
s112353504061,CO01,2024,353504,市立弘道國中,809.0
s112353504062,CO01,2024,353504,市立弘道國中,809.0
s112353504063,CO01,2024,353504,市立弘道國中,809.0
s112353504064,CO01,2024,353504,市立弘道國中,809.0
s112353504065,CO01,2024,353504,市立弘道國中,809.0
s112353504066,CO01,2024,353504,市立弘道國中,809.0
s112353504067,CO01,2024,353504,市立弘道國中,809.0
s112353504068,CO01,2024,353504,市立弘道國中,809.0
s112353504069,CO01,2024,353504,市立弘道國中,809.0
s112353504070,CO01,2024,353504,市立弘道國中,809.0
s112353504071,CO01,2024,353504,市立弘道國中,809.0
s112353504072,CO01,2024,353504,市立弘道國中,809.0
s112353504074,CO01,2024,353504,市立弘道國中,809.0
s112353504075,CO01,2024,353504,市立弘道國中,809.0
s112353504076,CO01,2024,353504,市立弘道國中,809.0
s112353504077,CO01,2024,353504,市立弘道國中,809.0
s112353504078,CO01,2024,353504,市立弘道國中,809.0
s112353504080,CO01,2024,353504,市立弘道國中,809.0
s112353505024,CO01,2024,353505,市立中正國中,801.0
s112353505025,CO01,2024,353505,市立中正國中,801.0
s112353505026,CO01,2024,353505,市立中正國中,801.0
s112353505027,CO01,2024,353505,市立中正國中,801.0
s112353505028,CO01,2024,353505,市立中正國中,801.0
s112353505029,CO01,2024,353505,市立中正國中,801.0
s112353505031,CO01,2024,353505,市立中正國中,801.0
s112353505032,CO01,2024,353505,市立中正國中,801.0
s112353505033,CO01,2024,353505,市立中正國中,801.0
s112353505034,CO01,2024,353505,市立中正國中,801.0
s112353505035,CO01,2024,353505,市立中正國中,801.0
s112353505036,CO01,2024,353505,市立中正國中,801.0
s112353505037,CO01,2024,353505,市立中正國中,801.0
s112353505038,CO01,2024,353505,市立中正國中,801.0
s112353505040,CO01,2024,353505,市立中正國中,801.0
s112353505041,CO01,2024,353505,市立中正國中,801.0
s112353505042,CO01,2024,353505,市立中正國中,801.0
s112353505043,CO01,2024,353505,市立中正國中,801.0
s112353505044,CO01,2024,353505,市立中正國中,801.0
s112353505045,CO01,2024,353505,市立中正國中,801.0
s112353505047,CO01,2024,353505,市立中正國中,801.0
s112353505048,CO01,2024,353505,市立中正國中,801.0
s112353505049,CO01,2024,353505,市立中正國中,801.0
s112353505050,CO01,2024,353505,市立中正國中,801.0
s112353505052,CO01,2024,353505,市立中正國中,801.0
s112353505056,CO01,2024,353505,市立中正國中,801.0
s112353505059,CO01,2024,353505,市立中正國中,811.0
s112353505060,CO01,2024,353505,市立中正國中,811.0
s112353505061,CO01,2024,353505,市立中正國中,811.0
s112353505062,CO01,2024,353505,市立中正國中,811.0
s112353505064,CO01,2024,353505,市立中正國中,811.0
s112353505065,CO01,2024,353505,市立中正國中,811.0
s112353505066,CO01,2024,353505,市立中正國中,811.0
s112353505067,CO01,2024,353505,市立中正國中,811.0
s112353505068,CO01,2024,353505,市立中正國中,811.0
s112353505069,CO01,2024,353505,市立中正國中,811.0
s112353505070,CO01,2024,353505,市立中正國中,811.0
s112353505077,CO01,2024,353505,市立中正國中,811.0
s112353505078,CO01,2024,353505,市立中正國中,811.0
s112353505081,CO01,2024,353505,市立中正國中,811.0
s112353505082,CO01,2024,353505,市立中正國中,811.0
s112353505083,CO01,2024,353505,市立中正國中,811.0
s112353505084,CO01,2024,353505,市立中正國中,811.0
s112353505085,CO01,2024,353505,市立中正國中,811.0
s112353505086,CO01,2024,353505,市立中正國中,811.0
s112353505087,CO01,2024,353505,市立中正國中,811.0
s112363501024,CO01,2024,363501,市立建成國中,802.0
s112363501025,CO01,2024,363501,市立建成國中,802.0
s112363501027,CO01,2024,363501,市立建成國中,802.0
s112363501028,CO01,2024,363501,市立建成國中,802.0
s112363501029,CO01,2024,363501,市立建成國中,802.0
s112363501032,CO01,2024,363501,市立建成國中,802.0
s112363501033,CO01,2024,363501,市立建成國中,802.0
s112363501034,CO01,2024,363501,市立建成國中,802.0
s112363501035,CO01,2024,363501,市立建成國中,802.0
s112363501036,CO01,2024,363501,市立建成國中,802.0
s112363501038,CO01,2024,363501,市立建成國中,802.0
s112363501039,CO01,2024,363501,市立建成國中,802.0
s112363501040,CO01,2024,363501,市立建成國中,802.0
s112363501041,CO01,2024,363501,市立建成國中,802.0
s112363501042,CO01,2024,363501,市立建成國中,802.0
s112363501043,CO01,2024,363501,市立建成國中,802.0
s112363501044,CO01,2024,363501,市立建成國中,802.0
s112363501046,CO01,2024,363501,市立建成國中,802.0
s112363501047,CO01,2024,363501,市立建成國中,802.0
s112363501048,CO01,2024,363501,市立建成國中,802.0
s112363501052,CO01,2024,363501,市立建成國中,805.0
s112363501053,CO01,2024,363501,市立建成國中,805.0
s112363501054,CO01,2024,363501,市立建成國中,805.0
s112363501055,CO01,2024,363501,市立建成國中,805.0
s112363501056,CO01,2024,363501,市立建成國中,805.0
s112363501057,CO01,2024,363501,市立建成國中,805.0
s112363501059,CO01,2024,363501,市立建成國中,805.0
s112363501061,CO01,2024,363501,市立建成國中,805.0
s112363501062,CO01,2024,363501,市立建成國中,805.0
s112363501063,CO01,2024,363501,市立建成國中,805.0
s112363501064,CO01,2024,363501,市立建成國中,805.0
s112363501065,CO01,2024,363501,市立建成國中,805.0
s112363501066,CO01,2024,363501,市立建成國中,805.0
s112363501067,CO01,2024,363501,市立建成國中,805.0
s112363501068,CO01,2024,363501,市立建成國中,805.0
s112363501069,CO01,2024,363501,市立建成國中,805.0
s112363501070,CO01,2024,363501,市立建成國中,805.0
s112363501071,CO01,2024,363501,市立建成國中,805.0
s112363501072,CO01,2024,363501,市立建成國中,805.0
s112381301028,CO01,2024,381301,私立東山高中附設國中,八義
s112381301030,CO01,2024,381301,私立東山高中附設國中,八義
s112381301050,CO01,2024,381301,私立東山高中附設國中,八義
s112381301053,CO01,2024,381301,私立東山高中附設國中,八義
s112381301056,CO01,2024,381301,私立東山高中附設國中,八義
s112381301058,CO01,2024,381301,私立東山高中附設國中,八義
s112381301060,CO01,2024,381301,私立東山高中附設國中,八義
s112381301066,CO01,2024,381301,私立東山高中附設國中,八勤
s112381301070,CO01,2024,381301,私立東山高中附設國中,八勤
s112381301083,CO01,2024,381301,私立東山高中附設國中,八勤
s112381301085,CO01,2024,381301,私立東山高中附設國中,八勤
s112381301086,CO01,2024,381301,私立東山高中附設國中,八勤
s112381301087,CO01,2024,381301,私立東山高中附設國中,八勤
s112381301097,CO01,2024,381301,私立東山高中附設國中,八勤
s112381301105,CO01,2024,381301,私立東山高中附設國中,八勤
s112381301106,CO01,2024,381301,私立東山高中附設國中,八勤
s112383501032,CO01,2024,383501,市立木柵國中,801.0
s112383501040,CO01,2024,383501,市立木柵國中,801.0
s112383501042,CO01,2024,383501,市立木柵國中,801.0
s112383501044,CO01,2024,383501,市立木柵國中,801.0
s112383501046,CO01,2024,383501,市立木柵國中,801.0
s112383501049,CO01,2024,383501,市立木柵國中,801.0
s112383501052,CO01,2024,383501,市立木柵國中,804.0
s112383501058,CO01,2024,383501,市立木柵國中,804.0
s112383501060,CO01,2024,383501,市立木柵國中,804.0
s112383501071,CO01,2024,383501,市立木柵國中,804.0
s112383501074,CO01,2024,383501,市立木柵國中,804.0
s112383501077,CO01,2024,383501,市立木柵國中,804.0
s112403501025,CO01,2024,403501,市立內湖國中,804.0
s112403501026,CO01,2024,403501,市立內湖國中,804.0
s112403501027,CO01,2024,403501,市立內湖國中,804.0
s112403501031,CO01,2024,403501,市立內湖國中,804.0
s112403501033,CO01,2024,403501,市立內湖國中,804.0
s112403501034,CO01,2024,403501,市立內湖國中,804.0
s112403501036,CO01,2024,403501,市立內湖國中,804.0
s112403501038,CO01,2024,403501,市立內湖國中,804.0
s112403501039,CO01,2024,403501,市立內湖國中,804.0
s112403501040,CO01,2024,403501,市立內湖國中,804.0
s112403501041,CO01,2024,403501,市立內湖國中,804.0
s112403501042,CO01,2024,403501,市立內湖國中,804.0
s112403501049,CO01,2024,403501,市立內湖國中,809.0
s112403501050,CO01,2024,403501,市立內湖國中,809.0
s112403501057,CO01,2024,403501,市立內湖國中,809.0
s112403501059,CO01,2024,403501,市立內湖國中,809.0
s112403501060,CO01,2024,403501,市立內湖國中,809.0
s112403501061,CO01,2024,403501,市立內湖國中,809.0
s112403501062,CO01,2024,403501,市立內湖國中,809.0
s112403501063,CO01,2024,403501,市立內湖國中,809.0
s112403501067,CO01,2024,403501,市立內湖國中,809.0
s112403501068,CO01,2024,403501,市立內湖國中,809.0
s112403502024,CO01,2024,403502,市立麗山國中,805.0
s112403502025,CO01,2024,403502,市立麗山國中,805.0
s112403502026,CO01,2024,403502,市立麗山國中,805.0
s112403502027,CO01,2024,403502,市立麗山國中,805.0
s112403502029,CO01,2024,403502,市立麗山國中,805.0
s112403502030,CO01,2024,403502,市立麗山國中,805.0
s112403502032,CO01,2024,403502,市立麗山國中,805.0
s112403502033,CO01,2024,403502,市立麗山國中,805.0
s112403502034,CO01,2024,403502,市立麗山國中,805.0
s112403502036,CO01,2024,403502,市立麗山國中,805.0
s112403502037,CO01,2024,403502,市立麗山國中,805.0
s112403502040,CO01,2024,403502,市立麗山國中,805.0
s112403502042,CO01,2024,403502,市立麗山國中,805.0
s112403502043,CO01,2024,403502,市立麗山國中,805.0
s112403502044,CO01,2024,403502,市立麗山國中,805.0
s112403502046,CO01,2024,403502,市立麗山國中,805.0
s112403502047,CO01,2024,403502,市立麗山國中,805.0
s112403502048,CO01,2024,403502,市立麗山國中,805.0
s112403502049,CO01,2024,403502,市立麗山國中,805.0
s112403502050,CO01,2024,403502,市立麗山國中,805.0
s112403502051,CO01,2024,403502,市立麗山國中,805.0
s112403502055,CO01,2024,403502,市立麗山國中,815.0
s112403502056,CO01,2024,403502,市立麗山國中,815.0
s112403502058,CO01,2024,403502,市立麗山國中,815.0
s112403502060,CO01,2024,403502,市立麗山國中,815.0
s112403502061,CO01,2024,403502,市立麗山國中,815.0
s112403502063,CO01,2024,403502,市立麗山國中,815.0
s112403502065,CO01,2024,403502,市立麗山國中,815.0
s112403502066,CO01,2024,403502,市立麗山國中,815.0
s112403502068,CO01,2024,403502,市立麗山國中,815.0
s112403502069,CO01,2024,403502,市立麗山國中,815.0
s112403502070,CO01,2024,403502,市立麗山國中,815.0
s112403502071,CO01,2024,403502,市立麗山國中,815.0
s112403502072,CO01,2024,403502,市立麗山國中,815.0
s112403502073,CO01,2024,403502,市立麗山國中,815.0
s112403502074,CO01,2024,403502,市立麗山國中,815.0
s112403502075,CO01,2024,403502,市立麗山國中,815.0
s112403502076,CO01,2024,403502,市立麗山國中,815.0
s112403502077,CO01,2024,403502,市立麗山國中,815.0
s112403502078,CO01,2024,403502,市立麗山國中,815.0
s112403502079,CO01,2024,403502,市立麗山國中,815.0
s112403502080,CO01,2024,403502,市立麗山國中,815.0
s112403502081,CO01,2024,403502,市立麗山國中,815.0
s112403502082,CO01,2024,403502,市立麗山國中,815.0
s112403502083,CO01,2024,403502,市立麗山國中,815.0
s112411303024,CO01,2024,411303,私立華興中學附設國中,國二乙
s112411303025,CO01,2024,411303,私立華興中學附設國中,國二乙
s112411303027,CO01,2024,411303,私立華興中學附設國中,國二乙
s112411303028,CO01,2024,411303,私立華興中學附設國中,國二乙
s112411303029,CO01,2024,411303,私立華興中學附設國中,國二乙
s112411303030,CO01,2024,411303,私立華興中學附設國中,國二乙
s112411303031,CO01,2024,411303,私立華興中學附設國中,國二乙
s112411303032,CO01,2024,411303,私立華興中學附設國中,國二乙
s112411303034,CO01,2024,411303,私立華興中學附設國中,國二乙
s112411303035,CO01,2024,411303,私立華興中學附設國中,國二乙
s112411303039,CO01,2024,411303,私立華興中學附設國中,國二乙
s112411303040,CO01,2024,411303,私立華興中學附設國中,國二乙
s112411303041,CO01,2024,411303,私立華興中學附設國中,國二乙
s112411303042,CO01,2024,411303,私立華興中學附設國中,國二乙
s112411303043,CO01,2024,411303,私立華興中學附設國中,國二乙
s112411303044,CO01,2024,411303,私立華興中學附設國中,國二乙
s112411303045,CO01,2024,411303,私立華興中學附設國中,國二乙
s112411303046,CO01,2024,411303,私立華興中學附設國中,國二乙
s112411303047,CO01,2024,411303,私立華興中學附設國中,國二乙
s112411303051,CO01,2024,411303,私立華興中學附設國中,國二乙
s112411303052,CO01,2024,411303,私立華興中學附設國中,國二乙
s112411303053,CO01,2024,411303,私立華興中學附設國中,國二乙
s112411303055,CO01,2024,411303,私立華興中學附設國中,國二乙
s112411303056,CO01,2024,411303,私立華興中學附設國中,國二乙
s112411303059,CO01,2024,411303,私立華興中學附設國中,國二乙
s112411303060,CO01,2024,411303,私立華興中學附設國中,國二乙
s112411303062,CO01,2024,411303,私立華興中學附設國中,國二乙
s112411303063,CO01,2024,411303,私立華興中學附設國中,國二乙
s112411303064,CO01,2024,411303,私立華興中學附設國中,國二乙
s112411303065,CO01,2024,411303,私立華興中學附設國中,國二乙
s112411303066,CO01,2024,411303,私立華興中學附設國中,國二乙
s112411303071,CO01,2024,411303,私立華興中學附設國中,國二己
s112411303073,CO01,2024,411303,私立華興中學附設國中,國二己
s112411303074,CO01,2024,411303,私立華興中學附設國中,國二己
s112411303076,CO01,2024,411303,私立華興中學附設國中,國二己
s112411303077,CO01,2024,411303,私立華興中學附設國中,國二己
s112411303078,CO01,2024,411303,私立華興中學附設國中,國二己
s112411303079,CO01,2024,411303,私立華興中學附設國中,國二己
s112411303080,CO01,2024,411303,私立華興中學附設國中,國二己
s112411303081,CO01,2024,411303,私立華興中學附設國中,國二己
s112411303082,CO01,2024,411303,私立華興中學附設國中,國二己
s112411303083,CO01,2024,411303,私立華興中學附設國中,國二己
s112411303087,CO01,2024,411303,私立華興中學附設國中,國二己
s112411303088,CO01,2024,411303,私立華興中學附設國中,國二己
s112411303090,CO01,2024,411303,私立華興中學附設國中,國二己
s112411303091,CO01,2024,411303,私立華興中學附設國中,國二己
s112411303093,CO01,2024,411303,私立華興中學附設國中,國二己
s112411303094,CO01,2024,411303,私立華興中學附設國中,國二己
s112411303095,CO01,2024,411303,私立華興中學附設國中,國二己
s112411303096,CO01,2024,411303,私立華興中學附設國中,國二己
s112411303097,CO01,2024,411303,私立華興中學附設國中,國二己
s112411303098,CO01,2024,411303,私立華興中學附設國中,國二己
s112411303101,CO01,2024,411303,私立華興中學附設國中,國二己
s112411303102,CO01,2024,411303,私立華興中學附設國中,國二己
s112411303103,CO01,2024,411303,私立華興中學附設國中,國二己
s112411303104,CO01,2024,411303,私立華興中學附設國中,國二己
s112411303105,CO01,2024,411303,私立華興中學附設國中,國二己
s112411303106,CO01,2024,411303,私立華興中學附設國中,國二己
s112411303108,CO01,2024,411303,私立華興中學附設國中,國二己
s112411303109,CO01,2024,411303,私立華興中學附設國中,國二己
s112411303110,CO01,2024,411303,私立華興中學附設國中,國二己
s112411303112,CO01,2024,411303,私立華興中學附設國中,國二己
s112413301024,CO01,2024,413301,市立陽明高中附設國中,802.0
s112413301025,CO01,2024,413301,市立陽明高中附設國中,802.0
s112413301026,CO01,2024,413301,市立陽明高中附設國中,802.0
s112413301027,CO01,2024,413301,市立陽明高中附設國中,802.0
s112413301028,CO01,2024,413301,市立陽明高中附設國中,802.0
s112413301029,CO01,2024,413301,市立陽明高中附設國中,802.0
s112413301030,CO01,2024,413301,市立陽明高中附設國中,802.0
s112413301031,CO01,2024,413301,市立陽明高中附設國中,802.0
s112413301032,CO01,2024,413301,市立陽明高中附設國中,802.0
s112413301034,CO01,2024,413301,市立陽明高中附設國中,802.0
s112413301036,CO01,2024,413301,市立陽明高中附設國中,802.0
s112413301037,CO01,2024,413301,市立陽明高中附設國中,802.0
s112413301038,CO01,2024,413301,市立陽明高中附設國中,802.0
s112413301039,CO01,2024,413301,市立陽明高中附設國中,802.0
s112413301040,CO01,2024,413301,市立陽明高中附設國中,802.0
s112413301041,CO01,2024,413301,市立陽明高中附設國中,802.0
s112413301042,CO01,2024,413301,市立陽明高中附設國中,802.0
s112413301043,CO01,2024,413301,市立陽明高中附設國中,802.0
s112413301044,CO01,2024,413301,市立陽明高中附設國中,802.0
s112413301045,CO01,2024,413301,市立陽明高中附設國中,802.0
s112413301046,CO01,2024,413301,市立陽明高中附設國中,802.0
s112413301047,CO01,2024,413301,市立陽明高中附設國中,802.0
s112413301048,CO01,2024,413301,市立陽明高中附設國中,802.0
s112413301049,CO01,2024,413301,市立陽明高中附設國中,802.0
s112413301050,CO01,2024,413301,市立陽明高中附設國中,802.0
s112413301051,CO01,2024,413301,市立陽明高中附設國中,802.0
s112413301054,CO01,2024,413301,市立陽明高中附設國中,804.0
s112413301055,CO01,2024,413301,市立陽明高中附設國中,804.0
s112413301056,CO01,2024,413301,市立陽明高中附設國中,804.0
s112413301057,CO01,2024,413301,市立陽明高中附設國中,804.0
s112413301058,CO01,2024,413301,市立陽明高中附設國中,804.0
s112413301059,CO01,2024,413301,市立陽明高中附設國中,804.0
s112413301060,CO01,2024,413301,市立陽明高中附設國中,804.0
s112413301062,CO01,2024,413301,市立陽明高中附設國中,804.0
s112413301063,CO01,2024,413301,市立陽明高中附設國中,804.0
s112413301064,CO01,2024,413301,市立陽明高中附設國中,804.0
s112413301068,CO01,2024,413301,市立陽明高中附設國中,804.0
s112413301070,CO01,2024,413301,市立陽明高中附設國中,804.0
s112413301071,CO01,2024,413301,市立陽明高中附設國中,804.0
s112413301073,CO01,2024,413301,市立陽明高中附設國中,804.0
s112413301074,CO01,2024,413301,市立陽明高中附設國中,804.0
s112413301076,CO01,2024,413301,市立陽明高中附設國中,804.0
s112413301077,CO01,2024,413301,市立陽明高中附設國中,804.0
s112413301078,CO01,2024,413301,市立陽明高中附設國中,804.0
s112413301079,CO01,2024,413301,市立陽明高中附設國中,804.0
s112413301080,CO01,2024,413301,市立陽明高中附設國中,804.0
s112413301081,CO01,2024,413301,市立陽明高中附設國中,804.0
s112413301082,CO01,2024,413301,市立陽明高中附設國中,804.0
s112413302024,CO01,2024,413302,市立百齡高中附設國中,802.0
s112413302026,CO01,2024,413302,市立百齡高中附設國中,802.0
s112413302027,CO01,2024,413302,市立百齡高中附設國中,802.0
s112413302028,CO01,2024,413302,市立百齡高中附設國中,802.0
s112413302029,CO01,2024,413302,市立百齡高中附設國中,802.0
s112413302034,CO01,2024,413302,市立百齡高中附設國中,802.0
s112413302036,CO01,2024,413302,市立百齡高中附設國中,802.0
s112413302037,CO01,2024,413302,市立百齡高中附設國中,802.0
s112413302038,CO01,2024,413302,市立百齡高中附設國中,802.0
s112413302039,CO01,2024,413302,市立百齡高中附設國中,802.0
s112413302040,CO01,2024,413302,市立百齡高中附設國中,802.0
s112413302042,CO01,2024,413302,市立百齡高中附設國中,802.0
s112413302043,CO01,2024,413302,市立百齡高中附設國中,802.0
s112413302044,CO01,2024,413302,市立百齡高中附設國中,802.0
s112413302045,CO01,2024,413302,市立百齡高中附設國中,802.0
s112413302047,CO01,2024,413302,市立百齡高中附設國中,802.0
s112413302048,CO01,2024,413302,市立百齡高中附設國中,802.0
s112413302052,CO01,2024,413302,市立百齡高中附設國中,806.0
s112413302053,CO01,2024,413302,市立百齡高中附設國中,806.0
s112413302054,CO01,2024,413302,市立百齡高中附設國中,806.0
s112413302055,CO01,2024,413302,市立百齡高中附設國中,806.0
s112413302056,CO01,2024,413302,市立百齡高中附設國中,806.0
s112413302057,CO01,2024,413302,市立百齡高中附設國中,806.0
s112413302058,CO01,2024,413302,市立百齡高中附設國中,806.0
s112413302059,CO01,2024,413302,市立百齡高中附設國中,806.0
s112413302060,CO01,2024,413302,市立百齡高中附設國中,806.0
s112413302061,CO01,2024,413302,市立百齡高中附設國中,806.0
s112413302063,CO01,2024,413302,市立百齡高中附設國中,806.0
s112413302064,CO01,2024,413302,市立百齡高中附設國中,806.0
s112413302066,CO01,2024,413302,市立百齡高中附設國中,806.0
s112413302067,CO01,2024,413302,市立百齡高中附設國中,806.0
s112413302068,CO01,2024,413302,市立百齡高中附設國中,806.0
s112413302069,CO01,2024,413302,市立百齡高中附設國中,806.0
s112413302070,CO01,2024,413302,市立百齡高中附設國中,806.0
s112413302072,CO01,2024,413302,市立百齡高中附設國中,806.0
s112413302073,CO01,2024,413302,市立百齡高中附設國中,806.0
s112413302074,CO01,2024,413302,市立百齡高中附設國中,806.0
s112413302075,CO01,2024,413302,市立百齡高中附設國中,806.0
s112413302076,CO01,2024,413302,市立百齡高中附設國中,806.0
s112413508024,CO01,2024,413508,市立天母國中,808.0
s112413508025,CO01,2024,413508,市立天母國中,808.0
s112413508027,CO01,2024,413508,市立天母國中,808.0
s112413508028,CO01,2024,413508,市立天母國中,808.0
s112413508029,CO01,2024,413508,市立天母國中,808.0
s112413508030,CO01,2024,413508,市立天母國中,808.0
s112413508031,CO01,2024,413508,市立天母國中,808.0
s112413508032,CO01,2024,413508,市立天母國中,808.0
s112413508033,CO01,2024,413508,市立天母國中,808.0
s112413508034,CO01,2024,413508,市立天母國中,808.0
s112413508037,CO01,2024,413508,市立天母國中,808.0
s112413508038,CO01,2024,413508,市立天母國中,808.0
s112413508040,CO01,2024,413508,市立天母國中,808.0
s112413508041,CO01,2024,413508,市立天母國中,808.0
s112413508044,CO01,2024,413508,市立天母國中,808.0
s112413508046,CO01,2024,413508,市立天母國中,808.0
s112413508048,CO01,2024,413508,市立天母國中,808.0
s112413508052,CO01,2024,413508,市立天母國中,817.0
s112413508054,CO01,2024,413508,市立天母國中,817.0
s112413508055,CO01,2024,413508,市立天母國中,817.0
s112413508056,CO01,2024,413508,市立天母國中,817.0
s112413508058,CO01,2024,413508,市立天母國中,817.0
s112413508059,CO01,2024,413508,市立天母國中,817.0
s112413508060,CO01,2024,413508,市立天母國中,817.0
s112413508062,CO01,2024,413508,市立天母國中,817.0
s112413508063,CO01,2024,413508,市立天母國中,817.0
s112413508064,CO01,2024,413508,市立天母國中,817.0
s112413508067,CO01,2024,413508,市立天母國中,817.0
s112413508069,CO01,2024,413508,市立天母國中,817.0
s112413508070,CO01,2024,413508,市立天母國中,817.0
s112413508073,CO01,2024,413508,市立天母國中,817.0
s112413508074,CO01,2024,413508,市立天母國中,817.0
s112421302024,CO01,2024,421302,臺北市私立幼華高中附設國中,801.0
s112421302025,CO01,2024,421302,臺北市私立幼華高中附設國中,801.0
s112421302026,CO01,2024,421302,臺北市私立幼華高中附設國中,801.0
s112421302027,CO01,2024,421302,臺北市私立幼華高中附設國中,801.0
s112421302028,CO01,2024,421302,臺北市私立幼華高中附設國中,801.0
s112421302029,CO01,2024,421302,臺北市私立幼華高中附設國中,801.0
s112421302030,CO01,2024,421302,臺北市私立幼華高中附設國中,801.0
s112421302031,CO01,2024,421302,臺北市私立幼華高中附設國中,801.0
s112421302032,CO01,2024,421302,臺北市私立幼華高中附設國中,801.0
s112421302033,CO01,2024,421302,臺北市私立幼華高中附設國中,801.0
s112421302034,CO01,2024,421302,臺北市私立幼華高中附設國中,801.0
s112421302036,CO01,2024,421302,臺北市私立幼華高中附設國中,801.0
s112421302037,CO01,2024,421302,臺北市私立幼華高中附設國中,801.0
s112421302038,CO01,2024,421302,臺北市私立幼華高中附設國中,801.0
s112421302039,CO01,2024,421302,臺北市私立幼華高中附設國中,801.0
s112421302040,CO01,2024,421302,臺北市私立幼華高中附設國中,801.0
s112421302041,CO01,2024,421302,臺北市私立幼華高中附設國中,801.0
s112421302042,CO01,2024,421302,臺北市私立幼華高中附設國中,801.0
s112421302043,CO01,2024,421302,臺北市私立幼華高中附設國中,801.0
s112421302046,CO01,2024,421302,臺北市私立幼華高中附設國中,801.0
s112421302047,CO01,2024,421302,臺北市私立幼華高中附設國中,801.0
s112421302048,CO01,2024,421302,臺北市私立幼華高中附設國中,801.0
s112421302049,CO01,2024,421302,臺北市私立幼華高中附設國中,801.0
s112421302050,CO01,2024,421302,臺北市私立幼華高中附設國中,801.0
s112421302051,CO01,2024,421302,臺北市私立幼華高中附設國中,801.0
s112421302052,CO01,2024,421302,臺北市私立幼華高中附設國中,801.0
s112421302054,CO01,2024,421302,臺北市私立幼華高中附設國中,801.0
s112421302055,CO01,2024,421302,臺北市私立幼華高中附設國中,801.0
s112421302056,CO01,2024,421302,臺北市私立幼華高中附設國中,801.0
s112421302060,CO01,2024,421302,臺北市私立幼華高中附設國中,803.0
s112421302061,CO01,2024,421302,臺北市私立幼華高中附設國中,803.0
s112421302062,CO01,2024,421302,臺北市私立幼華高中附設國中,803.0
s112421302063,CO01,2024,421302,臺北市私立幼華高中附設國中,803.0
s112421302064,CO01,2024,421302,臺北市私立幼華高中附設國中,803.0
s112421302066,CO01,2024,421302,臺北市私立幼華高中附設國中,803.0
s112421302067,CO01,2024,421302,臺北市私立幼華高中附設國中,803.0
s112421302073,CO01,2024,421302,臺北市私立幼華高中附設國中,803.0
s112421302077,CO01,2024,421302,臺北市私立幼華高中附設國中,803.0
s112421302085,CO01,2024,421302,臺北市私立幼華高中附設國中,803.0
s112421302086,CO01,2024,421302,臺北市私立幼華高中附設國中,803.0
s112421302087,CO01,2024,421302,臺北市私立幼華高中附設國中,803.0
s112421302088,CO01,2024,421302,臺北市私立幼華高中附設國中,803.0
s112421302090,CO01,2024,421302,臺北市私立幼華高中附設國中,803.0
s112423505024,CO01,2024,423505,市立石牌國中,813.0
s112423505027,CO01,2024,423505,市立石牌國中,813.0
s112423505029,CO01,2024,423505,市立石牌國中,813.0
s112423505030,CO01,2024,423505,市立石牌國中,813.0
s112423505031,CO01,2024,423505,市立石牌國中,813.0
s112423505034,CO01,2024,423505,市立石牌國中,813.0
s112423505037,CO01,2024,423505,市立石牌國中,813.0
s112423505039,CO01,2024,423505,市立石牌國中,813.0
s112423505041,CO01,2024,423505,市立石牌國中,813.0
s112423505043,CO01,2024,423505,市立石牌國中,813.0
s112423505045,CO01,2024,423505,市立石牌國中,813.0
s112423505047,CO01,2024,423505,市立石牌國中,813.0
s112423505048,CO01,2024,423505,市立石牌國中,813.0
s112423505049,CO01,2024,423505,市立石牌國中,813.0
s112423505052,CO01,2024,423505,市立石牌國中,813.0
s112423505053,CO01,2024,423505,市立石牌國中,813.0
s112423505056,CO01,2024,423505,市立石牌國中,826.0
s112423505057,CO01,2024,423505,市立石牌國中,826.0
s112423505058,CO01,2024,423505,市立石牌國中,826.0
s112423505059,CO01,2024,423505,市立石牌國中,826.0
s112423505061,CO01,2024,423505,市立石牌國中,826.0
s112423505064,CO01,2024,423505,市立石牌國中,826.0
s112423505065,CO01,2024,423505,市立石牌國中,826.0
s112423505067,CO01,2024,423505,市立石牌國中,826.0
s112423505068,CO01,2024,423505,市立石牌國中,826.0
s112423505069,CO01,2024,423505,市立石牌國中,826.0
s112423505071,CO01,2024,423505,市立石牌國中,826.0
s112423505072,CO01,2024,423505,市立石牌國中,826.0
s112423505073,CO01,2024,423505,市立石牌國中,826.0
s112423505074,CO01,2024,423505,市立石牌國中,826.0
s112423505075,CO01,2024,423505,市立石牌國中,826.0
s112423505076,CO01,2024,423505,市立石牌國中,826.0
s112423505078,CO01,2024,423505,市立石牌國中,826.0
s112423505079,CO01,2024,423505,市立石牌國中,826.0
s112423505081,CO01,2024,423505,市立石牌國中,826.0
s112423505082,CO01,2024,423505,市立石牌國中,826.0
s112423505083,CO01,2024,423505,市立石牌國中,826.0
s112423505084,CO01,2024,423505,市立石牌國中,826.0
s112533503026,CO01,2024,533503,市立立德國中,801.0
s112533503028,CO01,2024,533503,市立立德國中,801.0
s112533503029,CO01,2024,533503,市立立德國中,801.0
s112533503031,CO01,2024,533503,市立立德國中,801.0
s112533503033,CO01,2024,533503,市立立德國中,801.0
s112533503034,CO01,2024,533503,市立立德國中,801.0
s112533503037,CO01,2024,533503,市立立德國中,801.0
s112533503042,CO01,2024,533503,市立立德國中,802.0
s112533503043,CO01,2024,533503,市立立德國中,802.0
s112533503044,CO01,2024,533503,市立立德國中,802.0
s112533503045,CO01,2024,533503,市立立德國中,802.0
s112533503046,CO01,2024,533503,市立立德國中,802.0
s112533503047,CO01,2024,533503,市立立德國中,802.0
s112533503048,CO01,2024,533503,市立立德國中,802.0
s112533503049,CO01,2024,533503,市立立德國中,802.0
s112533503050,CO01,2024,533503,市立立德國中,802.0
s112533503051,CO01,2024,533503,市立立德國中,802.0
s112533503052,CO01,2024,533503,市立立德國中,802.0
s112533503053,CO01,2024,533503,市立立德國中,802.0
s112533503055,CO01,2024,533503,市立立德國中,802.0
s112533503056,CO01,2024,533503,市立立德國中,802.0
s112533503057,CO01,2024,533503,市立立德國中,802.0
s112533504025,CO01,2024,533504,市立龍華國中,201.0
s112533504026,CO01,2024,533504,市立龍華國中,201.0
s112533504027,CO01,2024,533504,市立龍華國中,201.0
s112533504028,CO01,2024,533504,市立龍華國中,201.0
s112533504029,CO01,2024,533504,市立龍華國中,201.0
s112533504032,CO01,2024,533504,市立龍華國中,201.0
s112533504033,CO01,2024,533504,市立龍華國中,201.0
s112533504034,CO01,2024,533504,市立龍華國中,201.0
s112533504035,CO01,2024,533504,市立龍華國中,201.0
s112533504036,CO01,2024,533504,市立龍華國中,201.0
s112533504038,CO01,2024,533504,市立龍華國中,201.0
s112533504039,CO01,2024,533504,市立龍華國中,201.0
s112533504040,CO01,2024,533504,市立龍華國中,201.0
s112533504041,CO01,2024,533504,市立龍華國中,201.0
s112533504042,CO01,2024,533504,市立龍華國中,201.0
s112533504043,CO01,2024,533504,市立龍華國中,201.0
s112533504044,CO01,2024,533504,市立龍華國中,201.0
s112533504045,CO01,2024,533504,市立龍華國中,201.0
s112533504046,CO01,2024,533504,市立龍華國中,201.0
s112533504047,CO01,2024,533504,市立龍華國中,201.0
s112533504048,CO01,2024,533504,市立龍華國中,201.0
s112533504049,CO01,2024,533504,市立龍華國中,201.0
s112533504050,CO01,2024,533504,市立龍華國中,201.0
s112533504051,CO01,2024,533504,市立龍華國中,201.0
s112533504055,CO01,2024,533504,市立龍華國中,209.0
s112533504056,CO01,2024,533504,市立龍華國中,209.0
s112533504057,CO01,2024,533504,市立龍華國中,209.0
s112533504058,CO01,2024,533504,市立龍華國中,209.0
s112533504059,CO01,2024,533504,市立龍華國中,209.0
s112533504060,CO01,2024,533504,市立龍華國中,209.0
s112533504061,CO01,2024,533504,市立龍華國中,209.0
s112533504062,CO01,2024,533504,市立龍華國中,209.0
s112533504063,CO01,2024,533504,市立龍華國中,209.0
s112533504064,CO01,2024,533504,市立龍華國中,209.0
s112533504065,CO01,2024,533504,市立龍華國中,209.0
s112533504066,CO01,2024,533504,市立龍華國中,209.0
s112533504067,CO01,2024,533504,市立龍華國中,209.0
s112533504068,CO01,2024,533504,市立龍華國中,209.0
s112533504069,CO01,2024,533504,市立龍華國中,209.0
s112533504072,CO01,2024,533504,市立龍華國中,209.0
s112533504073,CO01,2024,533504,市立龍華國中,209.0
s112533504074,CO01,2024,533504,市立龍華國中,209.0
s112533504075,CO01,2024,533504,市立龍華國中,209.0
s112533504077,CO01,2024,533504,市立龍華國中,209.0
s112533504079,CO01,2024,533504,市立龍華國中,209.0
s112533504080,CO01,2024,533504,市立龍華國中,209.0
s112533504081,CO01,2024,533504,市立龍華國中,209.0
s112533506024,CO01,2024,533506,市立文府國中,202.0
s112533506025,CO01,2024,533506,市立文府國中,202.0
s112533506026,CO01,2024,533506,市立文府國中,202.0
s112533506028,CO01,2024,533506,市立文府國中,202.0
s112533506029,CO01,2024,533506,市立文府國中,202.0
s112533506030,CO01,2024,533506,市立文府國中,202.0
s112533506031,CO01,2024,533506,市立文府國中,202.0
s112533506032,CO01,2024,533506,市立文府國中,202.0
s112533506033,CO01,2024,533506,市立文府國中,202.0
s112533506036,CO01,2024,533506,市立文府國中,202.0
s112533506037,CO01,2024,533506,市立文府國中,202.0
s112533506038,CO01,2024,533506,市立文府國中,202.0
s112533506040,CO01,2024,533506,市立文府國中,202.0
s112533506041,CO01,2024,533506,市立文府國中,202.0
s112533506042,CO01,2024,533506,市立文府國中,202.0
s112533506045,CO01,2024,533506,市立文府國中,202.0
s112533506046,CO01,2024,533506,市立文府國中,202.0
s112533506048,CO01,2024,533506,市立文府國中,202.0
s112533506049,CO01,2024,533506,市立文府國中,202.0
s112533506053,CO01,2024,533506,市立文府國中,206.0
s112533506054,CO01,2024,533506,市立文府國中,206.0
s112533506055,CO01,2024,533506,市立文府國中,206.0
s112533506056,CO01,2024,533506,市立文府國中,206.0
s112533506057,CO01,2024,533506,市立文府國中,206.0
s112533506058,CO01,2024,533506,市立文府國中,206.0
s112533506059,CO01,2024,533506,市立文府國中,206.0
s112533506060,CO01,2024,533506,市立文府國中,206.0
s112533506061,CO01,2024,533506,市立文府國中,206.0
s112533506062,CO01,2024,533506,市立文府國中,206.0
s112533506063,CO01,2024,533506,市立文府國中,206.0
s112533506064,CO01,2024,533506,市立文府國中,206.0
s112533506065,CO01,2024,533506,市立文府國中,206.0
s112533506066,CO01,2024,533506,市立文府國中,206.0
s112533506067,CO01,2024,533506,市立文府國中,206.0
s112533506069,CO01,2024,533506,市立文府國中,206.0
s112533506070,CO01,2024,533506,市立文府國中,206.0
s112533506071,CO01,2024,533506,市立文府國中,206.0
s112533506072,CO01,2024,533506,市立文府國中,206.0
s112533506076,CO01,2024,533506,市立文府國中,206.0
s112533506077,CO01,2024,533506,市立文府國中,206.0
s112533506078,CO01,2024,533506,市立文府國中,206.0
s112540301024,CO01,2024,540301,國立中山大學附屬國光高中附設國中,201.0
s112540301026,CO01,2024,540301,國立中山大學附屬國光高中附設國中,201.0
s112540301027,CO01,2024,540301,國立中山大學附屬國光高中附設國中,201.0
s112540301028,CO01,2024,540301,國立中山大學附屬國光高中附設國中,201.0
s112540301029,CO01,2024,540301,國立中山大學附屬國光高中附設國中,201.0
s112540301030,CO01,2024,540301,國立中山大學附屬國光高中附設國中,201.0
s112540301032,CO01,2024,540301,國立中山大學附屬國光高中附設國中,201.0
s112540301033,CO01,2024,540301,國立中山大學附屬國光高中附設國中,201.0
s112540301034,CO01,2024,540301,國立中山大學附屬國光高中附設國中,201.0
s112540301035,CO01,2024,540301,國立中山大學附屬國光高中附設國中,201.0
s112540301036,CO01,2024,540301,國立中山大學附屬國光高中附設國中,201.0
s112540301038,CO01,2024,540301,國立中山大學附屬國光高中附設國中,201.0
s112540301039,CO01,2024,540301,國立中山大學附屬國光高中附設國中,201.0
s112540301041,CO01,2024,540301,國立中山大學附屬國光高中附設國中,201.0
s112540301042,CO01,2024,540301,國立中山大學附屬國光高中附設國中,201.0
s112540301043,CO01,2024,540301,國立中山大學附屬國光高中附設國中,201.0
s112540301044,CO01,2024,540301,國立中山大學附屬國光高中附設國中,201.0
s112540301045,CO01,2024,540301,國立中山大學附屬國光高中附設國中,201.0
s112540301046,CO01,2024,540301,國立中山大學附屬國光高中附設國中,201.0
s112540301047,CO01,2024,540301,國立中山大學附屬國光高中附設國中,201.0
s112540301048,CO01,2024,540301,國立中山大學附屬國光高中附設國中,201.0
s112540301049,CO01,2024,540301,國立中山大學附屬國光高中附設國中,201.0
s112540301050,CO01,2024,540301,國立中山大學附屬國光高中附設國中,201.0
s112540301052,CO01,2024,540301,國立中山大學附屬國光高中附設國中,201.0
s112540301056,CO01,2024,540301,國立中山大學附屬國光高中附設國中,203.0
s112540301057,CO01,2024,540301,國立中山大學附屬國光高中附設國中,203.0
s112540301062,CO01,2024,540301,國立中山大學附屬國光高中附設國中,203.0
s112540301063,CO01,2024,540301,國立中山大學附屬國光高中附設國中,203.0
s112540301064,CO01,2024,540301,國立中山大學附屬國光高中附設國中,203.0
s112540301065,CO01,2024,540301,國立中山大學附屬國光高中附設國中,203.0
s112540301066,CO01,2024,540301,國立中山大學附屬國光高中附設國中,203.0
s112540301068,CO01,2024,540301,國立中山大學附屬國光高中附設國中,203.0
s112540301069,CO01,2024,540301,國立中山大學附屬國光高中附設國中,203.0
s112540301070,CO01,2024,540301,國立中山大學附屬國光高中附設國中,203.0
s112540301071,CO01,2024,540301,國立中山大學附屬國光高中附設國中,203.0
s112540301073,CO01,2024,540301,國立中山大學附屬國光高中附設國中,203.0
s112540301074,CO01,2024,540301,國立中山大學附屬國光高中附設國中,203.0
s112540301075,CO01,2024,540301,國立中山大學附屬國光高中附設國中,203.0
s112540301076,CO01,2024,540301,國立中山大學附屬國光高中附設國中,203.0
s112540301078,CO01,2024,540301,國立中山大學附屬國光高中附設國中,203.0
s112540301079,CO01,2024,540301,國立中山大學附屬國光高中附設國中,203.0
s112540301080,CO01,2024,540301,國立中山大學附屬國光高中附設國中,203.0
s112540301081,CO01,2024,540301,國立中山大學附屬國光高中附設國中,203.0
s112540301082,CO01,2024,540301,國立中山大學附屬國光高中附設國中,203.0
s112540301083,CO01,2024,540301,國立中山大學附屬國光高中附設國中,203.0
s112540301084,CO01,2024,540301,國立中山大學附屬國光高中附設國中,203.0
s112540301085,CO01,2024,540301,國立中山大學附屬國光高中附設國中,203.0
s112543501024,CO01,2024,543501,市立楠梓國中,203.0
s112543501025,CO01,2024,543501,市立楠梓國中,203.0
s112543501026,CO01,2024,543501,市立楠梓國中,203.0
s112543501027,CO01,2024,543501,市立楠梓國中,203.0
s112543501028,CO01,2024,543501,市立楠梓國中,203.0
s112543501029,CO01,2024,543501,市立楠梓國中,203.0
s112543501030,CO01,2024,543501,市立楠梓國中,203.0
s112543501031,CO01,2024,543501,市立楠梓國中,203.0
s112543501032,CO01,2024,543501,市立楠梓國中,203.0
s112543501033,CO01,2024,543501,市立楠梓國中,203.0
s112543501034,CO01,2024,543501,市立楠梓國中,203.0
s112543501035,CO01,2024,543501,市立楠梓國中,203.0
s112543501036,CO01,2024,543501,市立楠梓國中,203.0
s112543501038,CO01,2024,543501,市立楠梓國中,203.0
s112543501039,CO01,2024,543501,市立楠梓國中,203.0
s112543501040,CO01,2024,543501,市立楠梓國中,203.0
s112543501041,CO01,2024,543501,市立楠梓國中,203.0
s112543501042,CO01,2024,543501,市立楠梓國中,203.0
s112543501043,CO01,2024,543501,市立楠梓國中,203.0
s112543501044,CO01,2024,543501,市立楠梓國中,203.0
s112543501046,CO01,2024,543501,市立楠梓國中,203.0
s112543501047,CO01,2024,543501,市立楠梓國中,203.0
s112543501048,CO01,2024,543501,市立楠梓國中,203.0
s112543501049,CO01,2024,543501,市立楠梓國中,203.0
s112543501050,CO01,2024,543501,市立楠梓國中,203.0
s112543501051,CO01,2024,543501,市立楠梓國中,203.0
s112543501052,CO01,2024,543501,市立楠梓國中,203.0
s112543501055,CO01,2024,543501,市立楠梓國中,213.0
s112543501056,CO01,2024,543501,市立楠梓國中,213.0
s112543501057,CO01,2024,543501,市立楠梓國中,213.0
s112543501058,CO01,2024,543501,市立楠梓國中,213.0
s112543501059,CO01,2024,543501,市立楠梓國中,213.0
s112543501060,CO01,2024,543501,市立楠梓國中,213.0
s112543501061,CO01,2024,543501,市立楠梓國中,213.0
s112543501062,CO01,2024,543501,市立楠梓國中,213.0
s112543501063,CO01,2024,543501,市立楠梓國中,213.0
s112543501064,CO01,2024,543501,市立楠梓國中,213.0
s112543501065,CO01,2024,543501,市立楠梓國中,213.0
s112543501066,CO01,2024,543501,市立楠梓國中,213.0
s112543501067,CO01,2024,543501,市立楠梓國中,213.0
s112543501068,CO01,2024,543501,市立楠梓國中,213.0
s112543501070,CO01,2024,543501,市立楠梓國中,213.0
s112543501071,CO01,2024,543501,市立楠梓國中,213.0
s112543501072,CO01,2024,543501,市立楠梓國中,213.0
s112543501073,CO01,2024,543501,市立楠梓國中,213.0
s112543501074,CO01,2024,543501,市立楠梓國中,213.0
s112543501075,CO01,2024,543501,市立楠梓國中,213.0
s112543501076,CO01,2024,543501,市立楠梓國中,213.0
s112543501077,CO01,2024,543501,市立楠梓國中,213.0
s112543501078,CO01,2024,543501,市立楠梓國中,213.0
s112543501079,CO01,2024,543501,市立楠梓國中,213.0
s112543501080,CO01,2024,543501,市立楠梓國中,213.0
s112543501081,CO01,2024,543501,市立楠梓國中,213.0
s112543501082,CO01,2024,543501,市立楠梓國中,213.0
s112543501083,CO01,2024,543501,市立楠梓國中,213.0
s112551301024,CO01,2024,551301,私立立志高中附設國中,國中201
s112551301025,CO01,2024,551301,私立立志高中附設國中,國中201
s112551301026,CO01,2024,551301,私立立志高中附設國中,國中201
s112551301027,CO01,2024,551301,私立立志高中附設國中,國中201
s112551301028,CO01,2024,551301,私立立志高中附設國中,國中201
s112551301030,CO01,2024,551301,私立立志高中附設國中,國中201
s112551301031,CO01,2024,551301,私立立志高中附設國中,國中201
s112551301034,CO01,2024,551301,私立立志高中附設國中,國中201
s112551301036,CO01,2024,551301,私立立志高中附設國中,國中201
s112551301037,CO01,2024,551301,私立立志高中附設國中,國中201
s112551301038,CO01,2024,551301,私立立志高中附設國中,國中201
s112551301039,CO01,2024,551301,私立立志高中附設國中,國中201
s112551301040,CO01,2024,551301,私立立志高中附設國中,國中201
s112551301041,CO01,2024,551301,私立立志高中附設國中,國中201
s112551301043,CO01,2024,551301,私立立志高中附設國中,國中201
s112551301045,CO01,2024,551301,私立立志高中附設國中,國中201
s112551301048,CO01,2024,551301,私立立志高中附設國中,國中201
s112551301050,CO01,2024,551301,私立立志高中附設國中,國中201
s112551301052,CO01,2024,551301,私立立志高中附設國中,國中201
s112551301055,CO01,2024,551301,私立立志高中附設國中,國中201
s112551301056,CO01,2024,551301,私立立志高中附設國中,國中201
s112551301059,CO01,2024,551301,私立立志高中附設國中,國中201
s112551301064,CO01,2024,551301,私立立志高中附設國中,國中203
s112551301067,CO01,2024,551301,私立立志高中附設國中,國中203
s112551301069,CO01,2024,551301,私立立志高中附設國中,國中203
s112551301070,CO01,2024,551301,私立立志高中附設國中,國中203
s112551301071,CO01,2024,551301,私立立志高中附設國中,國中203
s112551301072,CO01,2024,551301,私立立志高中附設國中,國中203
s112551301073,CO01,2024,551301,私立立志高中附設國中,國中203
s112551301075,CO01,2024,551301,私立立志高中附設國中,國中203
s112551301077,CO01,2024,551301,私立立志高中附設國中,國中203
s112551301079,CO01,2024,551301,私立立志高中附設國中,國中203
s112551301080,CO01,2024,551301,私立立志高中附設國中,國中203
s112551301081,CO01,2024,551301,私立立志高中附設國中,國中203
s112551301083,CO01,2024,551301,私立立志高中附設國中,國中203
s112551301085,CO01,2024,551301,私立立志高中附設國中,國中203
s112551301086,CO01,2024,551301,私立立志高中附設國中,國中203
s112551301087,CO01,2024,551301,私立立志高中附設國中,國中203
s112551301089,CO01,2024,551301,私立立志高中附設國中,國中203
s112551301090,CO01,2024,551301,私立立志高中附設國中,國中203
s112551301092,CO01,2024,551301,私立立志高中附設國中,國中203
s112551301093,CO01,2024,551301,私立立志高中附設國中,國中203
s112551301094,CO01,2024,551301,私立立志高中附設國中,國中203
s112581302025,CO01,2024,581302,天主教道明中學附設國中,204.0
s112581302026,CO01,2024,581302,天主教道明中學附設國中,204.0
s112581302028,CO01,2024,581302,天主教道明中學附設國中,204.0
s112581302029,CO01,2024,581302,天主教道明中學附設國中,204.0
s112581302031,CO01,2024,581302,天主教道明中學附設國中,204.0
s112581302032,CO01,2024,581302,天主教道明中學附設國中,204.0
s112581302033,CO01,2024,581302,天主教道明中學附設國中,204.0
s112581302034,CO01,2024,581302,天主教道明中學附設國中,204.0
s112581302035,CO01,2024,581302,天主教道明中學附設國中,204.0
s112581302036,CO01,2024,581302,天主教道明中學附設國中,204.0
s112581302037,CO01,2024,581302,天主教道明中學附設國中,204.0
s112581302038,CO01,2024,581302,天主教道明中學附設國中,204.0
s112581302039,CO01,2024,581302,天主教道明中學附設國中,204.0
s112581302040,CO01,2024,581302,天主教道明中學附設國中,204.0
s112581302041,CO01,2024,581302,天主教道明中學附設國中,204.0
s112581302042,CO01,2024,581302,天主教道明中學附設國中,204.0
s112581302043,CO01,2024,581302,天主教道明中學附設國中,204.0
s112581302044,CO01,2024,581302,天主教道明中學附設國中,204.0
s112581302045,CO01,2024,581302,天主教道明中學附設國中,204.0
s112581302046,CO01,2024,581302,天主教道明中學附設國中,204.0
s112581302048,CO01,2024,581302,天主教道明中學附設國中,204.0
s112581302049,CO01,2024,581302,天主教道明中學附設國中,204.0
s112581302050,CO01,2024,581302,天主教道明中學附設國中,204.0
s112581302051,CO01,2024,581302,天主教道明中學附設國中,204.0
s112581302053,CO01,2024,581302,天主教道明中學附設國中,204.0
s112581302054,CO01,2024,581302,天主教道明中學附設國中,204.0
s112581302055,CO01,2024,581302,天主教道明中學附設國中,204.0
s112581302056,CO01,2024,581302,天主教道明中學附設國中,204.0
s112581302058,CO01,2024,581302,天主教道明中學附設國中,204.0
s112581302059,CO01,2024,581302,天主教道明中學附設國中,204.0
s112581302063,CO01,2024,581302,天主教道明中學附設國中,209.0
s112581302064,CO01,2024,581302,天主教道明中學附設國中,209.0
s112581302070,CO01,2024,581302,天主教道明中學附設國中,209.0
s112581302074,CO01,2024,581302,天主教道明中學附設國中,209.0
s112581302075,CO01,2024,581302,天主教道明中學附設國中,209.0
s112581302077,CO01,2024,581302,天主教道明中學附設國中,209.0
s112581302078,CO01,2024,581302,天主教道明中學附設國中,209.0
s112581302084,CO01,2024,581302,天主教道明中學附設國中,209.0
s112581302092,CO01,2024,581302,天主教道明中學附設國中,209.0
s112583501023,CO01,2024,583501,市立苓雅國中,8.0
s112583501024,CO01,2024,583501,市立苓雅國中,8.0
s112583501025,CO01,2024,583501,市立苓雅國中,8.0
s112583501026,CO01,2024,583501,市立苓雅國中,8.0
s112583501027,CO01,2024,583501,市立苓雅國中,8.0
s112583501028,CO01,2024,583501,市立苓雅國中,8.0
s112583501030,CO01,2024,583501,市立苓雅國中,8.0
s112583501031,CO01,2024,583501,市立苓雅國中,8.0
s112583501032,CO01,2024,583501,市立苓雅國中,8.0
s112583501034,CO01,2024,583501,市立苓雅國中,8.0
s112583501035,CO01,2024,583501,市立苓雅國中,8.0
s112583501036,CO01,2024,583501,市立苓雅國中,8.0
s112583501037,CO01,2024,583501,市立苓雅國中,8.0
s112583501038,CO01,2024,583501,市立苓雅國中,8.0
s112583501039,CO01,2024,583501,市立苓雅國中,8.0
s112583501040,CO01,2024,583501,市立苓雅國中,8.0
s112583501042,CO01,2024,583501,市立苓雅國中,8.0
s112583501043,CO01,2024,583501,市立苓雅國中,8.0
s112583501044,CO01,2024,583501,市立苓雅國中,8.0
s112583501045,CO01,2024,583501,市立苓雅國中,8.0
s112583501046,CO01,2024,583501,市立苓雅國中,8.0
s112593504025,CO01,2024,593504,市立光華國中,201.0
s112593504027,CO01,2024,593504,市立光華國中,201.0
s112593504030,CO01,2024,593504,市立光華國中,201.0
s112593504031,CO01,2024,593504,市立光華國中,201.0
s112593504032,CO01,2024,593504,市立光華國中,201.0
s112593504036,CO01,2024,593504,市立光華國中,201.0
s112593504039,CO01,2024,593504,市立光華國中,201.0
s112593504040,CO01,2024,593504,市立光華國中,201.0
s112593504042,CO01,2024,593504,市立光華國中,201.0
s112593504044,CO01,2024,593504,市立光華國中,201.0
s112593504045,CO01,2024,593504,市立光華國中,201.0
s112593504047,CO01,2024,593504,市立光華國中,201.0
s112593504048,CO01,2024,593504,市立光華國中,201.0
s112593504049,CO01,2024,593504,市立光華國中,201.0
s112593504052,CO01,2024,593504,市立光華國中,206.0
s112593504053,CO01,2024,593504,市立光華國中,206.0
s112593504054,CO01,2024,593504,市立光華國中,206.0
s112593504055,CO01,2024,593504,市立光華國中,206.0
s112593504056,CO01,2024,593504,市立光華國中,206.0
s112593504057,CO01,2024,593504,市立光華國中,206.0
s112593504058,CO01,2024,593504,市立光華國中,206.0
s112593504059,CO01,2024,593504,市立光華國中,206.0
s112593504060,CO01,2024,593504,市立光華國中,206.0
s112593504061,CO01,2024,593504,市立光華國中,206.0
s112593504062,CO01,2024,593504,市立光華國中,206.0
s112593504063,CO01,2024,593504,市立光華國中,206.0
s112593504064,CO01,2024,593504,市立光華國中,206.0
s112593504065,CO01,2024,593504,市立光華國中,206.0
s112593504066,CO01,2024,593504,市立光華國中,206.0
s112593504067,CO01,2024,593504,市立光華國中,206.0
s112593504068,CO01,2024,593504,市立光華國中,206.0
s112593504070,CO01,2024,593504,市立光華國中,206.0
s112593504071,CO01,2024,593504,市立光華國中,206.0
s112593504072,CO01,2024,593504,市立光華國中,206.0
s112593504073,CO01,2024,593504,市立光華國中,206.0
s112593504074,CO01,2024,593504,市立光華國中,206.0
s112593504075,CO01,2024,593504,市立光華國中,206.0
s112593504076,CO01,2024,593504,市立光華國中,206.0
s112613503044,CO01,2024,613503,市立中山國中,806.0
s112613503045,CO01,2024,613503,市立中山國中,806.0
s112613503046,CO01,2024,613503,市立中山國中,806.0
s112613503047,CO01,2024,613503,市立中山國中,806.0
s112613503048,CO01,2024,613503,市立中山國中,806.0
s112613503049,CO01,2024,613503,市立中山國中,806.0
s112613503050,CO01,2024,613503,市立中山國中,806.0
s112613503052,CO01,2024,613503,市立中山國中,806.0
s112613503053,CO01,2024,613503,市立中山國中,806.0
s112613503054,CO01,2024,613503,市立中山國中,806.0
s112613503055,CO01,2024,613503,市立中山國中,806.0
s112613503057,CO01,2024,613503,市立中山國中,806.0
s112613503058,CO01,2024,613503,市立中山國中,806.0
s112613503059,CO01,2024,613503,市立中山國中,806.0
s112613503061,CO01,2024,613503,市立中山國中,806.0
s112613503063,CO01,2024,613503,市立中山國中,806.0
s112613503064,CO01,2024,613503,市立中山國中,806.0
s112613503065,CO01,2024,613503,市立中山國中,806.0
s112613503070,CO01,2024,613503,市立中山國中,815.0
s112613503071,CO01,2024,613503,市立中山國中,815.0
s112613503072,CO01,2024,613503,市立中山國中,815.0
s112613503073,CO01,2024,613503,市立中山國中,815.0
s112613503074,CO01,2024,613503,市立中山國中,815.0
s112613503075,CO01,2024,613503,市立中山國中,815.0
s112613503076,CO01,2024,613503,市立中山國中,815.0
s112613503077,CO01,2024,613503,市立中山國中,815.0
s112613503078,CO01,2024,613503,市立中山國中,815.0
s112613503079,CO01,2024,613503,市立中山國中,815.0
s112613503080,CO01,2024,613503,市立中山國中,815.0
s112613503081,CO01,2024,613503,市立中山國中,815.0
s112613503082,CO01,2024,613503,市立中山國中,815.0
s112613503083,CO01,2024,613503,市立中山國中,815.0
s112613503084,CO01,2024,613503,市立中山國中,815.0
s112613503085,CO01,2024,613503,市立中山國中,815.0
s112613503086,CO01,2024,613503,市立中山國中,815.0
s112613503087,CO01,2024,613503,市立中山國中,815.0
s112613503088,CO01,2024,613503,市立中山國中,815.0
s112613503089,CO01,2024,613503,市立中山國中,815.0
s112613503090,CO01,2024,613503,市立中山國中,815.0
s112613503091,CO01,2024,613503,市立中山國中,815.0
s112714502024,CO01,2024,714502,縣立金湖國中,801.0
s112714502025,CO01,2024,714502,縣立金湖國中,801.0
s112714502026,CO01,2024,714502,縣立金湖國中,801.0
s112714502027,CO01,2024,714502,縣立金湖國中,801.0
s112714502028,CO01,2024,714502,縣立金湖國中,801.0
s112714502029,CO01,2024,714502,縣立金湖國中,801.0
s112714502030,CO01,2024,714502,縣立金湖國中,801.0
s112714502031,CO01,2024,714502,縣立金湖國中,801.0
s112714502032,CO01,2024,714502,縣立金湖國中,801.0
s112714502033,CO01,2024,714502,縣立金湖國中,801.0
s112714502034,CO01,2024,714502,縣立金湖國中,801.0
s112714502035,CO01,2024,714502,縣立金湖國中,801.0
s112714502037,CO01,2024,714502,縣立金湖國中,801.0
s112714502038,CO01,2024,714502,縣立金湖國中,801.0
s112714502039,CO01,2024,714502,縣立金湖國中,801.0
s112714502040,CO01,2024,714502,縣立金湖國中,801.0
s112714502041,CO01,2024,714502,縣立金湖國中,801.0
s112714502042,CO01,2024,714502,縣立金湖國中,801.0
s112714502044,CO01,2024,714502,縣立金湖國中,801.0
s112714502047,CO01,2024,714502,縣立金湖國中,803.0
s112714502048,CO01,2024,714502,縣立金湖國中,803.0
s112714502050,CO01,2024,714502,縣立金湖國中,803.0
s112714502053,CO01,2024,714502,縣立金湖國中,803.0
s112714502054,CO01,2024,714502,縣立金湖國中,803.0
s112714502055,CO01,2024,714502,縣立金湖國中,803.0
s112714502056,CO01,2024,714502,縣立金湖國中,803.0
s112714502057,CO01,2024,714502,縣立金湖國中,803.0
s112714502059,CO01,2024,714502,縣立金湖國中,803.0
s112714502061,CO01,2024,714502,縣立金湖國中,803.0
s112714502062,CO01,2024,714502,縣立金湖國中,803.0
s112714502065,CO01,2024,714502,縣立金湖國中,803.0
s112714502066,CO01,2024,714502,縣立金湖國中,803.0
s113011301004,CO01,2024,11301,私立淡江高中附設國中,801.0
s113014356003,CO01,2024,14356,市立清水高中附設國中,801.0
s113014356004,CO01,2024,14356,市立清水高中附設國中,801.0
s113014356005,CO01,2024,14356,市立清水高中附設國中,806.0
s113014510003,CO01,2024,14510,市立頭前國中,806.0
s113014510004,CO01,2024,14510,市立頭前國中,806.0
s113014510005,CO01,2024,14510,市立頭前國中,801.0
s113014516003,CO01,2024,14516,市立永和國中,810.0
s113014516005,CO01,2024,14516,市立永和國中,826.0
s113014518003,CO01,2024,14518,市立中和國中,809.0
s113014518006,CO01,2024,14518,市立中和國中,809.0
s113014576003,CO01,2024,14576,市立鷺江國中,807.0
s113014576004,CO01,2024,14576,市立鷺江國中,807.0
s113014576005,CO01,2024,14576,市立鷺江國中,807.0
s113014576006,CO01,2024,14576,市立鷺江國中,816.0
s113024507003,CO01,2024,24507,縣立頭城國中,803.0
s113024507004,CO01,2024,24507,縣立頭城國中,806.0
s113034348004,CO01,2024,34348,市立羅浮高中附設國中,八年忠班
s113034348006,CO01,2024,34348,市立羅浮高中附設國中,八年仁班
s113034348008,CO01,2024,34348,市立羅浮高中附設國中,八年忠班
s113034348009,CO01,2024,34348,市立羅浮高中附設國中,八年忠班
s113034506002,CO01,2024,34506,市立南崁國中,八年8班
s113034508004,CO01,2024,34508,市立大竹國中,806.0
s113034513003,CO01,2024,34513,市立仁和國中,八年06班
s113034513004,CO01,2024,34513,市立仁和國中,八年13班
s113034518003,CO01,2024,34518,市立中壢國中,805.0
s113034518004,CO01,2024,34518,市立中壢國中,812.0
s113034518005,CO01,2024,34518,市立中壢國中,812.0
s113034527003,CO01,2024,34527,市立東興國中,806.0
s113034527004,CO01,2024,34527,市立東興國中,806.0
s113034543003,CO01,2024,34543,市立平興國中,803.0
s113034554004,CO01,2024,34554,市立大有國中,八年十三班
s113034557003,CO01,2024,34557,市立楊光國中(小),801.0
s113034557004,CO01,2024,34557,市立楊光國中(小),801.0
s113034557005,CO01,2024,34557,市立楊光國中(小),801.0
s113034560003,CO01,2024,34560,市立平鎮國中,804.0
s113034563003,CO01,2024,34563,市立過嶺國中,802.0
s113034563004,CO01,2024,34563,市立過嶺國中,802.0
s113034565003,CO01,2024,34565,市立青埔國中,803.0
s113034565004,CO01,2024,34565,市立青埔國中,809.0
s113044506003,CO01,2024,44506,縣立富光國中,801.0
s113044522003,CO01,2024,44522,縣立中正國中,801.0
s113044524005,CO01,2024,44524,縣立尖石國中,802.0
s113044524007,CO01,2024,44524,縣立尖石國中,802.0
s113044524008,CO01,2024,44524,縣立尖石國中,801.0
s113051302003,CO01,2024,51302,私立君毅高中附設國中,801.0
s113054502003,CO01,2024,54502,縣立大倫國中,八年二班
s113054502004,CO01,2024,54502,縣立大倫國中,八年四班
s113054505003,CO01,2024,54505,縣立公館國中,八年一班
s113054523005,CO01,2024,54523,縣立造橋國中,八年孝班
s113060323003,CO01,2024,60323,國立中科實驗高級中學附設國中,802.0
s113060323004,CO01,2024,60323,國立中科實驗高級中學附設國中,804.0
s113060323005,CO01,2024,60323,國立中科實驗高級中學附設國中,804.0
s113060323006,CO01,2024,60323,國立中科實驗高級中學附設國中,804.0
s113061317003,CO01,2024,61317,私立弘文高中附設國中,國二03
s113061317004,CO01,2024,61317,私立弘文高中附設國中,國二07
s113061317007,CO01,2024,61317,私立弘文高中附設國中,國二07
s113061317008,CO01,2024,61317,私立弘文高中附設國中,國二07
s113064350003,CO01,2024,64350,市立龍津高中附設國中部,802.0
s113064350004,CO01,2024,64350,市立龍津高中附設國中部,802.0
s113064350005,CO01,2024,64350,市立龍津高中附設國中部,802.0
s113064515003,CO01,2024,64515,市立沙鹿國中,807.0
s113064515004,CO01,2024,64515,市立沙鹿國中,807.0
s113064523003,CO01,2024,64523,市立光復國中(小),八年三班
s113064523004,CO01,2024,64523,市立光復國中(小),八年三班
s113064523006,CO01,2024,64523,市立光復國中(小),八年三班
s113064526003,CO01,2024,64526,市立中平國中,801.0
s113064538003,CO01,2024,64538,市立潭秀國中,八年五班
s113064538004,CO01,2024,64538,市立潭秀國中,八年五班
s113064538005,CO01,2024,64538,市立潭秀國中,八年十一班
s113064538006,CO01,2024,64538,市立潭秀國中,八年十一班
s113064538007,CO01,2024,64538,市立潭秀國中,八年十一班
s113064543004,CO01,2024,64543,市立新光國中,801.0
s113064543005,CO01,2024,64543,市立新光國中,801.0
s113064545004,CO01,2024,64545,市立豐陽國中,八年7班
s113064546003,CO01,2024,64546,市立光德國中,八年二班
s113064546004,CO01,2024,64546,市立光德國中,八年九班
s113064548003,CO01,2024,64548,市立爽文國中,801.0
s113071311004,CO01,2024,71311,私立精誠高中附設國中,812.0
s113071318002,CO01,2024,71318,財團法人正德高中附設國中,國中二A
s113074510003,CO01,2024,74510,縣立員林國中,801.0
s113074510004,CO01,2024,74510,縣立員林國中,801.0
s113074510006,CO01,2024,74510,縣立員林國中,807.0
s113074511003,CO01,2024,74511,縣立明倫國中,八年一班
s113074511004,CO01,2024,74511,縣立明倫國中,八年一班
s113074518003,CO01,2024,74518,縣立溪湖國中,806.0
s113074518004,CO01,2024,74518,縣立溪湖國中,813.0
s113074534003,CO01,2024,74534,縣立埤頭國中,八年三班
s113074536003,CO01,2024,74536,縣立大同國中,815.0
s113074536004,CO01,2024,74536,縣立大同國中,815.0
s113084503003,CO01,2024,84503,縣立中興國中,8.0
s113084503004,CO01,2024,84503,縣立中興國中,8.0
s113084503005,CO01,2024,84503,縣立中興國中,8.0
s113084507003,CO01,2024,84507,縣立宏仁國中,803.0
s113084507004,CO01,2024,84507,縣立宏仁國中,803.0
s113084507005,CO01,2024,84507,縣立宏仁國中,803.0
s113084516003,CO01,2024,84516,縣立名間國中,801.0
s113084516004,CO01,2024,84516,縣立名間國中,801.0
s113084523002,CO01,2024,84523,縣立明潭國中,八年忠班
s113084530004,CO01,2024,84530,縣立同富國中,八年孝班
s113104319004,CO01,2024,104319,縣立竹崎高中附設國中,806.0
s113104326003,CO01,2024,104326,縣立永慶高中附設國中,805.0
s113104326004,CO01,2024,104326,縣立永慶高中附設國中,805.0
s113104506003,CO01,2024,104506,縣立新港國中,八年04班
s113104506004,CO01,2024,104506,縣立新港國中,八年04班
s113104518003,CO01,2024,104518,縣立中埔國中,803.0
s113104521005,CO01,2024,104521,縣立義竹國中,802.0
s113111321003,CO01,2024,111321,臺南市興國高中附設國中,803.0
s113111323003,CO01,2024,111323,私立黎明高中附設國中,國二和
s113111323004,CO01,2024,111323,私立黎明高中附設國中,國二和
s113114501004,CO01,2024,114501,市立仁德國中,204.0
s113114503003,CO01,2024,114503,市立歸仁國中,八年5班
s113114510003,CO01,2024,114510,市立善化國中,202.0
s113114523003,CO01,2024,114523,市立佳里國中,8.0
s113114534003,CO01,2024,114534,市立鹽水國中,八年一班
s113114534004,CO01,2024,114534,市立鹽水國中,八年二班
s113114537002,CO01,2024,114537,市立東山國中,801.0
s113121320003,CO01,2024,121320,私立義大國際高中附設國中,201.0
s113121320004,CO01,2024,121320,私立義大國際高中附設國中,201.0
s113124311003,CO01,2024,124311,市立林園高中附設國中,801.0
s113124503003,CO01,2024,124503,市立鳳西國中,804.0
s113124503004,CO01,2024,124503,市立鳳西國中,804.0
s113124546003,CO01,2024,124546,市立嘉興國中,二年二班
s113124548003,CO01,2024,124548,市立桃源國中,二年忠班
s113134501004,CO01,2024,134501,縣立明正國中,817.0
s113134501005,CO01,2024,134501,縣立明正國中,817.0
s113134527004,CO01,2024,134527,縣立佳冬國中,801.0
s113134527005,CO01,2024,134527,縣立佳冬國中,802.0
s113134527006,CO01,2024,134527,縣立佳冬國中,802.0
s113134542003,CO01,2024,134542,縣立萬新國中,八年四班
s113144501003,CO01,2024,144501,縣立新生國中,803.0
s113144501004,CO01,2024,144501,縣立新生國中,810.0
s113144501005,CO01,2024,144501,縣立新生國中,810.0
s113144501006,CO01,2024,144501,縣立新生國中,810.0
s113144504004,CO01,2024,144504,縣立卑南國中,八年二班
s113144511003,CO01,2024,144511,縣立池上國中,八年一班
s113144512002,CO01,2024,144512,縣立大王國中,八年二班
s113144517003,CO01,2024,144517,縣立新港國中,801.0
s113144517004,CO01,2024,144517,縣立新港國中,803.0
s113154501003,CO01,2024,154501,縣立玉里國中,八年二班
s113154505003,CO01,2024,154505,縣立花崗國中,801.0
s113154505004,CO01,2024,154505,縣立花崗國中,807.0
s113154506003,CO01,2024,154506,縣立國風國中,815.0
s113154513003,CO01,2024,154513,縣立光復國中,八年一班
s113154515003,CO01,2024,154515,縣立鳳林國中,801.0
s113154515005,CO01,2024,154515,縣立鳳林國中,803.0
s113154522006,CO01,2024,154522,縣立自強國中,804.0
s113164501003,CO01,2024,164501,縣立馬公國中,805.0
s113164513003,CO01,2024,164513,縣立文光國中,803.0
s113183510003,CO01,2024,183510,市立三民國中,807.0
s113183510004,CO01,2024,183510,市立三民國中,820.0
s113183510005,CO01,2024,183510,市立三民國中,820.0
s113191311003,CO01,2024,191311,私立衛道高中附設國中,國二14
s113191313003,CO01,2024,191313,私立曉明女中附設國中,國二甲
s113191313005,CO01,2024,191313,私立曉明女中附設國中,國二甲
s113191313006,CO01,2024,191313,私立曉明女中附設國中,國二戊
s113193501005,CO01,2024,193501,市立居仁國中,809.0
s113203505003,CO01,2024,203505,市立民生國中,八年12班
s113211318003,CO01,2024,211318,私立德光高中附設國中,J204
s113211318004,CO01,2024,211318,私立德光高中附設國中,J204
s113211318005,CO01,2024,211318,私立德光高中附設國中,J209
s113213510004,CO01,2024,213510,市立中山國中,808.0
s113213510006,CO01,2024,213510,市立中山國中,803.0
s113213514003,CO01,2024,213514,市立復興國中,209.0
s113333501003,CO01,2024,333501,市立仁愛國中,801.0
s113343507003,CO01,2024,343507,市立濱江實驗國中,803.0
s113343507004,CO01,2024,343507,市立濱江實驗國中,803.0
s113363501003,CO01,2024,363501,市立建成國中,802.0
s113363501004,CO01,2024,363501,市立建成國中,805.0
s113363501005,CO01,2024,363501,市立建成國中,805.0
s113363501006,CO01,2024,363501,市立建成國中,805.0
s113363501007,CO01,2024,363501,市立建成國中,805.0
s113403501004,CO01,2024,403501,市立內湖國中,804.0
s113411303003,CO01,2024,411303,私立華興中學附設國中,國二己
s113411303004,CO01,2024,411303,私立華興中學附設國中,國二己
s113413301003,CO01,2024,413301,市立陽明高中附設國中,804.0
s113413302003,CO01,2024,413302,市立百齡高中附設國中,802.0
s113413302004,CO01,2024,413302,市立百齡高中附設國中,802.0
s113413508003,CO01,2024,413508,市立天母國中,808.0
s113413508004,CO01,2024,413508,市立天母國中,817.0
s113413508005,CO01,2024,413508,市立天母國中,817.0
s113533506003,CO01,2024,533506,市立文府國中,202.0
s113581302004,CO01,2024,581302,天主教道明中學附設國中,204.0
s113581302005,CO01,2024,581302,天主教道明中學附設國中,204.0
s113581302008,CO01,2024,581302,天主教道明中學附設國中,204.0
s113583501002,CO01,2024,583501,市立苓雅國中,8.0
s113593504003,CO01,2024,593504,市立光華國中,201.0
s113714502003,CO01,2024,714502,縣立金湖國中,801.0
