student_id,class_source_raw,class_numeric_final,parse_method,conversion_stage
s112011301024,801,801,numeric_integer,numeric_integer
s112011301025,801,801,numeric_integer,numeric_integer
s112011301026,801,801,numeric_integer,numeric_integer
s112011301028,801,801,numeric_integer,numeric_integer
s112011301029,801,801,numeric_integer,numeric_integer
s112011301031,801,801,numeric_integer,numeric_integer
s112011301032,801,801,numeric_integer,numeric_integer
s112011301033,801,801,numeric_integer,numeric_integer
s112011301034,801,801,numeric_integer,numeric_integer
s112011301035,801,801,numeric_integer,numeric_integer
s112011301037,801,801,numeric_integer,numeric_integer
s112011301038,801,801,numeric_integer,numeric_integer
s112011301039,801,801,numeric_integer,numeric_integer
s112011301040,801,801,numeric_integer,numeric_integer
s112011301042,801,801,numeric_integer,numeric_integer
s112011301043,801,801,numeric_integer,numeric_integer
s112011301044,801,801,numeric_integer,numeric_integer
s112011301045,801,801,numeric_integer,numeric_integer
s112011301046,801,801,numeric_integer,numeric_integer
s112011301047,801,801,numeric_integer,numeric_integer
s112011301048,801,801,numeric_integer,numeric_integer
s112011301049,801,801,numeric_integer,numeric_integer
s112011301050,801,801,numeric_integer,numeric_integer
s112011301051,801,801,numeric_integer,numeric_integer
s112011301052,801,801,numeric_integer,numeric_integer
s112011301053,801,801,numeric_integer,numeric_integer
s112011301054,801,801,numeric_integer,numeric_integer
s112011301055,801,801,numeric_integer,numeric_integer
s112011301056,801,801,numeric_integer,numeric_integer
s112011301057,801,801,numeric_integer,numeric_integer
s113011301003,801,801,numeric_integer,numeric_integer
s113011301004,801,801,numeric_integer,numeric_integer
s112011301061,805,805,numeric_integer,numeric_integer
s112011301062,805,805,numeric_integer,numeric_integer
s112011301063,805,805,numeric_integer,numeric_integer
s112011301064,805,805,numeric_integer,numeric_integer
s112011301065,805,805,numeric_integer,numeric_integer
s112011301066,805,805,numeric_integer,numeric_integer
s112011301067,805,805,numeric_integer,numeric_integer
s112011301068,805,805,numeric_integer,numeric_integer
s112011301069,805,805,numeric_integer,numeric_integer
s112011301070,805,805,numeric_integer,numeric_integer
s112011301071,805,805,numeric_integer,numeric_integer
s112011301072,805,805,numeric_integer,numeric_integer
s112011301073,805,805,numeric_integer,numeric_integer
s112011301074,805,805,numeric_integer,numeric_integer
s112011301075,805,805,numeric_integer,numeric_integer
s112011301076,805,805,numeric_integer,numeric_integer
s112011301078,805,805,numeric_integer,numeric_integer
s112011301079,805,805,numeric_integer,numeric_integer
s112011301080,805,805,numeric_integer,numeric_integer
s112011301081,805,805,numeric_integer,numeric_integer
s112011301082,805,805,numeric_integer,numeric_integer
s112011301083,805,805,numeric_integer,numeric_integer
s112011301084,805,805,numeric_integer,numeric_integer
s112011301085,805,805,numeric_integer,numeric_integer
s112011301086,805,805,numeric_integer,numeric_integer
s112011301087,805,805,numeric_integer,numeric_integer
s112011301088,805,805,numeric_integer,numeric_integer
s112011301089,805,805,numeric_integer,numeric_integer
s112011301090,805,805,numeric_integer,numeric_integer
s112011301094,805,805,numeric_integer,numeric_integer
s113011301005,805,805,numeric_integer,numeric_integer
s112011306023,108,108,numeric_integer,numeric_integer
s112011306024,108,108,numeric_integer,numeric_integer
s112011306025,108,108,numeric_integer,numeric_integer
s112011306026,108,108,numeric_integer,numeric_integer
s112011306027,108,108,numeric_integer,numeric_integer
s112011306028,108,108,numeric_integer,numeric_integer
s112011306029,108,108,numeric_integer,numeric_integer
s112011306030,108,108,numeric_integer,numeric_integer
s112011306031,108,108,numeric_integer,numeric_integer
s112011306032,108,108,numeric_integer,numeric_integer
s112011306033,108,108,numeric_integer,numeric_integer
s112011306034,108,108,numeric_integer,numeric_integer
s112011306035,108,108,numeric_integer,numeric_integer
s112011306036,108,108,numeric_integer,numeric_integer
s112011306037,108,108,numeric_integer,numeric_integer
s112011306038,108,108,numeric_integer,numeric_integer
s112011306039,108,108,numeric_integer,numeric_integer
s112011306040,108,108,numeric_integer,numeric_integer
s112011306042,108,108,numeric_integer,numeric_integer
s112011306043,108,108,numeric_integer,numeric_integer
s112011306044,108,108,numeric_integer,numeric_integer
s112011306045,108,108,numeric_integer,numeric_integer
s112011306046,108,108,numeric_integer,numeric_integer
s112011306047,108,108,numeric_integer,numeric_integer
s112011306048,108,108,numeric_integer,numeric_integer
s112011306049,108,108,numeric_integer,numeric_integer
s112011306050,108,108,numeric_integer,numeric_integer
s112011306051,108,108,numeric_integer,numeric_integer
s112011306052,108,108,numeric_integer,numeric_integer
s112011306053,108,108,numeric_integer,numeric_integer
s112011306054,108,108,numeric_integer,numeric_integer
s112011306055,108,108,numeric_integer,numeric_integer
s112011306056,108,108,numeric_integer,numeric_integer
s112011306057,108,108,numeric_integer,numeric_integer
s112011306058,108,108,numeric_integer,numeric_integer
s112011306059,108,108,numeric_integer,numeric_integer
s112011324024,國二忠,1132401,unparsed,school_label_encoded_fallback
s112011324025,國二忠,1132401,unparsed,school_label_encoded_fallback
s112011324026,國二忠,1132401,unparsed,school_label_encoded_fallback
s112011324027,國二忠,1132401,unparsed,school_label_encoded_fallback
s112011324028,國二忠,1132401,unparsed,school_label_encoded_fallback
s112011324029,國二忠,1132401,unparsed,school_label_encoded_fallback
s112011324030,國二忠,1132401,unparsed,school_label_encoded_fallback
s112011324031,國二忠,1132401,unparsed,school_label_encoded_fallback
s112011324032,國二忠,1132401,unparsed,school_label_encoded_fallback
s112011324033,國二忠,1132401,unparsed,school_label_encoded_fallback
s112011324034,國二忠,1132401,unparsed,school_label_encoded_fallback
s112011324035,國二忠,1132401,unparsed,school_label_encoded_fallback
s112011324036,國二忠,1132401,unparsed,school_label_encoded_fallback
s112011324037,國二忠,1132401,unparsed,school_label_encoded_fallback
s112011324038,國二忠,1132401,unparsed,school_label_encoded_fallback
s112011324039,國二忠,1132401,unparsed,school_label_encoded_fallback
s112011324040,國二忠,1132401,unparsed,school_label_encoded_fallback
s112011324041,國二忠,1132401,unparsed,school_label_encoded_fallback
s112011324042,國二忠,1132401,unparsed,school_label_encoded_fallback
s112011324043,國二忠,1132401,unparsed,school_label_encoded_fallback
s112011324044,國二忠,1132401,unparsed,school_label_encoded_fallback
s112011324045,國二忠,1132401,unparsed,school_label_encoded_fallback
s112011324046,國二忠,1132401,unparsed,school_label_encoded_fallback
s112011324047,國二忠,1132401,unparsed,school_label_encoded_fallback
s112011324048,國二忠,1132401,unparsed,school_label_encoded_fallback
s112011324049,國二忠,1132401,unparsed,school_label_encoded_fallback
s112011324050,國二忠,1132401,unparsed,school_label_encoded_fallback
s112011324051,國二忠,1132401,unparsed,school_label_encoded_fallback
s112011324052,國二忠,1132401,unparsed,school_label_encoded_fallback
s112011324053,國二忠,1132401,unparsed,school_label_encoded_fallback
s112011324054,國二忠,1132401,unparsed,school_label_encoded_fallback
s112011324055,國二忠,1132401,unparsed,school_label_encoded_fallback
s112011324056,國二忠,1132401,unparsed,school_label_encoded_fallback
s112011324057,國二忠,1132401,unparsed,school_label_encoded_fallback
s112011324058,國二忠,1132401,unparsed,school_label_encoded_fallback
s112011324059,國二忠,1132401,unparsed,school_label_encoded_fallback
s112011324060,國二忠,1132401,unparsed,school_label_encoded_fallback
s112011324061,國二忠,1132401,unparsed,school_label_encoded_fallback
s112011324062,國二忠,1132401,unparsed,school_label_encoded_fallback
s112011324063,國二忠,1132401,unparsed,school_label_encoded_fallback
s112011324066,國二義,1132402,unparsed,school_label_encoded_fallback
s112011324067,國二義,1132402,unparsed,school_label_encoded_fallback
s112011324068,國二義,1132402,unparsed,school_label_encoded_fallback
s112011324069,國二義,1132402,unparsed,school_label_encoded_fallback
s112011324070,國二義,1132402,unparsed,school_label_encoded_fallback
s112011324071,國二義,1132402,unparsed,school_label_encoded_fallback
s112011324073,國二義,1132402,unparsed,school_label_encoded_fallback
s112011324074,國二義,1132402,unparsed,school_label_encoded_fallback
s112011324075,國二義,1132402,unparsed,school_label_encoded_fallback
s112011324076,國二義,1132402,unparsed,school_label_encoded_fallback
s112011324077,國二義,1132402,unparsed,school_label_encoded_fallback
s112011324078,國二義,1132402,unparsed,school_label_encoded_fallback
s112011324079,國二義,1132402,unparsed,school_label_encoded_fallback
s112011324080,國二義,1132402,unparsed,school_label_encoded_fallback
s112011324081,國二義,1132402,unparsed,school_label_encoded_fallback
s112011324082,國二義,1132402,unparsed,school_label_encoded_fallback
s112011324083,國二義,1132402,unparsed,school_label_encoded_fallback
s112011324084,國二義,1132402,unparsed,school_label_encoded_fallback
s112011324085,國二義,1132402,unparsed,school_label_encoded_fallback
s112011324086,國二義,1132402,unparsed,school_label_encoded_fallback
s112011324087,國二義,1132402,unparsed,school_label_encoded_fallback
s112011324088,國二義,1132402,unparsed,school_label_encoded_fallback
s112011324089,國二義,1132402,unparsed,school_label_encoded_fallback
s112011324090,國二義,1132402,unparsed,school_label_encoded_fallback
s112011324091,國二義,1132402,unparsed,school_label_encoded_fallback
s112011324092,國二義,1132402,unparsed,school_label_encoded_fallback
s112011324093,國二義,1132402,unparsed,school_label_encoded_fallback
s112011324094,國二義,1132402,unparsed,school_label_encoded_fallback
s112011324095,國二義,1132402,unparsed,school_label_encoded_fallback
s112011324096,國二義,1132402,unparsed,school_label_encoded_fallback
s112011324097,國二義,1132402,unparsed,school_label_encoded_fallback
s112011324098,國二義,1132402,unparsed,school_label_encoded_fallback
s112011324099,國二義,1132402,unparsed,school_label_encoded_fallback
s112014302024,806,806,numeric_integer,numeric_integer
s112014302026,806,806,numeric_integer,numeric_integer
s112014302027,806,806,numeric_integer,numeric_integer
s112014302028,806,806,numeric_integer,numeric_integer
s112014302029,806,806,numeric_integer,numeric_integer
s112014302030,806,806,numeric_integer,numeric_integer
s112014302031,806,806,numeric_integer,numeric_integer
s112014302032,806,806,numeric_integer,numeric_integer
s112014302033,806,806,numeric_integer,numeric_integer
s112014302034,806,806,numeric_integer,numeric_integer
s112014302035,806,806,numeric_integer,numeric_integer
s112014302036,806,806,numeric_integer,numeric_integer
s112014302037,806,806,numeric_integer,numeric_integer
s112014302038,806,806,numeric_integer,numeric_integer
s112014302040,806,806,numeric_integer,numeric_integer
s112014302041,806,806,numeric_integer,numeric_integer
s112014302042,806,806,numeric_integer,numeric_integer
s112014302043,806,806,numeric_integer,numeric_integer
s112014302044,806,806,numeric_integer,numeric_integer
s112014302045,806,806,numeric_integer,numeric_integer
s112014302046,806,806,numeric_integer,numeric_integer
s112014302047,806,806,numeric_integer,numeric_integer
s112014302048,806,806,numeric_integer,numeric_integer
s112014302049,806,806,numeric_integer,numeric_integer
s112014302050,806,806,numeric_integer,numeric_integer
s112014302051,806,806,numeric_integer,numeric_integer
s112014302053,806,806,numeric_integer,numeric_integer
s112014302054,806,806,numeric_integer,numeric_integer
s112014302057,820,820,numeric_integer,numeric_integer
s112014302058,820,820,numeric_integer,numeric_integer
s112014302059,820,820,numeric_integer,numeric_integer
s112014302060,820,820,numeric_integer,numeric_integer
s112014302061,820,820,numeric_integer,numeric_integer
s112014302062,820,820,numeric_integer,numeric_integer
s112014302063,820,820,numeric_integer,numeric_integer
s112014302064,820,820,numeric_integer,numeric_integer
s112014302066,820,820,numeric_integer,numeric_integer
s112014302067,820,820,numeric_integer,numeric_integer
s112014302068,820,820,numeric_integer,numeric_integer
s112014302069,820,820,numeric_integer,numeric_integer
s112014302070,820,820,numeric_integer,numeric_integer
s112014302071,820,820,numeric_integer,numeric_integer
s112014302072,820,820,numeric_integer,numeric_integer
s112014302073,820,820,numeric_integer,numeric_integer
s112014302074,820,820,numeric_integer,numeric_integer
s112014302075,820,820,numeric_integer,numeric_integer
s112014302076,820,820,numeric_integer,numeric_integer
s112014302077,820,820,numeric_integer,numeric_integer
s112014302078,820,820,numeric_integer,numeric_integer
s112014302079,820,820,numeric_integer,numeric_integer
s112014302080,820,820,numeric_integer,numeric_integer
s112014302081,820,820,numeric_integer,numeric_integer
s112014302083,820,820,numeric_integer,numeric_integer
s112014302084,820,820,numeric_integer,numeric_integer
s112014302085,820,820,numeric_integer,numeric_integer
s112014322024,805,805,numeric_integer,numeric_integer
s112014322025,805,805,numeric_integer,numeric_integer
s112014322026,805,805,numeric_integer,numeric_integer
s112014322027,805,805,numeric_integer,numeric_integer
s112014322028,805,805,numeric_integer,numeric_integer
s112014322029,805,805,numeric_integer,numeric_integer
s112014322030,805,805,numeric_integer,numeric_integer
s112014322031,805,805,numeric_integer,numeric_integer
s112014322032,805,805,numeric_integer,numeric_integer
s112014322033,805,805,numeric_integer,numeric_integer
s112014322034,805,805,numeric_integer,numeric_integer
s112014322035,805,805,numeric_integer,numeric_integer
s112014322036,805,805,numeric_integer,numeric_integer
s112014322039,805,805,numeric_integer,numeric_integer
s112014322040,805,805,numeric_integer,numeric_integer
s112014322041,805,805,numeric_integer,numeric_integer
s112014322042,805,805,numeric_integer,numeric_integer
s112014322043,805,805,numeric_integer,numeric_integer
s112014322044,805,805,numeric_integer,numeric_integer
s112014322045,805,805,numeric_integer,numeric_integer
s112014322046,805,805,numeric_integer,numeric_integer
s112014322047,805,805,numeric_integer,numeric_integer
s112014322048,805,805,numeric_integer,numeric_integer
s112014322049,805,805,numeric_integer,numeric_integer
s112014322052,811,811,numeric_integer,numeric_integer
s112014322053,811,811,numeric_integer,numeric_integer
s112014322054,811,811,numeric_integer,numeric_integer
s112014322055,811,811,numeric_integer,numeric_integer
s112014322056,811,811,numeric_integer,numeric_integer
s112014322057,811,811,numeric_integer,numeric_integer
s112014322058,811,811,numeric_integer,numeric_integer
s112014322059,811,811,numeric_integer,numeric_integer
s112014322060,811,811,numeric_integer,numeric_integer
s112014322061,811,811,numeric_integer,numeric_integer
s112014322062,811,811,numeric_integer,numeric_integer
s112014322063,811,811,numeric_integer,numeric_integer
s112014322064,811,811,numeric_integer,numeric_integer
s112014322065,811,811,numeric_integer,numeric_integer
s112014322066,811,811,numeric_integer,numeric_integer
s112014322067,811,811,numeric_integer,numeric_integer
s112014322068,811,811,numeric_integer,numeric_integer
s112014322069,811,811,numeric_integer,numeric_integer
s112014322070,811,811,numeric_integer,numeric_integer
s112014322071,811,811,numeric_integer,numeric_integer
s112014322072,811,811,numeric_integer,numeric_integer
s112014322073,811,811,numeric_integer,numeric_integer
s112014322074,811,811,numeric_integer,numeric_integer
s112014322075,811,811,numeric_integer,numeric_integer
s112014322076,811,811,numeric_integer,numeric_integer
s112014322077,811,811,numeric_integer,numeric_integer
s112014322078,811,811,numeric_integer,numeric_integer
s112014332025,805,805,numeric_integer,numeric_integer
s112014332026,805,805,numeric_integer,numeric_integer
s112014332027,805,805,numeric_integer,numeric_integer
s112014332028,805,805,numeric_integer,numeric_integer
s112014332029,805,805,numeric_integer,numeric_integer
s112014332030,805,805,numeric_integer,numeric_integer
s112014332031,805,805,numeric_integer,numeric_integer
s112014332032,805,805,numeric_integer,numeric_integer
s112014332033,805,805,numeric_integer,numeric_integer
s112014332034,805,805,numeric_integer,numeric_integer
s112014332035,805,805,numeric_integer,numeric_integer
s112014332036,805,805,numeric_integer,numeric_integer
s112014332037,805,805,numeric_integer,numeric_integer
s112014332038,805,805,numeric_integer,numeric_integer
s112014332039,805,805,numeric_integer,numeric_integer
s112014332040,805,805,numeric_integer,numeric_integer
s112014332041,805,805,numeric_integer,numeric_integer
s112014332042,805,805,numeric_integer,numeric_integer
s112014332043,805,805,numeric_integer,numeric_integer
s112014332044,805,805,numeric_integer,numeric_integer
s112014332045,805,805,numeric_integer,numeric_integer
s112014332046,805,805,numeric_integer,numeric_integer
s112014332047,805,805,numeric_integer,numeric_integer
s112014332048,805,805,numeric_integer,numeric_integer
s112014332049,805,805,numeric_integer,numeric_integer
s112014332052,811,811,numeric_integer,numeric_integer
s112014332053,811,811,numeric_integer,numeric_integer
s112014332054,811,811,numeric_integer,numeric_integer
s112014332055,811,811,numeric_integer,numeric_integer
s112014332056,811,811,numeric_integer,numeric_integer
s112014332058,811,811,numeric_integer,numeric_integer
s112014332059,811,811,numeric_integer,numeric_integer
s112014332060,811,811,numeric_integer,numeric_integer
s112014332061,811,811,numeric_integer,numeric_integer
s112014332062,811,811,numeric_integer,numeric_integer
s112014332063,811,811,numeric_integer,numeric_integer
s112014332064,811,811,numeric_integer,numeric_integer
s112014332065,811,811,numeric_integer,numeric_integer
s112014332066,811,811,numeric_integer,numeric_integer
s112014332068,811,811,numeric_integer,numeric_integer
s112014332069,811,811,numeric_integer,numeric_integer
s112014332070,811,811,numeric_integer,numeric_integer
s112014332071,811,811,numeric_integer,numeric_integer
s112014332072,811,811,numeric_integer,numeric_integer
s112014332073,811,811,numeric_integer,numeric_integer
s112014332075,811,811,numeric_integer,numeric_integer
s112014332076,811,811,numeric_integer,numeric_integer
s112014332077,811,811,numeric_integer,numeric_integer
s112014332078,811,811,numeric_integer,numeric_integer
s112014332079,811,811,numeric_integer,numeric_integer
s112014332080,811,811,numeric_integer,numeric_integer
s112014332081,811,811,numeric_integer,numeric_integer
s112014332082,811,811,numeric_integer,numeric_integer
s112014356024,801,801,numeric_integer,numeric_integer
s112014356025,801,801,numeric_integer,numeric_integer
s112014356026,801,801,numeric_integer,numeric_integer
s112014356027,801,801,numeric_integer,numeric_integer
s112014356028,801,801,numeric_integer,numeric_integer
s112014356029,801,801,numeric_integer,numeric_integer
s112014356030,801,801,numeric_integer,numeric_integer
s112014356031,801,801,numeric_integer,numeric_integer
s112014356032,801,801,numeric_integer,numeric_integer
s112014356033,801,801,numeric_integer,numeric_integer
s112014356034,801,801,numeric_integer,numeric_integer
s112014356036,801,801,numeric_integer,numeric_integer
s112014356037,801,801,numeric_integer,numeric_integer
s112014356038,801,801,numeric_integer,numeric_integer
s112014356039,801,801,numeric_integer,numeric_integer
s112014356040,801,801,numeric_integer,numeric_integer
s112014356041,801,801,numeric_integer,numeric_integer
s112014356042,801,801,numeric_integer,numeric_integer
s112014356043,801,801,numeric_integer,numeric_integer
s112014356044,801,801,numeric_integer,numeric_integer
s112014356045,801,801,numeric_integer,numeric_integer
s112014356046,801,801,numeric_integer,numeric_integer
s112014356047,801,801,numeric_integer,numeric_integer
s112014356048,801,801,numeric_integer,numeric_integer
s112014356049,801,801,numeric_integer,numeric_integer
s112014356050,801,801,numeric_integer,numeric_integer
s113014356003,801,801,numeric_integer,numeric_integer
s113014356004,801,801,numeric_integer,numeric_integer
s112014356051,806,806,numeric_integer,numeric_integer
s112014356052,806,806,numeric_integer,numeric_integer
s112014356053,806,806,numeric_integer,numeric_integer
s112014356054,806,806,numeric_integer,numeric_integer
s112014356056,806,806,numeric_integer,numeric_integer
s112014356057,806,806,numeric_integer,numeric_integer
s112014356059,806,806,numeric_integer,numeric_integer
s112014356060,806,806,numeric_integer,numeric_integer
s112014356061,806,806,numeric_integer,numeric_integer
s112014356062,806,806,numeric_integer,numeric_integer
s112014356063,806,806,numeric_integer,numeric_integer
s112014356065,806,806,numeric_integer,numeric_integer
s112014356066,806,806,numeric_integer,numeric_integer
s112014356068,806,806,numeric_integer,numeric_integer
s112014356070,806,806,numeric_integer,numeric_integer
s112014356071,806,806,numeric_integer,numeric_integer
s112014356072,806,806,numeric_integer,numeric_integer
s112014356073,806,806,numeric_integer,numeric_integer
s112014356074,806,806,numeric_integer,numeric_integer
s112014356075,806,806,numeric_integer,numeric_integer
s112014356076,806,806,numeric_integer,numeric_integer
s113014356005,806,806,numeric_integer,numeric_integer
s112014364024,802,802,numeric_integer,numeric_integer
s112014364025,802,802,numeric_integer,numeric_integer
s112014364026,802,802,numeric_integer,numeric_integer
s112014364027,802,802,numeric_integer,numeric_integer
s112014364028,802,802,numeric_integer,numeric_integer
s112014364029,802,802,numeric_integer,numeric_integer
s112014364030,802,802,numeric_integer,numeric_integer
s112014364031,802,802,numeric_integer,numeric_integer
s112014364032,802,802,numeric_integer,numeric_integer
s112014364033,802,802,numeric_integer,numeric_integer
s112014364034,802,802,numeric_integer,numeric_integer
s112014364035,802,802,numeric_integer,numeric_integer
s112014364036,802,802,numeric_integer,numeric_integer
s112014364037,802,802,numeric_integer,numeric_integer
s112014364039,802,802,numeric_integer,numeric_integer
s112014364040,802,802,numeric_integer,numeric_integer
s112014364041,802,802,numeric_integer,numeric_integer
s112014364042,802,802,numeric_integer,numeric_integer
s112014364043,802,802,numeric_integer,numeric_integer
s112014364044,802,802,numeric_integer,numeric_integer
s112014364045,802,802,numeric_integer,numeric_integer
s112014364046,802,802,numeric_integer,numeric_integer
s112014364047,802,802,numeric_integer,numeric_integer
s112014364048,802,802,numeric_integer,numeric_integer
s112014364049,802,802,numeric_integer,numeric_integer
s112014364050,802,802,numeric_integer,numeric_integer
s113014364003,802,802,numeric_integer,numeric_integer
s112014364053,806,806,numeric_integer,numeric_integer
s112014364054,806,806,numeric_integer,numeric_integer
s112014364055,806,806,numeric_integer,numeric_integer
s112014364056,806,806,numeric_integer,numeric_integer
s112014364058,806,806,numeric_integer,numeric_integer
s112014364059,806,806,numeric_integer,numeric_integer
s112014364060,806,806,numeric_integer,numeric_integer
s112014364061,806,806,numeric_integer,numeric_integer
s112014364062,806,806,numeric_integer,numeric_integer
s112014364063,806,806,numeric_integer,numeric_integer
s112014364064,806,806,numeric_integer,numeric_integer
s112014364065,806,806,numeric_integer,numeric_integer
s112014364066,806,806,numeric_integer,numeric_integer
s112014364067,806,806,numeric_integer,numeric_integer
s112014364068,806,806,numeric_integer,numeric_integer
s112014364069,806,806,numeric_integer,numeric_integer
s112014364070,806,806,numeric_integer,numeric_integer
s112014364071,806,806,numeric_integer,numeric_integer
s112014364073,806,806,numeric_integer,numeric_integer
s112014364074,806,806,numeric_integer,numeric_integer
s112014364075,806,806,numeric_integer,numeric_integer
s112014364076,806,806,numeric_integer,numeric_integer
s112014364077,806,806,numeric_integer,numeric_integer
s112014364078,806,806,numeric_integer,numeric_integer
s112014364079,806,806,numeric_integer,numeric_integer
s112014364080,806,806,numeric_integer,numeric_integer
s112014505024,814,814,numeric_integer,numeric_integer
s112014505025,814,814,numeric_integer,numeric_integer
s112014505026,814,814,numeric_integer,numeric_integer
s112014505027,814,814,numeric_integer,numeric_integer
s112014505028,814,814,numeric_integer,numeric_integer
s112014505029,814,814,numeric_integer,numeric_integer
s112014505030,814,814,numeric_integer,numeric_integer
s112014505031,814,814,numeric_integer,numeric_integer
s112014505032,814,814,numeric_integer,numeric_integer
s112014505033,814,814,numeric_integer,numeric_integer
s112014505034,814,814,numeric_integer,numeric_integer
s112014505035,814,814,numeric_integer,numeric_integer
s112014505036,814,814,numeric_integer,numeric_integer
s112014505037,814,814,numeric_integer,numeric_integer
s112014505038,814,814,numeric_integer,numeric_integer
s112014505039,814,814,numeric_integer,numeric_integer
s112014505040,814,814,numeric_integer,numeric_integer
s112014505041,814,814,numeric_integer,numeric_integer
s112014505042,814,814,numeric_integer,numeric_integer
s112014505043,814,814,numeric_integer,numeric_integer
s112014505045,814,814,numeric_integer,numeric_integer
s112014505046,814,814,numeric_integer,numeric_integer
s112014505047,814,814,numeric_integer,numeric_integer
s112014505048,814,814,numeric_integer,numeric_integer
s112014505049,814,814,numeric_integer,numeric_integer
s112014505051,814,814,numeric_integer,numeric_integer
s112014505052,814,814,numeric_integer,numeric_integer
s112014505053,814,814,numeric_integer,numeric_integer
s112014505054,814,814,numeric_integer,numeric_integer
s112014505055,814,814,numeric_integer,numeric_integer
s112014505058,829,829,numeric_integer,numeric_integer
s112014505059,829,829,numeric_integer,numeric_integer
s112014505060,829,829,numeric_integer,numeric_integer
s112014505062,829,829,numeric_integer,numeric_integer
s112014505063,829,829,numeric_integer,numeric_integer
s112014505064,829,829,numeric_integer,numeric_integer
s112014505065,829,829,numeric_integer,numeric_integer
s112014505066,829,829,numeric_integer,numeric_integer
s112014505067,829,829,numeric_integer,numeric_integer
s112014505069,829,829,numeric_integer,numeric_integer
s112014505070,829,829,numeric_integer,numeric_integer
s112014505071,829,829,numeric_integer,numeric_integer
s112014505072,829,829,numeric_integer,numeric_integer
s112014505073,829,829,numeric_integer,numeric_integer
s112014505074,829,829,numeric_integer,numeric_integer
s112014505075,829,829,numeric_integer,numeric_integer
s112014505076,829,829,numeric_integer,numeric_integer
s112014505077,829,829,numeric_integer,numeric_integer
s112014505078,829,829,numeric_integer,numeric_integer
s112014505079,829,829,numeric_integer,numeric_integer
s112014505080,829,829,numeric_integer,numeric_integer
s112014505081,829,829,numeric_integer,numeric_integer
s112014505082,829,829,numeric_integer,numeric_integer
s112014505083,829,829,numeric_integer,numeric_integer
s112014505084,829,829,numeric_integer,numeric_integer
s112014505085,829,829,numeric_integer,numeric_integer
s112014505086,829,829,numeric_integer,numeric_integer
s112014509024,807,807,numeric_integer,numeric_integer
s112014509025,807,807,numeric_integer,numeric_integer
s112014509026,807,807,numeric_integer,numeric_integer
s112014509027,807,807,numeric_integer,numeric_integer
s112014509028,807,807,numeric_integer,numeric_integer
s112014509029,807,807,numeric_integer,numeric_integer
s112014509030,807,807,numeric_integer,numeric_integer
s112014509031,807,807,numeric_integer,numeric_integer
s112014509032,807,807,numeric_integer,numeric_integer
s112014509033,807,807,numeric_integer,numeric_integer
s112014509034,807,807,numeric_integer,numeric_integer
s112014509035,807,807,numeric_integer,numeric_integer
s112014509036,807,807,numeric_integer,numeric_integer
s112014509037,807,807,numeric_integer,numeric_integer
s112014509038,807,807,numeric_integer,numeric_integer
s112014509039,807,807,numeric_integer,numeric_integer
s112014509041,807,807,numeric_integer,numeric_integer
s112014509042,807,807,numeric_integer,numeric_integer
s112014509043,807,807,numeric_integer,numeric_integer
s112014509044,807,807,numeric_integer,numeric_integer
s112014509045,807,807,numeric_integer,numeric_integer
s112014509046,807,807,numeric_integer,numeric_integer
s112014509047,807,807,numeric_integer,numeric_integer
s112014509048,807,807,numeric_integer,numeric_integer
s112014509050,807,807,numeric_integer,numeric_integer
s112014509051,807,807,numeric_integer,numeric_integer
s112014509055,815,815,numeric_integer,numeric_integer
s112014509056,815,815,numeric_integer,numeric_integer
s112014509057,815,815,numeric_integer,numeric_integer
s112014509058,815,815,numeric_integer,numeric_integer
s112014509060,815,815,numeric_integer,numeric_integer
s112014509061,815,815,numeric_integer,numeric_integer
s112014509062,815,815,numeric_integer,numeric_integer
s112014509063,815,815,numeric_integer,numeric_integer
s112014509064,815,815,numeric_integer,numeric_integer
s112014509065,815,815,numeric_integer,numeric_integer
s112014509066,815,815,numeric_integer,numeric_integer
s112014509067,815,815,numeric_integer,numeric_integer
s112014509068,815,815,numeric_integer,numeric_integer
s112014509069,815,815,numeric_integer,numeric_integer
s112014509070,815,815,numeric_integer,numeric_integer
s112014509071,815,815,numeric_integer,numeric_integer
s112014509072,815,815,numeric_integer,numeric_integer
s112014509073,815,815,numeric_integer,numeric_integer
s112014509074,815,815,numeric_integer,numeric_integer
s112014509075,815,815,numeric_integer,numeric_integer
s112014509076,815,815,numeric_integer,numeric_integer
s112014509077,815,815,numeric_integer,numeric_integer
s112014509078,815,815,numeric_integer,numeric_integer
s112014510024,801,801,numeric_integer,numeric_integer
s112014510025,801,801,numeric_integer,numeric_integer
s112014510026,801,801,numeric_integer,numeric_integer
s112014510027,801,801,numeric_integer,numeric_integer
s112014510028,801,801,numeric_integer,numeric_integer
s112014510029,801,801,numeric_integer,numeric_integer
s112014510030,801,801,numeric_integer,numeric_integer
s112014510031,801,801,numeric_integer,numeric_integer
s112014510032,801,801,numeric_integer,numeric_integer
s112014510033,801,801,numeric_integer,numeric_integer
s112014510034,801,801,numeric_integer,numeric_integer
s112014510035,801,801,numeric_integer,numeric_integer
s112014510036,801,801,numeric_integer,numeric_integer
s112014510037,801,801,numeric_integer,numeric_integer
s112014510038,801,801,numeric_integer,numeric_integer
s112014510039,801,801,numeric_integer,numeric_integer
s112014510040,801,801,numeric_integer,numeric_integer
s112014510041,801,801,numeric_integer,numeric_integer
s112014510042,801,801,numeric_integer,numeric_integer
s112014510043,801,801,numeric_integer,numeric_integer
s112014510044,801,801,numeric_integer,numeric_integer
s112014510045,801,801,numeric_integer,numeric_integer
s112014510046,801,801,numeric_integer,numeric_integer
s112014510047,801,801,numeric_integer,numeric_integer
s112014510048,801,801,numeric_integer,numeric_integer
s112014510049,801,801,numeric_integer,numeric_integer
s113014510005,801,801,numeric_integer,numeric_integer
s112014510053,806,806,numeric_integer,numeric_integer
s112014510054,806,806,numeric_integer,numeric_integer
s112014510055,806,806,numeric_integer,numeric_integer
s112014510056,806,806,numeric_integer,numeric_integer
s112014510057,806,806,numeric_integer,numeric_integer
s112014510059,806,806,numeric_integer,numeric_integer
s112014510060,806,806,numeric_integer,numeric_integer
s112014510061,806,806,numeric_integer,numeric_integer
s112014510062,806,806,numeric_integer,numeric_integer
s112014510063,806,806,numeric_integer,numeric_integer
s112014510064,806,806,numeric_integer,numeric_integer
s112014510066,806,806,numeric_integer,numeric_integer
s112014510067,806,806,numeric_integer,numeric_integer
s112014510069,806,806,numeric_integer,numeric_integer
s112014510070,806,806,numeric_integer,numeric_integer
s112014510071,806,806,numeric_integer,numeric_integer
s112014510072,806,806,numeric_integer,numeric_integer
s112014510073,806,806,numeric_integer,numeric_integer
s112014510074,806,806,numeric_integer,numeric_integer
s112014510075,806,806,numeric_integer,numeric_integer
s113014510003,806,806,numeric_integer,numeric_integer
s113014510004,806,806,numeric_integer,numeric_integer
s112014513024,802,802,numeric_integer,numeric_integer
s112014513025,802,802,numeric_integer,numeric_integer
s112014513026,802,802,numeric_integer,numeric_integer
s112014513027,802,802,numeric_integer,numeric_integer
s112014513028,802,802,numeric_integer,numeric_integer
s112014513029,802,802,numeric_integer,numeric_integer
s112014513030,802,802,numeric_integer,numeric_integer
s112014513031,802,802,numeric_integer,numeric_integer
s112014513032,802,802,numeric_integer,numeric_integer
s112014513033,802,802,numeric_integer,numeric_integer
s112014513034,802,802,numeric_integer,numeric_integer
s112014513035,802,802,numeric_integer,numeric_integer
s112014513036,802,802,numeric_integer,numeric_integer
s112014513037,802,802,numeric_integer,numeric_integer
s112014513038,802,802,numeric_integer,numeric_integer
s112014513039,802,802,numeric_integer,numeric_integer
s112014513040,802,802,numeric_integer,numeric_integer
s112014513041,802,802,numeric_integer,numeric_integer
s112014513042,802,802,numeric_integer,numeric_integer
s112014513043,802,802,numeric_integer,numeric_integer
s112014513044,802,802,numeric_integer,numeric_integer
s112014513045,802,802,numeric_integer,numeric_integer
s112014513046,802,802,numeric_integer,numeric_integer
s112014513048,802,802,numeric_integer,numeric_integer
s113014513004,802,802,numeric_integer,numeric_integer
s112014513052,809,809,numeric_integer,numeric_integer
s112014513053,809,809,numeric_integer,numeric_integer
s112014513054,809,809,numeric_integer,numeric_integer
s112014513055,809,809,numeric_integer,numeric_integer
s112014513056,809,809,numeric_integer,numeric_integer
s112014513057,809,809,numeric_integer,numeric_integer
s112014513058,809,809,numeric_integer,numeric_integer
s112014513059,809,809,numeric_integer,numeric_integer
s112014513060,809,809,numeric_integer,numeric_integer
s112014513061,809,809,numeric_integer,numeric_integer
s112014513062,809,809,numeric_integer,numeric_integer
s112014513063,809,809,numeric_integer,numeric_integer
s112014513064,809,809,numeric_integer,numeric_integer
s112014513065,809,809,numeric_integer,numeric_integer
s112014513066,809,809,numeric_integer,numeric_integer
s112014513067,809,809,numeric_integer,numeric_integer
s112014513068,809,809,numeric_integer,numeric_integer
s112014513069,809,809,numeric_integer,numeric_integer
s112014513070,809,809,numeric_integer,numeric_integer
s112014513071,809,809,numeric_integer,numeric_integer
s112014513072,809,809,numeric_integer,numeric_integer
s112014513073,809,809,numeric_integer,numeric_integer
s112014513074,809,809,numeric_integer,numeric_integer
s112014513075,809,809,numeric_integer,numeric_integer
s112014513076,809,809,numeric_integer,numeric_integer
s112014513077,809,809,numeric_integer,numeric_integer
s112014514024,806,806,numeric_integer,numeric_integer
s112014514025,806,806,numeric_integer,numeric_integer
s112014514026,806,806,numeric_integer,numeric_integer
s112014514027,806,806,numeric_integer,numeric_integer
s112014514028,806,806,numeric_integer,numeric_integer
s112014514029,806,806,numeric_integer,numeric_integer
s112014514030,806,806,numeric_integer,numeric_integer
s112014514031,806,806,numeric_integer,numeric_integer
s112014514032,806,806,numeric_integer,numeric_integer
s112014514033,806,806,numeric_integer,numeric_integer
s112014514034,806,806,numeric_integer,numeric_integer
s112014514035,806,806,numeric_integer,numeric_integer
s112014514036,806,806,numeric_integer,numeric_integer
s112014514037,806,806,numeric_integer,numeric_integer
s112014514038,806,806,numeric_integer,numeric_integer
s112014514039,806,806,numeric_integer,numeric_integer
s112014514040,806,806,numeric_integer,numeric_integer
s112014514041,806,806,numeric_integer,numeric_integer
s112014514042,806,806,numeric_integer,numeric_integer
s112014514043,806,806,numeric_integer,numeric_integer
s112014514044,806,806,numeric_integer,numeric_integer
s112014514045,806,806,numeric_integer,numeric_integer
s112014514046,806,806,numeric_integer,numeric_integer
s112014514047,806,806,numeric_integer,numeric_integer
s112014514048,806,806,numeric_integer,numeric_integer
s112014514049,806,806,numeric_integer,numeric_integer
s112014514050,806,806,numeric_integer,numeric_integer
s112014514054,814,814,numeric_integer,numeric_integer
s112014514055,814,814,numeric_integer,numeric_integer
s112014514056,814,814,numeric_integer,numeric_integer
s112014514057,814,814,numeric_integer,numeric_integer
s112014514058,814,814,numeric_integer,numeric_integer
s112014514059,814,814,numeric_integer,numeric_integer
s112014514060,814,814,numeric_integer,numeric_integer
s112014514061,814,814,numeric_integer,numeric_integer
s112014514062,814,814,numeric_integer,numeric_integer
s112014514063,814,814,numeric_integer,numeric_integer
s112014514064,814,814,numeric_integer,numeric_integer
s112014514065,814,814,numeric_integer,numeric_integer
s112014514066,814,814,numeric_integer,numeric_integer
s112014514067,814,814,numeric_integer,numeric_integer
s112014514068,814,814,numeric_integer,numeric_integer
s112014514069,814,814,numeric_integer,numeric_integer
s112014514070,814,814,numeric_integer,numeric_integer
s112014514071,814,814,numeric_integer,numeric_integer
s112014514072,814,814,numeric_integer,numeric_integer
s112014514073,814,814,numeric_integer,numeric_integer
s112014514074,814,814,numeric_integer,numeric_integer
s112014514075,814,814,numeric_integer,numeric_integer
s112014514076,814,814,numeric_integer,numeric_integer
s112014514077,814,814,numeric_integer,numeric_integer
s112014514078,814,814,numeric_integer,numeric_integer
s112014514079,814,814,numeric_integer,numeric_integer
s112014514081,814,814,numeric_integer,numeric_integer
s112014516024,810,810,numeric_integer,numeric_integer
s112014516025,810,810,numeric_integer,numeric_integer
s112014516026,810,810,numeric_integer,numeric_integer
s112014516027,810,810,numeric_integer,numeric_integer
s112014516028,810,810,numeric_integer,numeric_integer
s112014516029,810,810,numeric_integer,numeric_integer
s112014516030,810,810,numeric_integer,numeric_integer
s112014516031,810,810,numeric_integer,numeric_integer
s112014516032,810,810,numeric_integer,numeric_integer
s112014516033,810,810,numeric_integer,numeric_integer
s112014516034,810,810,numeric_integer,numeric_integer
s112014516035,810,810,numeric_integer,numeric_integer
s112014516036,810,810,numeric_integer,numeric_integer
s112014516037,810,810,numeric_integer,numeric_integer
s112014516038,810,810,numeric_integer,numeric_integer
s112014516039,810,810,numeric_integer,numeric_integer
s112014516040,810,810,numeric_integer,numeric_integer
s112014516041,810,810,numeric_integer,numeric_integer
s112014516042,810,810,numeric_integer,numeric_integer
s112014516043,810,810,numeric_integer,numeric_integer
s112014516044,810,810,numeric_integer,numeric_integer
s112014516046,810,810,numeric_integer,numeric_integer
s112014516047,810,810,numeric_integer,numeric_integer
s112014516048,810,810,numeric_integer,numeric_integer
s113014516003,810,810,numeric_integer,numeric_integer
s112014516051,826,826,numeric_integer,numeric_integer
s112014516052,826,826,numeric_integer,numeric_integer
s112014516053,826,826,numeric_integer,numeric_integer
s112014516054,826,826,numeric_integer,numeric_integer
s112014516055,826,826,numeric_integer,numeric_integer
s112014516056,826,826,numeric_integer,numeric_integer
s112014516057,826,826,numeric_integer,numeric_integer
s112014516058,826,826,numeric_integer,numeric_integer
s112014516059,826,826,numeric_integer,numeric_integer
s112014516060,826,826,numeric_integer,numeric_integer
s112014516061,826,826,numeric_integer,numeric_integer
s112014516062,826,826,numeric_integer,numeric_integer
s112014516063,826,826,numeric_integer,numeric_integer
s112014516064,826,826,numeric_integer,numeric_integer
s112014516065,826,826,numeric_integer,numeric_integer
s112014516066,826,826,numeric_integer,numeric_integer
s112014516067,826,826,numeric_integer,numeric_integer
s112014516068,826,826,numeric_integer,numeric_integer
s112014516069,826,826,numeric_integer,numeric_integer
s112014516071,826,826,numeric_integer,numeric_integer
s112014516072,826,826,numeric_integer,numeric_integer
s112014516073,826,826,numeric_integer,numeric_integer
s112014516074,826,826,numeric_integer,numeric_integer
s112014516075,826,826,numeric_integer,numeric_integer
s113014516004,826,826,numeric_integer,numeric_integer
s113014516005,826,826,numeric_integer,numeric_integer
s112014517024,806,806,numeric_integer,numeric_integer
s112014517025,806,806,numeric_integer,numeric_integer
s112014517026,806,806,numeric_integer,numeric_integer
s112014517027,806,806,numeric_integer,numeric_integer
s112014517028,806,806,numeric_integer,numeric_integer
s112014517029,806,806,numeric_integer,numeric_integer
s112014517030,806,806,numeric_integer,numeric_integer
s112014517031,806,806,numeric_integer,numeric_integer
s112014517032,806,806,numeric_integer,numeric_integer
s112014517033,806,806,numeric_integer,numeric_integer
s112014517035,806,806,numeric_integer,numeric_integer
s112014517036,806,806,numeric_integer,numeric_integer
s112014517038,806,806,numeric_integer,numeric_integer
s112014517039,806,806,numeric_integer,numeric_integer
s112014517040,806,806,numeric_integer,numeric_integer
s112014517041,806,806,numeric_integer,numeric_integer
s112014517042,806,806,numeric_integer,numeric_integer
s112014517043,806,806,numeric_integer,numeric_integer
s112014517044,806,806,numeric_integer,numeric_integer
s112014517045,806,806,numeric_integer,numeric_integer
s112014517047,806,806,numeric_integer,numeric_integer
s112014517048,806,806,numeric_integer,numeric_integer
s112014517049,806,806,numeric_integer,numeric_integer
s112014517050,806,806,numeric_integer,numeric_integer
s112014517053,820,820,numeric_integer,numeric_integer
s112014517054,820,820,numeric_integer,numeric_integer
s112014517055,820,820,numeric_integer,numeric_integer
s112014517056,820,820,numeric_integer,numeric_integer
s112014517057,820,820,numeric_integer,numeric_integer
s112014517058,820,820,numeric_integer,numeric_integer
s112014517060,820,820,numeric_integer,numeric_integer
s112014517061,820,820,numeric_integer,numeric_integer
s112014517062,820,820,numeric_integer,numeric_integer
s112014517064,820,820,numeric_integer,numeric_integer
s112014517065,820,820,numeric_integer,numeric_integer
s112014517066,820,820,numeric_integer,numeric_integer
s112014517067,820,820,numeric_integer,numeric_integer
s112014517068,820,820,numeric_integer,numeric_integer
s112014517069,820,820,numeric_integer,numeric_integer
s112014517071,820,820,numeric_integer,numeric_integer
s112014517072,820,820,numeric_integer,numeric_integer
s112014517073,820,820,numeric_integer,numeric_integer
s112014517074,820,820,numeric_integer,numeric_integer
s112014517075,820,820,numeric_integer,numeric_integer
s112014517076,820,820,numeric_integer,numeric_integer
s112014517077,820,820,numeric_integer,numeric_integer
s112014517078,820,820,numeric_integer,numeric_integer
s112014517079,820,820,numeric_integer,numeric_integer
s112014518024,804,804,numeric_integer,numeric_integer
s112014518025,804,804,numeric_integer,numeric_integer
s112014518026,804,804,numeric_integer,numeric_integer
s112014518027,804,804,numeric_integer,numeric_integer
s112014518028,804,804,numeric_integer,numeric_integer
s112014518029,804,804,numeric_integer,numeric_integer
s112014518030,804,804,numeric_integer,numeric_integer
s112014518031,804,804,numeric_integer,numeric_integer
s112014518032,804,804,numeric_integer,numeric_integer
s112014518033,804,804,numeric_integer,numeric_integer
s112014518034,804,804,numeric_integer,numeric_integer
s112014518035,804,804,numeric_integer,numeric_integer
s112014518036,804,804,numeric_integer,numeric_integer
s112014518037,804,804,numeric_integer,numeric_integer
s112014518040,804,804,numeric_integer,numeric_integer
s112014518041,804,804,numeric_integer,numeric_integer
s112014518042,804,804,numeric_integer,numeric_integer
s112014518043,804,804,numeric_integer,numeric_integer
s112014518044,804,804,numeric_integer,numeric_integer
s112014518046,809,809,numeric_integer,numeric_integer
s112014518047,809,809,numeric_integer,numeric_integer
s112014518048,809,809,numeric_integer,numeric_integer
s112014518049,809,809,numeric_integer,numeric_integer
s112014518050,809,809,numeric_integer,numeric_integer
s112014518052,809,809,numeric_integer,numeric_integer
s112014518053,809,809,numeric_integer,numeric_integer
s112014518054,809,809,numeric_integer,numeric_integer
s112014518055,809,809,numeric_integer,numeric_integer
s112014518056,809,809,numeric_integer,numeric_integer
s112014518057,809,809,numeric_integer,numeric_integer
s112014518058,809,809,numeric_integer,numeric_integer
s112014518060,809,809,numeric_integer,numeric_integer
s112014518062,809,809,numeric_integer,numeric_integer
s112014518063,809,809,numeric_integer,numeric_integer
s112014518064,809,809,numeric_integer,numeric_integer
s112014518065,809,809,numeric_integer,numeric_integer
s112014518066,809,809,numeric_integer,numeric_integer
s113014518003,809,809,numeric_integer,numeric_integer
s113014518006,809,809,numeric_integer,numeric_integer
s112014524024,803,803,numeric_integer,numeric_integer
s112014524025,803,803,numeric_integer,numeric_integer
s112014524026,803,803,numeric_integer,numeric_integer
s112014524027,803,803,numeric_integer,numeric_integer
s112014524029,803,803,numeric_integer,numeric_integer
s112014524030,803,803,numeric_integer,numeric_integer
s112014524032,803,803,numeric_integer,numeric_integer
s112014524033,803,803,numeric_integer,numeric_integer
s112014524034,803,803,numeric_integer,numeric_integer
s112014524035,803,803,numeric_integer,numeric_integer
s112014524037,803,803,numeric_integer,numeric_integer
s112014524038,803,803,numeric_integer,numeric_integer
s112014524040,803,803,numeric_integer,numeric_integer
s112014524041,803,803,numeric_integer,numeric_integer
s112014524042,803,803,numeric_integer,numeric_integer
s112014524043,803,803,numeric_integer,numeric_integer
s112014524044,803,803,numeric_integer,numeric_integer
s112014524045,803,803,numeric_integer,numeric_integer
s112014524046,803,803,numeric_integer,numeric_integer
s112014524047,803,803,numeric_integer,numeric_integer
s112014524048,803,803,numeric_integer,numeric_integer
s112014524049,803,803,numeric_integer,numeric_integer
s112014524050,803,803,numeric_integer,numeric_integer
s112014524051,803,803,numeric_integer,numeric_integer
s112014524054,812,812,numeric_integer,numeric_integer
s112014524055,812,812,numeric_integer,numeric_integer
s112014524056,812,812,numeric_integer,numeric_integer
s112014524057,812,812,numeric_integer,numeric_integer
s112014524058,812,812,numeric_integer,numeric_integer
s112014524059,812,812,numeric_integer,numeric_integer
s112014524061,812,812,numeric_integer,numeric_integer
s112014524062,812,812,numeric_integer,numeric_integer
s112014524064,812,812,numeric_integer,numeric_integer
s112014524065,812,812,numeric_integer,numeric_integer
s112014524066,812,812,numeric_integer,numeric_integer
s112014524067,812,812,numeric_integer,numeric_integer
s112014524068,812,812,numeric_integer,numeric_integer
s112014524069,812,812,numeric_integer,numeric_integer
s112014524070,812,812,numeric_integer,numeric_integer
s112014524071,812,812,numeric_integer,numeric_integer
s112014524072,812,812,numeric_integer,numeric_integer
s112014524074,812,812,numeric_integer,numeric_integer
s112014524075,812,812,numeric_integer,numeric_integer
s112014524076,812,812,numeric_integer,numeric_integer
s112014524077,812,812,numeric_integer,numeric_integer
s112014524078,812,812,numeric_integer,numeric_integer
s112014524079,812,812,numeric_integer,numeric_integer
s112014524080,812,812,numeric_integer,numeric_integer
s112014524081,812,812,numeric_integer,numeric_integer
s112014525024,806,806,numeric_integer,numeric_integer
s112014525025,806,806,numeric_integer,numeric_integer
s112014525026,806,806,numeric_integer,numeric_integer
s112014525027,806,806,numeric_integer,numeric_integer
s112014525028,806,806,numeric_integer,numeric_integer
s112014525029,806,806,numeric_integer,numeric_integer
s112014525030,806,806,numeric_integer,numeric_integer
s112014525031,806,806,numeric_integer,numeric_integer
s112014525032,806,806,numeric_integer,numeric_integer
s112014525033,806,806,numeric_integer,numeric_integer
s112014525034,806,806,numeric_integer,numeric_integer
s112014525035,806,806,numeric_integer,numeric_integer
s112014525036,806,806,numeric_integer,numeric_integer
s112014525037,806,806,numeric_integer,numeric_integer
s112014525038,806,806,numeric_integer,numeric_integer
s112014525039,806,806,numeric_integer,numeric_integer
s112014525040,806,806,numeric_integer,numeric_integer
s112014525041,806,806,numeric_integer,numeric_integer
s112014525042,806,806,numeric_integer,numeric_integer
s112014525043,806,806,numeric_integer,numeric_integer
s112014525044,806,806,numeric_integer,numeric_integer
s112014525045,806,806,numeric_integer,numeric_integer
s112014525046,806,806,numeric_integer,numeric_integer
s112014525047,806,806,numeric_integer,numeric_integer
s112014525048,806,806,numeric_integer,numeric_integer
s112014525051,815,815,numeric_integer,numeric_integer
s112014525052,815,815,numeric_integer,numeric_integer
s112014525053,815,815,numeric_integer,numeric_integer
s112014525054,815,815,numeric_integer,numeric_integer
s112014525056,815,815,numeric_integer,numeric_integer
s112014525057,815,815,numeric_integer,numeric_integer
s112014525058,815,815,numeric_integer,numeric_integer
s112014525059,815,815,numeric_integer,numeric_integer
s112014525060,815,815,numeric_integer,numeric_integer
s112014525061,815,815,numeric_integer,numeric_integer
s112014525062,815,815,numeric_integer,numeric_integer
s112014525063,815,815,numeric_integer,numeric_integer
s112014525064,815,815,numeric_integer,numeric_integer
s112014525065,815,815,numeric_integer,numeric_integer
s112014525066,815,815,numeric_integer,numeric_integer
s112014525067,815,815,numeric_integer,numeric_integer
s112014525068,815,815,numeric_integer,numeric_integer
s112014525069,815,815,numeric_integer,numeric_integer
s112014525070,815,815,numeric_integer,numeric_integer
s112014525071,815,815,numeric_integer,numeric_integer
s112014525072,815,815,numeric_integer,numeric_integer
s112014525073,815,815,numeric_integer,numeric_integer
s112014525074,815,815,numeric_integer,numeric_integer
s112014525075,815,815,numeric_integer,numeric_integer
s112014525076,815,815,numeric_integer,numeric_integer
s112014525077,815,815,numeric_integer,numeric_integer
s112014531058,八年十四班,814,grade_year_class_pattern,grade_year_class_pattern
s112014531059,八年十四班,814,grade_year_class_pattern,grade_year_class_pattern
s112014531060,八年十四班,814,grade_year_class_pattern,grade_year_class_pattern
s112014531061,八年十四班,814,grade_year_class_pattern,grade_year_class_pattern
s112014531062,八年十四班,814,grade_year_class_pattern,grade_year_class_pattern
s112014531063,八年十四班,814,grade_year_class_pattern,grade_year_class_pattern
s112014531065,八年十四班,814,grade_year_class_pattern,grade_year_class_pattern
s112014531066,八年十四班,814,grade_year_class_pattern,grade_year_class_pattern
s112014531067,八年十四班,814,grade_year_class_pattern,grade_year_class_pattern
s112014531068,八年十四班,814,grade_year_class_pattern,grade_year_class_pattern
s112014531069,八年十四班,814,grade_year_class_pattern,grade_year_class_pattern
s112014531070,八年十四班,814,grade_year_class_pattern,grade_year_class_pattern
s112014531071,八年十四班,814,grade_year_class_pattern,grade_year_class_pattern
s112014531072,八年十四班,814,grade_year_class_pattern,grade_year_class_pattern
s112014531073,八年十四班,814,grade_year_class_pattern,grade_year_class_pattern
s112014531074,八年十四班,814,grade_year_class_pattern,grade_year_class_pattern
s112014531076,八年十四班,814,grade_year_class_pattern,grade_year_class_pattern
s112014531077,八年十四班,814,grade_year_class_pattern,grade_year_class_pattern
s112014531078,八年十四班,814,grade_year_class_pattern,grade_year_class_pattern
s112014531079,八年十四班,814,grade_year_class_pattern,grade_year_class_pattern
s112014531080,八年十四班,814,grade_year_class_pattern,grade_year_class_pattern
s112014531081,八年十四班,814,grade_year_class_pattern,grade_year_class_pattern
s112014531082,八年十四班,814,grade_year_class_pattern,grade_year_class_pattern
s112014531083,八年十四班,814,grade_year_class_pattern,grade_year_class_pattern
s112014531084,八年十四班,814,grade_year_class_pattern,grade_year_class_pattern
s112014531085,八年十四班,814,grade_year_class_pattern,grade_year_class_pattern
s112014531086,八年十四班,814,grade_year_class_pattern,grade_year_class_pattern
s112014531087,八年十四班,814,grade_year_class_pattern,grade_year_class_pattern
s112014531088,八年十四班,814,grade_year_class_pattern,grade_year_class_pattern
s112014531089,八年十四班,814,grade_year_class_pattern,grade_year_class_pattern
s112014531024,八年六班,806,grade_year_class_pattern,grade_year_class_pattern
s112014531025,八年六班,806,grade_year_class_pattern,grade_year_class_pattern
s112014531026,八年六班,806,grade_year_class_pattern,grade_year_class_pattern
s112014531027,八年六班,806,grade_year_class_pattern,grade_year_class_pattern
s112014531028,八年六班,806,grade_year_class_pattern,grade_year_class_pattern
s112014531029,八年六班,806,grade_year_class_pattern,grade_year_class_pattern
s112014531030,八年六班,806,grade_year_class_pattern,grade_year_class_pattern
s112014531031,八年六班,806,grade_year_class_pattern,grade_year_class_pattern
s112014531033,八年六班,806,grade_year_class_pattern,grade_year_class_pattern
s112014531035,八年六班,806,grade_year_class_pattern,grade_year_class_pattern
s112014531036,八年六班,806,grade_year_class_pattern,grade_year_class_pattern
s112014531037,八年六班,806,grade_year_class_pattern,grade_year_class_pattern
s112014531038,八年六班,806,grade_year_class_pattern,grade_year_class_pattern
s112014531039,八年六班,806,grade_year_class_pattern,grade_year_class_pattern
s112014531040,八年六班,806,grade_year_class_pattern,grade_year_class_pattern
s112014531041,八年六班,806,grade_year_class_pattern,grade_year_class_pattern
s112014531042,八年六班,806,grade_year_class_pattern,grade_year_class_pattern
s112014531043,八年六班,806,grade_year_class_pattern,grade_year_class_pattern
s112014531044,八年六班,806,grade_year_class_pattern,grade_year_class_pattern
s112014531045,八年六班,806,grade_year_class_pattern,grade_year_class_pattern
s112014531046,八年六班,806,grade_year_class_pattern,grade_year_class_pattern
s112014531047,八年六班,806,grade_year_class_pattern,grade_year_class_pattern
s112014531048,八年六班,806,grade_year_class_pattern,grade_year_class_pattern
s112014531049,八年六班,806,grade_year_class_pattern,grade_year_class_pattern
s112014531050,八年六班,806,grade_year_class_pattern,grade_year_class_pattern
s112014531051,八年六班,806,grade_year_class_pattern,grade_year_class_pattern
s112014531052,八年六班,806,grade_year_class_pattern,grade_year_class_pattern
s112014531053,八年六班,806,grade_year_class_pattern,grade_year_class_pattern
s112014531054,八年六班,806,grade_year_class_pattern,grade_year_class_pattern
s112014531055,八年六班,806,grade_year_class_pattern,grade_year_class_pattern
s112014555024,805,805,numeric_integer,numeric_integer
s112014555025,805,805,numeric_integer,numeric_integer
s112014555027,805,805,numeric_integer,numeric_integer
s112014555028,805,805,numeric_integer,numeric_integer
s112014555029,805,805,numeric_integer,numeric_integer
s112014555030,805,805,numeric_integer,numeric_integer
s112014555031,805,805,numeric_integer,numeric_integer
s112014555032,805,805,numeric_integer,numeric_integer
s112014555033,805,805,numeric_integer,numeric_integer
s112014555034,805,805,numeric_integer,numeric_integer
s112014555035,805,805,numeric_integer,numeric_integer
s112014555036,805,805,numeric_integer,numeric_integer
s112014555037,805,805,numeric_integer,numeric_integer
s112014555038,805,805,numeric_integer,numeric_integer
s112014555040,805,805,numeric_integer,numeric_integer
s112014555041,805,805,numeric_integer,numeric_integer
s112014555042,805,805,numeric_integer,numeric_integer
s112014555044,805,805,numeric_integer,numeric_integer
s112014555045,805,805,numeric_integer,numeric_integer
s112014555046,805,805,numeric_integer,numeric_integer
s112014555047,805,805,numeric_integer,numeric_integer
s112014555048,805,805,numeric_integer,numeric_integer
s112014555049,805,805,numeric_integer,numeric_integer
s112014555053,814,814,numeric_integer,numeric_integer
s112014555054,814,814,numeric_integer,numeric_integer
s112014555055,814,814,numeric_integer,numeric_integer
s112014555057,814,814,numeric_integer,numeric_integer
s112014555058,814,814,numeric_integer,numeric_integer
s112014555059,814,814,numeric_integer,numeric_integer
s112014555060,814,814,numeric_integer,numeric_integer
s112014555061,814,814,numeric_integer,numeric_integer
s112014555062,814,814,numeric_integer,numeric_integer
s112014555063,814,814,numeric_integer,numeric_integer
s112014555064,814,814,numeric_integer,numeric_integer
s112014555065,814,814,numeric_integer,numeric_integer
s112014555066,814,814,numeric_integer,numeric_integer
s112014555067,814,814,numeric_integer,numeric_integer
s112014555068,814,814,numeric_integer,numeric_integer
s112014555069,814,814,numeric_integer,numeric_integer
s112014555071,814,814,numeric_integer,numeric_integer
s112014555072,814,814,numeric_integer,numeric_integer
s112014555073,814,814,numeric_integer,numeric_integer
s112014555074,814,814,numeric_integer,numeric_integer
s112014559024,801,801,numeric_integer,numeric_integer
s112014559025,801,801,numeric_integer,numeric_integer
s112014559026,801,801,numeric_integer,numeric_integer
s112014559027,801,801,numeric_integer,numeric_integer
s112014559028,801,801,numeric_integer,numeric_integer
s112014559029,801,801,numeric_integer,numeric_integer
s112014559030,801,801,numeric_integer,numeric_integer
s112014559031,801,801,numeric_integer,numeric_integer
s112014559032,801,801,numeric_integer,numeric_integer
s112014559033,801,801,numeric_integer,numeric_integer
s112014559034,801,801,numeric_integer,numeric_integer
s112014559035,801,801,numeric_integer,numeric_integer
s112014559036,801,801,numeric_integer,numeric_integer
s112014559038,801,801,numeric_integer,numeric_integer
s112014559039,801,801,numeric_integer,numeric_integer
s112014559040,801,801,numeric_integer,numeric_integer
s112014559041,801,801,numeric_integer,numeric_integer
s112014559042,801,801,numeric_integer,numeric_integer
s112014559043,801,801,numeric_integer,numeric_integer
s112014559044,801,801,numeric_integer,numeric_integer
s112014559045,801,801,numeric_integer,numeric_integer
s112014559046,801,801,numeric_integer,numeric_integer
s112014559047,801,801,numeric_integer,numeric_integer
s112014559048,801,801,numeric_integer,numeric_integer
s112014559050,801,801,numeric_integer,numeric_integer
s112014559052,801,801,numeric_integer,numeric_integer
s112014559053,801,801,numeric_integer,numeric_integer
s112014559054,801,801,numeric_integer,numeric_integer
s112014559055,801,801,numeric_integer,numeric_integer
s112014559058,812,812,numeric_integer,numeric_integer
s112014559059,812,812,numeric_integer,numeric_integer
s112014559060,812,812,numeric_integer,numeric_integer
s112014559061,812,812,numeric_integer,numeric_integer
s112014559062,812,812,numeric_integer,numeric_integer
s112014559063,812,812,numeric_integer,numeric_integer
s112014559064,812,812,numeric_integer,numeric_integer
s112014559065,812,812,numeric_integer,numeric_integer
s112014559066,812,812,numeric_integer,numeric_integer
s112014559067,812,812,numeric_integer,numeric_integer
s112014559068,812,812,numeric_integer,numeric_integer
s112014559069,812,812,numeric_integer,numeric_integer
s112014559070,812,812,numeric_integer,numeric_integer
s112014559071,812,812,numeric_integer,numeric_integer
s112014559072,812,812,numeric_integer,numeric_integer
s112014559073,812,812,numeric_integer,numeric_integer
s112014559074,812,812,numeric_integer,numeric_integer
s112014559075,812,812,numeric_integer,numeric_integer
s112014559076,812,812,numeric_integer,numeric_integer
s112014559077,812,812,numeric_integer,numeric_integer
s112014559078,812,812,numeric_integer,numeric_integer
s112014559079,812,812,numeric_integer,numeric_integer
s112014559080,812,812,numeric_integer,numeric_integer
s112014559081,812,812,numeric_integer,numeric_integer
s112014559083,812,812,numeric_integer,numeric_integer
s112014559084,812,812,numeric_integer,numeric_integer
s112014559085,812,812,numeric_integer,numeric_integer
s112014559086,812,812,numeric_integer,numeric_integer
s112014559087,812,812,numeric_integer,numeric_integer
s112014559088,812,812,numeric_integer,numeric_integer
s112014559089,812,812,numeric_integer,numeric_integer
s112014559090,812,812,numeric_integer,numeric_integer
s112014560025,801,801,numeric_integer,numeric_integer
s112014560026,801,801,numeric_integer,numeric_integer
s112014560027,801,801,numeric_integer,numeric_integer
s112014560028,801,801,numeric_integer,numeric_integer
s112014560029,801,801,numeric_integer,numeric_integer
s112014560030,801,801,numeric_integer,numeric_integer
s112014560031,801,801,numeric_integer,numeric_integer
s112014560032,801,801,numeric_integer,numeric_integer
s112014560033,801,801,numeric_integer,numeric_integer
s112014560034,801,801,numeric_integer,numeric_integer
s112014560035,801,801,numeric_integer,numeric_integer
s112014560036,801,801,numeric_integer,numeric_integer
s112014560037,801,801,numeric_integer,numeric_integer
s112014560038,801,801,numeric_integer,numeric_integer
s112014560039,801,801,numeric_integer,numeric_integer
s112014560040,801,801,numeric_integer,numeric_integer
s112014560041,801,801,numeric_integer,numeric_integer
s112014560042,801,801,numeric_integer,numeric_integer
s112014560043,801,801,numeric_integer,numeric_integer
s112014560044,801,801,numeric_integer,numeric_integer
s112014560045,801,801,numeric_integer,numeric_integer
s112014560046,801,801,numeric_integer,numeric_integer
s112014560047,801,801,numeric_integer,numeric_integer
s112014560048,801,801,numeric_integer,numeric_integer
s112014560051,804,804,numeric_integer,numeric_integer
s112014560052,804,804,numeric_integer,numeric_integer
s112014560053,804,804,numeric_integer,numeric_integer
s112014560054,804,804,numeric_integer,numeric_integer
s112014560055,804,804,numeric_integer,numeric_integer
s112014560056,804,804,numeric_integer,numeric_integer
s112014560057,804,804,numeric_integer,numeric_integer
s112014560058,804,804,numeric_integer,numeric_integer
s112014560059,804,804,numeric_integer,numeric_integer
s112014560060,804,804,numeric_integer,numeric_integer
s112014560061,804,804,numeric_integer,numeric_integer
s112014560062,804,804,numeric_integer,numeric_integer
s112014560063,804,804,numeric_integer,numeric_integer
s112014560064,804,804,numeric_integer,numeric_integer
s112014560065,804,804,numeric_integer,numeric_integer
s112014560066,804,804,numeric_integer,numeric_integer
s112014560067,804,804,numeric_integer,numeric_integer
s112014560068,804,804,numeric_integer,numeric_integer
s112014560069,804,804,numeric_integer,numeric_integer
s112014560070,804,804,numeric_integer,numeric_integer
s112014560071,804,804,numeric_integer,numeric_integer
s112014560072,804,804,numeric_integer,numeric_integer
s113014560005,804,804,numeric_integer,numeric_integer
s112014566024,803,803,numeric_integer,numeric_integer
s112014566025,803,803,numeric_integer,numeric_integer
s112014566026,803,803,numeric_integer,numeric_integer
s112014566028,803,803,numeric_integer,numeric_integer
s112014566029,803,803,numeric_integer,numeric_integer
s112014566030,803,803,numeric_integer,numeric_integer
s112014566031,803,803,numeric_integer,numeric_integer
s112014566032,803,803,numeric_integer,numeric_integer
s112014566033,803,803,numeric_integer,numeric_integer
s112014566034,803,803,numeric_integer,numeric_integer
s112014566035,803,803,numeric_integer,numeric_integer
s112014566036,803,803,numeric_integer,numeric_integer
s112014566037,803,803,numeric_integer,numeric_integer
s112014566039,803,803,numeric_integer,numeric_integer
s112014566040,803,803,numeric_integer,numeric_integer
s112014566041,803,803,numeric_integer,numeric_integer
s112014566042,803,803,numeric_integer,numeric_integer
s112014566043,803,803,numeric_integer,numeric_integer
s112014566044,803,803,numeric_integer,numeric_integer
s112014566045,803,803,numeric_integer,numeric_integer
s112014566046,803,803,numeric_integer,numeric_integer
s112014566047,803,803,numeric_integer,numeric_integer
s112014566048,803,803,numeric_integer,numeric_integer
s112014566049,803,803,numeric_integer,numeric_integer
s112014566050,803,803,numeric_integer,numeric_integer
s112014566051,803,803,numeric_integer,numeric_integer
s112014566052,803,803,numeric_integer,numeric_integer
s112014566055,812,812,numeric_integer,numeric_integer
s112014566056,812,812,numeric_integer,numeric_integer
s112014566057,812,812,numeric_integer,numeric_integer
s112014566058,812,812,numeric_integer,numeric_integer
s112014566059,812,812,numeric_integer,numeric_integer
s112014566060,812,812,numeric_integer,numeric_integer
s112014566061,812,812,numeric_integer,numeric_integer
s112014566062,812,812,numeric_integer,numeric_integer
s112014566063,812,812,numeric_integer,numeric_integer
s112014566064,812,812,numeric_integer,numeric_integer
s112014566065,812,812,numeric_integer,numeric_integer
s112014566066,812,812,numeric_integer,numeric_integer
s112014566067,812,812,numeric_integer,numeric_integer
s112014566068,812,812,numeric_integer,numeric_integer
s112014566070,812,812,numeric_integer,numeric_integer
s112014566071,812,812,numeric_integer,numeric_integer
s112014566072,812,812,numeric_integer,numeric_integer
s112014566073,812,812,numeric_integer,numeric_integer
s112014566074,812,812,numeric_integer,numeric_integer
s112014566075,812,812,numeric_integer,numeric_integer
s112014566076,812,812,numeric_integer,numeric_integer
s112014566077,812,812,numeric_integer,numeric_integer
s112014566078,812,812,numeric_integer,numeric_integer
s112014566080,812,812,numeric_integer,numeric_integer
s112014566081,812,812,numeric_integer,numeric_integer
s112014566082,812,812,numeric_integer,numeric_integer
s112014566083,812,812,numeric_integer,numeric_integer
s112014576024,807,807,numeric_integer,numeric_integer
s112014576025,807,807,numeric_integer,numeric_integer
s112014576026,807,807,numeric_integer,numeric_integer
s112014576027,807,807,numeric_integer,numeric_integer
s112014576030,807,807,numeric_integer,numeric_integer
s112014576031,807,807,numeric_integer,numeric_integer
s112014576032,807,807,numeric_integer,numeric_integer
s112014576034,807,807,numeric_integer,numeric_integer
s112014576035,807,807,numeric_integer,numeric_integer
s112014576036,807,807,numeric_integer,numeric_integer
s112014576037,807,807,numeric_integer,numeric_integer
s112014576038,807,807,numeric_integer,numeric_integer
s112014576039,807,807,numeric_integer,numeric_integer
s112014576040,807,807,numeric_integer,numeric_integer
s112014576042,807,807,numeric_integer,numeric_integer
s112014576043,807,807,numeric_integer,numeric_integer
s112014576045,807,807,numeric_integer,numeric_integer
s112014576046,807,807,numeric_integer,numeric_integer
s112014576047,807,807,numeric_integer,numeric_integer
s113014576003,807,807,numeric_integer,numeric_integer
s113014576004,807,807,numeric_integer,numeric_integer
s113014576005,807,807,numeric_integer,numeric_integer
s112014576051,816,816,numeric_integer,numeric_integer
s112014576052,816,816,numeric_integer,numeric_integer
s112014576053,816,816,numeric_integer,numeric_integer
s112014576054,816,816,numeric_integer,numeric_integer
s112014576055,816,816,numeric_integer,numeric_integer
s112014576056,816,816,numeric_integer,numeric_integer
s112014576057,816,816,numeric_integer,numeric_integer
s112014576058,816,816,numeric_integer,numeric_integer
s112014576059,816,816,numeric_integer,numeric_integer
s112014576060,816,816,numeric_integer,numeric_integer
s112014576061,816,816,numeric_integer,numeric_integer
s112014576062,816,816,numeric_integer,numeric_integer
s112014576063,816,816,numeric_integer,numeric_integer
s112014576064,816,816,numeric_integer,numeric_integer
s112014576065,816,816,numeric_integer,numeric_integer
s112014576066,816,816,numeric_integer,numeric_integer
s112014576067,816,816,numeric_integer,numeric_integer
s112014576069,816,816,numeric_integer,numeric_integer
s112014576070,816,816,numeric_integer,numeric_integer
s112014576071,816,816,numeric_integer,numeric_integer
s112014576072,816,816,numeric_integer,numeric_integer
s112014576073,816,816,numeric_integer,numeric_integer
s112014576074,816,816,numeric_integer,numeric_integer
s112014576075,816,816,numeric_integer,numeric_integer
s112014576076,816,816,numeric_integer,numeric_integer
s113014576006,816,816,numeric_integer,numeric_integer
s112024503053,807,807,numeric_integer,numeric_integer
s112024503054,807,807,numeric_integer,numeric_integer
s112024503055,807,807,numeric_integer,numeric_integer
s112024503056,807,807,numeric_integer,numeric_integer
s112024503057,807,807,numeric_integer,numeric_integer
s112024503058,807,807,numeric_integer,numeric_integer
s112024503059,807,807,numeric_integer,numeric_integer
s112024503061,807,807,numeric_integer,numeric_integer
s112024503062,807,807,numeric_integer,numeric_integer
s112024503063,807,807,numeric_integer,numeric_integer
s112024503064,807,807,numeric_integer,numeric_integer
s112024503065,807,807,numeric_integer,numeric_integer
s112024503066,807,807,numeric_integer,numeric_integer
s112024503067,807,807,numeric_integer,numeric_integer
s112024503068,807,807,numeric_integer,numeric_integer
s112024503069,807,807,numeric_integer,numeric_integer
s112024503070,807,807,numeric_integer,numeric_integer
s112024503072,807,807,numeric_integer,numeric_integer
s112024503073,807,807,numeric_integer,numeric_integer
s112024503074,807,807,numeric_integer,numeric_integer
s112024503075,807,807,numeric_integer,numeric_integer
s112024503076,807,807,numeric_integer,numeric_integer
s112024503077,807,807,numeric_integer,numeric_integer
s112024503078,807,807,numeric_integer,numeric_integer
s112024503079,807,807,numeric_integer,numeric_integer
s112024503082,815,815,numeric_integer,numeric_integer
s112024503084,815,815,numeric_integer,numeric_integer
s112024503085,815,815,numeric_integer,numeric_integer
s112024503086,815,815,numeric_integer,numeric_integer
s112024503087,815,815,numeric_integer,numeric_integer
s112024503088,815,815,numeric_integer,numeric_integer
s112024503089,815,815,numeric_integer,numeric_integer
s112024503090,815,815,numeric_integer,numeric_integer
s112024503091,815,815,numeric_integer,numeric_integer
s112024503092,815,815,numeric_integer,numeric_integer
s112024503093,815,815,numeric_integer,numeric_integer
s112024503094,815,815,numeric_integer,numeric_integer
s112024503096,815,815,numeric_integer,numeric_integer
s112024503097,815,815,numeric_integer,numeric_integer
s112024503098,815,815,numeric_integer,numeric_integer
s112024503099,815,815,numeric_integer,numeric_integer
s112024503100,815,815,numeric_integer,numeric_integer
s112024503101,815,815,numeric_integer,numeric_integer
s112024503102,815,815,numeric_integer,numeric_integer
s112024503103,815,815,numeric_integer,numeric_integer
s112024503104,815,815,numeric_integer,numeric_integer
s112024503105,815,815,numeric_integer,numeric_integer
s112024503106,815,815,numeric_integer,numeric_integer
s112024503107,815,815,numeric_integer,numeric_integer
s112024503108,815,815,numeric_integer,numeric_integer
s112024503109,815,815,numeric_integer,numeric_integer
s112024507024,803,803,numeric_integer,numeric_integer
s112024507025,803,803,numeric_integer,numeric_integer
s112024507026,803,803,numeric_integer,numeric_integer
s112024507027,803,803,numeric_integer,numeric_integer
s112024507028,803,803,numeric_integer,numeric_integer
s112024507029,803,803,numeric_integer,numeric_integer
s112024507030,803,803,numeric_integer,numeric_integer
s112024507031,803,803,numeric_integer,numeric_integer
s112024507032,803,803,numeric_integer,numeric_integer
s112024507033,803,803,numeric_integer,numeric_integer
s112024507034,803,803,numeric_integer,numeric_integer
s112024507035,803,803,numeric_integer,numeric_integer
s112024507036,803,803,numeric_integer,numeric_integer
s112024507037,803,803,numeric_integer,numeric_integer
s112024507038,803,803,numeric_integer,numeric_integer
s112024507040,803,803,numeric_integer,numeric_integer
s112024507042,803,803,numeric_integer,numeric_integer
s113024507003,803,803,numeric_integer,numeric_integer
s112024507045,806,806,numeric_integer,numeric_integer
s112024507046,806,806,numeric_integer,numeric_integer
s112024507047,806,806,numeric_integer,numeric_integer
s112024507048,806,806,numeric_integer,numeric_integer
s112024507049,806,806,numeric_integer,numeric_integer
s112024507050,806,806,numeric_integer,numeric_integer
s112024507051,806,806,numeric_integer,numeric_integer
s112024507052,806,806,numeric_integer,numeric_integer
s112024507053,806,806,numeric_integer,numeric_integer
s112024507054,806,806,numeric_integer,numeric_integer
s112024507055,806,806,numeric_integer,numeric_integer
s112024507056,806,806,numeric_integer,numeric_integer
s112024507058,806,806,numeric_integer,numeric_integer
s112024507060,806,806,numeric_integer,numeric_integer
s112024507061,806,806,numeric_integer,numeric_integer
s113024507004,806,806,numeric_integer,numeric_integer
s112024523023,801,801,numeric_integer,numeric_integer
s112024523024,801,801,numeric_integer,numeric_integer
s112024523025,801,801,numeric_integer,numeric_integer
s112024523026,801,801,numeric_integer,numeric_integer
s112024523027,801,801,numeric_integer,numeric_integer
s112024523028,801,801,numeric_integer,numeric_integer
s112024523029,801,801,numeric_integer,numeric_integer
s112024523030,801,801,numeric_integer,numeric_integer
s112024523031,801,801,numeric_integer,numeric_integer
s112024523032,801,801,numeric_integer,numeric_integer
s112024523033,801,801,numeric_integer,numeric_integer
s112024523034,801,801,numeric_integer,numeric_integer
s112024523035,801,801,numeric_integer,numeric_integer
s113024523002,801,801,numeric_integer,numeric_integer
s113024523004,801,801,numeric_integer,numeric_integer
s112034348051,八年仁班,3434801,unparsed,school_label_encoded_fallback
s112034348052,八年仁班,3434801,unparsed,school_label_encoded_fallback
s112034348053,八年仁班,3434801,unparsed,school_label_encoded_fallback
s112034348054,八年仁班,3434801,unparsed,school_label_encoded_fallback
s112034348055,八年仁班,3434801,unparsed,school_label_encoded_fallback
s112034348056,八年仁班,3434801,unparsed,school_label_encoded_fallback
s112034348057,八年仁班,3434801,unparsed,school_label_encoded_fallback
s112034348058,八年仁班,3434801,unparsed,school_label_encoded_fallback
s112034348060,八年仁班,3434801,unparsed,school_label_encoded_fallback
s112034348061,八年仁班,3434801,unparsed,school_label_encoded_fallback
s112034348062,八年仁班,3434801,unparsed,school_label_encoded_fallback
s112034348063,八年仁班,3434801,unparsed,school_label_encoded_fallback
s112034348064,八年仁班,3434801,unparsed,school_label_encoded_fallback
s112034348065,八年仁班,3434801,unparsed,school_label_encoded_fallback
s112034348066,八年仁班,3434801,unparsed,school_label_encoded_fallback
s112034348067,八年仁班,3434801,unparsed,school_label_encoded_fallback
s112034348068,八年仁班,3434801,unparsed,school_label_encoded_fallback
s112034348069,八年仁班,3434801,unparsed,school_label_encoded_fallback
s112034348070,八年仁班,3434801,unparsed,school_label_encoded_fallback
s112034348071,八年仁班,3434801,unparsed,school_label_encoded_fallback
s112034348073,八年仁班,3434801,unparsed,school_label_encoded_fallback
s113034348005,八年仁班,3434801,unparsed,school_label_encoded_fallback
s113034348006,八年仁班,3434801,unparsed,school_label_encoded_fallback
s113034348007,八年仁班,3434801,unparsed,school_label_encoded_fallback
s112034348025,八年忠班,3434802,unparsed,school_label_encoded_fallback
s112034348026,八年忠班,3434802,unparsed,school_label_encoded_fallback
s112034348028,八年忠班,3434802,unparsed,school_label_encoded_fallback
s112034348029,八年忠班,3434802,unparsed,school_label_encoded_fallback
s112034348030,八年忠班,3434802,unparsed,school_label_encoded_fallback
s112034348031,八年忠班,3434802,unparsed,school_label_encoded_fallback
s112034348032,八年忠班,3434802,unparsed,school_label_encoded_fallback
s112034348033,八年忠班,3434802,unparsed,school_label_encoded_fallback
s112034348034,八年忠班,3434802,unparsed,school_label_encoded_fallback
s112034348036,八年忠班,3434802,unparsed,school_label_encoded_fallback
s112034348037,八年忠班,3434802,unparsed,school_label_encoded_fallback
s112034348038,八年忠班,3434802,unparsed,school_label_encoded_fallback
s112034348039,八年忠班,3434802,unparsed,school_label_encoded_fallback
s112034348040,八年忠班,3434802,unparsed,school_label_encoded_fallback
s112034348042,八年忠班,3434802,unparsed,school_label_encoded_fallback
s112034348045,八年忠班,3434802,unparsed,school_label_encoded_fallback
s113034348003,八年忠班,3434802,unparsed,school_label_encoded_fallback
s113034348004,八年忠班,3434802,unparsed,school_label_encoded_fallback
s113034348008,八年忠班,3434802,unparsed,school_label_encoded_fallback
s113034348009,八年忠班,3434802,unparsed,school_label_encoded_fallback
s112034502025,804,804,numeric_integer,numeric_integer
s112034502026,804,804,numeric_integer,numeric_integer
s112034502027,804,804,numeric_integer,numeric_integer
s112034502028,804,804,numeric_integer,numeric_integer
s112034502029,804,804,numeric_integer,numeric_integer
s112034502030,804,804,numeric_integer,numeric_integer
s112034502031,804,804,numeric_integer,numeric_integer
s112034502032,804,804,numeric_integer,numeric_integer
s112034502033,804,804,numeric_integer,numeric_integer
s112034502034,804,804,numeric_integer,numeric_integer
s112034502035,804,804,numeric_integer,numeric_integer
s112034502036,804,804,numeric_integer,numeric_integer
s112034502038,804,804,numeric_integer,numeric_integer
s112034502039,804,804,numeric_integer,numeric_integer
s112034502040,804,804,numeric_integer,numeric_integer
s112034502041,804,804,numeric_integer,numeric_integer
s112034502045,804,804,numeric_integer,numeric_integer
s112034502046,804,804,numeric_integer,numeric_integer
s112034502047,804,804,numeric_integer,numeric_integer
s112034502048,804,804,numeric_integer,numeric_integer
s112034502049,804,804,numeric_integer,numeric_integer
s112034502050,804,804,numeric_integer,numeric_integer
s112034502051,804,804,numeric_integer,numeric_integer
s113034502003,804,804,numeric_integer,numeric_integer
s113034502006,804,804,numeric_integer,numeric_integer
s112034502054,811,811,numeric_integer,numeric_integer
s112034502055,811,811,numeric_integer,numeric_integer
s112034502056,811,811,numeric_integer,numeric_integer
s112034502057,811,811,numeric_integer,numeric_integer
s112034502058,811,811,numeric_integer,numeric_integer
s112034502059,811,811,numeric_integer,numeric_integer
s112034502060,811,811,numeric_integer,numeric_integer
s112034502061,811,811,numeric_integer,numeric_integer
s112034502062,811,811,numeric_integer,numeric_integer
s112034502063,811,811,numeric_integer,numeric_integer
s112034502064,811,811,numeric_integer,numeric_integer
s112034502065,811,811,numeric_integer,numeric_integer
s112034502066,811,811,numeric_integer,numeric_integer
s112034502067,811,811,numeric_integer,numeric_integer
s112034502068,811,811,numeric_integer,numeric_integer
s112034502069,811,811,numeric_integer,numeric_integer
s112034502070,811,811,numeric_integer,numeric_integer
s112034502071,811,811,numeric_integer,numeric_integer
s112034502072,811,811,numeric_integer,numeric_integer
s112034502073,811,811,numeric_integer,numeric_integer
s112034502075,811,811,numeric_integer,numeric_integer
s112034502076,811,811,numeric_integer,numeric_integer
s112034502077,811,811,numeric_integer,numeric_integer
s112034502078,811,811,numeric_integer,numeric_integer
s112034502079,811,811,numeric_integer,numeric_integer
s112034502080,811,811,numeric_integer,numeric_integer
s112034502081,811,811,numeric_integer,numeric_integer
s112034502082,811,811,numeric_integer,numeric_integer
s112034502083,811,811,numeric_integer,numeric_integer
s112034506024,八年8班,808,grade_year_class_pattern,grade_year_class_pattern
s112034506025,八年8班,808,grade_year_class_pattern,grade_year_class_pattern
s112034506026,八年8班,808,grade_year_class_pattern,grade_year_class_pattern
s112034506027,八年8班,808,grade_year_class_pattern,grade_year_class_pattern
s112034506028,八年8班,808,grade_year_class_pattern,grade_year_class_pattern
s112034506029,八年8班,808,grade_year_class_pattern,grade_year_class_pattern
s112034506030,八年8班,808,grade_year_class_pattern,grade_year_class_pattern
s112034506031,八年8班,808,grade_year_class_pattern,grade_year_class_pattern
s112034506032,八年8班,808,grade_year_class_pattern,grade_year_class_pattern
s112034506033,八年8班,808,grade_year_class_pattern,grade_year_class_pattern
s112034506034,八年8班,808,grade_year_class_pattern,grade_year_class_pattern
s112034506035,八年8班,808,grade_year_class_pattern,grade_year_class_pattern
s112034506036,八年8班,808,grade_year_class_pattern,grade_year_class_pattern
s112034506037,八年8班,808,grade_year_class_pattern,grade_year_class_pattern
s112034506038,八年8班,808,grade_year_class_pattern,grade_year_class_pattern
s112034506039,八年8班,808,grade_year_class_pattern,grade_year_class_pattern
s112034506040,八年8班,808,grade_year_class_pattern,grade_year_class_pattern
s112034506041,八年8班,808,grade_year_class_pattern,grade_year_class_pattern
s112034506042,八年8班,808,grade_year_class_pattern,grade_year_class_pattern
s112034506043,八年8班,808,grade_year_class_pattern,grade_year_class_pattern
s112034506044,八年8班,808,grade_year_class_pattern,grade_year_class_pattern
s112034506045,八年8班,808,grade_year_class_pattern,grade_year_class_pattern
s112034506046,八年8班,808,grade_year_class_pattern,grade_year_class_pattern
s112034506047,八年8班,808,grade_year_class_pattern,grade_year_class_pattern
s112034506048,八年8班,808,grade_year_class_pattern,grade_year_class_pattern
s112034506049,八年8班,808,grade_year_class_pattern,grade_year_class_pattern
s112034506050,八年8班,808,grade_year_class_pattern,grade_year_class_pattern
s112034506051,八年8班,808,grade_year_class_pattern,grade_year_class_pattern
s113034506002,八年8班,808,grade_year_class_pattern,grade_year_class_pattern
s112034508024,801,801,numeric_integer,numeric_integer
s112034508025,801,801,numeric_integer,numeric_integer
s112034508026,801,801,numeric_integer,numeric_integer
s112034508027,801,801,numeric_integer,numeric_integer
s112034508028,801,801,numeric_integer,numeric_integer
s112034508029,801,801,numeric_integer,numeric_integer
s112034508030,801,801,numeric_integer,numeric_integer
s112034508031,801,801,numeric_integer,numeric_integer
s112034508032,801,801,numeric_integer,numeric_integer
s112034508033,801,801,numeric_integer,numeric_integer
s112034508034,801,801,numeric_integer,numeric_integer
s112034508035,801,801,numeric_integer,numeric_integer
s112034508036,801,801,numeric_integer,numeric_integer
s112034508037,801,801,numeric_integer,numeric_integer
s112034508038,801,801,numeric_integer,numeric_integer
s112034508039,801,801,numeric_integer,numeric_integer
s112034508040,801,801,numeric_integer,numeric_integer
s112034508041,801,801,numeric_integer,numeric_integer
s112034508042,801,801,numeric_integer,numeric_integer
s112034508043,801,801,numeric_integer,numeric_integer
s112034508044,801,801,numeric_integer,numeric_integer
s112034508045,801,801,numeric_integer,numeric_integer
s112034508046,801,801,numeric_integer,numeric_integer
s112034508047,801,801,numeric_integer,numeric_integer
s112034508048,801,801,numeric_integer,numeric_integer
s112034508049,801,801,numeric_integer,numeric_integer
s112034508050,801,801,numeric_integer,numeric_integer
s112034508051,801,801,numeric_integer,numeric_integer
s113034508003,801,801,numeric_integer,numeric_integer
s112034508054,806,806,numeric_integer,numeric_integer
s112034508055,806,806,numeric_integer,numeric_integer
s112034508056,806,806,numeric_integer,numeric_integer
s112034508057,806,806,numeric_integer,numeric_integer
s112034508058,806,806,numeric_integer,numeric_integer
s112034508059,806,806,numeric_integer,numeric_integer
s112034508060,806,806,numeric_integer,numeric_integer
s112034508061,806,806,numeric_integer,numeric_integer
s112034508062,806,806,numeric_integer,numeric_integer
s112034508064,806,806,numeric_integer,numeric_integer
s112034508065,806,806,numeric_integer,numeric_integer
s112034508066,806,806,numeric_integer,numeric_integer
s112034508067,806,806,numeric_integer,numeric_integer
s112034508068,806,806,numeric_integer,numeric_integer
s112034508070,806,806,numeric_integer,numeric_integer
s112034508071,806,806,numeric_integer,numeric_integer
s112034508072,806,806,numeric_integer,numeric_integer
s112034508073,806,806,numeric_integer,numeric_integer
s112034508074,806,806,numeric_integer,numeric_integer
s112034508075,806,806,numeric_integer,numeric_integer
s112034508076,806,806,numeric_integer,numeric_integer
s112034508077,806,806,numeric_integer,numeric_integer
s112034508078,806,806,numeric_integer,numeric_integer
s112034508079,806,806,numeric_integer,numeric_integer
s113034508004,806,806,numeric_integer,numeric_integer
s112034513024,八年06班,806,grade_year_class_pattern,grade_year_class_pattern
s112034513025,八年06班,806,grade_year_class_pattern,grade_year_class_pattern
s112034513026,八年06班,806,grade_year_class_pattern,grade_year_class_pattern
s112034513027,八年06班,806,grade_year_class_pattern,grade_year_class_pattern
s112034513028,八年06班,806,grade_year_class_pattern,grade_year_class_pattern
s112034513029,八年06班,806,grade_year_class_pattern,grade_year_class_pattern
s112034513030,八年06班,806,grade_year_class_pattern,grade_year_class_pattern
s112034513031,八年06班,806,grade_year_class_pattern,grade_year_class_pattern
s112034513032,八年06班,806,grade_year_class_pattern,grade_year_class_pattern
s112034513033,八年06班,806,grade_year_class_pattern,grade_year_class_pattern
s112034513034,八年06班,806,grade_year_class_pattern,grade_year_class_pattern
s112034513035,八年06班,806,grade_year_class_pattern,grade_year_class_pattern
s112034513036,八年06班,806,grade_year_class_pattern,grade_year_class_pattern
s112034513037,八年06班,806,grade_year_class_pattern,grade_year_class_pattern
s112034513038,八年06班,806,grade_year_class_pattern,grade_year_class_pattern
s112034513039,八年06班,806,grade_year_class_pattern,grade_year_class_pattern
s112034513040,八年06班,806,grade_year_class_pattern,grade_year_class_pattern
s112034513042,八年06班,806,grade_year_class_pattern,grade_year_class_pattern
s112034513043,八年06班,806,grade_year_class_pattern,grade_year_class_pattern
s112034513044,八年06班,806,grade_year_class_pattern,grade_year_class_pattern
s112034513045,八年06班,806,grade_year_class_pattern,grade_year_class_pattern
s112034513046,八年06班,806,grade_year_class_pattern,grade_year_class_pattern
s112034513047,八年06班,806,grade_year_class_pattern,grade_year_class_pattern
s112034513048,八年06班,806,grade_year_class_pattern,grade_year_class_pattern
s112034513049,八年06班,806,grade_year_class_pattern,grade_year_class_pattern
s112034513050,八年06班,806,grade_year_class_pattern,grade_year_class_pattern
s112034513051,八年06班,806,grade_year_class_pattern,grade_year_class_pattern
s113034513003,八年06班,806,grade_year_class_pattern,grade_year_class_pattern
s112034513054,八年13班,813,grade_year_class_pattern,grade_year_class_pattern
s112034513056,八年13班,813,grade_year_class_pattern,grade_year_class_pattern
s112034513057,八年13班,813,grade_year_class_pattern,grade_year_class_pattern
s112034513058,八年13班,813,grade_year_class_pattern,grade_year_class_pattern
s112034513059,八年13班,813,grade_year_class_pattern,grade_year_class_pattern
s112034513060,八年13班,813,grade_year_class_pattern,grade_year_class_pattern
s112034513061,八年13班,813,grade_year_class_pattern,grade_year_class_pattern
s112034513062,八年13班,813,grade_year_class_pattern,grade_year_class_pattern
s112034513063,八年13班,813,grade_year_class_pattern,grade_year_class_pattern
s112034513064,八年13班,813,grade_year_class_pattern,grade_year_class_pattern
s112034513065,八年13班,813,grade_year_class_pattern,grade_year_class_pattern
s112034513066,八年13班,813,grade_year_class_pattern,grade_year_class_pattern
s112034513067,八年13班,813,grade_year_class_pattern,grade_year_class_pattern
s112034513068,八年13班,813,grade_year_class_pattern,grade_year_class_pattern
s112034513069,八年13班,813,grade_year_class_pattern,grade_year_class_pattern
s112034513070,八年13班,813,grade_year_class_pattern,grade_year_class_pattern
s112034513071,八年13班,813,grade_year_class_pattern,grade_year_class_pattern
s112034513073,八年13班,813,grade_year_class_pattern,grade_year_class_pattern
s112034513074,八年13班,813,grade_year_class_pattern,grade_year_class_pattern
s112034513075,八年13班,813,grade_year_class_pattern,grade_year_class_pattern
s112034513076,八年13班,813,grade_year_class_pattern,grade_year_class_pattern
s112034513077,八年13班,813,grade_year_class_pattern,grade_year_class_pattern
s112034513078,八年13班,813,grade_year_class_pattern,grade_year_class_pattern
s112034513079,八年13班,813,grade_year_class_pattern,grade_year_class_pattern
s112034513080,八年13班,813,grade_year_class_pattern,grade_year_class_pattern
s113034513004,八年13班,813,grade_year_class_pattern,grade_year_class_pattern
s112034517024,801,801,numeric_integer,numeric_integer
s112034517025,801,801,numeric_integer,numeric_integer
s112034517026,801,801,numeric_integer,numeric_integer
s112034517027,801,801,numeric_integer,numeric_integer
s112034517028,801,801,numeric_integer,numeric_integer
s112034517029,801,801,numeric_integer,numeric_integer
s112034517030,801,801,numeric_integer,numeric_integer
s112034517031,801,801,numeric_integer,numeric_integer
s112034517032,801,801,numeric_integer,numeric_integer
s112034517033,801,801,numeric_integer,numeric_integer
s112034517034,801,801,numeric_integer,numeric_integer
s112034517035,801,801,numeric_integer,numeric_integer
s112034517036,801,801,numeric_integer,numeric_integer
s112034517037,801,801,numeric_integer,numeric_integer
s112034517039,801,801,numeric_integer,numeric_integer
s112034517040,801,801,numeric_integer,numeric_integer
s112034517041,801,801,numeric_integer,numeric_integer
s112034517042,801,801,numeric_integer,numeric_integer
s112034517043,801,801,numeric_integer,numeric_integer
s112034517044,801,801,numeric_integer,numeric_integer
s112034517045,801,801,numeric_integer,numeric_integer
s112034517046,801,801,numeric_integer,numeric_integer
s112034517047,801,801,numeric_integer,numeric_integer
s112034517048,801,801,numeric_integer,numeric_integer
s112034517049,801,801,numeric_integer,numeric_integer
s112034517050,801,801,numeric_integer,numeric_integer
s112034517051,801,801,numeric_integer,numeric_integer
s112034517052,801,801,numeric_integer,numeric_integer
s112034517053,801,801,numeric_integer,numeric_integer
s112034517054,801,801,numeric_integer,numeric_integer
s113034517003,801,801,numeric_integer,numeric_integer
s112034517057,811,811,numeric_integer,numeric_integer
s112034517058,811,811,numeric_integer,numeric_integer
s112034517059,811,811,numeric_integer,numeric_integer
s112034517060,811,811,numeric_integer,numeric_integer
s112034517061,811,811,numeric_integer,numeric_integer
s112034517062,811,811,numeric_integer,numeric_integer
s112034517063,811,811,numeric_integer,numeric_integer
s112034517064,811,811,numeric_integer,numeric_integer
s112034517065,811,811,numeric_integer,numeric_integer
s112034517066,811,811,numeric_integer,numeric_integer
s112034517067,811,811,numeric_integer,numeric_integer
s112034517068,811,811,numeric_integer,numeric_integer
s112034517069,811,811,numeric_integer,numeric_integer
s112034517070,811,811,numeric_integer,numeric_integer
s112034517071,811,811,numeric_integer,numeric_integer
s112034517072,811,811,numeric_integer,numeric_integer
s112034517073,811,811,numeric_integer,numeric_integer
s112034517074,811,811,numeric_integer,numeric_integer
s112034517075,811,811,numeric_integer,numeric_integer
s112034517076,811,811,numeric_integer,numeric_integer
s112034517077,811,811,numeric_integer,numeric_integer
s112034517078,811,811,numeric_integer,numeric_integer
s112034517079,811,811,numeric_integer,numeric_integer
s112034517080,811,811,numeric_integer,numeric_integer
s112034517082,811,811,numeric_integer,numeric_integer
s112034517083,811,811,numeric_integer,numeric_integer
s112034517084,811,811,numeric_integer,numeric_integer
s112034517085,811,811,numeric_integer,numeric_integer
s112034518024,805,805,numeric_integer,numeric_integer
s112034518025,805,805,numeric_integer,numeric_integer
s112034518026,805,805,numeric_integer,numeric_integer
s112034518027,805,805,numeric_integer,numeric_integer
s112034518028,805,805,numeric_integer,numeric_integer
s112034518029,805,805,numeric_integer,numeric_integer
s112034518030,805,805,numeric_integer,numeric_integer
s112034518031,805,805,numeric_integer,numeric_integer
s112034518032,805,805,numeric_integer,numeric_integer
s112034518033,805,805,numeric_integer,numeric_integer
s112034518034,805,805,numeric_integer,numeric_integer
s112034518035,805,805,numeric_integer,numeric_integer
s112034518036,805,805,numeric_integer,numeric_integer
s112034518037,805,805,numeric_integer,numeric_integer
s112034518038,805,805,numeric_integer,numeric_integer
s112034518040,805,805,numeric_integer,numeric_integer
s112034518041,805,805,numeric_integer,numeric_integer
s112034518042,805,805,numeric_integer,numeric_integer
s112034518043,805,805,numeric_integer,numeric_integer
s112034518044,805,805,numeric_integer,numeric_integer
s112034518045,805,805,numeric_integer,numeric_integer
s112034518046,805,805,numeric_integer,numeric_integer
s112034518047,805,805,numeric_integer,numeric_integer
s112034518048,805,805,numeric_integer,numeric_integer
s112034518049,805,805,numeric_integer,numeric_integer
s112034518050,805,805,numeric_integer,numeric_integer
s113034518003,805,805,numeric_integer,numeric_integer
s112034518053,812,812,numeric_integer,numeric_integer
s112034518054,812,812,numeric_integer,numeric_integer
s112034518055,812,812,numeric_integer,numeric_integer
s112034518056,812,812,numeric_integer,numeric_integer
s112034518057,812,812,numeric_integer,numeric_integer
s112034518058,812,812,numeric_integer,numeric_integer
s112034518059,812,812,numeric_integer,numeric_integer
s112034518060,812,812,numeric_integer,numeric_integer
s112034518061,812,812,numeric_integer,numeric_integer
s112034518062,812,812,numeric_integer,numeric_integer
s112034518063,812,812,numeric_integer,numeric_integer
s112034518064,812,812,numeric_integer,numeric_integer
s112034518065,812,812,numeric_integer,numeric_integer
s112034518066,812,812,numeric_integer,numeric_integer
s112034518067,812,812,numeric_integer,numeric_integer
s112034518068,812,812,numeric_integer,numeric_integer
s112034518069,812,812,numeric_integer,numeric_integer
s112034518070,812,812,numeric_integer,numeric_integer
s112034518071,812,812,numeric_integer,numeric_integer
s112034518072,812,812,numeric_integer,numeric_integer
s112034518074,812,812,numeric_integer,numeric_integer
s112034518075,812,812,numeric_integer,numeric_integer
s112034518076,812,812,numeric_integer,numeric_integer
s112034518077,812,812,numeric_integer,numeric_integer
s112034518078,812,812,numeric_integer,numeric_integer
s112034518079,812,812,numeric_integer,numeric_integer
s112034518080,812,812,numeric_integer,numeric_integer
s112034518081,812,812,numeric_integer,numeric_integer
s113034518004,812,812,numeric_integer,numeric_integer
s113034518005,812,812,numeric_integer,numeric_integer
s112034524053,八年九班,809,grade_year_class_pattern,grade_year_class_pattern
s112034524054,八年九班,809,grade_year_class_pattern,grade_year_class_pattern
s112034524055,八年九班,809,grade_year_class_pattern,grade_year_class_pattern
s112034524056,八年九班,809,grade_year_class_pattern,grade_year_class_pattern
s112034524057,八年九班,809,grade_year_class_pattern,grade_year_class_pattern
s112034524058,八年九班,809,grade_year_class_pattern,grade_year_class_pattern
s112034524059,八年九班,809,grade_year_class_pattern,grade_year_class_pattern
s112034524060,八年九班,809,grade_year_class_pattern,grade_year_class_pattern
s112034524061,八年九班,809,grade_year_class_pattern,grade_year_class_pattern
s112034524062,八年九班,809,grade_year_class_pattern,grade_year_class_pattern
s112034524063,八年九班,809,grade_year_class_pattern,grade_year_class_pattern
s112034524064,八年九班,809,grade_year_class_pattern,grade_year_class_pattern
s112034524065,八年九班,809,grade_year_class_pattern,grade_year_class_pattern
s112034524066,八年九班,809,grade_year_class_pattern,grade_year_class_pattern
s112034524067,八年九班,809,grade_year_class_pattern,grade_year_class_pattern
s112034524068,八年九班,809,grade_year_class_pattern,grade_year_class_pattern
s112034524069,八年九班,809,grade_year_class_pattern,grade_year_class_pattern
s112034524070,八年九班,809,grade_year_class_pattern,grade_year_class_pattern
s112034524071,八年九班,809,grade_year_class_pattern,grade_year_class_pattern
s112034524072,八年九班,809,grade_year_class_pattern,grade_year_class_pattern
s112034524073,八年九班,809,grade_year_class_pattern,grade_year_class_pattern
s112034524074,八年九班,809,grade_year_class_pattern,grade_year_class_pattern
s112034524075,八年九班,809,grade_year_class_pattern,grade_year_class_pattern
s112034524076,八年九班,809,grade_year_class_pattern,grade_year_class_pattern
s112034524077,八年九班,809,grade_year_class_pattern,grade_year_class_pattern
s112034524078,八年九班,809,grade_year_class_pattern,grade_year_class_pattern
s112034524079,八年九班,809,grade_year_class_pattern,grade_year_class_pattern
s112034524080,八年九班,809,grade_year_class_pattern,grade_year_class_pattern
s112034524024,八年四班,804,grade_year_class_pattern,grade_year_class_pattern
s112034524025,八年四班,804,grade_year_class_pattern,grade_year_class_pattern
s112034524026,八年四班,804,grade_year_class_pattern,grade_year_class_pattern
s112034524027,八年四班,804,grade_year_class_pattern,grade_year_class_pattern
s112034524028,八年四班,804,grade_year_class_pattern,grade_year_class_pattern
s112034524029,八年四班,804,grade_year_class_pattern,grade_year_class_pattern
s112034524030,八年四班,804,grade_year_class_pattern,grade_year_class_pattern
s112034524031,八年四班,804,grade_year_class_pattern,grade_year_class_pattern
s112034524032,八年四班,804,grade_year_class_pattern,grade_year_class_pattern
s112034524033,八年四班,804,grade_year_class_pattern,grade_year_class_pattern
s112034524034,八年四班,804,grade_year_class_pattern,grade_year_class_pattern
s112034524035,八年四班,804,grade_year_class_pattern,grade_year_class_pattern
s112034524036,八年四班,804,grade_year_class_pattern,grade_year_class_pattern
s112034524037,八年四班,804,grade_year_class_pattern,grade_year_class_pattern
s112034524038,八年四班,804,grade_year_class_pattern,grade_year_class_pattern
s112034524039,八年四班,804,grade_year_class_pattern,grade_year_class_pattern
s112034524040,八年四班,804,grade_year_class_pattern,grade_year_class_pattern
s112034524041,八年四班,804,grade_year_class_pattern,grade_year_class_pattern
s112034524042,八年四班,804,grade_year_class_pattern,grade_year_class_pattern
s112034524043,八年四班,804,grade_year_class_pattern,grade_year_class_pattern
s112034524044,八年四班,804,grade_year_class_pattern,grade_year_class_pattern
s112034524045,八年四班,804,grade_year_class_pattern,grade_year_class_pattern
s112034524046,八年四班,804,grade_year_class_pattern,grade_year_class_pattern
s112034524047,八年四班,804,grade_year_class_pattern,grade_year_class_pattern
s112034524048,八年四班,804,grade_year_class_pattern,grade_year_class_pattern
s112034524049,八年四班,804,grade_year_class_pattern,grade_year_class_pattern
s112034524050,八年四班,804,grade_year_class_pattern,grade_year_class_pattern
s112034527024,806,806,numeric_integer,numeric_integer
s112034527025,806,806,numeric_integer,numeric_integer
s112034527026,806,806,numeric_integer,numeric_integer
s112034527027,806,806,numeric_integer,numeric_integer
s112034527029,806,806,numeric_integer,numeric_integer
s112034527030,806,806,numeric_integer,numeric_integer
s112034527031,806,806,numeric_integer,numeric_integer
s112034527032,806,806,numeric_integer,numeric_integer
s112034527033,806,806,numeric_integer,numeric_integer
s112034527034,806,806,numeric_integer,numeric_integer
s112034527035,806,806,numeric_integer,numeric_integer
s112034527036,806,806,numeric_integer,numeric_integer
s112034527037,806,806,numeric_integer,numeric_integer
s112034527038,806,806,numeric_integer,numeric_integer
s112034527039,806,806,numeric_integer,numeric_integer
s112034527040,806,806,numeric_integer,numeric_integer
s112034527041,806,806,numeric_integer,numeric_integer
s112034527042,806,806,numeric_integer,numeric_integer
s112034527043,806,806,numeric_integer,numeric_integer
s112034527044,806,806,numeric_integer,numeric_integer
s112034527046,806,806,numeric_integer,numeric_integer
s112034527047,806,806,numeric_integer,numeric_integer
s112034527048,806,806,numeric_integer,numeric_integer
s112034527049,806,806,numeric_integer,numeric_integer
s112034527050,806,806,numeric_integer,numeric_integer
s113034527003,806,806,numeric_integer,numeric_integer
s113034527004,806,806,numeric_integer,numeric_integer
s112034527052,818,818,numeric_integer,numeric_integer
s112034527053,818,818,numeric_integer,numeric_integer
s112034527054,818,818,numeric_integer,numeric_integer
s112034527055,818,818,numeric_integer,numeric_integer
s112034527057,818,818,numeric_integer,numeric_integer
s112034527058,818,818,numeric_integer,numeric_integer
s112034527059,818,818,numeric_integer,numeric_integer
s112034527060,818,818,numeric_integer,numeric_integer
s112034527061,818,818,numeric_integer,numeric_integer
s112034527062,818,818,numeric_integer,numeric_integer
s112034527063,818,818,numeric_integer,numeric_integer
s112034527064,818,818,numeric_integer,numeric_integer
s112034527065,818,818,numeric_integer,numeric_integer
s112034527066,818,818,numeric_integer,numeric_integer
s112034527067,818,818,numeric_integer,numeric_integer
s112034527068,818,818,numeric_integer,numeric_integer
s112034527069,818,818,numeric_integer,numeric_integer
s112034527070,818,818,numeric_integer,numeric_integer
s112034527071,818,818,numeric_integer,numeric_integer
s112034527072,818,818,numeric_integer,numeric_integer
s112034527073,818,818,numeric_integer,numeric_integer
s112034527074,818,818,numeric_integer,numeric_integer
s112034527075,818,818,numeric_integer,numeric_integer
s112034527076,818,818,numeric_integer,numeric_integer
s112034527077,818,818,numeric_integer,numeric_integer
s112034527078,818,818,numeric_integer,numeric_integer
s112034527079,818,818,numeric_integer,numeric_integer
s112034527080,818,818,numeric_integer,numeric_integer
s112034543024,803,803,numeric_integer,numeric_integer
s112034543025,803,803,numeric_integer,numeric_integer
s112034543026,803,803,numeric_integer,numeric_integer
s112034543027,803,803,numeric_integer,numeric_integer
s112034543028,803,803,numeric_integer,numeric_integer
s112034543029,803,803,numeric_integer,numeric_integer
s112034543030,803,803,numeric_integer,numeric_integer
s112034543031,803,803,numeric_integer,numeric_integer
s112034543033,803,803,numeric_integer,numeric_integer
s112034543034,803,803,numeric_integer,numeric_integer
s112034543036,803,803,numeric_integer,numeric_integer
s112034543037,803,803,numeric_integer,numeric_integer
s112034543038,803,803,numeric_integer,numeric_integer
s112034543040,803,803,numeric_integer,numeric_integer
s112034543041,803,803,numeric_integer,numeric_integer
s112034543042,803,803,numeric_integer,numeric_integer
s112034543043,803,803,numeric_integer,numeric_integer
s112034543044,803,803,numeric_integer,numeric_integer
s112034543045,803,803,numeric_integer,numeric_integer
s112034543046,803,803,numeric_integer,numeric_integer
s112034543048,803,803,numeric_integer,numeric_integer
s113034543003,803,803,numeric_integer,numeric_integer
s112034543053,808,808,numeric_integer,numeric_integer
s112034543054,808,808,numeric_integer,numeric_integer
s112034543056,808,808,numeric_integer,numeric_integer
s112034543057,808,808,numeric_integer,numeric_integer
s112034543058,808,808,numeric_integer,numeric_integer
s112034543059,808,808,numeric_integer,numeric_integer
s112034543060,808,808,numeric_integer,numeric_integer
s112034543061,808,808,numeric_integer,numeric_integer
s112034543063,808,808,numeric_integer,numeric_integer
s112034543064,808,808,numeric_integer,numeric_integer
s112034543065,808,808,numeric_integer,numeric_integer
s112034543066,808,808,numeric_integer,numeric_integer
s112034543067,808,808,numeric_integer,numeric_integer
s112034543068,808,808,numeric_integer,numeric_integer
s112034543069,808,808,numeric_integer,numeric_integer
s112034543070,808,808,numeric_integer,numeric_integer
s112034543071,808,808,numeric_integer,numeric_integer
s112034543072,808,808,numeric_integer,numeric_integer
s112034543073,808,808,numeric_integer,numeric_integer
s112034543076,808,808,numeric_integer,numeric_integer
s112034543077,808,808,numeric_integer,numeric_integer
s112034543078,808,808,numeric_integer,numeric_integer
s112034543079,808,808,numeric_integer,numeric_integer
s112034554053,八年十三班,813,grade_year_class_pattern,grade_year_class_pattern
s112034554054,八年十三班,813,grade_year_class_pattern,grade_year_class_pattern
s112034554055,八年十三班,813,grade_year_class_pattern,grade_year_class_pattern
s112034554056,八年十三班,813,grade_year_class_pattern,grade_year_class_pattern
s112034554057,八年十三班,813,grade_year_class_pattern,grade_year_class_pattern
s112034554058,八年十三班,813,grade_year_class_pattern,grade_year_class_pattern
s112034554059,八年十三班,813,grade_year_class_pattern,grade_year_class_pattern
s112034554060,八年十三班,813,grade_year_class_pattern,grade_year_class_pattern
s112034554061,八年十三班,813,grade_year_class_pattern,grade_year_class_pattern
s112034554062,八年十三班,813,grade_year_class_pattern,grade_year_class_pattern
s112034554064,八年十三班,813,grade_year_class_pattern,grade_year_class_pattern
s112034554065,八年十三班,813,grade_year_class_pattern,grade_year_class_pattern
s112034554066,八年十三班,813,grade_year_class_pattern,grade_year_class_pattern
s112034554067,八年十三班,813,grade_year_class_pattern,grade_year_class_pattern
s112034554068,八年十三班,813,grade_year_class_pattern,grade_year_class_pattern
s112034554071,八年十三班,813,grade_year_class_pattern,grade_year_class_pattern
s112034554072,八年十三班,813,grade_year_class_pattern,grade_year_class_pattern
s112034554073,八年十三班,813,grade_year_class_pattern,grade_year_class_pattern
s112034554074,八年十三班,813,grade_year_class_pattern,grade_year_class_pattern
s112034554076,八年十三班,813,grade_year_class_pattern,grade_year_class_pattern
s112034554077,八年十三班,813,grade_year_class_pattern,grade_year_class_pattern
s113034554004,八年十三班,813,grade_year_class_pattern,grade_year_class_pattern
s112034554024,八年六班,806,grade_year_class_pattern,grade_year_class_pattern
s112034554025,八年六班,806,grade_year_class_pattern,grade_year_class_pattern
s112034554026,八年六班,806,grade_year_class_pattern,grade_year_class_pattern
s112034554027,八年六班,806,grade_year_class_pattern,grade_year_class_pattern
s112034554028,八年六班,806,grade_year_class_pattern,grade_year_class_pattern
s112034554029,八年六班,806,grade_year_class_pattern,grade_year_class_pattern
s112034554030,八年六班,806,grade_year_class_pattern,grade_year_class_pattern
s112034554031,八年六班,806,grade_year_class_pattern,grade_year_class_pattern
s112034554032,八年六班,806,grade_year_class_pattern,grade_year_class_pattern
s112034554033,八年六班,806,grade_year_class_pattern,grade_year_class_pattern
s112034554034,八年六班,806,grade_year_class_pattern,grade_year_class_pattern
s112034554035,八年六班,806,grade_year_class_pattern,grade_year_class_pattern
s112034554036,八年六班,806,grade_year_class_pattern,grade_year_class_pattern
s112034554037,八年六班,806,grade_year_class_pattern,grade_year_class_pattern
s112034554038,八年六班,806,grade_year_class_pattern,grade_year_class_pattern
s112034554039,八年六班,806,grade_year_class_pattern,grade_year_class_pattern
s112034554040,八年六班,806,grade_year_class_pattern,grade_year_class_pattern
s112034554041,八年六班,806,grade_year_class_pattern,grade_year_class_pattern
s112034554042,八年六班,806,grade_year_class_pattern,grade_year_class_pattern
s112034554043,八年六班,806,grade_year_class_pattern,grade_year_class_pattern
s112034554044,八年六班,806,grade_year_class_pattern,grade_year_class_pattern
s112034554045,八年六班,806,grade_year_class_pattern,grade_year_class_pattern
s112034554046,八年六班,806,grade_year_class_pattern,grade_year_class_pattern
s112034554047,八年六班,806,grade_year_class_pattern,grade_year_class_pattern
s112034554048,八年六班,806,grade_year_class_pattern,grade_year_class_pattern
s112034554049,八年六班,806,grade_year_class_pattern,grade_year_class_pattern
s113034554003,八年六班,806,grade_year_class_pattern,grade_year_class_pattern
s112034557024,801,801,numeric_integer,numeric_integer
s112034557025,801,801,numeric_integer,numeric_integer
s112034557026,801,801,numeric_integer,numeric_integer
s112034557027,801,801,numeric_integer,numeric_integer
s112034557028,801,801,numeric_integer,numeric_integer
s112034557029,801,801,numeric_integer,numeric_integer
s112034557030,801,801,numeric_integer,numeric_integer
s112034557031,801,801,numeric_integer,numeric_integer
s112034557032,801,801,numeric_integer,numeric_integer
s112034557034,801,801,numeric_integer,numeric_integer
s112034557035,801,801,numeric_integer,numeric_integer
s112034557036,801,801,numeric_integer,numeric_integer
s112034557037,801,801,numeric_integer,numeric_integer
s112034557038,801,801,numeric_integer,numeric_integer
s112034557039,801,801,numeric_integer,numeric_integer
s112034557040,801,801,numeric_integer,numeric_integer
s112034557041,801,801,numeric_integer,numeric_integer
s112034557042,801,801,numeric_integer,numeric_integer
s112034557043,801,801,numeric_integer,numeric_integer
s112034557046,801,801,numeric_integer,numeric_integer
s113034557003,801,801,numeric_integer,numeric_integer
s113034557004,801,801,numeric_integer,numeric_integer
s113034557005,801,801,numeric_integer,numeric_integer
s112034557050,803,803,numeric_integer,numeric_integer
s112034557051,803,803,numeric_integer,numeric_integer
s112034557052,803,803,numeric_integer,numeric_integer
s112034557053,803,803,numeric_integer,numeric_integer
s112034557054,803,803,numeric_integer,numeric_integer
s112034557055,803,803,numeric_integer,numeric_integer
s112034557057,803,803,numeric_integer,numeric_integer
s112034557058,803,803,numeric_integer,numeric_integer
s112034557059,803,803,numeric_integer,numeric_integer
s112034557060,803,803,numeric_integer,numeric_integer
s112034557061,803,803,numeric_integer,numeric_integer
s112034557062,803,803,numeric_integer,numeric_integer
s112034557063,803,803,numeric_integer,numeric_integer
s112034557064,803,803,numeric_integer,numeric_integer
s112034557065,803,803,numeric_integer,numeric_integer
s112034557066,803,803,numeric_integer,numeric_integer
s112034557067,803,803,numeric_integer,numeric_integer
s112034557068,803,803,numeric_integer,numeric_integer
s112034557069,803,803,numeric_integer,numeric_integer
s112034557070,803,803,numeric_integer,numeric_integer
s112034557071,803,803,numeric_integer,numeric_integer
s112034557072,803,803,numeric_integer,numeric_integer
s112034557074,803,803,numeric_integer,numeric_integer
s112034557075,803,803,numeric_integer,numeric_integer
s112034560374,804,804,numeric_integer,numeric_integer
s112034560375,804,804,numeric_integer,numeric_integer
s112034560376,804,804,numeric_integer,numeric_integer
s112034560377,804,804,numeric_integer,numeric_integer
s112034560378,804,804,numeric_integer,numeric_integer
s112034560379,804,804,numeric_integer,numeric_integer
s112034560380,804,804,numeric_integer,numeric_integer
s112034560381,804,804,numeric_integer,numeric_integer
s112034560383,804,804,numeric_integer,numeric_integer
s112034560384,804,804,numeric_integer,numeric_integer
s112034560385,804,804,numeric_integer,numeric_integer
s112034560386,804,804,numeric_integer,numeric_integer
s112034560387,804,804,numeric_integer,numeric_integer
s112034560388,804,804,numeric_integer,numeric_integer
s112034560389,804,804,numeric_integer,numeric_integer
s112034560394,804,804,numeric_integer,numeric_integer
s112034560395,804,804,numeric_integer,numeric_integer
s112034560396,804,804,numeric_integer,numeric_integer
s112034560397,804,804,numeric_integer,numeric_integer
s112034560398,804,804,numeric_integer,numeric_integer
s112034560399,804,804,numeric_integer,numeric_integer
s112034560400,804,804,numeric_integer,numeric_integer
s112034560401,804,804,numeric_integer,numeric_integer
s113034560003,804,804,numeric_integer,numeric_integer
s112034560404,812,812,numeric_integer,numeric_integer
s112034560405,812,812,numeric_integer,numeric_integer
s112034560406,812,812,numeric_integer,numeric_integer
s112034560407,812,812,numeric_integer,numeric_integer
s112034560408,812,812,numeric_integer,numeric_integer
s112034560409,812,812,numeric_integer,numeric_integer
s112034560410,812,812,numeric_integer,numeric_integer
s112034560411,812,812,numeric_integer,numeric_integer
s112034560412,812,812,numeric_integer,numeric_integer
s112034560413,812,812,numeric_integer,numeric_integer
s112034560414,812,812,numeric_integer,numeric_integer
s112034560415,812,812,numeric_integer,numeric_integer
s112034560416,812,812,numeric_integer,numeric_integer
s112034560417,812,812,numeric_integer,numeric_integer
s112034560418,812,812,numeric_integer,numeric_integer
s112034560419,812,812,numeric_integer,numeric_integer
s112034560420,812,812,numeric_integer,numeric_integer
s112034560421,812,812,numeric_integer,numeric_integer
s112034560422,812,812,numeric_integer,numeric_integer
s112034560424,812,812,numeric_integer,numeric_integer
s112034560425,812,812,numeric_integer,numeric_integer
s112034560426,812,812,numeric_integer,numeric_integer
s112034560427,812,812,numeric_integer,numeric_integer
s112034560428,812,812,numeric_integer,numeric_integer
s112034560429,812,812,numeric_integer,numeric_integer
s112034560430,812,812,numeric_integer,numeric_integer
s112034563024,802,802,numeric_integer,numeric_integer
s112034563025,802,802,numeric_integer,numeric_integer
s112034563026,802,802,numeric_integer,numeric_integer
s112034563027,802,802,numeric_integer,numeric_integer
s112034563028,802,802,numeric_integer,numeric_integer
s112034563029,802,802,numeric_integer,numeric_integer
s112034563030,802,802,numeric_integer,numeric_integer
s112034563031,802,802,numeric_integer,numeric_integer
s112034563032,802,802,numeric_integer,numeric_integer
s112034563033,802,802,numeric_integer,numeric_integer
s112034563034,802,802,numeric_integer,numeric_integer
s112034563035,802,802,numeric_integer,numeric_integer
s112034563036,802,802,numeric_integer,numeric_integer
s112034563037,802,802,numeric_integer,numeric_integer
s112034563038,802,802,numeric_integer,numeric_integer
s112034563039,802,802,numeric_integer,numeric_integer
s112034563040,802,802,numeric_integer,numeric_integer
s112034563041,802,802,numeric_integer,numeric_integer
s112034563043,802,802,numeric_integer,numeric_integer
s112034563044,802,802,numeric_integer,numeric_integer
s112034563045,802,802,numeric_integer,numeric_integer
s112034563046,802,802,numeric_integer,numeric_integer
s112034563047,802,802,numeric_integer,numeric_integer
s112034563048,802,802,numeric_integer,numeric_integer
s113034563003,802,802,numeric_integer,numeric_integer
s113034563004,802,802,numeric_integer,numeric_integer
s112034563053,807,807,numeric_integer,numeric_integer
s112034563054,807,807,numeric_integer,numeric_integer
s112034563055,807,807,numeric_integer,numeric_integer
s112034563056,807,807,numeric_integer,numeric_integer
s112034563057,807,807,numeric_integer,numeric_integer
s112034563058,807,807,numeric_integer,numeric_integer
s112034563059,807,807,numeric_integer,numeric_integer
s112034563060,807,807,numeric_integer,numeric_integer
s112034563061,807,807,numeric_integer,numeric_integer
s112034563062,807,807,numeric_integer,numeric_integer
s112034563063,807,807,numeric_integer,numeric_integer
s112034563064,807,807,numeric_integer,numeric_integer
s112034563065,807,807,numeric_integer,numeric_integer
s112034563066,807,807,numeric_integer,numeric_integer
s112034563067,807,807,numeric_integer,numeric_integer
s112034563068,807,807,numeric_integer,numeric_integer
s112034563069,807,807,numeric_integer,numeric_integer
s112034563070,807,807,numeric_integer,numeric_integer
s112034563071,807,807,numeric_integer,numeric_integer
s112034563072,807,807,numeric_integer,numeric_integer
s112034563073,807,807,numeric_integer,numeric_integer
s112034563074,807,807,numeric_integer,numeric_integer
s112034563075,807,807,numeric_integer,numeric_integer
s112034563076,807,807,numeric_integer,numeric_integer
s112034565024,803,803,numeric_integer,numeric_integer
s112034565025,803,803,numeric_integer,numeric_integer
s112034565026,803,803,numeric_integer,numeric_integer
s112034565027,803,803,numeric_integer,numeric_integer
s112034565028,803,803,numeric_integer,numeric_integer
s112034565029,803,803,numeric_integer,numeric_integer
s112034565030,803,803,numeric_integer,numeric_integer
s112034565031,803,803,numeric_integer,numeric_integer
s112034565032,803,803,numeric_integer,numeric_integer
s112034565033,803,803,numeric_integer,numeric_integer
s112034565034,803,803,numeric_integer,numeric_integer
s112034565035,803,803,numeric_integer,numeric_integer
s112034565036,803,803,numeric_integer,numeric_integer
s112034565037,803,803,numeric_integer,numeric_integer
s112034565038,803,803,numeric_integer,numeric_integer
s112034565039,803,803,numeric_integer,numeric_integer
s112034565040,803,803,numeric_integer,numeric_integer
s112034565041,803,803,numeric_integer,numeric_integer
s112034565042,803,803,numeric_integer,numeric_integer
s112034565043,803,803,numeric_integer,numeric_integer
s112034565044,803,803,numeric_integer,numeric_integer
s112034565045,803,803,numeric_integer,numeric_integer
s112034565046,803,803,numeric_integer,numeric_integer
s112034565047,803,803,numeric_integer,numeric_integer
s112034565048,803,803,numeric_integer,numeric_integer
s112034565049,803,803,numeric_integer,numeric_integer
s112034565050,803,803,numeric_integer,numeric_integer
s112034565051,803,803,numeric_integer,numeric_integer
s112034565052,803,803,numeric_integer,numeric_integer
s113034565003,803,803,numeric_integer,numeric_integer
s112034565055,809,809,numeric_integer,numeric_integer
s112034565056,809,809,numeric_integer,numeric_integer
s112034565057,809,809,numeric_integer,numeric_integer
s112034565058,809,809,numeric_integer,numeric_integer
s112034565059,809,809,numeric_integer,numeric_integer
s112034565060,809,809,numeric_integer,numeric_integer
s112034565061,809,809,numeric_integer,numeric_integer
s112034565062,809,809,numeric_integer,numeric_integer
s112034565063,809,809,numeric_integer,numeric_integer
s112034565064,809,809,numeric_integer,numeric_integer
s112034565065,809,809,numeric_integer,numeric_integer
s112034565066,809,809,numeric_integer,numeric_integer
s112034565067,809,809,numeric_integer,numeric_integer
s112034565068,809,809,numeric_integer,numeric_integer
s112034565069,809,809,numeric_integer,numeric_integer
s112034565071,809,809,numeric_integer,numeric_integer
s112034565072,809,809,numeric_integer,numeric_integer
s112034565073,809,809,numeric_integer,numeric_integer
s112034565074,809,809,numeric_integer,numeric_integer
s112034565075,809,809,numeric_integer,numeric_integer
s112034565076,809,809,numeric_integer,numeric_integer
s112034565077,809,809,numeric_integer,numeric_integer
s112034565078,809,809,numeric_integer,numeric_integer
s112034565079,809,809,numeric_integer,numeric_integer
s112034565080,809,809,numeric_integer,numeric_integer
s112034565081,809,809,numeric_integer,numeric_integer
s112034565082,809,809,numeric_integer,numeric_integer
s112034565083,809,809,numeric_integer,numeric_integer
s113034565004,809,809,numeric_integer,numeric_integer
s112044501024,八年二班,802,grade_year_class_pattern,grade_year_class_pattern
s112044501025,八年二班,802,grade_year_class_pattern,grade_year_class_pattern
s112044501026,八年二班,802,grade_year_class_pattern,grade_year_class_pattern
s112044501027,八年二班,802,grade_year_class_pattern,grade_year_class_pattern
s112044501028,八年二班,802,grade_year_class_pattern,grade_year_class_pattern
s112044501029,八年二班,802,grade_year_class_pattern,grade_year_class_pattern
s112044501030,八年二班,802,grade_year_class_pattern,grade_year_class_pattern
s112044501031,八年二班,802,grade_year_class_pattern,grade_year_class_pattern
s112044501032,八年二班,802,grade_year_class_pattern,grade_year_class_pattern
s112044501033,八年二班,802,grade_year_class_pattern,grade_year_class_pattern
s112044501034,八年二班,802,grade_year_class_pattern,grade_year_class_pattern
s112044501035,八年二班,802,grade_year_class_pattern,grade_year_class_pattern
s112044501037,八年二班,802,grade_year_class_pattern,grade_year_class_pattern
s112044501039,八年二班,802,grade_year_class_pattern,grade_year_class_pattern
s112044501040,八年二班,802,grade_year_class_pattern,grade_year_class_pattern
s112044501042,八年二班,802,grade_year_class_pattern,grade_year_class_pattern
s112044501043,八年二班,802,grade_year_class_pattern,grade_year_class_pattern
s112044501045,八年二班,802,grade_year_class_pattern,grade_year_class_pattern
s112044501047,八年二班,802,grade_year_class_pattern,grade_year_class_pattern
s112044501049,八年二班,802,grade_year_class_pattern,grade_year_class_pattern
s112044501050,八年二班,802,grade_year_class_pattern,grade_year_class_pattern
s112044501051,八年二班,802,grade_year_class_pattern,grade_year_class_pattern
s112044501052,八年二班,802,grade_year_class_pattern,grade_year_class_pattern
s112044501053,八年二班,802,grade_year_class_pattern,grade_year_class_pattern
s112044501056,八年五班,805,grade_year_class_pattern,grade_year_class_pattern
s112044501057,八年五班,805,grade_year_class_pattern,grade_year_class_pattern
s112044501058,八年五班,805,grade_year_class_pattern,grade_year_class_pattern
s112044501059,八年五班,805,grade_year_class_pattern,grade_year_class_pattern
s112044501060,八年五班,805,grade_year_class_pattern,grade_year_class_pattern
s112044501062,八年五班,805,grade_year_class_pattern,grade_year_class_pattern
s112044501063,八年五班,805,grade_year_class_pattern,grade_year_class_pattern
s112044501064,八年五班,805,grade_year_class_pattern,grade_year_class_pattern
s112044501065,八年五班,805,grade_year_class_pattern,grade_year_class_pattern
s112044501066,八年五班,805,grade_year_class_pattern,grade_year_class_pattern
s112044501067,八年五班,805,grade_year_class_pattern,grade_year_class_pattern
s112044501068,八年五班,805,grade_year_class_pattern,grade_year_class_pattern
s112044501070,八年五班,805,grade_year_class_pattern,grade_year_class_pattern
s112044501071,八年五班,805,grade_year_class_pattern,grade_year_class_pattern
s112044501073,八年五班,805,grade_year_class_pattern,grade_year_class_pattern
s112044501074,八年五班,805,grade_year_class_pattern,grade_year_class_pattern
s112044501075,八年五班,805,grade_year_class_pattern,grade_year_class_pattern
s112044501076,八年五班,805,grade_year_class_pattern,grade_year_class_pattern
s112044501079,八年五班,805,grade_year_class_pattern,grade_year_class_pattern
s112044501081,八年五班,805,grade_year_class_pattern,grade_year_class_pattern
s112044501082,八年五班,805,grade_year_class_pattern,grade_year_class_pattern
s112044501083,八年五班,805,grade_year_class_pattern,grade_year_class_pattern
s112044506023,801,801,numeric_integer,numeric_integer
s112044506024,801,801,numeric_integer,numeric_integer
s112044506025,801,801,numeric_integer,numeric_integer
s112044506026,801,801,numeric_integer,numeric_integer
s112044506027,801,801,numeric_integer,numeric_integer
s112044506028,801,801,numeric_integer,numeric_integer
s112044506029,801,801,numeric_integer,numeric_integer
s112044506030,801,801,numeric_integer,numeric_integer
s112044506031,801,801,numeric_integer,numeric_integer
s112044506032,801,801,numeric_integer,numeric_integer
s112044506033,801,801,numeric_integer,numeric_integer
s112044506034,801,801,numeric_integer,numeric_integer
s112044506035,801,801,numeric_integer,numeric_integer
s112044506036,801,801,numeric_integer,numeric_integer
s112044506037,801,801,numeric_integer,numeric_integer
s112044506038,801,801,numeric_integer,numeric_integer
s112044506039,801,801,numeric_integer,numeric_integer
s112044506040,801,801,numeric_integer,numeric_integer
s112044506041,801,801,numeric_integer,numeric_integer
s113044506002,801,801,numeric_integer,numeric_integer
s113044506003,801,801,numeric_integer,numeric_integer
s113044506004,801,801,numeric_integer,numeric_integer
s113044506005,801,801,numeric_integer,numeric_integer
s112044522024,801,801,numeric_integer,numeric_integer
s112044522025,801,801,numeric_integer,numeric_integer
s112044522027,801,801,numeric_integer,numeric_integer
s112044522028,801,801,numeric_integer,numeric_integer
s112044522029,801,801,numeric_integer,numeric_integer
s112044522030,801,801,numeric_integer,numeric_integer
s112044522031,801,801,numeric_integer,numeric_integer
s112044522032,801,801,numeric_integer,numeric_integer
s112044522033,801,801,numeric_integer,numeric_integer
s112044522034,801,801,numeric_integer,numeric_integer
s112044522035,801,801,numeric_integer,numeric_integer
s112044522036,801,801,numeric_integer,numeric_integer
s112044522037,801,801,numeric_integer,numeric_integer
s112044522038,801,801,numeric_integer,numeric_integer
s112044522039,801,801,numeric_integer,numeric_integer
s112044522040,801,801,numeric_integer,numeric_integer
s112044522041,801,801,numeric_integer,numeric_integer
s112044522042,801,801,numeric_integer,numeric_integer
s112044522043,801,801,numeric_integer,numeric_integer
s112044522044,801,801,numeric_integer,numeric_integer
s112044522045,801,801,numeric_integer,numeric_integer
s112044522046,801,801,numeric_integer,numeric_integer
s112044522047,801,801,numeric_integer,numeric_integer
s112044522048,801,801,numeric_integer,numeric_integer
s112044522050,801,801,numeric_integer,numeric_integer
s112044522051,801,801,numeric_integer,numeric_integer
s112044522052,801,801,numeric_integer,numeric_integer
s113044522003,801,801,numeric_integer,numeric_integer
s113044522005,801,801,numeric_integer,numeric_integer
s112044522055,802,802,numeric_integer,numeric_integer
s112044522056,802,802,numeric_integer,numeric_integer
s112044522057,802,802,numeric_integer,numeric_integer
s112044522058,802,802,numeric_integer,numeric_integer
s112044522059,802,802,numeric_integer,numeric_integer
s112044522060,802,802,numeric_integer,numeric_integer
s112044522061,802,802,numeric_integer,numeric_integer
s112044522062,802,802,numeric_integer,numeric_integer
s112044522063,802,802,numeric_integer,numeric_integer
s112044522064,802,802,numeric_integer,numeric_integer
s112044522065,802,802,numeric_integer,numeric_integer
s112044522066,802,802,numeric_integer,numeric_integer
s112044522067,802,802,numeric_integer,numeric_integer
s112044522069,802,802,numeric_integer,numeric_integer
s112044522070,802,802,numeric_integer,numeric_integer
s112044522071,802,802,numeric_integer,numeric_integer
s112044522072,802,802,numeric_integer,numeric_integer
s112044522073,802,802,numeric_integer,numeric_integer
s112044522075,802,802,numeric_integer,numeric_integer
s112044522076,802,802,numeric_integer,numeric_integer
s112044522077,802,802,numeric_integer,numeric_integer
s112044522078,802,802,numeric_integer,numeric_integer
s112044522079,802,802,numeric_integer,numeric_integer
s112044522080,802,802,numeric_integer,numeric_integer
s112044522081,802,802,numeric_integer,numeric_integer
s113044522004,802,802,numeric_integer,numeric_integer
s112044524026,801,801,numeric_integer,numeric_integer
s112044524027,801,801,numeric_integer,numeric_integer
s112044524032,801,801,numeric_integer,numeric_integer
s112044524034,801,801,numeric_integer,numeric_integer
s112044524035,801,801,numeric_integer,numeric_integer
s112044524036,801,801,numeric_integer,numeric_integer
s112044524037,801,801,numeric_integer,numeric_integer
s112044524041,801,801,numeric_integer,numeric_integer
s112044524042,801,801,numeric_integer,numeric_integer
s112044524043,801,801,numeric_integer,numeric_integer
s112044524044,801,801,numeric_integer,numeric_integer
s112044524045,801,801,numeric_integer,numeric_integer
s113044524003,801,801,numeric_integer,numeric_integer
s113044524008,801,801,numeric_integer,numeric_integer
s112044524048,802,802,numeric_integer,numeric_integer
s112044524049,802,802,numeric_integer,numeric_integer
s112044524050,802,802,numeric_integer,numeric_integer
s112044524054,802,802,numeric_integer,numeric_integer
s112044524058,802,802,numeric_integer,numeric_integer
s112044524059,802,802,numeric_integer,numeric_integer
s112044524060,802,802,numeric_integer,numeric_integer
s112044524061,802,802,numeric_integer,numeric_integer
s112044524062,802,802,numeric_integer,numeric_integer
s112044524063,802,802,numeric_integer,numeric_integer
s112044524064,802,802,numeric_integer,numeric_integer
s112044524065,802,802,numeric_integer,numeric_integer
s112044524066,802,802,numeric_integer,numeric_integer
s112044524067,802,802,numeric_integer,numeric_integer
s113044524005,802,802,numeric_integer,numeric_integer
s113044524007,802,802,numeric_integer,numeric_integer
s112044529056,8年15班,815,grade_year_class_pattern,grade_year_class_pattern
s112044529057,8年15班,815,grade_year_class_pattern,grade_year_class_pattern
s112044529058,8年15班,815,grade_year_class_pattern,grade_year_class_pattern
s112044529059,8年15班,815,grade_year_class_pattern,grade_year_class_pattern
s112044529060,8年15班,815,grade_year_class_pattern,grade_year_class_pattern
s112044529061,8年15班,815,grade_year_class_pattern,grade_year_class_pattern
s112044529062,8年15班,815,grade_year_class_pattern,grade_year_class_pattern
s112044529063,8年15班,815,grade_year_class_pattern,grade_year_class_pattern
s112044529065,8年15班,815,grade_year_class_pattern,grade_year_class_pattern
s112044529066,8年15班,815,grade_year_class_pattern,grade_year_class_pattern
s112044529067,8年15班,815,grade_year_class_pattern,grade_year_class_pattern
s112044529068,8年15班,815,grade_year_class_pattern,grade_year_class_pattern
s112044529070,8年15班,815,grade_year_class_pattern,grade_year_class_pattern
s112044529071,8年15班,815,grade_year_class_pattern,grade_year_class_pattern
s112044529072,8年15班,815,grade_year_class_pattern,grade_year_class_pattern
s112044529074,8年15班,815,grade_year_class_pattern,grade_year_class_pattern
s112044529075,8年15班,815,grade_year_class_pattern,grade_year_class_pattern
s112044529076,8年15班,815,grade_year_class_pattern,grade_year_class_pattern
s112044529077,8年15班,815,grade_year_class_pattern,grade_year_class_pattern
s112044529078,8年15班,815,grade_year_class_pattern,grade_year_class_pattern
s112044529079,8年15班,815,grade_year_class_pattern,grade_year_class_pattern
s112044529080,8年15班,815,grade_year_class_pattern,grade_year_class_pattern
s112044529081,8年15班,815,grade_year_class_pattern,grade_year_class_pattern
s112044529082,8年15班,815,grade_year_class_pattern,grade_year_class_pattern
s112044529083,8年15班,815,grade_year_class_pattern,grade_year_class_pattern
s112044529085,8年15班,815,grade_year_class_pattern,grade_year_class_pattern
s113044529003,8年15班,815,grade_year_class_pattern,grade_year_class_pattern
s112044529024,8年7班,807,grade_year_class_pattern,grade_year_class_pattern
s112044529025,8年7班,807,grade_year_class_pattern,grade_year_class_pattern
s112044529026,8年7班,807,grade_year_class_pattern,grade_year_class_pattern
s112044529027,8年7班,807,grade_year_class_pattern,grade_year_class_pattern
s112044529028,8年7班,807,grade_year_class_pattern,grade_year_class_pattern
s112044529029,8年7班,807,grade_year_class_pattern,grade_year_class_pattern
s112044529030,8年7班,807,grade_year_class_pattern,grade_year_class_pattern
s112044529031,8年7班,807,grade_year_class_pattern,grade_year_class_pattern
s112044529032,8年7班,807,grade_year_class_pattern,grade_year_class_pattern
s112044529033,8年7班,807,grade_year_class_pattern,grade_year_class_pattern
s112044529034,8年7班,807,grade_year_class_pattern,grade_year_class_pattern
s112044529035,8年7班,807,grade_year_class_pattern,grade_year_class_pattern
s112044529036,8年7班,807,grade_year_class_pattern,grade_year_class_pattern
s112044529037,8年7班,807,grade_year_class_pattern,grade_year_class_pattern
s112044529038,8年7班,807,grade_year_class_pattern,grade_year_class_pattern
s112044529039,8年7班,807,grade_year_class_pattern,grade_year_class_pattern
s112044529040,8年7班,807,grade_year_class_pattern,grade_year_class_pattern
s112044529041,8年7班,807,grade_year_class_pattern,grade_year_class_pattern
s112044529042,8年7班,807,grade_year_class_pattern,grade_year_class_pattern
s112044529043,8年7班,807,grade_year_class_pattern,grade_year_class_pattern
s112044529044,8年7班,807,grade_year_class_pattern,grade_year_class_pattern
s112044529045,8年7班,807,grade_year_class_pattern,grade_year_class_pattern
s112044529046,8年7班,807,grade_year_class_pattern,grade_year_class_pattern
s112044529047,8年7班,807,grade_year_class_pattern,grade_year_class_pattern
s112044529048,8年7班,807,grade_year_class_pattern,grade_year_class_pattern
s112044529049,8年7班,807,grade_year_class_pattern,grade_year_class_pattern
s112044529050,8年7班,807,grade_year_class_pattern,grade_year_class_pattern
s112044529051,8年7班,807,grade_year_class_pattern,grade_year_class_pattern
s112044529052,8年7班,807,grade_year_class_pattern,grade_year_class_pattern
s112044529053,8年7班,807,grade_year_class_pattern,grade_year_class_pattern
s112051302024,801,801,numeric_integer,numeric_integer
s112051302025,801,801,numeric_integer,numeric_integer
s112051302026,801,801,numeric_integer,numeric_integer
s112051302027,801,801,numeric_integer,numeric_integer
s112051302028,801,801,numeric_integer,numeric_integer
s112051302029,801,801,numeric_integer,numeric_integer
s112051302030,801,801,numeric_integer,numeric_integer
s112051302031,801,801,numeric_integer,numeric_integer
s112051302032,801,801,numeric_integer,numeric_integer
s112051302034,801,801,numeric_integer,numeric_integer
s112051302035,801,801,numeric_integer,numeric_integer
s112051302036,801,801,numeric_integer,numeric_integer
s112051302037,801,801,numeric_integer,numeric_integer
s112051302038,801,801,numeric_integer,numeric_integer
s112051302039,801,801,numeric_integer,numeric_integer
s112051302040,801,801,numeric_integer,numeric_integer
s112051302041,801,801,numeric_integer,numeric_integer
s112051302042,801,801,numeric_integer,numeric_integer
s112051302043,801,801,numeric_integer,numeric_integer
s112051302044,801,801,numeric_integer,numeric_integer
s112051302045,801,801,numeric_integer,numeric_integer
s112051302047,801,801,numeric_integer,numeric_integer
s112051302048,801,801,numeric_integer,numeric_integer
s112051302049,801,801,numeric_integer,numeric_integer
s112051302050,801,801,numeric_integer,numeric_integer
s112051302051,801,801,numeric_integer,numeric_integer
s112051302052,801,801,numeric_integer,numeric_integer
s112051302053,801,801,numeric_integer,numeric_integer
s112051302054,801,801,numeric_integer,numeric_integer
s112051302055,801,801,numeric_integer,numeric_integer
s112051302056,801,801,numeric_integer,numeric_integer
s112051302059,801,801,numeric_integer,numeric_integer
s112051302060,801,801,numeric_integer,numeric_integer
s112051302061,801,801,numeric_integer,numeric_integer
s112051302062,801,801,numeric_integer,numeric_integer
s112051302063,801,801,numeric_integer,numeric_integer
s112051302064,801,801,numeric_integer,numeric_integer
s112051302065,801,801,numeric_integer,numeric_integer
s113051302003,801,801,numeric_integer,numeric_integer
s112051302068,805,805,numeric_integer,numeric_integer
s112051302069,805,805,numeric_integer,numeric_integer
s112051302070,805,805,numeric_integer,numeric_integer
s112051302071,805,805,numeric_integer,numeric_integer
s112051302072,805,805,numeric_integer,numeric_integer
s112051302073,805,805,numeric_integer,numeric_integer
s112051302074,805,805,numeric_integer,numeric_integer
s112051302075,805,805,numeric_integer,numeric_integer
s112051302076,805,805,numeric_integer,numeric_integer
s112051302077,805,805,numeric_integer,numeric_integer
s112051302078,805,805,numeric_integer,numeric_integer
s112051302079,805,805,numeric_integer,numeric_integer
s112051302080,805,805,numeric_integer,numeric_integer
s112051302081,805,805,numeric_integer,numeric_integer
s112051302082,805,805,numeric_integer,numeric_integer
s112051302084,805,805,numeric_integer,numeric_integer
s112051302085,805,805,numeric_integer,numeric_integer
s112051302086,805,805,numeric_integer,numeric_integer
s112051302087,805,805,numeric_integer,numeric_integer
s112051302089,805,805,numeric_integer,numeric_integer
s112051302090,805,805,numeric_integer,numeric_integer
s112051302091,805,805,numeric_integer,numeric_integer
s112051302092,805,805,numeric_integer,numeric_integer
s112051302093,805,805,numeric_integer,numeric_integer
s112051302094,805,805,numeric_integer,numeric_integer
s112051302095,805,805,numeric_integer,numeric_integer
s112051302096,805,805,numeric_integer,numeric_integer
s112051302097,805,805,numeric_integer,numeric_integer
s112051302099,805,805,numeric_integer,numeric_integer
s112051302100,805,805,numeric_integer,numeric_integer
s112051302101,805,805,numeric_integer,numeric_integer
s112051302102,805,805,numeric_integer,numeric_integer
s112051302103,805,805,numeric_integer,numeric_integer
s112051302104,805,805,numeric_integer,numeric_integer
s112051302106,805,805,numeric_integer,numeric_integer
s112051302107,805,805,numeric_integer,numeric_integer
s112051302108,805,805,numeric_integer,numeric_integer
s112051302109,805,805,numeric_integer,numeric_integer
s112054502024,八年二班,802,grade_year_class_pattern,grade_year_class_pattern
s112054502025,八年二班,802,grade_year_class_pattern,grade_year_class_pattern
s112054502026,八年二班,802,grade_year_class_pattern,grade_year_class_pattern
s112054502027,八年二班,802,grade_year_class_pattern,grade_year_class_pattern
s112054502028,八年二班,802,grade_year_class_pattern,grade_year_class_pattern
s112054502029,八年二班,802,grade_year_class_pattern,grade_year_class_pattern
s112054502030,八年二班,802,grade_year_class_pattern,grade_year_class_pattern
s112054502031,八年二班,802,grade_year_class_pattern,grade_year_class_pattern
s112054502032,八年二班,802,grade_year_class_pattern,grade_year_class_pattern
s112054502033,八年二班,802,grade_year_class_pattern,grade_year_class_pattern
s112054502035,八年二班,802,grade_year_class_pattern,grade_year_class_pattern
s112054502036,八年二班,802,grade_year_class_pattern,grade_year_class_pattern
s112054502037,八年二班,802,grade_year_class_pattern,grade_year_class_pattern
s112054502039,八年二班,802,grade_year_class_pattern,grade_year_class_pattern
s112054502040,八年二班,802,grade_year_class_pattern,grade_year_class_pattern
s112054502041,八年二班,802,grade_year_class_pattern,grade_year_class_pattern
s112054502042,八年二班,802,grade_year_class_pattern,grade_year_class_pattern
s112054502043,八年二班,802,grade_year_class_pattern,grade_year_class_pattern
s112054502044,八年二班,802,grade_year_class_pattern,grade_year_class_pattern
s112054502045,八年二班,802,grade_year_class_pattern,grade_year_class_pattern
s112054502046,八年二班,802,grade_year_class_pattern,grade_year_class_pattern
s113054502003,八年二班,802,grade_year_class_pattern,grade_year_class_pattern
s112054502050,八年四班,804,grade_year_class_pattern,grade_year_class_pattern
s112054502051,八年四班,804,grade_year_class_pattern,grade_year_class_pattern
s112054502053,八年四班,804,grade_year_class_pattern,grade_year_class_pattern
s112054502054,八年四班,804,grade_year_class_pattern,grade_year_class_pattern
s112054502055,八年四班,804,grade_year_class_pattern,grade_year_class_pattern
s112054502056,八年四班,804,grade_year_class_pattern,grade_year_class_pattern
s112054502057,八年四班,804,grade_year_class_pattern,grade_year_class_pattern
s112054502058,八年四班,804,grade_year_class_pattern,grade_year_class_pattern
s112054502059,八年四班,804,grade_year_class_pattern,grade_year_class_pattern
s112054502061,八年四班,804,grade_year_class_pattern,grade_year_class_pattern
s112054502062,八年四班,804,grade_year_class_pattern,grade_year_class_pattern
s112054502064,八年四班,804,grade_year_class_pattern,grade_year_class_pattern
s112054502065,八年四班,804,grade_year_class_pattern,grade_year_class_pattern
s112054502066,八年四班,804,grade_year_class_pattern,grade_year_class_pattern
s112054502067,八年四班,804,grade_year_class_pattern,grade_year_class_pattern
s112054502069,八年四班,804,grade_year_class_pattern,grade_year_class_pattern
s113054502004,八年四班,804,grade_year_class_pattern,grade_year_class_pattern
s113054502005,八年四班,804,grade_year_class_pattern,grade_year_class_pattern
s112054505024,八年一班,801,grade_year_class_pattern,grade_year_class_pattern
s112054505025,八年一班,801,grade_year_class_pattern,grade_year_class_pattern
s112054505026,八年一班,801,grade_year_class_pattern,grade_year_class_pattern
s112054505027,八年一班,801,grade_year_class_pattern,grade_year_class_pattern
s112054505028,八年一班,801,grade_year_class_pattern,grade_year_class_pattern
s112054505029,八年一班,801,grade_year_class_pattern,grade_year_class_pattern
s112054505030,八年一班,801,grade_year_class_pattern,grade_year_class_pattern
s112054505031,八年一班,801,grade_year_class_pattern,grade_year_class_pattern
s112054505032,八年一班,801,grade_year_class_pattern,grade_year_class_pattern
s112054505033,八年一班,801,grade_year_class_pattern,grade_year_class_pattern
s112054505034,八年一班,801,grade_year_class_pattern,grade_year_class_pattern
s112054505035,八年一班,801,grade_year_class_pattern,grade_year_class_pattern
s112054505036,八年一班,801,grade_year_class_pattern,grade_year_class_pattern
s112054505037,八年一班,801,grade_year_class_pattern,grade_year_class_pattern
s112054505038,八年一班,801,grade_year_class_pattern,grade_year_class_pattern
s112054505039,八年一班,801,grade_year_class_pattern,grade_year_class_pattern
s112054505040,八年一班,801,grade_year_class_pattern,grade_year_class_pattern
s112054505041,八年一班,801,grade_year_class_pattern,grade_year_class_pattern
s112054505042,八年一班,801,grade_year_class_pattern,grade_year_class_pattern
s112054505043,八年一班,801,grade_year_class_pattern,grade_year_class_pattern
s112054505044,八年一班,801,grade_year_class_pattern,grade_year_class_pattern
s112054505045,八年一班,801,grade_year_class_pattern,grade_year_class_pattern
s112054505046,八年一班,801,grade_year_class_pattern,grade_year_class_pattern
s112054505047,八年一班,801,grade_year_class_pattern,grade_year_class_pattern
s112054505048,八年一班,801,grade_year_class_pattern,grade_year_class_pattern
s112054505050,八年一班,801,grade_year_class_pattern,grade_year_class_pattern
s112054505051,八年一班,801,grade_year_class_pattern,grade_year_class_pattern
s113054505003,八年一班,801,grade_year_class_pattern,grade_year_class_pattern
s112054505054,八年五班,805,grade_year_class_pattern,grade_year_class_pattern
s112054505055,八年五班,805,grade_year_class_pattern,grade_year_class_pattern
s112054505056,八年五班,805,grade_year_class_pattern,grade_year_class_pattern
s112054505057,八年五班,805,grade_year_class_pattern,grade_year_class_pattern
s112054505058,八年五班,805,grade_year_class_pattern,grade_year_class_pattern
s112054505059,八年五班,805,grade_year_class_pattern,grade_year_class_pattern
s112054505060,八年五班,805,grade_year_class_pattern,grade_year_class_pattern
s112054505061,八年五班,805,grade_year_class_pattern,grade_year_class_pattern
s112054505062,八年五班,805,grade_year_class_pattern,grade_year_class_pattern
s112054505063,八年五班,805,grade_year_class_pattern,grade_year_class_pattern
s112054505064,八年五班,805,grade_year_class_pattern,grade_year_class_pattern
s112054505067,八年五班,805,grade_year_class_pattern,grade_year_class_pattern
s112054505068,八年五班,805,grade_year_class_pattern,grade_year_class_pattern
s112054505069,八年五班,805,grade_year_class_pattern,grade_year_class_pattern
s112054505070,八年五班,805,grade_year_class_pattern,grade_year_class_pattern
s112054505071,八年五班,805,grade_year_class_pattern,grade_year_class_pattern
s112054505073,八年五班,805,grade_year_class_pattern,grade_year_class_pattern
s112054505074,八年五班,805,grade_year_class_pattern,grade_year_class_pattern
s112054505075,八年五班,805,grade_year_class_pattern,grade_year_class_pattern
s112054505076,八年五班,805,grade_year_class_pattern,grade_year_class_pattern
s112054505077,八年五班,805,grade_year_class_pattern,grade_year_class_pattern
s112054505078,八年五班,805,grade_year_class_pattern,grade_year_class_pattern
s112054505080,八年五班,805,grade_year_class_pattern,grade_year_class_pattern
s113054505004,八年五班,805,grade_year_class_pattern,grade_year_class_pattern
s112054523041,八年孝班,5452301,unparsed,school_label_encoded_fallback
s112054523042,八年孝班,5452301,unparsed,school_label_encoded_fallback
s112054523043,八年孝班,5452301,unparsed,school_label_encoded_fallback
s112054523044,八年孝班,5452301,unparsed,school_label_encoded_fallback
s112054523045,八年孝班,5452301,unparsed,school_label_encoded_fallback
s112054523046,八年孝班,5452301,unparsed,school_label_encoded_fallback
s112054523047,八年孝班,5452301,unparsed,school_label_encoded_fallback
s112054523048,八年孝班,5452301,unparsed,school_label_encoded_fallback
s112054523049,八年孝班,5452301,unparsed,school_label_encoded_fallback
s112054523050,八年孝班,5452301,unparsed,school_label_encoded_fallback
s112054523051,八年孝班,5452301,unparsed,school_label_encoded_fallback
s112054523053,八年孝班,5452301,unparsed,school_label_encoded_fallback
s112054523055,八年孝班,5452301,unparsed,school_label_encoded_fallback
s113054523005,八年孝班,5452301,unparsed,school_label_encoded_fallback
s112054523024,八年忠班,5452302,unparsed,school_label_encoded_fallback
s112054523025,八年忠班,5452302,unparsed,school_label_encoded_fallback
s112054523026,八年忠班,5452302,unparsed,school_label_encoded_fallback
s112054523027,八年忠班,5452302,unparsed,school_label_encoded_fallback
s112054523028,八年忠班,5452302,unparsed,school_label_encoded_fallback
s112054523029,八年忠班,5452302,unparsed,school_label_encoded_fallback
s112054523030,八年忠班,5452302,unparsed,school_label_encoded_fallback
s112054523031,八年忠班,5452302,unparsed,school_label_encoded_fallback
s112054523032,八年忠班,5452302,unparsed,school_label_encoded_fallback
s112054523034,八年忠班,5452302,unparsed,school_label_encoded_fallback
s112054523035,八年忠班,5452302,unparsed,school_label_encoded_fallback
s112054523036,八年忠班,5452302,unparsed,school_label_encoded_fallback
s112054523037,八年忠班,5452302,unparsed,school_label_encoded_fallback
s112054523038,八年忠班,5452302,unparsed,school_label_encoded_fallback
s113054523003,八年忠班,5452302,unparsed,school_label_encoded_fallback
s113054523004,八年忠班,5452302,unparsed,school_label_encoded_fallback
s112060323074,802,802,numeric_integer,numeric_integer
s112060323075,802,802,numeric_integer,numeric_integer
s112060323076,802,802,numeric_integer,numeric_integer
s112060323077,802,802,numeric_integer,numeric_integer
s112060323078,802,802,numeric_integer,numeric_integer
s112060323079,802,802,numeric_integer,numeric_integer
s112060323080,802,802,numeric_integer,numeric_integer
s112060323081,802,802,numeric_integer,numeric_integer
s112060323082,802,802,numeric_integer,numeric_integer
s112060323083,802,802,numeric_integer,numeric_integer
s112060323084,802,802,numeric_integer,numeric_integer
s112060323085,802,802,numeric_integer,numeric_integer
s112060323086,802,802,numeric_integer,numeric_integer
s112060323087,802,802,numeric_integer,numeric_integer
s112060323088,802,802,numeric_integer,numeric_integer
s112060323089,802,802,numeric_integer,numeric_integer
s112060323090,802,802,numeric_integer,numeric_integer
s112060323091,802,802,numeric_integer,numeric_integer
s112060323093,802,802,numeric_integer,numeric_integer
s112060323094,802,802,numeric_integer,numeric_integer
s112060323095,802,802,numeric_integer,numeric_integer
s112060323096,802,802,numeric_integer,numeric_integer
s112060323097,802,802,numeric_integer,numeric_integer
s112060323098,802,802,numeric_integer,numeric_integer
s112060323099,802,802,numeric_integer,numeric_integer
s112060323100,802,802,numeric_integer,numeric_integer
s112060323101,802,802,numeric_integer,numeric_integer
s112060323102,802,802,numeric_integer,numeric_integer
s113060323003,802,802,numeric_integer,numeric_integer
s112060323105,804,804,numeric_integer,numeric_integer
s112060323106,804,804,numeric_integer,numeric_integer
s112060323107,804,804,numeric_integer,numeric_integer
s112060323108,804,804,numeric_integer,numeric_integer
s112060323109,804,804,numeric_integer,numeric_integer
s112060323110,804,804,numeric_integer,numeric_integer
s112060323111,804,804,numeric_integer,numeric_integer
s112060323112,804,804,numeric_integer,numeric_integer
s112060323113,804,804,numeric_integer,numeric_integer
s112060323114,804,804,numeric_integer,numeric_integer
s112060323115,804,804,numeric_integer,numeric_integer
s112060323116,804,804,numeric_integer,numeric_integer
s112060323117,804,804,numeric_integer,numeric_integer
s112060323118,804,804,numeric_integer,numeric_integer
s112060323119,804,804,numeric_integer,numeric_integer
s112060323121,804,804,numeric_integer,numeric_integer
s112060323122,804,804,numeric_integer,numeric_integer
s112060323123,804,804,numeric_integer,numeric_integer
s112060323124,804,804,numeric_integer,numeric_integer
s112060323125,804,804,numeric_integer,numeric_integer
s112060323126,804,804,numeric_integer,numeric_integer
s112060323127,804,804,numeric_integer,numeric_integer
s112060323128,804,804,numeric_integer,numeric_integer
s112060323129,804,804,numeric_integer,numeric_integer
s112060323130,804,804,numeric_integer,numeric_integer
s112060323131,804,804,numeric_integer,numeric_integer
s112060323132,804,804,numeric_integer,numeric_integer
s113060323004,804,804,numeric_integer,numeric_integer
s113060323005,804,804,numeric_integer,numeric_integer
s113060323006,804,804,numeric_integer,numeric_integer
s112060323092,804,804,numeric_integer,numeric_integer
s112061313068,Y217,217,alnum_trailing_digits,alnum_trailing_digits
s112061313069,Y217,217,alnum_trailing_digits,alnum_trailing_digits
s112061313070,Y217,217,alnum_trailing_digits,alnum_trailing_digits
s112061313071,Y217,217,alnum_trailing_digits,alnum_trailing_digits
s112061313072,Y217,217,alnum_trailing_digits,alnum_trailing_digits
s112061313073,Y217,217,alnum_trailing_digits,alnum_trailing_digits
s112061313074,Y217,217,alnum_trailing_digits,alnum_trailing_digits
s112061313075,Y217,217,alnum_trailing_digits,alnum_trailing_digits
s112061313076,Y217,217,alnum_trailing_digits,alnum_trailing_digits
s112061313077,Y217,217,alnum_trailing_digits,alnum_trailing_digits
s112061313078,Y217,217,alnum_trailing_digits,alnum_trailing_digits
s112061313079,Y217,217,alnum_trailing_digits,alnum_trailing_digits
s112061313080,Y217,217,alnum_trailing_digits,alnum_trailing_digits
s112061313081,Y217,217,alnum_trailing_digits,alnum_trailing_digits
s112061313082,Y217,217,alnum_trailing_digits,alnum_trailing_digits
s112061313083,Y217,217,alnum_trailing_digits,alnum_trailing_digits
s112061313085,Y217,217,alnum_trailing_digits,alnum_trailing_digits
s112061313086,Y217,217,alnum_trailing_digits,alnum_trailing_digits
s112061313087,Y217,217,alnum_trailing_digits,alnum_trailing_digits
s112061313088,Y217,217,alnum_trailing_digits,alnum_trailing_digits
s112061313089,Y217,217,alnum_trailing_digits,alnum_trailing_digits
s112061313090,Y217,217,alnum_trailing_digits,alnum_trailing_digits
s112061313092,Y217,217,alnum_trailing_digits,alnum_trailing_digits
s112061313093,Y217,217,alnum_trailing_digits,alnum_trailing_digits
s112061313094,Y217,217,alnum_trailing_digits,alnum_trailing_digits
s112061313095,Y217,217,alnum_trailing_digits,alnum_trailing_digits
s112061313096,Y217,217,alnum_trailing_digits,alnum_trailing_digits
s112061313097,Y217,217,alnum_trailing_digits,alnum_trailing_digits
s112061313098,Y217,217,alnum_trailing_digits,alnum_trailing_digits
s112061313099,Y217,217,alnum_trailing_digits,alnum_trailing_digits
s112061313100,Y217,217,alnum_trailing_digits,alnum_trailing_digits
s112061313101,Y217,217,alnum_trailing_digits,alnum_trailing_digits
s112061313102,Y217,217,alnum_trailing_digits,alnum_trailing_digits
s112061313103,Y217,217,alnum_trailing_digits,alnum_trailing_digits
s112061313104,Y217,217,alnum_trailing_digits,alnum_trailing_digits
s112061313105,Y217,217,alnum_trailing_digits,alnum_trailing_digits
s112061313106,Y217,217,alnum_trailing_digits,alnum_trailing_digits
s112061313107,Y217,217,alnum_trailing_digits,alnum_trailing_digits
s112061313108,Y217,217,alnum_trailing_digits,alnum_trailing_digits
s112061313024,Y27,27,alnum_trailing_digits,alnum_trailing_digits
s112061313025,Y27,27,alnum_trailing_digits,alnum_trailing_digits
s112061313026,Y27,27,alnum_trailing_digits,alnum_trailing_digits
s112061313027,Y27,27,alnum_trailing_digits,alnum_trailing_digits
s112061313029,Y27,27,alnum_trailing_digits,alnum_trailing_digits
s112061313030,Y27,27,alnum_trailing_digits,alnum_trailing_digits
s112061313031,Y27,27,alnum_trailing_digits,alnum_trailing_digits
s112061313032,Y27,27,alnum_trailing_digits,alnum_trailing_digits
s112061313033,Y27,27,alnum_trailing_digits,alnum_trailing_digits
s112061313034,Y27,27,alnum_trailing_digits,alnum_trailing_digits
s112061313035,Y27,27,alnum_trailing_digits,alnum_trailing_digits
s112061313036,Y27,27,alnum_trailing_digits,alnum_trailing_digits
s112061313037,Y27,27,alnum_trailing_digits,alnum_trailing_digits
s112061313038,Y27,27,alnum_trailing_digits,alnum_trailing_digits
s112061313039,Y27,27,alnum_trailing_digits,alnum_trailing_digits
s112061313040,Y27,27,alnum_trailing_digits,alnum_trailing_digits
s112061313041,Y27,27,alnum_trailing_digits,alnum_trailing_digits
s112061313042,Y27,27,alnum_trailing_digits,alnum_trailing_digits
s112061313043,Y27,27,alnum_trailing_digits,alnum_trailing_digits
s112061313044,Y27,27,alnum_trailing_digits,alnum_trailing_digits
s112061313045,Y27,27,alnum_trailing_digits,alnum_trailing_digits
s112061313047,Y27,27,alnum_trailing_digits,alnum_trailing_digits
s112061313048,Y27,27,alnum_trailing_digits,alnum_trailing_digits
s112061313049,Y27,27,alnum_trailing_digits,alnum_trailing_digits
s112061313050,Y27,27,alnum_trailing_digits,alnum_trailing_digits
s112061313051,Y27,27,alnum_trailing_digits,alnum_trailing_digits
s112061313052,Y27,27,alnum_trailing_digits,alnum_trailing_digits
s112061313053,Y27,27,alnum_trailing_digits,alnum_trailing_digits
s112061313054,Y27,27,alnum_trailing_digits,alnum_trailing_digits
s112061313055,Y27,27,alnum_trailing_digits,alnum_trailing_digits
s112061313056,Y27,27,alnum_trailing_digits,alnum_trailing_digits
s112061313057,Y27,27,alnum_trailing_digits,alnum_trailing_digits
s112061313058,Y27,27,alnum_trailing_digits,alnum_trailing_digits
s112061313059,Y27,27,alnum_trailing_digits,alnum_trailing_digits
s112061313060,Y27,27,alnum_trailing_digits,alnum_trailing_digits
s112061313061,Y27,27,alnum_trailing_digits,alnum_trailing_digits
s112061313062,Y27,27,alnum_trailing_digits,alnum_trailing_digits
s112061313063,Y27,27,alnum_trailing_digits,alnum_trailing_digits
s112061313065,Y27,27,alnum_trailing_digits,alnum_trailing_digits
s112061315024,201,201,numeric_integer,numeric_integer
s112061315025,201,201,numeric_integer,numeric_integer
s112061315026,201,201,numeric_integer,numeric_integer
s112061315027,201,201,numeric_integer,numeric_integer
s112061315028,201,201,numeric_integer,numeric_integer
s112061315029,201,201,numeric_integer,numeric_integer
s112061315030,201,201,numeric_integer,numeric_integer
s112061315031,201,201,numeric_integer,numeric_integer
s112061315032,201,201,numeric_integer,numeric_integer
s112061315033,201,201,numeric_integer,numeric_integer
s112061315034,201,201,numeric_integer,numeric_integer
s112061315035,201,201,numeric_integer,numeric_integer
s112061315036,201,201,numeric_integer,numeric_integer
s112061315038,201,201,numeric_integer,numeric_integer
s112061315039,201,201,numeric_integer,numeric_integer
s112061315040,201,201,numeric_integer,numeric_integer
s112061315041,201,201,numeric_integer,numeric_integer
s112061315042,201,201,numeric_integer,numeric_integer
s112061315043,201,201,numeric_integer,numeric_integer
s112061315044,201,201,numeric_integer,numeric_integer
s112061315045,201,201,numeric_integer,numeric_integer
s112061315046,201,201,numeric_integer,numeric_integer
s112061315047,201,201,numeric_integer,numeric_integer
s112061315048,201,201,numeric_integer,numeric_integer
s112061315050,201,201,numeric_integer,numeric_integer
s112061315051,201,201,numeric_integer,numeric_integer
s112061315052,201,201,numeric_integer,numeric_integer
s112061315053,201,201,numeric_integer,numeric_integer
s112061315054,201,201,numeric_integer,numeric_integer
s112061315055,201,201,numeric_integer,numeric_integer
s112061315057,201,201,numeric_integer,numeric_integer
s112061315058,201,201,numeric_integer,numeric_integer
s112061315059,201,201,numeric_integer,numeric_integer
s112061315060,201,201,numeric_integer,numeric_integer
s112061315061,201,201,numeric_integer,numeric_integer
s112061315062,201,201,numeric_integer,numeric_integer
s112061315063,201,201,numeric_integer,numeric_integer
s112061315064,201,201,numeric_integer,numeric_integer
s112061315067,204,204,numeric_integer,numeric_integer
s112061315068,204,204,numeric_integer,numeric_integer
s112061315069,204,204,numeric_integer,numeric_integer
s112061315072,204,204,numeric_integer,numeric_integer
s112061315073,204,204,numeric_integer,numeric_integer
s112061315074,204,204,numeric_integer,numeric_integer
s112061315075,204,204,numeric_integer,numeric_integer
s112061315076,204,204,numeric_integer,numeric_integer
s112061315079,204,204,numeric_integer,numeric_integer
s112061315080,204,204,numeric_integer,numeric_integer
s112061315081,204,204,numeric_integer,numeric_integer
s112061315083,204,204,numeric_integer,numeric_integer
s112061315084,204,204,numeric_integer,numeric_integer
s112061315085,204,204,numeric_integer,numeric_integer
s112061315086,204,204,numeric_integer,numeric_integer
s112061315087,204,204,numeric_integer,numeric_integer
s112061315088,204,204,numeric_integer,numeric_integer
s112061315089,204,204,numeric_integer,numeric_integer
s112061315090,204,204,numeric_integer,numeric_integer
s112061315091,204,204,numeric_integer,numeric_integer
s112061315092,204,204,numeric_integer,numeric_integer
s112061315093,204,204,numeric_integer,numeric_integer
s112061315094,204,204,numeric_integer,numeric_integer
s112061315095,204,204,numeric_integer,numeric_integer
s112061315096,204,204,numeric_integer,numeric_integer
s112061315098,204,204,numeric_integer,numeric_integer
s112061315099,204,204,numeric_integer,numeric_integer
s112061315100,204,204,numeric_integer,numeric_integer
s112061315101,204,204,numeric_integer,numeric_integer
s112061315102,204,204,numeric_integer,numeric_integer
s112061315103,204,204,numeric_integer,numeric_integer
s112061315104,204,204,numeric_integer,numeric_integer
s112061315105,204,204,numeric_integer,numeric_integer
s112061315106,204,204,numeric_integer,numeric_integer
s112061315107,204,204,numeric_integer,numeric_integer
s112061315108,204,204,numeric_integer,numeric_integer
s112061317024,國二03,203,nation_grade_class_pattern,nation_grade_class_pattern
s112061317025,國二03,203,nation_grade_class_pattern,nation_grade_class_pattern
s112061317026,國二03,203,nation_grade_class_pattern,nation_grade_class_pattern
s112061317027,國二03,203,nation_grade_class_pattern,nation_grade_class_pattern
s112061317028,國二03,203,nation_grade_class_pattern,nation_grade_class_pattern
s112061317029,國二03,203,nation_grade_class_pattern,nation_grade_class_pattern
s112061317030,國二03,203,nation_grade_class_pattern,nation_grade_class_pattern
s112061317031,國二03,203,nation_grade_class_pattern,nation_grade_class_pattern
s112061317032,國二03,203,nation_grade_class_pattern,nation_grade_class_pattern
s112061317033,國二03,203,nation_grade_class_pattern,nation_grade_class_pattern
s112061317034,國二03,203,nation_grade_class_pattern,nation_grade_class_pattern
s112061317035,國二03,203,nation_grade_class_pattern,nation_grade_class_pattern
s112061317036,國二03,203,nation_grade_class_pattern,nation_grade_class_pattern
s112061317037,國二03,203,nation_grade_class_pattern,nation_grade_class_pattern
s112061317038,國二03,203,nation_grade_class_pattern,nation_grade_class_pattern
s112061317039,國二03,203,nation_grade_class_pattern,nation_grade_class_pattern
s112061317040,國二03,203,nation_grade_class_pattern,nation_grade_class_pattern
s112061317041,國二03,203,nation_grade_class_pattern,nation_grade_class_pattern
s112061317042,國二03,203,nation_grade_class_pattern,nation_grade_class_pattern
s112061317044,國二03,203,nation_grade_class_pattern,nation_grade_class_pattern
s112061317045,國二03,203,nation_grade_class_pattern,nation_grade_class_pattern
s112061317047,國二03,203,nation_grade_class_pattern,nation_grade_class_pattern
s112061317048,國二03,203,nation_grade_class_pattern,nation_grade_class_pattern
s112061317049,國二03,203,nation_grade_class_pattern,nation_grade_class_pattern
s112061317050,國二03,203,nation_grade_class_pattern,nation_grade_class_pattern
s112061317051,國二03,203,nation_grade_class_pattern,nation_grade_class_pattern
s112061317052,國二03,203,nation_grade_class_pattern,nation_grade_class_pattern
s112061317053,國二03,203,nation_grade_class_pattern,nation_grade_class_pattern
s112061317054,國二03,203,nation_grade_class_pattern,nation_grade_class_pattern
s112061317055,國二03,203,nation_grade_class_pattern,nation_grade_class_pattern
s112061317056,國二03,203,nation_grade_class_pattern,nation_grade_class_pattern
s112061317057,國二03,203,nation_grade_class_pattern,nation_grade_class_pattern
s112061317058,國二03,203,nation_grade_class_pattern,nation_grade_class_pattern
s112061317059,國二03,203,nation_grade_class_pattern,nation_grade_class_pattern
s112061317060,國二03,203,nation_grade_class_pattern,nation_grade_class_pattern
s112061317061,國二03,203,nation_grade_class_pattern,nation_grade_class_pattern
s112061317062,國二03,203,nation_grade_class_pattern,nation_grade_class_pattern
s112061317063,國二03,203,nation_grade_class_pattern,nation_grade_class_pattern
s112061317064,國二03,203,nation_grade_class_pattern,nation_grade_class_pattern
s112061317065,國二03,203,nation_grade_class_pattern,nation_grade_class_pattern
s112061317066,國二03,203,nation_grade_class_pattern,nation_grade_class_pattern
s112061317067,國二03,203,nation_grade_class_pattern,nation_grade_class_pattern
s112061317068,國二03,203,nation_grade_class_pattern,nation_grade_class_pattern
s112061317069,國二03,203,nation_grade_class_pattern,nation_grade_class_pattern
s112061317070,國二03,203,nation_grade_class_pattern,nation_grade_class_pattern
s112061317071,國二03,203,nation_grade_class_pattern,nation_grade_class_pattern
s113061317003,國二03,203,nation_grade_class_pattern,nation_grade_class_pattern
s112061317074,國二07,207,nation_grade_class_pattern,nation_grade_class_pattern
s112061317075,國二07,207,nation_grade_class_pattern,nation_grade_class_pattern
s112061317076,國二07,207,nation_grade_class_pattern,nation_grade_class_pattern
s112061317077,國二07,207,nation_grade_class_pattern,nation_grade_class_pattern
s112061317078,國二07,207,nation_grade_class_pattern,nation_grade_class_pattern
s112061317079,國二07,207,nation_grade_class_pattern,nation_grade_class_pattern
s112061317080,國二07,207,nation_grade_class_pattern,nation_grade_class_pattern
s112061317081,國二07,207,nation_grade_class_pattern,nation_grade_class_pattern
s112061317082,國二07,207,nation_grade_class_pattern,nation_grade_class_pattern
s112061317083,國二07,207,nation_grade_class_pattern,nation_grade_class_pattern
s112061317085,國二07,207,nation_grade_class_pattern,nation_grade_class_pattern
s112061317086,國二07,207,nation_grade_class_pattern,nation_grade_class_pattern
s112061317087,國二07,207,nation_grade_class_pattern,nation_grade_class_pattern
s112061317088,國二07,207,nation_grade_class_pattern,nation_grade_class_pattern
s112061317089,國二07,207,nation_grade_class_pattern,nation_grade_class_pattern
s112061317090,國二07,207,nation_grade_class_pattern,nation_grade_class_pattern
s112061317092,國二07,207,nation_grade_class_pattern,nation_grade_class_pattern
s112061317093,國二07,207,nation_grade_class_pattern,nation_grade_class_pattern
s112061317094,國二07,207,nation_grade_class_pattern,nation_grade_class_pattern
s112061317095,國二07,207,nation_grade_class_pattern,nation_grade_class_pattern
s112061317096,國二07,207,nation_grade_class_pattern,nation_grade_class_pattern
s112061317097,國二07,207,nation_grade_class_pattern,nation_grade_class_pattern
s112061317098,國二07,207,nation_grade_class_pattern,nation_grade_class_pattern
s112061317099,國二07,207,nation_grade_class_pattern,nation_grade_class_pattern
s112061317100,國二07,207,nation_grade_class_pattern,nation_grade_class_pattern
s112061317101,國二07,207,nation_grade_class_pattern,nation_grade_class_pattern
s112061317102,國二07,207,nation_grade_class_pattern,nation_grade_class_pattern
s112061317103,國二07,207,nation_grade_class_pattern,nation_grade_class_pattern
s112061317105,國二07,207,nation_grade_class_pattern,nation_grade_class_pattern
s112061317106,國二07,207,nation_grade_class_pattern,nation_grade_class_pattern
s112061317107,國二07,207,nation_grade_class_pattern,nation_grade_class_pattern
s112061317108,國二07,207,nation_grade_class_pattern,nation_grade_class_pattern
s112061317110,國二07,207,nation_grade_class_pattern,nation_grade_class_pattern
s112061317111,國二07,207,nation_grade_class_pattern,nation_grade_class_pattern
s112061317112,國二07,207,nation_grade_class_pattern,nation_grade_class_pattern
s112061317113,國二07,207,nation_grade_class_pattern,nation_grade_class_pattern
s113061317004,國二07,207,nation_grade_class_pattern,nation_grade_class_pattern
s113061317005,國二07,207,nation_grade_class_pattern,nation_grade_class_pattern
s113061317006,國二07,207,nation_grade_class_pattern,nation_grade_class_pattern
s113061317007,國二07,207,nation_grade_class_pattern,nation_grade_class_pattern
s113061317008,國二07,207,nation_grade_class_pattern,nation_grade_class_pattern
s112064350024,802,802,numeric_integer,numeric_integer
s112064350025,802,802,numeric_integer,numeric_integer
s112064350026,802,802,numeric_integer,numeric_integer
s112064350027,802,802,numeric_integer,numeric_integer
s112064350028,802,802,numeric_integer,numeric_integer
s112064350029,802,802,numeric_integer,numeric_integer
s112064350030,802,802,numeric_integer,numeric_integer
s112064350031,802,802,numeric_integer,numeric_integer
s112064350032,802,802,numeric_integer,numeric_integer
s112064350033,802,802,numeric_integer,numeric_integer
s112064350034,802,802,numeric_integer,numeric_integer
s112064350035,802,802,numeric_integer,numeric_integer
s112064350036,802,802,numeric_integer,numeric_integer
s112064350037,802,802,numeric_integer,numeric_integer
s112064350038,802,802,numeric_integer,numeric_integer
s112064350039,802,802,numeric_integer,numeric_integer
s112064350040,802,802,numeric_integer,numeric_integer
s112064350041,802,802,numeric_integer,numeric_integer
s112064350042,802,802,numeric_integer,numeric_integer
s112064350043,802,802,numeric_integer,numeric_integer
s112064350044,802,802,numeric_integer,numeric_integer
s112064350045,802,802,numeric_integer,numeric_integer
s113064350003,802,802,numeric_integer,numeric_integer
s113064350004,802,802,numeric_integer,numeric_integer
s113064350005,802,802,numeric_integer,numeric_integer
s112064350048,805,805,numeric_integer,numeric_integer
s112064350049,805,805,numeric_integer,numeric_integer
s112064350050,805,805,numeric_integer,numeric_integer
s112064350051,805,805,numeric_integer,numeric_integer
s112064350052,805,805,numeric_integer,numeric_integer
s112064350053,805,805,numeric_integer,numeric_integer
s112064350054,805,805,numeric_integer,numeric_integer
s112064350055,805,805,numeric_integer,numeric_integer
s112064350056,805,805,numeric_integer,numeric_integer
s112064350057,805,805,numeric_integer,numeric_integer
s112064350059,805,805,numeric_integer,numeric_integer
s112064350060,805,805,numeric_integer,numeric_integer
s112064350061,805,805,numeric_integer,numeric_integer
s112064350062,805,805,numeric_integer,numeric_integer
s112064350063,805,805,numeric_integer,numeric_integer
s112064350064,805,805,numeric_integer,numeric_integer
s112064350065,805,805,numeric_integer,numeric_integer
s112064350066,805,805,numeric_integer,numeric_integer
s112064350067,805,805,numeric_integer,numeric_integer
s112064350068,805,805,numeric_integer,numeric_integer
s112064350069,805,805,numeric_integer,numeric_integer
s112064350070,805,805,numeric_integer,numeric_integer
s112064350071,805,805,numeric_integer,numeric_integer
s112064350072,805,805,numeric_integer,numeric_integer
s112064350073,805,805,numeric_integer,numeric_integer
s113064350006,805,805,numeric_integer,numeric_integer
s112064510024,八年二班,802,grade_year_class_pattern,grade_year_class_pattern
s112064510025,八年二班,802,grade_year_class_pattern,grade_year_class_pattern
s112064510026,八年二班,802,grade_year_class_pattern,grade_year_class_pattern
s112064510027,八年二班,802,grade_year_class_pattern,grade_year_class_pattern
s112064510028,八年二班,802,grade_year_class_pattern,grade_year_class_pattern
s112064510029,八年二班,802,grade_year_class_pattern,grade_year_class_pattern
s112064510030,八年二班,802,grade_year_class_pattern,grade_year_class_pattern
s112064510031,八年二班,802,grade_year_class_pattern,grade_year_class_pattern
s112064510032,八年二班,802,grade_year_class_pattern,grade_year_class_pattern
s112064510033,八年二班,802,grade_year_class_pattern,grade_year_class_pattern
s112064510034,八年二班,802,grade_year_class_pattern,grade_year_class_pattern
s112064510035,八年二班,802,grade_year_class_pattern,grade_year_class_pattern
s112064510036,八年二班,802,grade_year_class_pattern,grade_year_class_pattern
s112064510037,八年二班,802,grade_year_class_pattern,grade_year_class_pattern
s112064510038,八年二班,802,grade_year_class_pattern,grade_year_class_pattern
s112064510039,八年二班,802,grade_year_class_pattern,grade_year_class_pattern
s112064510040,八年二班,802,grade_year_class_pattern,grade_year_class_pattern
s112064510041,八年二班,802,grade_year_class_pattern,grade_year_class_pattern
s112064510042,八年二班,802,grade_year_class_pattern,grade_year_class_pattern
s112064510043,八年二班,802,grade_year_class_pattern,grade_year_class_pattern
s112064510044,八年二班,802,grade_year_class_pattern,grade_year_class_pattern
s112064510045,八年二班,802,grade_year_class_pattern,grade_year_class_pattern
s113064510003,八年二班,802,grade_year_class_pattern,grade_year_class_pattern
s112064510048,八年十班,810,grade_year_class_pattern,grade_year_class_pattern
s112064510049,八年十班,810,grade_year_class_pattern,grade_year_class_pattern
s112064510050,八年十班,810,grade_year_class_pattern,grade_year_class_pattern
s112064510051,八年十班,810,grade_year_class_pattern,grade_year_class_pattern
s112064510052,八年十班,810,grade_year_class_pattern,grade_year_class_pattern
s112064510054,八年十班,810,grade_year_class_pattern,grade_year_class_pattern
s112064510055,八年十班,810,grade_year_class_pattern,grade_year_class_pattern
s112064510056,八年十班,810,grade_year_class_pattern,grade_year_class_pattern
s112064510057,八年十班,810,grade_year_class_pattern,grade_year_class_pattern
s112064510058,八年十班,810,grade_year_class_pattern,grade_year_class_pattern
s112064510059,八年十班,810,grade_year_class_pattern,grade_year_class_pattern
s112064510060,八年十班,810,grade_year_class_pattern,grade_year_class_pattern
s112064510061,八年十班,810,grade_year_class_pattern,grade_year_class_pattern
s112064510062,八年十班,810,grade_year_class_pattern,grade_year_class_pattern
s112064510063,八年十班,810,grade_year_class_pattern,grade_year_class_pattern
s112064510064,八年十班,810,grade_year_class_pattern,grade_year_class_pattern
s112064510065,八年十班,810,grade_year_class_pattern,grade_year_class_pattern
s112064510066,八年十班,810,grade_year_class_pattern,grade_year_class_pattern
s112064510067,八年十班,810,grade_year_class_pattern,grade_year_class_pattern
s112064510068,八年十班,810,grade_year_class_pattern,grade_year_class_pattern
s112064510069,八年十班,810,grade_year_class_pattern,grade_year_class_pattern
s112064510070,八年十班,810,grade_year_class_pattern,grade_year_class_pattern
s112064510071,八年十班,810,grade_year_class_pattern,grade_year_class_pattern
s112064510073,八年十班,810,grade_year_class_pattern,grade_year_class_pattern
s112064515025,807,807,numeric_integer,numeric_integer
s112064515026,807,807,numeric_integer,numeric_integer
s112064515027,807,807,numeric_integer,numeric_integer
s112064515028,807,807,numeric_integer,numeric_integer
s112064515029,807,807,numeric_integer,numeric_integer
s112064515030,807,807,numeric_integer,numeric_integer
s112064515031,807,807,numeric_integer,numeric_integer
s112064515032,807,807,numeric_integer,numeric_integer
s112064515033,807,807,numeric_integer,numeric_integer
s112064515034,807,807,numeric_integer,numeric_integer
s112064515035,807,807,numeric_integer,numeric_integer
s112064515036,807,807,numeric_integer,numeric_integer
s112064515037,807,807,numeric_integer,numeric_integer
s112064515038,807,807,numeric_integer,numeric_integer
s112064515039,807,807,numeric_integer,numeric_integer
s112064515040,807,807,numeric_integer,numeric_integer
s112064515041,807,807,numeric_integer,numeric_integer
s112064515042,807,807,numeric_integer,numeric_integer
s112064515043,807,807,numeric_integer,numeric_integer
s112064515044,807,807,numeric_integer,numeric_integer
s112064515045,807,807,numeric_integer,numeric_integer
s112064515046,807,807,numeric_integer,numeric_integer
s112064515047,807,807,numeric_integer,numeric_integer
s112064515048,807,807,numeric_integer,numeric_integer
s112064515049,807,807,numeric_integer,numeric_integer
s112064515050,807,807,numeric_integer,numeric_integer
s113064515003,807,807,numeric_integer,numeric_integer
s113064515004,807,807,numeric_integer,numeric_integer
s112064515053,816,816,numeric_integer,numeric_integer
s112064515054,816,816,numeric_integer,numeric_integer
s112064515055,816,816,numeric_integer,numeric_integer
s112064515056,816,816,numeric_integer,numeric_integer
s112064515057,816,816,numeric_integer,numeric_integer
s112064515058,816,816,numeric_integer,numeric_integer
s112064515059,816,816,numeric_integer,numeric_integer
s112064515060,816,816,numeric_integer,numeric_integer
s112064515061,816,816,numeric_integer,numeric_integer
s112064515062,816,816,numeric_integer,numeric_integer
s112064515063,816,816,numeric_integer,numeric_integer
s112064515064,816,816,numeric_integer,numeric_integer
s112064515065,816,816,numeric_integer,numeric_integer
s112064515066,816,816,numeric_integer,numeric_integer
s112064515067,816,816,numeric_integer,numeric_integer
s112064515068,816,816,numeric_integer,numeric_integer
s112064515069,816,816,numeric_integer,numeric_integer
s112064515070,816,816,numeric_integer,numeric_integer
s112064515071,816,816,numeric_integer,numeric_integer
s112064515072,816,816,numeric_integer,numeric_integer
s112064515073,816,816,numeric_integer,numeric_integer
s112064515074,816,816,numeric_integer,numeric_integer
s112064515075,816,816,numeric_integer,numeric_integer
s112064515076,816,816,numeric_integer,numeric_integer
s112064515077,816,816,numeric_integer,numeric_integer
s112064515078,816,816,numeric_integer,numeric_integer
s112064515079,816,816,numeric_integer,numeric_integer
s113064515007,816,816,numeric_integer,numeric_integer
s112064519024,803,803,numeric_integer,numeric_integer
s112064519025,803,803,numeric_integer,numeric_integer
s112064519026,803,803,numeric_integer,numeric_integer
s112064519027,803,803,numeric_integer,numeric_integer
s112064519028,803,803,numeric_integer,numeric_integer
s112064519029,803,803,numeric_integer,numeric_integer
s112064519030,803,803,numeric_integer,numeric_integer
s112064519031,803,803,numeric_integer,numeric_integer
s112064519032,803,803,numeric_integer,numeric_integer
s112064519033,803,803,numeric_integer,numeric_integer
s112064519034,803,803,numeric_integer,numeric_integer
s112064519035,803,803,numeric_integer,numeric_integer
s112064519036,803,803,numeric_integer,numeric_integer
s112064519037,803,803,numeric_integer,numeric_integer
s112064519038,803,803,numeric_integer,numeric_integer
s112064519039,803,803,numeric_integer,numeric_integer
s112064519040,803,803,numeric_integer,numeric_integer
s112064519041,803,803,numeric_integer,numeric_integer
s112064519042,803,803,numeric_integer,numeric_integer
s112064519043,803,803,numeric_integer,numeric_integer
s112064519044,803,803,numeric_integer,numeric_integer
s112064519045,803,803,numeric_integer,numeric_integer
s112064519046,803,803,numeric_integer,numeric_integer
s112064519047,803,803,numeric_integer,numeric_integer
s112064519048,803,803,numeric_integer,numeric_integer
s112064519049,803,803,numeric_integer,numeric_integer
s112064521024,8年1班,801,grade_year_class_pattern,grade_year_class_pattern
s112064521025,8年1班,801,grade_year_class_pattern,grade_year_class_pattern
s112064521026,8年1班,801,grade_year_class_pattern,grade_year_class_pattern
s112064521027,8年1班,801,grade_year_class_pattern,grade_year_class_pattern
s112064521028,8年1班,801,grade_year_class_pattern,grade_year_class_pattern
s112064521029,8年1班,801,grade_year_class_pattern,grade_year_class_pattern
s112064521030,8年1班,801,grade_year_class_pattern,grade_year_class_pattern
s112064521031,8年1班,801,grade_year_class_pattern,grade_year_class_pattern
s112064521032,8年1班,801,grade_year_class_pattern,grade_year_class_pattern
s112064521033,8年1班,801,grade_year_class_pattern,grade_year_class_pattern
s112064521034,8年1班,801,grade_year_class_pattern,grade_year_class_pattern
s112064521035,8年1班,801,grade_year_class_pattern,grade_year_class_pattern
s112064521036,8年1班,801,grade_year_class_pattern,grade_year_class_pattern
s112064521039,8年3班,803,grade_year_class_pattern,grade_year_class_pattern
s112064521040,8年3班,803,grade_year_class_pattern,grade_year_class_pattern
s112064521041,8年3班,803,grade_year_class_pattern,grade_year_class_pattern
s112064521042,8年3班,803,grade_year_class_pattern,grade_year_class_pattern
s112064521043,8年3班,803,grade_year_class_pattern,grade_year_class_pattern
s112064521044,8年3班,803,grade_year_class_pattern,grade_year_class_pattern
s112064521045,8年3班,803,grade_year_class_pattern,grade_year_class_pattern
s112064521046,8年3班,803,grade_year_class_pattern,grade_year_class_pattern
s112064521047,8年3班,803,grade_year_class_pattern,grade_year_class_pattern
s112064521048,8年3班,803,grade_year_class_pattern,grade_year_class_pattern
s112064521049,8年3班,803,grade_year_class_pattern,grade_year_class_pattern
s112064521050,8年3班,803,grade_year_class_pattern,grade_year_class_pattern
s113064521005,8年3班,803,grade_year_class_pattern,grade_year_class_pattern
s112064523048,八年八班,808,grade_year_class_pattern,grade_year_class_pattern
s112064523049,八年八班,808,grade_year_class_pattern,grade_year_class_pattern
s112064523050,八年八班,808,grade_year_class_pattern,grade_year_class_pattern
s112064523051,八年八班,808,grade_year_class_pattern,grade_year_class_pattern
s112064523052,八年八班,808,grade_year_class_pattern,grade_year_class_pattern
s112064523053,八年八班,808,grade_year_class_pattern,grade_year_class_pattern
s112064523054,八年八班,808,grade_year_class_pattern,grade_year_class_pattern
s112064523055,八年八班,808,grade_year_class_pattern,grade_year_class_pattern
s112064523056,八年八班,808,grade_year_class_pattern,grade_year_class_pattern
s112064523057,八年八班,808,grade_year_class_pattern,grade_year_class_pattern
s112064523058,八年八班,808,grade_year_class_pattern,grade_year_class_pattern
s112064523059,八年八班,808,grade_year_class_pattern,grade_year_class_pattern
s112064523060,八年八班,808,grade_year_class_pattern,grade_year_class_pattern
s112064523061,八年八班,808,grade_year_class_pattern,grade_year_class_pattern
s112064523062,八年八班,808,grade_year_class_pattern,grade_year_class_pattern
s112064523063,八年八班,808,grade_year_class_pattern,grade_year_class_pattern
s112064523064,八年八班,808,grade_year_class_pattern,grade_year_class_pattern
s112064523065,八年八班,808,grade_year_class_pattern,grade_year_class_pattern
s112064523066,八年八班,808,grade_year_class_pattern,grade_year_class_pattern
s112064523067,八年八班,808,grade_year_class_pattern,grade_year_class_pattern
s112064523068,八年八班,808,grade_year_class_pattern,grade_year_class_pattern
s112064523069,八年八班,808,grade_year_class_pattern,grade_year_class_pattern
s112064523070,八年八班,808,grade_year_class_pattern,grade_year_class_pattern
s112064523071,八年八班,808,grade_year_class_pattern,grade_year_class_pattern
s112064523072,八年八班,808,grade_year_class_pattern,grade_year_class_pattern
s112064523024,八年三班,803,grade_year_class_pattern,grade_year_class_pattern
s112064523025,八年三班,803,grade_year_class_pattern,grade_year_class_pattern
s112064523026,八年三班,803,grade_year_class_pattern,grade_year_class_pattern
s112064523027,八年三班,803,grade_year_class_pattern,grade_year_class_pattern
s112064523028,八年三班,803,grade_year_class_pattern,grade_year_class_pattern
s112064523029,八年三班,803,grade_year_class_pattern,grade_year_class_pattern
s112064523030,八年三班,803,grade_year_class_pattern,grade_year_class_pattern
s112064523032,八年三班,803,grade_year_class_pattern,grade_year_class_pattern
s112064523033,八年三班,803,grade_year_class_pattern,grade_year_class_pattern
s112064523034,八年三班,803,grade_year_class_pattern,grade_year_class_pattern
s112064523035,八年三班,803,grade_year_class_pattern,grade_year_class_pattern
s112064523036,八年三班,803,grade_year_class_pattern,grade_year_class_pattern
s112064523037,八年三班,803,grade_year_class_pattern,grade_year_class_pattern
s112064523038,八年三班,803,grade_year_class_pattern,grade_year_class_pattern
s112064523039,八年三班,803,grade_year_class_pattern,grade_year_class_pattern
s112064523040,八年三班,803,grade_year_class_pattern,grade_year_class_pattern
s112064523041,八年三班,803,grade_year_class_pattern,grade_year_class_pattern
s112064523043,八年三班,803,grade_year_class_pattern,grade_year_class_pattern
s112064523044,八年三班,803,grade_year_class_pattern,grade_year_class_pattern
s113064523003,八年三班,803,grade_year_class_pattern,grade_year_class_pattern
s113064523004,八年三班,803,grade_year_class_pattern,grade_year_class_pattern
s113064523005,八年三班,803,grade_year_class_pattern,grade_year_class_pattern
s113064523006,八年三班,803,grade_year_class_pattern,grade_year_class_pattern
s112064526024,801,801,numeric_integer,numeric_integer
s112064526025,801,801,numeric_integer,numeric_integer
s112064526026,801,801,numeric_integer,numeric_integer
s112064526027,801,801,numeric_integer,numeric_integer
s112064526028,801,801,numeric_integer,numeric_integer
s112064526029,801,801,numeric_integer,numeric_integer
s112064526030,801,801,numeric_integer,numeric_integer
s112064526031,801,801,numeric_integer,numeric_integer
s112064526032,801,801,numeric_integer,numeric_integer
s112064526033,801,801,numeric_integer,numeric_integer
s112064526034,801,801,numeric_integer,numeric_integer
s112064526036,801,801,numeric_integer,numeric_integer
s112064526037,801,801,numeric_integer,numeric_integer
s112064526038,801,801,numeric_integer,numeric_integer
s112064526039,801,801,numeric_integer,numeric_integer
s112064526041,801,801,numeric_integer,numeric_integer
s112064526042,801,801,numeric_integer,numeric_integer
s112064526043,801,801,numeric_integer,numeric_integer
s112064526044,801,801,numeric_integer,numeric_integer
s112064526045,801,801,numeric_integer,numeric_integer
s112064526046,801,801,numeric_integer,numeric_integer
s112064526047,801,801,numeric_integer,numeric_integer
s112064526049,801,801,numeric_integer,numeric_integer
s112064526050,801,801,numeric_integer,numeric_integer
s113064526003,801,801,numeric_integer,numeric_integer
s113064526004,801,801,numeric_integer,numeric_integer
s112064526052,804,804,numeric_integer,numeric_integer
s112064526053,804,804,numeric_integer,numeric_integer
s112064526055,804,804,numeric_integer,numeric_integer
s112064526056,804,804,numeric_integer,numeric_integer
s112064526060,804,804,numeric_integer,numeric_integer
s112064526061,804,804,numeric_integer,numeric_integer
s112064526063,804,804,numeric_integer,numeric_integer
s112064526064,804,804,numeric_integer,numeric_integer
s112064526065,804,804,numeric_integer,numeric_integer
s112064526066,804,804,numeric_integer,numeric_integer
s112064526067,804,804,numeric_integer,numeric_integer
s112064526068,804,804,numeric_integer,numeric_integer
s112064526069,804,804,numeric_integer,numeric_integer
s112064526071,804,804,numeric_integer,numeric_integer
s112064526072,804,804,numeric_integer,numeric_integer
s112064526074,804,804,numeric_integer,numeric_integer
s112064526075,804,804,numeric_integer,numeric_integer
s112064526076,804,804,numeric_integer,numeric_integer
s112064533024,801,801,numeric_integer,numeric_integer
s112064533025,801,801,numeric_integer,numeric_integer
s112064533026,801,801,numeric_integer,numeric_integer
s112064533027,801,801,numeric_integer,numeric_integer
s112064533029,801,801,numeric_integer,numeric_integer
s112064533032,802,802,numeric_integer,numeric_integer
s112064533034,802,802,numeric_integer,numeric_integer
s112064533035,802,802,numeric_integer,numeric_integer
s112064533036,802,802,numeric_integer,numeric_integer
s113064533004,802,802,numeric_integer,numeric_integer
s113064533005,802,802,numeric_integer,numeric_integer
s112064537044,八年18班,818,grade_year_class_pattern,grade_year_class_pattern
s112064537045,八年18班,818,grade_year_class_pattern,grade_year_class_pattern
s112064537046,八年18班,818,grade_year_class_pattern,grade_year_class_pattern
s112064537047,八年18班,818,grade_year_class_pattern,grade_year_class_pattern
s112064537049,八年18班,818,grade_year_class_pattern,grade_year_class_pattern
s112064537050,八年18班,818,grade_year_class_pattern,grade_year_class_pattern
s112064537051,八年18班,818,grade_year_class_pattern,grade_year_class_pattern
s112064537052,八年18班,818,grade_year_class_pattern,grade_year_class_pattern
s112064537053,八年18班,818,grade_year_class_pattern,grade_year_class_pattern
s112064537054,八年18班,818,grade_year_class_pattern,grade_year_class_pattern
s112064537055,八年18班,818,grade_year_class_pattern,grade_year_class_pattern
s112064537056,八年18班,818,grade_year_class_pattern,grade_year_class_pattern
s112064537057,八年18班,818,grade_year_class_pattern,grade_year_class_pattern
s112064537058,八年18班,818,grade_year_class_pattern,grade_year_class_pattern
s112064537059,八年18班,818,grade_year_class_pattern,grade_year_class_pattern
s112064537060,八年18班,818,grade_year_class_pattern,grade_year_class_pattern
s112064537061,八年18班,818,grade_year_class_pattern,grade_year_class_pattern
s112064537062,八年18班,818,grade_year_class_pattern,grade_year_class_pattern
s112064537024,八年9班,809,grade_year_class_pattern,grade_year_class_pattern
s112064537025,八年9班,809,grade_year_class_pattern,grade_year_class_pattern
s112064537026,八年9班,809,grade_year_class_pattern,grade_year_class_pattern
s112064537027,八年9班,809,grade_year_class_pattern,grade_year_class_pattern
s112064537028,八年9班,809,grade_year_class_pattern,grade_year_class_pattern
s112064537029,八年9班,809,grade_year_class_pattern,grade_year_class_pattern
s112064537030,八年9班,809,grade_year_class_pattern,grade_year_class_pattern
s112064537031,八年9班,809,grade_year_class_pattern,grade_year_class_pattern
s112064537032,八年9班,809,grade_year_class_pattern,grade_year_class_pattern
s112064537033,八年9班,809,grade_year_class_pattern,grade_year_class_pattern
s112064537034,八年9班,809,grade_year_class_pattern,grade_year_class_pattern
s112064537035,八年9班,809,grade_year_class_pattern,grade_year_class_pattern
s112064537036,八年9班,809,grade_year_class_pattern,grade_year_class_pattern
s112064537037,八年9班,809,grade_year_class_pattern,grade_year_class_pattern
s112064537038,八年9班,809,grade_year_class_pattern,grade_year_class_pattern
s112064537039,八年9班,809,grade_year_class_pattern,grade_year_class_pattern
s112064537040,八年9班,809,grade_year_class_pattern,grade_year_class_pattern
s112064537041,八年9班,809,grade_year_class_pattern,grade_year_class_pattern
s113064537003,八年9班,809,grade_year_class_pattern,grade_year_class_pattern
s112064538055,八年十一班,811,grade_year_class_pattern,grade_year_class_pattern
s112064538056,八年十一班,811,grade_year_class_pattern,grade_year_class_pattern
s112064538057,八年十一班,811,grade_year_class_pattern,grade_year_class_pattern
s112064538058,八年十一班,811,grade_year_class_pattern,grade_year_class_pattern
s112064538059,八年十一班,811,grade_year_class_pattern,grade_year_class_pattern
s112064538060,八年十一班,811,grade_year_class_pattern,grade_year_class_pattern
s112064538061,八年十一班,811,grade_year_class_pattern,grade_year_class_pattern
s112064538062,八年十一班,811,grade_year_class_pattern,grade_year_class_pattern
s112064538063,八年十一班,811,grade_year_class_pattern,grade_year_class_pattern
s112064538064,八年十一班,811,grade_year_class_pattern,grade_year_class_pattern
s112064538065,八年十一班,811,grade_year_class_pattern,grade_year_class_pattern
s112064538066,八年十一班,811,grade_year_class_pattern,grade_year_class_pattern
s112064538067,八年十一班,811,grade_year_class_pattern,grade_year_class_pattern
s112064538068,八年十一班,811,grade_year_class_pattern,grade_year_class_pattern
s112064538069,八年十一班,811,grade_year_class_pattern,grade_year_class_pattern
s112064538070,八年十一班,811,grade_year_class_pattern,grade_year_class_pattern
s112064538071,八年十一班,811,grade_year_class_pattern,grade_year_class_pattern
s112064538072,八年十一班,811,grade_year_class_pattern,grade_year_class_pattern
s112064538073,八年十一班,811,grade_year_class_pattern,grade_year_class_pattern
s112064538074,八年十一班,811,grade_year_class_pattern,grade_year_class_pattern
s112064538075,八年十一班,811,grade_year_class_pattern,grade_year_class_pattern
s112064538076,八年十一班,811,grade_year_class_pattern,grade_year_class_pattern
s112064538077,八年十一班,811,grade_year_class_pattern,grade_year_class_pattern
s112064538078,八年十一班,811,grade_year_class_pattern,grade_year_class_pattern
s112064538079,八年十一班,811,grade_year_class_pattern,grade_year_class_pattern
s113064538005,八年十一班,811,grade_year_class_pattern,grade_year_class_pattern
s113064538006,八年十一班,811,grade_year_class_pattern,grade_year_class_pattern
s113064538007,八年十一班,811,grade_year_class_pattern,grade_year_class_pattern
s112064538024,八年五班,805,grade_year_class_pattern,grade_year_class_pattern
s112064538025,八年五班,805,grade_year_class_pattern,grade_year_class_pattern
s112064538027,八年五班,805,grade_year_class_pattern,grade_year_class_pattern
s112064538028,八年五班,805,grade_year_class_pattern,grade_year_class_pattern
s112064538029,八年五班,805,grade_year_class_pattern,grade_year_class_pattern
s112064538030,八年五班,805,grade_year_class_pattern,grade_year_class_pattern
s112064538031,八年五班,805,grade_year_class_pattern,grade_year_class_pattern
s112064538032,八年五班,805,grade_year_class_pattern,grade_year_class_pattern
s112064538033,八年五班,805,grade_year_class_pattern,grade_year_class_pattern
s112064538034,八年五班,805,grade_year_class_pattern,grade_year_class_pattern
s112064538035,八年五班,805,grade_year_class_pattern,grade_year_class_pattern
s112064538036,八年五班,805,grade_year_class_pattern,grade_year_class_pattern
s112064538037,八年五班,805,grade_year_class_pattern,grade_year_class_pattern
s112064538039,八年五班,805,grade_year_class_pattern,grade_year_class_pattern
s112064538040,八年五班,805,grade_year_class_pattern,grade_year_class_pattern
s112064538041,八年五班,805,grade_year_class_pattern,grade_year_class_pattern
s112064538042,八年五班,805,grade_year_class_pattern,grade_year_class_pattern
s112064538043,八年五班,805,grade_year_class_pattern,grade_year_class_pattern
s112064538044,八年五班,805,grade_year_class_pattern,grade_year_class_pattern
s112064538045,八年五班,805,grade_year_class_pattern,grade_year_class_pattern
s112064538046,八年五班,805,grade_year_class_pattern,grade_year_class_pattern
s112064538047,八年五班,805,grade_year_class_pattern,grade_year_class_pattern
s112064538048,八年五班,805,grade_year_class_pattern,grade_year_class_pattern
s112064538049,八年五班,805,grade_year_class_pattern,grade_year_class_pattern
s112064538050,八年五班,805,grade_year_class_pattern,grade_year_class_pattern
s112064538051,八年五班,805,grade_year_class_pattern,grade_year_class_pattern
s113064538003,八年五班,805,grade_year_class_pattern,grade_year_class_pattern
s113064538004,八年五班,805,grade_year_class_pattern,grade_year_class_pattern
s112064543025,801,801,numeric_integer,numeric_integer
s112064543026,801,801,numeric_integer,numeric_integer
s112064543027,801,801,numeric_integer,numeric_integer
s112064543028,801,801,numeric_integer,numeric_integer
s112064543029,801,801,numeric_integer,numeric_integer
s112064543030,801,801,numeric_integer,numeric_integer
s112064543031,801,801,numeric_integer,numeric_integer
s112064543032,801,801,numeric_integer,numeric_integer
s112064543033,801,801,numeric_integer,numeric_integer
s112064543034,801,801,numeric_integer,numeric_integer
s112064543035,801,801,numeric_integer,numeric_integer
s112064543036,801,801,numeric_integer,numeric_integer
s112064543037,801,801,numeric_integer,numeric_integer
s112064543038,801,801,numeric_integer,numeric_integer
s112064543039,801,801,numeric_integer,numeric_integer
s112064543041,801,801,numeric_integer,numeric_integer
s112064543042,801,801,numeric_integer,numeric_integer
s112064543044,801,801,numeric_integer,numeric_integer
s112064543045,801,801,numeric_integer,numeric_integer
s112064543047,801,801,numeric_integer,numeric_integer
s112064543048,801,801,numeric_integer,numeric_integer
s113064543003,801,801,numeric_integer,numeric_integer
s113064543004,801,801,numeric_integer,numeric_integer
s113064543005,801,801,numeric_integer,numeric_integer
s113064543006,801,801,numeric_integer,numeric_integer
s112064543051,808,808,numeric_integer,numeric_integer
s112064543052,808,808,numeric_integer,numeric_integer
s112064543053,808,808,numeric_integer,numeric_integer
s112064543054,808,808,numeric_integer,numeric_integer
s112064543055,808,808,numeric_integer,numeric_integer
s112064543056,808,808,numeric_integer,numeric_integer
s112064543057,808,808,numeric_integer,numeric_integer
s112064543058,808,808,numeric_integer,numeric_integer
s112064543059,808,808,numeric_integer,numeric_integer
s112064543060,808,808,numeric_integer,numeric_integer
s112064543061,808,808,numeric_integer,numeric_integer
s112064543062,808,808,numeric_integer,numeric_integer
s112064543063,808,808,numeric_integer,numeric_integer
s112064543064,808,808,numeric_integer,numeric_integer
s112064543065,808,808,numeric_integer,numeric_integer
s112064543066,808,808,numeric_integer,numeric_integer
s112064543067,808,808,numeric_integer,numeric_integer
s112064543068,808,808,numeric_integer,numeric_integer
s112064543069,808,808,numeric_integer,numeric_integer
s112064543070,808,808,numeric_integer,numeric_integer
s112064543071,808,808,numeric_integer,numeric_integer
s112064543072,808,808,numeric_integer,numeric_integer
s112064543073,808,808,numeric_integer,numeric_integer
s112064543074,808,808,numeric_integer,numeric_integer
s112064543075,808,808,numeric_integer,numeric_integer
s113064543008,808,808,numeric_integer,numeric_integer
s112064545024,八年4班,804,grade_year_class_pattern,grade_year_class_pattern
s112064545025,八年4班,804,grade_year_class_pattern,grade_year_class_pattern
s112064545026,八年4班,804,grade_year_class_pattern,grade_year_class_pattern
s112064545028,八年4班,804,grade_year_class_pattern,grade_year_class_pattern
s112064545029,八年4班,804,grade_year_class_pattern,grade_year_class_pattern
s112064545030,八年4班,804,grade_year_class_pattern,grade_year_class_pattern
s112064545031,八年4班,804,grade_year_class_pattern,grade_year_class_pattern
s112064545032,八年4班,804,grade_year_class_pattern,grade_year_class_pattern
s112064545033,八年4班,804,grade_year_class_pattern,grade_year_class_pattern
s112064545034,八年4班,804,grade_year_class_pattern,grade_year_class_pattern
s112064545035,八年4班,804,grade_year_class_pattern,grade_year_class_pattern
s112064545036,八年4班,804,grade_year_class_pattern,grade_year_class_pattern
s112064545037,八年4班,804,grade_year_class_pattern,grade_year_class_pattern
s112064545038,八年4班,804,grade_year_class_pattern,grade_year_class_pattern
s112064545039,八年4班,804,grade_year_class_pattern,grade_year_class_pattern
s112064545040,八年4班,804,grade_year_class_pattern,grade_year_class_pattern
s113064545003,八年4班,804,grade_year_class_pattern,grade_year_class_pattern
s112064545044,八年7班,807,grade_year_class_pattern,grade_year_class_pattern
s112064545045,八年7班,807,grade_year_class_pattern,grade_year_class_pattern
s112064545046,八年7班,807,grade_year_class_pattern,grade_year_class_pattern
s112064545047,八年7班,807,grade_year_class_pattern,grade_year_class_pattern
s112064545048,八年7班,807,grade_year_class_pattern,grade_year_class_pattern
s112064545050,八年7班,807,grade_year_class_pattern,grade_year_class_pattern
s112064545051,八年7班,807,grade_year_class_pattern,grade_year_class_pattern
s112064545052,八年7班,807,grade_year_class_pattern,grade_year_class_pattern
s112064545053,八年7班,807,grade_year_class_pattern,grade_year_class_pattern
s112064545054,八年7班,807,grade_year_class_pattern,grade_year_class_pattern
s112064545055,八年7班,807,grade_year_class_pattern,grade_year_class_pattern
s112064545056,八年7班,807,grade_year_class_pattern,grade_year_class_pattern
s112064545057,八年7班,807,grade_year_class_pattern,grade_year_class_pattern
s112064545058,八年7班,807,grade_year_class_pattern,grade_year_class_pattern
s112064545059,八年7班,807,grade_year_class_pattern,grade_year_class_pattern
s112064545060,八年7班,807,grade_year_class_pattern,grade_year_class_pattern
s113064545004,八年7班,807,grade_year_class_pattern,grade_year_class_pattern
s113064545007,八年7班,807,grade_year_class_pattern,grade_year_class_pattern
s112064546053,八年九班,809,grade_year_class_pattern,grade_year_class_pattern
s112064546054,八年九班,809,grade_year_class_pattern,grade_year_class_pattern
s112064546055,八年九班,809,grade_year_class_pattern,grade_year_class_pattern
s112064546056,八年九班,809,grade_year_class_pattern,grade_year_class_pattern
s112064546057,八年九班,809,grade_year_class_pattern,grade_year_class_pattern
s112064546058,八年九班,809,grade_year_class_pattern,grade_year_class_pattern
s112064546059,八年九班,809,grade_year_class_pattern,grade_year_class_pattern
s112064546060,八年九班,809,grade_year_class_pattern,grade_year_class_pattern
s112064546061,八年九班,809,grade_year_class_pattern,grade_year_class_pattern
s112064546062,八年九班,809,grade_year_class_pattern,grade_year_class_pattern
s112064546063,八年九班,809,grade_year_class_pattern,grade_year_class_pattern
s112064546064,八年九班,809,grade_year_class_pattern,grade_year_class_pattern
s112064546065,八年九班,809,grade_year_class_pattern,grade_year_class_pattern
s112064546066,八年九班,809,grade_year_class_pattern,grade_year_class_pattern
s112064546067,八年九班,809,grade_year_class_pattern,grade_year_class_pattern
s112064546068,八年九班,809,grade_year_class_pattern,grade_year_class_pattern
s112064546069,八年九班,809,grade_year_class_pattern,grade_year_class_pattern
s112064546070,八年九班,809,grade_year_class_pattern,grade_year_class_pattern
s112064546071,八年九班,809,grade_year_class_pattern,grade_year_class_pattern
s112064546072,八年九班,809,grade_year_class_pattern,grade_year_class_pattern
s112064546073,八年九班,809,grade_year_class_pattern,grade_year_class_pattern
s112064546074,八年九班,809,grade_year_class_pattern,grade_year_class_pattern
s112064546075,八年九班,809,grade_year_class_pattern,grade_year_class_pattern
s112064546076,八年九班,809,grade_year_class_pattern,grade_year_class_pattern
s112064546077,八年九班,809,grade_year_class_pattern,grade_year_class_pattern
s112064546078,八年九班,809,grade_year_class_pattern,grade_year_class_pattern
s112064546079,八年九班,809,grade_year_class_pattern,grade_year_class_pattern
s113064546004,八年九班,809,grade_year_class_pattern,grade_year_class_pattern
s112064546024,八年二班,802,grade_year_class_pattern,grade_year_class_pattern
s112064546025,八年二班,802,grade_year_class_pattern,grade_year_class_pattern
s112064546026,八年二班,802,grade_year_class_pattern,grade_year_class_pattern
s112064546027,八年二班,802,grade_year_class_pattern,grade_year_class_pattern
s112064546028,八年二班,802,grade_year_class_pattern,grade_year_class_pattern
s112064546030,八年二班,802,grade_year_class_pattern,grade_year_class_pattern
s112064546031,八年二班,802,grade_year_class_pattern,grade_year_class_pattern
s112064546032,八年二班,802,grade_year_class_pattern,grade_year_class_pattern
s112064546033,八年二班,802,grade_year_class_pattern,grade_year_class_pattern
s112064546036,八年二班,802,grade_year_class_pattern,grade_year_class_pattern
s112064546037,八年二班,802,grade_year_class_pattern,grade_year_class_pattern
s112064546038,八年二班,802,grade_year_class_pattern,grade_year_class_pattern
s112064546039,八年二班,802,grade_year_class_pattern,grade_year_class_pattern
s112064546040,八年二班,802,grade_year_class_pattern,grade_year_class_pattern
s112064546041,八年二班,802,grade_year_class_pattern,grade_year_class_pattern
s112064546042,八年二班,802,grade_year_class_pattern,grade_year_class_pattern
s112064546043,八年二班,802,grade_year_class_pattern,grade_year_class_pattern
s112064546044,八年二班,802,grade_year_class_pattern,grade_year_class_pattern
s112064546045,八年二班,802,grade_year_class_pattern,grade_year_class_pattern
s112064546046,八年二班,802,grade_year_class_pattern,grade_year_class_pattern
s112064546047,八年二班,802,grade_year_class_pattern,grade_year_class_pattern
s112064546048,八年二班,802,grade_year_class_pattern,grade_year_class_pattern
s112064546049,八年二班,802,grade_year_class_pattern,grade_year_class_pattern
s112064546050,八年二班,802,grade_year_class_pattern,grade_year_class_pattern
s113064546003,八年二班,802,grade_year_class_pattern,grade_year_class_pattern
s112064548024,801,801,numeric_integer,numeric_integer
s112064548025,801,801,numeric_integer,numeric_integer
s112064548027,801,801,numeric_integer,numeric_integer
s112064548028,801,801,numeric_integer,numeric_integer
s112064548029,801,801,numeric_integer,numeric_integer
s112064548030,801,801,numeric_integer,numeric_integer
s112064548031,801,801,numeric_integer,numeric_integer
s112064548032,801,801,numeric_integer,numeric_integer
s112064548033,801,801,numeric_integer,numeric_integer
s112064548034,801,801,numeric_integer,numeric_integer
s112064548035,801,801,numeric_integer,numeric_integer
s112064548036,801,801,numeric_integer,numeric_integer
s112064548037,801,801,numeric_integer,numeric_integer
s112064548038,801,801,numeric_integer,numeric_integer
s112064548039,801,801,numeric_integer,numeric_integer
s112064548040,801,801,numeric_integer,numeric_integer
s112064548041,801,801,numeric_integer,numeric_integer
s112064548042,801,801,numeric_integer,numeric_integer
s112064548043,801,801,numeric_integer,numeric_integer
s112064548044,801,801,numeric_integer,numeric_integer
s112064548045,801,801,numeric_integer,numeric_integer
s112064548046,801,801,numeric_integer,numeric_integer
s112064548047,801,801,numeric_integer,numeric_integer
s112064548048,801,801,numeric_integer,numeric_integer
s112064548049,801,801,numeric_integer,numeric_integer
s112064548050,801,801,numeric_integer,numeric_integer
s113064548003,801,801,numeric_integer,numeric_integer
s112064548053,809,809,numeric_integer,numeric_integer
s112064548054,809,809,numeric_integer,numeric_integer
s112064548055,809,809,numeric_integer,numeric_integer
s112064548056,809,809,numeric_integer,numeric_integer
s112064548057,809,809,numeric_integer,numeric_integer
s112064548058,809,809,numeric_integer,numeric_integer
s112064548059,809,809,numeric_integer,numeric_integer
s112064548060,809,809,numeric_integer,numeric_integer
s112064548061,809,809,numeric_integer,numeric_integer
s112064548062,809,809,numeric_integer,numeric_integer
s112064548063,809,809,numeric_integer,numeric_integer
s112064548064,809,809,numeric_integer,numeric_integer
s112064548065,809,809,numeric_integer,numeric_integer
s112064548066,809,809,numeric_integer,numeric_integer
s112064548067,809,809,numeric_integer,numeric_integer
s112064548068,809,809,numeric_integer,numeric_integer
s112064548069,809,809,numeric_integer,numeric_integer
s112064548070,809,809,numeric_integer,numeric_integer
s112064548071,809,809,numeric_integer,numeric_integer
s112064548072,809,809,numeric_integer,numeric_integer
s112064548073,809,809,numeric_integer,numeric_integer
s112064548074,809,809,numeric_integer,numeric_integer
s112064548075,809,809,numeric_integer,numeric_integer
s112064548076,809,809,numeric_integer,numeric_integer
s112064548077,809,809,numeric_integer,numeric_integer
s112064548078,809,809,numeric_integer,numeric_integer
s112064548079,809,809,numeric_integer,numeric_integer
s113064548004,809,809,numeric_integer,numeric_integer
s112064551024,802,802,numeric_integer,numeric_integer
s112064551025,802,802,numeric_integer,numeric_integer
s112064551026,802,802,numeric_integer,numeric_integer
s112064551027,802,802,numeric_integer,numeric_integer
s112064551028,802,802,numeric_integer,numeric_integer
s112064551029,802,802,numeric_integer,numeric_integer
s112064551030,802,802,numeric_integer,numeric_integer
s112064551031,802,802,numeric_integer,numeric_integer
s112064551032,802,802,numeric_integer,numeric_integer
s112064551033,802,802,numeric_integer,numeric_integer
s112064551034,802,802,numeric_integer,numeric_integer
s112064551035,802,802,numeric_integer,numeric_integer
s112064551036,802,802,numeric_integer,numeric_integer
s112064551037,802,802,numeric_integer,numeric_integer
s112064551038,802,802,numeric_integer,numeric_integer
s112064551039,802,802,numeric_integer,numeric_integer
s112064551040,802,802,numeric_integer,numeric_integer
s112064551041,802,802,numeric_integer,numeric_integer
s112064551042,802,802,numeric_integer,numeric_integer
s112064551043,802,802,numeric_integer,numeric_integer
s112064551044,802,802,numeric_integer,numeric_integer
s112064551045,802,802,numeric_integer,numeric_integer
s112064551046,802,802,numeric_integer,numeric_integer
s112064551047,802,802,numeric_integer,numeric_integer
s112064551048,802,802,numeric_integer,numeric_integer
s112064551051,805,805,numeric_integer,numeric_integer
s112064551053,805,805,numeric_integer,numeric_integer
s112064551054,805,805,numeric_integer,numeric_integer
s112064551055,805,805,numeric_integer,numeric_integer
s112064551056,805,805,numeric_integer,numeric_integer
s112064551057,805,805,numeric_integer,numeric_integer
s112064551058,805,805,numeric_integer,numeric_integer
s112064551060,805,805,numeric_integer,numeric_integer
s112064551061,805,805,numeric_integer,numeric_integer
s112064551063,805,805,numeric_integer,numeric_integer
s112064551064,805,805,numeric_integer,numeric_integer
s112064551066,805,805,numeric_integer,numeric_integer
s112064551067,805,805,numeric_integer,numeric_integer
s112064551068,805,805,numeric_integer,numeric_integer
s112064551069,805,805,numeric_integer,numeric_integer
s112064551070,805,805,numeric_integer,numeric_integer
s112064551071,805,805,numeric_integer,numeric_integer
s112064551072,805,805,numeric_integer,numeric_integer
s112064551073,805,805,numeric_integer,numeric_integer
s112064551074,805,805,numeric_integer,numeric_integer
s112064551075,805,805,numeric_integer,numeric_integer
s112064551076,805,805,numeric_integer,numeric_integer
s112064551077,805,805,numeric_integer,numeric_integer
s112071311024,805,805,numeric_integer,numeric_integer
s112071311025,805,805,numeric_integer,numeric_integer
s112071311026,805,805,numeric_integer,numeric_integer
s112071311027,805,805,numeric_integer,numeric_integer
s112071311028,805,805,numeric_integer,numeric_integer
s112071311029,805,805,numeric_integer,numeric_integer
s112071311030,805,805,numeric_integer,numeric_integer
s112071311031,805,805,numeric_integer,numeric_integer
s112071311032,805,805,numeric_integer,numeric_integer
s112071311033,805,805,numeric_integer,numeric_integer
s112071311034,805,805,numeric_integer,numeric_integer
s112071311035,805,805,numeric_integer,numeric_integer
s112071311036,805,805,numeric_integer,numeric_integer
s112071311037,805,805,numeric_integer,numeric_integer
s112071311038,805,805,numeric_integer,numeric_integer
s112071311039,805,805,numeric_integer,numeric_integer
s112071311040,805,805,numeric_integer,numeric_integer
s112071311041,805,805,numeric_integer,numeric_integer
s112071311042,805,805,numeric_integer,numeric_integer
s112071311043,805,805,numeric_integer,numeric_integer
s112071311044,805,805,numeric_integer,numeric_integer
s112071311045,805,805,numeric_integer,numeric_integer
s112071311046,805,805,numeric_integer,numeric_integer
s112071311047,805,805,numeric_integer,numeric_integer
s112071311048,805,805,numeric_integer,numeric_integer
s112071311049,805,805,numeric_integer,numeric_integer
s112071311050,805,805,numeric_integer,numeric_integer
s112071311051,805,805,numeric_integer,numeric_integer
s112071311052,805,805,numeric_integer,numeric_integer
s112071311053,805,805,numeric_integer,numeric_integer
s112071311054,805,805,numeric_integer,numeric_integer
s112071311055,805,805,numeric_integer,numeric_integer
s112071311056,805,805,numeric_integer,numeric_integer
s112071311057,805,805,numeric_integer,numeric_integer
s112071311058,805,805,numeric_integer,numeric_integer
s112071311059,805,805,numeric_integer,numeric_integer
s112071311060,805,805,numeric_integer,numeric_integer
s112071311061,805,805,numeric_integer,numeric_integer
s112071311063,805,805,numeric_integer,numeric_integer
s112071311064,805,805,numeric_integer,numeric_integer
s112071311065,805,805,numeric_integer,numeric_integer
s112071311066,805,805,numeric_integer,numeric_integer
s112071311067,805,805,numeric_integer,numeric_integer
s112071311068,805,805,numeric_integer,numeric_integer
s112071311069,805,805,numeric_integer,numeric_integer
s112071311070,805,805,numeric_integer,numeric_integer
s112071311071,805,805,numeric_integer,numeric_integer
s113071311003,805,805,numeric_integer,numeric_integer
s112071311074,812,812,numeric_integer,numeric_integer
s112071311075,812,812,numeric_integer,numeric_integer
s112071311076,812,812,numeric_integer,numeric_integer
s112071311077,812,812,numeric_integer,numeric_integer
s112071311078,812,812,numeric_integer,numeric_integer
s112071311079,812,812,numeric_integer,numeric_integer
s112071311080,812,812,numeric_integer,numeric_integer
s112071311081,812,812,numeric_integer,numeric_integer
s112071311082,812,812,numeric_integer,numeric_integer
s112071311083,812,812,numeric_integer,numeric_integer
s112071311084,812,812,numeric_integer,numeric_integer
s112071311085,812,812,numeric_integer,numeric_integer
s112071311086,812,812,numeric_integer,numeric_integer
s112071311087,812,812,numeric_integer,numeric_integer
s112071311088,812,812,numeric_integer,numeric_integer
s112071311089,812,812,numeric_integer,numeric_integer
s112071311091,812,812,numeric_integer,numeric_integer
s112071311092,812,812,numeric_integer,numeric_integer
s112071311093,812,812,numeric_integer,numeric_integer
s112071311094,812,812,numeric_integer,numeric_integer
s112071311095,812,812,numeric_integer,numeric_integer
s112071311096,812,812,numeric_integer,numeric_integer
s112071311097,812,812,numeric_integer,numeric_integer
s112071311098,812,812,numeric_integer,numeric_integer
s112071311099,812,812,numeric_integer,numeric_integer
s112071311100,812,812,numeric_integer,numeric_integer
s112071311102,812,812,numeric_integer,numeric_integer
s112071311103,812,812,numeric_integer,numeric_integer
s112071311104,812,812,numeric_integer,numeric_integer
s112071311105,812,812,numeric_integer,numeric_integer
s112071311106,812,812,numeric_integer,numeric_integer
s112071311107,812,812,numeric_integer,numeric_integer
s112071311109,812,812,numeric_integer,numeric_integer
s112071311110,812,812,numeric_integer,numeric_integer
s112071311111,812,812,numeric_integer,numeric_integer
s112071311112,812,812,numeric_integer,numeric_integer
s112071311113,812,812,numeric_integer,numeric_integer
s112071311114,812,812,numeric_integer,numeric_integer
s112071311115,812,812,numeric_integer,numeric_integer
s112071311116,812,812,numeric_integer,numeric_integer
s112071311117,812,812,numeric_integer,numeric_integer
s112071311118,812,812,numeric_integer,numeric_integer
s112071311120,812,812,numeric_integer,numeric_integer
s113071311004,812,812,numeric_integer,numeric_integer
s113071311005,812,812,numeric_integer,numeric_integer
s112071318023,國中二A,7131801,unparsed,school_label_encoded_fallback
s112071318024,國中二A,7131801,unparsed,school_label_encoded_fallback
s112071318025,國中二A,7131801,unparsed,school_label_encoded_fallback
s112071318026,國中二A,7131801,unparsed,school_label_encoded_fallback
s112071318030,國中二A,7131801,unparsed,school_label_encoded_fallback
s113071318002,國中二A,7131801,unparsed,school_label_encoded_fallback
s112074323024,202,202,numeric_integer,numeric_integer
s112074323025,202,202,numeric_integer,numeric_integer
s112074323026,202,202,numeric_integer,numeric_integer
s112074323027,202,202,numeric_integer,numeric_integer
s112074323028,202,202,numeric_integer,numeric_integer
s112074323029,202,202,numeric_integer,numeric_integer
s112074323030,202,202,numeric_integer,numeric_integer
s112074323031,202,202,numeric_integer,numeric_integer
s112074323033,202,202,numeric_integer,numeric_integer
s112074323034,202,202,numeric_integer,numeric_integer
s112074323035,202,202,numeric_integer,numeric_integer
s112074323037,202,202,numeric_integer,numeric_integer
s112074323038,202,202,numeric_integer,numeric_integer
s112074323039,202,202,numeric_integer,numeric_integer
s112074323040,202,202,numeric_integer,numeric_integer
s112074323041,202,202,numeric_integer,numeric_integer
s112074323042,202,202,numeric_integer,numeric_integer
s112074323043,202,202,numeric_integer,numeric_integer
s112074323044,202,202,numeric_integer,numeric_integer
s112074323045,202,202,numeric_integer,numeric_integer
s112074323046,202,202,numeric_integer,numeric_integer
s112074323047,202,202,numeric_integer,numeric_integer
s112074323048,202,202,numeric_integer,numeric_integer
s112074323051,208,208,numeric_integer,numeric_integer
s112074323052,208,208,numeric_integer,numeric_integer
s112074323053,208,208,numeric_integer,numeric_integer
s112074323054,208,208,numeric_integer,numeric_integer
s112074323055,208,208,numeric_integer,numeric_integer
s112074323056,208,208,numeric_integer,numeric_integer
s112074323057,208,208,numeric_integer,numeric_integer
s112074323058,208,208,numeric_integer,numeric_integer
s112074323059,208,208,numeric_integer,numeric_integer
s112074323060,208,208,numeric_integer,numeric_integer
s112074323061,208,208,numeric_integer,numeric_integer
s112074323062,208,208,numeric_integer,numeric_integer
s112074323063,208,208,numeric_integer,numeric_integer
s112074323064,208,208,numeric_integer,numeric_integer
s112074323065,208,208,numeric_integer,numeric_integer
s112074323066,208,208,numeric_integer,numeric_integer
s112074323067,208,208,numeric_integer,numeric_integer
s112074323068,208,208,numeric_integer,numeric_integer
s112074323069,208,208,numeric_integer,numeric_integer
s112074323070,208,208,numeric_integer,numeric_integer
s112074323071,208,208,numeric_integer,numeric_integer
s112074323072,208,208,numeric_integer,numeric_integer
s112074323073,208,208,numeric_integer,numeric_integer
s112074323074,208,208,numeric_integer,numeric_integer
s112074323075,208,208,numeric_integer,numeric_integer
s112074323076,208,208,numeric_integer,numeric_integer
s112074505024,八年1班,801,grade_year_class_pattern,grade_year_class_pattern
s112074505025,八年1班,801,grade_year_class_pattern,grade_year_class_pattern
s112074505026,八年1班,801,grade_year_class_pattern,grade_year_class_pattern
s112074505027,八年1班,801,grade_year_class_pattern,grade_year_class_pattern
s112074505028,八年1班,801,grade_year_class_pattern,grade_year_class_pattern
s112074505029,八年1班,801,grade_year_class_pattern,grade_year_class_pattern
s112074505030,八年1班,801,grade_year_class_pattern,grade_year_class_pattern
s112074505031,八年1班,801,grade_year_class_pattern,grade_year_class_pattern
s112074505032,八年1班,801,grade_year_class_pattern,grade_year_class_pattern
s112074505033,八年1班,801,grade_year_class_pattern,grade_year_class_pattern
s112074505034,八年1班,801,grade_year_class_pattern,grade_year_class_pattern
s112074505035,八年1班,801,grade_year_class_pattern,grade_year_class_pattern
s112074505036,八年1班,801,grade_year_class_pattern,grade_year_class_pattern
s112074505037,八年1班,801,grade_year_class_pattern,grade_year_class_pattern
s112074505038,八年1班,801,grade_year_class_pattern,grade_year_class_pattern
s112074505039,八年1班,801,grade_year_class_pattern,grade_year_class_pattern
s112074505040,八年1班,801,grade_year_class_pattern,grade_year_class_pattern
s112074505041,八年1班,801,grade_year_class_pattern,grade_year_class_pattern
s112074505042,八年1班,801,grade_year_class_pattern,grade_year_class_pattern
s112074505043,八年1班,801,grade_year_class_pattern,grade_year_class_pattern
s112074505044,八年1班,801,grade_year_class_pattern,grade_year_class_pattern
s112074505045,八年1班,801,grade_year_class_pattern,grade_year_class_pattern
s112074505046,八年1班,801,grade_year_class_pattern,grade_year_class_pattern
s112074505047,八年1班,801,grade_year_class_pattern,grade_year_class_pattern
s112074505048,八年1班,801,grade_year_class_pattern,grade_year_class_pattern
s112074505049,八年1班,801,grade_year_class_pattern,grade_year_class_pattern
s112074505051,八年1班,801,grade_year_class_pattern,grade_year_class_pattern
s112074505054,八年7班,807,grade_year_class_pattern,grade_year_class_pattern
s112074505055,八年7班,807,grade_year_class_pattern,grade_year_class_pattern
s112074505056,八年7班,807,grade_year_class_pattern,grade_year_class_pattern
s112074505057,八年7班,807,grade_year_class_pattern,grade_year_class_pattern
s112074505058,八年7班,807,grade_year_class_pattern,grade_year_class_pattern
s112074505059,八年7班,807,grade_year_class_pattern,grade_year_class_pattern
s112074505060,八年7班,807,grade_year_class_pattern,grade_year_class_pattern
s112074505061,八年7班,807,grade_year_class_pattern,grade_year_class_pattern
s112074505062,八年7班,807,grade_year_class_pattern,grade_year_class_pattern
s112074505063,八年7班,807,grade_year_class_pattern,grade_year_class_pattern
s112074505064,八年7班,807,grade_year_class_pattern,grade_year_class_pattern
s112074505065,八年7班,807,grade_year_class_pattern,grade_year_class_pattern
s112074505066,八年7班,807,grade_year_class_pattern,grade_year_class_pattern
s112074505067,八年7班,807,grade_year_class_pattern,grade_year_class_pattern
s112074505068,八年7班,807,grade_year_class_pattern,grade_year_class_pattern
s112074505069,八年7班,807,grade_year_class_pattern,grade_year_class_pattern
s112074505070,八年7班,807,grade_year_class_pattern,grade_year_class_pattern
s112074505071,八年7班,807,grade_year_class_pattern,grade_year_class_pattern
s112074505072,八年7班,807,grade_year_class_pattern,grade_year_class_pattern
s112074505073,八年7班,807,grade_year_class_pattern,grade_year_class_pattern
s112074505074,八年7班,807,grade_year_class_pattern,grade_year_class_pattern
s112074505075,八年7班,807,grade_year_class_pattern,grade_year_class_pattern
s112074505076,八年7班,807,grade_year_class_pattern,grade_year_class_pattern
s112074505077,八年7班,807,grade_year_class_pattern,grade_year_class_pattern
s112074505078,八年7班,807,grade_year_class_pattern,grade_year_class_pattern
s112074505079,八年7班,807,grade_year_class_pattern,grade_year_class_pattern
s112074505080,八年7班,807,grade_year_class_pattern,grade_year_class_pattern
s112074505081,八年7班,807,grade_year_class_pattern,grade_year_class_pattern
s112074510024,801,801,numeric_integer,numeric_integer
s112074510025,801,801,numeric_integer,numeric_integer
s112074510026,801,801,numeric_integer,numeric_integer
s112074510027,801,801,numeric_integer,numeric_integer
s112074510028,801,801,numeric_integer,numeric_integer
s112074510029,801,801,numeric_integer,numeric_integer
s112074510030,801,801,numeric_integer,numeric_integer
s112074510031,801,801,numeric_integer,numeric_integer
s112074510032,801,801,numeric_integer,numeric_integer
s112074510033,801,801,numeric_integer,numeric_integer
s112074510034,801,801,numeric_integer,numeric_integer
s112074510035,801,801,numeric_integer,numeric_integer
s112074510036,801,801,numeric_integer,numeric_integer
s112074510037,801,801,numeric_integer,numeric_integer
s112074510039,801,801,numeric_integer,numeric_integer
s112074510040,801,801,numeric_integer,numeric_integer
s112074510041,801,801,numeric_integer,numeric_integer
s112074510042,801,801,numeric_integer,numeric_integer
s112074510043,801,801,numeric_integer,numeric_integer
s112074510044,801,801,numeric_integer,numeric_integer
s112074510045,801,801,numeric_integer,numeric_integer
s112074510046,801,801,numeric_integer,numeric_integer
s112074510047,801,801,numeric_integer,numeric_integer
s112074510048,801,801,numeric_integer,numeric_integer
s112074510049,801,801,numeric_integer,numeric_integer
s112074510050,801,801,numeric_integer,numeric_integer
s113074510003,801,801,numeric_integer,numeric_integer
s113074510004,801,801,numeric_integer,numeric_integer
s112074510053,807,807,numeric_integer,numeric_integer
s112074510054,807,807,numeric_integer,numeric_integer
s112074510055,807,807,numeric_integer,numeric_integer
s112074510056,807,807,numeric_integer,numeric_integer
s112074510057,807,807,numeric_integer,numeric_integer
s112074510058,807,807,numeric_integer,numeric_integer
s112074510059,807,807,numeric_integer,numeric_integer
s112074510060,807,807,numeric_integer,numeric_integer
s112074510061,807,807,numeric_integer,numeric_integer
s112074510062,807,807,numeric_integer,numeric_integer
s112074510063,807,807,numeric_integer,numeric_integer
s112074510064,807,807,numeric_integer,numeric_integer
s112074510065,807,807,numeric_integer,numeric_integer
s112074510066,807,807,numeric_integer,numeric_integer
s112074510067,807,807,numeric_integer,numeric_integer
s112074510068,807,807,numeric_integer,numeric_integer
s112074510069,807,807,numeric_integer,numeric_integer
s112074510070,807,807,numeric_integer,numeric_integer
s112074510071,807,807,numeric_integer,numeric_integer
s112074510073,807,807,numeric_integer,numeric_integer
s112074510074,807,807,numeric_integer,numeric_integer
s112074510075,807,807,numeric_integer,numeric_integer
s112074510076,807,807,numeric_integer,numeric_integer
s112074510077,807,807,numeric_integer,numeric_integer
s112074510078,807,807,numeric_integer,numeric_integer
s112074510079,807,807,numeric_integer,numeric_integer
s112074510080,807,807,numeric_integer,numeric_integer
s113074510006,807,807,numeric_integer,numeric_integer
s112074511024,八年一班,801,grade_year_class_pattern,grade_year_class_pattern
s112074511025,八年一班,801,grade_year_class_pattern,grade_year_class_pattern
s112074511026,八年一班,801,grade_year_class_pattern,grade_year_class_pattern
s112074511027,八年一班,801,grade_year_class_pattern,grade_year_class_pattern
s112074511028,八年一班,801,grade_year_class_pattern,grade_year_class_pattern
s112074511029,八年一班,801,grade_year_class_pattern,grade_year_class_pattern
s112074511030,八年一班,801,grade_year_class_pattern,grade_year_class_pattern
s112074511031,八年一班,801,grade_year_class_pattern,grade_year_class_pattern
s112074511032,八年一班,801,grade_year_class_pattern,grade_year_class_pattern
s112074511033,八年一班,801,grade_year_class_pattern,grade_year_class_pattern
s112074511034,八年一班,801,grade_year_class_pattern,grade_year_class_pattern
s112074511035,八年一班,801,grade_year_class_pattern,grade_year_class_pattern
s112074511036,八年一班,801,grade_year_class_pattern,grade_year_class_pattern
s112074511037,八年一班,801,grade_year_class_pattern,grade_year_class_pattern
s112074511038,八年一班,801,grade_year_class_pattern,grade_year_class_pattern
s112074511039,八年一班,801,grade_year_class_pattern,grade_year_class_pattern
s112074511040,八年一班,801,grade_year_class_pattern,grade_year_class_pattern
s112074511041,八年一班,801,grade_year_class_pattern,grade_year_class_pattern
s112074511042,八年一班,801,grade_year_class_pattern,grade_year_class_pattern
s112074511043,八年一班,801,grade_year_class_pattern,grade_year_class_pattern
s112074511044,八年一班,801,grade_year_class_pattern,grade_year_class_pattern
s112074511046,八年一班,801,grade_year_class_pattern,grade_year_class_pattern
s112074511047,八年一班,801,grade_year_class_pattern,grade_year_class_pattern
s112074511048,八年一班,801,grade_year_class_pattern,grade_year_class_pattern
s112074511049,八年一班,801,grade_year_class_pattern,grade_year_class_pattern
s112074511050,八年一班,801,grade_year_class_pattern,grade_year_class_pattern
s112074511051,八年一班,801,grade_year_class_pattern,grade_year_class_pattern
s113074511003,八年一班,801,grade_year_class_pattern,grade_year_class_pattern
s113074511004,八年一班,801,grade_year_class_pattern,grade_year_class_pattern
s112074511054,八年四班,804,grade_year_class_pattern,grade_year_class_pattern
s112074511055,八年四班,804,grade_year_class_pattern,grade_year_class_pattern
s112074511056,八年四班,804,grade_year_class_pattern,grade_year_class_pattern
s112074511057,八年四班,804,grade_year_class_pattern,grade_year_class_pattern
s112074511058,八年四班,804,grade_year_class_pattern,grade_year_class_pattern
s112074511059,八年四班,804,grade_year_class_pattern,grade_year_class_pattern
s112074511060,八年四班,804,grade_year_class_pattern,grade_year_class_pattern
s112074511061,八年四班,804,grade_year_class_pattern,grade_year_class_pattern
s112074511062,八年四班,804,grade_year_class_pattern,grade_year_class_pattern
s112074511063,八年四班,804,grade_year_class_pattern,grade_year_class_pattern
s112074511064,八年四班,804,grade_year_class_pattern,grade_year_class_pattern
s112074511065,八年四班,804,grade_year_class_pattern,grade_year_class_pattern
s112074511066,八年四班,804,grade_year_class_pattern,grade_year_class_pattern
s112074511067,八年四班,804,grade_year_class_pattern,grade_year_class_pattern
s112074511068,八年四班,804,grade_year_class_pattern,grade_year_class_pattern
s112074511069,八年四班,804,grade_year_class_pattern,grade_year_class_pattern
s112074511070,八年四班,804,grade_year_class_pattern,grade_year_class_pattern
s112074511071,八年四班,804,grade_year_class_pattern,grade_year_class_pattern
s112074511072,八年四班,804,grade_year_class_pattern,grade_year_class_pattern
s112074511073,八年四班,804,grade_year_class_pattern,grade_year_class_pattern
s112074511074,八年四班,804,grade_year_class_pattern,grade_year_class_pattern
s112074511075,八年四班,804,grade_year_class_pattern,grade_year_class_pattern
s112074511076,八年四班,804,grade_year_class_pattern,grade_year_class_pattern
s112074511077,八年四班,804,grade_year_class_pattern,grade_year_class_pattern
s112074511078,八年四班,804,grade_year_class_pattern,grade_year_class_pattern
s112074511079,八年四班,804,grade_year_class_pattern,grade_year_class_pattern
s112074511080,八年四班,804,grade_year_class_pattern,grade_year_class_pattern
s112074511082,八年四班,804,grade_year_class_pattern,grade_year_class_pattern
s112074518024,806,806,numeric_integer,numeric_integer
s112074518025,806,806,numeric_integer,numeric_integer
s112074518026,806,806,numeric_integer,numeric_integer
s112074518027,806,806,numeric_integer,numeric_integer
s112074518028,806,806,numeric_integer,numeric_integer
s112074518029,806,806,numeric_integer,numeric_integer
s112074518030,806,806,numeric_integer,numeric_integer
s112074518031,806,806,numeric_integer,numeric_integer
s112074518032,806,806,numeric_integer,numeric_integer
s112074518033,806,806,numeric_integer,numeric_integer
s112074518034,806,806,numeric_integer,numeric_integer
s112074518035,806,806,numeric_integer,numeric_integer
s112074518036,806,806,numeric_integer,numeric_integer
s112074518037,806,806,numeric_integer,numeric_integer
s112074518038,806,806,numeric_integer,numeric_integer
s112074518039,806,806,numeric_integer,numeric_integer
s112074518040,806,806,numeric_integer,numeric_integer
s112074518041,806,806,numeric_integer,numeric_integer
s112074518042,806,806,numeric_integer,numeric_integer
s112074518043,806,806,numeric_integer,numeric_integer
s112074518044,806,806,numeric_integer,numeric_integer
s112074518045,806,806,numeric_integer,numeric_integer
s112074518046,806,806,numeric_integer,numeric_integer
s112074518047,806,806,numeric_integer,numeric_integer
s112074518048,806,806,numeric_integer,numeric_integer
s112074518049,806,806,numeric_integer,numeric_integer
s113074518003,806,806,numeric_integer,numeric_integer
s112074518052,813,813,numeric_integer,numeric_integer
s112074518053,813,813,numeric_integer,numeric_integer
s112074518054,813,813,numeric_integer,numeric_integer
s112074518055,813,813,numeric_integer,numeric_integer
s112074518056,813,813,numeric_integer,numeric_integer
s112074518057,813,813,numeric_integer,numeric_integer
s112074518059,813,813,numeric_integer,numeric_integer
s112074518060,813,813,numeric_integer,numeric_integer
s112074518061,813,813,numeric_integer,numeric_integer
s112074518064,813,813,numeric_integer,numeric_integer
s112074518065,813,813,numeric_integer,numeric_integer
s112074518066,813,813,numeric_integer,numeric_integer
s112074518067,813,813,numeric_integer,numeric_integer
s112074518068,813,813,numeric_integer,numeric_integer
s112074518069,813,813,numeric_integer,numeric_integer
s112074518070,813,813,numeric_integer,numeric_integer
s112074518072,813,813,numeric_integer,numeric_integer
s112074518073,813,813,numeric_integer,numeric_integer
s112074518074,813,813,numeric_integer,numeric_integer
s112074518075,813,813,numeric_integer,numeric_integer
s112074518076,813,813,numeric_integer,numeric_integer
s113074518004,813,813,numeric_integer,numeric_integer
s112074534024,八年一班,801,grade_year_class_pattern,grade_year_class_pattern
s112074534025,八年一班,801,grade_year_class_pattern,grade_year_class_pattern
s112074534026,八年一班,801,grade_year_class_pattern,grade_year_class_pattern
s112074534027,八年一班,801,grade_year_class_pattern,grade_year_class_pattern
s112074534029,八年一班,801,grade_year_class_pattern,grade_year_class_pattern
s112074534030,八年一班,801,grade_year_class_pattern,grade_year_class_pattern
s112074534031,八年一班,801,grade_year_class_pattern,grade_year_class_pattern
s112074534032,八年一班,801,grade_year_class_pattern,grade_year_class_pattern
s112074534033,八年一班,801,grade_year_class_pattern,grade_year_class_pattern
s112074534034,八年一班,801,grade_year_class_pattern,grade_year_class_pattern
s112074534035,八年一班,801,grade_year_class_pattern,grade_year_class_pattern
s112074534036,八年一班,801,grade_year_class_pattern,grade_year_class_pattern
s112074534037,八年一班,801,grade_year_class_pattern,grade_year_class_pattern
s112074534038,八年一班,801,grade_year_class_pattern,grade_year_class_pattern
s112074534039,八年一班,801,grade_year_class_pattern,grade_year_class_pattern
s112074534040,八年一班,801,grade_year_class_pattern,grade_year_class_pattern
s112074534041,八年一班,801,grade_year_class_pattern,grade_year_class_pattern
s112074534042,八年一班,801,grade_year_class_pattern,grade_year_class_pattern
s112074534043,八年一班,801,grade_year_class_pattern,grade_year_class_pattern
s112074534044,八年一班,801,grade_year_class_pattern,grade_year_class_pattern
s112074534045,八年一班,801,grade_year_class_pattern,grade_year_class_pattern
s112074534046,八年一班,801,grade_year_class_pattern,grade_year_class_pattern
s112074534047,八年一班,801,grade_year_class_pattern,grade_year_class_pattern
s112074534050,八年三班,803,grade_year_class_pattern,grade_year_class_pattern
s112074534051,八年三班,803,grade_year_class_pattern,grade_year_class_pattern
s112074534052,八年三班,803,grade_year_class_pattern,grade_year_class_pattern
s112074534053,八年三班,803,grade_year_class_pattern,grade_year_class_pattern
s112074534054,八年三班,803,grade_year_class_pattern,grade_year_class_pattern
s112074534055,八年三班,803,grade_year_class_pattern,grade_year_class_pattern
s112074534056,八年三班,803,grade_year_class_pattern,grade_year_class_pattern
s112074534057,八年三班,803,grade_year_class_pattern,grade_year_class_pattern
s112074534058,八年三班,803,grade_year_class_pattern,grade_year_class_pattern
s112074534059,八年三班,803,grade_year_class_pattern,grade_year_class_pattern
s112074534060,八年三班,803,grade_year_class_pattern,grade_year_class_pattern
s112074534061,八年三班,803,grade_year_class_pattern,grade_year_class_pattern
s112074534062,八年三班,803,grade_year_class_pattern,grade_year_class_pattern
s112074534063,八年三班,803,grade_year_class_pattern,grade_year_class_pattern
s112074534064,八年三班,803,grade_year_class_pattern,grade_year_class_pattern
s112074534065,八年三班,803,grade_year_class_pattern,grade_year_class_pattern
s112074534066,八年三班,803,grade_year_class_pattern,grade_year_class_pattern
s112074534067,八年三班,803,grade_year_class_pattern,grade_year_class_pattern
s112074534068,八年三班,803,grade_year_class_pattern,grade_year_class_pattern
s112074534069,八年三班,803,grade_year_class_pattern,grade_year_class_pattern
s112074534070,八年三班,803,grade_year_class_pattern,grade_year_class_pattern
s112074534071,八年三班,803,grade_year_class_pattern,grade_year_class_pattern
s112074534072,八年三班,803,grade_year_class_pattern,grade_year_class_pattern
s112074534073,八年三班,803,grade_year_class_pattern,grade_year_class_pattern
s113074534003,八年三班,803,grade_year_class_pattern,grade_year_class_pattern
s112074536024,805,805,numeric_integer,numeric_integer
s112074536025,805,805,numeric_integer,numeric_integer
s112074536026,805,805,numeric_integer,numeric_integer
s112074536027,805,805,numeric_integer,numeric_integer
s112074536028,805,805,numeric_integer,numeric_integer
s112074536029,805,805,numeric_integer,numeric_integer
s112074536030,805,805,numeric_integer,numeric_integer
s112074536031,805,805,numeric_integer,numeric_integer
s112074536032,805,805,numeric_integer,numeric_integer
s112074536033,805,805,numeric_integer,numeric_integer
s112074536034,805,805,numeric_integer,numeric_integer
s112074536035,805,805,numeric_integer,numeric_integer
s112074536036,805,805,numeric_integer,numeric_integer
s112074536037,805,805,numeric_integer,numeric_integer
s112074536038,805,805,numeric_integer,numeric_integer
s112074536039,805,805,numeric_integer,numeric_integer
s112074536040,805,805,numeric_integer,numeric_integer
s112074536041,805,805,numeric_integer,numeric_integer
s112074536042,805,805,numeric_integer,numeric_integer
s112074536043,805,805,numeric_integer,numeric_integer
s112074536044,805,805,numeric_integer,numeric_integer
s112074536046,805,805,numeric_integer,numeric_integer
s112074536047,805,805,numeric_integer,numeric_integer
s112074536048,805,805,numeric_integer,numeric_integer
s112074536049,805,805,numeric_integer,numeric_integer
s112074536053,815,815,numeric_integer,numeric_integer
s112074536054,815,815,numeric_integer,numeric_integer
s112074536055,815,815,numeric_integer,numeric_integer
s112074536057,815,815,numeric_integer,numeric_integer
s112074536058,815,815,numeric_integer,numeric_integer
s112074536059,815,815,numeric_integer,numeric_integer
s112074536060,815,815,numeric_integer,numeric_integer
s112074536061,815,815,numeric_integer,numeric_integer
s112074536062,815,815,numeric_integer,numeric_integer
s112074536063,815,815,numeric_integer,numeric_integer
s112074536064,815,815,numeric_integer,numeric_integer
s112074536065,815,815,numeric_integer,numeric_integer
s112074536066,815,815,numeric_integer,numeric_integer
s112074536067,815,815,numeric_integer,numeric_integer
s112074536068,815,815,numeric_integer,numeric_integer
s112074536069,815,815,numeric_integer,numeric_integer
s112074536070,815,815,numeric_integer,numeric_integer
s112074536071,815,815,numeric_integer,numeric_integer
s112074536072,815,815,numeric_integer,numeric_integer
s112074536073,815,815,numeric_integer,numeric_integer
s112074536074,815,815,numeric_integer,numeric_integer
s112074536075,815,815,numeric_integer,numeric_integer
s112074536076,815,815,numeric_integer,numeric_integer
s112074536077,815,815,numeric_integer,numeric_integer
s112074536078,815,815,numeric_integer,numeric_integer
s113074536003,815,815,numeric_integer,numeric_integer
s113074536004,815,815,numeric_integer,numeric_integer
s112074538025,807,807,numeric_integer,numeric_integer
s112074538026,807,807,numeric_integer,numeric_integer
s112074538027,807,807,numeric_integer,numeric_integer
s112074538028,807,807,numeric_integer,numeric_integer
s112074538029,807,807,numeric_integer,numeric_integer
s112074538030,807,807,numeric_integer,numeric_integer
s112074538031,807,807,numeric_integer,numeric_integer
s112074538032,807,807,numeric_integer,numeric_integer
s112074538033,807,807,numeric_integer,numeric_integer
s112074538034,807,807,numeric_integer,numeric_integer
s112074538035,807,807,numeric_integer,numeric_integer
s112074538036,807,807,numeric_integer,numeric_integer
s112074538037,807,807,numeric_integer,numeric_integer
s112074538038,807,807,numeric_integer,numeric_integer
s112074538039,807,807,numeric_integer,numeric_integer
s112074538040,807,807,numeric_integer,numeric_integer
s112074538041,807,807,numeric_integer,numeric_integer
s112074538042,807,807,numeric_integer,numeric_integer
s112074538043,807,807,numeric_integer,numeric_integer
s112074538044,807,807,numeric_integer,numeric_integer
s112074538045,807,807,numeric_integer,numeric_integer
s112074538046,807,807,numeric_integer,numeric_integer
s112074538047,807,807,numeric_integer,numeric_integer
s112074538048,807,807,numeric_integer,numeric_integer
s112074538049,807,807,numeric_integer,numeric_integer
s112074538050,807,807,numeric_integer,numeric_integer
s112074538053,816,816,numeric_integer,numeric_integer
s112074538054,816,816,numeric_integer,numeric_integer
s112074538055,816,816,numeric_integer,numeric_integer
s112074538056,816,816,numeric_integer,numeric_integer
s112074538057,816,816,numeric_integer,numeric_integer
s112074538058,816,816,numeric_integer,numeric_integer
s112074538059,816,816,numeric_integer,numeric_integer
s112074538060,816,816,numeric_integer,numeric_integer
s112074538061,816,816,numeric_integer,numeric_integer
s112074538062,816,816,numeric_integer,numeric_integer
s112074538065,816,816,numeric_integer,numeric_integer
s112074538066,816,816,numeric_integer,numeric_integer
s112074538067,816,816,numeric_integer,numeric_integer
s112074538068,816,816,numeric_integer,numeric_integer
s112074538069,816,816,numeric_integer,numeric_integer
s112074538070,816,816,numeric_integer,numeric_integer
s112074538071,816,816,numeric_integer,numeric_integer
s112074538072,816,816,numeric_integer,numeric_integer
s112074538073,816,816,numeric_integer,numeric_integer
s112074538074,816,816,numeric_integer,numeric_integer
s112074538075,816,816,numeric_integer,numeric_integer
s112074538076,816,816,numeric_integer,numeric_integer
s112074538077,816,816,numeric_integer,numeric_integer
s112074538078,816,816,numeric_integer,numeric_integer
s112074538079,816,816,numeric_integer,numeric_integer
s112084503056,8年10班,810,grade_year_class_pattern,grade_year_class_pattern
s112084503057,8年10班,810,grade_year_class_pattern,grade_year_class_pattern
s112084503058,8年10班,810,grade_year_class_pattern,grade_year_class_pattern
s112084503059,8年10班,810,grade_year_class_pattern,grade_year_class_pattern
s112084503060,8年10班,810,grade_year_class_pattern,grade_year_class_pattern
s112084503061,8年10班,810,grade_year_class_pattern,grade_year_class_pattern
s112084503062,8年10班,810,grade_year_class_pattern,grade_year_class_pattern
s112084503063,8年10班,810,grade_year_class_pattern,grade_year_class_pattern
s112084503064,8年10班,810,grade_year_class_pattern,grade_year_class_pattern
s112084503065,8年10班,810,grade_year_class_pattern,grade_year_class_pattern
s112084503066,8年10班,810,grade_year_class_pattern,grade_year_class_pattern
s112084503067,8年10班,810,grade_year_class_pattern,grade_year_class_pattern
s112084503068,8年10班,810,grade_year_class_pattern,grade_year_class_pattern
s112084503069,8年10班,810,grade_year_class_pattern,grade_year_class_pattern
s112084503070,8年10班,810,grade_year_class_pattern,grade_year_class_pattern
s112084503071,8年10班,810,grade_year_class_pattern,grade_year_class_pattern
s112084503072,8年10班,810,grade_year_class_pattern,grade_year_class_pattern
s112084503073,8年10班,810,grade_year_class_pattern,grade_year_class_pattern
s112084503074,8年10班,810,grade_year_class_pattern,grade_year_class_pattern
s112084503076,8年10班,810,grade_year_class_pattern,grade_year_class_pattern
s112084503077,8年10班,810,grade_year_class_pattern,grade_year_class_pattern
s112084503078,8年10班,810,grade_year_class_pattern,grade_year_class_pattern
s112084503079,8年10班,810,grade_year_class_pattern,grade_year_class_pattern
s112084503080,8年10班,810,grade_year_class_pattern,grade_year_class_pattern
s112084503081,8年10班,810,grade_year_class_pattern,grade_year_class_pattern
s112084503082,8年10班,810,grade_year_class_pattern,grade_year_class_pattern
s112084503083,8年10班,810,grade_year_class_pattern,grade_year_class_pattern
s112084503084,8年10班,810,grade_year_class_pattern,grade_year_class_pattern
s112084503085,8年10班,810,grade_year_class_pattern,grade_year_class_pattern
s113084503005,8年10班,810,grade_year_class_pattern,grade_year_class_pattern
s112084503024,8年3班,803,grade_year_class_pattern,grade_year_class_pattern
s112084503025,8年3班,803,grade_year_class_pattern,grade_year_class_pattern
s112084503026,8年3班,803,grade_year_class_pattern,grade_year_class_pattern
s112084503027,8年3班,803,grade_year_class_pattern,grade_year_class_pattern
s112084503028,8年3班,803,grade_year_class_pattern,grade_year_class_pattern
s112084503029,8年3班,803,grade_year_class_pattern,grade_year_class_pattern
s112084503030,8年3班,803,grade_year_class_pattern,grade_year_class_pattern
s112084503031,8年3班,803,grade_year_class_pattern,grade_year_class_pattern
s112084503032,8年3班,803,grade_year_class_pattern,grade_year_class_pattern
s112084503033,8年3班,803,grade_year_class_pattern,grade_year_class_pattern
s112084503034,8年3班,803,grade_year_class_pattern,grade_year_class_pattern
s112084503035,8年3班,803,grade_year_class_pattern,grade_year_class_pattern
s112084503037,8年3班,803,grade_year_class_pattern,grade_year_class_pattern
s112084503038,8年3班,803,grade_year_class_pattern,grade_year_class_pattern
s112084503039,8年3班,803,grade_year_class_pattern,grade_year_class_pattern
s112084503040,8年3班,803,grade_year_class_pattern,grade_year_class_pattern
s112084503042,8年3班,803,grade_year_class_pattern,grade_year_class_pattern
s112084503043,8年3班,803,grade_year_class_pattern,grade_year_class_pattern
s112084503044,8年3班,803,grade_year_class_pattern,grade_year_class_pattern
s112084503047,8年3班,803,grade_year_class_pattern,grade_year_class_pattern
s112084503048,8年3班,803,grade_year_class_pattern,grade_year_class_pattern
s112084503049,8年3班,803,grade_year_class_pattern,grade_year_class_pattern
s112084503050,8年3班,803,grade_year_class_pattern,grade_year_class_pattern
s112084503052,8年3班,803,grade_year_class_pattern,grade_year_class_pattern
s112084503053,8年3班,803,grade_year_class_pattern,grade_year_class_pattern
s113084503003,8年3班,803,grade_year_class_pattern,grade_year_class_pattern
s113084503004,8年3班,803,grade_year_class_pattern,grade_year_class_pattern
s112084507024,803,803,numeric_integer,numeric_integer
s112084507025,803,803,numeric_integer,numeric_integer
s112084507026,803,803,numeric_integer,numeric_integer
s112084507027,803,803,numeric_integer,numeric_integer
s112084507028,803,803,numeric_integer,numeric_integer
s112084507029,803,803,numeric_integer,numeric_integer
s112084507030,803,803,numeric_integer,numeric_integer
s112084507031,803,803,numeric_integer,numeric_integer
s112084507032,803,803,numeric_integer,numeric_integer
s112084507033,803,803,numeric_integer,numeric_integer
s112084507034,803,803,numeric_integer,numeric_integer
s112084507035,803,803,numeric_integer,numeric_integer
s112084507036,803,803,numeric_integer,numeric_integer
s112084507037,803,803,numeric_integer,numeric_integer
s112084507039,803,803,numeric_integer,numeric_integer
s112084507040,803,803,numeric_integer,numeric_integer
s112084507041,803,803,numeric_integer,numeric_integer
s112084507042,803,803,numeric_integer,numeric_integer
s112084507043,803,803,numeric_integer,numeric_integer
s112084507044,803,803,numeric_integer,numeric_integer
s112084507045,803,803,numeric_integer,numeric_integer
s112084507046,803,803,numeric_integer,numeric_integer
s112084507047,803,803,numeric_integer,numeric_integer
s112084507049,803,803,numeric_integer,numeric_integer
s113084507003,803,803,numeric_integer,numeric_integer
s113084507004,803,803,numeric_integer,numeric_integer
s113084507005,803,803,numeric_integer,numeric_integer
s112084507051,808,808,numeric_integer,numeric_integer
s112084507052,808,808,numeric_integer,numeric_integer
s112084507053,808,808,numeric_integer,numeric_integer
s112084507055,808,808,numeric_integer,numeric_integer
s112084507056,808,808,numeric_integer,numeric_integer
s112084507057,808,808,numeric_integer,numeric_integer
s112084507058,808,808,numeric_integer,numeric_integer
s112084507059,808,808,numeric_integer,numeric_integer
s112084507060,808,808,numeric_integer,numeric_integer
s112084507061,808,808,numeric_integer,numeric_integer
s112084507062,808,808,numeric_integer,numeric_integer
s112084507063,808,808,numeric_integer,numeric_integer
s112084507064,808,808,numeric_integer,numeric_integer
s112084507065,808,808,numeric_integer,numeric_integer
s112084507066,808,808,numeric_integer,numeric_integer
s112084507067,808,808,numeric_integer,numeric_integer
s112084507068,808,808,numeric_integer,numeric_integer
s112084507069,808,808,numeric_integer,numeric_integer
s112084507070,808,808,numeric_integer,numeric_integer
s112084507071,808,808,numeric_integer,numeric_integer
s112084507072,808,808,numeric_integer,numeric_integer
s112084507073,808,808,numeric_integer,numeric_integer
s112084507074,808,808,numeric_integer,numeric_integer
s112084507075,808,808,numeric_integer,numeric_integer
s112084507076,808,808,numeric_integer,numeric_integer
s112084507077,808,808,numeric_integer,numeric_integer
s112084507078,808,808,numeric_integer,numeric_integer
s112084507079,808,808,numeric_integer,numeric_integer
s112084516024,801,801,numeric_integer,numeric_integer
s112084516025,801,801,numeric_integer,numeric_integer
s112084516026,801,801,numeric_integer,numeric_integer
s112084516027,801,801,numeric_integer,numeric_integer
s112084516028,801,801,numeric_integer,numeric_integer
s112084516029,801,801,numeric_integer,numeric_integer
s112084516030,801,801,numeric_integer,numeric_integer
s112084516031,801,801,numeric_integer,numeric_integer
s112084516033,801,801,numeric_integer,numeric_integer
s112084516034,801,801,numeric_integer,numeric_integer
s112084516035,801,801,numeric_integer,numeric_integer
s112084516036,801,801,numeric_integer,numeric_integer
s112084516037,801,801,numeric_integer,numeric_integer
s112084516038,801,801,numeric_integer,numeric_integer
s112084516039,801,801,numeric_integer,numeric_integer
s112084516040,801,801,numeric_integer,numeric_integer
s112084516041,801,801,numeric_integer,numeric_integer
s112084516042,801,801,numeric_integer,numeric_integer
s112084516043,801,801,numeric_integer,numeric_integer
s112084516044,801,801,numeric_integer,numeric_integer
s112084516045,801,801,numeric_integer,numeric_integer
s112084516046,801,801,numeric_integer,numeric_integer
s112084516047,801,801,numeric_integer,numeric_integer
s113084516003,801,801,numeric_integer,numeric_integer
s113084516004,801,801,numeric_integer,numeric_integer
s112084516050,803,803,numeric_integer,numeric_integer
s112084516051,803,803,numeric_integer,numeric_integer
s112084516052,803,803,numeric_integer,numeric_integer
s112084516053,803,803,numeric_integer,numeric_integer
s112084516054,803,803,numeric_integer,numeric_integer
s112084516055,803,803,numeric_integer,numeric_integer
s112084516056,803,803,numeric_integer,numeric_integer
s112084516057,803,803,numeric_integer,numeric_integer
s112084516058,803,803,numeric_integer,numeric_integer
s112084516059,803,803,numeric_integer,numeric_integer
s112084516060,803,803,numeric_integer,numeric_integer
s112084516061,803,803,numeric_integer,numeric_integer
s112084516062,803,803,numeric_integer,numeric_integer
s112084516063,803,803,numeric_integer,numeric_integer
s112084516064,803,803,numeric_integer,numeric_integer
s112084516065,803,803,numeric_integer,numeric_integer
s112084516066,803,803,numeric_integer,numeric_integer
s112084516067,803,803,numeric_integer,numeric_integer
s112084516068,803,803,numeric_integer,numeric_integer
s112084516069,803,803,numeric_integer,numeric_integer
s112084516070,803,803,numeric_integer,numeric_integer
s112084516071,803,803,numeric_integer,numeric_integer
s112084516072,803,803,numeric_integer,numeric_integer
s112084516073,803,803,numeric_integer,numeric_integer
s112084516074,803,803,numeric_integer,numeric_integer
s112084523023,八年忠班,8452301,unparsed,school_label_encoded_fallback
s112084523024,八年忠班,8452301,unparsed,school_label_encoded_fallback
s112084523025,八年忠班,8452301,unparsed,school_label_encoded_fallback
s112084523026,八年忠班,8452301,unparsed,school_label_encoded_fallback
s112084523028,八年忠班,8452301,unparsed,school_label_encoded_fallback
s112084523029,八年忠班,8452301,unparsed,school_label_encoded_fallback
s113084523002,八年忠班,8452301,unparsed,school_label_encoded_fallback
s112084530045,八年孝班,8453001,unparsed,school_label_encoded_fallback
s112084530047,八年孝班,8453001,unparsed,school_label_encoded_fallback
s112084530049,八年孝班,8453001,unparsed,school_label_encoded_fallback
s112084530050,八年孝班,8453001,unparsed,school_label_encoded_fallback
s112084530051,八年孝班,8453001,unparsed,school_label_encoded_fallback
s112084530054,八年孝班,8453001,unparsed,school_label_encoded_fallback
s112084530055,八年孝班,8453001,unparsed,school_label_encoded_fallback
s112084530057,八年孝班,8453001,unparsed,school_label_encoded_fallback
s112084530058,八年孝班,8453001,unparsed,school_label_encoded_fallback
s112084530059,八年孝班,8453001,unparsed,school_label_encoded_fallback
s112084530061,八年孝班,8453001,unparsed,school_label_encoded_fallback
s112084530062,八年孝班,8453001,unparsed,school_label_encoded_fallback
s113084530004,八年孝班,8453001,unparsed,school_label_encoded_fallback
s112084530024,八年忠班,8453002,unparsed,school_label_encoded_fallback
s112084530026,八年忠班,8453002,unparsed,school_label_encoded_fallback
s112084530027,八年忠班,8453002,unparsed,school_label_encoded_fallback
s112084530028,八年忠班,8453002,unparsed,school_label_encoded_fallback
s112084530029,八年忠班,8453002,unparsed,school_label_encoded_fallback
s112084530030,八年忠班,8453002,unparsed,school_label_encoded_fallback
s112084530031,八年忠班,8453002,unparsed,school_label_encoded_fallback
s112084530032,八年忠班,8453002,unparsed,school_label_encoded_fallback
s112084530034,八年忠班,8453002,unparsed,school_label_encoded_fallback
s112084530035,八年忠班,8453002,unparsed,school_label_encoded_fallback
s112084530036,八年忠班,8453002,unparsed,school_label_encoded_fallback
s112084530038,八年忠班,8453002,unparsed,school_label_encoded_fallback
s112084530039,八年忠班,8453002,unparsed,school_label_encoded_fallback
s112084530040,八年忠班,8453002,unparsed,school_label_encoded_fallback
s112084530041,八年忠班,8453002,unparsed,school_label_encoded_fallback
s113084530003,八年忠班,8453002,unparsed,school_label_encoded_fallback
s113084530005,八年忠班,8453002,unparsed,school_label_encoded_fallback
s112091503025,803,803,numeric_integer,numeric_integer
s112091503026,803,803,numeric_integer,numeric_integer
s112091503027,803,803,numeric_integer,numeric_integer
s112091503028,803,803,numeric_integer,numeric_integer
s112091503029,803,803,numeric_integer,numeric_integer
s112091503030,803,803,numeric_integer,numeric_integer
s112091503031,803,803,numeric_integer,numeric_integer
s112091503032,803,803,numeric_integer,numeric_integer
s112091503033,803,803,numeric_integer,numeric_integer
s112091503034,803,803,numeric_integer,numeric_integer
s112091503035,803,803,numeric_integer,numeric_integer
s112091503036,803,803,numeric_integer,numeric_integer
s112091503037,803,803,numeric_integer,numeric_integer
s112091503039,803,803,numeric_integer,numeric_integer
s112091503040,803,803,numeric_integer,numeric_integer
s112091503041,803,803,numeric_integer,numeric_integer
s112091503042,803,803,numeric_integer,numeric_integer
s112091503043,803,803,numeric_integer,numeric_integer
s112091503044,803,803,numeric_integer,numeric_integer
s112091503045,803,803,numeric_integer,numeric_integer
s112091503046,803,803,numeric_integer,numeric_integer
s112091503047,803,803,numeric_integer,numeric_integer
s112091503048,803,803,numeric_integer,numeric_integer
s112091503049,803,803,numeric_integer,numeric_integer
s112091503052,810,810,numeric_integer,numeric_integer
s112091503053,810,810,numeric_integer,numeric_integer
s112091503054,810,810,numeric_integer,numeric_integer
s112091503055,810,810,numeric_integer,numeric_integer
s112091503056,810,810,numeric_integer,numeric_integer
s112091503057,810,810,numeric_integer,numeric_integer
s112091503058,810,810,numeric_integer,numeric_integer
s112091503059,810,810,numeric_integer,numeric_integer
s112091503060,810,810,numeric_integer,numeric_integer
s112091503061,810,810,numeric_integer,numeric_integer
s112091503062,810,810,numeric_integer,numeric_integer
s112091503063,810,810,numeric_integer,numeric_integer
s112091503064,810,810,numeric_integer,numeric_integer
s112091503065,810,810,numeric_integer,numeric_integer
s112091503066,810,810,numeric_integer,numeric_integer
s112091503067,810,810,numeric_integer,numeric_integer
s112091503068,810,810,numeric_integer,numeric_integer
s112091503069,810,810,numeric_integer,numeric_integer
s112091503070,810,810,numeric_integer,numeric_integer
s112091503071,810,810,numeric_integer,numeric_integer
s112091503072,810,810,numeric_integer,numeric_integer
s112091503073,810,810,numeric_integer,numeric_integer
s112091503074,810,810,numeric_integer,numeric_integer
s112091503075,810,810,numeric_integer,numeric_integer
s112091503076,810,810,numeric_integer,numeric_integer
s112104319024,803,803,numeric_integer,numeric_integer
s112104319025,803,803,numeric_integer,numeric_integer
s112104319026,803,803,numeric_integer,numeric_integer
s112104319027,803,803,numeric_integer,numeric_integer
s112104319028,803,803,numeric_integer,numeric_integer
s112104319029,803,803,numeric_integer,numeric_integer
s112104319030,803,803,numeric_integer,numeric_integer
s112104319031,803,803,numeric_integer,numeric_integer
s112104319032,803,803,numeric_integer,numeric_integer
s112104319033,803,803,numeric_integer,numeric_integer
s112104319035,803,803,numeric_integer,numeric_integer
s112104319036,803,803,numeric_integer,numeric_integer
s112104319037,803,803,numeric_integer,numeric_integer
s112104319038,803,803,numeric_integer,numeric_integer
s112104319039,803,803,numeric_integer,numeric_integer
s112104319040,803,803,numeric_integer,numeric_integer
s112104319041,803,803,numeric_integer,numeric_integer
s112104319042,803,803,numeric_integer,numeric_integer
s112104319043,803,803,numeric_integer,numeric_integer
s112104319044,803,803,numeric_integer,numeric_integer
s112104319045,803,803,numeric_integer,numeric_integer
s112104319047,803,803,numeric_integer,numeric_integer
s112104319048,803,803,numeric_integer,numeric_integer
s112104319049,803,803,numeric_integer,numeric_integer
s112104319050,803,803,numeric_integer,numeric_integer
s112104319053,806,806,numeric_integer,numeric_integer
s112104319054,806,806,numeric_integer,numeric_integer
s112104319055,806,806,numeric_integer,numeric_integer
s112104319056,806,806,numeric_integer,numeric_integer
s112104319057,806,806,numeric_integer,numeric_integer
s112104319058,806,806,numeric_integer,numeric_integer
s112104319059,806,806,numeric_integer,numeric_integer
s112104319061,806,806,numeric_integer,numeric_integer
s112104319063,806,806,numeric_integer,numeric_integer
s112104319064,806,806,numeric_integer,numeric_integer
s112104319065,806,806,numeric_integer,numeric_integer
s112104319066,806,806,numeric_integer,numeric_integer
s112104319067,806,806,numeric_integer,numeric_integer
s112104319068,806,806,numeric_integer,numeric_integer
s112104319069,806,806,numeric_integer,numeric_integer
s112104319070,806,806,numeric_integer,numeric_integer
s112104319071,806,806,numeric_integer,numeric_integer
s112104319072,806,806,numeric_integer,numeric_integer
s112104319073,806,806,numeric_integer,numeric_integer
s112104319074,806,806,numeric_integer,numeric_integer
s112104319075,806,806,numeric_integer,numeric_integer
s112104319076,806,806,numeric_integer,numeric_integer
s113104319004,806,806,numeric_integer,numeric_integer
s112104326025,802,802,numeric_integer,numeric_integer
s112104326026,802,802,numeric_integer,numeric_integer
s112104326027,802,802,numeric_integer,numeric_integer
s112104326028,802,802,numeric_integer,numeric_integer
s112104326029,802,802,numeric_integer,numeric_integer
s112104326030,802,802,numeric_integer,numeric_integer
s112104326031,802,802,numeric_integer,numeric_integer
s112104326032,802,802,numeric_integer,numeric_integer
s112104326033,802,802,numeric_integer,numeric_integer
s112104326034,802,802,numeric_integer,numeric_integer
s112104326035,802,802,numeric_integer,numeric_integer
s112104326036,802,802,numeric_integer,numeric_integer
s112104326037,802,802,numeric_integer,numeric_integer
s112104326038,802,802,numeric_integer,numeric_integer
s112104326039,802,802,numeric_integer,numeric_integer
s112104326040,802,802,numeric_integer,numeric_integer
s112104326041,802,802,numeric_integer,numeric_integer
s112104326042,802,802,numeric_integer,numeric_integer
s112104326043,802,802,numeric_integer,numeric_integer
s112104326044,802,802,numeric_integer,numeric_integer
s112104326045,802,802,numeric_integer,numeric_integer
s112104326046,802,802,numeric_integer,numeric_integer
s112104326047,802,802,numeric_integer,numeric_integer
s112104326048,802,802,numeric_integer,numeric_integer
s112104326049,802,802,numeric_integer,numeric_integer
s112104326050,802,802,numeric_integer,numeric_integer
s112104326051,802,802,numeric_integer,numeric_integer
s112104326054,805,805,numeric_integer,numeric_integer
s112104326055,805,805,numeric_integer,numeric_integer
s112104326057,805,805,numeric_integer,numeric_integer
s112104326058,805,805,numeric_integer,numeric_integer
s112104326059,805,805,numeric_integer,numeric_integer
s112104326060,805,805,numeric_integer,numeric_integer
s112104326061,805,805,numeric_integer,numeric_integer
s112104326062,805,805,numeric_integer,numeric_integer
s112104326063,805,805,numeric_integer,numeric_integer
s112104326064,805,805,numeric_integer,numeric_integer
s112104326065,805,805,numeric_integer,numeric_integer
s112104326066,805,805,numeric_integer,numeric_integer
s112104326067,805,805,numeric_integer,numeric_integer
s112104326068,805,805,numeric_integer,numeric_integer
s112104326069,805,805,numeric_integer,numeric_integer
s112104326070,805,805,numeric_integer,numeric_integer
s112104326071,805,805,numeric_integer,numeric_integer
s112104326072,805,805,numeric_integer,numeric_integer
s112104326073,805,805,numeric_integer,numeric_integer
s112104326074,805,805,numeric_integer,numeric_integer
s112104326075,805,805,numeric_integer,numeric_integer
s112104326076,805,805,numeric_integer,numeric_integer
s112104326077,805,805,numeric_integer,numeric_integer
s112104326078,805,805,numeric_integer,numeric_integer
s112104326080,805,805,numeric_integer,numeric_integer
s113104326003,805,805,numeric_integer,numeric_integer
s113104326004,805,805,numeric_integer,numeric_integer
s112104501024,203,203,numeric_integer,numeric_integer
s112104501025,203,203,numeric_integer,numeric_integer
s112104501026,203,203,numeric_integer,numeric_integer
s112104501027,203,203,numeric_integer,numeric_integer
s112104501028,203,203,numeric_integer,numeric_integer
s112104501029,203,203,numeric_integer,numeric_integer
s112104501030,203,203,numeric_integer,numeric_integer
s112104501031,203,203,numeric_integer,numeric_integer
s112104501032,203,203,numeric_integer,numeric_integer
s112104501033,203,203,numeric_integer,numeric_integer
s112104501034,203,203,numeric_integer,numeric_integer
s112104501035,203,203,numeric_integer,numeric_integer
s112104501036,203,203,numeric_integer,numeric_integer
s112104501037,203,203,numeric_integer,numeric_integer
s112104501038,203,203,numeric_integer,numeric_integer
s112104501039,203,203,numeric_integer,numeric_integer
s112104501040,203,203,numeric_integer,numeric_integer
s112104501041,203,203,numeric_integer,numeric_integer
s112104501042,203,203,numeric_integer,numeric_integer
s112104501043,203,203,numeric_integer,numeric_integer
s112104501045,203,203,numeric_integer,numeric_integer
s112104501046,203,203,numeric_integer,numeric_integer
s112104501049,205,205,numeric_integer,numeric_integer
s112104501050,205,205,numeric_integer,numeric_integer
s112104501051,205,205,numeric_integer,numeric_integer
s112104501052,205,205,numeric_integer,numeric_integer
s112104501053,205,205,numeric_integer,numeric_integer
s112104501054,205,205,numeric_integer,numeric_integer
s112104501055,205,205,numeric_integer,numeric_integer
s112104501056,205,205,numeric_integer,numeric_integer
s112104501057,205,205,numeric_integer,numeric_integer
s112104501058,205,205,numeric_integer,numeric_integer
s112104501059,205,205,numeric_integer,numeric_integer
s112104501060,205,205,numeric_integer,numeric_integer
s112104501061,205,205,numeric_integer,numeric_integer
s112104501062,205,205,numeric_integer,numeric_integer
s112104501063,205,205,numeric_integer,numeric_integer
s112104501064,205,205,numeric_integer,numeric_integer
s112104501065,205,205,numeric_integer,numeric_integer
s112104501066,205,205,numeric_integer,numeric_integer
s112104501067,205,205,numeric_integer,numeric_integer
s112104501068,205,205,numeric_integer,numeric_integer
s112104501069,205,205,numeric_integer,numeric_integer
s112104501070,205,205,numeric_integer,numeric_integer
s112104501071,205,205,numeric_integer,numeric_integer
s113104501005,205,205,numeric_integer,numeric_integer
s112104506024,八年01班,801,grade_year_class_pattern,grade_year_class_pattern
s112104506025,八年01班,801,grade_year_class_pattern,grade_year_class_pattern
s112104506026,八年01班,801,grade_year_class_pattern,grade_year_class_pattern
s112104506027,八年01班,801,grade_year_class_pattern,grade_year_class_pattern
s112104506028,八年01班,801,grade_year_class_pattern,grade_year_class_pattern
s112104506029,八年01班,801,grade_year_class_pattern,grade_year_class_pattern
s112104506030,八年01班,801,grade_year_class_pattern,grade_year_class_pattern
s112104506031,八年01班,801,grade_year_class_pattern,grade_year_class_pattern
s112104506032,八年01班,801,grade_year_class_pattern,grade_year_class_pattern
s112104506033,八年01班,801,grade_year_class_pattern,grade_year_class_pattern
s112104506034,八年01班,801,grade_year_class_pattern,grade_year_class_pattern
s112104506035,八年01班,801,grade_year_class_pattern,grade_year_class_pattern
s112104506036,八年01班,801,grade_year_class_pattern,grade_year_class_pattern
s112104506037,八年01班,801,grade_year_class_pattern,grade_year_class_pattern
s112104506038,八年01班,801,grade_year_class_pattern,grade_year_class_pattern
s112104506039,八年01班,801,grade_year_class_pattern,grade_year_class_pattern
s112104506040,八年01班,801,grade_year_class_pattern,grade_year_class_pattern
s112104506041,八年01班,801,grade_year_class_pattern,grade_year_class_pattern
s112104506042,八年01班,801,grade_year_class_pattern,grade_year_class_pattern
s112104506043,八年01班,801,grade_year_class_pattern,grade_year_class_pattern
s112104506044,八年01班,801,grade_year_class_pattern,grade_year_class_pattern
s112104506045,八年01班,801,grade_year_class_pattern,grade_year_class_pattern
s112104506046,八年01班,801,grade_year_class_pattern,grade_year_class_pattern
s112104506049,八年04班,804,grade_year_class_pattern,grade_year_class_pattern
s112104506050,八年04班,804,grade_year_class_pattern,grade_year_class_pattern
s112104506051,八年04班,804,grade_year_class_pattern,grade_year_class_pattern
s112104506052,八年04班,804,grade_year_class_pattern,grade_year_class_pattern
s112104506053,八年04班,804,grade_year_class_pattern,grade_year_class_pattern
s112104506054,八年04班,804,grade_year_class_pattern,grade_year_class_pattern
s112104506055,八年04班,804,grade_year_class_pattern,grade_year_class_pattern
s112104506056,八年04班,804,grade_year_class_pattern,grade_year_class_pattern
s112104506057,八年04班,804,grade_year_class_pattern,grade_year_class_pattern
s112104506058,八年04班,804,grade_year_class_pattern,grade_year_class_pattern
s112104506059,八年04班,804,grade_year_class_pattern,grade_year_class_pattern
s112104506060,八年04班,804,grade_year_class_pattern,grade_year_class_pattern
s112104506061,八年04班,804,grade_year_class_pattern,grade_year_class_pattern
s112104506063,八年04班,804,grade_year_class_pattern,grade_year_class_pattern
s112104506064,八年04班,804,grade_year_class_pattern,grade_year_class_pattern
s112104506065,八年04班,804,grade_year_class_pattern,grade_year_class_pattern
s112104506066,八年04班,804,grade_year_class_pattern,grade_year_class_pattern
s112104506067,八年04班,804,grade_year_class_pattern,grade_year_class_pattern
s112104506068,八年04班,804,grade_year_class_pattern,grade_year_class_pattern
s112104506069,八年04班,804,grade_year_class_pattern,grade_year_class_pattern
s112104506070,八年04班,804,grade_year_class_pattern,grade_year_class_pattern
s112104506071,八年04班,804,grade_year_class_pattern,grade_year_class_pattern
s112104506072,八年04班,804,grade_year_class_pattern,grade_year_class_pattern
s112104506073,八年04班,804,grade_year_class_pattern,grade_year_class_pattern
s113104506003,八年04班,804,grade_year_class_pattern,grade_year_class_pattern
s113104506004,八年04班,804,grade_year_class_pattern,grade_year_class_pattern
s112104518024,801,801,numeric_integer,numeric_integer
s112104518025,801,801,numeric_integer,numeric_integer
s112104518026,801,801,numeric_integer,numeric_integer
s112104518027,801,801,numeric_integer,numeric_integer
s112104518028,801,801,numeric_integer,numeric_integer
s112104518029,801,801,numeric_integer,numeric_integer
s112104518030,801,801,numeric_integer,numeric_integer
s112104518031,801,801,numeric_integer,numeric_integer
s112104518032,801,801,numeric_integer,numeric_integer
s112104518033,801,801,numeric_integer,numeric_integer
s112104518034,801,801,numeric_integer,numeric_integer
s112104518035,801,801,numeric_integer,numeric_integer
s112104518037,801,801,numeric_integer,numeric_integer
s112104518038,801,801,numeric_integer,numeric_integer
s112104518039,801,801,numeric_integer,numeric_integer
s112104518040,801,801,numeric_integer,numeric_integer
s112104518041,801,801,numeric_integer,numeric_integer
s112104518042,801,801,numeric_integer,numeric_integer
s112104518043,801,801,numeric_integer,numeric_integer
s112104518044,801,801,numeric_integer,numeric_integer
s112104518045,801,801,numeric_integer,numeric_integer
s112104518048,803,803,numeric_integer,numeric_integer
s112104518049,803,803,numeric_integer,numeric_integer
s112104518050,803,803,numeric_integer,numeric_integer
s112104518051,803,803,numeric_integer,numeric_integer
s112104518052,803,803,numeric_integer,numeric_integer
s112104518053,803,803,numeric_integer,numeric_integer
s112104518054,803,803,numeric_integer,numeric_integer
s112104518055,803,803,numeric_integer,numeric_integer
s112104518056,803,803,numeric_integer,numeric_integer
s112104518057,803,803,numeric_integer,numeric_integer
s112104518058,803,803,numeric_integer,numeric_integer
s112104518059,803,803,numeric_integer,numeric_integer
s112104518060,803,803,numeric_integer,numeric_integer
s112104518061,803,803,numeric_integer,numeric_integer
s112104518062,803,803,numeric_integer,numeric_integer
s112104518063,803,803,numeric_integer,numeric_integer
s112104518064,803,803,numeric_integer,numeric_integer
s112104518065,803,803,numeric_integer,numeric_integer
s112104518066,803,803,numeric_integer,numeric_integer
s112104518067,803,803,numeric_integer,numeric_integer
s113104518003,803,803,numeric_integer,numeric_integer
s112104521024,801,801,numeric_integer,numeric_integer
s112104521025,801,801,numeric_integer,numeric_integer
s112104521026,801,801,numeric_integer,numeric_integer
s112104521027,801,801,numeric_integer,numeric_integer
s112104521028,801,801,numeric_integer,numeric_integer
s112104521029,801,801,numeric_integer,numeric_integer
s112104521030,801,801,numeric_integer,numeric_integer
s112104521031,801,801,numeric_integer,numeric_integer
s112104521032,801,801,numeric_integer,numeric_integer
s112104521033,801,801,numeric_integer,numeric_integer
s112104521034,801,801,numeric_integer,numeric_integer
s112104521036,801,801,numeric_integer,numeric_integer
s112104521037,801,801,numeric_integer,numeric_integer
s112104521038,801,801,numeric_integer,numeric_integer
s112104521039,801,801,numeric_integer,numeric_integer
s112104521040,801,801,numeric_integer,numeric_integer
s112104521041,801,801,numeric_integer,numeric_integer
s112104521042,801,801,numeric_integer,numeric_integer
s112104521043,801,801,numeric_integer,numeric_integer
s112104521044,801,801,numeric_integer,numeric_integer
s112104521045,801,801,numeric_integer,numeric_integer
s112104521048,802,802,numeric_integer,numeric_integer
s112104521049,802,802,numeric_integer,numeric_integer
s112104521050,802,802,numeric_integer,numeric_integer
s112104521051,802,802,numeric_integer,numeric_integer
s112104521052,802,802,numeric_integer,numeric_integer
s112104521053,802,802,numeric_integer,numeric_integer
s112104521054,802,802,numeric_integer,numeric_integer
s112104521055,802,802,numeric_integer,numeric_integer
s112104521056,802,802,numeric_integer,numeric_integer
s112104521057,802,802,numeric_integer,numeric_integer
s112104521058,802,802,numeric_integer,numeric_integer
s112104521059,802,802,numeric_integer,numeric_integer
s112104521060,802,802,numeric_integer,numeric_integer
s112104521061,802,802,numeric_integer,numeric_integer
s112104521062,802,802,numeric_integer,numeric_integer
s112104521063,802,802,numeric_integer,numeric_integer
s112104521064,802,802,numeric_integer,numeric_integer
s112104521065,802,802,numeric_integer,numeric_integer
s112104521066,802,802,numeric_integer,numeric_integer
s112104521067,802,802,numeric_integer,numeric_integer
s112104521068,802,802,numeric_integer,numeric_integer
s112104521069,802,802,numeric_integer,numeric_integer
s113104521005,802,802,numeric_integer,numeric_integer
s112111321024,801,801,numeric_integer,numeric_integer
s112111321025,801,801,numeric_integer,numeric_integer
s112111321026,801,801,numeric_integer,numeric_integer
s112111321027,801,801,numeric_integer,numeric_integer
s112111321028,801,801,numeric_integer,numeric_integer
s112111321029,801,801,numeric_integer,numeric_integer
s112111321030,801,801,numeric_integer,numeric_integer
s112111321031,801,801,numeric_integer,numeric_integer
s112111321032,801,801,numeric_integer,numeric_integer
s112111321033,801,801,numeric_integer,numeric_integer
s112111321034,801,801,numeric_integer,numeric_integer
s112111321035,801,801,numeric_integer,numeric_integer
s112111321036,801,801,numeric_integer,numeric_integer
s112111321037,801,801,numeric_integer,numeric_integer
s112111321038,801,801,numeric_integer,numeric_integer
s112111321039,801,801,numeric_integer,numeric_integer
s112111321040,801,801,numeric_integer,numeric_integer
s112111321041,801,801,numeric_integer,numeric_integer
s112111321042,801,801,numeric_integer,numeric_integer
s112111321043,801,801,numeric_integer,numeric_integer
s112111321044,801,801,numeric_integer,numeric_integer
s112111321045,801,801,numeric_integer,numeric_integer
s112111321046,801,801,numeric_integer,numeric_integer
s112111321047,801,801,numeric_integer,numeric_integer
s112111321048,801,801,numeric_integer,numeric_integer
s112111321049,801,801,numeric_integer,numeric_integer
s112111321050,801,801,numeric_integer,numeric_integer
s112111321051,801,801,numeric_integer,numeric_integer
s112111321052,801,801,numeric_integer,numeric_integer
s112111321053,801,801,numeric_integer,numeric_integer
s112111321054,801,801,numeric_integer,numeric_integer
s112111321055,801,801,numeric_integer,numeric_integer
s112111321056,801,801,numeric_integer,numeric_integer
s112111321057,801,801,numeric_integer,numeric_integer
s112111321058,801,801,numeric_integer,numeric_integer
s112111321059,801,801,numeric_integer,numeric_integer
s112111321060,801,801,numeric_integer,numeric_integer
s112111321061,801,801,numeric_integer,numeric_integer
s112111321065,803,803,numeric_integer,numeric_integer
s112111321066,803,803,numeric_integer,numeric_integer
s112111321067,803,803,numeric_integer,numeric_integer
s112111321068,803,803,numeric_integer,numeric_integer
s112111321069,803,803,numeric_integer,numeric_integer
s112111321070,803,803,numeric_integer,numeric_integer
s112111321071,803,803,numeric_integer,numeric_integer
s112111321072,803,803,numeric_integer,numeric_integer
s112111321074,803,803,numeric_integer,numeric_integer
s112111321075,803,803,numeric_integer,numeric_integer
s112111321076,803,803,numeric_integer,numeric_integer
s112111321077,803,803,numeric_integer,numeric_integer
s112111321079,803,803,numeric_integer,numeric_integer
s112111321080,803,803,numeric_integer,numeric_integer
s112111321081,803,803,numeric_integer,numeric_integer
s112111321082,803,803,numeric_integer,numeric_integer
s112111321083,803,803,numeric_integer,numeric_integer
s112111321084,803,803,numeric_integer,numeric_integer
s112111321085,803,803,numeric_integer,numeric_integer
s112111321086,803,803,numeric_integer,numeric_integer
s112111321088,803,803,numeric_integer,numeric_integer
s112111321089,803,803,numeric_integer,numeric_integer
s112111321090,803,803,numeric_integer,numeric_integer
s112111321091,803,803,numeric_integer,numeric_integer
s112111321092,803,803,numeric_integer,numeric_integer
s112111321093,803,803,numeric_integer,numeric_integer
s112111321094,803,803,numeric_integer,numeric_integer
s112111321095,803,803,numeric_integer,numeric_integer
s112111321097,803,803,numeric_integer,numeric_integer
s112111321098,803,803,numeric_integer,numeric_integer
s112111321099,803,803,numeric_integer,numeric_integer
s112111321100,803,803,numeric_integer,numeric_integer
s113111321003,803,803,numeric_integer,numeric_integer
s112111323024,國二仁,11132301,unparsed,school_label_encoded_fallback
s112111323025,國二仁,11132301,unparsed,school_label_encoded_fallback
s112111323026,國二仁,11132301,unparsed,school_label_encoded_fallback
s112111323027,國二仁,11132301,unparsed,school_label_encoded_fallback
s112111323028,國二仁,11132301,unparsed,school_label_encoded_fallback
s112111323029,國二仁,11132301,unparsed,school_label_encoded_fallback
s112111323030,國二仁,11132301,unparsed,school_label_encoded_fallback
s112111323031,國二仁,11132301,unparsed,school_label_encoded_fallback
s112111323032,國二仁,11132301,unparsed,school_label_encoded_fallback
s112111323033,國二仁,11132301,unparsed,school_label_encoded_fallback
s112111323034,國二仁,11132301,unparsed,school_label_encoded_fallback
s112111323035,國二仁,11132301,unparsed,school_label_encoded_fallback
s112111323036,國二仁,11132301,unparsed,school_label_encoded_fallback
s112111323037,國二仁,11132301,unparsed,school_label_encoded_fallback
s112111323038,國二仁,11132301,unparsed,school_label_encoded_fallback
s112111323039,國二仁,11132301,unparsed,school_label_encoded_fallback
s112111323040,國二仁,11132301,unparsed,school_label_encoded_fallback
s112111323041,國二仁,11132301,unparsed,school_label_encoded_fallback
s112111323042,國二仁,11132301,unparsed,school_label_encoded_fallback
s112111323043,國二仁,11132301,unparsed,school_label_encoded_fallback
s112111323044,國二仁,11132301,unparsed,school_label_encoded_fallback
s112111323045,國二仁,11132301,unparsed,school_label_encoded_fallback
s112111323046,國二仁,11132301,unparsed,school_label_encoded_fallback
s112111323047,國二仁,11132301,unparsed,school_label_encoded_fallback
s112111323048,國二仁,11132301,unparsed,school_label_encoded_fallback
s112111323049,國二仁,11132301,unparsed,school_label_encoded_fallback
s112111323050,國二仁,11132301,unparsed,school_label_encoded_fallback
s112111323051,國二仁,11132301,unparsed,school_label_encoded_fallback
s112111323052,國二仁,11132301,unparsed,school_label_encoded_fallback
s112111323053,國二仁,11132301,unparsed,school_label_encoded_fallback
s112111323054,國二仁,11132301,unparsed,school_label_encoded_fallback
s112111323055,國二仁,11132301,unparsed,school_label_encoded_fallback
s112111323056,國二仁,11132301,unparsed,school_label_encoded_fallback
s112111323057,國二仁,11132301,unparsed,school_label_encoded_fallback
s112111323058,國二仁,11132301,unparsed,school_label_encoded_fallback
s112111323059,國二仁,11132301,unparsed,school_label_encoded_fallback
s112111323060,國二仁,11132301,unparsed,school_label_encoded_fallback
s112111323061,國二仁,11132301,unparsed,school_label_encoded_fallback
s112111323062,國二仁,11132301,unparsed,school_label_encoded_fallback
s112111323063,國二仁,11132301,unparsed,school_label_encoded_fallback
s112111323064,國二仁,11132301,unparsed,school_label_encoded_fallback
s112111323065,國二仁,11132301,unparsed,school_label_encoded_fallback
s112111323068,國二和,11132302,unparsed,school_label_encoded_fallback
s112111323069,國二和,11132302,unparsed,school_label_encoded_fallback
s112111323070,國二和,11132302,unparsed,school_label_encoded_fallback
s112111323071,國二和,11132302,unparsed,school_label_encoded_fallback
s112111323072,國二和,11132302,unparsed,school_label_encoded_fallback
s112111323073,國二和,11132302,unparsed,school_label_encoded_fallback
s112111323074,國二和,11132302,unparsed,school_label_encoded_fallback
s112111323075,國二和,11132302,unparsed,school_label_encoded_fallback
s112111323076,國二和,11132302,unparsed,school_label_encoded_fallback
s112111323077,國二和,11132302,unparsed,school_label_encoded_fallback
s112111323078,國二和,11132302,unparsed,school_label_encoded_fallback
s112111323079,國二和,11132302,unparsed,school_label_encoded_fallback
s112111323080,國二和,11132302,unparsed,school_label_encoded_fallback
s112111323081,國二和,11132302,unparsed,school_label_encoded_fallback
s112111323082,國二和,11132302,unparsed,school_label_encoded_fallback
s112111323083,國二和,11132302,unparsed,school_label_encoded_fallback
s112111323084,國二和,11132302,unparsed,school_label_encoded_fallback
s112111323085,國二和,11132302,unparsed,school_label_encoded_fallback
s112111323086,國二和,11132302,unparsed,school_label_encoded_fallback
s112111323087,國二和,11132302,unparsed,school_label_encoded_fallback
s112111323088,國二和,11132302,unparsed,school_label_encoded_fallback
s112111323089,國二和,11132302,unparsed,school_label_encoded_fallback
s112111323091,國二和,11132302,unparsed,school_label_encoded_fallback
s112111323092,國二和,11132302,unparsed,school_label_encoded_fallback
s112111323093,國二和,11132302,unparsed,school_label_encoded_fallback
s112111323094,國二和,11132302,unparsed,school_label_encoded_fallback
s112111323095,國二和,11132302,unparsed,school_label_encoded_fallback
s112111323096,國二和,11132302,unparsed,school_label_encoded_fallback
s112111323097,國二和,11132302,unparsed,school_label_encoded_fallback
s112111323098,國二和,11132302,unparsed,school_label_encoded_fallback
s112111323100,國二和,11132302,unparsed,school_label_encoded_fallback
s112111323101,國二和,11132302,unparsed,school_label_encoded_fallback
s112111323102,國二和,11132302,unparsed,school_label_encoded_fallback
s112111323104,國二和,11132302,unparsed,school_label_encoded_fallback
s112111323105,國二和,11132302,unparsed,school_label_encoded_fallback
s112111323106,國二和,11132302,unparsed,school_label_encoded_fallback
s112111323107,國二和,11132302,unparsed,school_label_encoded_fallback
s112111323108,國二和,11132302,unparsed,school_label_encoded_fallback
s113111323003,國二和,11132302,unparsed,school_label_encoded_fallback
s113111323004,國二和,11132302,unparsed,school_label_encoded_fallback
s112114501024,201,201,numeric_integer,numeric_integer
s112114501025,201,201,numeric_integer,numeric_integer
s112114501026,201,201,numeric_integer,numeric_integer
s112114501027,201,201,numeric_integer,numeric_integer
s112114501028,201,201,numeric_integer,numeric_integer
s112114501029,201,201,numeric_integer,numeric_integer
s112114501030,201,201,numeric_integer,numeric_integer
s112114501031,201,201,numeric_integer,numeric_integer
s112114501032,201,201,numeric_integer,numeric_integer
s112114501033,201,201,numeric_integer,numeric_integer
s112114501034,201,201,numeric_integer,numeric_integer
s112114501035,201,201,numeric_integer,numeric_integer
s112114501036,201,201,numeric_integer,numeric_integer
s112114501037,201,201,numeric_integer,numeric_integer
s112114501038,201,201,numeric_integer,numeric_integer
s112114501039,201,201,numeric_integer,numeric_integer
s112114501040,201,201,numeric_integer,numeric_integer
s112114501041,201,201,numeric_integer,numeric_integer
s112114501044,201,201,numeric_integer,numeric_integer
s112114501045,201,201,numeric_integer,numeric_integer
s112114501046,201,201,numeric_integer,numeric_integer
s112114501047,201,201,numeric_integer,numeric_integer
s112114501048,201,201,numeric_integer,numeric_integer
s112114501049,201,201,numeric_integer,numeric_integer
s112114501050,201,201,numeric_integer,numeric_integer
s112114501051,201,201,numeric_integer,numeric_integer
s113114501003,201,201,numeric_integer,numeric_integer
s112114501054,204,204,numeric_integer,numeric_integer
s112114501055,204,204,numeric_integer,numeric_integer
s112114501056,204,204,numeric_integer,numeric_integer
s112114501057,204,204,numeric_integer,numeric_integer
s112114501059,204,204,numeric_integer,numeric_integer
s112114501060,204,204,numeric_integer,numeric_integer
s112114501062,204,204,numeric_integer,numeric_integer
s112114501063,204,204,numeric_integer,numeric_integer
s112114501064,204,204,numeric_integer,numeric_integer
s112114501065,204,204,numeric_integer,numeric_integer
s112114501066,204,204,numeric_integer,numeric_integer
s112114501067,204,204,numeric_integer,numeric_integer
s112114501069,204,204,numeric_integer,numeric_integer
s112114501070,204,204,numeric_integer,numeric_integer
s112114501071,204,204,numeric_integer,numeric_integer
s112114501072,204,204,numeric_integer,numeric_integer
s112114501073,204,204,numeric_integer,numeric_integer
s112114501074,204,204,numeric_integer,numeric_integer
s112114501075,204,204,numeric_integer,numeric_integer
s112114501076,204,204,numeric_integer,numeric_integer
s112114501077,204,204,numeric_integer,numeric_integer
s112114501078,204,204,numeric_integer,numeric_integer
s112114501079,204,204,numeric_integer,numeric_integer
s112114501080,204,204,numeric_integer,numeric_integer
s113114501004,204,204,numeric_integer,numeric_integer
s113114501006,204,204,numeric_integer,numeric_integer
s113114501007,204,204,numeric_integer,numeric_integer
s112114503054,八年10班,810,grade_year_class_pattern,grade_year_class_pattern
s112114503055,八年10班,810,grade_year_class_pattern,grade_year_class_pattern
s112114503056,八年10班,810,grade_year_class_pattern,grade_year_class_pattern
s112114503057,八年10班,810,grade_year_class_pattern,grade_year_class_pattern
s112114503058,八年10班,810,grade_year_class_pattern,grade_year_class_pattern
s112114503059,八年10班,810,grade_year_class_pattern,grade_year_class_pattern
s112114503060,八年10班,810,grade_year_class_pattern,grade_year_class_pattern
s112114503061,八年10班,810,grade_year_class_pattern,grade_year_class_pattern
s112114503062,八年10班,810,grade_year_class_pattern,grade_year_class_pattern
s112114503063,八年10班,810,grade_year_class_pattern,grade_year_class_pattern
s112114503064,八年10班,810,grade_year_class_pattern,grade_year_class_pattern
s112114503065,八年10班,810,grade_year_class_pattern,grade_year_class_pattern
s112114503066,八年10班,810,grade_year_class_pattern,grade_year_class_pattern
s112114503067,八年10班,810,grade_year_class_pattern,grade_year_class_pattern
s112114503068,八年10班,810,grade_year_class_pattern,grade_year_class_pattern
s112114503069,八年10班,810,grade_year_class_pattern,grade_year_class_pattern
s112114503070,八年10班,810,grade_year_class_pattern,grade_year_class_pattern
s112114503071,八年10班,810,grade_year_class_pattern,grade_year_class_pattern
s112114503072,八年10班,810,grade_year_class_pattern,grade_year_class_pattern
s112114503073,八年10班,810,grade_year_class_pattern,grade_year_class_pattern
s112114503074,八年10班,810,grade_year_class_pattern,grade_year_class_pattern
s112114503075,八年10班,810,grade_year_class_pattern,grade_year_class_pattern
s112114503076,八年10班,810,grade_year_class_pattern,grade_year_class_pattern
s112114503077,八年10班,810,grade_year_class_pattern,grade_year_class_pattern
s112114503078,八年10班,810,grade_year_class_pattern,grade_year_class_pattern
s112114503079,八年10班,810,grade_year_class_pattern,grade_year_class_pattern
s112114503080,八年10班,810,grade_year_class_pattern,grade_year_class_pattern
s112114503081,八年10班,810,grade_year_class_pattern,grade_year_class_pattern
s112114503082,八年10班,810,grade_year_class_pattern,grade_year_class_pattern
s112114503024,八年5班,805,grade_year_class_pattern,grade_year_class_pattern
s112114503025,八年5班,805,grade_year_class_pattern,grade_year_class_pattern
s112114503026,八年5班,805,grade_year_class_pattern,grade_year_class_pattern
s112114503027,八年5班,805,grade_year_class_pattern,grade_year_class_pattern
s112114503028,八年5班,805,grade_year_class_pattern,grade_year_class_pattern
s112114503029,八年5班,805,grade_year_class_pattern,grade_year_class_pattern
s112114503030,八年5班,805,grade_year_class_pattern,grade_year_class_pattern
s112114503031,八年5班,805,grade_year_class_pattern,grade_year_class_pattern
s112114503032,八年5班,805,grade_year_class_pattern,grade_year_class_pattern
s112114503033,八年5班,805,grade_year_class_pattern,grade_year_class_pattern
s112114503034,八年5班,805,grade_year_class_pattern,grade_year_class_pattern
s112114503035,八年5班,805,grade_year_class_pattern,grade_year_class_pattern
s112114503036,八年5班,805,grade_year_class_pattern,grade_year_class_pattern
s112114503037,八年5班,805,grade_year_class_pattern,grade_year_class_pattern
s112114503038,八年5班,805,grade_year_class_pattern,grade_year_class_pattern
s112114503039,八年5班,805,grade_year_class_pattern,grade_year_class_pattern
s112114503040,八年5班,805,grade_year_class_pattern,grade_year_class_pattern
s112114503041,八年5班,805,grade_year_class_pattern,grade_year_class_pattern
s112114503042,八年5班,805,grade_year_class_pattern,grade_year_class_pattern
s112114503043,八年5班,805,grade_year_class_pattern,grade_year_class_pattern
s112114503044,八年5班,805,grade_year_class_pattern,grade_year_class_pattern
s112114503045,八年5班,805,grade_year_class_pattern,grade_year_class_pattern
s112114503046,八年5班,805,grade_year_class_pattern,grade_year_class_pattern
s112114503048,八年5班,805,grade_year_class_pattern,grade_year_class_pattern
s112114503049,八年5班,805,grade_year_class_pattern,grade_year_class_pattern
s112114503050,八年5班,805,grade_year_class_pattern,grade_year_class_pattern
s112114503051,八年5班,805,grade_year_class_pattern,grade_year_class_pattern
s113114503003,八年5班,805,grade_year_class_pattern,grade_year_class_pattern
s112114510024,201,201,numeric_integer,numeric_integer
s112114510025,201,201,numeric_integer,numeric_integer
s112114510026,201,201,numeric_integer,numeric_integer
s112114510027,201,201,numeric_integer,numeric_integer
s112114510029,201,201,numeric_integer,numeric_integer
s112114510030,201,201,numeric_integer,numeric_integer
s112114510031,201,201,numeric_integer,numeric_integer
s112114510032,201,201,numeric_integer,numeric_integer
s112114510033,201,201,numeric_integer,numeric_integer
s112114510034,201,201,numeric_integer,numeric_integer
s112114510035,201,201,numeric_integer,numeric_integer
s112114510036,201,201,numeric_integer,numeric_integer
s112114510037,201,201,numeric_integer,numeric_integer
s112114510038,201,201,numeric_integer,numeric_integer
s112114510039,201,201,numeric_integer,numeric_integer
s112114510040,201,201,numeric_integer,numeric_integer
s112114510041,201,201,numeric_integer,numeric_integer
s112114510042,201,201,numeric_integer,numeric_integer
s112114510043,201,201,numeric_integer,numeric_integer
s112114510044,201,201,numeric_integer,numeric_integer
s112114510045,201,201,numeric_integer,numeric_integer
s112114510048,201,201,numeric_integer,numeric_integer
s112114510049,201,201,numeric_integer,numeric_integer
s112114510050,201,201,numeric_integer,numeric_integer
s112114510053,202,202,numeric_integer,numeric_integer
s112114510054,202,202,numeric_integer,numeric_integer
s112114510055,202,202,numeric_integer,numeric_integer
s112114510056,202,202,numeric_integer,numeric_integer
s112114510057,202,202,numeric_integer,numeric_integer
s112114510058,202,202,numeric_integer,numeric_integer
s112114510059,202,202,numeric_integer,numeric_integer
s112114510060,202,202,numeric_integer,numeric_integer
s112114510061,202,202,numeric_integer,numeric_integer
s112114510062,202,202,numeric_integer,numeric_integer
s112114510063,202,202,numeric_integer,numeric_integer
s112114510064,202,202,numeric_integer,numeric_integer
s112114510066,202,202,numeric_integer,numeric_integer
s112114510067,202,202,numeric_integer,numeric_integer
s112114510068,202,202,numeric_integer,numeric_integer
s112114510069,202,202,numeric_integer,numeric_integer
s112114510070,202,202,numeric_integer,numeric_integer
s112114510071,202,202,numeric_integer,numeric_integer
s112114510072,202,202,numeric_integer,numeric_integer
s112114510073,202,202,numeric_integer,numeric_integer
s112114510074,202,202,numeric_integer,numeric_integer
s112114510075,202,202,numeric_integer,numeric_integer
s112114510076,202,202,numeric_integer,numeric_integer
s112114510077,202,202,numeric_integer,numeric_integer
s113114510003,202,202,numeric_integer,numeric_integer
s112114523024,8年1班,801,grade_year_class_pattern,grade_year_class_pattern
s112114523025,8年1班,801,grade_year_class_pattern,grade_year_class_pattern
s112114523026,8年1班,801,grade_year_class_pattern,grade_year_class_pattern
s112114523027,8年1班,801,grade_year_class_pattern,grade_year_class_pattern
s112114523028,8年1班,801,grade_year_class_pattern,grade_year_class_pattern
s112114523029,8年1班,801,grade_year_class_pattern,grade_year_class_pattern
s112114523030,8年1班,801,grade_year_class_pattern,grade_year_class_pattern
s112114523031,8年1班,801,grade_year_class_pattern,grade_year_class_pattern
s112114523032,8年1班,801,grade_year_class_pattern,grade_year_class_pattern
s112114523033,8年1班,801,grade_year_class_pattern,grade_year_class_pattern
s112114523034,8年1班,801,grade_year_class_pattern,grade_year_class_pattern
s112114523036,8年1班,801,grade_year_class_pattern,grade_year_class_pattern
s112114523037,8年1班,801,grade_year_class_pattern,grade_year_class_pattern
s112114523038,8年1班,801,grade_year_class_pattern,grade_year_class_pattern
s112114523039,8年1班,801,grade_year_class_pattern,grade_year_class_pattern
s112114523040,8年1班,801,grade_year_class_pattern,grade_year_class_pattern
s112114523041,8年1班,801,grade_year_class_pattern,grade_year_class_pattern
s112114523042,8年1班,801,grade_year_class_pattern,grade_year_class_pattern
s112114523043,8年1班,801,grade_year_class_pattern,grade_year_class_pattern
s112114523044,8年1班,801,grade_year_class_pattern,grade_year_class_pattern
s112114523045,8年1班,801,grade_year_class_pattern,grade_year_class_pattern
s112114523046,8年1班,801,grade_year_class_pattern,grade_year_class_pattern
s112114523047,8年1班,801,grade_year_class_pattern,grade_year_class_pattern
s112114523048,8年1班,801,grade_year_class_pattern,grade_year_class_pattern
s112114523049,8年1班,801,grade_year_class_pattern,grade_year_class_pattern
s112114523050,8年1班,801,grade_year_class_pattern,grade_year_class_pattern
s112114523054,8年6班,806,grade_year_class_pattern,grade_year_class_pattern
s112114523055,8年6班,806,grade_year_class_pattern,grade_year_class_pattern
s112114523056,8年6班,806,grade_year_class_pattern,grade_year_class_pattern
s112114523058,8年6班,806,grade_year_class_pattern,grade_year_class_pattern
s112114523059,8年6班,806,grade_year_class_pattern,grade_year_class_pattern
s112114523060,8年6班,806,grade_year_class_pattern,grade_year_class_pattern
s112114523061,8年6班,806,grade_year_class_pattern,grade_year_class_pattern
s112114523062,8年6班,806,grade_year_class_pattern,grade_year_class_pattern
s112114523063,8年6班,806,grade_year_class_pattern,grade_year_class_pattern
s112114523064,8年6班,806,grade_year_class_pattern,grade_year_class_pattern
s112114523065,8年6班,806,grade_year_class_pattern,grade_year_class_pattern
s112114523066,8年6班,806,grade_year_class_pattern,grade_year_class_pattern
s112114523067,8年6班,806,grade_year_class_pattern,grade_year_class_pattern
s112114523069,8年6班,806,grade_year_class_pattern,grade_year_class_pattern
s112114523070,8年6班,806,grade_year_class_pattern,grade_year_class_pattern
s112114523071,8年6班,806,grade_year_class_pattern,grade_year_class_pattern
s112114523072,8年6班,806,grade_year_class_pattern,grade_year_class_pattern
s112114523073,8年6班,806,grade_year_class_pattern,grade_year_class_pattern
s112114523074,8年6班,806,grade_year_class_pattern,grade_year_class_pattern
s112114523075,8年6班,806,grade_year_class_pattern,grade_year_class_pattern
s112114523076,8年6班,806,grade_year_class_pattern,grade_year_class_pattern
s112114523078,8年6班,806,grade_year_class_pattern,grade_year_class_pattern
s112114523079,8年6班,806,grade_year_class_pattern,grade_year_class_pattern
s112114523080,8年6班,806,grade_year_class_pattern,grade_year_class_pattern
s112114523081,8年6班,806,grade_year_class_pattern,grade_year_class_pattern
s112114523082,8年6班,806,grade_year_class_pattern,grade_year_class_pattern
s113114523003,8年6班,806,grade_year_class_pattern,grade_year_class_pattern
s113114523004,8年6班,806,grade_year_class_pattern,grade_year_class_pattern
s112114534024,八年一班,801,grade_year_class_pattern,grade_year_class_pattern
s112114534025,八年一班,801,grade_year_class_pattern,grade_year_class_pattern
s112114534026,八年一班,801,grade_year_class_pattern,grade_year_class_pattern
s112114534028,八年一班,801,grade_year_class_pattern,grade_year_class_pattern
s112114534029,八年一班,801,grade_year_class_pattern,grade_year_class_pattern
s112114534030,八年一班,801,grade_year_class_pattern,grade_year_class_pattern
s112114534031,八年一班,801,grade_year_class_pattern,grade_year_class_pattern
s112114534032,八年一班,801,grade_year_class_pattern,grade_year_class_pattern
s112114534033,八年一班,801,grade_year_class_pattern,grade_year_class_pattern
s112114534034,八年一班,801,grade_year_class_pattern,grade_year_class_pattern
s112114534035,八年一班,801,grade_year_class_pattern,grade_year_class_pattern
s112114534036,八年一班,801,grade_year_class_pattern,grade_year_class_pattern
s112114534037,八年一班,801,grade_year_class_pattern,grade_year_class_pattern
s112114534038,八年一班,801,grade_year_class_pattern,grade_year_class_pattern
s112114534039,八年一班,801,grade_year_class_pattern,grade_year_class_pattern
s112114534040,八年一班,801,grade_year_class_pattern,grade_year_class_pattern
s112114534041,八年一班,801,grade_year_class_pattern,grade_year_class_pattern
s112114534042,八年一班,801,grade_year_class_pattern,grade_year_class_pattern
s112114534043,八年一班,801,grade_year_class_pattern,grade_year_class_pattern
s112114534044,八年一班,801,grade_year_class_pattern,grade_year_class_pattern
s113114534003,八年一班,801,grade_year_class_pattern,grade_year_class_pattern
s112114534047,八年二班,802,grade_year_class_pattern,grade_year_class_pattern
s112114534048,八年二班,802,grade_year_class_pattern,grade_year_class_pattern
s112114534049,八年二班,802,grade_year_class_pattern,grade_year_class_pattern
s112114534050,八年二班,802,grade_year_class_pattern,grade_year_class_pattern
s112114534051,八年二班,802,grade_year_class_pattern,grade_year_class_pattern
s112114534052,八年二班,802,grade_year_class_pattern,grade_year_class_pattern
s112114534053,八年二班,802,grade_year_class_pattern,grade_year_class_pattern
s112114534054,八年二班,802,grade_year_class_pattern,grade_year_class_pattern
s112114534055,八年二班,802,grade_year_class_pattern,grade_year_class_pattern
s112114534056,八年二班,802,grade_year_class_pattern,grade_year_class_pattern
s112114534057,八年二班,802,grade_year_class_pattern,grade_year_class_pattern
s112114534058,八年二班,802,grade_year_class_pattern,grade_year_class_pattern
s112114534060,八年二班,802,grade_year_class_pattern,grade_year_class_pattern
s112114534061,八年二班,802,grade_year_class_pattern,grade_year_class_pattern
s112114534062,八年二班,802,grade_year_class_pattern,grade_year_class_pattern
s112114534063,八年二班,802,grade_year_class_pattern,grade_year_class_pattern
s112114534064,八年二班,802,grade_year_class_pattern,grade_year_class_pattern
s112114534065,八年二班,802,grade_year_class_pattern,grade_year_class_pattern
s112114534066,八年二班,802,grade_year_class_pattern,grade_year_class_pattern
s112114534067,八年二班,802,grade_year_class_pattern,grade_year_class_pattern
s112114534068,八年二班,802,grade_year_class_pattern,grade_year_class_pattern
s113114534004,八年二班,802,grade_year_class_pattern,grade_year_class_pattern
s113114534007,八年二班,802,grade_year_class_pattern,grade_year_class_pattern
s112114537023,801,801,numeric_integer,numeric_integer
s112114537025,801,801,numeric_integer,numeric_integer
s112114537026,801,801,numeric_integer,numeric_integer
s112114537027,801,801,numeric_integer,numeric_integer
s112114537028,801,801,numeric_integer,numeric_integer
s112114537029,801,801,numeric_integer,numeric_integer
s112114537030,801,801,numeric_integer,numeric_integer
s113114537002,801,801,numeric_integer,numeric_integer
s112121320024,201,201,numeric_integer,numeric_integer
s112121320025,201,201,numeric_integer,numeric_integer
s112121320026,201,201,numeric_integer,numeric_integer
s112121320027,201,201,numeric_integer,numeric_integer
s112121320028,201,201,numeric_integer,numeric_integer
s112121320029,201,201,numeric_integer,numeric_integer
s112121320030,201,201,numeric_integer,numeric_integer
s112121320031,201,201,numeric_integer,numeric_integer
s112121320032,201,201,numeric_integer,numeric_integer
s112121320033,201,201,numeric_integer,numeric_integer
s112121320034,201,201,numeric_integer,numeric_integer
s112121320035,201,201,numeric_integer,numeric_integer
s112121320036,201,201,numeric_integer,numeric_integer
s112121320038,201,201,numeric_integer,numeric_integer
s112121320039,201,201,numeric_integer,numeric_integer
s112121320040,201,201,numeric_integer,numeric_integer
s112121320041,201,201,numeric_integer,numeric_integer
s113121320003,201,201,numeric_integer,numeric_integer
s113121320004,201,201,numeric_integer,numeric_integer
s112121320044,203,203,numeric_integer,numeric_integer
s112121320045,203,203,numeric_integer,numeric_integer
s112121320046,203,203,numeric_integer,numeric_integer
s112121320047,203,203,numeric_integer,numeric_integer
s112121320048,203,203,numeric_integer,numeric_integer
s112121320049,203,203,numeric_integer,numeric_integer
s112121320051,203,203,numeric_integer,numeric_integer
s112121320053,203,203,numeric_integer,numeric_integer
s112121320054,203,203,numeric_integer,numeric_integer
s112121320055,203,203,numeric_integer,numeric_integer
s112121320056,203,203,numeric_integer,numeric_integer
s112121320057,203,203,numeric_integer,numeric_integer
s112121320058,203,203,numeric_integer,numeric_integer
s113121320005,203,203,numeric_integer,numeric_integer
s113121320006,203,203,numeric_integer,numeric_integer
s112124311024,801,801,numeric_integer,numeric_integer
s112124311025,801,801,numeric_integer,numeric_integer
s112124311026,801,801,numeric_integer,numeric_integer
s112124311027,801,801,numeric_integer,numeric_integer
s112124311028,801,801,numeric_integer,numeric_integer
s112124311029,801,801,numeric_integer,numeric_integer
s112124311030,801,801,numeric_integer,numeric_integer
s112124311032,801,801,numeric_integer,numeric_integer
s112124311033,801,801,numeric_integer,numeric_integer
s112124311034,801,801,numeric_integer,numeric_integer
s112124311035,801,801,numeric_integer,numeric_integer
s112124311036,801,801,numeric_integer,numeric_integer
s112124311037,801,801,numeric_integer,numeric_integer
s112124311038,801,801,numeric_integer,numeric_integer
s112124311039,801,801,numeric_integer,numeric_integer
s112124311040,801,801,numeric_integer,numeric_integer
s112124311041,801,801,numeric_integer,numeric_integer
s112124311042,801,801,numeric_integer,numeric_integer
s112124311043,801,801,numeric_integer,numeric_integer
s112124311044,801,801,numeric_integer,numeric_integer
s112124311045,801,801,numeric_integer,numeric_integer
s112124311046,801,801,numeric_integer,numeric_integer
s112124311047,801,801,numeric_integer,numeric_integer
s112124311048,801,801,numeric_integer,numeric_integer
s112124311049,801,801,numeric_integer,numeric_integer
s112124311050,801,801,numeric_integer,numeric_integer
s112124311051,801,801,numeric_integer,numeric_integer
s113124311003,801,801,numeric_integer,numeric_integer
s112124311054,807,807,numeric_integer,numeric_integer
s112124311055,807,807,numeric_integer,numeric_integer
s112124311056,807,807,numeric_integer,numeric_integer
s112124311057,807,807,numeric_integer,numeric_integer
s112124311058,807,807,numeric_integer,numeric_integer
s112124311059,807,807,numeric_integer,numeric_integer
s112124311060,807,807,numeric_integer,numeric_integer
s112124311061,807,807,numeric_integer,numeric_integer
s112124311062,807,807,numeric_integer,numeric_integer
s112124311063,807,807,numeric_integer,numeric_integer
s112124311064,807,807,numeric_integer,numeric_integer
s112124311065,807,807,numeric_integer,numeric_integer
s112124311066,807,807,numeric_integer,numeric_integer
s112124311067,807,807,numeric_integer,numeric_integer
s112124311068,807,807,numeric_integer,numeric_integer
s112124311069,807,807,numeric_integer,numeric_integer
s112124311070,807,807,numeric_integer,numeric_integer
s112124311071,807,807,numeric_integer,numeric_integer
s112124311072,807,807,numeric_integer,numeric_integer
s112124311073,807,807,numeric_integer,numeric_integer
s112124311074,807,807,numeric_integer,numeric_integer
s112124311075,807,807,numeric_integer,numeric_integer
s112124311076,807,807,numeric_integer,numeric_integer
s112124311077,807,807,numeric_integer,numeric_integer
s112124311078,807,807,numeric_integer,numeric_integer
s112124311079,807,807,numeric_integer,numeric_integer
s112124311080,807,807,numeric_integer,numeric_integer
s112124311081,807,807,numeric_integer,numeric_integer
s112124322024,803,803,numeric_integer,numeric_integer
s112124322025,803,803,numeric_integer,numeric_integer
s112124322026,803,803,numeric_integer,numeric_integer
s112124322027,803,803,numeric_integer,numeric_integer
s112124322028,803,803,numeric_integer,numeric_integer
s112124322029,803,803,numeric_integer,numeric_integer
s112124322030,803,803,numeric_integer,numeric_integer
s112124322031,803,803,numeric_integer,numeric_integer
s112124322032,803,803,numeric_integer,numeric_integer
s112124322033,803,803,numeric_integer,numeric_integer
s112124322034,803,803,numeric_integer,numeric_integer
s112124322035,803,803,numeric_integer,numeric_integer
s112124322036,803,803,numeric_integer,numeric_integer
s112124322037,803,803,numeric_integer,numeric_integer
s112124322038,803,803,numeric_integer,numeric_integer
s112124322039,803,803,numeric_integer,numeric_integer
s112124322040,803,803,numeric_integer,numeric_integer
s112124322041,803,803,numeric_integer,numeric_integer
s112124322042,803,803,numeric_integer,numeric_integer
s112124322043,803,803,numeric_integer,numeric_integer
s112124322044,803,803,numeric_integer,numeric_integer
s112124322045,803,803,numeric_integer,numeric_integer
s112124322046,803,803,numeric_integer,numeric_integer
s112124322047,803,803,numeric_integer,numeric_integer
s112124322048,803,803,numeric_integer,numeric_integer
s112124322049,803,803,numeric_integer,numeric_integer
s112124322052,808,808,numeric_integer,numeric_integer
s112124322053,808,808,numeric_integer,numeric_integer
s112124322054,808,808,numeric_integer,numeric_integer
s112124322055,808,808,numeric_integer,numeric_integer
s112124322056,808,808,numeric_integer,numeric_integer
s112124322057,808,808,numeric_integer,numeric_integer
s112124322058,808,808,numeric_integer,numeric_integer
s112124322059,808,808,numeric_integer,numeric_integer
s112124322060,808,808,numeric_integer,numeric_integer
s112124322061,808,808,numeric_integer,numeric_integer
s112124322062,808,808,numeric_integer,numeric_integer
s112124322063,808,808,numeric_integer,numeric_integer
s112124322064,808,808,numeric_integer,numeric_integer
s112124322065,808,808,numeric_integer,numeric_integer
s112124322066,808,808,numeric_integer,numeric_integer
s112124322067,808,808,numeric_integer,numeric_integer
s112124322068,808,808,numeric_integer,numeric_integer
s112124322069,808,808,numeric_integer,numeric_integer
s112124322070,808,808,numeric_integer,numeric_integer
s112124322071,808,808,numeric_integer,numeric_integer
s112124322072,808,808,numeric_integer,numeric_integer
s112124322073,808,808,numeric_integer,numeric_integer
s112124322074,808,808,numeric_integer,numeric_integer
s112124322075,808,808,numeric_integer,numeric_integer
s112124322076,808,808,numeric_integer,numeric_integer
s112124501024,801,801,numeric_integer,numeric_integer
s112124501025,801,801,numeric_integer,numeric_integer
s112124501026,801,801,numeric_integer,numeric_integer
s112124501027,801,801,numeric_integer,numeric_integer
s112124501028,801,801,numeric_integer,numeric_integer
s112124501030,801,801,numeric_integer,numeric_integer
s112124501031,801,801,numeric_integer,numeric_integer
s112124501032,801,801,numeric_integer,numeric_integer
s112124501033,801,801,numeric_integer,numeric_integer
s112124501034,801,801,numeric_integer,numeric_integer
s112124501035,801,801,numeric_integer,numeric_integer
s112124501036,801,801,numeric_integer,numeric_integer
s112124501037,801,801,numeric_integer,numeric_integer
s112124501038,801,801,numeric_integer,numeric_integer
s112124501039,801,801,numeric_integer,numeric_integer
s112124501040,801,801,numeric_integer,numeric_integer
s112124501041,801,801,numeric_integer,numeric_integer
s112124501042,801,801,numeric_integer,numeric_integer
s112124501045,801,801,numeric_integer,numeric_integer
s113124501003,801,801,numeric_integer,numeric_integer
s112124501048,811,811,numeric_integer,numeric_integer
s112124501049,811,811,numeric_integer,numeric_integer
s112124501050,811,811,numeric_integer,numeric_integer
s112124501051,811,811,numeric_integer,numeric_integer
s112124501052,811,811,numeric_integer,numeric_integer
s112124501053,811,811,numeric_integer,numeric_integer
s112124501054,811,811,numeric_integer,numeric_integer
s112124501055,811,811,numeric_integer,numeric_integer
s112124501056,811,811,numeric_integer,numeric_integer
s112124501057,811,811,numeric_integer,numeric_integer
s112124501058,811,811,numeric_integer,numeric_integer
s112124501059,811,811,numeric_integer,numeric_integer
s112124501060,811,811,numeric_integer,numeric_integer
s112124501061,811,811,numeric_integer,numeric_integer
s112124501062,811,811,numeric_integer,numeric_integer
s112124501063,811,811,numeric_integer,numeric_integer
s112124501064,811,811,numeric_integer,numeric_integer
s112124501066,811,811,numeric_integer,numeric_integer
s112124501068,811,811,numeric_integer,numeric_integer
s112124501069,811,811,numeric_integer,numeric_integer
s112124503024,804,804,numeric_integer,numeric_integer
s112124503025,804,804,numeric_integer,numeric_integer
s112124503027,804,804,numeric_integer,numeric_integer
s112124503028,804,804,numeric_integer,numeric_integer
s112124503029,804,804,numeric_integer,numeric_integer
s112124503030,804,804,numeric_integer,numeric_integer
s112124503031,804,804,numeric_integer,numeric_integer
s112124503032,804,804,numeric_integer,numeric_integer
s112124503033,804,804,numeric_integer,numeric_integer
s112124503034,804,804,numeric_integer,numeric_integer
s112124503035,804,804,numeric_integer,numeric_integer
s112124503036,804,804,numeric_integer,numeric_integer
s112124503037,804,804,numeric_integer,numeric_integer
s112124503038,804,804,numeric_integer,numeric_integer
s112124503039,804,804,numeric_integer,numeric_integer
s112124503040,804,804,numeric_integer,numeric_integer
s112124503041,804,804,numeric_integer,numeric_integer
s112124503042,804,804,numeric_integer,numeric_integer
s112124503043,804,804,numeric_integer,numeric_integer
s112124503044,804,804,numeric_integer,numeric_integer
s112124503046,804,804,numeric_integer,numeric_integer
s112124503047,804,804,numeric_integer,numeric_integer
s112124503048,804,804,numeric_integer,numeric_integer
s113124503003,804,804,numeric_integer,numeric_integer
s113124503004,804,804,numeric_integer,numeric_integer
s112124503051,811,811,numeric_integer,numeric_integer
s112124503052,811,811,numeric_integer,numeric_integer
s112124503053,811,811,numeric_integer,numeric_integer
s112124503054,811,811,numeric_integer,numeric_integer
s112124503055,811,811,numeric_integer,numeric_integer
s112124503056,811,811,numeric_integer,numeric_integer
s112124503057,811,811,numeric_integer,numeric_integer
s112124503058,811,811,numeric_integer,numeric_integer
s112124503059,811,811,numeric_integer,numeric_integer
s112124503060,811,811,numeric_integer,numeric_integer
s112124503061,811,811,numeric_integer,numeric_integer
s112124503062,811,811,numeric_integer,numeric_integer
s112124503063,811,811,numeric_integer,numeric_integer
s112124503064,811,811,numeric_integer,numeric_integer
s112124503065,811,811,numeric_integer,numeric_integer
s112124503066,811,811,numeric_integer,numeric_integer
s112124503067,811,811,numeric_integer,numeric_integer
s112124503068,811,811,numeric_integer,numeric_integer
s112124503069,811,811,numeric_integer,numeric_integer
s112124503070,811,811,numeric_integer,numeric_integer
s112124503071,811,811,numeric_integer,numeric_integer
s112124503072,811,811,numeric_integer,numeric_integer
s112124503073,811,811,numeric_integer,numeric_integer
s112124503074,811,811,numeric_integer,numeric_integer
s112124503075,811,811,numeric_integer,numeric_integer
s112124503076,811,811,numeric_integer,numeric_integer
s112124503077,811,811,numeric_integer,numeric_integer
s112124503078,811,811,numeric_integer,numeric_integer
s113124503005,811,811,numeric_integer,numeric_integer
s112124507024,202,202,numeric_integer,numeric_integer
s112124507025,202,202,numeric_integer,numeric_integer
s112124507026,202,202,numeric_integer,numeric_integer
s112124507027,202,202,numeric_integer,numeric_integer
s112124507028,202,202,numeric_integer,numeric_integer
s112124507029,202,202,numeric_integer,numeric_integer
s112124507030,202,202,numeric_integer,numeric_integer
s112124507031,202,202,numeric_integer,numeric_integer
s112124507032,202,202,numeric_integer,numeric_integer
s112124507034,202,202,numeric_integer,numeric_integer
s112124507035,202,202,numeric_integer,numeric_integer
s112124507036,202,202,numeric_integer,numeric_integer
s112124507037,202,202,numeric_integer,numeric_integer
s112124507040,202,202,numeric_integer,numeric_integer
s112124507041,202,202,numeric_integer,numeric_integer
s112124507042,202,202,numeric_integer,numeric_integer
s112124507043,202,202,numeric_integer,numeric_integer
s112124507044,202,202,numeric_integer,numeric_integer
s112124507045,202,202,numeric_integer,numeric_integer
s112124507046,202,202,numeric_integer,numeric_integer
s112124507049,206,206,numeric_integer,numeric_integer
s112124507050,206,206,numeric_integer,numeric_integer
s112124507051,206,206,numeric_integer,numeric_integer
s112124507052,206,206,numeric_integer,numeric_integer
s112124507053,206,206,numeric_integer,numeric_integer
s112124507054,206,206,numeric_integer,numeric_integer
s112124507055,206,206,numeric_integer,numeric_integer
s112124507056,206,206,numeric_integer,numeric_integer
s112124507057,206,206,numeric_integer,numeric_integer
s112124507058,206,206,numeric_integer,numeric_integer
s112124507059,206,206,numeric_integer,numeric_integer
s112124507072,206,206,numeric_integer,numeric_integer
s112124507061,206,206,numeric_integer,numeric_integer
s112124507063,206,206,numeric_integer,numeric_integer
s112124507064,206,206,numeric_integer,numeric_integer
s112124507065,206,206,numeric_integer,numeric_integer
s112124507066,206,206,numeric_integer,numeric_integer
s112124507067,206,206,numeric_integer,numeric_integer
s112124507068,206,206,numeric_integer,numeric_integer
s112124507069,206,206,numeric_integer,numeric_integer
s112124507070,206,206,numeric_integer,numeric_integer
s112124515024,803,803,numeric_integer,numeric_integer
s112124515025,803,803,numeric_integer,numeric_integer
s112124515027,803,803,numeric_integer,numeric_integer
s112124515028,803,803,numeric_integer,numeric_integer
s112124515029,803,803,numeric_integer,numeric_integer
s112124515030,803,803,numeric_integer,numeric_integer
s112124515031,803,803,numeric_integer,numeric_integer
s112124515032,803,803,numeric_integer,numeric_integer
s112124515033,803,803,numeric_integer,numeric_integer
s112124515034,803,803,numeric_integer,numeric_integer
s112124515035,803,803,numeric_integer,numeric_integer
s112124515036,803,803,numeric_integer,numeric_integer
s112124515037,803,803,numeric_integer,numeric_integer
s112124515038,803,803,numeric_integer,numeric_integer
s112124515039,803,803,numeric_integer,numeric_integer
s112124515040,803,803,numeric_integer,numeric_integer
s112124515041,803,803,numeric_integer,numeric_integer
s112124515042,803,803,numeric_integer,numeric_integer
s112124515043,803,803,numeric_integer,numeric_integer
s112124515044,803,803,numeric_integer,numeric_integer
s112124515045,803,803,numeric_integer,numeric_integer
s112124515046,803,803,numeric_integer,numeric_integer
s112124515047,803,803,numeric_integer,numeric_integer
s112124515048,803,803,numeric_integer,numeric_integer
s112124515049,803,803,numeric_integer,numeric_integer
s112124515052,810,810,numeric_integer,numeric_integer
s112124515053,810,810,numeric_integer,numeric_integer
s112124515054,810,810,numeric_integer,numeric_integer
s112124515055,810,810,numeric_integer,numeric_integer
s112124515056,810,810,numeric_integer,numeric_integer
s112124515057,810,810,numeric_integer,numeric_integer
s112124515058,810,810,numeric_integer,numeric_integer
s112124515059,810,810,numeric_integer,numeric_integer
s112124515060,810,810,numeric_integer,numeric_integer
s112124515061,810,810,numeric_integer,numeric_integer
s112124515062,810,810,numeric_integer,numeric_integer
s112124515063,810,810,numeric_integer,numeric_integer
s112124515064,810,810,numeric_integer,numeric_integer
s112124515065,810,810,numeric_integer,numeric_integer
s112124515066,810,810,numeric_integer,numeric_integer
s112124515067,810,810,numeric_integer,numeric_integer
s112124515068,810,810,numeric_integer,numeric_integer
s112124515069,810,810,numeric_integer,numeric_integer
s112124515070,810,810,numeric_integer,numeric_integer
s112124515071,810,810,numeric_integer,numeric_integer
s112124515072,810,810,numeric_integer,numeric_integer
s112124515073,810,810,numeric_integer,numeric_integer
s112124515074,810,810,numeric_integer,numeric_integer
s112124515075,810,810,numeric_integer,numeric_integer
s112124515076,810,810,numeric_integer,numeric_integer
s112124515077,810,810,numeric_integer,numeric_integer
s112124521024,202,202,numeric_integer,numeric_integer
s112124521025,202,202,numeric_integer,numeric_integer
s112124521026,202,202,numeric_integer,numeric_integer
s112124521027,202,202,numeric_integer,numeric_integer
s112124521029,202,202,numeric_integer,numeric_integer
s112124521030,202,202,numeric_integer,numeric_integer
s112124521031,202,202,numeric_integer,numeric_integer
s112124521032,202,202,numeric_integer,numeric_integer
s112124521033,202,202,numeric_integer,numeric_integer
s112124521034,202,202,numeric_integer,numeric_integer
s112124521035,202,202,numeric_integer,numeric_integer
s112124521036,202,202,numeric_integer,numeric_integer
s112124521037,202,202,numeric_integer,numeric_integer
s112124521038,202,202,numeric_integer,numeric_integer
s112124521039,202,202,numeric_integer,numeric_integer
s112124521040,202,202,numeric_integer,numeric_integer
s112124521041,202,202,numeric_integer,numeric_integer
s112124521042,202,202,numeric_integer,numeric_integer
s112124521043,202,202,numeric_integer,numeric_integer
s112124521044,202,202,numeric_integer,numeric_integer
s112124521045,202,202,numeric_integer,numeric_integer
s112124521046,202,202,numeric_integer,numeric_integer
s112124521047,202,202,numeric_integer,numeric_integer
s112124521048,202,202,numeric_integer,numeric_integer
s112124521049,202,202,numeric_integer,numeric_integer
s112124521050,202,202,numeric_integer,numeric_integer
s112124521051,202,202,numeric_integer,numeric_integer
s112124521052,202,202,numeric_integer,numeric_integer
s112124521055,205,205,numeric_integer,numeric_integer
s112124521056,205,205,numeric_integer,numeric_integer
s112124521057,205,205,numeric_integer,numeric_integer
s112124521058,205,205,numeric_integer,numeric_integer
s112124521059,205,205,numeric_integer,numeric_integer
s112124521060,205,205,numeric_integer,numeric_integer
s112124521061,205,205,numeric_integer,numeric_integer
s112124521062,205,205,numeric_integer,numeric_integer
s112124521064,205,205,numeric_integer,numeric_integer
s112124521065,205,205,numeric_integer,numeric_integer
s112124521066,205,205,numeric_integer,numeric_integer
s112124521067,205,205,numeric_integer,numeric_integer
s112124521068,205,205,numeric_integer,numeric_integer
s112124521069,205,205,numeric_integer,numeric_integer
s112124521070,205,205,numeric_integer,numeric_integer
s112124521071,205,205,numeric_integer,numeric_integer
s112124521072,205,205,numeric_integer,numeric_integer
s112124521073,205,205,numeric_integer,numeric_integer
s112124521074,205,205,numeric_integer,numeric_integer
s112124521075,205,205,numeric_integer,numeric_integer
s112124521076,205,205,numeric_integer,numeric_integer
s112124521077,205,205,numeric_integer,numeric_integer
s112124521078,205,205,numeric_integer,numeric_integer
s112124521079,205,205,numeric_integer,numeric_integer
s112124521080,205,205,numeric_integer,numeric_integer
s112124521081,205,205,numeric_integer,numeric_integer
s112124521082,205,205,numeric_integer,numeric_integer
s112124521083,205,205,numeric_integer,numeric_integer
s112124542025,801,801,numeric_integer,numeric_integer
s112124542026,801,801,numeric_integer,numeric_integer
s112124542027,801,801,numeric_integer,numeric_integer
s112124542028,801,801,numeric_integer,numeric_integer
s112124542029,801,801,numeric_integer,numeric_integer
s112124542031,801,801,numeric_integer,numeric_integer
s112124542032,801,801,numeric_integer,numeric_integer
s112124542033,801,801,numeric_integer,numeric_integer
s112124542037,802,802,numeric_integer,numeric_integer
s112124542038,802,802,numeric_integer,numeric_integer
s112124542039,802,802,numeric_integer,numeric_integer
s112124542040,802,802,numeric_integer,numeric_integer
s112124542041,802,802,numeric_integer,numeric_integer
s112124542042,802,802,numeric_integer,numeric_integer
s112124542043,802,802,numeric_integer,numeric_integer
s112124542044,802,802,numeric_integer,numeric_integer
s112124542045,802,802,numeric_integer,numeric_integer
s112124542046,802,802,numeric_integer,numeric_integer
s112124542047,802,802,numeric_integer,numeric_integer
s112124542051,802,802,numeric_integer,numeric_integer
s112124546024,二年一班,201,grade_year_class_pattern,grade_year_class_pattern
s112124546025,二年一班,201,grade_year_class_pattern,grade_year_class_pattern
s112124546026,二年一班,201,grade_year_class_pattern,grade_year_class_pattern
s112124546027,二年一班,201,grade_year_class_pattern,grade_year_class_pattern
s112124546028,二年一班,201,grade_year_class_pattern,grade_year_class_pattern
s112124546029,二年一班,201,grade_year_class_pattern,grade_year_class_pattern
s112124546030,二年一班,201,grade_year_class_pattern,grade_year_class_pattern
s112124546031,二年一班,201,grade_year_class_pattern,grade_year_class_pattern
s112124546032,二年一班,201,grade_year_class_pattern,grade_year_class_pattern
s112124546033,二年一班,201,grade_year_class_pattern,grade_year_class_pattern
s112124546034,二年一班,201,grade_year_class_pattern,grade_year_class_pattern
s112124546035,二年一班,201,grade_year_class_pattern,grade_year_class_pattern
s112124546036,二年一班,201,grade_year_class_pattern,grade_year_class_pattern
s112124546037,二年一班,201,grade_year_class_pattern,grade_year_class_pattern
s112124546038,二年一班,201,grade_year_class_pattern,grade_year_class_pattern
s112124546039,二年一班,201,grade_year_class_pattern,grade_year_class_pattern
s112124546040,二年一班,201,grade_year_class_pattern,grade_year_class_pattern
s112124546041,二年一班,201,grade_year_class_pattern,grade_year_class_pattern
s112124546042,二年一班,201,grade_year_class_pattern,grade_year_class_pattern
s112124546045,二年二班,202,grade_year_class_pattern,grade_year_class_pattern
s112124546046,二年二班,202,grade_year_class_pattern,grade_year_class_pattern
s112124546047,二年二班,202,grade_year_class_pattern,grade_year_class_pattern
s112124546048,二年二班,202,grade_year_class_pattern,grade_year_class_pattern
s112124546049,二年二班,202,grade_year_class_pattern,grade_year_class_pattern
s112124546050,二年二班,202,grade_year_class_pattern,grade_year_class_pattern
s112124546051,二年二班,202,grade_year_class_pattern,grade_year_class_pattern
s112124546052,二年二班,202,grade_year_class_pattern,grade_year_class_pattern
s112124546053,二年二班,202,grade_year_class_pattern,grade_year_class_pattern
s112124546054,二年二班,202,grade_year_class_pattern,grade_year_class_pattern
s112124546055,二年二班,202,grade_year_class_pattern,grade_year_class_pattern
s112124546056,二年二班,202,grade_year_class_pattern,grade_year_class_pattern
s112124546057,二年二班,202,grade_year_class_pattern,grade_year_class_pattern
s112124546058,二年二班,202,grade_year_class_pattern,grade_year_class_pattern
s112124546059,二年二班,202,grade_year_class_pattern,grade_year_class_pattern
s112124546060,二年二班,202,grade_year_class_pattern,grade_year_class_pattern
s112124546061,二年二班,202,grade_year_class_pattern,grade_year_class_pattern
s112124546062,二年二班,202,grade_year_class_pattern,grade_year_class_pattern
s112124546063,二年二班,202,grade_year_class_pattern,grade_year_class_pattern
s113124546003,二年二班,202,grade_year_class_pattern,grade_year_class_pattern
s112124548023,二年忠班,12454801,unparsed,school_label_encoded_fallback
s112124548024,二年忠班,12454801,unparsed,school_label_encoded_fallback
s112124548025,二年忠班,12454801,unparsed,school_label_encoded_fallback
s112124548026,二年忠班,12454801,unparsed,school_label_encoded_fallback
s112124548027,二年忠班,12454801,unparsed,school_label_encoded_fallback
s112124548028,二年忠班,12454801,unparsed,school_label_encoded_fallback
s112124548029,二年忠班,12454801,unparsed,school_label_encoded_fallback
s112124548030,二年忠班,12454801,unparsed,school_label_encoded_fallback
s112124548031,二年忠班,12454801,unparsed,school_label_encoded_fallback
s112124548033,二年忠班,12454801,unparsed,school_label_encoded_fallback
s113124548003,二年忠班,12454801,unparsed,school_label_encoded_fallback
s112124550024,203,203,numeric_integer,numeric_integer
s112124550025,203,203,numeric_integer,numeric_integer
s112124550027,203,203,numeric_integer,numeric_integer
s112124550028,203,203,numeric_integer,numeric_integer
s112124550029,203,203,numeric_integer,numeric_integer
s112124550030,203,203,numeric_integer,numeric_integer
s112124550031,203,203,numeric_integer,numeric_integer
s112124550032,203,203,numeric_integer,numeric_integer
s112124550033,203,203,numeric_integer,numeric_integer
s112124550035,203,203,numeric_integer,numeric_integer
s112124550036,203,203,numeric_integer,numeric_integer
s112124550037,203,203,numeric_integer,numeric_integer
s112124550038,203,203,numeric_integer,numeric_integer
s112124550039,203,203,numeric_integer,numeric_integer
s112124550040,203,203,numeric_integer,numeric_integer
s112124550041,203,203,numeric_integer,numeric_integer
s112124550042,203,203,numeric_integer,numeric_integer
s112124550043,203,203,numeric_integer,numeric_integer
s112124550044,203,203,numeric_integer,numeric_integer
s112124550045,203,203,numeric_integer,numeric_integer
s112124550047,203,203,numeric_integer,numeric_integer
s112124550048,203,203,numeric_integer,numeric_integer
s112124550049,203,203,numeric_integer,numeric_integer
s112124550050,203,203,numeric_integer,numeric_integer
s112124550051,203,203,numeric_integer,numeric_integer
s112124550052,203,203,numeric_integer,numeric_integer
s112124550053,203,203,numeric_integer,numeric_integer
s112124550054,203,203,numeric_integer,numeric_integer
s112124550055,203,203,numeric_integer,numeric_integer
s112124550056,203,203,numeric_integer,numeric_integer
s112124550057,203,203,numeric_integer,numeric_integer
s112124550058,203,203,numeric_integer,numeric_integer
s112124550061,207,207,numeric_integer,numeric_integer
s112124550062,207,207,numeric_integer,numeric_integer
s112124550063,207,207,numeric_integer,numeric_integer
s112124550064,207,207,numeric_integer,numeric_integer
s112124550065,207,207,numeric_integer,numeric_integer
s112124550066,207,207,numeric_integer,numeric_integer
s112124550067,207,207,numeric_integer,numeric_integer
s112124550068,207,207,numeric_integer,numeric_integer
s112124550069,207,207,numeric_integer,numeric_integer
s112124550070,207,207,numeric_integer,numeric_integer
s112124550071,207,207,numeric_integer,numeric_integer
s112124550072,207,207,numeric_integer,numeric_integer
s112124550073,207,207,numeric_integer,numeric_integer
s112124550074,207,207,numeric_integer,numeric_integer
s112124550075,207,207,numeric_integer,numeric_integer
s112124550076,207,207,numeric_integer,numeric_integer
s112124550077,207,207,numeric_integer,numeric_integer
s112124550078,207,207,numeric_integer,numeric_integer
s112124550079,207,207,numeric_integer,numeric_integer
s112124550080,207,207,numeric_integer,numeric_integer
s112124550082,207,207,numeric_integer,numeric_integer
s112124550083,207,207,numeric_integer,numeric_integer
s112124550084,207,207,numeric_integer,numeric_integer
s112124550085,207,207,numeric_integer,numeric_integer
s112124550086,207,207,numeric_integer,numeric_integer
s112124550087,207,207,numeric_integer,numeric_integer
s112124550088,207,207,numeric_integer,numeric_integer
s112124550089,207,207,numeric_integer,numeric_integer
s112124550090,207,207,numeric_integer,numeric_integer
s112124550092,207,207,numeric_integer,numeric_integer
s112124550093,207,207,numeric_integer,numeric_integer
s112124550094,207,207,numeric_integer,numeric_integer
s112124550095,207,207,numeric_integer,numeric_integer
s112134501024,808,808,numeric_integer,numeric_integer
s112134501025,808,808,numeric_integer,numeric_integer
s112134501026,808,808,numeric_integer,numeric_integer
s112134501027,808,808,numeric_integer,numeric_integer
s112134501028,808,808,numeric_integer,numeric_integer
s112134501030,808,808,numeric_integer,numeric_integer
s112134501031,808,808,numeric_integer,numeric_integer
s112134501033,808,808,numeric_integer,numeric_integer
s112134501034,808,808,numeric_integer,numeric_integer
s112134501035,808,808,numeric_integer,numeric_integer
s112134501036,808,808,numeric_integer,numeric_integer
s112134501037,808,808,numeric_integer,numeric_integer
s112134501038,808,808,numeric_integer,numeric_integer
s112134501039,808,808,numeric_integer,numeric_integer
s112134501040,808,808,numeric_integer,numeric_integer
s112134501041,808,808,numeric_integer,numeric_integer
s112134501042,808,808,numeric_integer,numeric_integer
s112134501043,808,808,numeric_integer,numeric_integer
s112134501044,808,808,numeric_integer,numeric_integer
s112134501046,808,808,numeric_integer,numeric_integer
s112134501047,808,808,numeric_integer,numeric_integer
s112134501048,808,808,numeric_integer,numeric_integer
s112134501049,808,808,numeric_integer,numeric_integer
s112134501050,808,808,numeric_integer,numeric_integer
s112134501051,808,808,numeric_integer,numeric_integer
s113134501003,808,808,numeric_integer,numeric_integer
s112134501054,817,817,numeric_integer,numeric_integer
s112134501055,817,817,numeric_integer,numeric_integer
s112134501057,817,817,numeric_integer,numeric_integer
s112134501059,817,817,numeric_integer,numeric_integer
s112134501060,817,817,numeric_integer,numeric_integer
s112134501061,817,817,numeric_integer,numeric_integer
s112134501062,817,817,numeric_integer,numeric_integer
s112134501063,817,817,numeric_integer,numeric_integer
s112134501064,817,817,numeric_integer,numeric_integer
s112134501065,817,817,numeric_integer,numeric_integer
s112134501066,817,817,numeric_integer,numeric_integer
s112134501067,817,817,numeric_integer,numeric_integer
s112134501068,817,817,numeric_integer,numeric_integer
s112134501069,817,817,numeric_integer,numeric_integer
s112134501070,817,817,numeric_integer,numeric_integer
s112134501071,817,817,numeric_integer,numeric_integer
s112134501072,817,817,numeric_integer,numeric_integer
s112134501074,817,817,numeric_integer,numeric_integer
s112134501075,817,817,numeric_integer,numeric_integer
s112134501076,817,817,numeric_integer,numeric_integer
s112134501077,817,817,numeric_integer,numeric_integer
s112134501078,817,817,numeric_integer,numeric_integer
s112134501079,817,817,numeric_integer,numeric_integer
s112134501080,817,817,numeric_integer,numeric_integer
s112134501081,817,817,numeric_integer,numeric_integer
s113134501004,817,817,numeric_integer,numeric_integer
s113134501005,817,817,numeric_integer,numeric_integer
s112134527024,801,801,numeric_integer,numeric_integer
s112134527025,801,801,numeric_integer,numeric_integer
s112134527026,801,801,numeric_integer,numeric_integer
s112134527027,801,801,numeric_integer,numeric_integer
s112134527028,801,801,numeric_integer,numeric_integer
s112134527029,801,801,numeric_integer,numeric_integer
s112134527030,801,801,numeric_integer,numeric_integer
s112134527031,801,801,numeric_integer,numeric_integer
s112134527032,801,801,numeric_integer,numeric_integer
s112134527033,801,801,numeric_integer,numeric_integer
s112134527034,801,801,numeric_integer,numeric_integer
s112134527035,801,801,numeric_integer,numeric_integer
s112134527036,801,801,numeric_integer,numeric_integer
s112134527037,801,801,numeric_integer,numeric_integer
s112134527038,801,801,numeric_integer,numeric_integer
s112134527040,801,801,numeric_integer,numeric_integer
s112134527041,801,801,numeric_integer,numeric_integer
s112134527042,801,801,numeric_integer,numeric_integer
s112134527043,801,801,numeric_integer,numeric_integer
s112134527044,801,801,numeric_integer,numeric_integer
s112134527045,801,801,numeric_integer,numeric_integer
s112134527046,801,801,numeric_integer,numeric_integer
s113134527003,801,801,numeric_integer,numeric_integer
s113134527004,801,801,numeric_integer,numeric_integer
s112134527049,802,802,numeric_integer,numeric_integer
s112134527050,802,802,numeric_integer,numeric_integer
s112134527051,802,802,numeric_integer,numeric_integer
s112134527052,802,802,numeric_integer,numeric_integer
s112134527053,802,802,numeric_integer,numeric_integer
s112134527054,802,802,numeric_integer,numeric_integer
s112134527056,802,802,numeric_integer,numeric_integer
s112134527057,802,802,numeric_integer,numeric_integer
s112134527058,802,802,numeric_integer,numeric_integer
s112134527059,802,802,numeric_integer,numeric_integer
s112134527060,802,802,numeric_integer,numeric_integer
s112134527061,802,802,numeric_integer,numeric_integer
s112134527062,802,802,numeric_integer,numeric_integer
s112134527063,802,802,numeric_integer,numeric_integer
s112134527064,802,802,numeric_integer,numeric_integer
s112134527065,802,802,numeric_integer,numeric_integer
s112134527066,802,802,numeric_integer,numeric_integer
s112134527067,802,802,numeric_integer,numeric_integer
s112134527068,802,802,numeric_integer,numeric_integer
s112134527069,802,802,numeric_integer,numeric_integer
s112134527070,802,802,numeric_integer,numeric_integer
s112134527071,802,802,numeric_integer,numeric_integer
s113134527005,802,802,numeric_integer,numeric_integer
s113134527006,802,802,numeric_integer,numeric_integer
s113134527009,802,802,numeric_integer,numeric_integer
s112134542024,八年三班,803,grade_year_class_pattern,grade_year_class_pattern
s112134542025,八年三班,803,grade_year_class_pattern,grade_year_class_pattern
s112134542026,八年三班,803,grade_year_class_pattern,grade_year_class_pattern
s112134542027,八年三班,803,grade_year_class_pattern,grade_year_class_pattern
s112134542028,八年三班,803,grade_year_class_pattern,grade_year_class_pattern
s112134542029,八年三班,803,grade_year_class_pattern,grade_year_class_pattern
s112134542030,八年三班,803,grade_year_class_pattern,grade_year_class_pattern
s112134542031,八年三班,803,grade_year_class_pattern,grade_year_class_pattern
s112134542032,八年三班,803,grade_year_class_pattern,grade_year_class_pattern
s112134542033,八年三班,803,grade_year_class_pattern,grade_year_class_pattern
s112134542034,八年三班,803,grade_year_class_pattern,grade_year_class_pattern
s112134542035,八年三班,803,grade_year_class_pattern,grade_year_class_pattern
s112134542037,八年三班,803,grade_year_class_pattern,grade_year_class_pattern
s112134542038,八年三班,803,grade_year_class_pattern,grade_year_class_pattern
s112134542039,八年三班,803,grade_year_class_pattern,grade_year_class_pattern
s112134542040,八年三班,803,grade_year_class_pattern,grade_year_class_pattern
s112134542042,八年三班,803,grade_year_class_pattern,grade_year_class_pattern
s112134542043,八年三班,803,grade_year_class_pattern,grade_year_class_pattern
s112134542047,八年四班,804,grade_year_class_pattern,grade_year_class_pattern
s112134542048,八年四班,804,grade_year_class_pattern,grade_year_class_pattern
s112134542049,八年四班,804,grade_year_class_pattern,grade_year_class_pattern
s112134542050,八年四班,804,grade_year_class_pattern,grade_year_class_pattern
s112134542051,八年四班,804,grade_year_class_pattern,grade_year_class_pattern
s112134542052,八年四班,804,grade_year_class_pattern,grade_year_class_pattern
s112134542053,八年四班,804,grade_year_class_pattern,grade_year_class_pattern
s112134542054,八年四班,804,grade_year_class_pattern,grade_year_class_pattern
s112134542055,八年四班,804,grade_year_class_pattern,grade_year_class_pattern
s112134542056,八年四班,804,grade_year_class_pattern,grade_year_class_pattern
s112134542057,八年四班,804,grade_year_class_pattern,grade_year_class_pattern
s112134542058,八年四班,804,grade_year_class_pattern,grade_year_class_pattern
s112134542059,八年四班,804,grade_year_class_pattern,grade_year_class_pattern
s112134542060,八年四班,804,grade_year_class_pattern,grade_year_class_pattern
s112134542061,八年四班,804,grade_year_class_pattern,grade_year_class_pattern
s112134542062,八年四班,804,grade_year_class_pattern,grade_year_class_pattern
s112134542064,八年四班,804,grade_year_class_pattern,grade_year_class_pattern
s112134542065,八年四班,804,grade_year_class_pattern,grade_year_class_pattern
s113134542003,八年四班,804,grade_year_class_pattern,grade_year_class_pattern
s112144501024,803,803,numeric_integer,numeric_integer
s112144501025,803,803,numeric_integer,numeric_integer
s112144501026,803,803,numeric_integer,numeric_integer
s112144501027,803,803,numeric_integer,numeric_integer
s112144501028,803,803,numeric_integer,numeric_integer
s112144501029,803,803,numeric_integer,numeric_integer
s112144501030,803,803,numeric_integer,numeric_integer
s112144501031,803,803,numeric_integer,numeric_integer
s112144501032,803,803,numeric_integer,numeric_integer
s112144501033,803,803,numeric_integer,numeric_integer
s112144501034,803,803,numeric_integer,numeric_integer
s112144501035,803,803,numeric_integer,numeric_integer
s112144501036,803,803,numeric_integer,numeric_integer
s112144501037,803,803,numeric_integer,numeric_integer
s112144501038,803,803,numeric_integer,numeric_integer
s112144501039,803,803,numeric_integer,numeric_integer
s112144501040,803,803,numeric_integer,numeric_integer
s112144501041,803,803,numeric_integer,numeric_integer
s112144501042,803,803,numeric_integer,numeric_integer
s112144501043,803,803,numeric_integer,numeric_integer
s112144501044,803,803,numeric_integer,numeric_integer
s112144501046,803,803,numeric_integer,numeric_integer
s112144501047,803,803,numeric_integer,numeric_integer
s112144501048,803,803,numeric_integer,numeric_integer
s112144501049,803,803,numeric_integer,numeric_integer
s112144501050,803,803,numeric_integer,numeric_integer
s112144501051,803,803,numeric_integer,numeric_integer
s112144501052,803,803,numeric_integer,numeric_integer
s113144501003,803,803,numeric_integer,numeric_integer
s112144501055,810,810,numeric_integer,numeric_integer
s112144501056,810,810,numeric_integer,numeric_integer
s112144501057,810,810,numeric_integer,numeric_integer
s112144501058,810,810,numeric_integer,numeric_integer
s112144501059,810,810,numeric_integer,numeric_integer
s112144501060,810,810,numeric_integer,numeric_integer
s112144501061,810,810,numeric_integer,numeric_integer
s112144501062,810,810,numeric_integer,numeric_integer
s112144501063,810,810,numeric_integer,numeric_integer
s112144501064,810,810,numeric_integer,numeric_integer
s112144501065,810,810,numeric_integer,numeric_integer
s112144501066,810,810,numeric_integer,numeric_integer
s112144501067,810,810,numeric_integer,numeric_integer
s112144501069,810,810,numeric_integer,numeric_integer
s112144501070,810,810,numeric_integer,numeric_integer
s112144501071,810,810,numeric_integer,numeric_integer
s112144501073,810,810,numeric_integer,numeric_integer
s112144501074,810,810,numeric_integer,numeric_integer
s112144501075,810,810,numeric_integer,numeric_integer
s112144501076,810,810,numeric_integer,numeric_integer
s112144501078,810,810,numeric_integer,numeric_integer
s112144501079,810,810,numeric_integer,numeric_integer
s112144501080,810,810,numeric_integer,numeric_integer
s112144501081,810,810,numeric_integer,numeric_integer
s112144501082,810,810,numeric_integer,numeric_integer
s112144501083,810,810,numeric_integer,numeric_integer
s113144501004,810,810,numeric_integer,numeric_integer
s113144501005,810,810,numeric_integer,numeric_integer
s113144501006,810,810,numeric_integer,numeric_integer
s112144504024,八年二班,802,grade_year_class_pattern,grade_year_class_pattern
s112144504027,八年二班,802,grade_year_class_pattern,grade_year_class_pattern
s112144504030,八年二班,802,grade_year_class_pattern,grade_year_class_pattern
s112144504031,八年二班,802,grade_year_class_pattern,grade_year_class_pattern
s112144504032,八年二班,802,grade_year_class_pattern,grade_year_class_pattern
s112144504033,八年二班,802,grade_year_class_pattern,grade_year_class_pattern
s112144504034,八年二班,802,grade_year_class_pattern,grade_year_class_pattern
s112144504035,八年二班,802,grade_year_class_pattern,grade_year_class_pattern
s112144504036,八年二班,802,grade_year_class_pattern,grade_year_class_pattern
s112144504037,八年二班,802,grade_year_class_pattern,grade_year_class_pattern
s112144504038,八年二班,802,grade_year_class_pattern,grade_year_class_pattern
s112144504039,八年二班,802,grade_year_class_pattern,grade_year_class_pattern
s112144504040,八年二班,802,grade_year_class_pattern,grade_year_class_pattern
s112144504042,八年二班,802,grade_year_class_pattern,grade_year_class_pattern
s113144504004,八年二班,802,grade_year_class_pattern,grade_year_class_pattern
s112144504028,八年四班,804,grade_year_class_pattern,grade_year_class_pattern
s112144504046,八年四班,804,grade_year_class_pattern,grade_year_class_pattern
s112144504047,八年四班,804,grade_year_class_pattern,grade_year_class_pattern
s112144504048,八年四班,804,grade_year_class_pattern,grade_year_class_pattern
s112144504049,八年四班,804,grade_year_class_pattern,grade_year_class_pattern
s112144504050,八年四班,804,grade_year_class_pattern,grade_year_class_pattern
s112144504051,八年四班,804,grade_year_class_pattern,grade_year_class_pattern
s112144504052,八年四班,804,grade_year_class_pattern,grade_year_class_pattern
s112144504053,八年四班,804,grade_year_class_pattern,grade_year_class_pattern
s112144504054,八年四班,804,grade_year_class_pattern,grade_year_class_pattern
s112144504055,八年四班,804,grade_year_class_pattern,grade_year_class_pattern
s112144504056,八年四班,804,grade_year_class_pattern,grade_year_class_pattern
s112144504057,八年四班,804,grade_year_class_pattern,grade_year_class_pattern
s112144504059,八年四班,804,grade_year_class_pattern,grade_year_class_pattern
s113144504007,八年四班,804,grade_year_class_pattern,grade_year_class_pattern
s112144511024,八年一班,801,grade_year_class_pattern,grade_year_class_pattern
s112144511025,八年一班,801,grade_year_class_pattern,grade_year_class_pattern
s112144511026,八年一班,801,grade_year_class_pattern,grade_year_class_pattern
s112144511027,八年一班,801,grade_year_class_pattern,grade_year_class_pattern
s112144511029,八年一班,801,grade_year_class_pattern,grade_year_class_pattern
s112144511030,八年一班,801,grade_year_class_pattern,grade_year_class_pattern
s112144511031,八年一班,801,grade_year_class_pattern,grade_year_class_pattern
s112144511032,八年一班,801,grade_year_class_pattern,grade_year_class_pattern
s112144511033,八年一班,801,grade_year_class_pattern,grade_year_class_pattern
s112144511034,八年一班,801,grade_year_class_pattern,grade_year_class_pattern
s112144511035,八年一班,801,grade_year_class_pattern,grade_year_class_pattern
s112144511036,八年一班,801,grade_year_class_pattern,grade_year_class_pattern
s112144511038,八年一班,801,grade_year_class_pattern,grade_year_class_pattern
s112144511039,八年一班,801,grade_year_class_pattern,grade_year_class_pattern
s112144511040,八年一班,801,grade_year_class_pattern,grade_year_class_pattern
s112144511041,八年一班,801,grade_year_class_pattern,grade_year_class_pattern
s112144511042,八年一班,801,grade_year_class_pattern,grade_year_class_pattern
s112144511043,八年一班,801,grade_year_class_pattern,grade_year_class_pattern
s112144511044,八年一班,801,grade_year_class_pattern,grade_year_class_pattern
s112144511045,八年一班,801,grade_year_class_pattern,grade_year_class_pattern
s113144511003,八年一班,801,grade_year_class_pattern,grade_year_class_pattern
s112144511049,八年二班,802,grade_year_class_pattern,grade_year_class_pattern
s112144511050,八年二班,802,grade_year_class_pattern,grade_year_class_pattern
s112144511051,八年二班,802,grade_year_class_pattern,grade_year_class_pattern
s112144511052,八年二班,802,grade_year_class_pattern,grade_year_class_pattern
s112144511053,八年二班,802,grade_year_class_pattern,grade_year_class_pattern
s112144511054,八年二班,802,grade_year_class_pattern,grade_year_class_pattern
s112144511055,八年二班,802,grade_year_class_pattern,grade_year_class_pattern
s112144511056,八年二班,802,grade_year_class_pattern,grade_year_class_pattern
s112144511057,八年二班,802,grade_year_class_pattern,grade_year_class_pattern
s112144511058,八年二班,802,grade_year_class_pattern,grade_year_class_pattern
s112144511059,八年二班,802,grade_year_class_pattern,grade_year_class_pattern
s112144511060,八年二班,802,grade_year_class_pattern,grade_year_class_pattern
s112144511062,八年二班,802,grade_year_class_pattern,grade_year_class_pattern
s112144511063,八年二班,802,grade_year_class_pattern,grade_year_class_pattern
s112144511064,八年二班,802,grade_year_class_pattern,grade_year_class_pattern
s112144511065,八年二班,802,grade_year_class_pattern,grade_year_class_pattern
s112144511066,八年二班,802,grade_year_class_pattern,grade_year_class_pattern
s112144511067,八年二班,802,grade_year_class_pattern,grade_year_class_pattern
s112144511068,八年二班,802,grade_year_class_pattern,grade_year_class_pattern
s112144511069,八年二班,802,grade_year_class_pattern,grade_year_class_pattern
s112144511071,八年二班,802,grade_year_class_pattern,grade_year_class_pattern
s112144512023,八年二班,802,grade_year_class_pattern,grade_year_class_pattern
s112144512024,八年二班,802,grade_year_class_pattern,grade_year_class_pattern
s112144512025,八年二班,802,grade_year_class_pattern,grade_year_class_pattern
s112144512026,八年二班,802,grade_year_class_pattern,grade_year_class_pattern
s112144512027,八年二班,802,grade_year_class_pattern,grade_year_class_pattern
s112144512028,八年二班,802,grade_year_class_pattern,grade_year_class_pattern
s112144512029,八年二班,802,grade_year_class_pattern,grade_year_class_pattern
s112144512030,八年二班,802,grade_year_class_pattern,grade_year_class_pattern
s112144512031,八年二班,802,grade_year_class_pattern,grade_year_class_pattern
s112144512032,八年二班,802,grade_year_class_pattern,grade_year_class_pattern
s112144512033,八年二班,802,grade_year_class_pattern,grade_year_class_pattern
s112144512034,八年二班,802,grade_year_class_pattern,grade_year_class_pattern
s112144512035,八年二班,802,grade_year_class_pattern,grade_year_class_pattern
s112144512037,八年二班,802,grade_year_class_pattern,grade_year_class_pattern
s112144512038,八年二班,802,grade_year_class_pattern,grade_year_class_pattern
s112144512039,八年二班,802,grade_year_class_pattern,grade_year_class_pattern
s112144512041,八年二班,802,grade_year_class_pattern,grade_year_class_pattern
s112144512042,八年二班,802,grade_year_class_pattern,grade_year_class_pattern
s112144512043,八年二班,802,grade_year_class_pattern,grade_year_class_pattern
s113144512002,八年二班,802,grade_year_class_pattern,grade_year_class_pattern
s112144517024,801,801,numeric_integer,numeric_integer
s112144517025,801,801,numeric_integer,numeric_integer
s112144517026,801,801,numeric_integer,numeric_integer
s112144517027,801,801,numeric_integer,numeric_integer
s112144517028,801,801,numeric_integer,numeric_integer
s112144517029,801,801,numeric_integer,numeric_integer
s112144517030,801,801,numeric_integer,numeric_integer
s112144517031,801,801,numeric_integer,numeric_integer
s112144517032,801,801,numeric_integer,numeric_integer
s112144517033,801,801,numeric_integer,numeric_integer
s112144517034,801,801,numeric_integer,numeric_integer
s112144517035,801,801,numeric_integer,numeric_integer
s112144517036,801,801,numeric_integer,numeric_integer
s112144517037,801,801,numeric_integer,numeric_integer
s112144517038,801,801,numeric_integer,numeric_integer
s112144517039,801,801,numeric_integer,numeric_integer
s112144517041,801,801,numeric_integer,numeric_integer
s112144517042,801,801,numeric_integer,numeric_integer
s112144517043,801,801,numeric_integer,numeric_integer
s112144517044,801,801,numeric_integer,numeric_integer
s113144517003,801,801,numeric_integer,numeric_integer
s112144517047,803,803,numeric_integer,numeric_integer
s112144517048,803,803,numeric_integer,numeric_integer
s112144517049,803,803,numeric_integer,numeric_integer
s112144517050,803,803,numeric_integer,numeric_integer
s112144517051,803,803,numeric_integer,numeric_integer
s112144517052,803,803,numeric_integer,numeric_integer
s112144517054,803,803,numeric_integer,numeric_integer
s112144517056,803,803,numeric_integer,numeric_integer
s112144517057,803,803,numeric_integer,numeric_integer
s112144517058,803,803,numeric_integer,numeric_integer
s112144517059,803,803,numeric_integer,numeric_integer
s112144517060,803,803,numeric_integer,numeric_integer
s112144517061,803,803,numeric_integer,numeric_integer
s112144517062,803,803,numeric_integer,numeric_integer
s112144517063,803,803,numeric_integer,numeric_integer
s112144517064,803,803,numeric_integer,numeric_integer
s112144517065,803,803,numeric_integer,numeric_integer
s112144517066,803,803,numeric_integer,numeric_integer
s113144517004,803,803,numeric_integer,numeric_integer
s112154501024,八年二班,802,grade_year_class_pattern,grade_year_class_pattern
s112154501025,八年二班,802,grade_year_class_pattern,grade_year_class_pattern
s112154501026,八年二班,802,grade_year_class_pattern,grade_year_class_pattern
s112154501027,八年二班,802,grade_year_class_pattern,grade_year_class_pattern
s112154501028,八年二班,802,grade_year_class_pattern,grade_year_class_pattern
s112154501029,八年二班,802,grade_year_class_pattern,grade_year_class_pattern
s112154501030,八年二班,802,grade_year_class_pattern,grade_year_class_pattern
s112154501031,八年二班,802,grade_year_class_pattern,grade_year_class_pattern
s112154501032,八年二班,802,grade_year_class_pattern,grade_year_class_pattern
s112154501033,八年二班,802,grade_year_class_pattern,grade_year_class_pattern
s112154501035,八年二班,802,grade_year_class_pattern,grade_year_class_pattern
s112154501036,八年二班,802,grade_year_class_pattern,grade_year_class_pattern
s112154501037,八年二班,802,grade_year_class_pattern,grade_year_class_pattern
s112154501038,八年二班,802,grade_year_class_pattern,grade_year_class_pattern
s112154501039,八年二班,802,grade_year_class_pattern,grade_year_class_pattern
s112154501040,八年二班,802,grade_year_class_pattern,grade_year_class_pattern
s112154501041,八年二班,802,grade_year_class_pattern,grade_year_class_pattern
s112154501042,八年二班,802,grade_year_class_pattern,grade_year_class_pattern
s112154501043,八年二班,802,grade_year_class_pattern,grade_year_class_pattern
s112154501044,八年二班,802,grade_year_class_pattern,grade_year_class_pattern
s112154501045,八年二班,802,grade_year_class_pattern,grade_year_class_pattern
s112154501046,八年二班,802,grade_year_class_pattern,grade_year_class_pattern
s112154501047,八年二班,802,grade_year_class_pattern,grade_year_class_pattern
s112154501048,八年二班,802,grade_year_class_pattern,grade_year_class_pattern
s113154501003,八年二班,802,grade_year_class_pattern,grade_year_class_pattern
s112154501051,八年五班,805,grade_year_class_pattern,grade_year_class_pattern
s112154501052,八年五班,805,grade_year_class_pattern,grade_year_class_pattern
s112154501053,八年五班,805,grade_year_class_pattern,grade_year_class_pattern
s112154501054,八年五班,805,grade_year_class_pattern,grade_year_class_pattern
s112154501055,八年五班,805,grade_year_class_pattern,grade_year_class_pattern
s112154501056,八年五班,805,grade_year_class_pattern,grade_year_class_pattern
s112154501057,八年五班,805,grade_year_class_pattern,grade_year_class_pattern
s112154501058,八年五班,805,grade_year_class_pattern,grade_year_class_pattern
s112154501059,八年五班,805,grade_year_class_pattern,grade_year_class_pattern
s112154501060,八年五班,805,grade_year_class_pattern,grade_year_class_pattern
s112154501061,八年五班,805,grade_year_class_pattern,grade_year_class_pattern
s112154501062,八年五班,805,grade_year_class_pattern,grade_year_class_pattern
s112154501063,八年五班,805,grade_year_class_pattern,grade_year_class_pattern
s112154501064,八年五班,805,grade_year_class_pattern,grade_year_class_pattern
s112154501065,八年五班,805,grade_year_class_pattern,grade_year_class_pattern
s112154501066,八年五班,805,grade_year_class_pattern,grade_year_class_pattern
s112154501067,八年五班,805,grade_year_class_pattern,grade_year_class_pattern
s112154501068,八年五班,805,grade_year_class_pattern,grade_year_class_pattern
s112154501069,八年五班,805,grade_year_class_pattern,grade_year_class_pattern
s112154501070,八年五班,805,grade_year_class_pattern,grade_year_class_pattern
s112154501071,八年五班,805,grade_year_class_pattern,grade_year_class_pattern
s112154501072,八年五班,805,grade_year_class_pattern,grade_year_class_pattern
s112154501073,八年五班,805,grade_year_class_pattern,grade_year_class_pattern
s112154501074,八年五班,805,grade_year_class_pattern,grade_year_class_pattern
s112154501075,八年五班,805,grade_year_class_pattern,grade_year_class_pattern
s112154501076,八年五班,805,grade_year_class_pattern,grade_year_class_pattern
s112154505024,801,801,numeric_integer,numeric_integer
s112154505026,801,801,numeric_integer,numeric_integer
s112154505027,801,801,numeric_integer,numeric_integer
s112154505028,801,801,numeric_integer,numeric_integer
s112154505029,801,801,numeric_integer,numeric_integer
s112154505030,801,801,numeric_integer,numeric_integer
s112154505031,801,801,numeric_integer,numeric_integer
s112154505032,801,801,numeric_integer,numeric_integer
s112154505033,801,801,numeric_integer,numeric_integer
s112154505034,801,801,numeric_integer,numeric_integer
s112154505035,801,801,numeric_integer,numeric_integer
s112154505036,801,801,numeric_integer,numeric_integer
s112154505037,801,801,numeric_integer,numeric_integer
s112154505038,801,801,numeric_integer,numeric_integer
s112154505039,801,801,numeric_integer,numeric_integer
s112154505040,801,801,numeric_integer,numeric_integer
s112154505041,801,801,numeric_integer,numeric_integer
s112154505042,801,801,numeric_integer,numeric_integer
s112154505043,801,801,numeric_integer,numeric_integer
s112154505044,801,801,numeric_integer,numeric_integer
s112154505045,801,801,numeric_integer,numeric_integer
s112154505046,801,801,numeric_integer,numeric_integer
s112154505047,801,801,numeric_integer,numeric_integer
s112154505048,801,801,numeric_integer,numeric_integer
s112154505049,801,801,numeric_integer,numeric_integer
s112154505050,801,801,numeric_integer,numeric_integer
s112154505051,801,801,numeric_integer,numeric_integer
s113154505003,801,801,numeric_integer,numeric_integer
s112154505054,807,807,numeric_integer,numeric_integer
s112154505055,807,807,numeric_integer,numeric_integer
s112154505056,807,807,numeric_integer,numeric_integer
s112154505057,807,807,numeric_integer,numeric_integer
s112154505058,807,807,numeric_integer,numeric_integer
s112154505059,807,807,numeric_integer,numeric_integer
s112154505060,807,807,numeric_integer,numeric_integer
s112154505061,807,807,numeric_integer,numeric_integer
s112154505062,807,807,numeric_integer,numeric_integer
s112154505063,807,807,numeric_integer,numeric_integer
s112154505064,807,807,numeric_integer,numeric_integer
s112154505065,807,807,numeric_integer,numeric_integer
s112154505066,807,807,numeric_integer,numeric_integer
s112154505067,807,807,numeric_integer,numeric_integer
s112154505068,807,807,numeric_integer,numeric_integer
s112154505069,807,807,numeric_integer,numeric_integer
s112154505070,807,807,numeric_integer,numeric_integer
s112154505071,807,807,numeric_integer,numeric_integer
s112154505072,807,807,numeric_integer,numeric_integer
s112154505074,807,807,numeric_integer,numeric_integer
s112154505075,807,807,numeric_integer,numeric_integer
s112154505077,807,807,numeric_integer,numeric_integer
s112154505079,807,807,numeric_integer,numeric_integer
s112154505080,807,807,numeric_integer,numeric_integer
s112154505081,807,807,numeric_integer,numeric_integer
s112154505082,807,807,numeric_integer,numeric_integer
s113154505004,807,807,numeric_integer,numeric_integer
s112154506045,807,807,numeric_integer,numeric_integer
s112154506047,807,807,numeric_integer,numeric_integer
s112154506048,807,807,numeric_integer,numeric_integer
s112154506049,807,807,numeric_integer,numeric_integer
s112154506050,807,807,numeric_integer,numeric_integer
s112154506051,807,807,numeric_integer,numeric_integer
s112154506052,807,807,numeric_integer,numeric_integer
s112154506053,807,807,numeric_integer,numeric_integer
s112154506054,807,807,numeric_integer,numeric_integer
s112154506055,807,807,numeric_integer,numeric_integer
s112154506056,807,807,numeric_integer,numeric_integer
s112154506057,807,807,numeric_integer,numeric_integer
s112154506058,807,807,numeric_integer,numeric_integer
s112154506059,807,807,numeric_integer,numeric_integer
s112154506060,807,807,numeric_integer,numeric_integer
s112154506062,807,807,numeric_integer,numeric_integer
s112154506063,807,807,numeric_integer,numeric_integer
s112154506064,807,807,numeric_integer,numeric_integer
s112154506065,807,807,numeric_integer,numeric_integer
s112154506066,807,807,numeric_integer,numeric_integer
s112154506067,807,807,numeric_integer,numeric_integer
s112154506068,807,807,numeric_integer,numeric_integer
s112154506069,807,807,numeric_integer,numeric_integer
s112154506070,807,807,numeric_integer,numeric_integer
s112154506071,807,807,numeric_integer,numeric_integer
s112154506072,807,807,numeric_integer,numeric_integer
s112154506075,815,815,numeric_integer,numeric_integer
s112154506076,815,815,numeric_integer,numeric_integer
s112154506077,815,815,numeric_integer,numeric_integer
s112154506078,815,815,numeric_integer,numeric_integer
s112154506079,815,815,numeric_integer,numeric_integer
s112154506080,815,815,numeric_integer,numeric_integer
s112154506081,815,815,numeric_integer,numeric_integer
s112154506082,815,815,numeric_integer,numeric_integer
s112154506083,815,815,numeric_integer,numeric_integer
s112154506084,815,815,numeric_integer,numeric_integer
s112154506085,815,815,numeric_integer,numeric_integer
s112154506086,815,815,numeric_integer,numeric_integer
s112154506087,815,815,numeric_integer,numeric_integer
s112154506088,815,815,numeric_integer,numeric_integer
s112154506089,815,815,numeric_integer,numeric_integer
s112154506090,815,815,numeric_integer,numeric_integer
s112154506091,815,815,numeric_integer,numeric_integer
s112154506092,815,815,numeric_integer,numeric_integer
s112154506093,815,815,numeric_integer,numeric_integer
s112154506095,815,815,numeric_integer,numeric_integer
s112154506096,815,815,numeric_integer,numeric_integer
s112154506097,815,815,numeric_integer,numeric_integer
s112154506098,815,815,numeric_integer,numeric_integer
s112154506099,815,815,numeric_integer,numeric_integer
s112154506100,815,815,numeric_integer,numeric_integer
s112154506101,815,815,numeric_integer,numeric_integer
s113154506003,815,815,numeric_integer,numeric_integer
s112154513024,八年一班,801,grade_year_class_pattern,grade_year_class_pattern
s112154513025,八年一班,801,grade_year_class_pattern,grade_year_class_pattern
s112154513026,八年一班,801,grade_year_class_pattern,grade_year_class_pattern
s112154513027,八年一班,801,grade_year_class_pattern,grade_year_class_pattern
s112154513028,八年一班,801,grade_year_class_pattern,grade_year_class_pattern
s112154513029,八年一班,801,grade_year_class_pattern,grade_year_class_pattern
s112154513030,八年一班,801,grade_year_class_pattern,grade_year_class_pattern
s112154513031,八年一班,801,grade_year_class_pattern,grade_year_class_pattern
s112154513032,八年一班,801,grade_year_class_pattern,grade_year_class_pattern
s112154513033,八年一班,801,grade_year_class_pattern,grade_year_class_pattern
s112154513036,八年一班,801,grade_year_class_pattern,grade_year_class_pattern
s112154513037,八年一班,801,grade_year_class_pattern,grade_year_class_pattern
s112154513038,八年一班,801,grade_year_class_pattern,grade_year_class_pattern
s112154513039,八年一班,801,grade_year_class_pattern,grade_year_class_pattern
s112154513040,八年一班,801,grade_year_class_pattern,grade_year_class_pattern
s112154513041,八年一班,801,grade_year_class_pattern,grade_year_class_pattern
s112154513042,八年一班,801,grade_year_class_pattern,grade_year_class_pattern
s112154513043,八年一班,801,grade_year_class_pattern,grade_year_class_pattern
s112154513044,八年一班,801,grade_year_class_pattern,grade_year_class_pattern
s112154513046,八年一班,801,grade_year_class_pattern,grade_year_class_pattern
s112154513047,八年一班,801,grade_year_class_pattern,grade_year_class_pattern
s113154513003,八年一班,801,grade_year_class_pattern,grade_year_class_pattern
s112154513050,八年二班,802,grade_year_class_pattern,grade_year_class_pattern
s112154513051,八年二班,802,grade_year_class_pattern,grade_year_class_pattern
s112154513052,八年二班,802,grade_year_class_pattern,grade_year_class_pattern
s112154513053,八年二班,802,grade_year_class_pattern,grade_year_class_pattern
s112154513054,八年二班,802,grade_year_class_pattern,grade_year_class_pattern
s112154513055,八年二班,802,grade_year_class_pattern,grade_year_class_pattern
s112154513056,八年二班,802,grade_year_class_pattern,grade_year_class_pattern
s112154513057,八年二班,802,grade_year_class_pattern,grade_year_class_pattern
s112154513059,八年二班,802,grade_year_class_pattern,grade_year_class_pattern
s112154513061,八年二班,802,grade_year_class_pattern,grade_year_class_pattern
s112154513062,八年二班,802,grade_year_class_pattern,grade_year_class_pattern
s112154513063,八年二班,802,grade_year_class_pattern,grade_year_class_pattern
s112154513064,八年二班,802,grade_year_class_pattern,grade_year_class_pattern
s112154513065,八年二班,802,grade_year_class_pattern,grade_year_class_pattern
s112154513066,八年二班,802,grade_year_class_pattern,grade_year_class_pattern
s112154513067,八年二班,802,grade_year_class_pattern,grade_year_class_pattern
s112154513068,八年二班,802,grade_year_class_pattern,grade_year_class_pattern
s112154513069,八年二班,802,grade_year_class_pattern,grade_year_class_pattern
s112154513070,八年二班,802,grade_year_class_pattern,grade_year_class_pattern
s112154513071,八年二班,802,grade_year_class_pattern,grade_year_class_pattern
s112154513072,八年二班,802,grade_year_class_pattern,grade_year_class_pattern
s112154515024,801,801,numeric_integer,numeric_integer
s112154515025,801,801,numeric_integer,numeric_integer
s112154515026,801,801,numeric_integer,numeric_integer
s112154515027,801,801,numeric_integer,numeric_integer
s112154515028,801,801,numeric_integer,numeric_integer
s112154515029,801,801,numeric_integer,numeric_integer
s112154515030,801,801,numeric_integer,numeric_integer
s112154515032,801,801,numeric_integer,numeric_integer
s112154515033,801,801,numeric_integer,numeric_integer
s112154515035,801,801,numeric_integer,numeric_integer
s112154515036,801,801,numeric_integer,numeric_integer
s112154515037,801,801,numeric_integer,numeric_integer
s112154515038,801,801,numeric_integer,numeric_integer
s112154515039,801,801,numeric_integer,numeric_integer
s112154515040,801,801,numeric_integer,numeric_integer
s112154515041,801,801,numeric_integer,numeric_integer
s112154515042,801,801,numeric_integer,numeric_integer
s113154515003,801,801,numeric_integer,numeric_integer
s112154515043,801,801,numeric_integer,numeric_integer
s112154515045,803,803,numeric_integer,numeric_integer
s112154515046,803,803,numeric_integer,numeric_integer
s112154515047,803,803,numeric_integer,numeric_integer
s112154515048,803,803,numeric_integer,numeric_integer
s112154515049,803,803,numeric_integer,numeric_integer
s112154515050,803,803,numeric_integer,numeric_integer
s112154515051,803,803,numeric_integer,numeric_integer
s112154515052,803,803,numeric_integer,numeric_integer
s112154515053,803,803,numeric_integer,numeric_integer
s112154515054,803,803,numeric_integer,numeric_integer
s112154515055,803,803,numeric_integer,numeric_integer
s112154515057,803,803,numeric_integer,numeric_integer
s112154515058,803,803,numeric_integer,numeric_integer
s112154515059,803,803,numeric_integer,numeric_integer
s112154515060,803,803,numeric_integer,numeric_integer
s112154515061,803,803,numeric_integer,numeric_integer
s112154515062,803,803,numeric_integer,numeric_integer
s112154515063,803,803,numeric_integer,numeric_integer
s112154515064,803,803,numeric_integer,numeric_integer
s113154515004,803,803,numeric_integer,numeric_integer
s113154515005,803,803,numeric_integer,numeric_integer
s112154522025,801,801,numeric_integer,numeric_integer
s112154522026,801,801,numeric_integer,numeric_integer
s112154522027,801,801,numeric_integer,numeric_integer
s112154522028,801,801,numeric_integer,numeric_integer
s112154522029,801,801,numeric_integer,numeric_integer
s112154522030,801,801,numeric_integer,numeric_integer
s112154522032,801,801,numeric_integer,numeric_integer
s112154522033,801,801,numeric_integer,numeric_integer
s112154522034,801,801,numeric_integer,numeric_integer
s112154522035,801,801,numeric_integer,numeric_integer
s112154522036,801,801,numeric_integer,numeric_integer
s112154522037,801,801,numeric_integer,numeric_integer
s112154522038,801,801,numeric_integer,numeric_integer
s112154522039,801,801,numeric_integer,numeric_integer
s112154522040,801,801,numeric_integer,numeric_integer
s112154522041,801,801,numeric_integer,numeric_integer
s112154522043,801,801,numeric_integer,numeric_integer
s112154522044,801,801,numeric_integer,numeric_integer
s112154522045,801,801,numeric_integer,numeric_integer
s112154522046,801,801,numeric_integer,numeric_integer
s112154522047,801,801,numeric_integer,numeric_integer
s112154522048,801,801,numeric_integer,numeric_integer
s112154522050,801,801,numeric_integer,numeric_integer
s112154522051,801,801,numeric_integer,numeric_integer
s112154522052,801,801,numeric_integer,numeric_integer
s113154522003,801,801,numeric_integer,numeric_integer
s113154522007,801,801,numeric_integer,numeric_integer
s112154522059,804,804,numeric_integer,numeric_integer
s112154522060,804,804,numeric_integer,numeric_integer
s112154522061,804,804,numeric_integer,numeric_integer
s112154522063,804,804,numeric_integer,numeric_integer
s112154522068,804,804,numeric_integer,numeric_integer
s112154522069,804,804,numeric_integer,numeric_integer
s112154522070,804,804,numeric_integer,numeric_integer
s112154522071,804,804,numeric_integer,numeric_integer
s112154522072,804,804,numeric_integer,numeric_integer
s112154522074,804,804,numeric_integer,numeric_integer
s112154522075,804,804,numeric_integer,numeric_integer
s112154522076,804,804,numeric_integer,numeric_integer
s112154522079,804,804,numeric_integer,numeric_integer
s112154522080,804,804,numeric_integer,numeric_integer
s112154522081,804,804,numeric_integer,numeric_integer
s112154522083,804,804,numeric_integer,numeric_integer
s112154522084,804,804,numeric_integer,numeric_integer
s112154522085,804,804,numeric_integer,numeric_integer
s113154522004,804,804,numeric_integer,numeric_integer
s113154522006,804,804,numeric_integer,numeric_integer
s113154522009,804,804,numeric_integer,numeric_integer
s113154522010,804,804,numeric_integer,numeric_integer
s112164501024,801,801,numeric_integer,numeric_integer
s112164501025,801,801,numeric_integer,numeric_integer
s112164501026,801,801,numeric_integer,numeric_integer
s112164501027,801,801,numeric_integer,numeric_integer
s112164501028,801,801,numeric_integer,numeric_integer
s112164501029,801,801,numeric_integer,numeric_integer
s112164501030,801,801,numeric_integer,numeric_integer
s112164501031,801,801,numeric_integer,numeric_integer
s112164501032,801,801,numeric_integer,numeric_integer
s112164501033,801,801,numeric_integer,numeric_integer
s112164501034,801,801,numeric_integer,numeric_integer
s112164501035,801,801,numeric_integer,numeric_integer
s112164501036,801,801,numeric_integer,numeric_integer
s112164501037,801,801,numeric_integer,numeric_integer
s112164501038,801,801,numeric_integer,numeric_integer
s112164501039,801,801,numeric_integer,numeric_integer
s112164501040,801,801,numeric_integer,numeric_integer
s112164501041,801,801,numeric_integer,numeric_integer
s112164501042,801,801,numeric_integer,numeric_integer
s112164501043,801,801,numeric_integer,numeric_integer
s112164501044,801,801,numeric_integer,numeric_integer
s112164501045,801,801,numeric_integer,numeric_integer
s112164501046,801,801,numeric_integer,numeric_integer
s112164501047,801,801,numeric_integer,numeric_integer
s112164501048,801,801,numeric_integer,numeric_integer
s112164501049,801,801,numeric_integer,numeric_integer
s112164501052,805,805,numeric_integer,numeric_integer
s112164501053,805,805,numeric_integer,numeric_integer
s112164501054,805,805,numeric_integer,numeric_integer
s112164501056,805,805,numeric_integer,numeric_integer
s112164501057,805,805,numeric_integer,numeric_integer
s112164501058,805,805,numeric_integer,numeric_integer
s112164501059,805,805,numeric_integer,numeric_integer
s112164501060,805,805,numeric_integer,numeric_integer
s112164501061,805,805,numeric_integer,numeric_integer
s112164501062,805,805,numeric_integer,numeric_integer
s112164501064,805,805,numeric_integer,numeric_integer
s112164501065,805,805,numeric_integer,numeric_integer
s112164501066,805,805,numeric_integer,numeric_integer
s112164501067,805,805,numeric_integer,numeric_integer
s112164501068,805,805,numeric_integer,numeric_integer
s112164501069,805,805,numeric_integer,numeric_integer
s112164501070,805,805,numeric_integer,numeric_integer
s112164501071,805,805,numeric_integer,numeric_integer
s112164501072,805,805,numeric_integer,numeric_integer
s112164501073,805,805,numeric_integer,numeric_integer
s112164501074,805,805,numeric_integer,numeric_integer
s112164501075,805,805,numeric_integer,numeric_integer
s112164501076,805,805,numeric_integer,numeric_integer
s113164501003,805,805,numeric_integer,numeric_integer
s112164501063,805,805,numeric_integer,numeric_integer
s112164513024,801,801,numeric_integer,numeric_integer
s112164513025,801,801,numeric_integer,numeric_integer
s112164513026,801,801,numeric_integer,numeric_integer
s112164513027,801,801,numeric_integer,numeric_integer
s112164513028,801,801,numeric_integer,numeric_integer
s112164513029,801,801,numeric_integer,numeric_integer
s112164513030,801,801,numeric_integer,numeric_integer
s112164513031,801,801,numeric_integer,numeric_integer
s112164513032,801,801,numeric_integer,numeric_integer
s112164513033,801,801,numeric_integer,numeric_integer
s112164513034,801,801,numeric_integer,numeric_integer
s112164513035,801,801,numeric_integer,numeric_integer
s112164513036,801,801,numeric_integer,numeric_integer
s112164513037,801,801,numeric_integer,numeric_integer
s112164513038,801,801,numeric_integer,numeric_integer
s112164513039,801,801,numeric_integer,numeric_integer
s112164513040,801,801,numeric_integer,numeric_integer
s112164513041,801,801,numeric_integer,numeric_integer
s112164513042,801,801,numeric_integer,numeric_integer
s112164513043,801,801,numeric_integer,numeric_integer
s112164513044,801,801,numeric_integer,numeric_integer
s112164513045,801,801,numeric_integer,numeric_integer
s112164513046,801,801,numeric_integer,numeric_integer
s112164513049,803,803,numeric_integer,numeric_integer
s112164513051,803,803,numeric_integer,numeric_integer
s112164513052,803,803,numeric_integer,numeric_integer
s112164513058,803,803,numeric_integer,numeric_integer
s112164513060,803,803,numeric_integer,numeric_integer
s112164513062,803,803,numeric_integer,numeric_integer
s112164513063,803,803,numeric_integer,numeric_integer
s112164513053,803,803,numeric_integer,numeric_integer
s112164513054,803,803,numeric_integer,numeric_integer
s112164513064,803,803,numeric_integer,numeric_integer
s112164513055,803,803,numeric_integer,numeric_integer
s112164513065,803,803,numeric_integer,numeric_integer
s112164513056,803,803,numeric_integer,numeric_integer
s112164513066,803,803,numeric_integer,numeric_integer
s112164513057,803,803,numeric_integer,numeric_integer
s112164513067,803,803,numeric_integer,numeric_integer
s112164513068,803,803,numeric_integer,numeric_integer
s112164513069,803,803,numeric_integer,numeric_integer
s112164513070,803,803,numeric_integer,numeric_integer
s112164513071,803,803,numeric_integer,numeric_integer
s113164513003,803,803,numeric_integer,numeric_integer
s112171306024,804,804,numeric_integer,numeric_integer
s112171306026,804,804,numeric_integer,numeric_integer
s112171306027,804,804,numeric_integer,numeric_integer
s112171306028,804,804,numeric_integer,numeric_integer
s112171306029,804,804,numeric_integer,numeric_integer
s112171306030,804,804,numeric_integer,numeric_integer
s112171306031,804,804,numeric_integer,numeric_integer
s112171306032,804,804,numeric_integer,numeric_integer
s112171306033,804,804,numeric_integer,numeric_integer
s112171306034,804,804,numeric_integer,numeric_integer
s112171306035,804,804,numeric_integer,numeric_integer
s112171306036,804,804,numeric_integer,numeric_integer
s112171306037,804,804,numeric_integer,numeric_integer
s112171306038,804,804,numeric_integer,numeric_integer
s112171306039,804,804,numeric_integer,numeric_integer
s112171306040,804,804,numeric_integer,numeric_integer
s112171306041,804,804,numeric_integer,numeric_integer
s112171306042,804,804,numeric_integer,numeric_integer
s112171306043,804,804,numeric_integer,numeric_integer
s112171306044,804,804,numeric_integer,numeric_integer
s112171306045,804,804,numeric_integer,numeric_integer
s112171306046,804,804,numeric_integer,numeric_integer
s112171306047,804,804,numeric_integer,numeric_integer
s112171306048,804,804,numeric_integer,numeric_integer
s112171306049,804,804,numeric_integer,numeric_integer
s112171306050,804,804,numeric_integer,numeric_integer
s112171306051,804,804,numeric_integer,numeric_integer
s112171306052,804,804,numeric_integer,numeric_integer
s112171306053,804,804,numeric_integer,numeric_integer
s112171306054,804,804,numeric_integer,numeric_integer
s112171306055,804,804,numeric_integer,numeric_integer
s112171306056,804,804,numeric_integer,numeric_integer
s112171306057,804,804,numeric_integer,numeric_integer
s112171306058,804,804,numeric_integer,numeric_integer
s112171306059,804,804,numeric_integer,numeric_integer
s112171306060,804,804,numeric_integer,numeric_integer
s112171306061,804,804,numeric_integer,numeric_integer
s112171306062,804,804,numeric_integer,numeric_integer
s112171306063,804,804,numeric_integer,numeric_integer
s112171306064,804,804,numeric_integer,numeric_integer
s112171306065,804,804,numeric_integer,numeric_integer
s112171306066,804,804,numeric_integer,numeric_integer
s112171306069,809,809,numeric_integer,numeric_integer
s112171306070,809,809,numeric_integer,numeric_integer
s112171306071,809,809,numeric_integer,numeric_integer
s112171306072,809,809,numeric_integer,numeric_integer
s112171306073,809,809,numeric_integer,numeric_integer
s112171306074,809,809,numeric_integer,numeric_integer
s112171306075,809,809,numeric_integer,numeric_integer
s112171306076,809,809,numeric_integer,numeric_integer
s112171306077,809,809,numeric_integer,numeric_integer
s112171306078,809,809,numeric_integer,numeric_integer
s112171306079,809,809,numeric_integer,numeric_integer
s112171306080,809,809,numeric_integer,numeric_integer
s112171306081,809,809,numeric_integer,numeric_integer
s112171306082,809,809,numeric_integer,numeric_integer
s112171306083,809,809,numeric_integer,numeric_integer
s112171306084,809,809,numeric_integer,numeric_integer
s112171306085,809,809,numeric_integer,numeric_integer
s112171306086,809,809,numeric_integer,numeric_integer
s112171306087,809,809,numeric_integer,numeric_integer
s112171306088,809,809,numeric_integer,numeric_integer
s112171306089,809,809,numeric_integer,numeric_integer
s112171306090,809,809,numeric_integer,numeric_integer
s112171306091,809,809,numeric_integer,numeric_integer
s112171306092,809,809,numeric_integer,numeric_integer
s112171306093,809,809,numeric_integer,numeric_integer
s112171306094,809,809,numeric_integer,numeric_integer
s112171306096,809,809,numeric_integer,numeric_integer
s112171306097,809,809,numeric_integer,numeric_integer
s112171306098,809,809,numeric_integer,numeric_integer
s112171306099,809,809,numeric_integer,numeric_integer
s112171306100,809,809,numeric_integer,numeric_integer
s112171306101,809,809,numeric_integer,numeric_integer
s112171306102,809,809,numeric_integer,numeric_integer
s112171306103,809,809,numeric_integer,numeric_integer
s112171306104,809,809,numeric_integer,numeric_integer
s112171306105,809,809,numeric_integer,numeric_integer
s112171306106,809,809,numeric_integer,numeric_integer
s112171306107,809,809,numeric_integer,numeric_integer
s112171306108,809,809,numeric_integer,numeric_integer
s112171306109,809,809,numeric_integer,numeric_integer
s112171306111,809,809,numeric_integer,numeric_integer
s112171306112,809,809,numeric_integer,numeric_integer
s112183502274,801,801,numeric_integer,numeric_integer
s112183502276,801,801,numeric_integer,numeric_integer
s112183502277,801,801,numeric_integer,numeric_integer
s112183502278,801,801,numeric_integer,numeric_integer
s112183502279,801,801,numeric_integer,numeric_integer
s112183502280,801,801,numeric_integer,numeric_integer
s112183502281,801,801,numeric_integer,numeric_integer
s112183502282,801,801,numeric_integer,numeric_integer
s112183502283,801,801,numeric_integer,numeric_integer
s112183502284,801,801,numeric_integer,numeric_integer
s112183502285,801,801,numeric_integer,numeric_integer
s112183502286,801,801,numeric_integer,numeric_integer
s112183502287,801,801,numeric_integer,numeric_integer
s112183502288,801,801,numeric_integer,numeric_integer
s112183502289,801,801,numeric_integer,numeric_integer
s112183502290,801,801,numeric_integer,numeric_integer
s112183502291,801,801,numeric_integer,numeric_integer
s112183502292,801,801,numeric_integer,numeric_integer
s112183502293,801,801,numeric_integer,numeric_integer
s112183502294,801,801,numeric_integer,numeric_integer
s112183502295,801,801,numeric_integer,numeric_integer
s112183502296,801,801,numeric_integer,numeric_integer
s112183502297,801,801,numeric_integer,numeric_integer
s112183502298,801,801,numeric_integer,numeric_integer
s112183502299,801,801,numeric_integer,numeric_integer
s112183502304,814,814,numeric_integer,numeric_integer
s112183502305,814,814,numeric_integer,numeric_integer
s112183502306,814,814,numeric_integer,numeric_integer
s112183502308,814,814,numeric_integer,numeric_integer
s112183502309,814,814,numeric_integer,numeric_integer
s112183502310,814,814,numeric_integer,numeric_integer
s112183502311,814,814,numeric_integer,numeric_integer
s112183502312,814,814,numeric_integer,numeric_integer
s112183502313,814,814,numeric_integer,numeric_integer
s112183502314,814,814,numeric_integer,numeric_integer
s112183502315,814,814,numeric_integer,numeric_integer
s112183502316,814,814,numeric_integer,numeric_integer
s112183502317,814,814,numeric_integer,numeric_integer
s112183502318,814,814,numeric_integer,numeric_integer
s112183502319,814,814,numeric_integer,numeric_integer
s112183502320,814,814,numeric_integer,numeric_integer
s112183502321,814,814,numeric_integer,numeric_integer
s112183502322,814,814,numeric_integer,numeric_integer
s112183502323,814,814,numeric_integer,numeric_integer
s112183502324,814,814,numeric_integer,numeric_integer
s112183502325,814,814,numeric_integer,numeric_integer
s112183502326,814,814,numeric_integer,numeric_integer
s112183502327,814,814,numeric_integer,numeric_integer
s112183502328,814,814,numeric_integer,numeric_integer
s112183502329,814,814,numeric_integer,numeric_integer
s112183502330,814,814,numeric_integer,numeric_integer
s113183502003,814,814,numeric_integer,numeric_integer
s112183502331,814,814,numeric_integer,numeric_integer
s112183502332,814,814,numeric_integer,numeric_integer
s112183510024,807,807,numeric_integer,numeric_integer
s112183510025,807,807,numeric_integer,numeric_integer
s112183510026,807,807,numeric_integer,numeric_integer
s112183510027,807,807,numeric_integer,numeric_integer
s112183510028,807,807,numeric_integer,numeric_integer
s112183510029,807,807,numeric_integer,numeric_integer
s112183510030,807,807,numeric_integer,numeric_integer
s112183510031,807,807,numeric_integer,numeric_integer
s112183510032,807,807,numeric_integer,numeric_integer
s112183510033,807,807,numeric_integer,numeric_integer
s112183510034,807,807,numeric_integer,numeric_integer
s112183510035,807,807,numeric_integer,numeric_integer
s112183510036,807,807,numeric_integer,numeric_integer
s112183510037,807,807,numeric_integer,numeric_integer
s112183510038,807,807,numeric_integer,numeric_integer
s112183510039,807,807,numeric_integer,numeric_integer
s112183510040,807,807,numeric_integer,numeric_integer
s112183510041,807,807,numeric_integer,numeric_integer
s112183510042,807,807,numeric_integer,numeric_integer
s112183510043,807,807,numeric_integer,numeric_integer
s112183510044,807,807,numeric_integer,numeric_integer
s112183510046,807,807,numeric_integer,numeric_integer
s112183510047,807,807,numeric_integer,numeric_integer
s112183510048,807,807,numeric_integer,numeric_integer
s112183510049,807,807,numeric_integer,numeric_integer
s112183510050,807,807,numeric_integer,numeric_integer
s112183510051,807,807,numeric_integer,numeric_integer
s113183510003,807,807,numeric_integer,numeric_integer
s112183510054,820,820,numeric_integer,numeric_integer
s112183510056,820,820,numeric_integer,numeric_integer
s112183510057,820,820,numeric_integer,numeric_integer
s112183510058,820,820,numeric_integer,numeric_integer
s112183510059,820,820,numeric_integer,numeric_integer
s112183510060,820,820,numeric_integer,numeric_integer
s112183510061,820,820,numeric_integer,numeric_integer
s112183510062,820,820,numeric_integer,numeric_integer
s112183510063,820,820,numeric_integer,numeric_integer
s112183510064,820,820,numeric_integer,numeric_integer
s112183510065,820,820,numeric_integer,numeric_integer
s112183510066,820,820,numeric_integer,numeric_integer
s112183510067,820,820,numeric_integer,numeric_integer
s112183510068,820,820,numeric_integer,numeric_integer
s112183510069,820,820,numeric_integer,numeric_integer
s112183510070,820,820,numeric_integer,numeric_integer
s112183510071,820,820,numeric_integer,numeric_integer
s112183510072,820,820,numeric_integer,numeric_integer
s112183510074,820,820,numeric_integer,numeric_integer
s112183510075,820,820,numeric_integer,numeric_integer
s112183510076,820,820,numeric_integer,numeric_integer
s112183510077,820,820,numeric_integer,numeric_integer
s112183510078,820,820,numeric_integer,numeric_integer
s112183510079,820,820,numeric_integer,numeric_integer
s112183510080,820,820,numeric_integer,numeric_integer
s113183510004,820,820,numeric_integer,numeric_integer
s113183510005,820,820,numeric_integer,numeric_integer
s113183510006,820,820,numeric_integer,numeric_integer
s112191309024,國二丁,204,nation_grade_class_pattern,nation_grade_class_pattern
s112191309025,國二丁,204,nation_grade_class_pattern,nation_grade_class_pattern
s112191309026,國二丁,204,nation_grade_class_pattern,nation_grade_class_pattern
s112191309027,國二丁,204,nation_grade_class_pattern,nation_grade_class_pattern
s112191309029,國二丁,204,nation_grade_class_pattern,nation_grade_class_pattern
s112191309030,國二丁,204,nation_grade_class_pattern,nation_grade_class_pattern
s112191309031,國二丁,204,nation_grade_class_pattern,nation_grade_class_pattern
s112191309032,國二丁,204,nation_grade_class_pattern,nation_grade_class_pattern
s112191309034,國二丁,204,nation_grade_class_pattern,nation_grade_class_pattern
s112191309035,國二丁,204,nation_grade_class_pattern,nation_grade_class_pattern
s112191309036,國二丁,204,nation_grade_class_pattern,nation_grade_class_pattern
s112191309037,國二丁,204,nation_grade_class_pattern,nation_grade_class_pattern
s112191309038,國二丁,204,nation_grade_class_pattern,nation_grade_class_pattern
s112191309040,國二丁,204,nation_grade_class_pattern,nation_grade_class_pattern
s112191309041,國二丁,204,nation_grade_class_pattern,nation_grade_class_pattern
s112191309042,國二丁,204,nation_grade_class_pattern,nation_grade_class_pattern
s112191309043,國二丁,204,nation_grade_class_pattern,nation_grade_class_pattern
s112191309044,國二丁,204,nation_grade_class_pattern,nation_grade_class_pattern
s112191309045,國二丁,204,nation_grade_class_pattern,nation_grade_class_pattern
s112191309046,國二丁,204,nation_grade_class_pattern,nation_grade_class_pattern
s112191309047,國二丁,204,nation_grade_class_pattern,nation_grade_class_pattern
s112191309050,國二丁,204,nation_grade_class_pattern,nation_grade_class_pattern
s112191309052,國二丁,204,nation_grade_class_pattern,nation_grade_class_pattern
s112191309054,國二丁,204,nation_grade_class_pattern,nation_grade_class_pattern
s112191309055,國二丁,204,nation_grade_class_pattern,nation_grade_class_pattern
s112191309056,國二丁,204,nation_grade_class_pattern,nation_grade_class_pattern
s112191309057,國二丁,204,nation_grade_class_pattern,nation_grade_class_pattern
s112191309058,國二丁,204,nation_grade_class_pattern,nation_grade_class_pattern
s112191309059,國二丁,204,nation_grade_class_pattern,nation_grade_class_pattern
s112191309060,國二丁,204,nation_grade_class_pattern,nation_grade_class_pattern
s112191309061,國二丁,204,nation_grade_class_pattern,nation_grade_class_pattern
s112191309062,國二丁,204,nation_grade_class_pattern,nation_grade_class_pattern
s112191311075,國二14,214,nation_grade_class_pattern,nation_grade_class_pattern
s112191311076,國二14,214,nation_grade_class_pattern,nation_grade_class_pattern
s112191311077,國二14,214,nation_grade_class_pattern,nation_grade_class_pattern
s112191311078,國二14,214,nation_grade_class_pattern,nation_grade_class_pattern
s112191311079,國二14,214,nation_grade_class_pattern,nation_grade_class_pattern
s112191311080,國二14,214,nation_grade_class_pattern,nation_grade_class_pattern
s112191311081,國二14,214,nation_grade_class_pattern,nation_grade_class_pattern
s112191311082,國二14,214,nation_grade_class_pattern,nation_grade_class_pattern
s112191311083,國二14,214,nation_grade_class_pattern,nation_grade_class_pattern
s112191311084,國二14,214,nation_grade_class_pattern,nation_grade_class_pattern
s112191311085,國二14,214,nation_grade_class_pattern,nation_grade_class_pattern
s112191311086,國二14,214,nation_grade_class_pattern,nation_grade_class_pattern
s112191311087,國二14,214,nation_grade_class_pattern,nation_grade_class_pattern
s112191311088,國二14,214,nation_grade_class_pattern,nation_grade_class_pattern
s112191311089,國二14,214,nation_grade_class_pattern,nation_grade_class_pattern
s112191311090,國二14,214,nation_grade_class_pattern,nation_grade_class_pattern
s112191311091,國二14,214,nation_grade_class_pattern,nation_grade_class_pattern
s112191311092,國二14,214,nation_grade_class_pattern,nation_grade_class_pattern
s112191311093,國二14,214,nation_grade_class_pattern,nation_grade_class_pattern
s112191311094,國二14,214,nation_grade_class_pattern,nation_grade_class_pattern
s112191311095,國二14,214,nation_grade_class_pattern,nation_grade_class_pattern
s112191311096,國二14,214,nation_grade_class_pattern,nation_grade_class_pattern
s112191311097,國二14,214,nation_grade_class_pattern,nation_grade_class_pattern
s112191311098,國二14,214,nation_grade_class_pattern,nation_grade_class_pattern
s112191311099,國二14,214,nation_grade_class_pattern,nation_grade_class_pattern
s112191311100,國二14,214,nation_grade_class_pattern,nation_grade_class_pattern
s112191311101,國二14,214,nation_grade_class_pattern,nation_grade_class_pattern
s112191311102,國二14,214,nation_grade_class_pattern,nation_grade_class_pattern
s112191311103,國二14,214,nation_grade_class_pattern,nation_grade_class_pattern
s112191311104,國二14,214,nation_grade_class_pattern,nation_grade_class_pattern
s112191311105,國二14,214,nation_grade_class_pattern,nation_grade_class_pattern
s112191311107,國二14,214,nation_grade_class_pattern,nation_grade_class_pattern
s112191311108,國二14,214,nation_grade_class_pattern,nation_grade_class_pattern
s112191311109,國二14,214,nation_grade_class_pattern,nation_grade_class_pattern
s112191311110,國二14,214,nation_grade_class_pattern,nation_grade_class_pattern
s112191311111,國二14,214,nation_grade_class_pattern,nation_grade_class_pattern
s112191311113,國二14,214,nation_grade_class_pattern,nation_grade_class_pattern
s112191311115,國二14,214,nation_grade_class_pattern,nation_grade_class_pattern
s112191311116,國二14,214,nation_grade_class_pattern,nation_grade_class_pattern
s112191311117,國二14,214,nation_grade_class_pattern,nation_grade_class_pattern
s112191311118,國二14,214,nation_grade_class_pattern,nation_grade_class_pattern
s112191311119,國二14,214,nation_grade_class_pattern,nation_grade_class_pattern
s112191311120,國二14,214,nation_grade_class_pattern,nation_grade_class_pattern
s112191311121,國二14,214,nation_grade_class_pattern,nation_grade_class_pattern
s112191311122,國二14,214,nation_grade_class_pattern,nation_grade_class_pattern
s113191311003,國二14,214,nation_grade_class_pattern,nation_grade_class_pattern
s112191311024,國二5,205,nation_grade_class_pattern,nation_grade_class_pattern
s112191311025,國二5,205,nation_grade_class_pattern,nation_grade_class_pattern
s112191311026,國二5,205,nation_grade_class_pattern,nation_grade_class_pattern
s112191311027,國二5,205,nation_grade_class_pattern,nation_grade_class_pattern
s112191311028,國二5,205,nation_grade_class_pattern,nation_grade_class_pattern
s112191311029,國二5,205,nation_grade_class_pattern,nation_grade_class_pattern
s112191311030,國二5,205,nation_grade_class_pattern,nation_grade_class_pattern
s112191311031,國二5,205,nation_grade_class_pattern,nation_grade_class_pattern
s112191311032,國二5,205,nation_grade_class_pattern,nation_grade_class_pattern
s112191311033,國二5,205,nation_grade_class_pattern,nation_grade_class_pattern
s112191311034,國二5,205,nation_grade_class_pattern,nation_grade_class_pattern
s112191311035,國二5,205,nation_grade_class_pattern,nation_grade_class_pattern
s112191311036,國二5,205,nation_grade_class_pattern,nation_grade_class_pattern
s112191311037,國二5,205,nation_grade_class_pattern,nation_grade_class_pattern
s112191311038,國二5,205,nation_grade_class_pattern,nation_grade_class_pattern
s112191311040,國二5,205,nation_grade_class_pattern,nation_grade_class_pattern
s112191311041,國二5,205,nation_grade_class_pattern,nation_grade_class_pattern
s112191311042,國二5,205,nation_grade_class_pattern,nation_grade_class_pattern
s112191311043,國二5,205,nation_grade_class_pattern,nation_grade_class_pattern
s112191311044,國二5,205,nation_grade_class_pattern,nation_grade_class_pattern
s112191311045,國二5,205,nation_grade_class_pattern,nation_grade_class_pattern
s112191311046,國二5,205,nation_grade_class_pattern,nation_grade_class_pattern
s112191311047,國二5,205,nation_grade_class_pattern,nation_grade_class_pattern
s112191311048,國二5,205,nation_grade_class_pattern,nation_grade_class_pattern
s112191311049,國二5,205,nation_grade_class_pattern,nation_grade_class_pattern
s112191311050,國二5,205,nation_grade_class_pattern,nation_grade_class_pattern
s112191311051,國二5,205,nation_grade_class_pattern,nation_grade_class_pattern
s112191311052,國二5,205,nation_grade_class_pattern,nation_grade_class_pattern
s112191311053,國二5,205,nation_grade_class_pattern,nation_grade_class_pattern
s112191311054,國二5,205,nation_grade_class_pattern,nation_grade_class_pattern
s112191311055,國二5,205,nation_grade_class_pattern,nation_grade_class_pattern
s112191311056,國二5,205,nation_grade_class_pattern,nation_grade_class_pattern
s112191311057,國二5,205,nation_grade_class_pattern,nation_grade_class_pattern
s112191311058,國二5,205,nation_grade_class_pattern,nation_grade_class_pattern
s112191311059,國二5,205,nation_grade_class_pattern,nation_grade_class_pattern
s112191311060,國二5,205,nation_grade_class_pattern,nation_grade_class_pattern
s112191311061,國二5,205,nation_grade_class_pattern,nation_grade_class_pattern
s112191311062,國二5,205,nation_grade_class_pattern,nation_grade_class_pattern
s112191311063,國二5,205,nation_grade_class_pattern,nation_grade_class_pattern
s112191311064,國二5,205,nation_grade_class_pattern,nation_grade_class_pattern
s112191311065,國二5,205,nation_grade_class_pattern,nation_grade_class_pattern
s112191311066,國二5,205,nation_grade_class_pattern,nation_grade_class_pattern
s112191311067,國二5,205,nation_grade_class_pattern,nation_grade_class_pattern
s112191311068,國二5,205,nation_grade_class_pattern,nation_grade_class_pattern
s112191311069,國二5,205,nation_grade_class_pattern,nation_grade_class_pattern
s112191311070,國二5,205,nation_grade_class_pattern,nation_grade_class_pattern
s112191311071,國二5,205,nation_grade_class_pattern,nation_grade_class_pattern
s112191311072,國二5,205,nation_grade_class_pattern,nation_grade_class_pattern
s112191313075,國二戊,205,nation_grade_class_pattern,nation_grade_class_pattern
s112191313076,國二戊,205,nation_grade_class_pattern,nation_grade_class_pattern
s112191313077,國二戊,205,nation_grade_class_pattern,nation_grade_class_pattern
s112191313078,國二戊,205,nation_grade_class_pattern,nation_grade_class_pattern
s112191313079,國二戊,205,nation_grade_class_pattern,nation_grade_class_pattern
s112191313080,國二戊,205,nation_grade_class_pattern,nation_grade_class_pattern
s112191313081,國二戊,205,nation_grade_class_pattern,nation_grade_class_pattern
s112191313082,國二戊,205,nation_grade_class_pattern,nation_grade_class_pattern
s112191313083,國二戊,205,nation_grade_class_pattern,nation_grade_class_pattern
s112191313084,國二戊,205,nation_grade_class_pattern,nation_grade_class_pattern
s112191313085,國二戊,205,nation_grade_class_pattern,nation_grade_class_pattern
s112191313086,國二戊,205,nation_grade_class_pattern,nation_grade_class_pattern
s112191313087,國二戊,205,nation_grade_class_pattern,nation_grade_class_pattern
s112191313088,國二戊,205,nation_grade_class_pattern,nation_grade_class_pattern
s112191313089,國二戊,205,nation_grade_class_pattern,nation_grade_class_pattern
s112191313090,國二戊,205,nation_grade_class_pattern,nation_grade_class_pattern
s112191313091,國二戊,205,nation_grade_class_pattern,nation_grade_class_pattern
s112191313092,國二戊,205,nation_grade_class_pattern,nation_grade_class_pattern
s112191313093,國二戊,205,nation_grade_class_pattern,nation_grade_class_pattern
s112191313094,國二戊,205,nation_grade_class_pattern,nation_grade_class_pattern
s112191313095,國二戊,205,nation_grade_class_pattern,nation_grade_class_pattern
s112191313096,國二戊,205,nation_grade_class_pattern,nation_grade_class_pattern
s112191313097,國二戊,205,nation_grade_class_pattern,nation_grade_class_pattern
s112191313098,國二戊,205,nation_grade_class_pattern,nation_grade_class_pattern
s112191313099,國二戊,205,nation_grade_class_pattern,nation_grade_class_pattern
s112191313100,國二戊,205,nation_grade_class_pattern,nation_grade_class_pattern
s112191313101,國二戊,205,nation_grade_class_pattern,nation_grade_class_pattern
s112191313102,國二戊,205,nation_grade_class_pattern,nation_grade_class_pattern
s112191313103,國二戊,205,nation_grade_class_pattern,nation_grade_class_pattern
s112191313104,國二戊,205,nation_grade_class_pattern,nation_grade_class_pattern
s112191313105,國二戊,205,nation_grade_class_pattern,nation_grade_class_pattern
s112191313106,國二戊,205,nation_grade_class_pattern,nation_grade_class_pattern
s112191313107,國二戊,205,nation_grade_class_pattern,nation_grade_class_pattern
s112191313108,國二戊,205,nation_grade_class_pattern,nation_grade_class_pattern
s112191313109,國二戊,205,nation_grade_class_pattern,nation_grade_class_pattern
s112191313110,國二戊,205,nation_grade_class_pattern,nation_grade_class_pattern
s112191313111,國二戊,205,nation_grade_class_pattern,nation_grade_class_pattern
s112191313112,國二戊,205,nation_grade_class_pattern,nation_grade_class_pattern
s112191313113,國二戊,205,nation_grade_class_pattern,nation_grade_class_pattern
s112191313114,國二戊,205,nation_grade_class_pattern,nation_grade_class_pattern
s112191313115,國二戊,205,nation_grade_class_pattern,nation_grade_class_pattern
s112191313116,國二戊,205,nation_grade_class_pattern,nation_grade_class_pattern
s112191313117,國二戊,205,nation_grade_class_pattern,nation_grade_class_pattern
s112191313118,國二戊,205,nation_grade_class_pattern,nation_grade_class_pattern
s112191313119,國二戊,205,nation_grade_class_pattern,nation_grade_class_pattern
s112191313120,國二戊,205,nation_grade_class_pattern,nation_grade_class_pattern
s112191313121,國二戊,205,nation_grade_class_pattern,nation_grade_class_pattern
s112191313122,國二戊,205,nation_grade_class_pattern,nation_grade_class_pattern
s112191313123,國二戊,205,nation_grade_class_pattern,nation_grade_class_pattern
s113191313006,國二戊,205,nation_grade_class_pattern,nation_grade_class_pattern
s112191313024,國二甲,201,nation_grade_class_pattern,nation_grade_class_pattern
s112191313025,國二甲,201,nation_grade_class_pattern,nation_grade_class_pattern
s112191313026,國二甲,201,nation_grade_class_pattern,nation_grade_class_pattern
s112191313027,國二甲,201,nation_grade_class_pattern,nation_grade_class_pattern
s112191313028,國二甲,201,nation_grade_class_pattern,nation_grade_class_pattern
s112191313029,國二甲,201,nation_grade_class_pattern,nation_grade_class_pattern
s112191313030,國二甲,201,nation_grade_class_pattern,nation_grade_class_pattern
s112191313031,國二甲,201,nation_grade_class_pattern,nation_grade_class_pattern
s112191313032,國二甲,201,nation_grade_class_pattern,nation_grade_class_pattern
s112191313034,國二甲,201,nation_grade_class_pattern,nation_grade_class_pattern
s112191313035,國二甲,201,nation_grade_class_pattern,nation_grade_class_pattern
s112191313036,國二甲,201,nation_grade_class_pattern,nation_grade_class_pattern
s112191313039,國二甲,201,nation_grade_class_pattern,nation_grade_class_pattern
s112191313040,國二甲,201,nation_grade_class_pattern,nation_grade_class_pattern
s112191313041,國二甲,201,nation_grade_class_pattern,nation_grade_class_pattern
s112191313042,國二甲,201,nation_grade_class_pattern,nation_grade_class_pattern
s112191313043,國二甲,201,nation_grade_class_pattern,nation_grade_class_pattern
s112191313044,國二甲,201,nation_grade_class_pattern,nation_grade_class_pattern
s112191313045,國二甲,201,nation_grade_class_pattern,nation_grade_class_pattern
s112191313046,國二甲,201,nation_grade_class_pattern,nation_grade_class_pattern
s112191313047,國二甲,201,nation_grade_class_pattern,nation_grade_class_pattern
s112191313049,國二甲,201,nation_grade_class_pattern,nation_grade_class_pattern
s112191313050,國二甲,201,nation_grade_class_pattern,nation_grade_class_pattern
s112191313051,國二甲,201,nation_grade_class_pattern,nation_grade_class_pattern
s112191313052,國二甲,201,nation_grade_class_pattern,nation_grade_class_pattern
s112191313053,國二甲,201,nation_grade_class_pattern,nation_grade_class_pattern
s112191313054,國二甲,201,nation_grade_class_pattern,nation_grade_class_pattern
s112191313055,國二甲,201,nation_grade_class_pattern,nation_grade_class_pattern
s112191313056,國二甲,201,nation_grade_class_pattern,nation_grade_class_pattern
s112191313057,國二甲,201,nation_grade_class_pattern,nation_grade_class_pattern
s112191313058,國二甲,201,nation_grade_class_pattern,nation_grade_class_pattern
s112191313059,國二甲,201,nation_grade_class_pattern,nation_grade_class_pattern
s112191313060,國二甲,201,nation_grade_class_pattern,nation_grade_class_pattern
s112191313062,國二甲,201,nation_grade_class_pattern,nation_grade_class_pattern
s112191313063,國二甲,201,nation_grade_class_pattern,nation_grade_class_pattern
s112191313064,國二甲,201,nation_grade_class_pattern,nation_grade_class_pattern
s112191313065,國二甲,201,nation_grade_class_pattern,nation_grade_class_pattern
s112191313066,國二甲,201,nation_grade_class_pattern,nation_grade_class_pattern
s112191313067,國二甲,201,nation_grade_class_pattern,nation_grade_class_pattern
s112191313068,國二甲,201,nation_grade_class_pattern,nation_grade_class_pattern
s112191313069,國二甲,201,nation_grade_class_pattern,nation_grade_class_pattern
s112191313070,國二甲,201,nation_grade_class_pattern,nation_grade_class_pattern
s112191313071,國二甲,201,nation_grade_class_pattern,nation_grade_class_pattern
s112191313072,國二甲,201,nation_grade_class_pattern,nation_grade_class_pattern
s113191313003,國二甲,201,nation_grade_class_pattern,nation_grade_class_pattern
s113191313005,國二甲,201,nation_grade_class_pattern,nation_grade_class_pattern
s112193315023,815,815,numeric_integer,numeric_integer
s112193315024,815,815,numeric_integer,numeric_integer
s112193315026,815,815,numeric_integer,numeric_integer
s112193315027,815,815,numeric_integer,numeric_integer
s112193315028,815,815,numeric_integer,numeric_integer
s112193315029,815,815,numeric_integer,numeric_integer
s112193315030,815,815,numeric_integer,numeric_integer
s112193315031,815,815,numeric_integer,numeric_integer
s112193315032,815,815,numeric_integer,numeric_integer
s112193315033,815,815,numeric_integer,numeric_integer
s112193315035,815,815,numeric_integer,numeric_integer
s112193315036,815,815,numeric_integer,numeric_integer
s112193315037,815,815,numeric_integer,numeric_integer
s112193315038,815,815,numeric_integer,numeric_integer
s112193315040,815,815,numeric_integer,numeric_integer
s112193315041,815,815,numeric_integer,numeric_integer
s112193315042,815,815,numeric_integer,numeric_integer
s112193315043,815,815,numeric_integer,numeric_integer
s112193315044,815,815,numeric_integer,numeric_integer
s112193315045,815,815,numeric_integer,numeric_integer
s112193315046,815,815,numeric_integer,numeric_integer
s112193315047,815,815,numeric_integer,numeric_integer
s112193315050,815,815,numeric_integer,numeric_integer
s113193315002,815,815,numeric_integer,numeric_integer
s112193501024,809,809,numeric_integer,numeric_integer
s112193501025,809,809,numeric_integer,numeric_integer
s112193501026,809,809,numeric_integer,numeric_integer
s112193501027,809,809,numeric_integer,numeric_integer
s112193501028,809,809,numeric_integer,numeric_integer
s112193501029,809,809,numeric_integer,numeric_integer
s112193501030,809,809,numeric_integer,numeric_integer
s112193501031,809,809,numeric_integer,numeric_integer
s112193501032,809,809,numeric_integer,numeric_integer
s112193501033,809,809,numeric_integer,numeric_integer
s112193501034,809,809,numeric_integer,numeric_integer
s112193501035,809,809,numeric_integer,numeric_integer
s112193501036,809,809,numeric_integer,numeric_integer
s112193501037,809,809,numeric_integer,numeric_integer
s112193501038,809,809,numeric_integer,numeric_integer
s112193501039,809,809,numeric_integer,numeric_integer
s112193501040,809,809,numeric_integer,numeric_integer
s112193501041,809,809,numeric_integer,numeric_integer
s112193501042,809,809,numeric_integer,numeric_integer
s112193501043,809,809,numeric_integer,numeric_integer
s112193501045,809,809,numeric_integer,numeric_integer
s112193501046,809,809,numeric_integer,numeric_integer
s112193501047,809,809,numeric_integer,numeric_integer
s112193501048,809,809,numeric_integer,numeric_integer
s112193501049,809,809,numeric_integer,numeric_integer
s113193501003,809,809,numeric_integer,numeric_integer
s113193501005,809,809,numeric_integer,numeric_integer
s112193501052,820,820,numeric_integer,numeric_integer
s112193501053,820,820,numeric_integer,numeric_integer
s112193501054,820,820,numeric_integer,numeric_integer
s112193501055,820,820,numeric_integer,numeric_integer
s112193501056,820,820,numeric_integer,numeric_integer
s112193501057,820,820,numeric_integer,numeric_integer
s112193501058,820,820,numeric_integer,numeric_integer
s112193501059,820,820,numeric_integer,numeric_integer
s112193501060,820,820,numeric_integer,numeric_integer
s112193501061,820,820,numeric_integer,numeric_integer
s112193501062,820,820,numeric_integer,numeric_integer
s112193501063,820,820,numeric_integer,numeric_integer
s112193501064,820,820,numeric_integer,numeric_integer
s112193501065,820,820,numeric_integer,numeric_integer
s112193501066,820,820,numeric_integer,numeric_integer
s112193501067,820,820,numeric_integer,numeric_integer
s112193501068,820,820,numeric_integer,numeric_integer
s112193501069,820,820,numeric_integer,numeric_integer
s112193501070,820,820,numeric_integer,numeric_integer
s112193501071,820,820,numeric_integer,numeric_integer
s112193501072,820,820,numeric_integer,numeric_integer
s112193501073,820,820,numeric_integer,numeric_integer
s112193501074,820,820,numeric_integer,numeric_integer
s112193501075,820,820,numeric_integer,numeric_integer
s112193501076,820,820,numeric_integer,numeric_integer
s112193501077,820,820,numeric_integer,numeric_integer
s112193501078,820,820,numeric_integer,numeric_integer
s112193501079,820,820,numeric_integer,numeric_integer
s112193501080,820,820,numeric_integer,numeric_integer
s112193508024,八年一班,801,grade_year_class_pattern,grade_year_class_pattern
s112193508025,八年一班,801,grade_year_class_pattern,grade_year_class_pattern
s112193508026,八年一班,801,grade_year_class_pattern,grade_year_class_pattern
s112193508027,八年一班,801,grade_year_class_pattern,grade_year_class_pattern
s112193508029,八年一班,801,grade_year_class_pattern,grade_year_class_pattern
s112193508030,八年一班,801,grade_year_class_pattern,grade_year_class_pattern
s112193508031,八年一班,801,grade_year_class_pattern,grade_year_class_pattern
s112193508032,八年一班,801,grade_year_class_pattern,grade_year_class_pattern
s112193508033,八年一班,801,grade_year_class_pattern,grade_year_class_pattern
s112193508034,八年一班,801,grade_year_class_pattern,grade_year_class_pattern
s112193508035,八年一班,801,grade_year_class_pattern,grade_year_class_pattern
s112193508036,八年一班,801,grade_year_class_pattern,grade_year_class_pattern
s112193508037,八年一班,801,grade_year_class_pattern,grade_year_class_pattern
s112193508038,八年一班,801,grade_year_class_pattern,grade_year_class_pattern
s112193508039,八年一班,801,grade_year_class_pattern,grade_year_class_pattern
s112193508040,八年一班,801,grade_year_class_pattern,grade_year_class_pattern
s112193508041,八年一班,801,grade_year_class_pattern,grade_year_class_pattern
s112193508042,八年一班,801,grade_year_class_pattern,grade_year_class_pattern
s112193508043,八年一班,801,grade_year_class_pattern,grade_year_class_pattern
s112193508044,八年一班,801,grade_year_class_pattern,grade_year_class_pattern
s112193508045,八年一班,801,grade_year_class_pattern,grade_year_class_pattern
s112193508046,八年一班,801,grade_year_class_pattern,grade_year_class_pattern
s113193508003,八年一班,801,grade_year_class_pattern,grade_year_class_pattern
s112193508050,八年六班,806,grade_year_class_pattern,grade_year_class_pattern
s112193508051,八年六班,806,grade_year_class_pattern,grade_year_class_pattern
s112193508052,八年六班,806,grade_year_class_pattern,grade_year_class_pattern
s112193508053,八年六班,806,grade_year_class_pattern,grade_year_class_pattern
s112193508054,八年六班,806,grade_year_class_pattern,grade_year_class_pattern
s112193508055,八年六班,806,grade_year_class_pattern,grade_year_class_pattern
s112193508056,八年六班,806,grade_year_class_pattern,grade_year_class_pattern
s112193508057,八年六班,806,grade_year_class_pattern,grade_year_class_pattern
s112193508058,八年六班,806,grade_year_class_pattern,grade_year_class_pattern
s112193508059,八年六班,806,grade_year_class_pattern,grade_year_class_pattern
s112193508060,八年六班,806,grade_year_class_pattern,grade_year_class_pattern
s112193508061,八年六班,806,grade_year_class_pattern,grade_year_class_pattern
s112193508062,八年六班,806,grade_year_class_pattern,grade_year_class_pattern
s112193508063,八年六班,806,grade_year_class_pattern,grade_year_class_pattern
s112193508064,八年六班,806,grade_year_class_pattern,grade_year_class_pattern
s112193508065,八年六班,806,grade_year_class_pattern,grade_year_class_pattern
s112193508066,八年六班,806,grade_year_class_pattern,grade_year_class_pattern
s112193508068,八年六班,806,grade_year_class_pattern,grade_year_class_pattern
s112193508069,八年六班,806,grade_year_class_pattern,grade_year_class_pattern
s112193508070,八年六班,806,grade_year_class_pattern,grade_year_class_pattern
s112193508071,八年六班,806,grade_year_class_pattern,grade_year_class_pattern
s112193508072,八年六班,806,grade_year_class_pattern,grade_year_class_pattern
s112193508073,八年六班,806,grade_year_class_pattern,grade_year_class_pattern
s112193508074,八年六班,806,grade_year_class_pattern,grade_year_class_pattern
s112193508075,八年六班,806,grade_year_class_pattern,grade_year_class_pattern
s112193508076,八年六班,806,grade_year_class_pattern,grade_year_class_pattern
s112193512025,801,801,numeric_integer,numeric_integer
s112193512026,801,801,numeric_integer,numeric_integer
s112193512027,801,801,numeric_integer,numeric_integer
s112193512028,801,801,numeric_integer,numeric_integer
s112193512029,801,801,numeric_integer,numeric_integer
s112193512030,801,801,numeric_integer,numeric_integer
s112193512031,801,801,numeric_integer,numeric_integer
s112193512032,801,801,numeric_integer,numeric_integer
s112193512033,801,801,numeric_integer,numeric_integer
s112193512034,801,801,numeric_integer,numeric_integer
s112193512035,801,801,numeric_integer,numeric_integer
s112193512037,801,801,numeric_integer,numeric_integer
s112193512038,801,801,numeric_integer,numeric_integer
s112193512040,801,801,numeric_integer,numeric_integer
s112193512041,801,801,numeric_integer,numeric_integer
s112193512042,801,801,numeric_integer,numeric_integer
s112193512043,801,801,numeric_integer,numeric_integer
s112193512044,801,801,numeric_integer,numeric_integer
s112193512045,801,801,numeric_integer,numeric_integer
s112193512046,801,801,numeric_integer,numeric_integer
s113193512003,801,801,numeric_integer,numeric_integer
s112193512049,804,804,numeric_integer,numeric_integer
s112193512050,804,804,numeric_integer,numeric_integer
s112193512051,804,804,numeric_integer,numeric_integer
s112193512052,804,804,numeric_integer,numeric_integer
s112193512053,804,804,numeric_integer,numeric_integer
s112193512054,804,804,numeric_integer,numeric_integer
s112193512055,804,804,numeric_integer,numeric_integer
s112193512056,804,804,numeric_integer,numeric_integer
s112193512057,804,804,numeric_integer,numeric_integer
s112193512058,804,804,numeric_integer,numeric_integer
s112193512059,804,804,numeric_integer,numeric_integer
s112193512060,804,804,numeric_integer,numeric_integer
s112193512061,804,804,numeric_integer,numeric_integer
s112193512062,804,804,numeric_integer,numeric_integer
s112193512063,804,804,numeric_integer,numeric_integer
s112193512064,804,804,numeric_integer,numeric_integer
s112193512065,804,804,numeric_integer,numeric_integer
s112193512066,804,804,numeric_integer,numeric_integer
s112193512067,804,804,numeric_integer,numeric_integer
s112193512068,804,804,numeric_integer,numeric_integer
s112193512069,804,804,numeric_integer,numeric_integer
s113193512006,804,804,numeric_integer,numeric_integer
s112193526024,802,802,numeric_integer,numeric_integer
s112193526025,802,802,numeric_integer,numeric_integer
s112193526026,802,802,numeric_integer,numeric_integer
s112193526027,802,802,numeric_integer,numeric_integer
s112193526028,802,802,numeric_integer,numeric_integer
s112193526029,802,802,numeric_integer,numeric_integer
s112193526030,802,802,numeric_integer,numeric_integer
s112193526031,802,802,numeric_integer,numeric_integer
s112193526032,802,802,numeric_integer,numeric_integer
s112193526033,802,802,numeric_integer,numeric_integer
s112193526034,802,802,numeric_integer,numeric_integer
s112193526035,802,802,numeric_integer,numeric_integer
s112193526036,802,802,numeric_integer,numeric_integer
s112193526037,802,802,numeric_integer,numeric_integer
s112193526038,802,802,numeric_integer,numeric_integer
s112193526040,802,802,numeric_integer,numeric_integer
s112193526041,802,802,numeric_integer,numeric_integer
s112193526042,802,802,numeric_integer,numeric_integer
s112193526043,802,802,numeric_integer,numeric_integer
s112193526044,802,802,numeric_integer,numeric_integer
s112193526045,802,802,numeric_integer,numeric_integer
s112193526046,802,802,numeric_integer,numeric_integer
s112193526047,802,802,numeric_integer,numeric_integer
s112193526048,802,802,numeric_integer,numeric_integer
s112193526049,802,802,numeric_integer,numeric_integer
s112193526050,802,802,numeric_integer,numeric_integer
s112193526052,802,802,numeric_integer,numeric_integer
s112193526053,802,802,numeric_integer,numeric_integer
s112193526055,802,802,numeric_integer,numeric_integer
s112193526058,810,810,numeric_integer,numeric_integer
s112193526059,810,810,numeric_integer,numeric_integer
s112193526060,810,810,numeric_integer,numeric_integer
s112193526061,810,810,numeric_integer,numeric_integer
s112193526062,810,810,numeric_integer,numeric_integer
s112193526063,810,810,numeric_integer,numeric_integer
s112193526064,810,810,numeric_integer,numeric_integer
s112193526065,810,810,numeric_integer,numeric_integer
s112193526066,810,810,numeric_integer,numeric_integer
s112193526067,810,810,numeric_integer,numeric_integer
s112193526068,810,810,numeric_integer,numeric_integer
s112193526069,810,810,numeric_integer,numeric_integer
s112193526070,810,810,numeric_integer,numeric_integer
s112193526071,810,810,numeric_integer,numeric_integer
s112193526072,810,810,numeric_integer,numeric_integer
s112193526073,810,810,numeric_integer,numeric_integer
s112193526074,810,810,numeric_integer,numeric_integer
s112193526075,810,810,numeric_integer,numeric_integer
s112193526076,810,810,numeric_integer,numeric_integer
s112193526077,810,810,numeric_integer,numeric_integer
s112193526078,810,810,numeric_integer,numeric_integer
s112193526079,810,810,numeric_integer,numeric_integer
s112193526080,810,810,numeric_integer,numeric_integer
s112193526081,810,810,numeric_integer,numeric_integer
s112193526082,810,810,numeric_integer,numeric_integer
s112193526083,810,810,numeric_integer,numeric_integer
s112193526084,810,810,numeric_integer,numeric_integer
s112193526085,810,810,numeric_integer,numeric_integer
s112193526086,810,810,numeric_integer,numeric_integer
s112193526087,810,810,numeric_integer,numeric_integer
s112193526088,810,810,numeric_integer,numeric_integer
s112193526089,810,810,numeric_integer,numeric_integer
s112193526090,810,810,numeric_integer,numeric_integer
s112201304025,二年1班,201,grade_year_class_pattern,grade_year_class_pattern
s112201304026,二年1班,201,grade_year_class_pattern,grade_year_class_pattern
s112201304027,二年1班,201,grade_year_class_pattern,grade_year_class_pattern
s112201304028,二年1班,201,grade_year_class_pattern,grade_year_class_pattern
s112201304029,二年1班,201,grade_year_class_pattern,grade_year_class_pattern
s112201304030,二年1班,201,grade_year_class_pattern,grade_year_class_pattern
s112201304031,二年1班,201,grade_year_class_pattern,grade_year_class_pattern
s112201304032,二年1班,201,grade_year_class_pattern,grade_year_class_pattern
s112201304034,二年1班,201,grade_year_class_pattern,grade_year_class_pattern
s112201304035,二年1班,201,grade_year_class_pattern,grade_year_class_pattern
s112201304036,二年1班,201,grade_year_class_pattern,grade_year_class_pattern
s112201304037,二年1班,201,grade_year_class_pattern,grade_year_class_pattern
s112201304039,二年1班,201,grade_year_class_pattern,grade_year_class_pattern
s112201304040,二年1班,201,grade_year_class_pattern,grade_year_class_pattern
s112201304041,二年1班,201,grade_year_class_pattern,grade_year_class_pattern
s112201304042,二年1班,201,grade_year_class_pattern,grade_year_class_pattern
s112201304043,二年1班,201,grade_year_class_pattern,grade_year_class_pattern
s112201304044,二年1班,201,grade_year_class_pattern,grade_year_class_pattern
s112201304045,二年1班,201,grade_year_class_pattern,grade_year_class_pattern
s112201304046,二年1班,201,grade_year_class_pattern,grade_year_class_pattern
s112201304047,二年1班,201,grade_year_class_pattern,grade_year_class_pattern
s112201304048,二年1班,201,grade_year_class_pattern,grade_year_class_pattern
s112201304049,二年1班,201,grade_year_class_pattern,grade_year_class_pattern
s112201304050,二年1班,201,grade_year_class_pattern,grade_year_class_pattern
s112201304051,二年1班,201,grade_year_class_pattern,grade_year_class_pattern
s112201304052,二年1班,201,grade_year_class_pattern,grade_year_class_pattern
s112201304053,二年1班,201,grade_year_class_pattern,grade_year_class_pattern
s112201304054,二年1班,201,grade_year_class_pattern,grade_year_class_pattern
s112201304055,二年1班,201,grade_year_class_pattern,grade_year_class_pattern
s112201304056,二年1班,201,grade_year_class_pattern,grade_year_class_pattern
s112201304057,二年1班,201,grade_year_class_pattern,grade_year_class_pattern
s112201304024,二年3班,203,grade_year_class_pattern,grade_year_class_pattern
s112201304060,二年3班,203,grade_year_class_pattern,grade_year_class_pattern
s112201304061,二年3班,203,grade_year_class_pattern,grade_year_class_pattern
s112201304062,二年3班,203,grade_year_class_pattern,grade_year_class_pattern
s112201304063,二年3班,203,grade_year_class_pattern,grade_year_class_pattern
s112201304064,二年3班,203,grade_year_class_pattern,grade_year_class_pattern
s112201304065,二年3班,203,grade_year_class_pattern,grade_year_class_pattern
s112201304066,二年3班,203,grade_year_class_pattern,grade_year_class_pattern
s112201304068,二年3班,203,grade_year_class_pattern,grade_year_class_pattern
s112201304069,二年3班,203,grade_year_class_pattern,grade_year_class_pattern
s112201304070,二年3班,203,grade_year_class_pattern,grade_year_class_pattern
s112201304071,二年3班,203,grade_year_class_pattern,grade_year_class_pattern
s112201304072,二年3班,203,grade_year_class_pattern,grade_year_class_pattern
s112201304073,二年3班,203,grade_year_class_pattern,grade_year_class_pattern
s112201304074,二年3班,203,grade_year_class_pattern,grade_year_class_pattern
s112201304075,二年3班,203,grade_year_class_pattern,grade_year_class_pattern
s112201304077,二年3班,203,grade_year_class_pattern,grade_year_class_pattern
s112201304078,二年3班,203,grade_year_class_pattern,grade_year_class_pattern
s112201304079,二年3班,203,grade_year_class_pattern,grade_year_class_pattern
s112201304080,二年3班,203,grade_year_class_pattern,grade_year_class_pattern
s112201304081,二年3班,203,grade_year_class_pattern,grade_year_class_pattern
s112201304082,二年3班,203,grade_year_class_pattern,grade_year_class_pattern
s112201304083,二年3班,203,grade_year_class_pattern,grade_year_class_pattern
s112201304084,二年3班,203,grade_year_class_pattern,grade_year_class_pattern
s112201304085,二年3班,203,grade_year_class_pattern,grade_year_class_pattern
s113201304003,二年3班,203,grade_year_class_pattern,grade_year_class_pattern
s113201304004,二年3班,203,grade_year_class_pattern,grade_year_class_pattern
s113201304005,二年3班,203,grade_year_class_pattern,grade_year_class_pattern
s112201310024,國二1,201,nation_grade_class_pattern,nation_grade_class_pattern
s112201310025,國二1,201,nation_grade_class_pattern,nation_grade_class_pattern
s112201310026,國二1,201,nation_grade_class_pattern,nation_grade_class_pattern
s112201310027,國二1,201,nation_grade_class_pattern,nation_grade_class_pattern
s112201310028,國二1,201,nation_grade_class_pattern,nation_grade_class_pattern
s112201310030,國二1,201,nation_grade_class_pattern,nation_grade_class_pattern
s112201310031,國二1,201,nation_grade_class_pattern,nation_grade_class_pattern
s112201310035,國二1,201,nation_grade_class_pattern,nation_grade_class_pattern
s112201310037,國二1,201,nation_grade_class_pattern,nation_grade_class_pattern
s112201310039,國二1,201,nation_grade_class_pattern,nation_grade_class_pattern
s112201310040,國二1,201,nation_grade_class_pattern,nation_grade_class_pattern
s112201310041,國二1,201,nation_grade_class_pattern,nation_grade_class_pattern
s112201310042,國二1,201,nation_grade_class_pattern,nation_grade_class_pattern
s112201310044,國二1,201,nation_grade_class_pattern,nation_grade_class_pattern
s112201310045,國二1,201,nation_grade_class_pattern,nation_grade_class_pattern
s112201310046,國二1,201,nation_grade_class_pattern,nation_grade_class_pattern
s112201310047,國二1,201,nation_grade_class_pattern,nation_grade_class_pattern
s112201310048,國二1,201,nation_grade_class_pattern,nation_grade_class_pattern
s112201310049,國二1,201,nation_grade_class_pattern,nation_grade_class_pattern
s112201310050,國二1,201,nation_grade_class_pattern,nation_grade_class_pattern
s112201310051,國二1,201,nation_grade_class_pattern,nation_grade_class_pattern
s112201310052,國二1,201,nation_grade_class_pattern,nation_grade_class_pattern
s112201310053,國二1,201,nation_grade_class_pattern,nation_grade_class_pattern
s112201310054,國二1,201,nation_grade_class_pattern,nation_grade_class_pattern
s112201310056,國二1,201,nation_grade_class_pattern,nation_grade_class_pattern
s112201310057,國二1,201,nation_grade_class_pattern,nation_grade_class_pattern
s112201310058,國二1,201,nation_grade_class_pattern,nation_grade_class_pattern
s112201310060,國二1,201,nation_grade_class_pattern,nation_grade_class_pattern
s112201310061,國二1,201,nation_grade_class_pattern,nation_grade_class_pattern
s112201310062,國二1,201,nation_grade_class_pattern,nation_grade_class_pattern
s112201310064,國二1,201,nation_grade_class_pattern,nation_grade_class_pattern
s112201310065,國二1,201,nation_grade_class_pattern,nation_grade_class_pattern
s112201310066,國二1,201,nation_grade_class_pattern,nation_grade_class_pattern
s112201310069,國二4,204,nation_grade_class_pattern,nation_grade_class_pattern
s112201310070,國二4,204,nation_grade_class_pattern,nation_grade_class_pattern
s112201310071,國二4,204,nation_grade_class_pattern,nation_grade_class_pattern
s112201310072,國二4,204,nation_grade_class_pattern,nation_grade_class_pattern
s112201310073,國二4,204,nation_grade_class_pattern,nation_grade_class_pattern
s112201310074,國二4,204,nation_grade_class_pattern,nation_grade_class_pattern
s112201310075,國二4,204,nation_grade_class_pattern,nation_grade_class_pattern
s112201310076,國二4,204,nation_grade_class_pattern,nation_grade_class_pattern
s112201310077,國二4,204,nation_grade_class_pattern,nation_grade_class_pattern
s112201310079,國二4,204,nation_grade_class_pattern,nation_grade_class_pattern
s112201310080,國二4,204,nation_grade_class_pattern,nation_grade_class_pattern
s112201310081,國二4,204,nation_grade_class_pattern,nation_grade_class_pattern
s112201310082,國二4,204,nation_grade_class_pattern,nation_grade_class_pattern
s112201310083,國二4,204,nation_grade_class_pattern,nation_grade_class_pattern
s112201310084,國二4,204,nation_grade_class_pattern,nation_grade_class_pattern
s112201310085,國二4,204,nation_grade_class_pattern,nation_grade_class_pattern
s112201310086,國二4,204,nation_grade_class_pattern,nation_grade_class_pattern
s112201310087,國二4,204,nation_grade_class_pattern,nation_grade_class_pattern
s112201310088,國二4,204,nation_grade_class_pattern,nation_grade_class_pattern
s112201310089,國二4,204,nation_grade_class_pattern,nation_grade_class_pattern
s112201310090,國二4,204,nation_grade_class_pattern,nation_grade_class_pattern
s112201310091,國二4,204,nation_grade_class_pattern,nation_grade_class_pattern
s112201310092,國二4,204,nation_grade_class_pattern,nation_grade_class_pattern
s112201310093,國二4,204,nation_grade_class_pattern,nation_grade_class_pattern
s112201310094,國二4,204,nation_grade_class_pattern,nation_grade_class_pattern
s112201310095,國二4,204,nation_grade_class_pattern,nation_grade_class_pattern
s112201310096,國二4,204,nation_grade_class_pattern,nation_grade_class_pattern
s112201310097,國二4,204,nation_grade_class_pattern,nation_grade_class_pattern
s112201310099,國二4,204,nation_grade_class_pattern,nation_grade_class_pattern
s112201310100,國二4,204,nation_grade_class_pattern,nation_grade_class_pattern
s112201310101,國二4,204,nation_grade_class_pattern,nation_grade_class_pattern
s112201310102,國二4,204,nation_grade_class_pattern,nation_grade_class_pattern
s112201310103,國二4,204,nation_grade_class_pattern,nation_grade_class_pattern
s112201310104,國二4,204,nation_grade_class_pattern,nation_grade_class_pattern
s112201310105,國二4,204,nation_grade_class_pattern,nation_grade_class_pattern
s112201310106,國二4,204,nation_grade_class_pattern,nation_grade_class_pattern
s112201310107,國二4,204,nation_grade_class_pattern,nation_grade_class_pattern
s112201310108,國二4,204,nation_grade_class_pattern,nation_grade_class_pattern
s113201310005,國二4,204,nation_grade_class_pattern,nation_grade_class_pattern
s112203505052,八年12班,812,grade_year_class_pattern,grade_year_class_pattern
s112203505053,八年12班,812,grade_year_class_pattern,grade_year_class_pattern
s112203505054,八年12班,812,grade_year_class_pattern,grade_year_class_pattern
s112203505055,八年12班,812,grade_year_class_pattern,grade_year_class_pattern
s112203505056,八年12班,812,grade_year_class_pattern,grade_year_class_pattern
s112203505057,八年12班,812,grade_year_class_pattern,grade_year_class_pattern
s112203505058,八年12班,812,grade_year_class_pattern,grade_year_class_pattern
s112203505059,八年12班,812,grade_year_class_pattern,grade_year_class_pattern
s112203505060,八年12班,812,grade_year_class_pattern,grade_year_class_pattern
s112203505061,八年12班,812,grade_year_class_pattern,grade_year_class_pattern
s112203505062,八年12班,812,grade_year_class_pattern,grade_year_class_pattern
s112203505063,八年12班,812,grade_year_class_pattern,grade_year_class_pattern
s112203505064,八年12班,812,grade_year_class_pattern,grade_year_class_pattern
s112203505065,八年12班,812,grade_year_class_pattern,grade_year_class_pattern
s112203505066,八年12班,812,grade_year_class_pattern,grade_year_class_pattern
s112203505067,八年12班,812,grade_year_class_pattern,grade_year_class_pattern
s112203505068,八年12班,812,grade_year_class_pattern,grade_year_class_pattern
s112203505070,八年12班,812,grade_year_class_pattern,grade_year_class_pattern
s112203505071,八年12班,812,grade_year_class_pattern,grade_year_class_pattern
s112203505073,八年12班,812,grade_year_class_pattern,grade_year_class_pattern
s112203505074,八年12班,812,grade_year_class_pattern,grade_year_class_pattern
s112203505075,八年12班,812,grade_year_class_pattern,grade_year_class_pattern
s112203505076,八年12班,812,grade_year_class_pattern,grade_year_class_pattern
s113203505003,八年12班,812,grade_year_class_pattern,grade_year_class_pattern
s112203505024,八年2班,802,grade_year_class_pattern,grade_year_class_pattern
s112203505025,八年2班,802,grade_year_class_pattern,grade_year_class_pattern
s112203505026,八年2班,802,grade_year_class_pattern,grade_year_class_pattern
s112203505027,八年2班,802,grade_year_class_pattern,grade_year_class_pattern
s112203505028,八年2班,802,grade_year_class_pattern,grade_year_class_pattern
s112203505029,八年2班,802,grade_year_class_pattern,grade_year_class_pattern
s112203505030,八年2班,802,grade_year_class_pattern,grade_year_class_pattern
s112203505031,八年2班,802,grade_year_class_pattern,grade_year_class_pattern
s112203505032,八年2班,802,grade_year_class_pattern,grade_year_class_pattern
s112203505033,八年2班,802,grade_year_class_pattern,grade_year_class_pattern
s112203505034,八年2班,802,grade_year_class_pattern,grade_year_class_pattern
s112203505035,八年2班,802,grade_year_class_pattern,grade_year_class_pattern
s112203505036,八年2班,802,grade_year_class_pattern,grade_year_class_pattern
s112203505037,八年2班,802,grade_year_class_pattern,grade_year_class_pattern
s112203505038,八年2班,802,grade_year_class_pattern,grade_year_class_pattern
s112203505039,八年2班,802,grade_year_class_pattern,grade_year_class_pattern
s112203505040,八年2班,802,grade_year_class_pattern,grade_year_class_pattern
s112203505041,八年2班,802,grade_year_class_pattern,grade_year_class_pattern
s112203505042,八年2班,802,grade_year_class_pattern,grade_year_class_pattern
s112203505043,八年2班,802,grade_year_class_pattern,grade_year_class_pattern
s112203505044,八年2班,802,grade_year_class_pattern,grade_year_class_pattern
s112203505045,八年2班,802,grade_year_class_pattern,grade_year_class_pattern
s112203505046,八年2班,802,grade_year_class_pattern,grade_year_class_pattern
s112203505047,八年2班,802,grade_year_class_pattern,grade_year_class_pattern
s112203505048,八年2班,802,grade_year_class_pattern,grade_year_class_pattern
s112203505049,八年2班,802,grade_year_class_pattern,grade_year_class_pattern
s112211318024,J204,204,alnum_trailing_digits,alnum_trailing_digits
s112211318025,J204,204,alnum_trailing_digits,alnum_trailing_digits
s112211318026,J204,204,alnum_trailing_digits,alnum_trailing_digits
s112211318027,J204,204,alnum_trailing_digits,alnum_trailing_digits
s112211318028,J204,204,alnum_trailing_digits,alnum_trailing_digits
s112211318029,J204,204,alnum_trailing_digits,alnum_trailing_digits
s112211318030,J204,204,alnum_trailing_digits,alnum_trailing_digits
s112211318031,J204,204,alnum_trailing_digits,alnum_trailing_digits
s112211318032,J204,204,alnum_trailing_digits,alnum_trailing_digits
s112211318033,J204,204,alnum_trailing_digits,alnum_trailing_digits
s112211318034,J204,204,alnum_trailing_digits,alnum_trailing_digits
s112211318035,J204,204,alnum_trailing_digits,alnum_trailing_digits
s112211318036,J204,204,alnum_trailing_digits,alnum_trailing_digits
s112211318037,J204,204,alnum_trailing_digits,alnum_trailing_digits
s112211318038,J204,204,alnum_trailing_digits,alnum_trailing_digits
s112211318039,J204,204,alnum_trailing_digits,alnum_trailing_digits
s112211318040,J204,204,alnum_trailing_digits,alnum_trailing_digits
s112211318041,J204,204,alnum_trailing_digits,alnum_trailing_digits
s112211318042,J204,204,alnum_trailing_digits,alnum_trailing_digits
s112211318043,J204,204,alnum_trailing_digits,alnum_trailing_digits
s112211318044,J204,204,alnum_trailing_digits,alnum_trailing_digits
s112211318046,J204,204,alnum_trailing_digits,alnum_trailing_digits
s112211318048,J204,204,alnum_trailing_digits,alnum_trailing_digits
s112211318049,J204,204,alnum_trailing_digits,alnum_trailing_digits
s112211318050,J204,204,alnum_trailing_digits,alnum_trailing_digits
s112211318051,J204,204,alnum_trailing_digits,alnum_trailing_digits
s112211318052,J204,204,alnum_trailing_digits,alnum_trailing_digits
s112211318053,J204,204,alnum_trailing_digits,alnum_trailing_digits
s112211318054,J204,204,alnum_trailing_digits,alnum_trailing_digits
s112211318055,J204,204,alnum_trailing_digits,alnum_trailing_digits
s112211318056,J204,204,alnum_trailing_digits,alnum_trailing_digits
s112211318057,J204,204,alnum_trailing_digits,alnum_trailing_digits
s112211318058,J204,204,alnum_trailing_digits,alnum_trailing_digits
s112211318059,J204,204,alnum_trailing_digits,alnum_trailing_digits
s112211318060,J204,204,alnum_trailing_digits,alnum_trailing_digits
s112211318061,J204,204,alnum_trailing_digits,alnum_trailing_digits
s112211318062,J204,204,alnum_trailing_digits,alnum_trailing_digits
s112211318063,J204,204,alnum_trailing_digits,alnum_trailing_digits
s112211318064,J204,204,alnum_trailing_digits,alnum_trailing_digits
s112211318065,J204,204,alnum_trailing_digits,alnum_trailing_digits
s112211318067,J204,204,alnum_trailing_digits,alnum_trailing_digits
s113211318003,J204,204,alnum_trailing_digits,alnum_trailing_digits
s113211318004,J204,204,alnum_trailing_digits,alnum_trailing_digits
s112211318070,J209,209,alnum_trailing_digits,alnum_trailing_digits
s112211318071,J209,209,alnum_trailing_digits,alnum_trailing_digits
s112211318072,J209,209,alnum_trailing_digits,alnum_trailing_digits
s112211318073,J209,209,alnum_trailing_digits,alnum_trailing_digits
s112211318074,J209,209,alnum_trailing_digits,alnum_trailing_digits
s112211318075,J209,209,alnum_trailing_digits,alnum_trailing_digits
s112211318076,J209,209,alnum_trailing_digits,alnum_trailing_digits
s112211318077,J209,209,alnum_trailing_digits,alnum_trailing_digits
s112211318078,J209,209,alnum_trailing_digits,alnum_trailing_digits
s112211318080,J209,209,alnum_trailing_digits,alnum_trailing_digits
s112211318081,J209,209,alnum_trailing_digits,alnum_trailing_digits
s112211318082,J209,209,alnum_trailing_digits,alnum_trailing_digits
s112211318083,J209,209,alnum_trailing_digits,alnum_trailing_digits
s112211318084,J209,209,alnum_trailing_digits,alnum_trailing_digits
s112211318085,J209,209,alnum_trailing_digits,alnum_trailing_digits
s112211318086,J209,209,alnum_trailing_digits,alnum_trailing_digits
s112211318088,J209,209,alnum_trailing_digits,alnum_trailing_digits
s112211318089,J209,209,alnum_trailing_digits,alnum_trailing_digits
s112211318090,J209,209,alnum_trailing_digits,alnum_trailing_digits
s112211318091,J209,209,alnum_trailing_digits,alnum_trailing_digits
s112211318092,J209,209,alnum_trailing_digits,alnum_trailing_digits
s112211318093,J209,209,alnum_trailing_digits,alnum_trailing_digits
s112211318094,J209,209,alnum_trailing_digits,alnum_trailing_digits
s112211318096,J209,209,alnum_trailing_digits,alnum_trailing_digits
s112211318097,J209,209,alnum_trailing_digits,alnum_trailing_digits
s112211318098,J209,209,alnum_trailing_digits,alnum_trailing_digits
s112211318099,J209,209,alnum_trailing_digits,alnum_trailing_digits
s112211318100,J209,209,alnum_trailing_digits,alnum_trailing_digits
s112211318101,J209,209,alnum_trailing_digits,alnum_trailing_digits
s112211318102,J209,209,alnum_trailing_digits,alnum_trailing_digits
s112211318103,J209,209,alnum_trailing_digits,alnum_trailing_digits
s112211318104,J209,209,alnum_trailing_digits,alnum_trailing_digits
s112211318105,J209,209,alnum_trailing_digits,alnum_trailing_digits
s112211318106,J209,209,alnum_trailing_digits,alnum_trailing_digits
s112211318107,J209,209,alnum_trailing_digits,alnum_trailing_digits
s112211318108,J209,209,alnum_trailing_digits,alnum_trailing_digits
s112211318110,J209,209,alnum_trailing_digits,alnum_trailing_digits
s112211318111,J209,209,alnum_trailing_digits,alnum_trailing_digits
s112211318112,J209,209,alnum_trailing_digits,alnum_trailing_digits
s112211318113,J209,209,alnum_trailing_digits,alnum_trailing_digits
s113211318005,J209,209,alnum_trailing_digits,alnum_trailing_digits
s112213501024,809,809,numeric_integer,numeric_integer
s112213501025,809,809,numeric_integer,numeric_integer
s112213501026,809,809,numeric_integer,numeric_integer
s112213501027,809,809,numeric_integer,numeric_integer
s112213501028,809,809,numeric_integer,numeric_integer
s112213501029,809,809,numeric_integer,numeric_integer
s112213501030,809,809,numeric_integer,numeric_integer
s112213501031,809,809,numeric_integer,numeric_integer
s112213501032,809,809,numeric_integer,numeric_integer
s112213501033,809,809,numeric_integer,numeric_integer
s112213501034,809,809,numeric_integer,numeric_integer
s112213501035,809,809,numeric_integer,numeric_integer
s112213501037,809,809,numeric_integer,numeric_integer
s112213501038,809,809,numeric_integer,numeric_integer
s112213501039,809,809,numeric_integer,numeric_integer
s112213501040,809,809,numeric_integer,numeric_integer
s112213501041,809,809,numeric_integer,numeric_integer
s112213501042,809,809,numeric_integer,numeric_integer
s112213501043,809,809,numeric_integer,numeric_integer
s112213501044,809,809,numeric_integer,numeric_integer
s112213501045,809,809,numeric_integer,numeric_integer
s112213501046,809,809,numeric_integer,numeric_integer
s112213501047,809,809,numeric_integer,numeric_integer
s112213501048,809,809,numeric_integer,numeric_integer
s112213501049,809,809,numeric_integer,numeric_integer
s112213501050,809,809,numeric_integer,numeric_integer
s112213501051,809,809,numeric_integer,numeric_integer
s112213501052,809,809,numeric_integer,numeric_integer
s112213501055,819,819,numeric_integer,numeric_integer
s112213501056,819,819,numeric_integer,numeric_integer
s112213501057,819,819,numeric_integer,numeric_integer
s112213501058,819,819,numeric_integer,numeric_integer
s112213501059,819,819,numeric_integer,numeric_integer
s112213501060,819,819,numeric_integer,numeric_integer
s112213501061,819,819,numeric_integer,numeric_integer
s112213501063,819,819,numeric_integer,numeric_integer
s112213501065,819,819,numeric_integer,numeric_integer
s112213501066,819,819,numeric_integer,numeric_integer
s112213501067,819,819,numeric_integer,numeric_integer
s112213501068,819,819,numeric_integer,numeric_integer
s112213501069,819,819,numeric_integer,numeric_integer
s112213501070,819,819,numeric_integer,numeric_integer
s112213501071,819,819,numeric_integer,numeric_integer
s112213501072,819,819,numeric_integer,numeric_integer
s112213501073,819,819,numeric_integer,numeric_integer
s112213501074,819,819,numeric_integer,numeric_integer
s112213501075,819,819,numeric_integer,numeric_integer
s112213501076,819,819,numeric_integer,numeric_integer
s112213501077,819,819,numeric_integer,numeric_integer
s112213501078,819,819,numeric_integer,numeric_integer
s112213501079,819,819,numeric_integer,numeric_integer
s112213501080,819,819,numeric_integer,numeric_integer
s112213501081,819,819,numeric_integer,numeric_integer
s112213501082,819,819,numeric_integer,numeric_integer
s112213501083,819,819,numeric_integer,numeric_integer
s112213501084,819,819,numeric_integer,numeric_integer
s112213506024,804,804,numeric_integer,numeric_integer
s112213506025,804,804,numeric_integer,numeric_integer
s112213506026,804,804,numeric_integer,numeric_integer
s112213506027,804,804,numeric_integer,numeric_integer
s112213506028,804,804,numeric_integer,numeric_integer
s112213506029,804,804,numeric_integer,numeric_integer
s112213506030,804,804,numeric_integer,numeric_integer
s112213506031,804,804,numeric_integer,numeric_integer
s112213506032,804,804,numeric_integer,numeric_integer
s112213506033,804,804,numeric_integer,numeric_integer
s112213506034,804,804,numeric_integer,numeric_integer
s112213506035,804,804,numeric_integer,numeric_integer
s112213506036,804,804,numeric_integer,numeric_integer
s112213506037,804,804,numeric_integer,numeric_integer
s112213506038,804,804,numeric_integer,numeric_integer
s112213506039,804,804,numeric_integer,numeric_integer
s112213506040,804,804,numeric_integer,numeric_integer
s112213506041,804,804,numeric_integer,numeric_integer
s112213506042,804,804,numeric_integer,numeric_integer
s112213506044,804,804,numeric_integer,numeric_integer
s112213506045,804,804,numeric_integer,numeric_integer
s112213506046,804,804,numeric_integer,numeric_integer
s112213506047,804,804,numeric_integer,numeric_integer
s112213506048,804,804,numeric_integer,numeric_integer
s112213506049,804,804,numeric_integer,numeric_integer
s112213506050,804,804,numeric_integer,numeric_integer
s112213506051,804,804,numeric_integer,numeric_integer
s112213506052,804,804,numeric_integer,numeric_integer
s112213506055,813,813,numeric_integer,numeric_integer
s112213506056,813,813,numeric_integer,numeric_integer
s112213506057,813,813,numeric_integer,numeric_integer
s112213506058,813,813,numeric_integer,numeric_integer
s112213506059,813,813,numeric_integer,numeric_integer
s112213506060,813,813,numeric_integer,numeric_integer
s112213506061,813,813,numeric_integer,numeric_integer
s112213506062,813,813,numeric_integer,numeric_integer
s112213506063,813,813,numeric_integer,numeric_integer
s112213506064,813,813,numeric_integer,numeric_integer
s112213506066,813,813,numeric_integer,numeric_integer
s112213506067,813,813,numeric_integer,numeric_integer
s112213506068,813,813,numeric_integer,numeric_integer
s112213506070,813,813,numeric_integer,numeric_integer
s112213506071,813,813,numeric_integer,numeric_integer
s112213506072,813,813,numeric_integer,numeric_integer
s112213506073,813,813,numeric_integer,numeric_integer
s112213506074,813,813,numeric_integer,numeric_integer
s112213506075,813,813,numeric_integer,numeric_integer
s112213506076,813,813,numeric_integer,numeric_integer
s112213506077,813,813,numeric_integer,numeric_integer
s112213506078,813,813,numeric_integer,numeric_integer
s112213506079,813,813,numeric_integer,numeric_integer
s112213506080,813,813,numeric_integer,numeric_integer
s112213506081,813,813,numeric_integer,numeric_integer
s112213506082,813,813,numeric_integer,numeric_integer
s112213506083,813,813,numeric_integer,numeric_integer
s112213506084,813,813,numeric_integer,numeric_integer
s112213509054,2年10班,210,grade_year_class_pattern,grade_year_class_pattern
s112213509055,2年10班,210,grade_year_class_pattern,grade_year_class_pattern
s112213509056,2年10班,210,grade_year_class_pattern,grade_year_class_pattern
s112213509057,2年10班,210,grade_year_class_pattern,grade_year_class_pattern
s112213509058,2年10班,210,grade_year_class_pattern,grade_year_class_pattern
s112213509059,2年10班,210,grade_year_class_pattern,grade_year_class_pattern
s112213509060,2年10班,210,grade_year_class_pattern,grade_year_class_pattern
s112213509061,2年10班,210,grade_year_class_pattern,grade_year_class_pattern
s112213509062,2年10班,210,grade_year_class_pattern,grade_year_class_pattern
s112213509063,2年10班,210,grade_year_class_pattern,grade_year_class_pattern
s112213509064,2年10班,210,grade_year_class_pattern,grade_year_class_pattern
s112213509065,2年10班,210,grade_year_class_pattern,grade_year_class_pattern
s112213509066,2年10班,210,grade_year_class_pattern,grade_year_class_pattern
s112213509067,2年10班,210,grade_year_class_pattern,grade_year_class_pattern
s112213509068,2年10班,210,grade_year_class_pattern,grade_year_class_pattern
s112213509069,2年10班,210,grade_year_class_pattern,grade_year_class_pattern
s112213509070,2年10班,210,grade_year_class_pattern,grade_year_class_pattern
s112213509071,2年10班,210,grade_year_class_pattern,grade_year_class_pattern
s112213509072,2年10班,210,grade_year_class_pattern,grade_year_class_pattern
s112213509073,2年10班,210,grade_year_class_pattern,grade_year_class_pattern
s112213509074,2年10班,210,grade_year_class_pattern,grade_year_class_pattern
s112213509075,2年10班,210,grade_year_class_pattern,grade_year_class_pattern
s112213509076,2年10班,210,grade_year_class_pattern,grade_year_class_pattern
s112213509077,2年10班,210,grade_year_class_pattern,grade_year_class_pattern
s112213509078,2年10班,210,grade_year_class_pattern,grade_year_class_pattern
s112213509079,2年10班,210,grade_year_class_pattern,grade_year_class_pattern
s112213509080,2年10班,210,grade_year_class_pattern,grade_year_class_pattern
s112213509081,2年10班,210,grade_year_class_pattern,grade_year_class_pattern
s112213509024,2年1班,201,grade_year_class_pattern,grade_year_class_pattern
s112213509025,2年1班,201,grade_year_class_pattern,grade_year_class_pattern
s112213509026,2年1班,201,grade_year_class_pattern,grade_year_class_pattern
s112213509027,2年1班,201,grade_year_class_pattern,grade_year_class_pattern
s112213509028,2年1班,201,grade_year_class_pattern,grade_year_class_pattern
s112213509029,2年1班,201,grade_year_class_pattern,grade_year_class_pattern
s112213509030,2年1班,201,grade_year_class_pattern,grade_year_class_pattern
s112213509031,2年1班,201,grade_year_class_pattern,grade_year_class_pattern
s112213509032,2年1班,201,grade_year_class_pattern,grade_year_class_pattern
s112213509033,2年1班,201,grade_year_class_pattern,grade_year_class_pattern
s112213509034,2年1班,201,grade_year_class_pattern,grade_year_class_pattern
s112213509035,2年1班,201,grade_year_class_pattern,grade_year_class_pattern
s112213509036,2年1班,201,grade_year_class_pattern,grade_year_class_pattern
s112213509037,2年1班,201,grade_year_class_pattern,grade_year_class_pattern
s112213509038,2年1班,201,grade_year_class_pattern,grade_year_class_pattern
s112213509039,2年1班,201,grade_year_class_pattern,grade_year_class_pattern
s112213509040,2年1班,201,grade_year_class_pattern,grade_year_class_pattern
s112213509041,2年1班,201,grade_year_class_pattern,grade_year_class_pattern
s112213509042,2年1班,201,grade_year_class_pattern,grade_year_class_pattern
s112213509043,2年1班,201,grade_year_class_pattern,grade_year_class_pattern
s112213509044,2年1班,201,grade_year_class_pattern,grade_year_class_pattern
s112213509045,2年1班,201,grade_year_class_pattern,grade_year_class_pattern
s112213509046,2年1班,201,grade_year_class_pattern,grade_year_class_pattern
s112213509047,2年1班,201,grade_year_class_pattern,grade_year_class_pattern
s112213509048,2年1班,201,grade_year_class_pattern,grade_year_class_pattern
s112213509049,2年1班,201,grade_year_class_pattern,grade_year_class_pattern
s112213509050,2年1班,201,grade_year_class_pattern,grade_year_class_pattern
s112213509051,2年1班,201,grade_year_class_pattern,grade_year_class_pattern
s112213510024,803,803,numeric_integer,numeric_integer
s112213510025,803,803,numeric_integer,numeric_integer
s112213510026,803,803,numeric_integer,numeric_integer
s112213510027,803,803,numeric_integer,numeric_integer
s112213510028,803,803,numeric_integer,numeric_integer
s112213510029,803,803,numeric_integer,numeric_integer
s112213510030,803,803,numeric_integer,numeric_integer
s112213510032,803,803,numeric_integer,numeric_integer
s112213510033,803,803,numeric_integer,numeric_integer
s112213510034,803,803,numeric_integer,numeric_integer
s112213510035,803,803,numeric_integer,numeric_integer
s112213510036,803,803,numeric_integer,numeric_integer
s112213510037,803,803,numeric_integer,numeric_integer
s112213510038,803,803,numeric_integer,numeric_integer
s112213510039,803,803,numeric_integer,numeric_integer
s112213510040,803,803,numeric_integer,numeric_integer
s112213510041,803,803,numeric_integer,numeric_integer
s112213510042,803,803,numeric_integer,numeric_integer
s112213510043,803,803,numeric_integer,numeric_integer
s112213510044,803,803,numeric_integer,numeric_integer
s112213510046,803,803,numeric_integer,numeric_integer
s112213510047,803,803,numeric_integer,numeric_integer
s112213510048,803,803,numeric_integer,numeric_integer
s113213510003,803,803,numeric_integer,numeric_integer
s113213510005,803,803,numeric_integer,numeric_integer
s113213510006,803,803,numeric_integer,numeric_integer
s112213510051,808,808,numeric_integer,numeric_integer
s112213510052,808,808,numeric_integer,numeric_integer
s112213510053,808,808,numeric_integer,numeric_integer
s112213510054,808,808,numeric_integer,numeric_integer
s112213510058,808,808,numeric_integer,numeric_integer
s112213510059,808,808,numeric_integer,numeric_integer
s112213510060,808,808,numeric_integer,numeric_integer
s112213510061,808,808,numeric_integer,numeric_integer
s112213510062,808,808,numeric_integer,numeric_integer
s112213510063,808,808,numeric_integer,numeric_integer
s112213510064,808,808,numeric_integer,numeric_integer
s112213510065,808,808,numeric_integer,numeric_integer
s112213510066,808,808,numeric_integer,numeric_integer
s112213510067,808,808,numeric_integer,numeric_integer
s112213510068,808,808,numeric_integer,numeric_integer
s112213510069,808,808,numeric_integer,numeric_integer
s112213510070,808,808,numeric_integer,numeric_integer
s112213510072,808,808,numeric_integer,numeric_integer
s112213510073,808,808,numeric_integer,numeric_integer
s112213510074,808,808,numeric_integer,numeric_integer
s112213510075,808,808,numeric_integer,numeric_integer
s112213510076,808,808,numeric_integer,numeric_integer
s113213510004,808,808,numeric_integer,numeric_integer
s112213514024,209,209,numeric_integer,numeric_integer
s112213514025,209,209,numeric_integer,numeric_integer
s112213514026,209,209,numeric_integer,numeric_integer
s112213514027,209,209,numeric_integer,numeric_integer
s112213514028,209,209,numeric_integer,numeric_integer
s112213514029,209,209,numeric_integer,numeric_integer
s112213514030,209,209,numeric_integer,numeric_integer
s112213514031,209,209,numeric_integer,numeric_integer
s112213514032,209,209,numeric_integer,numeric_integer
s112213514033,209,209,numeric_integer,numeric_integer
s112213514034,209,209,numeric_integer,numeric_integer
s112213514035,209,209,numeric_integer,numeric_integer
s112213514036,209,209,numeric_integer,numeric_integer
s112213514037,209,209,numeric_integer,numeric_integer
s112213514038,209,209,numeric_integer,numeric_integer
s112213514040,209,209,numeric_integer,numeric_integer
s112213514041,209,209,numeric_integer,numeric_integer
s112213514042,209,209,numeric_integer,numeric_integer
s112213514043,209,209,numeric_integer,numeric_integer
s112213514044,209,209,numeric_integer,numeric_integer
s112213514046,209,209,numeric_integer,numeric_integer
s112213514047,209,209,numeric_integer,numeric_integer
s112213514048,209,209,numeric_integer,numeric_integer
s112213514049,209,209,numeric_integer,numeric_integer
s112213514050,209,209,numeric_integer,numeric_integer
s112213514052,209,209,numeric_integer,numeric_integer
s113213514003,209,209,numeric_integer,numeric_integer
s112213514055,225,225,numeric_integer,numeric_integer
s112213514056,225,225,numeric_integer,numeric_integer
s112213514057,225,225,numeric_integer,numeric_integer
s112213514058,225,225,numeric_integer,numeric_integer
s112213514059,225,225,numeric_integer,numeric_integer
s112213514060,225,225,numeric_integer,numeric_integer
s112213514061,225,225,numeric_integer,numeric_integer
s112213514062,225,225,numeric_integer,numeric_integer
s112213514063,225,225,numeric_integer,numeric_integer
s112213514064,225,225,numeric_integer,numeric_integer
s112213514065,225,225,numeric_integer,numeric_integer
s112213514066,225,225,numeric_integer,numeric_integer
s112213514067,225,225,numeric_integer,numeric_integer
s112213514068,225,225,numeric_integer,numeric_integer
s112213514069,225,225,numeric_integer,numeric_integer
s112213514070,225,225,numeric_integer,numeric_integer
s112213514071,225,225,numeric_integer,numeric_integer
s112213514072,225,225,numeric_integer,numeric_integer
s112213514073,225,225,numeric_integer,numeric_integer
s112213514074,225,225,numeric_integer,numeric_integer
s112213514075,225,225,numeric_integer,numeric_integer
s112213514076,225,225,numeric_integer,numeric_integer
s112213514077,225,225,numeric_integer,numeric_integer
s112213514078,225,225,numeric_integer,numeric_integer
s112213514079,225,225,numeric_integer,numeric_integer
s112213514080,225,225,numeric_integer,numeric_integer
s112213514081,225,225,numeric_integer,numeric_integer
s112213514082,225,225,numeric_integer,numeric_integer
s112213514083,225,225,numeric_integer,numeric_integer
s112213514084,225,225,numeric_integer,numeric_integer
s112313505055,803,803,numeric_integer,numeric_integer
s112313505056,803,803,numeric_integer,numeric_integer
s112313505057,803,803,numeric_integer,numeric_integer
s112313505058,803,803,numeric_integer,numeric_integer
s112313505059,803,803,numeric_integer,numeric_integer
s112313505060,803,803,numeric_integer,numeric_integer
s112313505061,803,803,numeric_integer,numeric_integer
s112313505062,803,803,numeric_integer,numeric_integer
s112313505063,803,803,numeric_integer,numeric_integer
s112313505064,803,803,numeric_integer,numeric_integer
s112313505065,803,803,numeric_integer,numeric_integer
s112313505066,803,803,numeric_integer,numeric_integer
s112313505067,803,803,numeric_integer,numeric_integer
s112313505068,803,803,numeric_integer,numeric_integer
s112313505069,803,803,numeric_integer,numeric_integer
s112313505070,803,803,numeric_integer,numeric_integer
s112313505071,803,803,numeric_integer,numeric_integer
s112313505072,803,803,numeric_integer,numeric_integer
s112313505073,803,803,numeric_integer,numeric_integer
s112313505074,803,803,numeric_integer,numeric_integer
s112313505075,803,803,numeric_integer,numeric_integer
s112313505076,803,803,numeric_integer,numeric_integer
s112313505077,803,803,numeric_integer,numeric_integer
s112313505078,803,803,numeric_integer,numeric_integer
s112313505079,803,803,numeric_integer,numeric_integer
s112313505080,803,803,numeric_integer,numeric_integer
s112313505081,803,803,numeric_integer,numeric_integer
s112313505082,803,803,numeric_integer,numeric_integer
s112313505024,813,813,numeric_integer,numeric_integer
s112313505025,813,813,numeric_integer,numeric_integer
s112313505026,813,813,numeric_integer,numeric_integer
s112313505027,813,813,numeric_integer,numeric_integer
s112313505028,813,813,numeric_integer,numeric_integer
s112313505029,813,813,numeric_integer,numeric_integer
s112313505030,813,813,numeric_integer,numeric_integer
s112313505031,813,813,numeric_integer,numeric_integer
s112313505032,813,813,numeric_integer,numeric_integer
s112313505033,813,813,numeric_integer,numeric_integer
s112313505034,813,813,numeric_integer,numeric_integer
s112313505035,813,813,numeric_integer,numeric_integer
s112313505036,813,813,numeric_integer,numeric_integer
s112313505037,813,813,numeric_integer,numeric_integer
s112313505038,813,813,numeric_integer,numeric_integer
s112313505039,813,813,numeric_integer,numeric_integer
s112313505040,813,813,numeric_integer,numeric_integer
s112313505042,813,813,numeric_integer,numeric_integer
s112313505044,813,813,numeric_integer,numeric_integer
s112313505045,813,813,numeric_integer,numeric_integer
s112313505046,813,813,numeric_integer,numeric_integer
s112313505047,813,813,numeric_integer,numeric_integer
s112313505048,813,813,numeric_integer,numeric_integer
s112313505049,813,813,numeric_integer,numeric_integer
s112313505050,813,813,numeric_integer,numeric_integer
s112313505051,813,813,numeric_integer,numeric_integer
s112313505052,813,813,numeric_integer,numeric_integer
s112323502023,815,815,numeric_integer,numeric_integer
s112323502024,815,815,numeric_integer,numeric_integer
s112323502025,815,815,numeric_integer,numeric_integer
s112323502026,815,815,numeric_integer,numeric_integer
s112323502027,815,815,numeric_integer,numeric_integer
s112323502028,815,815,numeric_integer,numeric_integer
s112323502029,815,815,numeric_integer,numeric_integer
s112323502030,815,815,numeric_integer,numeric_integer
s112323502031,815,815,numeric_integer,numeric_integer
s112323502032,815,815,numeric_integer,numeric_integer
s112323502033,815,815,numeric_integer,numeric_integer
s112323502034,815,815,numeric_integer,numeric_integer
s112323502035,815,815,numeric_integer,numeric_integer
s112323502037,815,815,numeric_integer,numeric_integer
s112323502039,815,815,numeric_integer,numeric_integer
s112323502040,815,815,numeric_integer,numeric_integer
s112323502041,815,815,numeric_integer,numeric_integer
s112323502042,815,815,numeric_integer,numeric_integer
s112323502043,815,815,numeric_integer,numeric_integer
s112323502044,815,815,numeric_integer,numeric_integer
s112323502045,815,815,numeric_integer,numeric_integer
s112323502046,815,815,numeric_integer,numeric_integer
s112323502047,815,815,numeric_integer,numeric_integer
s112323502048,815,815,numeric_integer,numeric_integer
s112323502049,815,815,numeric_integer,numeric_integer
s112323502050,815,815,numeric_integer,numeric_integer
s112333501024,801,801,numeric_integer,numeric_integer
s112333501025,801,801,numeric_integer,numeric_integer
s112333501026,801,801,numeric_integer,numeric_integer
s112333501027,801,801,numeric_integer,numeric_integer
s112333501028,801,801,numeric_integer,numeric_integer
s112333501029,801,801,numeric_integer,numeric_integer
s112333501030,801,801,numeric_integer,numeric_integer
s112333501031,801,801,numeric_integer,numeric_integer
s112333501033,801,801,numeric_integer,numeric_integer
s112333501034,801,801,numeric_integer,numeric_integer
s112333501035,801,801,numeric_integer,numeric_integer
s112333501036,801,801,numeric_integer,numeric_integer
s112333501037,801,801,numeric_integer,numeric_integer
s112333501038,801,801,numeric_integer,numeric_integer
s112333501039,801,801,numeric_integer,numeric_integer
s112333501040,801,801,numeric_integer,numeric_integer
s112333501041,801,801,numeric_integer,numeric_integer
s112333501042,801,801,numeric_integer,numeric_integer
s112333501043,801,801,numeric_integer,numeric_integer
s112333501044,801,801,numeric_integer,numeric_integer
s112333501046,801,801,numeric_integer,numeric_integer
s112333501047,801,801,numeric_integer,numeric_integer
s112333501048,801,801,numeric_integer,numeric_integer
s112333501049,801,801,numeric_integer,numeric_integer
s112333501050,801,801,numeric_integer,numeric_integer
s112333501051,801,801,numeric_integer,numeric_integer
s112333501052,801,801,numeric_integer,numeric_integer
s113333501003,801,801,numeric_integer,numeric_integer
s112333501055,810,810,numeric_integer,numeric_integer
s112333501056,810,810,numeric_integer,numeric_integer
s112333501057,810,810,numeric_integer,numeric_integer
s112333501059,810,810,numeric_integer,numeric_integer
s112333501060,810,810,numeric_integer,numeric_integer
s112333501061,810,810,numeric_integer,numeric_integer
s112333501062,810,810,numeric_integer,numeric_integer
s112333501064,810,810,numeric_integer,numeric_integer
s112333501065,810,810,numeric_integer,numeric_integer
s112333501066,810,810,numeric_integer,numeric_integer
s112333501067,810,810,numeric_integer,numeric_integer
s112333501068,810,810,numeric_integer,numeric_integer
s112333501069,810,810,numeric_integer,numeric_integer
s112333501070,810,810,numeric_integer,numeric_integer
s112333501071,810,810,numeric_integer,numeric_integer
s112333501072,810,810,numeric_integer,numeric_integer
s112333501073,810,810,numeric_integer,numeric_integer
s112333501074,810,810,numeric_integer,numeric_integer
s112333501075,810,810,numeric_integer,numeric_integer
s112333501077,810,810,numeric_integer,numeric_integer
s112333501078,810,810,numeric_integer,numeric_integer
s112333501080,810,810,numeric_integer,numeric_integer
s112333501083,810,810,numeric_integer,numeric_integer
s113333501004,810,810,numeric_integer,numeric_integer
s112333505024,8年11班,811,grade_year_class_pattern,grade_year_class_pattern
s112333505025,8年11班,811,grade_year_class_pattern,grade_year_class_pattern
s112333505026,8年11班,811,grade_year_class_pattern,grade_year_class_pattern
s112333505027,8年11班,811,grade_year_class_pattern,grade_year_class_pattern
s112333505028,8年11班,811,grade_year_class_pattern,grade_year_class_pattern
s112333505029,8年11班,811,grade_year_class_pattern,grade_year_class_pattern
s112333505031,8年11班,811,grade_year_class_pattern,grade_year_class_pattern
s112333505032,8年11班,811,grade_year_class_pattern,grade_year_class_pattern
s112333505033,8年11班,811,grade_year_class_pattern,grade_year_class_pattern
s112333505034,8年11班,811,grade_year_class_pattern,grade_year_class_pattern
s112333505035,8年11班,811,grade_year_class_pattern,grade_year_class_pattern
s112333505036,8年11班,811,grade_year_class_pattern,grade_year_class_pattern
s112333505037,8年11班,811,grade_year_class_pattern,grade_year_class_pattern
s112333505038,8年11班,811,grade_year_class_pattern,grade_year_class_pattern
s112333505039,8年11班,811,grade_year_class_pattern,grade_year_class_pattern
s112333505040,8年11班,811,grade_year_class_pattern,grade_year_class_pattern
s112333505041,8年11班,811,grade_year_class_pattern,grade_year_class_pattern
s112333505042,8年11班,811,grade_year_class_pattern,grade_year_class_pattern
s112333505043,8年11班,811,grade_year_class_pattern,grade_year_class_pattern
s112333505044,8年11班,811,grade_year_class_pattern,grade_year_class_pattern
s112333505045,8年11班,811,grade_year_class_pattern,grade_year_class_pattern
s112333505046,8年11班,811,grade_year_class_pattern,grade_year_class_pattern
s112333505047,8年11班,811,grade_year_class_pattern,grade_year_class_pattern
s112333505048,8年11班,811,grade_year_class_pattern,grade_year_class_pattern
s112333505049,8年11班,811,grade_year_class_pattern,grade_year_class_pattern
s112333505050,8年11班,811,grade_year_class_pattern,grade_year_class_pattern
s112333505051,8年11班,811,grade_year_class_pattern,grade_year_class_pattern
s112333505054,8年23班,823,grade_year_class_pattern,grade_year_class_pattern
s112333505055,8年23班,823,grade_year_class_pattern,grade_year_class_pattern
s112333505056,8年23班,823,grade_year_class_pattern,grade_year_class_pattern
s112333505058,8年23班,823,grade_year_class_pattern,grade_year_class_pattern
s112333505059,8年23班,823,grade_year_class_pattern,grade_year_class_pattern
s112333505060,8年23班,823,grade_year_class_pattern,grade_year_class_pattern
s112333505061,8年23班,823,grade_year_class_pattern,grade_year_class_pattern
s112333505062,8年23班,823,grade_year_class_pattern,grade_year_class_pattern
s112333505063,8年23班,823,grade_year_class_pattern,grade_year_class_pattern
s112333505064,8年23班,823,grade_year_class_pattern,grade_year_class_pattern
s112333505065,8年23班,823,grade_year_class_pattern,grade_year_class_pattern
s112333505067,8年23班,823,grade_year_class_pattern,grade_year_class_pattern
s112333505068,8年23班,823,grade_year_class_pattern,grade_year_class_pattern
s112333505069,8年23班,823,grade_year_class_pattern,grade_year_class_pattern
s112333505070,8年23班,823,grade_year_class_pattern,grade_year_class_pattern
s112333505071,8年23班,823,grade_year_class_pattern,grade_year_class_pattern
s112333505072,8年23班,823,grade_year_class_pattern,grade_year_class_pattern
s112333505073,8年23班,823,grade_year_class_pattern,grade_year_class_pattern
s112333505074,8年23班,823,grade_year_class_pattern,grade_year_class_pattern
s112333505075,8年23班,823,grade_year_class_pattern,grade_year_class_pattern
s112333505076,8年23班,823,grade_year_class_pattern,grade_year_class_pattern
s112333505077,8年23班,823,grade_year_class_pattern,grade_year_class_pattern
s112333505078,8年23班,823,grade_year_class_pattern,grade_year_class_pattern
s112333505079,8年23班,823,grade_year_class_pattern,grade_year_class_pattern
s112333505080,8年23班,823,grade_year_class_pattern,grade_year_class_pattern
s112333505081,8年23班,823,grade_year_class_pattern,grade_year_class_pattern
s112333505082,8年23班,823,grade_year_class_pattern,grade_year_class_pattern
s112343302024,8年1班,801,grade_year_class_pattern,grade_year_class_pattern
s112343302025,8年1班,801,grade_year_class_pattern,grade_year_class_pattern
s112343302026,8年1班,801,grade_year_class_pattern,grade_year_class_pattern
s112343302027,8年1班,801,grade_year_class_pattern,grade_year_class_pattern
s112343302028,8年1班,801,grade_year_class_pattern,grade_year_class_pattern
s112343302029,8年1班,801,grade_year_class_pattern,grade_year_class_pattern
s112343302030,8年1班,801,grade_year_class_pattern,grade_year_class_pattern
s112343302031,8年1班,801,grade_year_class_pattern,grade_year_class_pattern
s112343302032,8年1班,801,grade_year_class_pattern,grade_year_class_pattern
s112343302033,8年1班,801,grade_year_class_pattern,grade_year_class_pattern
s112343302034,8年1班,801,grade_year_class_pattern,grade_year_class_pattern
s112343302035,8年1班,801,grade_year_class_pattern,grade_year_class_pattern
s112343302036,8年1班,801,grade_year_class_pattern,grade_year_class_pattern
s112343302037,8年1班,801,grade_year_class_pattern,grade_year_class_pattern
s112343302038,8年1班,801,grade_year_class_pattern,grade_year_class_pattern
s112343302039,8年1班,801,grade_year_class_pattern,grade_year_class_pattern
s112343302040,8年1班,801,grade_year_class_pattern,grade_year_class_pattern
s112343302041,8年1班,801,grade_year_class_pattern,grade_year_class_pattern
s112343302042,8年1班,801,grade_year_class_pattern,grade_year_class_pattern
s112343302043,8年1班,801,grade_year_class_pattern,grade_year_class_pattern
s112343302044,8年1班,801,grade_year_class_pattern,grade_year_class_pattern
s112343302045,8年1班,801,grade_year_class_pattern,grade_year_class_pattern
s112343302046,8年1班,801,grade_year_class_pattern,grade_year_class_pattern
s112343302047,8年1班,801,grade_year_class_pattern,grade_year_class_pattern
s112343302048,8年1班,801,grade_year_class_pattern,grade_year_class_pattern
s112343302049,8年1班,801,grade_year_class_pattern,grade_year_class_pattern
s112343302050,8年1班,801,grade_year_class_pattern,grade_year_class_pattern
s112343302053,8年2班,802,grade_year_class_pattern,grade_year_class_pattern
s112343302054,8年2班,802,grade_year_class_pattern,grade_year_class_pattern
s112343302055,8年2班,802,grade_year_class_pattern,grade_year_class_pattern
s112343302056,8年2班,802,grade_year_class_pattern,grade_year_class_pattern
s112343302057,8年2班,802,grade_year_class_pattern,grade_year_class_pattern
s112343302058,8年2班,802,grade_year_class_pattern,grade_year_class_pattern
s112343302059,8年2班,802,grade_year_class_pattern,grade_year_class_pattern
s112343302060,8年2班,802,grade_year_class_pattern,grade_year_class_pattern
s112343302061,8年2班,802,grade_year_class_pattern,grade_year_class_pattern
s112343302062,8年2班,802,grade_year_class_pattern,grade_year_class_pattern
s112343302063,8年2班,802,grade_year_class_pattern,grade_year_class_pattern
s112343302064,8年2班,802,grade_year_class_pattern,grade_year_class_pattern
s112343302065,8年2班,802,grade_year_class_pattern,grade_year_class_pattern
s112343302066,8年2班,802,grade_year_class_pattern,grade_year_class_pattern
s112343302067,8年2班,802,grade_year_class_pattern,grade_year_class_pattern
s112343302068,8年2班,802,grade_year_class_pattern,grade_year_class_pattern
s112343302069,8年2班,802,grade_year_class_pattern,grade_year_class_pattern
s112343302070,8年2班,802,grade_year_class_pattern,grade_year_class_pattern
s112343302072,8年2班,802,grade_year_class_pattern,grade_year_class_pattern
s112343302073,8年2班,802,grade_year_class_pattern,grade_year_class_pattern
s112343302074,8年2班,802,grade_year_class_pattern,grade_year_class_pattern
s112343302075,8年2班,802,grade_year_class_pattern,grade_year_class_pattern
s112343302076,8年2班,802,grade_year_class_pattern,grade_year_class_pattern
s112343302077,8年2班,802,grade_year_class_pattern,grade_year_class_pattern
s112343302078,8年2班,802,grade_year_class_pattern,grade_year_class_pattern
s112343507024,801,801,numeric_integer,numeric_integer
s112343507025,801,801,numeric_integer,numeric_integer
s112343507026,801,801,numeric_integer,numeric_integer
s112343507027,801,801,numeric_integer,numeric_integer
s112343507028,801,801,numeric_integer,numeric_integer
s112343507029,801,801,numeric_integer,numeric_integer
s112343507032,801,801,numeric_integer,numeric_integer
s112343507033,801,801,numeric_integer,numeric_integer
s112343507034,801,801,numeric_integer,numeric_integer
s112343507035,801,801,numeric_integer,numeric_integer
s112343507036,801,801,numeric_integer,numeric_integer
s112343507037,801,801,numeric_integer,numeric_integer
s112343507038,801,801,numeric_integer,numeric_integer
s112343507039,801,801,numeric_integer,numeric_integer
s112343507040,801,801,numeric_integer,numeric_integer
s112343507041,801,801,numeric_integer,numeric_integer
s112343507042,801,801,numeric_integer,numeric_integer
s112343507043,801,801,numeric_integer,numeric_integer
s112343507045,803,803,numeric_integer,numeric_integer
s112343507046,803,803,numeric_integer,numeric_integer
s112343507047,803,803,numeric_integer,numeric_integer
s112343507048,803,803,numeric_integer,numeric_integer
s112343507049,803,803,numeric_integer,numeric_integer
s112343507052,803,803,numeric_integer,numeric_integer
s112343507053,803,803,numeric_integer,numeric_integer
s112343507054,803,803,numeric_integer,numeric_integer
s112343507055,803,803,numeric_integer,numeric_integer
s112343507057,803,803,numeric_integer,numeric_integer
s112343507060,803,803,numeric_integer,numeric_integer
s112343507061,803,803,numeric_integer,numeric_integer
s112343507062,803,803,numeric_integer,numeric_integer
s112343507063,803,803,numeric_integer,numeric_integer
s113343507003,803,803,numeric_integer,numeric_integer
s113343507004,803,803,numeric_integer,numeric_integer
s112353504024,802,802,numeric_integer,numeric_integer
s112353504025,802,802,numeric_integer,numeric_integer
s112353504026,802,802,numeric_integer,numeric_integer
s112353504027,802,802,numeric_integer,numeric_integer
s112353504028,802,802,numeric_integer,numeric_integer
s112353504029,802,802,numeric_integer,numeric_integer
s112353504030,802,802,numeric_integer,numeric_integer
s112353504031,802,802,numeric_integer,numeric_integer
s112353504032,802,802,numeric_integer,numeric_integer
s112353504033,802,802,numeric_integer,numeric_integer
s112353504034,802,802,numeric_integer,numeric_integer
s112353504035,802,802,numeric_integer,numeric_integer
s112353504036,802,802,numeric_integer,numeric_integer
s112353504037,802,802,numeric_integer,numeric_integer
s112353504038,802,802,numeric_integer,numeric_integer
s112353504039,802,802,numeric_integer,numeric_integer
s112353504040,802,802,numeric_integer,numeric_integer
s112353504041,802,802,numeric_integer,numeric_integer
s112353504042,802,802,numeric_integer,numeric_integer
s112353504043,802,802,numeric_integer,numeric_integer
s112353504045,802,802,numeric_integer,numeric_integer
s112353504046,802,802,numeric_integer,numeric_integer
s112353504047,802,802,numeric_integer,numeric_integer
s112353504048,802,802,numeric_integer,numeric_integer
s112353504049,802,802,numeric_integer,numeric_integer
s112353504050,802,802,numeric_integer,numeric_integer
s112353504051,802,802,numeric_integer,numeric_integer
s112353504052,802,802,numeric_integer,numeric_integer
s112353504056,809,809,numeric_integer,numeric_integer
s112353504057,809,809,numeric_integer,numeric_integer
s112353504058,809,809,numeric_integer,numeric_integer
s112353504059,809,809,numeric_integer,numeric_integer
s112353504060,809,809,numeric_integer,numeric_integer
s112353504061,809,809,numeric_integer,numeric_integer
s112353504062,809,809,numeric_integer,numeric_integer
s112353504063,809,809,numeric_integer,numeric_integer
s112353504064,809,809,numeric_integer,numeric_integer
s112353504065,809,809,numeric_integer,numeric_integer
s112353504066,809,809,numeric_integer,numeric_integer
s112353504067,809,809,numeric_integer,numeric_integer
s112353504068,809,809,numeric_integer,numeric_integer
s112353504069,809,809,numeric_integer,numeric_integer
s112353504070,809,809,numeric_integer,numeric_integer
s112353504071,809,809,numeric_integer,numeric_integer
s112353504072,809,809,numeric_integer,numeric_integer
s112353504073,809,809,numeric_integer,numeric_integer
s112353504074,809,809,numeric_integer,numeric_integer
s112353504075,809,809,numeric_integer,numeric_integer
s112353504076,809,809,numeric_integer,numeric_integer
s112353504077,809,809,numeric_integer,numeric_integer
s112353504078,809,809,numeric_integer,numeric_integer
s112353504079,809,809,numeric_integer,numeric_integer
s112353504080,809,809,numeric_integer,numeric_integer
s112353505024,801,801,numeric_integer,numeric_integer
s112353505025,801,801,numeric_integer,numeric_integer
s112353505026,801,801,numeric_integer,numeric_integer
s112353505027,801,801,numeric_integer,numeric_integer
s112353505028,801,801,numeric_integer,numeric_integer
s112353505029,801,801,numeric_integer,numeric_integer
s112353505031,801,801,numeric_integer,numeric_integer
s112353505032,801,801,numeric_integer,numeric_integer
s112353505033,801,801,numeric_integer,numeric_integer
s112353505034,801,801,numeric_integer,numeric_integer
s112353505035,801,801,numeric_integer,numeric_integer
s112353505036,801,801,numeric_integer,numeric_integer
s112353505037,801,801,numeric_integer,numeric_integer
s112353505038,801,801,numeric_integer,numeric_integer
s112353505040,801,801,numeric_integer,numeric_integer
s112353505041,801,801,numeric_integer,numeric_integer
s112353505042,801,801,numeric_integer,numeric_integer
s112353505043,801,801,numeric_integer,numeric_integer
s112353505044,801,801,numeric_integer,numeric_integer
s112353505045,801,801,numeric_integer,numeric_integer
s112353505047,801,801,numeric_integer,numeric_integer
s112353505048,801,801,numeric_integer,numeric_integer
s112353505049,801,801,numeric_integer,numeric_integer
s112353505050,801,801,numeric_integer,numeric_integer
s112353505051,801,801,numeric_integer,numeric_integer
s112353505052,801,801,numeric_integer,numeric_integer
s112353505053,801,801,numeric_integer,numeric_integer
s112353505054,801,801,numeric_integer,numeric_integer
s112353505055,801,801,numeric_integer,numeric_integer
s112353505056,801,801,numeric_integer,numeric_integer
s112353505059,811,811,numeric_integer,numeric_integer
s112353505060,811,811,numeric_integer,numeric_integer
s112353505061,811,811,numeric_integer,numeric_integer
s112353505062,811,811,numeric_integer,numeric_integer
s112353505063,811,811,numeric_integer,numeric_integer
s112353505064,811,811,numeric_integer,numeric_integer
s112353505065,811,811,numeric_integer,numeric_integer
s112353505066,811,811,numeric_integer,numeric_integer
s112353505067,811,811,numeric_integer,numeric_integer
s112353505068,811,811,numeric_integer,numeric_integer
s112353505069,811,811,numeric_integer,numeric_integer
s112353505070,811,811,numeric_integer,numeric_integer
s112353505071,811,811,numeric_integer,numeric_integer
s112353505073,811,811,numeric_integer,numeric_integer
s112353505074,811,811,numeric_integer,numeric_integer
s112353505076,811,811,numeric_integer,numeric_integer
s112353505077,811,811,numeric_integer,numeric_integer
s112353505078,811,811,numeric_integer,numeric_integer
s112353505080,811,811,numeric_integer,numeric_integer
s112353505081,811,811,numeric_integer,numeric_integer
s112353505082,811,811,numeric_integer,numeric_integer
s112353505083,811,811,numeric_integer,numeric_integer
s112353505084,811,811,numeric_integer,numeric_integer
s112353505085,811,811,numeric_integer,numeric_integer
s112353505086,811,811,numeric_integer,numeric_integer
s112353505087,811,811,numeric_integer,numeric_integer
s112363501024,802,802,numeric_integer,numeric_integer
s112363501025,802,802,numeric_integer,numeric_integer
s112363501026,802,802,numeric_integer,numeric_integer
s112363501027,802,802,numeric_integer,numeric_integer
s112363501028,802,802,numeric_integer,numeric_integer
s112363501029,802,802,numeric_integer,numeric_integer
s112363501030,802,802,numeric_integer,numeric_integer
s112363501031,802,802,numeric_integer,numeric_integer
s112363501032,802,802,numeric_integer,numeric_integer
s112363501033,802,802,numeric_integer,numeric_integer
s112363501034,802,802,numeric_integer,numeric_integer
s112363501035,802,802,numeric_integer,numeric_integer
s112363501036,802,802,numeric_integer,numeric_integer
s112363501038,802,802,numeric_integer,numeric_integer
s112363501039,802,802,numeric_integer,numeric_integer
s112363501040,802,802,numeric_integer,numeric_integer
s112363501041,802,802,numeric_integer,numeric_integer
s112363501042,802,802,numeric_integer,numeric_integer
s112363501043,802,802,numeric_integer,numeric_integer
s112363501044,802,802,numeric_integer,numeric_integer
s112363501045,802,802,numeric_integer,numeric_integer
s112363501046,802,802,numeric_integer,numeric_integer
s112363501047,802,802,numeric_integer,numeric_integer
s112363501048,802,802,numeric_integer,numeric_integer
s113363501003,802,802,numeric_integer,numeric_integer
s112363501050,805,805,numeric_integer,numeric_integer
s112363501052,805,805,numeric_integer,numeric_integer
s112363501053,805,805,numeric_integer,numeric_integer
s112363501054,805,805,numeric_integer,numeric_integer
s112363501055,805,805,numeric_integer,numeric_integer
s112363501056,805,805,numeric_integer,numeric_integer
s112363501057,805,805,numeric_integer,numeric_integer
s112363501059,805,805,numeric_integer,numeric_integer
s112363501060,805,805,numeric_integer,numeric_integer
s112363501061,805,805,numeric_integer,numeric_integer
s112363501062,805,805,numeric_integer,numeric_integer
s112363501063,805,805,numeric_integer,numeric_integer
s112363501064,805,805,numeric_integer,numeric_integer
s112363501065,805,805,numeric_integer,numeric_integer
s112363501066,805,805,numeric_integer,numeric_integer
s112363501067,805,805,numeric_integer,numeric_integer
s112363501068,805,805,numeric_integer,numeric_integer
s112363501069,805,805,numeric_integer,numeric_integer
s112363501070,805,805,numeric_integer,numeric_integer
s112363501071,805,805,numeric_integer,numeric_integer
s112363501072,805,805,numeric_integer,numeric_integer
s113363501004,805,805,numeric_integer,numeric_integer
s113363501005,805,805,numeric_integer,numeric_integer
s113363501006,805,805,numeric_integer,numeric_integer
s113363501007,805,805,numeric_integer,numeric_integer
s113363501008,805,805,numeric_integer,numeric_integer
s112381301065,八勤,38130101,unparsed,school_label_encoded_fallback
s112381301066,八勤,38130101,unparsed,school_label_encoded_fallback
s112381301067,八勤,38130101,unparsed,school_label_encoded_fallback
s112381301068,八勤,38130101,unparsed,school_label_encoded_fallback
s112381301069,八勤,38130101,unparsed,school_label_encoded_fallback
s112381301070,八勤,38130101,unparsed,school_label_encoded_fallback
s112381301071,八勤,38130101,unparsed,school_label_encoded_fallback
s112381301072,八勤,38130101,unparsed,school_label_encoded_fallback
s112381301073,八勤,38130101,unparsed,school_label_encoded_fallback
s112381301075,八勤,38130101,unparsed,school_label_encoded_fallback
s112381301076,八勤,38130101,unparsed,school_label_encoded_fallback
s112381301077,八勤,38130101,unparsed,school_label_encoded_fallback
s112381301078,八勤,38130101,unparsed,school_label_encoded_fallback
s112381301079,八勤,38130101,unparsed,school_label_encoded_fallback
s112381301080,八勤,38130101,unparsed,school_label_encoded_fallback
s112381301081,八勤,38130101,unparsed,school_label_encoded_fallback
s112381301082,八勤,38130101,unparsed,school_label_encoded_fallback
s112381301083,八勤,38130101,unparsed,school_label_encoded_fallback
s112381301084,八勤,38130101,unparsed,school_label_encoded_fallback
s112381301085,八勤,38130101,unparsed,school_label_encoded_fallback
s112381301086,八勤,38130101,unparsed,school_label_encoded_fallback
s112381301087,八勤,38130101,unparsed,school_label_encoded_fallback
s112381301088,八勤,38130101,unparsed,school_label_encoded_fallback
s112381301089,八勤,38130101,unparsed,school_label_encoded_fallback
s112381301090,八勤,38130101,unparsed,school_label_encoded_fallback
s112381301091,八勤,38130101,unparsed,school_label_encoded_fallback
s112381301092,八勤,38130101,unparsed,school_label_encoded_fallback
s112381301093,八勤,38130101,unparsed,school_label_encoded_fallback
s112381301094,八勤,38130101,unparsed,school_label_encoded_fallback
s112381301095,八勤,38130101,unparsed,school_label_encoded_fallback
s112381301096,八勤,38130101,unparsed,school_label_encoded_fallback
s112381301097,八勤,38130101,unparsed,school_label_encoded_fallback
s112381301098,八勤,38130101,unparsed,school_label_encoded_fallback
s112381301099,八勤,38130101,unparsed,school_label_encoded_fallback
s112381301100,八勤,38130101,unparsed,school_label_encoded_fallback
s112381301101,八勤,38130101,unparsed,school_label_encoded_fallback
s112381301102,八勤,38130101,unparsed,school_label_encoded_fallback
s112381301103,八勤,38130101,unparsed,school_label_encoded_fallback
s112381301104,八勤,38130101,unparsed,school_label_encoded_fallback
s112381301105,八勤,38130101,unparsed,school_label_encoded_fallback
s112381301106,八勤,38130101,unparsed,school_label_encoded_fallback
s112381301107,八勤,38130101,unparsed,school_label_encoded_fallback
s112381301108,八勤,38130101,unparsed,school_label_encoded_fallback
s112381301024,八義,38130102,unparsed,school_label_encoded_fallback
s112381301026,八義,38130102,unparsed,school_label_encoded_fallback
s112381301027,八義,38130102,unparsed,school_label_encoded_fallback
s112381301028,八義,38130102,unparsed,school_label_encoded_fallback
s112381301029,八義,38130102,unparsed,school_label_encoded_fallback
s112381301030,八義,38130102,unparsed,school_label_encoded_fallback
s112381301031,八義,38130102,unparsed,school_label_encoded_fallback
s112381301032,八義,38130102,unparsed,school_label_encoded_fallback
s112381301033,八義,38130102,unparsed,school_label_encoded_fallback
s112381301034,八義,38130102,unparsed,school_label_encoded_fallback
s112381301036,八義,38130102,unparsed,school_label_encoded_fallback
s112381301037,八義,38130102,unparsed,school_label_encoded_fallback
s112381301039,八義,38130102,unparsed,school_label_encoded_fallback
s112381301040,八義,38130102,unparsed,school_label_encoded_fallback
s112381301041,八義,38130102,unparsed,school_label_encoded_fallback
s112381301042,八義,38130102,unparsed,school_label_encoded_fallback
s112381301043,八義,38130102,unparsed,school_label_encoded_fallback
s112381301044,八義,38130102,unparsed,school_label_encoded_fallback
s112381301045,八義,38130102,unparsed,school_label_encoded_fallback
s112381301046,八義,38130102,unparsed,school_label_encoded_fallback
s112381301047,八義,38130102,unparsed,school_label_encoded_fallback
s112381301049,八義,38130102,unparsed,school_label_encoded_fallback
s112381301050,八義,38130102,unparsed,school_label_encoded_fallback
s112381301051,八義,38130102,unparsed,school_label_encoded_fallback
s112381301052,八義,38130102,unparsed,school_label_encoded_fallback
s112381301053,八義,38130102,unparsed,school_label_encoded_fallback
s112381301054,八義,38130102,unparsed,school_label_encoded_fallback
s112381301055,八義,38130102,unparsed,school_label_encoded_fallback
s112381301056,八義,38130102,unparsed,school_label_encoded_fallback
s112381301057,八義,38130102,unparsed,school_label_encoded_fallback
s112381301058,八義,38130102,unparsed,school_label_encoded_fallback
s112381301059,八義,38130102,unparsed,school_label_encoded_fallback
s112381301060,八義,38130102,unparsed,school_label_encoded_fallback
s112381301061,八義,38130102,unparsed,school_label_encoded_fallback
s112381301062,八義,38130102,unparsed,school_label_encoded_fallback
s112383501024,801,801,numeric_integer,numeric_integer
s112383501026,801,801,numeric_integer,numeric_integer
s112383501027,801,801,numeric_integer,numeric_integer
s112383501028,801,801,numeric_integer,numeric_integer
s112383501029,801,801,numeric_integer,numeric_integer
s112383501030,801,801,numeric_integer,numeric_integer
s112383501031,801,801,numeric_integer,numeric_integer
s112383501032,801,801,numeric_integer,numeric_integer
s112383501033,801,801,numeric_integer,numeric_integer
s112383501034,801,801,numeric_integer,numeric_integer
s112383501035,801,801,numeric_integer,numeric_integer
s112383501036,801,801,numeric_integer,numeric_integer
s112383501037,801,801,numeric_integer,numeric_integer
s112383501038,801,801,numeric_integer,numeric_integer
s112383501039,801,801,numeric_integer,numeric_integer
s112383501040,801,801,numeric_integer,numeric_integer
s112383501041,801,801,numeric_integer,numeric_integer
s112383501042,801,801,numeric_integer,numeric_integer
s112383501043,801,801,numeric_integer,numeric_integer
s112383501044,801,801,numeric_integer,numeric_integer
s112383501045,801,801,numeric_integer,numeric_integer
s112383501046,801,801,numeric_integer,numeric_integer
s112383501047,801,801,numeric_integer,numeric_integer
s112383501048,801,801,numeric_integer,numeric_integer
s112383501049,801,801,numeric_integer,numeric_integer
s113383501003,801,801,numeric_integer,numeric_integer
s112383501052,804,804,numeric_integer,numeric_integer
s112383501053,804,804,numeric_integer,numeric_integer
s112383501054,804,804,numeric_integer,numeric_integer
s112383501055,804,804,numeric_integer,numeric_integer
s112383501056,804,804,numeric_integer,numeric_integer
s112383501058,804,804,numeric_integer,numeric_integer
s112383501059,804,804,numeric_integer,numeric_integer
s112383501060,804,804,numeric_integer,numeric_integer
s112383501062,804,804,numeric_integer,numeric_integer
s112383501063,804,804,numeric_integer,numeric_integer
s112383501064,804,804,numeric_integer,numeric_integer
s112383501065,804,804,numeric_integer,numeric_integer
s112383501067,804,804,numeric_integer,numeric_integer
s112383501068,804,804,numeric_integer,numeric_integer
s112383501069,804,804,numeric_integer,numeric_integer
s112383501070,804,804,numeric_integer,numeric_integer
s112383501071,804,804,numeric_integer,numeric_integer
s112383501072,804,804,numeric_integer,numeric_integer
s112383501073,804,804,numeric_integer,numeric_integer
s112383501074,804,804,numeric_integer,numeric_integer
s112383501075,804,804,numeric_integer,numeric_integer
s112383501076,804,804,numeric_integer,numeric_integer
s112383501077,804,804,numeric_integer,numeric_integer
s112383501078,804,804,numeric_integer,numeric_integer
s113383501004,804,804,numeric_integer,numeric_integer
s112403501024,804,804,numeric_integer,numeric_integer
s112403501025,804,804,numeric_integer,numeric_integer
s112403501026,804,804,numeric_integer,numeric_integer
s112403501027,804,804,numeric_integer,numeric_integer
s112403501029,804,804,numeric_integer,numeric_integer
s112403501030,804,804,numeric_integer,numeric_integer
s112403501031,804,804,numeric_integer,numeric_integer
s112403501033,804,804,numeric_integer,numeric_integer
s112403501034,804,804,numeric_integer,numeric_integer
s112403501035,804,804,numeric_integer,numeric_integer
s112403501036,804,804,numeric_integer,numeric_integer
s112403501037,804,804,numeric_integer,numeric_integer
s112403501038,804,804,numeric_integer,numeric_integer
s112403501039,804,804,numeric_integer,numeric_integer
s112403501040,804,804,numeric_integer,numeric_integer
s112403501041,804,804,numeric_integer,numeric_integer
s112403501042,804,804,numeric_integer,numeric_integer
s112403501043,804,804,numeric_integer,numeric_integer
s112403501044,804,804,numeric_integer,numeric_integer
s113403501003,804,804,numeric_integer,numeric_integer
s113403501004,804,804,numeric_integer,numeric_integer
s112403501048,809,809,numeric_integer,numeric_integer
s112403501049,809,809,numeric_integer,numeric_integer
s112403501050,809,809,numeric_integer,numeric_integer
s112403501052,809,809,numeric_integer,numeric_integer
s112403501053,809,809,numeric_integer,numeric_integer
s112403501054,809,809,numeric_integer,numeric_integer
s112403501055,809,809,numeric_integer,numeric_integer
s112403501056,809,809,numeric_integer,numeric_integer
s112403501057,809,809,numeric_integer,numeric_integer
s112403501058,809,809,numeric_integer,numeric_integer
s112403501059,809,809,numeric_integer,numeric_integer
s112403501060,809,809,numeric_integer,numeric_integer
s112403501061,809,809,numeric_integer,numeric_integer
s112403501062,809,809,numeric_integer,numeric_integer
s112403501063,809,809,numeric_integer,numeric_integer
s112403501064,809,809,numeric_integer,numeric_integer
s112403501065,809,809,numeric_integer,numeric_integer
s112403501067,809,809,numeric_integer,numeric_integer
s112403501068,809,809,numeric_integer,numeric_integer
s112403501069,809,809,numeric_integer,numeric_integer
s112403502024,805,805,numeric_integer,numeric_integer
s112403502025,805,805,numeric_integer,numeric_integer
s112403502026,805,805,numeric_integer,numeric_integer
s112403502027,805,805,numeric_integer,numeric_integer
s112403502028,805,805,numeric_integer,numeric_integer
s112403502029,805,805,numeric_integer,numeric_integer
s112403502030,805,805,numeric_integer,numeric_integer
s112403502032,805,805,numeric_integer,numeric_integer
s112403502033,805,805,numeric_integer,numeric_integer
s112403502034,805,805,numeric_integer,numeric_integer
s112403502035,805,805,numeric_integer,numeric_integer
s112403502036,805,805,numeric_integer,numeric_integer
s112403502037,805,805,numeric_integer,numeric_integer
s112403502038,805,805,numeric_integer,numeric_integer
s112403502040,805,805,numeric_integer,numeric_integer
s112403502041,805,805,numeric_integer,numeric_integer
s112403502042,805,805,numeric_integer,numeric_integer
s112403502043,805,805,numeric_integer,numeric_integer
s112403502044,805,805,numeric_integer,numeric_integer
s112403502046,805,805,numeric_integer,numeric_integer
s112403502047,805,805,numeric_integer,numeric_integer
s112403502048,805,805,numeric_integer,numeric_integer
s112403502049,805,805,numeric_integer,numeric_integer
s112403502050,805,805,numeric_integer,numeric_integer
s112403502051,805,805,numeric_integer,numeric_integer
s112403502055,815,815,numeric_integer,numeric_integer
s112403502056,815,815,numeric_integer,numeric_integer
s112403502057,815,815,numeric_integer,numeric_integer
s112403502058,815,815,numeric_integer,numeric_integer
s112403502059,815,815,numeric_integer,numeric_integer
s112403502060,815,815,numeric_integer,numeric_integer
s112403502061,815,815,numeric_integer,numeric_integer
s112403502062,815,815,numeric_integer,numeric_integer
s112403502063,815,815,numeric_integer,numeric_integer
s112403502064,815,815,numeric_integer,numeric_integer
s112403502065,815,815,numeric_integer,numeric_integer
s112403502066,815,815,numeric_integer,numeric_integer
s112403502068,815,815,numeric_integer,numeric_integer
s112403502069,815,815,numeric_integer,numeric_integer
s112403502070,815,815,numeric_integer,numeric_integer
s112403502071,815,815,numeric_integer,numeric_integer
s112403502072,815,815,numeric_integer,numeric_integer
s112403502073,815,815,numeric_integer,numeric_integer
s112403502074,815,815,numeric_integer,numeric_integer
s112403502075,815,815,numeric_integer,numeric_integer
s112403502076,815,815,numeric_integer,numeric_integer
s112403502077,815,815,numeric_integer,numeric_integer
s112403502078,815,815,numeric_integer,numeric_integer
s112403502079,815,815,numeric_integer,numeric_integer
s112403502080,815,815,numeric_integer,numeric_integer
s112403502081,815,815,numeric_integer,numeric_integer
s112403502082,815,815,numeric_integer,numeric_integer
s112403502083,815,815,numeric_integer,numeric_integer
s112403502084,815,815,numeric_integer,numeric_integer
s112411303024,國二乙,202,nation_grade_class_pattern,nation_grade_class_pattern
s112411303025,國二乙,202,nation_grade_class_pattern,nation_grade_class_pattern
s112411303026,國二乙,202,nation_grade_class_pattern,nation_grade_class_pattern
s112411303027,國二乙,202,nation_grade_class_pattern,nation_grade_class_pattern
s112411303028,國二乙,202,nation_grade_class_pattern,nation_grade_class_pattern
s112411303029,國二乙,202,nation_grade_class_pattern,nation_grade_class_pattern
s112411303030,國二乙,202,nation_grade_class_pattern,nation_grade_class_pattern
s112411303031,國二乙,202,nation_grade_class_pattern,nation_grade_class_pattern
s112411303032,國二乙,202,nation_grade_class_pattern,nation_grade_class_pattern
s112411303033,國二乙,202,nation_grade_class_pattern,nation_grade_class_pattern
s112411303034,國二乙,202,nation_grade_class_pattern,nation_grade_class_pattern
s112411303035,國二乙,202,nation_grade_class_pattern,nation_grade_class_pattern
s112411303036,國二乙,202,nation_grade_class_pattern,nation_grade_class_pattern
s112411303037,國二乙,202,nation_grade_class_pattern,nation_grade_class_pattern
s112411303039,國二乙,202,nation_grade_class_pattern,nation_grade_class_pattern
s112411303040,國二乙,202,nation_grade_class_pattern,nation_grade_class_pattern
s112411303041,國二乙,202,nation_grade_class_pattern,nation_grade_class_pattern
s112411303042,國二乙,202,nation_grade_class_pattern,nation_grade_class_pattern
s112411303043,國二乙,202,nation_grade_class_pattern,nation_grade_class_pattern
s112411303044,國二乙,202,nation_grade_class_pattern,nation_grade_class_pattern
s112411303045,國二乙,202,nation_grade_class_pattern,nation_grade_class_pattern
s112411303046,國二乙,202,nation_grade_class_pattern,nation_grade_class_pattern
s112411303047,國二乙,202,nation_grade_class_pattern,nation_grade_class_pattern
s112411303048,國二乙,202,nation_grade_class_pattern,nation_grade_class_pattern
s112411303049,國二乙,202,nation_grade_class_pattern,nation_grade_class_pattern
s112411303050,國二乙,202,nation_grade_class_pattern,nation_grade_class_pattern
s112411303051,國二乙,202,nation_grade_class_pattern,nation_grade_class_pattern
s112411303052,國二乙,202,nation_grade_class_pattern,nation_grade_class_pattern
s112411303053,國二乙,202,nation_grade_class_pattern,nation_grade_class_pattern
s112411303054,國二乙,202,nation_grade_class_pattern,nation_grade_class_pattern
s112411303055,國二乙,202,nation_grade_class_pattern,nation_grade_class_pattern
s112411303056,國二乙,202,nation_grade_class_pattern,nation_grade_class_pattern
s112411303057,國二乙,202,nation_grade_class_pattern,nation_grade_class_pattern
s112411303058,國二乙,202,nation_grade_class_pattern,nation_grade_class_pattern
s112411303059,國二乙,202,nation_grade_class_pattern,nation_grade_class_pattern
s112411303060,國二乙,202,nation_grade_class_pattern,nation_grade_class_pattern
s112411303061,國二乙,202,nation_grade_class_pattern,nation_grade_class_pattern
s112411303062,國二乙,202,nation_grade_class_pattern,nation_grade_class_pattern
s112411303063,國二乙,202,nation_grade_class_pattern,nation_grade_class_pattern
s112411303064,國二乙,202,nation_grade_class_pattern,nation_grade_class_pattern
s112411303065,國二乙,202,nation_grade_class_pattern,nation_grade_class_pattern
s112411303066,國二乙,202,nation_grade_class_pattern,nation_grade_class_pattern
s112411303067,國二乙,202,nation_grade_class_pattern,nation_grade_class_pattern
s112411303071,國二己,206,nation_grade_class_pattern,nation_grade_class_pattern
s112411303073,國二己,206,nation_grade_class_pattern,nation_grade_class_pattern
s112411303074,國二己,206,nation_grade_class_pattern,nation_grade_class_pattern
s112411303076,國二己,206,nation_grade_class_pattern,nation_grade_class_pattern
s112411303077,國二己,206,nation_grade_class_pattern,nation_grade_class_pattern
s112411303078,國二己,206,nation_grade_class_pattern,nation_grade_class_pattern
s112411303079,國二己,206,nation_grade_class_pattern,nation_grade_class_pattern
s112411303080,國二己,206,nation_grade_class_pattern,nation_grade_class_pattern
s112411303081,國二己,206,nation_grade_class_pattern,nation_grade_class_pattern
s112411303082,國二己,206,nation_grade_class_pattern,nation_grade_class_pattern
s112411303083,國二己,206,nation_grade_class_pattern,nation_grade_class_pattern
s112411303087,國二己,206,nation_grade_class_pattern,nation_grade_class_pattern
s112411303088,國二己,206,nation_grade_class_pattern,nation_grade_class_pattern
s112411303089,國二己,206,nation_grade_class_pattern,nation_grade_class_pattern
s112411303090,國二己,206,nation_grade_class_pattern,nation_grade_class_pattern
s112411303091,國二己,206,nation_grade_class_pattern,nation_grade_class_pattern
s112411303093,國二己,206,nation_grade_class_pattern,nation_grade_class_pattern
s112411303094,國二己,206,nation_grade_class_pattern,nation_grade_class_pattern
s112411303095,國二己,206,nation_grade_class_pattern,nation_grade_class_pattern
s112411303096,國二己,206,nation_grade_class_pattern,nation_grade_class_pattern
s112411303097,國二己,206,nation_grade_class_pattern,nation_grade_class_pattern
s112411303098,國二己,206,nation_grade_class_pattern,nation_grade_class_pattern
s112411303101,國二己,206,nation_grade_class_pattern,nation_grade_class_pattern
s112411303102,國二己,206,nation_grade_class_pattern,nation_grade_class_pattern
s112411303103,國二己,206,nation_grade_class_pattern,nation_grade_class_pattern
s112411303104,國二己,206,nation_grade_class_pattern,nation_grade_class_pattern
s112411303105,國二己,206,nation_grade_class_pattern,nation_grade_class_pattern
s112411303106,國二己,206,nation_grade_class_pattern,nation_grade_class_pattern
s112411303108,國二己,206,nation_grade_class_pattern,nation_grade_class_pattern
s112411303109,國二己,206,nation_grade_class_pattern,nation_grade_class_pattern
s112411303110,國二己,206,nation_grade_class_pattern,nation_grade_class_pattern
s112411303111,國二己,206,nation_grade_class_pattern,nation_grade_class_pattern
s112411303112,國二己,206,nation_grade_class_pattern,nation_grade_class_pattern
s113411303003,國二己,206,nation_grade_class_pattern,nation_grade_class_pattern
s113411303004,國二己,206,nation_grade_class_pattern,nation_grade_class_pattern
s112413301024,802,802,numeric_integer,numeric_integer
s112413301025,802,802,numeric_integer,numeric_integer
s112413301026,802,802,numeric_integer,numeric_integer
s112413301027,802,802,numeric_integer,numeric_integer
s112413301028,802,802,numeric_integer,numeric_integer
s112413301029,802,802,numeric_integer,numeric_integer
s112413301030,802,802,numeric_integer,numeric_integer
s112413301031,802,802,numeric_integer,numeric_integer
s112413301032,802,802,numeric_integer,numeric_integer
s112413301033,802,802,numeric_integer,numeric_integer
s112413301034,802,802,numeric_integer,numeric_integer
s112413301036,802,802,numeric_integer,numeric_integer
s112413301037,802,802,numeric_integer,numeric_integer
s112413301038,802,802,numeric_integer,numeric_integer
s112413301039,802,802,numeric_integer,numeric_integer
s112413301040,802,802,numeric_integer,numeric_integer
s112413301041,802,802,numeric_integer,numeric_integer
s112413301042,802,802,numeric_integer,numeric_integer
s112413301043,802,802,numeric_integer,numeric_integer
s112413301044,802,802,numeric_integer,numeric_integer
s112413301045,802,802,numeric_integer,numeric_integer
s112413301046,802,802,numeric_integer,numeric_integer
s112413301047,802,802,numeric_integer,numeric_integer
s112413301048,802,802,numeric_integer,numeric_integer
s112413301049,802,802,numeric_integer,numeric_integer
s112413301050,802,802,numeric_integer,numeric_integer
s112413301051,802,802,numeric_integer,numeric_integer
s112413301054,804,804,numeric_integer,numeric_integer
s112413301055,804,804,numeric_integer,numeric_integer
s112413301056,804,804,numeric_integer,numeric_integer
s112413301057,804,804,numeric_integer,numeric_integer
s112413301058,804,804,numeric_integer,numeric_integer
s112413301059,804,804,numeric_integer,numeric_integer
s112413301060,804,804,numeric_integer,numeric_integer
s112413301061,804,804,numeric_integer,numeric_integer
s112413301062,804,804,numeric_integer,numeric_integer
s112413301063,804,804,numeric_integer,numeric_integer
s112413301064,804,804,numeric_integer,numeric_integer
s112413301066,804,804,numeric_integer,numeric_integer
s112413301067,804,804,numeric_integer,numeric_integer
s112413301068,804,804,numeric_integer,numeric_integer
s112413301069,804,804,numeric_integer,numeric_integer
s112413301070,804,804,numeric_integer,numeric_integer
s112413301071,804,804,numeric_integer,numeric_integer
s112413301073,804,804,numeric_integer,numeric_integer
s112413301074,804,804,numeric_integer,numeric_integer
s112413301075,804,804,numeric_integer,numeric_integer
s112413301076,804,804,numeric_integer,numeric_integer
s112413301077,804,804,numeric_integer,numeric_integer
s112413301078,804,804,numeric_integer,numeric_integer
s112413301079,804,804,numeric_integer,numeric_integer
s112413301080,804,804,numeric_integer,numeric_integer
s112413301081,804,804,numeric_integer,numeric_integer
s112413301082,804,804,numeric_integer,numeric_integer
s113413301003,804,804,numeric_integer,numeric_integer
s112413302024,802,802,numeric_integer,numeric_integer
s112413302025,802,802,numeric_integer,numeric_integer
s112413302026,802,802,numeric_integer,numeric_integer
s112413302027,802,802,numeric_integer,numeric_integer
s112413302028,802,802,numeric_integer,numeric_integer
s112413302029,802,802,numeric_integer,numeric_integer
s112413302030,802,802,numeric_integer,numeric_integer
s112413302031,802,802,numeric_integer,numeric_integer
s112413302032,802,802,numeric_integer,numeric_integer
s112413302033,802,802,numeric_integer,numeric_integer
s112413302034,802,802,numeric_integer,numeric_integer
s112413302035,802,802,numeric_integer,numeric_integer
s112413302036,802,802,numeric_integer,numeric_integer
s112413302037,802,802,numeric_integer,numeric_integer
s112413302038,802,802,numeric_integer,numeric_integer
s112413302039,802,802,numeric_integer,numeric_integer
s112413302040,802,802,numeric_integer,numeric_integer
s112413302041,802,802,numeric_integer,numeric_integer
s112413302042,802,802,numeric_integer,numeric_integer
s112413302043,802,802,numeric_integer,numeric_integer
s112413302044,802,802,numeric_integer,numeric_integer
s112413302045,802,802,numeric_integer,numeric_integer
s112413302047,802,802,numeric_integer,numeric_integer
s112413302048,802,802,numeric_integer,numeric_integer
s112413302049,802,802,numeric_integer,numeric_integer
s113413302003,802,802,numeric_integer,numeric_integer
s113413302004,802,802,numeric_integer,numeric_integer
s112413302052,806,806,numeric_integer,numeric_integer
s112413302053,806,806,numeric_integer,numeric_integer
s112413302054,806,806,numeric_integer,numeric_integer
s112413302055,806,806,numeric_integer,numeric_integer
s112413302056,806,806,numeric_integer,numeric_integer
s112413302057,806,806,numeric_integer,numeric_integer
s112413302058,806,806,numeric_integer,numeric_integer
s112413302059,806,806,numeric_integer,numeric_integer
s112413302060,806,806,numeric_integer,numeric_integer
s112413302061,806,806,numeric_integer,numeric_integer
s112413302062,806,806,numeric_integer,numeric_integer
s112413302063,806,806,numeric_integer,numeric_integer
s112413302064,806,806,numeric_integer,numeric_integer
s112413302066,806,806,numeric_integer,numeric_integer
s112413302067,806,806,numeric_integer,numeric_integer
s112413302068,806,806,numeric_integer,numeric_integer
s112413302069,806,806,numeric_integer,numeric_integer
s112413302070,806,806,numeric_integer,numeric_integer
s112413302072,806,806,numeric_integer,numeric_integer
s112413302073,806,806,numeric_integer,numeric_integer
s112413302074,806,806,numeric_integer,numeric_integer
s112413302075,806,806,numeric_integer,numeric_integer
s112413302076,806,806,numeric_integer,numeric_integer
s112413508024,808,808,numeric_integer,numeric_integer
s112413508025,808,808,numeric_integer,numeric_integer
s112413508026,808,808,numeric_integer,numeric_integer
s112413508027,808,808,numeric_integer,numeric_integer
s112413508028,808,808,numeric_integer,numeric_integer
s112413508029,808,808,numeric_integer,numeric_integer
s112413508030,808,808,numeric_integer,numeric_integer
s112413508031,808,808,numeric_integer,numeric_integer
s112413508032,808,808,numeric_integer,numeric_integer
s112413508033,808,808,numeric_integer,numeric_integer
s112413508034,808,808,numeric_integer,numeric_integer
s112413508036,808,808,numeric_integer,numeric_integer
s112413508037,808,808,numeric_integer,numeric_integer
s112413508038,808,808,numeric_integer,numeric_integer
s112413508039,808,808,numeric_integer,numeric_integer
s112413508040,808,808,numeric_integer,numeric_integer
s112413508041,808,808,numeric_integer,numeric_integer
s112413508042,808,808,numeric_integer,numeric_integer
s112413508043,808,808,numeric_integer,numeric_integer
s112413508044,808,808,numeric_integer,numeric_integer
s112413508045,808,808,numeric_integer,numeric_integer
s112413508046,808,808,numeric_integer,numeric_integer
s112413508047,808,808,numeric_integer,numeric_integer
s112413508048,808,808,numeric_integer,numeric_integer
s113413508003,808,808,numeric_integer,numeric_integer
s112413508052,817,817,numeric_integer,numeric_integer
s112413508053,817,817,numeric_integer,numeric_integer
s112413508054,817,817,numeric_integer,numeric_integer
s112413508055,817,817,numeric_integer,numeric_integer
s112413508056,817,817,numeric_integer,numeric_integer
s112413508057,817,817,numeric_integer,numeric_integer
s112413508058,817,817,numeric_integer,numeric_integer
s112413508059,817,817,numeric_integer,numeric_integer
s112413508060,817,817,numeric_integer,numeric_integer
s112413508062,817,817,numeric_integer,numeric_integer
s112413508063,817,817,numeric_integer,numeric_integer
s112413508064,817,817,numeric_integer,numeric_integer
s112413508065,817,817,numeric_integer,numeric_integer
s112413508067,817,817,numeric_integer,numeric_integer
s112413508068,817,817,numeric_integer,numeric_integer
s112413508069,817,817,numeric_integer,numeric_integer
s112413508070,817,817,numeric_integer,numeric_integer
s112413508071,817,817,numeric_integer,numeric_integer
s112413508072,817,817,numeric_integer,numeric_integer
s112413508073,817,817,numeric_integer,numeric_integer
s112413508074,817,817,numeric_integer,numeric_integer
s113413508004,817,817,numeric_integer,numeric_integer
s113413508005,817,817,numeric_integer,numeric_integer
s112421302024,801,801,numeric_integer,numeric_integer
s112421302025,801,801,numeric_integer,numeric_integer
s112421302026,801,801,numeric_integer,numeric_integer
s112421302027,801,801,numeric_integer,numeric_integer
s112421302028,801,801,numeric_integer,numeric_integer
s112421302029,801,801,numeric_integer,numeric_integer
s112421302030,801,801,numeric_integer,numeric_integer
s112421302031,801,801,numeric_integer,numeric_integer
s112421302032,801,801,numeric_integer,numeric_integer
s112421302033,801,801,numeric_integer,numeric_integer
s112421302034,801,801,numeric_integer,numeric_integer
s112421302035,801,801,numeric_integer,numeric_integer
s112421302036,801,801,numeric_integer,numeric_integer
s112421302037,801,801,numeric_integer,numeric_integer
s112421302038,801,801,numeric_integer,numeric_integer
s112421302039,801,801,numeric_integer,numeric_integer
s112421302040,801,801,numeric_integer,numeric_integer
s112421302041,801,801,numeric_integer,numeric_integer
s112421302042,801,801,numeric_integer,numeric_integer
s112421302043,801,801,numeric_integer,numeric_integer
s112421302044,801,801,numeric_integer,numeric_integer
s112421302046,801,801,numeric_integer,numeric_integer
s112421302047,801,801,numeric_integer,numeric_integer
s112421302048,801,801,numeric_integer,numeric_integer
s112421302049,801,801,numeric_integer,numeric_integer
s112421302050,801,801,numeric_integer,numeric_integer
s112421302051,801,801,numeric_integer,numeric_integer
s112421302052,801,801,numeric_integer,numeric_integer
s112421302054,801,801,numeric_integer,numeric_integer
s112421302055,801,801,numeric_integer,numeric_integer
s112421302056,801,801,numeric_integer,numeric_integer
s112421302059,803,803,numeric_integer,numeric_integer
s112421302060,803,803,numeric_integer,numeric_integer
s112421302061,803,803,numeric_integer,numeric_integer
s112421302062,803,803,numeric_integer,numeric_integer
s112421302063,803,803,numeric_integer,numeric_integer
s112421302064,803,803,numeric_integer,numeric_integer
s112421302065,803,803,numeric_integer,numeric_integer
s112421302066,803,803,numeric_integer,numeric_integer
s112421302067,803,803,numeric_integer,numeric_integer
s112421302070,803,803,numeric_integer,numeric_integer
s112421302071,803,803,numeric_integer,numeric_integer
s112421302072,803,803,numeric_integer,numeric_integer
s112421302073,803,803,numeric_integer,numeric_integer
s112421302076,803,803,numeric_integer,numeric_integer
s112421302077,803,803,numeric_integer,numeric_integer
s112421302078,803,803,numeric_integer,numeric_integer
s112421302079,803,803,numeric_integer,numeric_integer
s112421302080,803,803,numeric_integer,numeric_integer
s112421302082,803,803,numeric_integer,numeric_integer
s112421302083,803,803,numeric_integer,numeric_integer
s112421302084,803,803,numeric_integer,numeric_integer
s112421302085,803,803,numeric_integer,numeric_integer
s112421302086,803,803,numeric_integer,numeric_integer
s112421302087,803,803,numeric_integer,numeric_integer
s112421302088,803,803,numeric_integer,numeric_integer
s112421302090,803,803,numeric_integer,numeric_integer
s113421302003,803,803,numeric_integer,numeric_integer
s112423505024,813,813,numeric_integer,numeric_integer
s112423505025,813,813,numeric_integer,numeric_integer
s112423505026,813,813,numeric_integer,numeric_integer
s112423505027,813,813,numeric_integer,numeric_integer
s112423505028,813,813,numeric_integer,numeric_integer
s112423505029,813,813,numeric_integer,numeric_integer
s112423505030,813,813,numeric_integer,numeric_integer
s112423505031,813,813,numeric_integer,numeric_integer
s112423505032,813,813,numeric_integer,numeric_integer
s112423505033,813,813,numeric_integer,numeric_integer
s112423505034,813,813,numeric_integer,numeric_integer
s112423505035,813,813,numeric_integer,numeric_integer
s112423505036,813,813,numeric_integer,numeric_integer
s112423505037,813,813,numeric_integer,numeric_integer
s112423505038,813,813,numeric_integer,numeric_integer
s112423505039,813,813,numeric_integer,numeric_integer
s112423505040,813,813,numeric_integer,numeric_integer
s112423505041,813,813,numeric_integer,numeric_integer
s112423505042,813,813,numeric_integer,numeric_integer
s112423505043,813,813,numeric_integer,numeric_integer
s112423505044,813,813,numeric_integer,numeric_integer
s112423505045,813,813,numeric_integer,numeric_integer
s112423505046,813,813,numeric_integer,numeric_integer
s112423505047,813,813,numeric_integer,numeric_integer
s112423505048,813,813,numeric_integer,numeric_integer
s112423505049,813,813,numeric_integer,numeric_integer
s112423505050,813,813,numeric_integer,numeric_integer
s112423505051,813,813,numeric_integer,numeric_integer
s112423505052,813,813,numeric_integer,numeric_integer
s112423505053,813,813,numeric_integer,numeric_integer
s112423505056,826,826,numeric_integer,numeric_integer
s112423505057,826,826,numeric_integer,numeric_integer
s112423505058,826,826,numeric_integer,numeric_integer
s112423505059,826,826,numeric_integer,numeric_integer
s112423505060,826,826,numeric_integer,numeric_integer
s112423505061,826,826,numeric_integer,numeric_integer
s112423505063,826,826,numeric_integer,numeric_integer
s112423505064,826,826,numeric_integer,numeric_integer
s112423505065,826,826,numeric_integer,numeric_integer
s112423505067,826,826,numeric_integer,numeric_integer
s112423505068,826,826,numeric_integer,numeric_integer
s112423505069,826,826,numeric_integer,numeric_integer
s112423505070,826,826,numeric_integer,numeric_integer
s112423505071,826,826,numeric_integer,numeric_integer
s112423505072,826,826,numeric_integer,numeric_integer
s112423505073,826,826,numeric_integer,numeric_integer
s112423505074,826,826,numeric_integer,numeric_integer
s112423505075,826,826,numeric_integer,numeric_integer
s112423505076,826,826,numeric_integer,numeric_integer
s112423505077,826,826,numeric_integer,numeric_integer
s112423505078,826,826,numeric_integer,numeric_integer
s112423505079,826,826,numeric_integer,numeric_integer
s112423505081,826,826,numeric_integer,numeric_integer
s112423505082,826,826,numeric_integer,numeric_integer
s112423505083,826,826,numeric_integer,numeric_integer
s112423505084,826,826,numeric_integer,numeric_integer
s112533503024,801,801,numeric_integer,numeric_integer
s112533503025,801,801,numeric_integer,numeric_integer
s112533503026,801,801,numeric_integer,numeric_integer
s112533503027,801,801,numeric_integer,numeric_integer
s112533503028,801,801,numeric_integer,numeric_integer
s112533503029,801,801,numeric_integer,numeric_integer
s112533503031,801,801,numeric_integer,numeric_integer
s112533503032,801,801,numeric_integer,numeric_integer
s112533503033,801,801,numeric_integer,numeric_integer
s112533503034,801,801,numeric_integer,numeric_integer
s112533503036,801,801,numeric_integer,numeric_integer
s112533503037,801,801,numeric_integer,numeric_integer
s112533503038,801,801,numeric_integer,numeric_integer
s113533503003,801,801,numeric_integer,numeric_integer
s113533503004,801,801,numeric_integer,numeric_integer
s112533503042,802,802,numeric_integer,numeric_integer
s112533503043,802,802,numeric_integer,numeric_integer
s112533503044,802,802,numeric_integer,numeric_integer
s112533503045,802,802,numeric_integer,numeric_integer
s112533503046,802,802,numeric_integer,numeric_integer
s112533503047,802,802,numeric_integer,numeric_integer
s112533503048,802,802,numeric_integer,numeric_integer
s112533503049,802,802,numeric_integer,numeric_integer
s112533503050,802,802,numeric_integer,numeric_integer
s112533503051,802,802,numeric_integer,numeric_integer
s112533503052,802,802,numeric_integer,numeric_integer
s112533503053,802,802,numeric_integer,numeric_integer
s112533503054,802,802,numeric_integer,numeric_integer
s112533503055,802,802,numeric_integer,numeric_integer
s112533503056,802,802,numeric_integer,numeric_integer
s112533503057,802,802,numeric_integer,numeric_integer
s112533504024,201,201,numeric_integer,numeric_integer
s112533504025,201,201,numeric_integer,numeric_integer
s112533504026,201,201,numeric_integer,numeric_integer
s112533504027,201,201,numeric_integer,numeric_integer
s112533504028,201,201,numeric_integer,numeric_integer
s112533504029,201,201,numeric_integer,numeric_integer
s112533504032,201,201,numeric_integer,numeric_integer
s112533504033,201,201,numeric_integer,numeric_integer
s112533504034,201,201,numeric_integer,numeric_integer
s112533504035,201,201,numeric_integer,numeric_integer
s112533504036,201,201,numeric_integer,numeric_integer
s112533504038,201,201,numeric_integer,numeric_integer
s112533504039,201,201,numeric_integer,numeric_integer
s112533504040,201,201,numeric_integer,numeric_integer
s112533504041,201,201,numeric_integer,numeric_integer
s112533504042,201,201,numeric_integer,numeric_integer
s112533504043,201,201,numeric_integer,numeric_integer
s112533504044,201,201,numeric_integer,numeric_integer
s112533504045,201,201,numeric_integer,numeric_integer
s112533504046,201,201,numeric_integer,numeric_integer
s112533504047,201,201,numeric_integer,numeric_integer
s112533504048,201,201,numeric_integer,numeric_integer
s112533504049,201,201,numeric_integer,numeric_integer
s112533504050,201,201,numeric_integer,numeric_integer
s112533504051,201,201,numeric_integer,numeric_integer
s112533504052,201,201,numeric_integer,numeric_integer
s113533504003,201,201,numeric_integer,numeric_integer
s112533504055,209,209,numeric_integer,numeric_integer
s112533504056,209,209,numeric_integer,numeric_integer
s112533504057,209,209,numeric_integer,numeric_integer
s112533504058,209,209,numeric_integer,numeric_integer
s112533504059,209,209,numeric_integer,numeric_integer
s112533504060,209,209,numeric_integer,numeric_integer
s112533504061,209,209,numeric_integer,numeric_integer
s112533504062,209,209,numeric_integer,numeric_integer
s112533504063,209,209,numeric_integer,numeric_integer
s112533504064,209,209,numeric_integer,numeric_integer
s112533504065,209,209,numeric_integer,numeric_integer
s112533504066,209,209,numeric_integer,numeric_integer
s112533504067,209,209,numeric_integer,numeric_integer
s112533504068,209,209,numeric_integer,numeric_integer
s112533504069,209,209,numeric_integer,numeric_integer
s112533504070,209,209,numeric_integer,numeric_integer
s112533504071,209,209,numeric_integer,numeric_integer
s112533504072,209,209,numeric_integer,numeric_integer
s112533504073,209,209,numeric_integer,numeric_integer
s112533504074,209,209,numeric_integer,numeric_integer
s112533504075,209,209,numeric_integer,numeric_integer
s112533504076,209,209,numeric_integer,numeric_integer
s112533504077,209,209,numeric_integer,numeric_integer
s112533504078,209,209,numeric_integer,numeric_integer
s112533504079,209,209,numeric_integer,numeric_integer
s112533504080,209,209,numeric_integer,numeric_integer
s112533504081,209,209,numeric_integer,numeric_integer
s112533504083,209,209,numeric_integer,numeric_integer
s112533506024,202,202,numeric_integer,numeric_integer
s112533506025,202,202,numeric_integer,numeric_integer
s112533506026,202,202,numeric_integer,numeric_integer
s112533506027,202,202,numeric_integer,numeric_integer
s112533506028,202,202,numeric_integer,numeric_integer
s112533506029,202,202,numeric_integer,numeric_integer
s112533506030,202,202,numeric_integer,numeric_integer
s112533506031,202,202,numeric_integer,numeric_integer
s112533506032,202,202,numeric_integer,numeric_integer
s112533506033,202,202,numeric_integer,numeric_integer
s112533506034,202,202,numeric_integer,numeric_integer
s112533506036,202,202,numeric_integer,numeric_integer
s112533506037,202,202,numeric_integer,numeric_integer
s112533506038,202,202,numeric_integer,numeric_integer
s112533506039,202,202,numeric_integer,numeric_integer
s112533506040,202,202,numeric_integer,numeric_integer
s112533506041,202,202,numeric_integer,numeric_integer
s112533506042,202,202,numeric_integer,numeric_integer
s112533506045,202,202,numeric_integer,numeric_integer
s112533506046,202,202,numeric_integer,numeric_integer
s112533506047,202,202,numeric_integer,numeric_integer
s112533506048,202,202,numeric_integer,numeric_integer
s112533506049,202,202,numeric_integer,numeric_integer
s113533506003,202,202,numeric_integer,numeric_integer
s112533506052,206,206,numeric_integer,numeric_integer
s112533506053,206,206,numeric_integer,numeric_integer
s112533506054,206,206,numeric_integer,numeric_integer
s112533506055,206,206,numeric_integer,numeric_integer
s112533506056,206,206,numeric_integer,numeric_integer
s112533506057,206,206,numeric_integer,numeric_integer
s112533506058,206,206,numeric_integer,numeric_integer
s112533506059,206,206,numeric_integer,numeric_integer
s112533506060,206,206,numeric_integer,numeric_integer
s112533506061,206,206,numeric_integer,numeric_integer
s112533506062,206,206,numeric_integer,numeric_integer
s112533506063,206,206,numeric_integer,numeric_integer
s112533506064,206,206,numeric_integer,numeric_integer
s112533506065,206,206,numeric_integer,numeric_integer
s112533506066,206,206,numeric_integer,numeric_integer
s112533506067,206,206,numeric_integer,numeric_integer
s112533506068,206,206,numeric_integer,numeric_integer
s112533506069,206,206,numeric_integer,numeric_integer
s112533506070,206,206,numeric_integer,numeric_integer
s112533506071,206,206,numeric_integer,numeric_integer
s112533506072,206,206,numeric_integer,numeric_integer
s112533506073,206,206,numeric_integer,numeric_integer
s112533506074,206,206,numeric_integer,numeric_integer
s112533506076,206,206,numeric_integer,numeric_integer
s112533506077,206,206,numeric_integer,numeric_integer
s112533506078,206,206,numeric_integer,numeric_integer
s112540301024,201,201,numeric_integer,numeric_integer
s112540301025,201,201,numeric_integer,numeric_integer
s112540301026,201,201,numeric_integer,numeric_integer
s112540301027,201,201,numeric_integer,numeric_integer
s112540301028,201,201,numeric_integer,numeric_integer
s112540301029,201,201,numeric_integer,numeric_integer
s112540301030,201,201,numeric_integer,numeric_integer
s112540301031,201,201,numeric_integer,numeric_integer
s112540301032,201,201,numeric_integer,numeric_integer
s112540301033,201,201,numeric_integer,numeric_integer
s112540301034,201,201,numeric_integer,numeric_integer
s112540301035,201,201,numeric_integer,numeric_integer
s112540301036,201,201,numeric_integer,numeric_integer
s112540301037,201,201,numeric_integer,numeric_integer
s112540301038,201,201,numeric_integer,numeric_integer
s112540301039,201,201,numeric_integer,numeric_integer
s112540301041,201,201,numeric_integer,numeric_integer
s112540301042,201,201,numeric_integer,numeric_integer
s112540301043,201,201,numeric_integer,numeric_integer
s112540301044,201,201,numeric_integer,numeric_integer
s112540301045,201,201,numeric_integer,numeric_integer
s112540301046,201,201,numeric_integer,numeric_integer
s112540301047,201,201,numeric_integer,numeric_integer
s112540301048,201,201,numeric_integer,numeric_integer
s112540301049,201,201,numeric_integer,numeric_integer
s112540301050,201,201,numeric_integer,numeric_integer
s112540301052,201,201,numeric_integer,numeric_integer
s112540301056,203,203,numeric_integer,numeric_integer
s112540301057,203,203,numeric_integer,numeric_integer
s112540301058,203,203,numeric_integer,numeric_integer
s112540301059,203,203,numeric_integer,numeric_integer
s112540301060,203,203,numeric_integer,numeric_integer
s112540301061,203,203,numeric_integer,numeric_integer
s112540301062,203,203,numeric_integer,numeric_integer
s112540301063,203,203,numeric_integer,numeric_integer
s112540301064,203,203,numeric_integer,numeric_integer
s112540301065,203,203,numeric_integer,numeric_integer
s112540301066,203,203,numeric_integer,numeric_integer
s112540301067,203,203,numeric_integer,numeric_integer
s112540301068,203,203,numeric_integer,numeric_integer
s112540301069,203,203,numeric_integer,numeric_integer
s112540301070,203,203,numeric_integer,numeric_integer
s112540301071,203,203,numeric_integer,numeric_integer
s112540301073,203,203,numeric_integer,numeric_integer
s112540301074,203,203,numeric_integer,numeric_integer
s112540301075,203,203,numeric_integer,numeric_integer
s112540301076,203,203,numeric_integer,numeric_integer
s112540301078,203,203,numeric_integer,numeric_integer
s112540301079,203,203,numeric_integer,numeric_integer
s112540301080,203,203,numeric_integer,numeric_integer
s112540301081,203,203,numeric_integer,numeric_integer
s112540301082,203,203,numeric_integer,numeric_integer
s112540301083,203,203,numeric_integer,numeric_integer
s112540301084,203,203,numeric_integer,numeric_integer
s112540301085,203,203,numeric_integer,numeric_integer
s112543501024,203,203,numeric_integer,numeric_integer
s112543501025,203,203,numeric_integer,numeric_integer
s112543501026,203,203,numeric_integer,numeric_integer
s112543501027,203,203,numeric_integer,numeric_integer
s112543501028,203,203,numeric_integer,numeric_integer
s112543501029,203,203,numeric_integer,numeric_integer
s112543501030,203,203,numeric_integer,numeric_integer
s112543501031,203,203,numeric_integer,numeric_integer
s112543501032,203,203,numeric_integer,numeric_integer
s112543501033,203,203,numeric_integer,numeric_integer
s112543501034,203,203,numeric_integer,numeric_integer
s112543501035,203,203,numeric_integer,numeric_integer
s112543501036,203,203,numeric_integer,numeric_integer
s112543501037,203,203,numeric_integer,numeric_integer
s112543501038,203,203,numeric_integer,numeric_integer
s112543501039,203,203,numeric_integer,numeric_integer
s112543501040,203,203,numeric_integer,numeric_integer
s112543501041,203,203,numeric_integer,numeric_integer
s112543501042,203,203,numeric_integer,numeric_integer
s112543501043,203,203,numeric_integer,numeric_integer
s112543501044,203,203,numeric_integer,numeric_integer
s112543501046,203,203,numeric_integer,numeric_integer
s112543501047,203,203,numeric_integer,numeric_integer
s112543501048,203,203,numeric_integer,numeric_integer
s112543501049,203,203,numeric_integer,numeric_integer
s112543501050,203,203,numeric_integer,numeric_integer
s112543501051,203,203,numeric_integer,numeric_integer
s112543501052,203,203,numeric_integer,numeric_integer
s112543501055,213,213,numeric_integer,numeric_integer
s112543501056,213,213,numeric_integer,numeric_integer
s112543501057,213,213,numeric_integer,numeric_integer
s112543501058,213,213,numeric_integer,numeric_integer
s112543501059,213,213,numeric_integer,numeric_integer
s112543501060,213,213,numeric_integer,numeric_integer
s112543501061,213,213,numeric_integer,numeric_integer
s112543501062,213,213,numeric_integer,numeric_integer
s112543501063,213,213,numeric_integer,numeric_integer
s112543501064,213,213,numeric_integer,numeric_integer
s112543501065,213,213,numeric_integer,numeric_integer
s112543501066,213,213,numeric_integer,numeric_integer
s112543501067,213,213,numeric_integer,numeric_integer
s112543501068,213,213,numeric_integer,numeric_integer
s112543501069,213,213,numeric_integer,numeric_integer
s112543501070,213,213,numeric_integer,numeric_integer
s112543501071,213,213,numeric_integer,numeric_integer
s112543501072,213,213,numeric_integer,numeric_integer
s112543501073,213,213,numeric_integer,numeric_integer
s112543501074,213,213,numeric_integer,numeric_integer
s112543501075,213,213,numeric_integer,numeric_integer
s112543501076,213,213,numeric_integer,numeric_integer
s112543501077,213,213,numeric_integer,numeric_integer
s112543501078,213,213,numeric_integer,numeric_integer
s112543501079,213,213,numeric_integer,numeric_integer
s112543501080,213,213,numeric_integer,numeric_integer
s112543501081,213,213,numeric_integer,numeric_integer
s112543501082,213,213,numeric_integer,numeric_integer
s112543501083,213,213,numeric_integer,numeric_integer
s112551301024,國中201,201,generic_trailing_digits,generic_trailing_digits
s112551301025,國中201,201,generic_trailing_digits,generic_trailing_digits
s112551301026,國中201,201,generic_trailing_digits,generic_trailing_digits
s112551301027,國中201,201,generic_trailing_digits,generic_trailing_digits
s112551301028,國中201,201,generic_trailing_digits,generic_trailing_digits
s112551301029,國中201,201,generic_trailing_digits,generic_trailing_digits
s112551301030,國中201,201,generic_trailing_digits,generic_trailing_digits
s112551301031,國中201,201,generic_trailing_digits,generic_trailing_digits
s112551301032,國中201,201,generic_trailing_digits,generic_trailing_digits
s112551301033,國中201,201,generic_trailing_digits,generic_trailing_digits
s112551301034,國中201,201,generic_trailing_digits,generic_trailing_digits
s112551301035,國中201,201,generic_trailing_digits,generic_trailing_digits
s112551301036,國中201,201,generic_trailing_digits,generic_trailing_digits
s112551301037,國中201,201,generic_trailing_digits,generic_trailing_digits
s112551301038,國中201,201,generic_trailing_digits,generic_trailing_digits
s112551301039,國中201,201,generic_trailing_digits,generic_trailing_digits
s112551301040,國中201,201,generic_trailing_digits,generic_trailing_digits
s112551301041,國中201,201,generic_trailing_digits,generic_trailing_digits
s112551301042,國中201,201,generic_trailing_digits,generic_trailing_digits
s112551301043,國中201,201,generic_trailing_digits,generic_trailing_digits
s112551301044,國中201,201,generic_trailing_digits,generic_trailing_digits
s112551301045,國中201,201,generic_trailing_digits,generic_trailing_digits
s112551301046,國中201,201,generic_trailing_digits,generic_trailing_digits
s112551301047,國中201,201,generic_trailing_digits,generic_trailing_digits
s112551301048,國中201,201,generic_trailing_digits,generic_trailing_digits
s112551301049,國中201,201,generic_trailing_digits,generic_trailing_digits
s112551301050,國中201,201,generic_trailing_digits,generic_trailing_digits
s112551301052,國中201,201,generic_trailing_digits,generic_trailing_digits
s112551301054,國中201,201,generic_trailing_digits,generic_trailing_digits
s112551301055,國中201,201,generic_trailing_digits,generic_trailing_digits
s112551301056,國中201,201,generic_trailing_digits,generic_trailing_digits
s112551301058,國中201,201,generic_trailing_digits,generic_trailing_digits
s112551301059,國中201,201,generic_trailing_digits,generic_trailing_digits
s112551301064,國中203,203,generic_trailing_digits,generic_trailing_digits
s112551301065,國中203,203,generic_trailing_digits,generic_trailing_digits
s112551301066,國中203,203,generic_trailing_digits,generic_trailing_digits
s112551301067,國中203,203,generic_trailing_digits,generic_trailing_digits
s112551301069,國中203,203,generic_trailing_digits,generic_trailing_digits
s112551301070,國中203,203,generic_trailing_digits,generic_trailing_digits
s112551301071,國中203,203,generic_trailing_digits,generic_trailing_digits
s112551301072,國中203,203,generic_trailing_digits,generic_trailing_digits
s112551301073,國中203,203,generic_trailing_digits,generic_trailing_digits
s112551301074,國中203,203,generic_trailing_digits,generic_trailing_digits
s112551301075,國中203,203,generic_trailing_digits,generic_trailing_digits
s112551301076,國中203,203,generic_trailing_digits,generic_trailing_digits
s112551301077,國中203,203,generic_trailing_digits,generic_trailing_digits
s112551301078,國中203,203,generic_trailing_digits,generic_trailing_digits
s112551301079,國中203,203,generic_trailing_digits,generic_trailing_digits
s112551301080,國中203,203,generic_trailing_digits,generic_trailing_digits
s112551301081,國中203,203,generic_trailing_digits,generic_trailing_digits
s112551301082,國中203,203,generic_trailing_digits,generic_trailing_digits
s112551301083,國中203,203,generic_trailing_digits,generic_trailing_digits
s112551301084,國中203,203,generic_trailing_digits,generic_trailing_digits
s112551301085,國中203,203,generic_trailing_digits,generic_trailing_digits
s112551301086,國中203,203,generic_trailing_digits,generic_trailing_digits
s112551301087,國中203,203,generic_trailing_digits,generic_trailing_digits
s112551301088,國中203,203,generic_trailing_digits,generic_trailing_digits
s112551301089,國中203,203,generic_trailing_digits,generic_trailing_digits
s112551301090,國中203,203,generic_trailing_digits,generic_trailing_digits
s112551301091,國中203,203,generic_trailing_digits,generic_trailing_digits
s112551301092,國中203,203,generic_trailing_digits,generic_trailing_digits
s112551301093,國中203,203,generic_trailing_digits,generic_trailing_digits
s112551301094,國中203,203,generic_trailing_digits,generic_trailing_digits
s112581302024,204,204,numeric_integer,numeric_integer
s112581302025,204,204,numeric_integer,numeric_integer
s112581302026,204,204,numeric_integer,numeric_integer
s112581302028,204,204,numeric_integer,numeric_integer
s112581302029,204,204,numeric_integer,numeric_integer
s112581302030,204,204,numeric_integer,numeric_integer
s112581302031,204,204,numeric_integer,numeric_integer
s112581302032,204,204,numeric_integer,numeric_integer
s112581302033,204,204,numeric_integer,numeric_integer
s112581302034,204,204,numeric_integer,numeric_integer
s112581302035,204,204,numeric_integer,numeric_integer
s112581302036,204,204,numeric_integer,numeric_integer
s112581302037,204,204,numeric_integer,numeric_integer
s112581302038,204,204,numeric_integer,numeric_integer
s112581302039,204,204,numeric_integer,numeric_integer
s112581302040,204,204,numeric_integer,numeric_integer
s112581302041,204,204,numeric_integer,numeric_integer
s112581302042,204,204,numeric_integer,numeric_integer
s112581302043,204,204,numeric_integer,numeric_integer
s112581302044,204,204,numeric_integer,numeric_integer
s112581302045,204,204,numeric_integer,numeric_integer
s112581302046,204,204,numeric_integer,numeric_integer
s112581302048,204,204,numeric_integer,numeric_integer
s112581302049,204,204,numeric_integer,numeric_integer
s112581302050,204,204,numeric_integer,numeric_integer
s112581302051,204,204,numeric_integer,numeric_integer
s112581302053,204,204,numeric_integer,numeric_integer
s112581302054,204,204,numeric_integer,numeric_integer
s112581302055,204,204,numeric_integer,numeric_integer
s112581302056,204,204,numeric_integer,numeric_integer
s112581302058,204,204,numeric_integer,numeric_integer
s112581302059,204,204,numeric_integer,numeric_integer
s113581302003,204,204,numeric_integer,numeric_integer
s113581302004,204,204,numeric_integer,numeric_integer
s113581302005,204,204,numeric_integer,numeric_integer
s113581302007,204,204,numeric_integer,numeric_integer
s113581302008,204,204,numeric_integer,numeric_integer
s112581302063,209,209,numeric_integer,numeric_integer
s112581302064,209,209,numeric_integer,numeric_integer
s112581302065,209,209,numeric_integer,numeric_integer
s112581302066,209,209,numeric_integer,numeric_integer
s112581302067,209,209,numeric_integer,numeric_integer
s112581302068,209,209,numeric_integer,numeric_integer
s112581302069,209,209,numeric_integer,numeric_integer
s112581302070,209,209,numeric_integer,numeric_integer
s112581302071,209,209,numeric_integer,numeric_integer
s112581302072,209,209,numeric_integer,numeric_integer
s112581302073,209,209,numeric_integer,numeric_integer
s112581302074,209,209,numeric_integer,numeric_integer
s112581302075,209,209,numeric_integer,numeric_integer
s112581302076,209,209,numeric_integer,numeric_integer
s112581302077,209,209,numeric_integer,numeric_integer
s112581302078,209,209,numeric_integer,numeric_integer
s112581302079,209,209,numeric_integer,numeric_integer
s112581302080,209,209,numeric_integer,numeric_integer
s112581302081,209,209,numeric_integer,numeric_integer
s112581302082,209,209,numeric_integer,numeric_integer
s112581302083,209,209,numeric_integer,numeric_integer
s112581302084,209,209,numeric_integer,numeric_integer
s112581302085,209,209,numeric_integer,numeric_integer
s112581302087,209,209,numeric_integer,numeric_integer
s112581302088,209,209,numeric_integer,numeric_integer
s112581302089,209,209,numeric_integer,numeric_integer
s112581302090,209,209,numeric_integer,numeric_integer
s112581302091,209,209,numeric_integer,numeric_integer
s112581302092,209,209,numeric_integer,numeric_integer
s112581302093,209,209,numeric_integer,numeric_integer
s112581302094,209,209,numeric_integer,numeric_integer
s112581302095,209,209,numeric_integer,numeric_integer
s113581302006,209,209,numeric_integer,numeric_integer
s112583501023,8年1班,801,grade_year_class_pattern,grade_year_class_pattern
s112583501024,8年1班,801,grade_year_class_pattern,grade_year_class_pattern
s112583501025,8年1班,801,grade_year_class_pattern,grade_year_class_pattern
s112583501026,8年1班,801,grade_year_class_pattern,grade_year_class_pattern
s112583501027,8年1班,801,grade_year_class_pattern,grade_year_class_pattern
s112583501028,8年1班,801,grade_year_class_pattern,grade_year_class_pattern
s112583501030,8年1班,801,grade_year_class_pattern,grade_year_class_pattern
s112583501031,8年1班,801,grade_year_class_pattern,grade_year_class_pattern
s112583501032,8年1班,801,grade_year_class_pattern,grade_year_class_pattern
s112583501034,8年1班,801,grade_year_class_pattern,grade_year_class_pattern
s112583501035,8年1班,801,grade_year_class_pattern,grade_year_class_pattern
s112583501036,8年1班,801,grade_year_class_pattern,grade_year_class_pattern
s112583501037,8年1班,801,grade_year_class_pattern,grade_year_class_pattern
s112583501038,8年1班,801,grade_year_class_pattern,grade_year_class_pattern
s112583501039,8年1班,801,grade_year_class_pattern,grade_year_class_pattern
s112583501040,8年1班,801,grade_year_class_pattern,grade_year_class_pattern
s112583501042,8年1班,801,grade_year_class_pattern,grade_year_class_pattern
s112583501043,8年1班,801,grade_year_class_pattern,grade_year_class_pattern
s112583501044,8年1班,801,grade_year_class_pattern,grade_year_class_pattern
s112583501045,8年1班,801,grade_year_class_pattern,grade_year_class_pattern
s112583501046,8年1班,801,grade_year_class_pattern,grade_year_class_pattern
s113583501002,8年1班,801,grade_year_class_pattern,grade_year_class_pattern
s112593504024,201,201,numeric_integer,numeric_integer
s112593504025,201,201,numeric_integer,numeric_integer
s112593504027,201,201,numeric_integer,numeric_integer
s112593504028,201,201,numeric_integer,numeric_integer
s112593504029,201,201,numeric_integer,numeric_integer
s112593504030,201,201,numeric_integer,numeric_integer
s112593504031,201,201,numeric_integer,numeric_integer
s112593504032,201,201,numeric_integer,numeric_integer
s112593504034,201,201,numeric_integer,numeric_integer
s112593504035,201,201,numeric_integer,numeric_integer
s112593504036,201,201,numeric_integer,numeric_integer
s112593504037,201,201,numeric_integer,numeric_integer
s112593504038,201,201,numeric_integer,numeric_integer
s112593504039,201,201,numeric_integer,numeric_integer
s112593504040,201,201,numeric_integer,numeric_integer
s112593504041,201,201,numeric_integer,numeric_integer
s112593504042,201,201,numeric_integer,numeric_integer
s112593504044,201,201,numeric_integer,numeric_integer
s112593504045,201,201,numeric_integer,numeric_integer
s112593504046,201,201,numeric_integer,numeric_integer
s112593504047,201,201,numeric_integer,numeric_integer
s112593504048,201,201,numeric_integer,numeric_integer
s112593504049,201,201,numeric_integer,numeric_integer
s113593504003,201,201,numeric_integer,numeric_integer
s113593504004,201,201,numeric_integer,numeric_integer
s112593504052,206,206,numeric_integer,numeric_integer
s112593504053,206,206,numeric_integer,numeric_integer
s112593504054,206,206,numeric_integer,numeric_integer
s112593504055,206,206,numeric_integer,numeric_integer
s112593504056,206,206,numeric_integer,numeric_integer
s112593504057,206,206,numeric_integer,numeric_integer
s112593504058,206,206,numeric_integer,numeric_integer
s112593504059,206,206,numeric_integer,numeric_integer
s112593504060,206,206,numeric_integer,numeric_integer
s112593504061,206,206,numeric_integer,numeric_integer
s112593504062,206,206,numeric_integer,numeric_integer
s112593504063,206,206,numeric_integer,numeric_integer
s112593504064,206,206,numeric_integer,numeric_integer
s112593504065,206,206,numeric_integer,numeric_integer
s112593504066,206,206,numeric_integer,numeric_integer
s112593504067,206,206,numeric_integer,numeric_integer
s112593504068,206,206,numeric_integer,numeric_integer
s112593504069,206,206,numeric_integer,numeric_integer
s112593504070,206,206,numeric_integer,numeric_integer
s112593504071,206,206,numeric_integer,numeric_integer
s112593504072,206,206,numeric_integer,numeric_integer
s112593504073,206,206,numeric_integer,numeric_integer
s112593504074,206,206,numeric_integer,numeric_integer
s112593504075,206,206,numeric_integer,numeric_integer
s112593504076,206,206,numeric_integer,numeric_integer
s112613503044,806,806,numeric_integer,numeric_integer
s112613503045,806,806,numeric_integer,numeric_integer
s112613503046,806,806,numeric_integer,numeric_integer
s112613503047,806,806,numeric_integer,numeric_integer
s112613503048,806,806,numeric_integer,numeric_integer
s112613503049,806,806,numeric_integer,numeric_integer
s112613503050,806,806,numeric_integer,numeric_integer
s112613503051,806,806,numeric_integer,numeric_integer
s112613503052,806,806,numeric_integer,numeric_integer
s112613503053,806,806,numeric_integer,numeric_integer
s112613503054,806,806,numeric_integer,numeric_integer
s112613503055,806,806,numeric_integer,numeric_integer
s112613503057,806,806,numeric_integer,numeric_integer
s112613503058,806,806,numeric_integer,numeric_integer
s112613503059,806,806,numeric_integer,numeric_integer
s112613503060,806,806,numeric_integer,numeric_integer
s112613503061,806,806,numeric_integer,numeric_integer
s112613503062,806,806,numeric_integer,numeric_integer
s112613503063,806,806,numeric_integer,numeric_integer
s112613503064,806,806,numeric_integer,numeric_integer
s112613503065,806,806,numeric_integer,numeric_integer
s112613503066,806,806,numeric_integer,numeric_integer
s112613503069,815,815,numeric_integer,numeric_integer
s112613503070,815,815,numeric_integer,numeric_integer
s112613503071,815,815,numeric_integer,numeric_integer
s112613503072,815,815,numeric_integer,numeric_integer
s112613503073,815,815,numeric_integer,numeric_integer
s112613503074,815,815,numeric_integer,numeric_integer
s112613503075,815,815,numeric_integer,numeric_integer
s112613503076,815,815,numeric_integer,numeric_integer
s112613503077,815,815,numeric_integer,numeric_integer
s112613503078,815,815,numeric_integer,numeric_integer
s112613503079,815,815,numeric_integer,numeric_integer
s112613503080,815,815,numeric_integer,numeric_integer
s112613503081,815,815,numeric_integer,numeric_integer
s112613503082,815,815,numeric_integer,numeric_integer
s112613503083,815,815,numeric_integer,numeric_integer
s112613503084,815,815,numeric_integer,numeric_integer
s112613503085,815,815,numeric_integer,numeric_integer
s112613503086,815,815,numeric_integer,numeric_integer
s112613503087,815,815,numeric_integer,numeric_integer
s112613503088,815,815,numeric_integer,numeric_integer
s112613503089,815,815,numeric_integer,numeric_integer
s112613503090,815,815,numeric_integer,numeric_integer
s112613503091,815,815,numeric_integer,numeric_integer
s112714502024,801,801,numeric_integer,numeric_integer
s112714502025,801,801,numeric_integer,numeric_integer
s112714502026,801,801,numeric_integer,numeric_integer
s112714502027,801,801,numeric_integer,numeric_integer
s112714502028,801,801,numeric_integer,numeric_integer
s112714502029,801,801,numeric_integer,numeric_integer
s112714502030,801,801,numeric_integer,numeric_integer
s112714502031,801,801,numeric_integer,numeric_integer
s112714502032,801,801,numeric_integer,numeric_integer
s112714502033,801,801,numeric_integer,numeric_integer
s112714502034,801,801,numeric_integer,numeric_integer
s112714502035,801,801,numeric_integer,numeric_integer
s112714502036,801,801,numeric_integer,numeric_integer
s112714502037,801,801,numeric_integer,numeric_integer
s112714502038,801,801,numeric_integer,numeric_integer
s112714502039,801,801,numeric_integer,numeric_integer
s112714502040,801,801,numeric_integer,numeric_integer
s112714502041,801,801,numeric_integer,numeric_integer
s112714502042,801,801,numeric_integer,numeric_integer
s112714502043,801,801,numeric_integer,numeric_integer
s112714502044,801,801,numeric_integer,numeric_integer
s113714502003,801,801,numeric_integer,numeric_integer
s112714502047,803,803,numeric_integer,numeric_integer
s112714502048,803,803,numeric_integer,numeric_integer
s112714502049,803,803,numeric_integer,numeric_integer
s112714502050,803,803,numeric_integer,numeric_integer
s112714502051,803,803,numeric_integer,numeric_integer
s112714502052,803,803,numeric_integer,numeric_integer
s112714502053,803,803,numeric_integer,numeric_integer
s112714502054,803,803,numeric_integer,numeric_integer
s112714502055,803,803,numeric_integer,numeric_integer
s112714502056,803,803,numeric_integer,numeric_integer
s112714502057,803,803,numeric_integer,numeric_integer
s112714502058,803,803,numeric_integer,numeric_integer
s112714502059,803,803,numeric_integer,numeric_integer
s112714502060,803,803,numeric_integer,numeric_integer
s112714502061,803,803,numeric_integer,numeric_integer
s112714502062,803,803,numeric_integer,numeric_integer
s112714502063,803,803,numeric_integer,numeric_integer
s112714502064,803,803,numeric_integer,numeric_integer
s112714502065,803,803,numeric_integer,numeric_integer
s112714502066,803,803,numeric_integer,numeric_integer
s112714502067,803,803,numeric_integer,numeric_integer
s113714502004,803,803,numeric_integer,numeric_integer
