col_index,ver11_col,ver00_col,raw_value,clean_value
1,1,1.請問你的性別（生理性別）：,女,2.0
1,1,1.請問你的性別（生理性別）：,男,1.0
2,2,2.你覺得你比較認同自己的性別是？（請選擇一個最接近你目前狀態的描述）,其他,0.0
2,2,2.你覺得你比較認同自己的性別是？（請選擇一個最接近你目前狀態的描述）,女性,2.0
2,2,2.你覺得你比較認同自己的性別是？（請選擇一個最接近你目前狀態的描述）,男性,1.0
3,3,3.請問你親生父母的婚姻狀態：,其他（請說明）,
3,3,3.請問你親生父母的婚姻狀態：,未婚，且分居,
3,3,3.請問你親生父母的婚姻狀態：,未婚，但同住一起,
3,3,3.請問你親生父母的婚姻狀態：,結婚，且同住一起,
3,3,3.請問你親生父母的婚姻狀態：,結婚，但分居,
3,3,3.請問你親生父母的婚姻狀態：,結婚，因工作分隔兩地,
3,3,3.請問你親生父母的婚姻狀態：,親生母親過世,
3,3,3.請問你親生父母的婚姻狀態：,親生父親過世,
3,3,3.請問你親生父母的婚姻狀態：,離婚，且分居,
3,3,3.請問你親生父母的婚姻狀態：,離婚，但同住一起,
4,Unnamed: 4,Unnamed: 4,,
4,Unnamed: 4,Unnamed: 4,.,.
4,Unnamed: 4,Unnamed: 4,一方過世,一方過世
4,Unnamed: 4,Unnamed: 4,不知,不知
4,Unnamed: 4,Unnamed: 4,不要知道比較好,不要知道比較好
4,Unnamed: 4,Unnamed: 4,乾你什麼事,乾你什麼事
4,Unnamed: 4,Unnamed: 4,其他,其他
4,Unnamed: 4,Unnamed: 4,同居 父母,同居 父母
4,Unnamed: 4,Unnamed: 4,單親,單親
4,Unnamed: 4,Unnamed: 4,快離婚 且分居,快離婚 且分居
4,Unnamed: 4,Unnamed: 4,我試試管嬰兒,我試試管嬰兒
4,Unnamed: 4,Unnamed: 4,我都不知道我爸爸是誰,我都不知道我爸爸是誰
4,Unnamed: 4,Unnamed: 4,未婚霸過世,未婚霸過世
4,Unnamed: 4,Unnamed: 4,未見過母親,未見過母親
4,Unnamed: 4,Unnamed: 4,母親過世 父親不知道,母親過世 父親不知道
4,Unnamed: 4,Unnamed: 4,母親重婚,母親重婚
4,Unnamed: 4,Unnamed: 4,沒結婚,沒結婚
4,Unnamed: 4,Unnamed: 4,"父母離婚,母親過世","父母離婚,母親過世"
4,Unnamed: 4,Unnamed: 4,父過世，母親分居,父過世，母親分居
4,Unnamed: 4,Unnamed: 4,爸媽離婚，媽媽過世,爸媽離婚，媽媽過世
4,Unnamed: 4,Unnamed: 4,結婚 爸爸在服刑,結婚 爸爸在服刑
4,Unnamed: 4,Unnamed: 4,結婚，父母同居但沒跟小孩住在一起,結婚，父母同居但沒跟小孩住在一起
4,Unnamed: 4,Unnamed: 4,"親生父親過世,母親無親權,與爺爺奶奶姑姑同住","親生父親過世,母親無親權,與爺爺奶奶姑姑同住"
4,Unnamed: 4,Unnamed: 4,試管,試管
4,Unnamed: 4,Unnamed: 4,"離婚,父親過世","離婚,父親過世"
4,Unnamed: 4,Unnamed: 4,"離婚,父親過世,母親居住在台北,監護人為祖母","離婚,父親過世,母親居住在台北,監護人為祖母"
4,Unnamed: 4,Unnamed: 4,"離婚,親生父親過世父親過世","離婚,親生父親過世父親過世"
4,Unnamed: 4,Unnamed: 4,離婚有聯繫但沒住一起,離婚有聯繫但沒住一起
4,Unnamed: 4,Unnamed: 4,離婚跟爸爸爺爺住一起,離婚跟爸爸爺爺住一起
4,Unnamed: 4,Unnamed: 4,離婚，但我已經7年沒看到他們了，我不清楚他們目前的狀況,離婚，但我已經7年沒看到他們了，我不清楚他們目前的狀況
4,Unnamed: 4,Unnamed: 4,離婚，沒有同住一起,離婚，沒有同住一起
4,Unnamed: 4,Unnamed: 4,離婚，親生父親去世,離婚，親生父親去世
5,4-1,4.下列關於你家中生活的情形，你認為符不符合？ - 4-1. 作決定時，家人會彼此商量,不太符合,2.0
5,4-1,4.下列關於你家中生活的情形，你認為符不符合？ - 4-1. 作決定時，家人會彼此商量,很不符合,1.0
5,4-1,4.下列關於你家中生活的情形，你認為符不符合？ - 4-1. 作決定時，家人會彼此商量,很符合,4.0
6,4-2,4.下列關於你家中生活的情形，你認為符不符合？ - 4-2. 家人喜歡共度休閒時光,不太符合,2.0
6,4-2,4.下列關於你家中生活的情形，你認為符不符合？ - 4-2. 家人喜歡共度休閒時光,很不符合,1.0
6,4-2,4.下列關於你家中生活的情形，你認為符不符合？ - 4-2. 家人喜歡共度休閒時光,很符合,4.0
7,4-3,4.下列關於你家中生活的情形，你認為符不符合？ - 4-3. 當有家庭活動時，我們家每個人都會參加,不太符合,2.0
7,4-3,4.下列關於你家中生活的情形，你認為符不符合？ - 4-3. 當有家庭活動時，我們家每個人都會參加,很不符合,1.0
7,4-3,4.下列關於你家中生活的情形，你認為符不符合？ - 4-3. 當有家庭活動時，我們家每個人都會參加,很符合,4.0
8,4-4,4.下列關於你家中生活的情形，你認為符不符合？ - 4-4. 家人會接納彼此的朋友,不太符合,2.0
8,4-4,4.下列關於你家中生活的情形，你認為符不符合？ - 4-4. 家人會接納彼此的朋友,很不符合,1.0
8,4-4,4.下列關於你家中生活的情形，你認為符不符合？ - 4-4. 家人會接納彼此的朋友,很符合,4.0
9,4-5,4.下列關於你家中生活的情形，你認為符不符合？ - 4-5. 我受到挫折時，總可以從我的家人那裡得到安慰,不太符合,2.0
9,4-5,4.下列關於你家中生活的情形，你認為符不符合？ - 4-5. 我受到挫折時，總可以從我的家人那裡得到安慰,很不符合,1.0
9,4-5,4.下列關於你家中生活的情形，你認為符不符合？ - 4-5. 我受到挫折時，總可以從我的家人那裡得到安慰,很符合,4.0
10,4-6,4.下列關於你家中生活的情形，你認為符不符合？ - 4-6. 當我需要幫忙或忠告時，我可以依賴我的家人,不太符合,2.0
10,4-6,4.下列關於你家中生活的情形，你認為符不符合？ - 4-6. 當我需要幫忙或忠告時，我可以依賴我的家人,很不符合,1.0
10,4-6,4.下列關於你家中生活的情形，你認為符不符合？ - 4-6. 當我需要幫忙或忠告時，我可以依賴我的家人,很符合,4.0
11,5-1,5.過去一年，請問你家長和你相處情形如何？ - 5-1. 批評你或指責你。,偶爾,2.0
11,5-1,5.過去一年，請問你家長和你相處情形如何？ - 5-1. 批評你或指責你。,從未,1.0
11,5-1,5.過去一年，請問你家長和你相處情形如何？ - 5-1. 批評你或指責你。,有時,3.0
11,5-1,5.過去一年，請問你家長和你相處情形如何？ - 5-1. 批評你或指責你。,經常,4.0
12,5-2,5.過去一年，請問你家長和你相處情形如何？ - 5-2. 理解你、肯定你的想法。,偶爾,2.0
12,5-2,5.過去一年，請問你家長和你相處情形如何？ - 5-2. 理解你、肯定你的想法。,從未,1.0
12,5-2,5.過去一年，請問你家長和你相處情形如何？ - 5-2. 理解你、肯定你的想法。,有時,3.0
12,5-2,5.過去一年，請問你家長和你相處情形如何？ - 5-2. 理解你、肯定你的想法。,經常,4.0
13,5-3,5.過去一年，請問你家長和你相處情形如何？ - 5-3. 關心你。,偶爾,2.0
13,5-3,5.過去一年，請問你家長和你相處情形如何？ - 5-3. 關心你。,從未,1.0
13,5-3,5.過去一年，請問你家長和你相處情形如何？ - 5-3. 關心你。,有時,3.0
13,5-3,5.過去一年，請問你家長和你相處情形如何？ - 5-3. 關心你。,經常,4.0
14,5-4,5.過去一年，請問你家長和你相處情形如何？ - 5-4. 提供解決問題的經驗，給你參考。,偶爾,2.0
14,5-4,5.過去一年，請問你家長和你相處情形如何？ - 5-4. 提供解決問題的經驗，給你參考。,從未,1.0
14,5-4,5.過去一年，請問你家長和你相處情形如何？ - 5-4. 提供解決問題的經驗，給你參考。,有時,3.0
14,5-4,5.過去一年，請問你家長和你相處情形如何？ - 5-4. 提供解決問題的經驗，給你參考。,經常,4.0
15,5-5,5.過去一年，請問你家長和你相處情形如何？ - 5-5. 對你不聞不問。,偶爾,2.0
15,5-5,5.過去一年，請問你家長和你相處情形如何？ - 5-5. 對你不聞不問。,從未,1.0
15,5-5,5.過去一年，請問你家長和你相處情形如何？ - 5-5. 對你不聞不問。,有時,3.0
15,5-5,5.過去一年，請問你家長和你相處情形如何？ - 5-5. 對你不聞不問。,經常,4.0
16,5-6,5.過去一年，請問你家長和你相處情形如何？ - 5-6. 跟你常有衝突，彼此關係緊張。,偶爾,2.0
16,5-6,5.過去一年，請問你家長和你相處情形如何？ - 5-6. 跟你常有衝突，彼此關係緊張。,從未,1.0
16,5-6,5.過去一年，請問你家長和你相處情形如何？ - 5-6. 跟你常有衝突，彼此關係緊張。,有時,3.0
16,5-6,5.過去一年，請問你家長和你相處情形如何？ - 5-6. 跟你常有衝突，彼此關係緊張。,經常,4.0
17,5-7,5.過去一年，請問你家長和你相處情形如何？ - 5-7. 知道你每天的行蹤。,偶爾,2.0
17,5-7,5.過去一年，請問你家長和你相處情形如何？ - 5-7. 知道你每天的行蹤。,從未,1.0
17,5-7,5.過去一年，請問你家長和你相處情形如何？ - 5-7. 知道你每天的行蹤。,有時,3.0
17,5-7,5.過去一年，請問你家長和你相處情形如何？ - 5-7. 知道你每天的行蹤。,經常,4.0
18,5-8,5.過去一年，請問你家長和你相處情形如何？ - 5-8. 同樣一件事，他們有時處罰小孩，有時不處罰。,偶爾,2.0
18,5-8,5.過去一年，請問你家長和你相處情形如何？ - 5-8. 同樣一件事，他們有時處罰小孩，有時不處罰。,從未,1.0
18,5-8,5.過去一年，請問你家長和你相處情形如何？ - 5-8. 同樣一件事，他們有時處罰小孩，有時不處罰。,有時,3.0
18,5-8,5.過去一年，請問你家長和你相處情形如何？ - 5-8. 同樣一件事，他們有時處罰小孩，有時不處罰。,經常,4.0
19,5-9,5.過去一年，請問你家長和你相處情形如何？ - 5-9. 處罰你時會打你。,偶爾,2.0
19,5-9,5.過去一年，請問你家長和你相處情形如何？ - 5-9. 處罰你時會打你。,從未,1.0
19,5-9,5.過去一年，請問你家長和你相處情形如何？ - 5-9. 處罰你時會打你。,有時,3.0
19,5-9,5.過去一年，請問你家長和你相處情形如何？ - 5-9. 處罰你時會打你。,經常,4.0
20,5-10,5.過去一年，請問你家長和你相處情形如何？ - 5-10.有關你的事，會告訴你他們的想法。,偶爾,2.0
20,5-10,5.過去一年，請問你家長和你相處情形如何？ - 5-10.有關你的事，會告訴你他們的想法。,從未,1.0
20,5-10,5.過去一年，請問你家長和你相處情形如何？ - 5-10.有關你的事，會告訴你他們的想法。,有時,3.0
20,5-10,5.過去一年，請問你家長和你相處情形如何？ - 5-10.有關你的事，會告訴你他們的想法。,經常,4.0
21,6-1,6.下列有關你們班上的說法，你認為符不符合目前的狀況？ - 6-1.當我需要他們的時候，我的同學們總是會適時伸出援手,不太符合,2.0
21,6-1,6.下列有關你們班上的說法，你認為符不符合目前的狀況？ - 6-1.當我需要他們的時候，我的同學們總是會適時伸出援手,很不符合,1.0
21,6-1,6.下列有關你們班上的說法，你認為符不符合目前的狀況？ - 6-1.當我需要他們的時候，我的同學們總是會適時伸出援手,很符合,4.0
22,6-2,6.下列有關你們班上的說法，你認為符不符合目前的狀況？ - 6-2.當班上的同學需要我的時候，我總是會適時伸出援手,不太符合,2.0
22,6-2,6.下列有關你們班上的說法，你認為符不符合目前的狀況？ - 6-2.當班上的同學需要我的時候，我總是會適時伸出援手,很不符合,1.0
22,6-2,6.下列有關你們班上的說法，你認為符不符合目前的狀況？ - 6-2.當班上的同學需要我的時候，我總是會適時伸出援手,很符合,4.0
23,6-3,6.下列有關你們班上的說法，你認為符不符合目前的狀況？ - 6-3.與其他班級比較，我們班的同學彼此之間，最互相信賴,不太符合,2.0
23,6-3,6.下列有關你們班上的說法，你認為符不符合目前的狀況？ - 6-3.與其他班級比較，我們班的同學彼此之間，最互相信賴,很不符合,1.0
23,6-3,6.下列有關你們班上的說法，你認為符不符合目前的狀況？ - 6-3.與其他班級比較，我們班的同學彼此之間，最互相信賴,很符合,4.0
24,7,7.請問你的座號是？,1,1
24,7,7.請問你的座號是？,10,10
24,7,7.請問你的座號是？,100,100
24,7,7.請問你的座號是？,11,11
24,7,7.請問你的座號是？,12,12
24,7,7.請問你的座號是？,13,13
24,7,7.請問你的座號是？,14,14
24,7,7.請問你的座號是？,15,15
24,7,7.請問你的座號是？,16,16
24,7,7.請問你的座號是？,17,17
24,7,7.請問你的座號是？,18,18
24,7,7.請問你的座號是？,19,19
24,7,7.請問你的座號是？,2,2
24,7,7.請問你的座號是？,20,20
24,7,7.請問你的座號是？,21,21
24,7,7.請問你的座號是？,22,22
24,7,7.請問你的座號是？,23,23
24,7,7.請問你的座號是？,24,24
24,7,7.請問你的座號是？,25,25
24,7,7.請問你的座號是？,26,26
24,7,7.請問你的座號是？,27,27
24,7,7.請問你的座號是？,28,28
24,7,7.請問你的座號是？,29,29
24,7,7.請問你的座號是？,3,3
24,7,7.請問你的座號是？,30,30
24,7,7.請問你的座號是？,31,31
24,7,7.請問你的座號是？,32,32
24,7,7.請問你的座號是？,33,33
24,7,7.請問你的座號是？,34,34
24,7,7.請問你的座號是？,35,35
24,7,7.請問你的座號是？,36,36
24,7,7.請問你的座號是？,37,37
24,7,7.請問你的座號是？,38,38
24,7,7.請問你的座號是？,39,39
24,7,7.請問你的座號是？,4,4
24,7,7.請問你的座號是？,40,40
24,7,7.請問你的座號是？,41,41
24,7,7.請問你的座號是？,42,42
24,7,7.請問你的座號是？,43,43
24,7,7.請問你的座號是？,44,44
24,7,7.請問你的座號是？,45,45
24,7,7.請問你的座號是？,46,46
24,7,7.請問你的座號是？,47,47
24,7,7.請問你的座號是？,48,48
24,7,7.請問你的座號是？,49,49
24,7,7.請問你的座號是？,5,5
24,7,7.請問你的座號是？,6,6
24,7,7.請問你的座號是？,7,7
24,7,7.請問你的座號是？,8,8
24,7,7.請問你的座號是？,9,9
25,8-1_0,8-1.在網路上，你喜歡跟班上哪些同學互動（例如一起打遊戲、講電話、聊天等）？,0,0
25,8-1_0,8-1.在網路上，你喜歡跟班上哪些同學互動（例如一起打遊戲、講電話、聊天等）？,1,1
25,8-1_0,8-1.在網路上，你喜歡跟班上哪些同學互動（例如一起打遊戲、講電話、聊天等）？,10,10
25,8-1_0,8-1.在網路上，你喜歡跟班上哪些同學互動（例如一起打遊戲、講電話、聊天等）？,100,100
25,8-1_0,8-1.在網路上，你喜歡跟班上哪些同學互動（例如一起打遊戲、講電話、聊天等）？,1000,1000
25,8-1_0,8-1.在網路上，你喜歡跟班上哪些同學互動（例如一起打遊戲、講電話、聊天等）？,11,11
25,8-1_0,8-1.在網路上，你喜歡跟班上哪些同學互動（例如一起打遊戲、講電話、聊天等）？,1110038,1110038
25,8-1_0,8-1.在網路上，你喜歡跟班上哪些同學互動（例如一起打遊戲、講電話、聊天等）？,115,115
25,8-1_0,8-1.在網路上，你喜歡跟班上哪些同學互動（例如一起打遊戲、講電話、聊天等）？,12,12
25,8-1_0,8-1.在網路上，你喜歡跟班上哪些同學互動（例如一起打遊戲、講電話、聊天等）？,123,123
25,8-1_0,8-1.在網路上，你喜歡跟班上哪些同學互動（例如一起打遊戲、講電話、聊天等）？,123458910111213,123458910111213
25,8-1_0,8-1.在網路上，你喜歡跟班上哪些同學互動（例如一起打遊戲、講電話、聊天等）？,1277474,1277474
25,8-1_0,8-1.在網路上，你喜歡跟班上哪些同學互動（例如一起打遊戲、講電話、聊天等）？,13,13
25,8-1_0,8-1.在網路上，你喜歡跟班上哪些同學互動（例如一起打遊戲、講電話、聊天等）？,14,14
25,8-1_0,8-1.在網路上，你喜歡跟班上哪些同學互動（例如一起打遊戲、講電話、聊天等）？,14141,14141
25,8-1_0,8-1.在網路上，你喜歡跟班上哪些同學互動（例如一起打遊戲、講電話、聊天等）？,15,15
25,8-1_0,8-1.在網路上，你喜歡跟班上哪些同學互動（例如一起打遊戲、講電話、聊天等）？,1515,1515
25,8-1_0,8-1.在網路上，你喜歡跟班上哪些同學互動（例如一起打遊戲、講電話、聊天等）？,1534153410,1534153410
25,8-1_0,8-1.在網路上，你喜歡跟班上哪些同學互動（例如一起打遊戲、講電話、聊天等）？,16,16
25,8-1_0,8-1.在網路上，你喜歡跟班上哪些同學互動（例如一起打遊戲、講電話、聊天等）？,17,17
25,8-1_0,8-1.在網路上，你喜歡跟班上哪些同學互動（例如一起打遊戲、講電話、聊天等）？,17147,17147
25,8-1_0,8-1.在網路上，你喜歡跟班上哪些同學互動（例如一起打遊戲、講電話、聊天等）？,18,18
25,8-1_0,8-1.在網路上，你喜歡跟班上哪些同學互動（例如一起打遊戲、講電話、聊天等）？,1814,1814
25,8-1_0,8-1.在網路上，你喜歡跟班上哪些同學互動（例如一起打遊戲、講電話、聊天等）？,19,19
25,8-1_0,8-1.在網路上，你喜歡跟班上哪些同學互動（例如一起打遊戲、講電話、聊天等）？,1919,1919
25,8-1_0,8-1.在網路上，你喜歡跟班上哪些同學互動（例如一起打遊戲、講電話、聊天等）？,2,2
25,8-1_0,8-1.在網路上，你喜歡跟班上哪些同學互動（例如一起打遊戲、講電話、聊天等）？,20,20
25,8-1_0,8-1.在網路上，你喜歡跟班上哪些同學互動（例如一起打遊戲、講電話、聊天等）？,21,21
25,8-1_0,8-1.在網路上，你喜歡跟班上哪些同學互動（例如一起打遊戲、講電話、聊天等）？,22,22
25,8-1_0,8-1.在網路上，你喜歡跟班上哪些同學互動（例如一起打遊戲、講電話、聊天等）？,222,222
25,8-1_0,8-1.在網路上，你喜歡跟班上哪些同學互動（例如一起打遊戲、講電話、聊天等）？,2222,2222
25,8-1_0,8-1.在網路上，你喜歡跟班上哪些同學互動（例如一起打遊戲、講電話、聊天等）？,227,227
25,8-1_0,8-1.在網路上，你喜歡跟班上哪些同學互動（例如一起打遊戲、講電話、聊天等）？,23,23
25,8-1_0,8-1.在網路上，你喜歡跟班上哪些同學互動（例如一起打遊戲、講電話、聊天等）？,24,24
25,8-1_0,8-1.在網路上，你喜歡跟班上哪些同學互動（例如一起打遊戲、講電話、聊天等）？,25,25
25,8-1_0,8-1.在網路上，你喜歡跟班上哪些同學互動（例如一起打遊戲、講電話、聊天等）？,252,252
25,8-1_0,8-1.在網路上，你喜歡跟班上哪些同學互動（例如一起打遊戲、講電話、聊天等）？,26,26
25,8-1_0,8-1.在網路上，你喜歡跟班上哪些同學互動（例如一起打遊戲、講電話、聊天等）？,27,27
25,8-1_0,8-1.在網路上，你喜歡跟班上哪些同學互動（例如一起打遊戲、講電話、聊天等）？,272524,272524
25,8-1_0,8-1.在網路上，你喜歡跟班上哪些同學互動（例如一起打遊戲、講電話、聊天等）？,28,28
25,8-1_0,8-1.在網路上，你喜歡跟班上哪些同學互動（例如一起打遊戲、講電話、聊天等）？,29,29
25,8-1_0,8-1.在網路上，你喜歡跟班上哪些同學互動（例如一起打遊戲、講電話、聊天等）？,3,3
25,8-1_0,8-1.在網路上，你喜歡跟班上哪些同學互動（例如一起打遊戲、講電話、聊天等）？,30,30
25,8-1_0,8-1.在網路上，你喜歡跟班上哪些同學互動（例如一起打遊戲、講電話、聊天等）？,31,31
25,8-1_0,8-1.在網路上，你喜歡跟班上哪些同學互動（例如一起打遊戲、講電話、聊天等）？,311,311
25,8-1_0,8-1.在網路上，你喜歡跟班上哪些同學互動（例如一起打遊戲、講電話、聊天等）？,32,32
25,8-1_0,8-1.在網路上，你喜歡跟班上哪些同學互動（例如一起打遊戲、講電話、聊天等）？,33,33
25,8-1_0,8-1.在網路上，你喜歡跟班上哪些同學互動（例如一起打遊戲、講電話、聊天等）？,34,34
25,8-1_0,8-1.在網路上，你喜歡跟班上哪些同學互動（例如一起打遊戲、講電話、聊天等）？,3424,3424
25,8-1_0,8-1.在網路上，你喜歡跟班上哪些同學互動（例如一起打遊戲、講電話、聊天等）？,35,35
25,8-1_0,8-1.在網路上，你喜歡跟班上哪些同學互動（例如一起打遊戲、講電話、聊天等）？,36,36
25,8-1_0,8-1.在網路上，你喜歡跟班上哪些同學互動（例如一起打遊戲、講電話、聊天等）？,37,37
25,8-1_0,8-1.在網路上，你喜歡跟班上哪些同學互動（例如一起打遊戲、講電話、聊天等）？,38,38
25,8-1_0,8-1.在網路上，你喜歡跟班上哪些同學互動（例如一起打遊戲、講電話、聊天等）？,39,39
25,8-1_0,8-1.在網路上，你喜歡跟班上哪些同學互動（例如一起打遊戲、講電話、聊天等）？,4,4
25,8-1_0,8-1.在網路上，你喜歡跟班上哪些同學互動（例如一起打遊戲、講電話、聊天等）？,40,40
25,8-1_0,8-1.在網路上，你喜歡跟班上哪些同學互動（例如一起打遊戲、講電話、聊天等）？,41,41
25,8-1_0,8-1.在網路上，你喜歡跟班上哪些同學互動（例如一起打遊戲、講電話、聊天等）？,42,42
25,8-1_0,8-1.在網路上，你喜歡跟班上哪些同學互動（例如一起打遊戲、講電話、聊天等）？,43,43
25,8-1_0,8-1.在網路上，你喜歡跟班上哪些同學互動（例如一起打遊戲、講電話、聊天等）？,44,44
25,8-1_0,8-1.在網路上，你喜歡跟班上哪些同學互動（例如一起打遊戲、講電話、聊天等）？,45,45
25,8-1_0,8-1.在網路上，你喜歡跟班上哪些同學互動（例如一起打遊戲、講電話、聊天等）？,4553,4553
25,8-1_0,8-1.在網路上，你喜歡跟班上哪些同學互動（例如一起打遊戲、講電話、聊天等）？,46,46
25,8-1_0,8-1.在網路上，你喜歡跟班上哪些同學互動（例如一起打遊戲、講電話、聊天等）？,47,47
25,8-1_0,8-1.在網路上，你喜歡跟班上哪些同學互動（例如一起打遊戲、講電話、聊天等）？,48,48
25,8-1_0,8-1.在網路上，你喜歡跟班上哪些同學互動（例如一起打遊戲、講電話、聊天等）？,49,49
25,8-1_0,8-1.在網路上，你喜歡跟班上哪些同學互動（例如一起打遊戲、講電話、聊天等）？,5,5
25,8-1_0,8-1.在網路上，你喜歡跟班上哪些同學互動（例如一起打遊戲、講電話、聊天等）？,50,50
25,8-1_0,8-1.在網路上，你喜歡跟班上哪些同學互動（例如一起打遊戲、講電話、聊天等）？,5131921,5131921
25,8-1_0,8-1.在網路上，你喜歡跟班上哪些同學互動（例如一起打遊戲、講電話、聊天等）？,52757757575,52757757575
25,8-1_0,8-1.在網路上，你喜歡跟班上哪些同學互動（例如一起打遊戲、講電話、聊天等）？,55,55
25,8-1_0,8-1.在網路上，你喜歡跟班上哪些同學互動（例如一起打遊戲、講電話、聊天等）？,554,554
25,8-1_0,8-1.在網路上，你喜歡跟班上哪些同學互動（例如一起打遊戲、講電話、聊天等）？,565,565
25,8-1_0,8-1.在網路上，你喜歡跟班上哪些同學互動（例如一起打遊戲、講電話、聊天等）？,6,6
25,8-1_0,8-1.在網路上，你喜歡跟班上哪些同學互動（例如一起打遊戲、講電話、聊天等）？,7,7
25,8-1_0,8-1.在網路上，你喜歡跟班上哪些同學互動（例如一起打遊戲、講電話、聊天等）？,8,8
25,8-1_0,8-1.在網路上，你喜歡跟班上哪些同學互動（例如一起打遊戲、講電話、聊天等）？,87,87
25,8-1_0,8-1.在網路上，你喜歡跟班上哪些同學互動（例如一起打遊戲、講電話、聊天等）？,9,9
25,8-1_0,8-1.在網路上，你喜歡跟班上哪些同學互動（例如一起打遊戲、講電話、聊天等）？,90218,90218
25,8-1_0,8-1.在網路上，你喜歡跟班上哪些同學互動（例如一起打遊戲、講電話、聊天等）？,9849,9849
25,8-1_0,8-1.在網路上，你喜歡跟班上哪些同學互動（例如一起打遊戲、講電話、聊天等）？,99,99
26,8-1_1,( 2 ),,
26,8-1_1,( 2 ),0.0,0.0
26,8-1_1,( 2 ),1.0,1.0
26,8-1_1,( 2 ),1.1111111111111112e+16,1.1111111111111112e+16
26,8-1_1,( 2 ),10.0,10.0
26,8-1_1,( 2 ),100.0,100.0
26,8-1_1,( 2 ),101.0,101.0
26,8-1_1,( 2 ),11.0,11.0
26,8-1_1,( 2 ),111038.0,111038.0
26,8-1_1,( 2 ),12.0,12.0
26,8-1_1,( 2 ),13.0,13.0
26,8-1_1,( 2 ),14.0,14.0
26,8-1_1,( 2 ),14141414.0,14141414.0
26,8-1_1,( 2 ),1418.0,1418.0
26,8-1_1,( 2 ),15.0,15.0
26,8-1_1,( 2 ),16.0,16.0
26,8-1_1,( 2 ),17.0,17.0
26,8-1_1,( 2 ),18.0,18.0
26,8-1_1,( 2 ),19.0,19.0
26,8-1_1,( 2 ),2.0,2.0
26,8-1_1,( 2 ),20.0,20.0
26,8-1_1,( 2 ),21.0,21.0
26,8-1_1,( 2 ),22.0,22.0
26,8-1_1,( 2 ),23.0,23.0
26,8-1_1,( 2 ),232.0,232.0
26,8-1_1,( 2 ),24.0,24.0
26,8-1_1,( 2 ),2432.0,2432.0
26,8-1_1,( 2 ),25.0,25.0
26,8-1_1,( 2 ),26.0,26.0
26,8-1_1,( 2 ),27.0,27.0
26,8-1_1,( 2 ),28.0,28.0
26,8-1_1,( 2 ),2887.0,2887.0
26,8-1_1,( 2 ),29.0,29.0
26,8-1_1,( 2 ),3.0,3.0
26,8-1_1,( 2 ),30.0,30.0
26,8-1_1,( 2 ),31.0,31.0
26,8-1_1,( 2 ),32.0,32.0
26,8-1_1,( 2 ),328.0,328.0
26,8-1_1,( 2 ),33.0,33.0
26,8-1_1,( 2 ),34.0,34.0
26,8-1_1,( 2 ),35.0,35.0
26,8-1_1,( 2 ),36.0,36.0
26,8-1_1,( 2 ),37.0,37.0
26,8-1_1,( 2 ),38.0,38.0
26,8-1_1,( 2 ),39.0,39.0
26,8-1_1,( 2 ),4.0,4.0
26,8-1_1,( 2 ),40.0,40.0
26,8-1_1,( 2 ),41.0,41.0
26,8-1_1,( 2 ),42.0,42.0
26,8-1_1,( 2 ),43.0,43.0
26,8-1_1,( 2 ),44.0,44.0
26,8-1_1,( 2 ),45.0,45.0
26,8-1_1,( 2 ),45345.0,45345.0
26,8-1_1,( 2 ),46.0,46.0
26,8-1_1,( 2 ),47.0,47.0
26,8-1_1,( 2 ),48.0,48.0
26,8-1_1,( 2 ),49.0,49.0
26,8-1_1,( 2 ),5.0,5.0
26,8-1_1,( 2 ),50.0,50.0
26,8-1_1,( 2 ),5131921.0,5131921.0
26,8-1_1,( 2 ),52.0,52.0
26,8-1_1,( 2 ),525.0,525.0
26,8-1_1,( 2 ),55.0,55.0
26,8-1_1,( 2 ),6.0,6.0
26,8-1_1,( 2 ),66.0,66.0
26,8-1_1,( 2 ),7.0,7.0
26,8-1_1,( 2 ),74714777.0,74714777.0
26,8-1_1,( 2 ),75.0,75.0
26,8-1_1,( 2 ),757575.0,757575.0
26,8-1_1,( 2 ),7857278.0,7857278.0
26,8-1_1,( 2 ),8.0,8.0
26,8-1_1,( 2 ),8762.0,8762.0
26,8-1_1,( 2 ),88.0,88.0
26,8-1_1,( 2 ),898.0,898.0
26,8-1_1,( 2 ),9.0,9.0
26,8-1_1,( 2 ),90311.0,90311.0
26,8-1_1,( 2 ),99.0,99.0
26,8-1_1,( 2 ),996.0,996.0
27,8-1_2,( 3 ),,
27,8-1_2,( 3 ),0.0,0.0
27,8-1_2,( 3 ),1.0,1.0
27,8-1_2,( 3 ),10.0,10.0
27,8-1_2,( 3 ),100.0,100.0
27,8-1_2,( 3 ),102.0,102.0
27,8-1_2,( 3 ),11.0,11.0
27,8-1_2,( 3 ),111.0,111.0
27,8-1_2,( 3 ),1110038.0,1110038.0
27,8-1_2,( 3 ),114.0,114.0
27,8-1_2,( 3 ),12.0,12.0
27,8-1_2,( 3 ),13.0,13.0
27,8-1_2,( 3 ),14.0,14.0
27,8-1_2,( 3 ),1414.0,1414.0
27,8-1_2,( 3 ),15.0,15.0
27,8-1_2,( 3 ),16.0,16.0
27,8-1_2,( 3 ),17.0,17.0
27,8-1_2,( 3 ),18.0,18.0
27,8-1_2,( 3 ),1814.0,1814.0
27,8-1_2,( 3 ),19.0,19.0
27,8-1_2,( 3 ),2.0,2.0
27,8-1_2,( 3 ),20.0,20.0
27,8-1_2,( 3 ),2023.0,2023.0
27,8-1_2,( 3 ),21.0,21.0
27,8-1_2,( 3 ),22.0,22.0
27,8-1_2,( 3 ),228.0,228.0
27,8-1_2,( 3 ),23.0,23.0
27,8-1_2,( 3 ),24.0,24.0
27,8-1_2,( 3 ),25.0,25.0
27,8-1_2,( 3 ),26.0,26.0
27,8-1_2,( 3 ),27.0,27.0
27,8-1_2,( 3 ),28.0,28.0
27,8-1_2,( 3 ),29.0,29.0
27,8-1_2,( 3 ),3.0,3.0
27,8-1_2,( 3 ),30.0,30.0
27,8-1_2,( 3 ),31.0,31.0
27,8-1_2,( 3 ),32.0,32.0
27,8-1_2,( 3 ),322.0,322.0
27,8-1_2,( 3 ),33.0,33.0
27,8-1_2,( 3 ),34.0,34.0
27,8-1_2,( 3 ),35.0,35.0
27,8-1_2,( 3 ),36.0,36.0
27,8-1_2,( 3 ),37.0,37.0
27,8-1_2,( 3 ),38.0,38.0
27,8-1_2,( 3 ),39.0,39.0
27,8-1_2,( 3 ),4.0,4.0
27,8-1_2,( 3 ),40.0,40.0
27,8-1_2,( 3 ),41.0,41.0
27,8-1_2,( 3 ),42.0,42.0
27,8-1_2,( 3 ),4247.0,4247.0
27,8-1_2,( 3 ),43.0,43.0
27,8-1_2,( 3 ),44.0,44.0
27,8-1_2,( 3 ),45.0,45.0
27,8-1_2,( 3 ),46.0,46.0
27,8-1_2,( 3 ),47.0,47.0
27,8-1_2,( 3 ),47474747.0,47474747.0
27,8-1_2,( 3 ),48.0,48.0
27,8-1_2,( 3 ),5.0,5.0
27,8-1_2,( 3 ),5.4104515341531456e+17,5.4104515341531456e+17
27,8-1_2,( 3 ),50.0,50.0
27,8-1_2,( 3 ),52.0,52.0
27,8-1_2,( 3 ),522.0,522.0
27,8-1_2,( 3 ),5252.0,5252.0
27,8-1_2,( 3 ),533445.0,533445.0
27,8-1_2,( 3 ),5533.0,5533.0
27,8-1_2,( 3 ),567.0,567.0
27,8-1_2,( 3 ),6.0,6.0
27,8-1_2,( 3 ),6212.0,6212.0
27,8-1_2,( 3 ),7.0,7.0
27,8-1_2,( 3 ),72857.0,72857.0
27,8-1_2,( 3 ),757575757575.0,757575757575.0
27,8-1_2,( 3 ),77.0,77.0
27,8-1_2,( 3 ),8.0,8.0
27,8-1_2,( 3 ),89.0,89.0
27,8-1_2,( 3 ),9.0,9.0
27,8-1_2,( 3 ),91021.0,91021.0
27,8-1_2,( 3 ),99.0,99.0
28,8-1_3,( 4 ),,
28,8-1_3,( 4 ),0.0,0.0
28,8-1_3,( 4 ),1.0,1.0
28,8-1_3,( 4 ),10.0,10.0
28,8-1_3,( 4 ),100.0,100.0
28,8-1_3,( 4 ),1000.0,1000.0
28,8-1_3,( 4 ),103.0,103.0
28,8-1_3,( 4 ),11.0,11.0
28,8-1_3,( 4 ),111.0,111.0
28,8-1_3,( 4 ),1110038.0,1110038.0
28,8-1_3,( 4 ),12.0,12.0
28,8-1_3,( 4 ),122.0,122.0
28,8-1_3,( 4 ),13.0,13.0
28,8-1_3,( 4 ),14.0,14.0
28,8-1_3,( 4 ),1414141.0,1414141.0
28,8-1_3,( 4 ),15.0,15.0
28,8-1_3,( 4 ),16.0,16.0
28,8-1_3,( 4 ),17.0,17.0
28,8-1_3,( 4 ),18.0,18.0
28,8-1_3,( 4 ),1814.0,1814.0
28,8-1_3,( 4 ),19.0,19.0
28,8-1_3,( 4 ),2.0,2.0
28,8-1_3,( 4 ),20.0,20.0
28,8-1_3,( 4 ),21.0,21.0
28,8-1_3,( 4 ),215.0,215.0
28,8-1_3,( 4 ),22.0,22.0
28,8-1_3,( 4 ),23.0,23.0
28,8-1_3,( 4 ),24.0,24.0
28,8-1_3,( 4 ),25.0,25.0
28,8-1_3,( 4 ),25252.0,25252.0
28,8-1_3,( 4 ),26.0,26.0
28,8-1_3,( 4 ),27.0,27.0
28,8-1_3,( 4 ),28.0,28.0
28,8-1_3,( 4 ),29.0,29.0
28,8-1_3,( 4 ),3.0,3.0
28,8-1_3,( 4 ),30.0,30.0
28,8-1_3,( 4 ),31.0,31.0
28,8-1_3,( 4 ),32.0,32.0
28,8-1_3,( 4 ),321.0,321.0
28,8-1_3,( 4 ),323.0,323.0
28,8-1_3,( 4 ),33.0,33.0
28,8-1_3,( 4 ),34.0,34.0
28,8-1_3,( 4 ),35.0,35.0
28,8-1_3,( 4 ),354.0,354.0
28,8-1_3,( 4 ),36.0,36.0
28,8-1_3,( 4 ),37.0,37.0
28,8-1_3,( 4 ),38.0,38.0
28,8-1_3,( 4 ),39.0,39.0
28,8-1_3,( 4 ),4.0,4.0
28,8-1_3,( 4 ),40.0,40.0
28,8-1_3,( 4 ),41.0,41.0
28,8-1_3,( 4 ),42.0,42.0
28,8-1_3,( 4 ),423.0,423.0
28,8-1_3,( 4 ),43.0,43.0
28,8-1_3,( 4 ),44.0,44.0
28,8-1_3,( 4 ),45.0,45.0
28,8-1_3,( 4 ),4542.0,4542.0
28,8-1_3,( 4 ),46.0,46.0
28,8-1_3,( 4 ),47.0,47.0
28,8-1_3,( 4 ),48.0,48.0
28,8-1_3,( 4 ),49.0,49.0
28,8-1_3,( 4 ),4987.0,4987.0
28,8-1_3,( 4 ),5.0,5.0
28,8-1_3,( 4 ),50.0,50.0
28,8-1_3,( 4 ),514.0,514.0
28,8-1_3,( 4 ),52.0,52.0
28,8-1_3,( 4 ),5343.0,5343.0
28,8-1_3,( 4 ),55.0,55.0
28,8-1_3,( 4 ),555.0,555.0
28,8-1_3,( 4 ),6.0,6.0
28,8-1_3,( 4 ),66.0,66.0
28,8-1_3,( 4 ),7.0,7.0
28,8-1_3,( 4 ),7474725277.0,7474725277.0
28,8-1_3,( 4 ),78.0,78.0
28,8-1_3,( 4 ),78277.0,78277.0
28,8-1_3,( 4 ),8.0,8.0
28,8-1_3,( 4 ),88.0,88.0
28,8-1_3,( 4 ),9.0,9.0
28,8-1_3,( 4 ),90.0,90.0
28,8-1_3,( 4 ),90220.0,90220.0
29,8-1_4,( 5 ),,
29,8-1_4,( 5 ),0.0,0.0
29,8-1_4,( 5 ),1.0,1.0
29,8-1_4,( 5 ),10.0,10.0
29,8-1_4,( 5 ),100.0,100.0
29,8-1_4,( 5 ),10000.0,10000.0
29,8-1_4,( 5 ),104.0,104.0
29,8-1_4,( 5 ),11.0,11.0
29,8-1_4,( 5 ),111.0,111.0
29,8-1_4,( 5 ),1110038.0,1110038.0
29,8-1_4,( 5 ),117.0,117.0
29,8-1_4,( 5 ),12.0,12.0
29,8-1_4,( 5 ),125.0,125.0
29,8-1_4,( 5 ),13.0,13.0
29,8-1_4,( 5 ),14.0,14.0
29,8-1_4,( 5 ),144.0,144.0
29,8-1_4,( 5 ),15.0,15.0
29,8-1_4,( 5 ),16.0,16.0
29,8-1_4,( 5 ),17.0,17.0
29,8-1_4,( 5 ),18.0,18.0
29,8-1_4,( 5 ),1814.0,1814.0
29,8-1_4,( 5 ),19.0,19.0
29,8-1_4,( 5 ),1919.0,1919.0
29,8-1_4,( 5 ),2.0,2.0
29,8-1_4,( 5 ),20.0,20.0
29,8-1_4,( 5 ),21.0,21.0
29,8-1_4,( 5 ),22.0,22.0
29,8-1_4,( 5 ),23.0,23.0
29,8-1_4,( 5 ),24.0,24.0
29,8-1_4,( 5 ),25.0,25.0
29,8-1_4,( 5 ),252525.0,252525.0
29,8-1_4,( 5 ),26.0,26.0
29,8-1_4,( 5 ),27.0,27.0
29,8-1_4,( 5 ),2724.0,2724.0
29,8-1_4,( 5 ),28.0,28.0
29,8-1_4,( 5 ),29.0,29.0
29,8-1_4,( 5 ),3.0,3.0
29,8-1_4,( 5 ),30.0,30.0
29,8-1_4,( 5 ),31.0,31.0
29,8-1_4,( 5 ),32.0,32.0
29,8-1_4,( 5 ),33.0,33.0
29,8-1_4,( 5 ),34.0,34.0
29,8-1_4,( 5 ),3425.0,3425.0
29,8-1_4,( 5 ),35.0,35.0
29,8-1_4,( 5 ),353.0,353.0
29,8-1_4,( 5 ),36.0,36.0
29,8-1_4,( 5 ),37.0,37.0
29,8-1_4,( 5 ),38.0,38.0
29,8-1_4,( 5 ),39.0,39.0
29,8-1_4,( 5 ),4.0,4.0
29,8-1_4,( 5 ),40.0,40.0
29,8-1_4,( 5 ),41.0,41.0
29,8-1_4,( 5 ),42.0,42.0
29,8-1_4,( 5 ),423.0,423.0
29,8-1_4,( 5 ),43.0,43.0
29,8-1_4,( 5 ),44.0,44.0
29,8-1_4,( 5 ),45.0,45.0
29,8-1_4,( 5 ),453453.0,453453.0
29,8-1_4,( 5 ),46.0,46.0
29,8-1_4,( 5 ),47.0,47.0
29,8-1_4,( 5 ),48.0,48.0
29,8-1_4,( 5 ),5.0,5.0
29,8-1_4,( 5 ),50.0,50.0
29,8-1_4,( 5 ),54.0,54.0
29,8-1_4,( 5 ),54545.0,54545.0
29,8-1_4,( 5 ),556467567.0,556467567.0
29,8-1_4,( 5 ),6.0,6.0
29,8-1_4,( 5 ),6140.0,6140.0
29,8-1_4,( 5 ),62.0,62.0
29,8-1_4,( 5 ),666.0,666.0
29,8-1_4,( 5 ),7.0,7.0
29,8-1_4,( 5 ),7752572577.0,7752572577.0
29,8-1_4,( 5 ),78486.0,78486.0
29,8-1_4,( 5 ),8.0,8.0
29,8-1_4,( 5 ),85.0,85.0
29,8-1_4,( 5 ),8752.0,8752.0
29,8-1_4,( 5 ),88.0,88.0
29,8-1_4,( 5 ),9.0,9.0
29,8-1_4,( 5 ),91.0,91.0
29,8-1_4,( 5 ),99.0,99.0
30,8-2_0,8-2.在網路上，你不喜歡跟班上哪些同學互動？,,
30,8-2_0,8-2.在網路上，你不喜歡跟班上哪些同學互動？,0.0,0.0
30,8-2_0,8-2.在網路上，你不喜歡跟班上哪些同學互動？,1.0,1.0
30,8-2_0,8-2.在網路上，你不喜歡跟班上哪些同學互動？,1.1111111111111112e+18,1.1111111111111112e+18
30,8-2_0,8-2.在網路上，你不喜歡跟班上哪些同學互動？,1.2345678910111212e+16,1.2345678910111212e+16
30,8-2_0,8-2.在網路上，你不喜歡跟班上哪些同學互動？,10.0,10.0
30,8-2_0,8-2.在網路上，你不喜歡跟班上哪些同學互動？,100.0,100.0
30,8-2_0,8-2.在網路上，你不喜歡跟班上哪些同學互動？,105.0,105.0
30,8-2_0,8-2.在網路上，你不喜歡跟班上哪些同學互動？,11.0,11.0
30,8-2_0,8-2.在網路上，你不喜歡跟班上哪些同學互動？,110101.0,110101.0
30,8-2_0,8-2.在網路上，你不喜歡跟班上哪些同學互動？,111.0,111.0
30,8-2_0,8-2.在網路上，你不喜歡跟班上哪些同學互動？,1110038.0,1110038.0
30,8-2_0,8-2.在網路上，你不喜歡跟班上哪些同學互動？,12.0,12.0
30,8-2_0,8-2.在網路上，你不喜歡跟班上哪些同學互動？,1234.0,1234.0
30,8-2_0,8-2.在網路上，你不喜歡跟班上哪些同學互動？,12345421.0,12345421.0
30,8-2_0,8-2.在網路上，你不喜歡跟班上哪些同學互動？,123456.0,123456.0
30,8-2_0,8-2.在網路上，你不喜歡跟班上哪些同學互動？,1234567890.0,1234567890.0
30,8-2_0,8-2.在網路上，你不喜歡跟班上哪些同學互動？,13.0,13.0
30,8-2_0,8-2.在網路上，你不喜歡跟班上哪些同學互動？,14.0,14.0
30,8-2_0,8-2.在網路上，你不喜歡跟班上哪些同學互動？,15.0,15.0
30,8-2_0,8-2.在網路上，你不喜歡跟班上哪些同學互動？,16.0,16.0
30,8-2_0,8-2.在網路上，你不喜歡跟班上哪些同學互動？,17.0,17.0
30,8-2_0,8-2.在網路上，你不喜歡跟班上哪些同學互動？,18.0,18.0
30,8-2_0,8-2.在網路上，你不喜歡跟班上哪些同學互動？,19.0,19.0
30,8-2_0,8-2.在網路上，你不喜歡跟班上哪些同學互動？,2.0,2.0
30,8-2_0,8-2.在網路上，你不喜歡跟班上哪些同學互動？,20.0,20.0
30,8-2_0,8-2.在網路上，你不喜歡跟班上哪些同學互動？,21.0,21.0
30,8-2_0,8-2.在網路上，你不喜歡跟班上哪些同學互動？,22.0,22.0
30,8-2_0,8-2.在網路上，你不喜歡跟班上哪些同學互動？,22323.0,22323.0
30,8-2_0,8-2.在網路上，你不喜歡跟班上哪些同學互動？,23.0,23.0
30,8-2_0,8-2.在網路上，你不喜歡跟班上哪些同學互動？,24.0,24.0
30,8-2_0,8-2.在網路上，你不喜歡跟班上哪些同學互動？,25.0,25.0
30,8-2_0,8-2.在網路上，你不喜歡跟班上哪些同學互動？,26.0,26.0
30,8-2_0,8-2.在網路上，你不喜歡跟班上哪些同學互動？,27.0,27.0
30,8-2_0,8-2.在網路上，你不喜歡跟班上哪些同學互動？,28.0,28.0
30,8-2_0,8-2.在網路上，你不喜歡跟班上哪些同學互動？,29.0,29.0
30,8-2_0,8-2.在網路上，你不喜歡跟班上哪些同學互動？,3.0,3.0
30,8-2_0,8-2.在網路上，你不喜歡跟班上哪些同學互動？,30.0,30.0
30,8-2_0,8-2.在網路上，你不喜歡跟班上哪些同學互動？,307.0,307.0
30,8-2_0,8-2.在網路上，你不喜歡跟班上哪些同學互動？,31.0,31.0
30,8-2_0,8-2.在網路上，你不喜歡跟班上哪些同學互動？,32.0,32.0
30,8-2_0,8-2.在網路上，你不喜歡跟班上哪些同學互動？,33.0,33.0
30,8-2_0,8-2.在網路上，你不喜歡跟班上哪些同學互動？,331.0,331.0
30,8-2_0,8-2.在網路上，你不喜歡跟班上哪些同學互動？,34.0,34.0
30,8-2_0,8-2.在網路上，你不喜歡跟班上哪些同學互動？,35.0,35.0
30,8-2_0,8-2.在網路上，你不喜歡跟班上哪些同學互動？,36.0,36.0
30,8-2_0,8-2.在網路上，你不喜歡跟班上哪些同學互動？,37.0,37.0
30,8-2_0,8-2.在網路上，你不喜歡跟班上哪些同學互動？,38.0,38.0
30,8-2_0,8-2.在網路上，你不喜歡跟班上哪些同學互動？,39.0,39.0
30,8-2_0,8-2.在網路上，你不喜歡跟班上哪些同學互動？,4.0,4.0
30,8-2_0,8-2.在網路上，你不喜歡跟班上哪些同學互動？,40.0,40.0
30,8-2_0,8-2.在網路上，你不喜歡跟班上哪些同學互動？,41.0,41.0
30,8-2_0,8-2.在網路上，你不喜歡跟班上哪些同學互動？,4141414.0,4141414.0
30,8-2_0,8-2.在網路上，你不喜歡跟班上哪些同學互動？,42.0,42.0
30,8-2_0,8-2.在網路上，你不喜歡跟班上哪些同學互動？,423.0,423.0
30,8-2_0,8-2.在網路上，你不喜歡跟班上哪些同學互動？,43.0,43.0
30,8-2_0,8-2.在網路上，你不喜歡跟班上哪些同學互動？,44.0,44.0
30,8-2_0,8-2.在網路上，你不喜歡跟班上哪些同學互動？,45.0,45.0
30,8-2_0,8-2.在網路上，你不喜歡跟班上哪些同學互動？,45345345.0,45345345.0
30,8-2_0,8-2.在網路上，你不喜歡跟班上哪些同學互動？,4553.0,4553.0
30,8-2_0,8-2.在網路上，你不喜歡跟班上哪些同學互動？,46.0,46.0
30,8-2_0,8-2.在網路上，你不喜歡跟班上哪些同學互動？,47.0,47.0
30,8-2_0,8-2.在網路上，你不喜歡跟班上哪些同學互動？,49.0,49.0
30,8-2_0,8-2.在網路上，你不喜歡跟班上哪些同學互動？,5.0,5.0
30,8-2_0,8-2.在網路上，你不喜歡跟班上哪些同學互動？,50.0,50.0
30,8-2_0,8-2.在網路上，你不喜歡跟班上哪些同學互動？,51.0,51.0
30,8-2_0,8-2.在網路上，你不喜歡跟班上哪些同學互動？,525252.0,525252.0
30,8-2_0,8-2.在網路上，你不喜歡跟班上哪些同學互動？,55.0,55.0
30,8-2_0,8-2.在網路上，你不喜歡跟班上哪些同學互動？,6.0,6.0
30,8-2_0,8-2.在網路上，你不喜歡跟班上哪些同學互動？,654164181256515.0,654164181256515.0
30,8-2_0,8-2.在網路上，你不喜歡跟班上哪些同學互動？,6554.0,6554.0
30,8-2_0,8-2.在網路上，你不喜歡跟班上哪些同學互動？,66.0,66.0
30,8-2_0,8-2.在網路上，你不喜歡跟班上哪些同學互動？,66456543.0,66456543.0
30,8-2_0,8-2.在網路上，你不喜歡跟班上哪些同學互動？,69.0,69.0
30,8-2_0,8-2.在網路上，你不喜歡跟班上哪些同學互動？,7.0,7.0
30,8-2_0,8-2.在網路上，你不喜歡跟班上哪些同學互動？,7272758278.0,7272758278.0
30,8-2_0,8-2.在網路上，你不喜歡跟班上哪些同學互動？,74.0,74.0
30,8-2_0,8-2.在網路上，你不喜歡跟班上哪些同學互動？,75.0,75.0
30,8-2_0,8-2.在網路上，你不喜歡跟班上哪些同學互動？,77.0,77.0
30,8-2_0,8-2.在網路上，你不喜歡跟班上哪些同學互動？,77741.0,77741.0
30,8-2_0,8-2.在網路上，你不喜歡跟班上哪些同學互動？,786456.0,786456.0
30,8-2_0,8-2.在網路上，你不喜歡跟班上哪些同學互動？,79.0,79.0
30,8-2_0,8-2.在網路上，你不喜歡跟班上哪些同學互動？,8.0,8.0
30,8-2_0,8-2.在網路上，你不喜歡跟班上哪些同學互動？,810.0,810.0
30,8-2_0,8-2.在網路上，你不喜歡跟班上哪些同學互動？,855.0,855.0
30,8-2_0,8-2.在網路上，你不喜歡跟班上哪些同學互動？,87.0,87.0
30,8-2_0,8-2.在網路上，你不喜歡跟班上哪些同學互動？,888.0,888.0
30,8-2_0,8-2.在網路上，你不喜歡跟班上哪些同學互動？,9.0,9.0
30,8-2_0,8-2.在網路上，你不喜歡跟班上哪些同學互動？,9.999999999999999e+82,1e+83
30,8-2_0,8-2.在網路上，你不喜歡跟班上哪些同學互動？,90226.0,90226.0
30,8-2_0,8-2.在網路上，你不喜歡跟班上哪些同學互動？,99.0,99.0
31,8-2_1,( 2 ).1,,
31,8-2_1,( 2 ).1,0.0,0.0
31,8-2_1,( 2 ).1,1.0,1.0
31,8-2_1,( 2 ).1,1.0000000000000001e+118,1e+118
31,8-2_1,( 2 ).1,1.933333333333333e+16,1.933333333333333e+16
31,8-2_1,( 2 ).1,10.0,10.0
31,8-2_1,( 2 ).1,100.0,100.0
31,8-2_1,( 2 ).1,101010.0,101010.0
31,8-2_1,( 2 ).1,107.0,107.0
31,8-2_1,( 2 ).1,11.0,11.0
31,8-2_1,( 2 ).1,111.0,111.0
31,8-2_1,( 2 ).1,1110038.0,1110038.0
31,8-2_1,( 2 ).1,11111111111.0,11111111111.0
31,8-2_1,( 2 ).1,12.0,12.0
31,8-2_1,( 2 ).1,123454321.0,123454321.0
31,8-2_1,( 2 ).1,13.0,13.0
31,8-2_1,( 2 ).1,14.0,14.0
31,8-2_1,( 2 ).1,1414141414.0,1414141414.0
31,8-2_1,( 2 ).1,15.0,15.0
31,8-2_1,( 2 ).1,151.0,151.0
31,8-2_1,( 2 ).1,16.0,16.0
31,8-2_1,( 2 ).1,17.0,17.0
31,8-2_1,( 2 ).1,18.0,18.0
31,8-2_1,( 2 ).1,19.0,19.0
31,8-2_1,( 2 ).1,2.0,2.0
31,8-2_1,( 2 ).1,20.0,20.0
31,8-2_1,( 2 ).1,21.0,21.0
31,8-2_1,( 2 ).1,22.0,22.0
31,8-2_1,( 2 ).1,222.0,222.0
31,8-2_1,( 2 ).1,23.0,23.0
31,8-2_1,( 2 ).1,24.0,24.0
31,8-2_1,( 2 ).1,25.0,25.0
31,8-2_1,( 2 ).1,2525252.0,2525252.0
31,8-2_1,( 2 ).1,26.0,26.0
31,8-2_1,( 2 ).1,27.0,27.0
31,8-2_1,( 2 ).1,28.0,28.0
31,8-2_1,( 2 ).1,29.0,29.0
31,8-2_1,( 2 ).1,3.0,3.0
31,8-2_1,( 2 ).1,30.0,30.0
31,8-2_1,( 2 ).1,31.0,31.0
31,8-2_1,( 2 ).1,32.0,32.0
31,8-2_1,( 2 ).1,329.0,329.0
31,8-2_1,( 2 ).1,33.0,33.0
31,8-2_1,( 2 ).1,34.0,34.0
31,8-2_1,( 2 ).1,35.0,35.0
31,8-2_1,( 2 ).1,36.0,36.0
31,8-2_1,( 2 ).1,37.0,37.0
31,8-2_1,( 2 ).1,38.0,38.0
31,8-2_1,( 2 ).1,39.0,39.0
31,8-2_1,( 2 ).1,4.0,4.0
31,8-2_1,( 2 ).1,40.0,40.0
31,8-2_1,( 2 ).1,41.0,41.0
31,8-2_1,( 2 ).1,42.0,42.0
31,8-2_1,( 2 ).1,423.0,423.0
31,8-2_1,( 2 ).1,43.0,43.0
31,8-2_1,( 2 ).1,44.0,44.0
31,8-2_1,( 2 ).1,45.0,45.0
31,8-2_1,( 2 ).1,453435.0,453435.0
31,8-2_1,( 2 ).1,46.0,46.0
31,8-2_1,( 2 ).1,48.0,48.0
31,8-2_1,( 2 ).1,49.0,49.0
31,8-2_1,( 2 ).1,5.0,5.0
31,8-2_1,( 2 ).1,50.0,50.0
31,8-2_1,( 2 ).1,51.0,51.0
31,8-2_1,( 2 ).1,52.0,52.0
31,8-2_1,( 2 ).1,5275272782.0,5275272782.0
31,8-2_1,( 2 ).1,53.0,53.0
31,8-2_1,( 2 ).1,53453454354.0,53453454354.0
31,8-2_1,( 2 ).1,54.0,54.0
31,8-2_1,( 2 ).1,55.0,55.0
31,8-2_1,( 2 ).1,5644.0,5644.0
31,8-2_1,( 2 ).1,5678.0,5678.0
31,8-2_1,( 2 ).1,58.0,58.0
31,8-2_1,( 2 ).1,59.0,59.0
31,8-2_1,( 2 ).1,6.0,6.0
31,8-2_1,( 2 ).1,60.0,60.0
31,8-2_1,( 2 ).1,652.0,652.0
31,8-2_1,( 2 ).1,65465.0,65465.0
31,8-2_1,( 2 ).1,66.0,66.0
31,8-2_1,( 2 ).1,68.0,68.0
31,8-2_1,( 2 ).1,69.0,69.0
31,8-2_1,( 2 ).1,7.0,7.0
31,8-2_1,( 2 ).1,777.0,777.0
31,8-2_1,( 2 ).1,789.0,789.0
31,8-2_1,( 2 ).1,8.0,8.0
31,8-2_1,( 2 ).1,87.0,87.0
31,8-2_1,( 2 ).1,9.0,9.0
31,8-2_1,( 2 ).1,90318.0,90318.0
31,8-2_1,( 2 ).1,987.0,987.0
32,8-2_2,( 3 ).1,,
32,8-2_2,( 3 ).1,0.0,0.0
32,8-2_2,( 3 ).1,1.0,1.0
32,8-2_2,( 3 ).1,10.0,10.0
32,8-2_2,( 3 ).1,100.0,100.0
32,8-2_2,( 3 ).1,1010110.0,1010110.0
32,8-2_2,( 3 ).1,106.0,106.0
32,8-2_2,( 3 ).1,11.0,11.0
32,8-2_2,( 3 ).1,111.0,111.0
32,8-2_2,( 3 ).1,1110038.0,1110038.0
32,8-2_2,( 3 ).1,111111111111.0,111111111111.0
32,8-2_2,( 3 ).1,12.0,12.0
32,8-2_2,( 3 ).1,123454321.0,123454321.0
32,8-2_2,( 3 ).1,1234567890.0,1234567890.0
32,8-2_2,( 3 ).1,13.0,13.0
32,8-2_2,( 3 ).1,14.0,14.0
32,8-2_2,( 3 ).1,14141.0,14141.0
32,8-2_2,( 3 ).1,144.0,144.0
32,8-2_2,( 3 ).1,15.0,15.0
32,8-2_2,( 3 ).1,16.0,16.0
32,8-2_2,( 3 ).1,17.0,17.0
32,8-2_2,( 3 ).1,18.0,18.0
32,8-2_2,( 3 ).1,19.0,19.0
32,8-2_2,( 3 ).1,2.0,2.0
32,8-2_2,( 3 ).1,20.0,20.0
32,8-2_2,( 3 ).1,200.0,200.0
32,8-2_2,( 3 ).1,21.0,21.0
32,8-2_2,( 3 ).1,22.0,22.0
32,8-2_2,( 3 ).1,23.0,23.0
32,8-2_2,( 3 ).1,24.0,24.0
32,8-2_2,( 3 ).1,25.0,25.0
32,8-2_2,( 3 ).1,25252525.0,25252525.0
32,8-2_2,( 3 ).1,26.0,26.0
32,8-2_2,( 3 ).1,27.0,27.0
32,8-2_2,( 3 ).1,28.0,28.0
32,8-2_2,( 3 ).1,29.0,29.0
32,8-2_2,( 3 ).1,3.0,3.0
32,8-2_2,( 3 ).1,30.0,30.0
32,8-2_2,( 3 ).1,31.0,31.0
32,8-2_2,( 3 ).1,32.0,32.0
32,8-2_2,( 3 ).1,321.0,321.0
32,8-2_2,( 3 ).1,327.0,327.0
32,8-2_2,( 3 ).1,33.0,33.0
32,8-2_2,( 3 ).1,333.0,333.0
32,8-2_2,( 3 ).1,34.0,34.0
32,8-2_2,( 3 ).1,35.0,35.0
32,8-2_2,( 3 ).1,36.0,36.0
32,8-2_2,( 3 ).1,37.0,37.0
32,8-2_2,( 3 ).1,38.0,38.0
32,8-2_2,( 3 ).1,39.0,39.0
32,8-2_2,( 3 ).1,4.0,4.0
32,8-2_2,( 3 ).1,40.0,40.0
32,8-2_2,( 3 ).1,4000.0,4000.0
32,8-2_2,( 3 ).1,41.0,41.0
32,8-2_2,( 3 ).1,42.0,42.0
32,8-2_2,( 3 ).1,43.0,43.0
32,8-2_2,( 3 ).1,44.0,44.0
32,8-2_2,( 3 ).1,45.0,45.0
32,8-2_2,( 3 ).1,45341523.0,45341523.0
32,8-2_2,( 3 ).1,46.0,46.0
32,8-2_2,( 3 ).1,47.0,47.0
32,8-2_2,( 3 ).1,49.0,49.0
32,8-2_2,( 3 ).1,5.0,5.0
32,8-2_2,( 3 ).1,50.0,50.0
32,8-2_2,( 3 ).1,51.0,51.0
32,8-2_2,( 3 ).1,53.0,53.0
32,8-2_2,( 3 ).1,54.0,54.0
32,8-2_2,( 3 ).1,543453453.0,543453453.0
32,8-2_2,( 3 ).1,55.0,55.0
32,8-2_2,( 3 ).1,56.0,56.0
32,8-2_2,( 3 ).1,567.0,567.0
32,8-2_2,( 3 ).1,6.0,6.0
32,8-2_2,( 3 ).1,69.0,69.0
32,8-2_2,( 3 ).1,7.0,7.0
32,8-2_2,( 3 ).1,75.0,75.0
32,8-2_2,( 3 ).1,78.0,78.0
32,8-2_2,( 3 ).1,8.0,8.0
32,8-2_2,( 3 ).1,86498.0,86498.0
32,8-2_2,( 3 ).1,87.0,87.0
32,8-2_2,( 3 ).1,9.0,9.0
32,8-2_2,( 3 ).1,90217.0,90217.0
32,8-2_2,( 3 ).1,9755.0,9755.0
32,8-2_2,( 3 ).1,9876.0,9876.0
32,8-2_2,( 3 ).1,99.0,99.0
33,8-2_3,( 4 ).1,,
33,8-2_3,( 4 ).1,0.0,0.0
33,8-2_3,( 4 ).1,1.0,1.0
33,8-2_3,( 4 ).1,1.2312313213213212e+18,1.2312313213213212e+18
33,8-2_3,( 4 ).1,10.0,10.0
33,8-2_3,( 4 ).1,100.0,100.0
33,8-2_3,( 4 ).1,10101010.0,10101010.0
33,8-2_3,( 4 ).1,108.0,108.0
33,8-2_3,( 4 ).1,11.0,11.0
33,8-2_3,( 4 ).1,111.0,111.0
33,8-2_3,( 4 ).1,1110038.0,1110038.0
33,8-2_3,( 4 ).1,1111111111.0,1111111111.0
33,8-2_3,( 4 ).1,114514.0,114514.0
33,8-2_3,( 4 ).1,12.0,12.0
33,8-2_3,( 4 ).1,12343212.0,12343212.0
33,8-2_3,( 4 ).1,13.0,13.0
33,8-2_3,( 4 ).1,14.0,14.0
33,8-2_3,( 4 ).1,15.0,15.0
33,8-2_3,( 4 ).1,16.0,16.0
33,8-2_3,( 4 ).1,17.0,17.0
33,8-2_3,( 4 ).1,18.0,18.0
33,8-2_3,( 4 ).1,19.0,19.0
33,8-2_3,( 4 ).1,2.0,2.0
33,8-2_3,( 4 ).1,20.0,20.0
33,8-2_3,( 4 ).1,2000.0,2000.0
33,8-2_3,( 4 ).1,21.0,21.0
33,8-2_3,( 4 ).1,22.0,22.0
33,8-2_3,( 4 ).1,23.0,23.0
33,8-2_3,( 4 ).1,233.0,233.0
33,8-2_3,( 4 ).1,24.0,24.0
33,8-2_3,( 4 ).1,246.0,246.0
33,8-2_3,( 4 ).1,25.0,25.0
33,8-2_3,( 4 ).1,25252525.0,25252525.0
33,8-2_3,( 4 ).1,26.0,26.0
33,8-2_3,( 4 ).1,27.0,27.0
33,8-2_3,( 4 ).1,277.0,277.0
33,8-2_3,( 4 ).1,28.0,28.0
33,8-2_3,( 4 ).1,29.0,29.0
33,8-2_3,( 4 ).1,3.0,3.0
33,8-2_3,( 4 ).1,30.0,30.0
33,8-2_3,( 4 ).1,31.0,31.0
33,8-2_3,( 4 ).1,32.0,32.0
33,8-2_3,( 4 ).1,33.0,33.0
33,8-2_3,( 4 ).1,34.0,34.0
33,8-2_3,( 4 ).1,35.0,35.0
33,8-2_3,( 4 ).1,36.0,36.0
33,8-2_3,( 4 ).1,37.0,37.0
33,8-2_3,( 4 ).1,38.0,38.0
33,8-2_3,( 4 ).1,39.0,39.0
33,8-2_3,( 4 ).1,4.0,4.0
33,8-2_3,( 4 ).1,40.0,40.0
33,8-2_3,( 4 ).1,41.0,41.0
33,8-2_3,( 4 ).1,414141.0,414141.0
33,8-2_3,( 4 ).1,42.0,42.0
33,8-2_3,( 4 ).1,43.0,43.0
33,8-2_3,( 4 ).1,44.0,44.0
33,8-2_3,( 4 ).1,444.0,444.0
33,8-2_3,( 4 ).1,45.0,45.0
33,8-2_3,( 4 ).1,4564.0,4564.0
33,8-2_3,( 4 ).1,47.0,47.0
33,8-2_3,( 4 ).1,48.0,48.0
33,8-2_3,( 4 ).1,49.0,49.0
33,8-2_3,( 4 ).1,5.0,5.0
33,8-2_3,( 4 ).1,50.0,50.0
33,8-2_3,( 4 ).1,52.0,52.0
33,8-2_3,( 4 ).1,526.0,526.0
33,8-2_3,( 4 ).1,5343453.0,5343453.0
33,8-2_3,( 4 ).1,54.0,54.0
33,8-2_3,( 4 ).1,54345.0,54345.0
33,8-2_3,( 4 ).1,54345354354.0,54345354354.0
33,8-2_3,( 4 ).1,55.0,55.0
33,8-2_3,( 4 ).1,6.0,6.0
33,8-2_3,( 4 ).1,63.0,63.0
33,8-2_3,( 4 ).1,6666.0,6666.0
33,8-2_3,( 4 ).1,69.0,69.0
33,8-2_3,( 4 ).1,7.0,7.0
33,8-2_3,( 4 ).1,7272727.0,7272727.0
33,8-2_3,( 4 ).1,787.0,787.0
33,8-2_3,( 4 ).1,8.0,8.0
33,8-2_3,( 4 ).1,8415.0,8415.0
33,8-2_3,( 4 ).1,87.0,87.0
33,8-2_3,( 4 ).1,8949684.0,8949684.0
33,8-2_3,( 4 ).1,9.0,9.0
33,8-2_3,( 4 ).1,90209.0,90209.0
33,8-2_3,( 4 ).1,98.0,98.0
33,8-2_3,( 4 ).1,9876543210.0,9876543210.0
33,8-2_3,( 4 ).1,99.0,99.0
33,8-2_3,( 4 ).1,99999.0,99999.0
34,8-2_4,( 5 ).1,,
34,8-2_4,( 5 ).1,0.0,0.0
34,8-2_4,( 5 ).1,1.0,1.0
34,8-2_4,( 5 ).1,10.0,10.0
34,8-2_4,( 5 ).1,100.0,100.0
34,8-2_4,( 5 ).1,1010101010.0,1010101010.0
34,8-2_4,( 5 ).1,109.0,109.0
34,8-2_4,( 5 ).1,11.0,11.0
34,8-2_4,( 5 ).1,111.0,111.0
34,8-2_4,( 5 ).1,1110038.0,1110038.0
34,8-2_4,( 5 ).1,1111111111.0,1111111111.0
34,8-2_4,( 5 ).1,111224772.0,111224772.0
34,8-2_4,( 5 ).1,12.0,12.0
34,8-2_4,( 5 ).1,121321321.0,121321321.0
34,8-2_4,( 5 ).1,1234532.0,1234532.0
34,8-2_4,( 5 ).1,13.0,13.0
34,8-2_4,( 5 ).1,14.0,14.0
34,8-2_4,( 5 ).1,141414141.0,141414141.0
34,8-2_4,( 5 ).1,15.0,15.0
34,8-2_4,( 5 ).1,16.0,16.0
34,8-2_4,( 5 ).1,17.0,17.0
34,8-2_4,( 5 ).1,175.0,175.0
34,8-2_4,( 5 ).1,18.0,18.0
34,8-2_4,( 5 ).1,19.0,19.0
34,8-2_4,( 5 ).1,2.0,2.0
34,8-2_4,( 5 ).1,20.0,20.0
34,8-2_4,( 5 ).1,20000.0,20000.0
34,8-2_4,( 5 ).1,21.0,21.0
34,8-2_4,( 5 ).1,22.0,22.0
34,8-2_4,( 5 ).1,228.0,228.0
34,8-2_4,( 5 ).1,228922.0,228922.0
34,8-2_4,( 5 ).1,23.0,23.0
34,8-2_4,( 5 ).1,24.0,24.0
34,8-2_4,( 5 ).1,245.0,245.0
34,8-2_4,( 5 ).1,25.0,25.0
34,8-2_4,( 5 ).1,25252525.0,25252525.0
34,8-2_4,( 5 ).1,26.0,26.0
34,8-2_4,( 5 ).1,27.0,27.0
34,8-2_4,( 5 ).1,28.0,28.0
34,8-2_4,( 5 ).1,29.0,29.0
34,8-2_4,( 5 ).1,3.0,3.0
34,8-2_4,( 5 ).1,30.0,30.0
34,8-2_4,( 5 ).1,31.0,31.0
34,8-2_4,( 5 ).1,313.0,313.0
34,8-2_4,( 5 ).1,32.0,32.0
34,8-2_4,( 5 ).1,33.0,33.0
34,8-2_4,( 5 ).1,34.0,34.0
34,8-2_4,( 5 ).1,35.0,35.0
34,8-2_4,( 5 ).1,36.0,36.0
34,8-2_4,( 5 ).1,37.0,37.0
34,8-2_4,( 5 ).1,38.0,38.0
34,8-2_4,( 5 ).1,39.0,39.0
34,8-2_4,( 5 ).1,4.0,4.0
34,8-2_4,( 5 ).1,40.0,40.0
34,8-2_4,( 5 ).1,41.0,41.0
34,8-2_4,( 5 ).1,418987.0,418987.0
34,8-2_4,( 5 ).1,42.0,42.0
34,8-2_4,( 5 ).1,43.0,43.0
34,8-2_4,( 5 ).1,44.0,44.0
34,8-2_4,( 5 ).1,446.0,446.0
34,8-2_4,( 5 ).1,45.0,45.0
34,8-2_4,( 5 ).1,45884.0,45884.0
34,8-2_4,( 5 ).1,48.0,48.0
34,8-2_4,( 5 ).1,4864189.0,4864189.0
34,8-2_4,( 5 ).1,49.0,49.0
34,8-2_4,( 5 ).1,5.0,5.0
34,8-2_4,( 5 ).1,5.1151515151515e+20,5.1151515151515e+20
34,8-2_4,( 5 ).1,50.0,50.0
34,8-2_4,( 5 ).1,53.0,53.0
34,8-2_4,( 5 ).1,534354534.0,534354534.0
34,8-2_4,( 5 ).1,54.0,54.0
34,8-2_4,( 5 ).1,543543543.0,543543543.0
34,8-2_4,( 5 ).1,55.0,55.0
34,8-2_4,( 5 ).1,555.0,555.0
34,8-2_4,( 5 ).1,6.0,6.0
34,8-2_4,( 5 ).1,63.0,63.0
34,8-2_4,( 5 ).1,65.0,65.0
34,8-2_4,( 5 ).1,654987.0,654987.0
34,8-2_4,( 5 ).1,69.0,69.0
34,8-2_4,( 5 ).1,7.0,7.0
34,8-2_4,( 5 ).1,7275272.0,7275272.0
34,8-2_4,( 5 ).1,76557.0,76557.0
34,8-2_4,( 5 ).1,77.0,77.0
34,8-2_4,( 5 ).1,8.0,8.0
34,8-2_4,( 5 ).1,87.0,87.0
34,8-2_4,( 5 ).1,88.0,88.0
34,8-2_4,( 5 ).1,888.0,888.0
34,8-2_4,( 5 ).1,9.0,9.0
34,8-2_4,( 5 ).1,90205.0,90205.0
34,8-2_4,( 5 ).1,9487.0,9487.0
34,8-2_4,( 5 ).1,9874.0,9874.0
34,8-2_4,( 5 ).1,99.0,99.0
35,8-3_0,8-3.在現實生活(非網路)中，你喜歡跟班上哪些同學互動（例如分組同組、一起吃飯、討論功課、聊心事等）？,0.0,0.0
35,8-3_0,8-3.在現實生活(非網路)中，你喜歡跟班上哪些同學互動（例如分組同組、一起吃飯、討論功課、聊心事等）？,1.0,1.0
35,8-3_0,8-3.在現實生活(非網路)中，你喜歡跟班上哪些同學互動（例如分組同組、一起吃飯、討論功課、聊心事等）？,10.0,10.0
35,8-3_0,8-3.在現實生活(非網路)中，你喜歡跟班上哪些同學互動（例如分組同組、一起吃飯、討論功課、聊心事等）？,100.0,100.0
35,8-3_0,8-3.在現實生活(非網路)中，你喜歡跟班上哪些同學互動（例如分組同組、一起吃飯、討論功課、聊心事等）？,11.0,11.0
35,8-3_0,8-3.在現實生活(非網路)中，你喜歡跟班上哪些同學互動（例如分組同組、一起吃飯、討論功課、聊心事等）？,110.0,110.0
35,8-3_0,8-3.在現實生活(非網路)中，你喜歡跟班上哪些同學互動（例如分組同組、一起吃飯、討論功課、聊心事等）？,111.0,111.0
35,8-3_0,8-3.在現實生活(非網路)中，你喜歡跟班上哪些同學互動（例如分組同組、一起吃飯、討論功課、聊心事等）？,1110038.0,1110038.0
35,8-3_0,8-3.在現實生活(非網路)中，你喜歡跟班上哪些同學互動（例如分組同組、一起吃飯、討論功課、聊心事等）？,111111111111111.0,111111111111111.0
35,8-3_0,8-3.在現實生活(非網路)中，你喜歡跟班上哪些同學互動（例如分組同組、一起吃飯、討論功課、聊心事等）？,1145.0,1145.0
35,8-3_0,8-3.在現實生活(非網路)中，你喜歡跟班上哪些同學互動（例如分組同組、一起吃飯、討論功課、聊心事等）？,119.0,119.0
35,8-3_0,8-3.在現實生活(非網路)中，你喜歡跟班上哪些同學互動（例如分組同組、一起吃飯、討論功課、聊心事等）？,12.0,12.0
35,8-3_0,8-3.在現實生活(非網路)中，你喜歡跟班上哪些同學互動（例如分組同組、一起吃飯、討論功課、聊心事等）？,123.0,123.0
35,8-3_0,8-3.在現實生活(非網路)中，你喜歡跟班上哪些同學互動（例如分組同組、一起吃飯、討論功課、聊心事等）？,125.0,125.0
35,8-3_0,8-3.在現實生活(非網路)中，你喜歡跟班上哪些同學互動（例如分組同組、一起吃飯、討論功課、聊心事等）？,13.0,13.0
35,8-3_0,8-3.在現實生活(非網路)中，你喜歡跟班上哪些同學互動（例如分組同組、一起吃飯、討論功課、聊心事等）？,14.0,14.0
35,8-3_0,8-3.在現實生活(非網路)中，你喜歡跟班上哪些同學互動（例如分組同組、一起吃飯、討論功課、聊心事等）？,15.0,15.0
35,8-3_0,8-3.在現實生活(非網路)中，你喜歡跟班上哪些同學互動（例如分組同組、一起吃飯、討論功課、聊心事等）？,16.0,16.0
35,8-3_0,8-3.在現實生活(非網路)中，你喜歡跟班上哪些同學互動（例如分組同組、一起吃飯、討論功課、聊心事等）？,17.0,17.0
35,8-3_0,8-3.在現實生活(非網路)中，你喜歡跟班上哪些同學互動（例如分組同組、一起吃飯、討論功課、聊心事等）？,1720.0,1720.0
35,8-3_0,8-3.在現實生活(非網路)中，你喜歡跟班上哪些同學互動（例如分組同組、一起吃飯、討論功課、聊心事等）？,18.0,18.0
35,8-3_0,8-3.在現實生活(非網路)中，你喜歡跟班上哪些同學互動（例如分組同組、一起吃飯、討論功課、聊心事等）？,1814.0,1814.0
35,8-3_0,8-3.在現實生活(非網路)中，你喜歡跟班上哪些同學互動（例如分組同組、一起吃飯、討論功課、聊心事等）？,19.0,19.0
35,8-3_0,8-3.在現實生活(非網路)中，你喜歡跟班上哪些同學互動（例如分組同組、一起吃飯、討論功課、聊心事等）？,1e+78,1e+78
35,8-3_0,8-3.在現實生活(非網路)中，你喜歡跟班上哪些同學互動（例如分組同組、一起吃飯、討論功課、聊心事等）？,2.0,2.0
35,8-3_0,8-3.在現實生活(非網路)中，你喜歡跟班上哪些同學互動（例如分組同組、一起吃飯、討論功課、聊心事等）？,20.0,20.0
35,8-3_0,8-3.在現實生活(非網路)中，你喜歡跟班上哪些同學互動（例如分組同組、一起吃飯、討論功課、聊心事等）？,21.0,21.0
35,8-3_0,8-3.在現實生活(非網路)中，你喜歡跟班上哪些同學互動（例如分組同組、一起吃飯、討論功課、聊心事等）？,22.0,22.0
35,8-3_0,8-3.在現實生活(非網路)中，你喜歡跟班上哪些同學互動（例如分組同組、一起吃飯、討論功課、聊心事等）？,222.0,222.0
35,8-3_0,8-3.在現實生活(非網路)中，你喜歡跟班上哪些同學互動（例如分組同組、一起吃飯、討論功課、聊心事等）？,23.0,23.0
35,8-3_0,8-3.在現實生活(非網路)中，你喜歡跟班上哪些同學互動（例如分組同組、一起吃飯、討論功課、聊心事等）？,24.0,24.0
35,8-3_0,8-3.在現實生活(非網路)中，你喜歡跟班上哪些同學互動（例如分組同組、一起吃飯、討論功課、聊心事等）？,25.0,25.0
35,8-3_0,8-3.在現實生活(非網路)中，你喜歡跟班上哪些同學互動（例如分組同組、一起吃飯、討論功課、聊心事等）？,2528.0,2528.0
35,8-3_0,8-3.在現實生活(非網路)中，你喜歡跟班上哪些同學互動（例如分組同組、一起吃飯、討論功課、聊心事等）？,26.0,26.0
35,8-3_0,8-3.在現實生活(非網路)中，你喜歡跟班上哪些同學互動（例如分組同組、一起吃飯、討論功課、聊心事等）？,27.0,27.0
35,8-3_0,8-3.在現實生活(非網路)中，你喜歡跟班上哪些同學互動（例如分組同組、一起吃飯、討論功課、聊心事等）？,27275275272572.0,27275275272572.0
35,8-3_0,8-3.在現實生活(非網路)中，你喜歡跟班上哪些同學互動（例如分組同組、一起吃飯、討論功課、聊心事等）？,28.0,28.0
35,8-3_0,8-3.在現實生活(非網路)中，你喜歡跟班上哪些同學互動（例如分組同組、一起吃飯、討論功課、聊心事等）？,29.0,29.0
35,8-3_0,8-3.在現實生活(非網路)中，你喜歡跟班上哪些同學互動（例如分組同組、一起吃飯、討論功課、聊心事等）？,3.0,3.0
35,8-3_0,8-3.在現實生活(非網路)中，你喜歡跟班上哪些同學互動（例如分組同組、一起吃飯、討論功課、聊心事等）？,30.0,30.0
35,8-3_0,8-3.在現實生活(非網路)中，你喜歡跟班上哪些同學互動（例如分組同組、一起吃飯、討論功課、聊心事等）？,3000.0,3000.0
35,8-3_0,8-3.在現實生活(非網路)中，你喜歡跟班上哪些同學互動（例如分組同組、一起吃飯、討論功課、聊心事等）？,31.0,31.0
35,8-3_0,8-3.在現實生活(非網路)中，你喜歡跟班上哪些同學互動（例如分組同組、一起吃飯、討論功課、聊心事等）？,311.0,311.0
35,8-3_0,8-3.在現實生活(非網路)中，你喜歡跟班上哪些同學互動（例如分組同組、一起吃飯、討論功課、聊心事等）？,32.0,32.0
35,8-3_0,8-3.在現實生活(非網路)中，你喜歡跟班上哪些同學互動（例如分組同組、一起吃飯、討論功課、聊心事等）？,33.0,33.0
35,8-3_0,8-3.在現實生活(非網路)中，你喜歡跟班上哪些同學互動（例如分組同組、一起吃飯、討論功課、聊心事等）？,34.0,34.0
35,8-3_0,8-3.在現實生活(非網路)中，你喜歡跟班上哪些同學互動（例如分組同組、一起吃飯、討論功課、聊心事等）？,35.0,35.0
35,8-3_0,8-3.在現實生活(非網路)中，你喜歡跟班上哪些同學互動（例如分組同組、一起吃飯、討論功課、聊心事等）？,36.0,36.0
35,8-3_0,8-3.在現實生活(非網路)中，你喜歡跟班上哪些同學互動（例如分組同組、一起吃飯、討論功課、聊心事等）？,37.0,37.0
35,8-3_0,8-3.在現實生活(非網路)中，你喜歡跟班上哪些同學互動（例如分組同組、一起吃飯、討論功課、聊心事等）？,38.0,38.0
35,8-3_0,8-3.在現實生活(非網路)中，你喜歡跟班上哪些同學互動（例如分組同組、一起吃飯、討論功課、聊心事等）？,39.0,39.0
35,8-3_0,8-3.在現實生活(非網路)中，你喜歡跟班上哪些同學互動（例如分組同組、一起吃飯、討論功課、聊心事等）？,4.0,4.0
35,8-3_0,8-3.在現實生活(非網路)中，你喜歡跟班上哪些同學互動（例如分組同組、一起吃飯、討論功課、聊心事等）？,40.0,40.0
35,8-3_0,8-3.在現實生活(非網路)中，你喜歡跟班上哪些同學互動（例如分組同組、一起吃飯、討論功課、聊心事等）？,41.0,41.0
35,8-3_0,8-3.在現實生活(非網路)中，你喜歡跟班上哪些同學互動（例如分組同組、一起吃飯、討論功課、聊心事等）？,41414.0,41414.0
35,8-3_0,8-3.在現實生活(非網路)中，你喜歡跟班上哪些同學互動（例如分組同組、一起吃飯、討論功課、聊心事等）？,42.0,42.0
35,8-3_0,8-3.在現實生活(非網路)中，你喜歡跟班上哪些同學互動（例如分組同組、一起吃飯、討論功課、聊心事等）？,43.0,43.0
35,8-3_0,8-3.在現實生活(非網路)中，你喜歡跟班上哪些同學互動（例如分組同組、一起吃飯、討論功課、聊心事等）？,44.0,44.0
35,8-3_0,8-3.在現實生活(非網路)中，你喜歡跟班上哪些同學互動（例如分組同組、一起吃飯、討論功課、聊心事等）？,45.0,45.0
35,8-3_0,8-3.在現實生活(非網路)中，你喜歡跟班上哪些同學互動（例如分組同組、一起吃飯、討論功課、聊心事等）？,45645845.0,45645845.0
35,8-3_0,8-3.在現實生活(非網路)中，你喜歡跟班上哪些同學互動（例如分組同組、一起吃飯、討論功課、聊心事等）？,46.0,46.0
35,8-3_0,8-3.在現實生活(非網路)中，你喜歡跟班上哪些同學互動（例如分組同組、一起吃飯、討論功課、聊心事等）？,47.0,47.0
35,8-3_0,8-3.在現實生活(非網路)中，你喜歡跟班上哪些同學互動（例如分組同組、一起吃飯、討論功課、聊心事等）？,48.0,48.0
35,8-3_0,8-3.在現實生活(非網路)中，你喜歡跟班上哪些同學互動（例如分組同組、一起吃飯、討論功課、聊心事等）？,5.0,5.0
35,8-3_0,8-3.在現實生活(非網路)中，你喜歡跟班上哪些同學互動（例如分組同組、一起吃飯、討論功課、聊心事等）？,525525252.0,525525252.0
35,8-3_0,8-3.在現實生活(非網路)中，你喜歡跟班上哪些同學互動（例如分組同組、一起吃飯、討論功課、聊心事等）？,534354354.0,534354354.0
35,8-3_0,8-3.在現實生活(非網路)中，你喜歡跟班上哪些同學互動（例如分組同組、一起吃飯、討論功課、聊心事等）？,5354543.0,5354543.0
35,8-3_0,8-3.在現實生活(非網路)中，你喜歡跟班上哪些同學互動（例如分組同組、一起吃飯、討論功課、聊心事等）？,54.0,54.0
35,8-3_0,8-3.在現實生活(非網路)中，你喜歡跟班上哪些同學互動（例如分組同組、一起吃飯、討論功課、聊心事等）？,55.0,55.0
35,8-3_0,8-3.在現實生活(非網路)中，你喜歡跟班上哪些同學互動（例如分組同組、一起吃飯、討論功課、聊心事等）？,6.0,6.0
35,8-3_0,8-3.在現實生活(非網路)中，你喜歡跟班上哪些同學互動（例如分組同組、一起吃飯、討論功課、聊心事等）？,63.0,63.0
35,8-3_0,8-3.在現實生活(非網路)中，你喜歡跟班上哪些同學互動（例如分組同組、一起吃飯、討論功課、聊心事等）？,66.0,66.0
35,8-3_0,8-3.在現實生活(非網路)中，你喜歡跟班上哪些同學互動（例如分組同組、一起吃飯、討論功課、聊心事等）？,69.0,69.0
35,8-3_0,8-3.在現實生活(非網路)中，你喜歡跟班上哪些同學互動（例如分組同組、一起吃飯、討論功課、聊心事等）？,7.0,7.0
35,8-3_0,8-3.在現實生活(非網路)中，你喜歡跟班上哪些同學互動（例如分組同組、一起吃飯、討論功課、聊心事等）？,765.0,765.0
35,8-3_0,8-3.在現實生活(非網路)中，你喜歡跟班上哪些同學互動（例如分組同組、一起吃飯、討論功課、聊心事等）？,78574.0,78574.0
35,8-3_0,8-3.在現實生活(非網路)中，你喜歡跟班上哪些同學互動（例如分組同組、一起吃飯、討論功課、聊心事等）？,8.0,8.0
35,8-3_0,8-3.在現實生活(非網路)中，你喜歡跟班上哪些同學互動（例如分組同組、一起吃飯、討論功課、聊心事等）？,854.0,854.0
35,8-3_0,8-3.在現實生活(非網路)中，你喜歡跟班上哪些同學互動（例如分組同組、一起吃飯、討論功課、聊心事等）？,8755.0,8755.0
35,8-3_0,8-3.在現實生活(非網路)中，你喜歡跟班上哪些同學互動（例如分組同組、一起吃飯、討論功課、聊心事等）？,88.0,88.0
35,8-3_0,8-3.在現實生活(非網路)中，你喜歡跟班上哪些同學互動（例如分組同組、一起吃飯、討論功課、聊心事等）？,88888.0,88888.0
35,8-3_0,8-3.在現實生活(非網路)中，你喜歡跟班上哪些同學互動（例如分組同組、一起吃飯、討論功課、聊心事等）？,9.0,9.0
35,8-3_0,8-3.在現實生活(非網路)中，你喜歡跟班上哪些同學互動（例如分組同組、一起吃飯、討論功課、聊心事等）？,90220.0,90220.0
35,8-3_0,8-3.在現實生活(非網路)中，你喜歡跟班上哪些同學互動（例如分組同組、一起吃飯、討論功課、聊心事等）？,98.0,98.0
35,8-3_0,8-3.在現實生活(非網路)中，你喜歡跟班上哪些同學互動（例如分組同組、一起吃飯、討論功課、聊心事等）？,99.0,99.0
36,8-3_1,( 2 ).2,,
36,8-3_1,( 2 ).2,0.0,0.0
36,8-3_1,( 2 ).2,1.0,1.0
36,8-3_1,( 2 ).2,10.0,10.0
36,8-3_1,( 2 ).2,100.0,100.0
36,8-3_1,( 2 ).2,11.0,11.0
36,8-3_1,( 2 ).2,111.0,111.0
36,8-3_1,( 2 ).2,1110038.0,1110038.0
36,8-3_1,( 2 ).2,111111.0,111111.0
36,8-3_1,( 2 ).2,114141.0,114141.0
36,8-3_1,( 2 ).2,117.0,117.0
36,8-3_1,( 2 ).2,12.0,12.0
36,8-3_1,( 2 ).2,120.0,120.0
36,8-3_1,( 2 ).2,128.0,128.0
36,8-3_1,( 2 ).2,13.0,13.0
36,8-3_1,( 2 ).2,14.0,14.0
36,8-3_1,( 2 ).2,15.0,15.0
36,8-3_1,( 2 ).2,16.0,16.0
36,8-3_1,( 2 ).2,17.0,17.0
36,8-3_1,( 2 ).2,18.0,18.0
36,8-3_1,( 2 ).2,1814.0,1814.0
36,8-3_1,( 2 ).2,19.0,19.0
36,8-3_1,( 2 ).2,2.0,2.0
36,8-3_1,( 2 ).2,20.0,20.0
36,8-3_1,( 2 ).2,21.0,21.0
36,8-3_1,( 2 ).2,22.0,22.0
36,8-3_1,( 2 ).2,222.0,222.0
36,8-3_1,( 2 ).2,23.0,23.0
36,8-3_1,( 2 ).2,24.0,24.0
36,8-3_1,( 2 ).2,25.0,25.0
36,8-3_1,( 2 ).2,2525252525.0,2525252525.0
36,8-3_1,( 2 ).2,26.0,26.0
36,8-3_1,( 2 ).2,27.0,27.0
36,8-3_1,( 2 ).2,28.0,28.0
36,8-3_1,( 2 ).2,29.0,29.0
36,8-3_1,( 2 ).2,3.0,3.0
36,8-3_1,( 2 ).2,30.0,30.0
36,8-3_1,( 2 ).2,31.0,31.0
36,8-3_1,( 2 ).2,32.0,32.0
36,8-3_1,( 2 ).2,33.0,33.0
36,8-3_1,( 2 ).2,34.0,34.0
36,8-3_1,( 2 ).2,35.0,35.0
36,8-3_1,( 2 ).2,36.0,36.0
36,8-3_1,( 2 ).2,37.0,37.0
36,8-3_1,( 2 ).2,38.0,38.0
36,8-3_1,( 2 ).2,39.0,39.0
36,8-3_1,( 2 ).2,4.0,4.0
36,8-3_1,( 2 ).2,40.0,40.0
36,8-3_1,( 2 ).2,4000.0,4000.0
36,8-3_1,( 2 ).2,41.0,41.0
36,8-3_1,( 2 ).2,414141414.0,414141414.0
36,8-3_1,( 2 ).2,42.0,42.0
36,8-3_1,( 2 ).2,43.0,43.0
36,8-3_1,( 2 ).2,44.0,44.0
36,8-3_1,( 2 ).2,45.0,45.0
36,8-3_1,( 2 ).2,46.0,46.0
36,8-3_1,( 2 ).2,47.0,47.0
36,8-3_1,( 2 ).2,48.0,48.0
36,8-3_1,( 2 ).2,49.0,49.0
36,8-3_1,( 2 ).2,5.0,5.0
36,8-3_1,( 2 ).2,525.0,525.0
36,8-3_1,( 2 ).2,53453453.0,53453453.0
36,8-3_1,( 2 ).2,54.0,54.0
36,8-3_1,( 2 ).2,55.0,55.0
36,8-3_1,( 2 ).2,57275278272.0,57275278272.0
36,8-3_1,( 2 ).2,6.0,6.0
36,8-3_1,( 2 ).2,65465.0,65465.0
36,8-3_1,( 2 ).2,65653.0,65653.0
36,8-3_1,( 2 ).2,7.0,7.0
36,8-3_1,( 2 ).2,756.0,756.0
36,8-3_1,( 2 ).2,8.0,8.0
36,8-3_1,( 2 ).2,87.0,87.0
36,8-3_1,( 2 ).2,88.0,88.0
36,8-3_1,( 2 ).2,9.0,9.0
36,8-3_1,( 2 ).2,90225.0,90225.0
36,8-3_1,( 2 ).2,9844.0,9844.0
36,8-3_1,( 2 ).2,99.0,99.0
37,8-3_2,( 3 ).2,,
37,8-3_2,( 3 ).2,0.0,0.0
37,8-3_2,( 3 ).2,1.0,1.0
37,8-3_2,( 3 ).2,10.0,10.0
37,8-3_2,( 3 ).2,100.0,100.0
37,8-3_2,( 3 ).2,11.0,11.0
37,8-3_2,( 3 ).2,111.0,111.0
37,8-3_2,( 3 ).2,1110038.0,1110038.0
37,8-3_2,( 3 ).2,111111111111.0,111111111111.0
37,8-3_2,( 3 ).2,112.0,112.0
37,8-3_2,( 3 ).2,113.0,113.0
37,8-3_2,( 3 ).2,12.0,12.0
37,8-3_2,( 3 ).2,121.0,121.0
37,8-3_2,( 3 ).2,123.0,123.0
37,8-3_2,( 3 ).2,13.0,13.0
37,8-3_2,( 3 ).2,14.0,14.0
37,8-3_2,( 3 ).2,14141.0,14141.0
37,8-3_2,( 3 ).2,15.0,15.0
37,8-3_2,( 3 ).2,16.0,16.0
37,8-3_2,( 3 ).2,17.0,17.0
37,8-3_2,( 3 ).2,18.0,18.0
37,8-3_2,( 3 ).2,1814.0,1814.0
37,8-3_2,( 3 ).2,19.0,19.0
37,8-3_2,( 3 ).2,2.0,2.0
37,8-3_2,( 3 ).2,20.0,20.0
37,8-3_2,( 3 ).2,21.0,21.0
37,8-3_2,( 3 ).2,22.0,22.0
37,8-3_2,( 3 ).2,222.0,222.0
37,8-3_2,( 3 ).2,23.0,23.0
37,8-3_2,( 3 ).2,24.0,24.0
37,8-3_2,( 3 ).2,25.0,25.0
37,8-3_2,( 3 ).2,2516.0,2516.0
37,8-3_2,( 3 ).2,25525252.0,25525252.0
37,8-3_2,( 3 ).2,256.0,256.0
37,8-3_2,( 3 ).2,26.0,26.0
37,8-3_2,( 3 ).2,27.0,27.0
37,8-3_2,( 3 ).2,28.0,28.0
37,8-3_2,( 3 ).2,29.0,29.0
37,8-3_2,( 3 ).2,3.0,3.0
37,8-3_2,( 3 ).2,30.0,30.0
37,8-3_2,( 3 ).2,31.0,31.0
37,8-3_2,( 3 ).2,32.0,32.0
37,8-3_2,( 3 ).2,33.0,33.0
37,8-3_2,( 3 ).2,34.0,34.0
37,8-3_2,( 3 ).2,35.0,35.0
37,8-3_2,( 3 ).2,354.0,354.0
37,8-3_2,( 3 ).2,36.0,36.0
37,8-3_2,( 3 ).2,37.0,37.0
37,8-3_2,( 3 ).2,38.0,38.0
37,8-3_2,( 3 ).2,39.0,39.0
37,8-3_2,( 3 ).2,4.0,4.0
37,8-3_2,( 3 ).2,40.0,40.0
37,8-3_2,( 3 ).2,41.0,41.0
37,8-3_2,( 3 ).2,41141.0,41141.0
37,8-3_2,( 3 ).2,42.0,42.0
37,8-3_2,( 3 ).2,43.0,43.0
37,8-3_2,( 3 ).2,44.0,44.0
37,8-3_2,( 3 ).2,45.0,45.0
37,8-3_2,( 3 ).2,46.0,46.0
37,8-3_2,( 3 ).2,47.0,47.0
37,8-3_2,( 3 ).2,49.0,49.0
37,8-3_2,( 3 ).2,5.0,5.0
37,8-3_2,( 3 ).2,5000.0,5000.0
37,8-3_2,( 3 ).2,53453543.0,53453543.0
37,8-3_2,( 3 ).2,543534.0,543534.0
37,8-3_2,( 3 ).2,546.0,546.0
37,8-3_2,( 3 ).2,55.0,55.0
37,8-3_2,( 3 ).2,585.0,585.0
37,8-3_2,( 3 ).2,6.0,6.0
37,8-3_2,( 3 ).2,7.0,7.0
37,8-3_2,( 3 ).2,756.0,756.0
37,8-3_2,( 3 ).2,77.0,77.0
37,8-3_2,( 3 ).2,8.0,8.0
37,8-3_2,( 3 ).2,809449.0,809449.0
37,8-3_2,( 3 ).2,8554.0,8554.0
37,8-3_2,( 3 ).2,87.0,87.0
37,8-3_2,( 3 ).2,9.0,9.0
37,8-3_2,( 3 ).2,90218.0,90218.0
37,8-3_2,( 3 ).2,9519.0,9519.0
37,8-3_2,( 3 ).2,959.0,959.0
37,8-3_2,( 3 ).2,99.0,99.0
37,8-3_2,( 3 ).2,999.0,999.0
38,8-3_3,( 4 ).2,,
38,8-3_3,( 4 ).2,0.0,0.0
38,8-3_3,( 4 ).2,1.0,1.0
38,8-3_3,( 4 ).2,10.0,10.0
38,8-3_3,( 4 ).2,100.0,100.0
38,8-3_3,( 4 ).2,11.0,11.0
38,8-3_3,( 4 ).2,110.0,110.0
38,8-3_3,( 4 ).2,111.0,111.0
38,8-3_3,( 4 ).2,1110038.0,1110038.0
38,8-3_3,( 4 ).2,111111.0,111111.0
38,8-3_3,( 4 ).2,111111111111111.0,111111111111111.0
38,8-3_3,( 4 ).2,113.0,113.0
38,8-3_3,( 4 ).2,12.0,12.0
38,8-3_3,( 4 ).2,1234.0,1234.0
38,8-3_3,( 4 ).2,13.0,13.0
38,8-3_3,( 4 ).2,14.0,14.0
38,8-3_3,( 4 ).2,141414.0,141414.0
38,8-3_3,( 4 ).2,15.0,15.0
38,8-3_3,( 4 ).2,16.0,16.0
38,8-3_3,( 4 ).2,17.0,17.0
38,8-3_3,( 4 ).2,18.0,18.0
38,8-3_3,( 4 ).2,1814.0,1814.0
38,8-3_3,( 4 ).2,19.0,19.0
38,8-3_3,( 4 ).2,2.0,2.0
38,8-3_3,( 4 ).2,20.0,20.0
38,8-3_3,( 4 ).2,21.0,21.0
38,8-3_3,( 4 ).2,22.0,22.0
38,8-3_3,( 4 ).2,23.0,23.0
38,8-3_3,( 4 ).2,24.0,24.0
38,8-3_3,( 4 ).2,25.0,25.0
38,8-3_3,( 4 ).2,2525252.0,2525252.0
38,8-3_3,( 4 ).2,26.0,26.0
38,8-3_3,( 4 ).2,27.0,27.0
38,8-3_3,( 4 ).2,28.0,28.0
38,8-3_3,( 4 ).2,29.0,29.0
38,8-3_3,( 4 ).2,3.0,3.0
38,8-3_3,( 4 ).2,30.0,30.0
38,8-3_3,( 4 ).2,31.0,31.0
38,8-3_3,( 4 ).2,32.0,32.0
38,8-3_3,( 4 ).2,33.0,33.0
38,8-3_3,( 4 ).2,34.0,34.0
38,8-3_3,( 4 ).2,3425.0,3425.0
38,8-3_3,( 4 ).2,35.0,35.0
38,8-3_3,( 4 ).2,36.0,36.0
38,8-3_3,( 4 ).2,37.0,37.0
38,8-3_3,( 4 ).2,38.0,38.0
38,8-3_3,( 4 ).2,39.0,39.0
38,8-3_3,( 4 ).2,4.0,4.0
38,8-3_3,( 4 ).2,40.0,40.0
38,8-3_3,( 4 ).2,41.0,41.0
38,8-3_3,( 4 ).2,414141.0,414141.0
38,8-3_3,( 4 ).2,42.0,42.0
38,8-3_3,( 4 ).2,43.0,43.0
38,8-3_3,( 4 ).2,44.0,44.0
38,8-3_3,( 4 ).2,445.0,445.0
38,8-3_3,( 4 ).2,45.0,45.0
38,8-3_3,( 4 ).2,4514.0,4514.0
38,8-3_3,( 4 ).2,46.0,46.0
38,8-3_3,( 4 ).2,47.0,47.0
38,8-3_3,( 4 ).2,48.0,48.0
38,8-3_3,( 4 ).2,5.0,5.0
38,8-3_3,( 4 ).2,50.0,50.0
38,8-3_3,( 4 ).2,53354534.0,53354534.0
38,8-3_3,( 4 ).2,5343543.0,5343543.0
38,8-3_3,( 4 ).2,55.0,55.0
38,8-3_3,( 4 ).2,56.0,56.0
38,8-3_3,( 4 ).2,5645.0,5645.0
38,8-3_3,( 4 ).2,6.0,6.0
38,8-3_3,( 4 ).2,6000.0,6000.0
38,8-3_3,( 4 ).2,66.0,66.0
38,8-3_3,( 4 ).2,7.0,7.0
38,8-3_3,( 4 ).2,75.0,75.0
38,8-3_3,( 4 ).2,78.0,78.0
38,8-3_3,( 4 ).2,8.0,8.0
38,8-3_3,( 4 ).2,83.0,83.0
38,8-3_3,( 4 ).2,87.0,87.0
38,8-3_3,( 4 ).2,8794.0,8794.0
38,8-3_3,( 4 ).2,885855.0,885855.0
38,8-3_3,( 4 ).2,9.0,9.0
38,8-3_3,( 4 ).2,90223.0,90223.0
38,8-3_3,( 4 ).2,95958.0,95958.0
38,8-3_3,( 4 ).2,99.0,99.0
39,8-3_4,( 5 ).2,,
39,8-3_4,( 5 ).2,0.0,0.0
39,8-3_4,( 5 ).2,1.0,1.0
39,8-3_4,( 5 ).2,1.1111111111111112e+16,1.1111111111111112e+16
39,8-3_4,( 5 ).2,10.0,10.0
39,8-3_4,( 5 ).2,100.0,100.0
39,8-3_4,( 5 ).2,1014.0,1014.0
39,8-3_4,( 5 ).2,11.0,11.0
39,8-3_4,( 5 ).2,111.0,111.0
39,8-3_4,( 5 ).2,1110038.0,1110038.0
39,8-3_4,( 5 ).2,112.0,112.0
39,8-3_4,( 5 ).2,114.0,114.0
39,8-3_4,( 5 ).2,12.0,12.0
39,8-3_4,( 5 ).2,12345.0,12345.0
39,8-3_4,( 5 ).2,124.0,124.0
39,8-3_4,( 5 ).2,13.0,13.0
39,8-3_4,( 5 ).2,14.0,14.0
39,8-3_4,( 5 ).2,14141.0,14141.0
39,8-3_4,( 5 ).2,15.0,15.0
39,8-3_4,( 5 ).2,16.0,16.0
39,8-3_4,( 5 ).2,17.0,17.0
39,8-3_4,( 5 ).2,18.0,18.0
39,8-3_4,( 5 ).2,1814.0,1814.0
39,8-3_4,( 5 ).2,19.0,19.0
39,8-3_4,( 5 ).2,2.0,2.0
39,8-3_4,( 5 ).2,20.0,20.0
39,8-3_4,( 5 ).2,21.0,21.0
39,8-3_4,( 5 ).2,211113.0,211113.0
39,8-3_4,( 5 ).2,22.0,22.0
39,8-3_4,( 5 ).2,23.0,23.0
39,8-3_4,( 5 ).2,24.0,24.0
39,8-3_4,( 5 ).2,25.0,25.0
39,8-3_4,( 5 ).2,25252525.0,25252525.0
39,8-3_4,( 5 ).2,2527.0,2527.0
39,8-3_4,( 5 ).2,257275714275824.0,257275714275824.0
39,8-3_4,( 5 ).2,26.0,26.0
39,8-3_4,( 5 ).2,27.0,27.0
39,8-3_4,( 5 ).2,28.0,28.0
39,8-3_4,( 5 ).2,29.0,29.0
39,8-3_4,( 5 ).2,3.0,3.0
39,8-3_4,( 5 ).2,30.0,30.0
39,8-3_4,( 5 ).2,31.0,31.0
39,8-3_4,( 5 ).2,32.0,32.0
39,8-3_4,( 5 ).2,322.0,322.0
39,8-3_4,( 5 ).2,33.0,33.0
39,8-3_4,( 5 ).2,335.0,335.0
39,8-3_4,( 5 ).2,34.0,34.0
39,8-3_4,( 5 ).2,35.0,35.0
39,8-3_4,( 5 ).2,3543453.0,3543453.0
39,8-3_4,( 5 ).2,36.0,36.0
39,8-3_4,( 5 ).2,366.0,366.0
39,8-3_4,( 5 ).2,37.0,37.0
39,8-3_4,( 5 ).2,38.0,38.0
39,8-3_4,( 5 ).2,39.0,39.0
39,8-3_4,( 5 ).2,4.0,4.0
39,8-3_4,( 5 ).2,40.0,40.0
39,8-3_4,( 5 ).2,41.0,41.0
39,8-3_4,( 5 ).2,414141.0,414141.0
39,8-3_4,( 5 ).2,42.0,42.0
39,8-3_4,( 5 ).2,43.0,43.0
39,8-3_4,( 5 ).2,44.0,44.0
39,8-3_4,( 5 ).2,45.0,45.0
39,8-3_4,( 5 ).2,46.0,46.0
39,8-3_4,( 5 ).2,47.0,47.0
39,8-3_4,( 5 ).2,48.0,48.0
39,8-3_4,( 5 ).2,49.0,49.0
39,8-3_4,( 5 ).2,5.0,5.0
39,8-3_4,( 5 ).2,51.0,51.0
39,8-3_4,( 5 ).2,5435543534.0,5435543534.0
39,8-3_4,( 5 ).2,55.0,55.0
39,8-3_4,( 5 ).2,55455455.0,55455455.0
39,8-3_4,( 5 ).2,584854.0,584854.0
39,8-3_4,( 5 ).2,6.0,6.0
39,8-3_4,( 5 ).2,66.0,66.0
39,8-3_4,( 5 ).2,7.0,7.0
39,8-3_4,( 5 ).2,700100.0,700100.0
39,8-3_4,( 5 ).2,7264.0,7264.0
39,8-3_4,( 5 ).2,75.0,75.0
39,8-3_4,( 5 ).2,78.0,78.0
39,8-3_4,( 5 ).2,8.0,8.0
39,8-3_4,( 5 ).2,855855.0,855855.0
39,8-3_4,( 5 ).2,88.0,88.0
39,8-3_4,( 5 ).2,89.0,89.0
39,8-3_4,( 5 ).2,9.0,9.0
39,8-3_4,( 5 ).2,90222.0,90222.0
39,8-3_4,( 5 ).2,99.0,99.0
40,8-4_0,8-4.在現實生活(非網路)中，你不喜歡跟班上哪位同學互動？,0.0,0.0
40,8-4_0,8-4.在現實生活(非網路)中，你不喜歡跟班上哪位同學互動？,1.0,1.0
40,8-4_0,8-4.在現實生活(非網路)中，你不喜歡跟班上哪位同學互動？,10.0,10.0
40,8-4_0,8-4.在現實生活(非網路)中，你不喜歡跟班上哪位同學互動？,100.0,100.0
40,8-4_0,8-4.在現實生活(非網路)中，你不喜歡跟班上哪位同學互動？,101.0,101.0
40,8-4_0,8-4.在現實生活(非網路)中，你不喜歡跟班上哪位同學互動？,106.0,106.0
40,8-4_0,8-4.在現實生活(非網路)中，你不喜歡跟班上哪位同學互動？,11.0,11.0
40,8-4_0,8-4.在現實生活(非網路)中，你不喜歡跟班上哪位同學互動？,110.0,110.0
40,8-4_0,8-4.在現實生活(非網路)中，你不喜歡跟班上哪位同學互動？,111.0,111.0
40,8-4_0,8-4.在現實生活(非網路)中，你不喜歡跟班上哪位同學互動？,1110038.0,1110038.0
40,8-4_0,8-4.在現實生活(非網路)中，你不喜歡跟班上哪位同學互動？,11111111111111.0,11111111111111.0
40,8-4_0,8-4.在現實生活(非網路)中，你不喜歡跟班上哪位同學互動？,114514.0,114514.0
40,8-4_0,8-4.在現實生活(非網路)中，你不喜歡跟班上哪位同學互動？,115.0,115.0
40,8-4_0,8-4.在現實生活(非網路)中，你不喜歡跟班上哪位同學互動？,117.0,117.0
40,8-4_0,8-4.在現實生活(非網路)中，你不喜歡跟班上哪位同學互動？,12.0,12.0
40,8-4_0,8-4.在現實生活(非網路)中，你不喜歡跟班上哪位同學互動？,123.0,123.0
40,8-4_0,8-4.在現實生活(非網路)中，你不喜歡跟班上哪位同學互動？,123456789.0,123456789.0
40,8-4_0,8-4.在現實生活(非網路)中，你不喜歡跟班上哪位同學互動？,1234567890.0,1234567890.0
40,8-4_0,8-4.在現實生活(非網路)中，你不喜歡跟班上哪位同學互動？,13.0,13.0
40,8-4_0,8-4.在現實生活(非網路)中，你不喜歡跟班上哪位同學互動？,14.0,14.0
40,8-4_0,8-4.在現實生活(非網路)中，你不喜歡跟班上哪位同學互動？,15.0,15.0
40,8-4_0,8-4.在現實生活(非網路)中，你不喜歡跟班上哪位同學互動？,16.0,16.0
40,8-4_0,8-4.在現實生活(非網路)中，你不喜歡跟班上哪位同學互動？,16515616.0,16515616.0
40,8-4_0,8-4.在現實生活(非網路)中，你不喜歡跟班上哪位同學互動？,17.0,17.0
40,8-4_0,8-4.在現實生活(非網路)中，你不喜歡跟班上哪位同學互動？,18.0,18.0
40,8-4_0,8-4.在現實生活(非網路)中，你不喜歡跟班上哪位同學互動？,19.0,19.0
40,8-4_0,8-4.在現實生活(非網路)中，你不喜歡跟班上哪位同學互動？,199.0,199.0
40,8-4_0,8-4.在現實生活(非網路)中，你不喜歡跟班上哪位同學互動？,1e+81,1e+81
40,8-4_0,8-4.在現實生活(非網路)中，你不喜歡跟班上哪位同學互動？,2.0,2.0
40,8-4_0,8-4.在現實生活(非網路)中，你不喜歡跟班上哪位同學互動？,20.0,20.0
40,8-4_0,8-4.在現實生活(非網路)中，你不喜歡跟班上哪位同學互動？,21.0,21.0
40,8-4_0,8-4.在現實生活(非網路)中，你不喜歡跟班上哪位同學互動？,22.0,22.0
40,8-4_0,8-4.在現實生活(非網路)中，你不喜歡跟班上哪位同學互動？,23.0,23.0
40,8-4_0,8-4.在現實生活(非網路)中，你不喜歡跟班上哪位同學互動？,233.0,233.0
40,8-4_0,8-4.在現實生活(非網路)中，你不喜歡跟班上哪位同學互動？,24.0,24.0
40,8-4_0,8-4.在現實生活(非網路)中，你不喜歡跟班上哪位同學互動？,25.0,25.0
40,8-4_0,8-4.在現實生活(非網路)中，你不喜歡跟班上哪位同學互動？,25252525.0,25252525.0
40,8-4_0,8-4.在現實生活(非網路)中，你不喜歡跟班上哪位同學互動？,26.0,26.0
40,8-4_0,8-4.在現實生活(非網路)中，你不喜歡跟班上哪位同學互動？,26666656565.0,26666656565.0
40,8-4_0,8-4.在現實生活(非網路)中，你不喜歡跟班上哪位同學互動？,27.0,27.0
40,8-4_0,8-4.在現實生活(非網路)中，你不喜歡跟班上哪位同學互動？,28.0,28.0
40,8-4_0,8-4.在現實生活(非網路)中，你不喜歡跟班上哪位同學互動？,29.0,29.0
40,8-4_0,8-4.在現實生活(非網路)中，你不喜歡跟班上哪位同學互動？,3.0,3.0
40,8-4_0,8-4.在現實生活(非網路)中，你不喜歡跟班上哪位同學互動？,30.0,30.0
40,8-4_0,8-4.在現實生活(非網路)中，你不喜歡跟班上哪位同學互動？,307.0,307.0
40,8-4_0,8-4.在現實生活(非網路)中，你不喜歡跟班上哪位同學互動？,31.0,31.0
40,8-4_0,8-4.在現實生活(非網路)中，你不喜歡跟班上哪位同學互動？,32.0,32.0
40,8-4_0,8-4.在現實生活(非網路)中，你不喜歡跟班上哪位同學互動？,3252.0,3252.0
40,8-4_0,8-4.在現實生活(非網路)中，你不喜歡跟班上哪位同學互動？,33.0,33.0
40,8-4_0,8-4.在現實生活(非網路)中，你不喜歡跟班上哪位同學互動？,34.0,34.0
40,8-4_0,8-4.在現實生活(非網路)中，你不喜歡跟班上哪位同學互動？,35.0,35.0
40,8-4_0,8-4.在現實生活(非網路)中，你不喜歡跟班上哪位同學互動？,36.0,36.0
40,8-4_0,8-4.在現實生活(非網路)中，你不喜歡跟班上哪位同學互動？,37.0,37.0
40,8-4_0,8-4.在現實生活(非網路)中，你不喜歡跟班上哪位同學互動？,38.0,38.0
40,8-4_0,8-4.在現實生活(非網路)中，你不喜歡跟班上哪位同學互動？,39.0,39.0
40,8-4_0,8-4.在現實生活(非網路)中，你不喜歡跟班上哪位同學互動？,4.0,4.0
40,8-4_0,8-4.在現實生活(非網路)中，你不喜歡跟班上哪位同學互動？,40.0,40.0
40,8-4_0,8-4.在現實生活(非網路)中，你不喜歡跟班上哪位同學互動？,41.0,41.0
40,8-4_0,8-4.在現實生活(非網路)中，你不喜歡跟班上哪位同學互動？,414141.0,414141.0
40,8-4_0,8-4.在現實生活(非網路)中，你不喜歡跟班上哪位同學互動？,42.0,42.0
40,8-4_0,8-4.在現實生活(非網路)中，你不喜歡跟班上哪位同學互動？,43.0,43.0
40,8-4_0,8-4.在現實生活(非網路)中，你不喜歡跟班上哪位同學互動？,44.0,44.0
40,8-4_0,8-4.在現實生活(非網路)中，你不喜歡跟班上哪位同學互動？,45.0,45.0
40,8-4_0,8-4.在現實生活(非網路)中，你不喜歡跟班上哪位同學互動？,46.0,46.0
40,8-4_0,8-4.在現實生活(非網路)中，你不喜歡跟班上哪位同學互動？,4654.0,4654.0
40,8-4_0,8-4.在現實生活(非網路)中，你不喜歡跟班上哪位同學互動？,47.0,47.0
40,8-4_0,8-4.在現實生活(非網路)中，你不喜歡跟班上哪位同學互動？,49.0,49.0
40,8-4_0,8-4.在現實生活(非網路)中，你不喜歡跟班上哪位同學互動？,5.0,5.0
40,8-4_0,8-4.在現實生活(非網路)中，你不喜歡跟班上哪位同學互動？,50.0,50.0
40,8-4_0,8-4.在現實生活(非網路)中，你不喜歡跟班上哪位同學互動？,52.0,52.0
40,8-4_0,8-4.在現實生活(非網路)中，你不喜歡跟班上哪位同學互動？,525.0,525.0
40,8-4_0,8-4.在現實生活(非網路)中，你不喜歡跟班上哪位同學互動？,52656.0,52656.0
40,8-4_0,8-4.在現實生活(非網路)中，你不喜歡跟班上哪位同學互動？,5354354353.0,5354354353.0
40,8-4_0,8-4.在現實生活(非網路)中，你不喜歡跟班上哪位同學互動？,54.0,54.0
40,8-4_0,8-4.在現實生活(非網路)中，你不喜歡跟班上哪位同學互動？,543453453.0,543453453.0
40,8-4_0,8-4.在現實生活(非網路)中，你不喜歡跟班上哪位同學互動？,544.0,544.0
40,8-4_0,8-4.在現實生活(非網路)中，你不喜歡跟班上哪位同學互動？,6.0,6.0
40,8-4_0,8-4.在現實生活(非網路)中，你不喜歡跟班上哪位同學互動？,60.0,60.0
40,8-4_0,8-4.在現實生活(非網路)中，你不喜歡跟班上哪位同學互動？,6666.0,6666.0
40,8-4_0,8-4.在現實生活(非網路)中，你不喜歡跟班上哪位同學互動？,69.0,69.0
40,8-4_0,8-4.在現實生活(非網路)中，你不喜歡跟班上哪位同學互動？,7.0,7.0
40,8-4_0,8-4.在現實生活(非網路)中，你不喜歡跟班上哪位同學互動？,756.0,756.0
40,8-4_0,8-4.在現實生活(非網路)中，你不喜歡跟班上哪位同學互動？,77.0,77.0
40,8-4_0,8-4.在現實生活(非網路)中，你不喜歡跟班上哪位同學互動？,78.0,78.0
40,8-4_0,8-4.在現實生活(非網路)中，你不喜歡跟班上哪位同學互動？,8.0,8.0
40,8-4_0,8-4.在現實生活(非網路)中，你不喜歡跟班上哪位同學互動？,8484.0,8484.0
40,8-4_0,8-4.在現實生活(非網路)中，你不喜歡跟班上哪位同學互動？,85.0,85.0
40,8-4_0,8-4.在現實生活(非網路)中，你不喜歡跟班上哪位同學互動？,87.0,87.0
40,8-4_0,8-4.在現實生活(非網路)中，你不喜歡跟班上哪位同學互動？,870.0,870.0
40,8-4_0,8-4.在現實生活(非網路)中，你不喜歡跟班上哪位同學互動？,88.0,88.0
40,8-4_0,8-4.在現實生活(非網路)中，你不喜歡跟班上哪位同學互動？,8942.0,8942.0
40,8-4_0,8-4.在現實生活(非網路)中，你不喜歡跟班上哪位同學互動？,9.0,9.0
40,8-4_0,8-4.在現實生活(非網路)中，你不喜歡跟班上哪位同學互動？,90226.0,90226.0
40,8-4_0,8-4.在現實生活(非網路)中，你不喜歡跟班上哪位同學互動？,99.0,99.0
41,8-4_1,( 2 ).3,,
41,8-4_1,( 2 ).3,0.0,0.0
41,8-4_1,( 2 ).3,1.0,1.0
41,8-4_1,( 2 ).3,1.1111111111111e+20,1.1111111111111e+20
41,8-4_1,( 2 ).3,10.0,10.0
41,8-4_1,( 2 ).3,100.0,100.0
41,8-4_1,( 2 ).3,11.0,11.0
41,8-4_1,( 2 ).3,111.0,111.0
41,8-4_1,( 2 ).3,1110038.0,1110038.0
41,8-4_1,( 2 ).3,111111.0,111111.0
41,8-4_1,( 2 ).3,114514.0,114514.0
41,8-4_1,( 2 ).3,116.0,116.0
41,8-4_1,( 2 ).3,12.0,12.0
41,8-4_1,( 2 ).3,13.0,13.0
41,8-4_1,( 2 ).3,14.0,14.0
41,8-4_1,( 2 ).3,145.0,145.0
41,8-4_1,( 2 ).3,1465.0,1465.0
41,8-4_1,( 2 ).3,15.0,15.0
41,8-4_1,( 2 ).3,16.0,16.0
41,8-4_1,( 2 ).3,17.0,17.0
41,8-4_1,( 2 ).3,18.0,18.0
41,8-4_1,( 2 ).3,19.0,19.0
41,8-4_1,( 2 ).3,2.0,2.0
41,8-4_1,( 2 ).3,20.0,20.0
41,8-4_1,( 2 ).3,21.0,21.0
41,8-4_1,( 2 ).3,22.0,22.0
41,8-4_1,( 2 ).3,224.0,224.0
41,8-4_1,( 2 ).3,23.0,23.0
41,8-4_1,( 2 ).3,232.0,232.0
41,8-4_1,( 2 ).3,24.0,24.0
41,8-4_1,( 2 ).3,2422.0,2422.0
41,8-4_1,( 2 ).3,25.0,25.0
41,8-4_1,( 2 ).3,2525252.0,2525252.0
41,8-4_1,( 2 ).3,255.0,255.0
41,8-4_1,( 2 ).3,26.0,26.0
41,8-4_1,( 2 ).3,27.0,27.0
41,8-4_1,( 2 ).3,28.0,28.0
41,8-4_1,( 2 ).3,29.0,29.0
41,8-4_1,( 2 ).3,3.0,3.0
41,8-4_1,( 2 ).3,30.0,30.0
41,8-4_1,( 2 ).3,31.0,31.0
41,8-4_1,( 2 ).3,32.0,32.0
41,8-4_1,( 2 ).3,329.0,329.0
41,8-4_1,( 2 ).3,33.0,33.0
41,8-4_1,( 2 ).3,34.0,34.0
41,8-4_1,( 2 ).3,3436.0,3436.0
41,8-4_1,( 2 ).3,35.0,35.0
41,8-4_1,( 2 ).3,35534.0,35534.0
41,8-4_1,( 2 ).3,36.0,36.0
41,8-4_1,( 2 ).3,37.0,37.0
41,8-4_1,( 2 ).3,38.0,38.0
41,8-4_1,( 2 ).3,39.0,39.0
41,8-4_1,( 2 ).3,4.0,4.0
41,8-4_1,( 2 ).3,40.0,40.0
41,8-4_1,( 2 ).3,41.0,41.0
41,8-4_1,( 2 ).3,414.0,414.0
41,8-4_1,( 2 ).3,41414.0,41414.0
41,8-4_1,( 2 ).3,42.0,42.0
41,8-4_1,( 2 ).3,43.0,43.0
41,8-4_1,( 2 ).3,44.0,44.0
41,8-4_1,( 2 ).3,45.0,45.0
41,8-4_1,( 2 ).3,455.0,455.0
41,8-4_1,( 2 ).3,46.0,46.0
41,8-4_1,( 2 ).3,47.0,47.0
41,8-4_1,( 2 ).3,48.0,48.0
41,8-4_1,( 2 ).3,4886.0,4886.0
41,8-4_1,( 2 ).3,49.0,49.0
41,8-4_1,( 2 ).3,5.0,5.0
41,8-4_1,( 2 ).3,51.0,51.0
41,8-4_1,( 2 ).3,53.0,53.0
41,8-4_1,( 2 ).3,53453453.0,53453453.0
41,8-4_1,( 2 ).3,54.0,54.0
41,8-4_1,( 2 ).3,5454.0,5454.0
41,8-4_1,( 2 ).3,55.0,55.0
41,8-4_1,( 2 ).3,56.0,56.0
41,8-4_1,( 2 ).3,57.0,57.0
41,8-4_1,( 2 ).3,6.0,6.0
41,8-4_1,( 2 ).3,61.0,61.0
41,8-4_1,( 2 ).3,64.0,64.0
41,8-4_1,( 2 ).3,6666.0,6666.0
41,8-4_1,( 2 ).3,69.0,69.0
41,8-4_1,( 2 ).3,7.0,7.0
41,8-4_1,( 2 ).3,7451.0,7451.0
41,8-4_1,( 2 ).3,75.0,75.0
41,8-4_1,( 2 ).3,8.0,8.0
41,8-4_1,( 2 ).3,85787857887.0,85787857887.0
41,8-4_1,( 2 ).3,87.0,87.0
41,8-4_1,( 2 ).3,88.0,88.0
41,8-4_1,( 2 ).3,89.0,89.0
41,8-4_1,( 2 ).3,9.0,9.0
41,8-4_1,( 2 ).3,90217.0,90217.0
41,8-4_1,( 2 ).3,96.0,96.0
41,8-4_1,( 2 ).3,98.0,98.0
41,8-4_1,( 2 ).3,99.0,99.0
42,8-4_2,( 3 ).3,,
42,8-4_2,( 3 ).3,0.0,0.0
42,8-4_2,( 3 ).3,1.0,1.0
42,8-4_2,( 3 ).3,10.0,10.0
42,8-4_2,( 3 ).3,100.0,100.0
42,8-4_2,( 3 ).3,11.0,11.0
42,8-4_2,( 3 ).3,111.0,111.0
42,8-4_2,( 3 ).3,1110038.0,1110038.0
42,8-4_2,( 3 ).3,111111111111.0,111111111111.0
42,8-4_2,( 3 ).3,114514.0,114514.0
42,8-4_2,( 3 ).3,117.0,117.0
42,8-4_2,( 3 ).3,12.0,12.0
42,8-4_2,( 3 ).3,13.0,13.0
42,8-4_2,( 3 ).3,14.0,14.0
42,8-4_2,( 3 ).3,1414.0,1414.0
42,8-4_2,( 3 ).3,15.0,15.0
42,8-4_2,( 3 ).3,16.0,16.0
42,8-4_2,( 3 ).3,17.0,17.0
42,8-4_2,( 3 ).3,17777.0,17777.0
42,8-4_2,( 3 ).3,18.0,18.0
42,8-4_2,( 3 ).3,19.0,19.0
42,8-4_2,( 3 ).3,2.0,2.0
42,8-4_2,( 3 ).3,20.0,20.0
42,8-4_2,( 3 ).3,21.0,21.0
42,8-4_2,( 3 ).3,22.0,22.0
42,8-4_2,( 3 ).3,23.0,23.0
42,8-4_2,( 3 ).3,232.0,232.0
42,8-4_2,( 3 ).3,24.0,24.0
42,8-4_2,( 3 ).3,25.0,25.0
42,8-4_2,( 3 ).3,252.0,252.0
42,8-4_2,( 3 ).3,25252525.0,25252525.0
42,8-4_2,( 3 ).3,26.0,26.0
42,8-4_2,( 3 ).3,27.0,27.0
42,8-4_2,( 3 ).3,28.0,28.0
42,8-4_2,( 3 ).3,29.0,29.0
42,8-4_2,( 3 ).3,3.0,3.0
42,8-4_2,( 3 ).3,30.0,30.0
42,8-4_2,( 3 ).3,31.0,31.0
42,8-4_2,( 3 ).3,32.0,32.0
42,8-4_2,( 3 ).3,33.0,33.0
42,8-4_2,( 3 ).3,331.0,331.0
42,8-4_2,( 3 ).3,34.0,34.0
42,8-4_2,( 3 ).3,35.0,35.0
42,8-4_2,( 3 ).3,36.0,36.0
42,8-4_2,( 3 ).3,37.0,37.0
42,8-4_2,( 3 ).3,38.0,38.0
42,8-4_2,( 3 ).3,39.0,39.0
42,8-4_2,( 3 ).3,4.0,4.0
42,8-4_2,( 3 ).3,40.0,40.0
42,8-4_2,( 3 ).3,4000.0,4000.0
42,8-4_2,( 3 ).3,41.0,41.0
42,8-4_2,( 3 ).3,41414.0,41414.0
42,8-4_2,( 3 ).3,42.0,42.0
42,8-4_2,( 3 ).3,43.0,43.0
42,8-4_2,( 3 ).3,435.0,435.0
42,8-4_2,( 3 ).3,44.0,44.0
42,8-4_2,( 3 ).3,45.0,45.0
42,8-4_2,( 3 ).3,456.0,456.0
42,8-4_2,( 3 ).3,47.0,47.0
42,8-4_2,( 3 ).3,49.0,49.0
42,8-4_2,( 3 ).3,5.0,5.0
42,8-4_2,( 3 ).3,51.0,51.0
42,8-4_2,( 3 ).3,52.0,52.0
42,8-4_2,( 3 ).3,53435434.0,53435434.0
42,8-4_2,( 3 ).3,53534453453.0,53534453453.0
42,8-4_2,( 3 ).3,54.0,54.0
42,8-4_2,( 3 ).3,555.0,555.0
42,8-4_2,( 3 ).3,6.0,6.0
42,8-4_2,( 3 ).3,62.0,62.0
42,8-4_2,( 3 ).3,65.0,65.0
42,8-4_2,( 3 ).3,66.0,66.0
42,8-4_2,( 3 ).3,6666.0,6666.0
42,8-4_2,( 3 ).3,69.0,69.0
42,8-4_2,( 3 ).3,7.0,7.0
42,8-4_2,( 3 ).3,77.0,77.0
42,8-4_2,( 3 ).3,785787585.0,785787585.0
42,8-4_2,( 3 ).3,795417.0,795417.0
42,8-4_2,( 3 ).3,8.0,8.0
42,8-4_2,( 3 ).3,87.0,87.0
42,8-4_2,( 3 ).3,9.0,9.0
42,8-4_2,( 3 ).3,90209.0,90209.0
42,8-4_2,( 3 ).3,98.0,98.0
42,8-4_2,( 3 ).3,987.0,987.0
42,8-4_2,( 3 ).3,988.0,988.0
42,8-4_2,( 3 ).3,99.0,99.0
43,8-4_3,( 4 ).3,,
43,8-4_3,( 4 ).3,0.0,0.0
43,8-4_3,( 4 ).3,1.0,1.0
43,8-4_3,( 4 ).3,1.111111111111111e+17,1.111111111111111e+17
43,8-4_3,( 4 ).3,10.0,10.0
43,8-4_3,( 4 ).3,100.0,100.0
43,8-4_3,( 4 ).3,11.0,11.0
43,8-4_3,( 4 ).3,111.0,111.0
43,8-4_3,( 4 ).3,1110038.0,1110038.0
43,8-4_3,( 4 ).3,114514.0,114514.0
43,8-4_3,( 4 ).3,118.0,118.0
43,8-4_3,( 4 ).3,12.0,12.0
43,8-4_3,( 4 ).3,13.0,13.0
43,8-4_3,( 4 ).3,14.0,14.0
43,8-4_3,( 4 ).3,14414141.0,14414141.0
43,8-4_3,( 4 ).3,15.0,15.0
43,8-4_3,( 4 ).3,16.0,16.0
43,8-4_3,( 4 ).3,17.0,17.0
43,8-4_3,( 4 ).3,18.0,18.0
43,8-4_3,( 4 ).3,19.0,19.0
43,8-4_3,( 4 ).3,2.0,2.0
43,8-4_3,( 4 ).3,20.0,20.0
43,8-4_3,( 4 ).3,21.0,21.0
43,8-4_3,( 4 ).3,22.0,22.0
43,8-4_3,( 4 ).3,23.0,23.0
43,8-4_3,( 4 ).3,24.0,24.0
43,8-4_3,( 4 ).3,25.0,25.0
43,8-4_3,( 4 ).3,2525225.0,2525225.0
43,8-4_3,( 4 ).3,26.0,26.0
43,8-4_3,( 4 ).3,27.0,27.0
43,8-4_3,( 4 ).3,28.0,28.0
43,8-4_3,( 4 ).3,29.0,29.0
43,8-4_3,( 4 ).3,3.0,3.0
43,8-4_3,( 4 ).3,30.0,30.0
43,8-4_3,( 4 ).3,31.0,31.0
43,8-4_3,( 4 ).3,317.0,317.0
43,8-4_3,( 4 ).3,32.0,32.0
43,8-4_3,( 4 ).3,33.0,33.0
43,8-4_3,( 4 ).3,34.0,34.0
43,8-4_3,( 4 ).3,35.0,35.0
43,8-4_3,( 4 ).3,36.0,36.0
43,8-4_3,( 4 ).3,37.0,37.0
43,8-4_3,( 4 ).3,3745.0,3745.0
43,8-4_3,( 4 ).3,38.0,38.0
43,8-4_3,( 4 ).3,39.0,39.0
43,8-4_3,( 4 ).3,4.0,4.0
43,8-4_3,( 4 ).3,40.0,40.0
43,8-4_3,( 4 ).3,41.0,41.0
43,8-4_3,( 4 ).3,41414.0,41414.0
43,8-4_3,( 4 ).3,42.0,42.0
43,8-4_3,( 4 ).3,43.0,43.0
43,8-4_3,( 4 ).3,44.0,44.0
43,8-4_3,( 4 ).3,45.0,45.0
43,8-4_3,( 4 ).3,4534535.0,4534535.0
43,8-4_3,( 4 ).3,45563.0,45563.0
43,8-4_3,( 4 ).3,47.0,47.0
43,8-4_3,( 4 ).3,49.0,49.0
43,8-4_3,( 4 ).3,5.0,5.0
43,8-4_3,( 4 ).3,51.0,51.0
43,8-4_3,( 4 ).3,53.0,53.0
43,8-4_3,( 4 ).3,543354.0,543354.0
43,8-4_3,( 4 ).3,55.0,55.0
43,8-4_3,( 4 ).3,58.0,58.0
43,8-4_3,( 4 ).3,6.0,6.0
43,8-4_3,( 4 ).3,63.0,63.0
43,8-4_3,( 4 ).3,66.0,66.0
43,8-4_3,( 4 ).3,69.0,69.0
43,8-4_3,( 4 ).3,7.0,7.0
43,8-4_3,( 4 ).3,7.858587578582555e+16,7.858587578582555e+16
43,8-4_3,( 4 ).3,78753453.0,78753453.0
43,8-4_3,( 4 ).3,8.0,8.0
43,8-4_3,( 4 ).3,87.0,87.0
43,8-4_3,( 4 ).3,898.0,898.0
43,8-4_3,( 4 ).3,9.0,9.0
43,8-4_3,( 4 ).3,90215.0,90215.0
43,8-4_3,( 4 ).3,9876.0,9876.0
43,8-4_3,( 4 ).3,99.0,99.0
43,8-4_3,( 4 ).3,99999.0,99999.0
44,8-4_4,( 5 ).3,,
44,8-4_4,( 5 ).3,0.0,0.0
44,8-4_4,( 5 ).3,1.0,1.0
44,8-4_4,( 5 ).3,1.1111111111111112e+16,1.1111111111111112e+16
44,8-4_4,( 5 ).3,10.0,10.0
44,8-4_4,( 5 ).3,100.0,100.0
44,8-4_4,( 5 ).3,11.0,11.0
44,8-4_4,( 5 ).3,111.0,111.0
44,8-4_4,( 5 ).3,1110038.0,1110038.0
44,8-4_4,( 5 ).3,114514.0,114514.0
44,8-4_4,( 5 ).3,119.0,119.0
44,8-4_4,( 5 ).3,12.0,12.0
44,8-4_4,( 5 ).3,13.0,13.0
44,8-4_4,( 5 ).3,14.0,14.0
44,8-4_4,( 5 ).3,141414.0,141414.0
44,8-4_4,( 5 ).3,141414141414141.0,141414141414141.0
44,8-4_4,( 5 ).3,15.0,15.0
44,8-4_4,( 5 ).3,16.0,16.0
44,8-4_4,( 5 ).3,17.0,17.0
44,8-4_4,( 5 ).3,18.0,18.0
44,8-4_4,( 5 ).3,19.0,19.0
44,8-4_4,( 5 ).3,2.0,2.0
44,8-4_4,( 5 ).3,20.0,20.0
44,8-4_4,( 5 ).3,21.0,21.0
44,8-4_4,( 5 ).3,22.0,22.0
44,8-4_4,( 5 ).3,222222.0,222222.0
44,8-4_4,( 5 ).3,228.0,228.0
44,8-4_4,( 5 ).3,23.0,23.0
44,8-4_4,( 5 ).3,24.0,24.0
44,8-4_4,( 5 ).3,25.0,25.0
44,8-4_4,( 5 ).3,26.0,26.0
44,8-4_4,( 5 ).3,27.0,27.0
44,8-4_4,( 5 ).3,28.0,28.0
44,8-4_4,( 5 ).3,29.0,29.0
44,8-4_4,( 5 ).3,3.0,3.0
44,8-4_4,( 5 ).3,30.0,30.0
44,8-4_4,( 5 ).3,31.0,31.0
44,8-4_4,( 5 ).3,313.0,313.0
44,8-4_4,( 5 ).3,32.0,32.0
44,8-4_4,( 5 ).3,33.0,33.0
44,8-4_4,( 5 ).3,34.0,34.0
44,8-4_4,( 5 ).3,35.0,35.0
44,8-4_4,( 5 ).3,36.0,36.0
44,8-4_4,( 5 ).3,37.0,37.0
44,8-4_4,( 5 ).3,374.0,374.0
44,8-4_4,( 5 ).3,38.0,38.0
44,8-4_4,( 5 ).3,39.0,39.0
44,8-4_4,( 5 ).3,4.0,4.0
44,8-4_4,( 5 ).3,40.0,40.0
44,8-4_4,( 5 ).3,41.0,41.0
44,8-4_4,( 5 ).3,42.0,42.0
44,8-4_4,( 5 ).3,43.0,43.0
44,8-4_4,( 5 ).3,44.0,44.0
44,8-4_4,( 5 ).3,45.0,45.0
44,8-4_4,( 5 ).3,4534.0,4534.0
44,8-4_4,( 5 ).3,4534353453.0,4534353453.0
44,8-4_4,( 5 ).3,46.0,46.0
44,8-4_4,( 5 ).3,47.0,47.0
44,8-4_4,( 5 ).3,4898.0,4898.0
44,8-4_4,( 5 ).3,49.0,49.0
44,8-4_4,( 5 ).3,498.0,498.0
44,8-4_4,( 5 ).3,5.0,5.0
44,8-4_4,( 5 ).3,525252525.0,525252525.0
44,8-4_4,( 5 ).3,534534543.0,534534543.0
44,8-4_4,( 5 ).3,54.0,54.0
44,8-4_4,( 5 ).3,55.0,55.0
44,8-4_4,( 5 ).3,555555.0,555555.0
44,8-4_4,( 5 ).3,555555555.0,555555555.0
44,8-4_4,( 5 ).3,56.0,56.0
44,8-4_4,( 5 ).3,6.0,6.0
44,8-4_4,( 5 ).3,63.0,63.0
44,8-4_4,( 5 ).3,64.0,64.0
44,8-4_4,( 5 ).3,654987.0,654987.0
44,8-4_4,( 5 ).3,67.0,67.0
44,8-4_4,( 5 ).3,69.0,69.0
44,8-4_4,( 5 ).3,7.0,7.0
44,8-4_4,( 5 ).3,8.0,8.0
44,8-4_4,( 5 ).3,87.0,87.0
44,8-4_4,( 5 ).3,9.0,9.0
44,8-4_4,( 5 ).3,90205.0,90205.0
44,8-4_4,( 5 ).3,959554.0,959554.0
44,8-4_4,( 5 ).3,98765.0,98765.0
44,8-4_4,( 5 ).3,99.0,99.0
45,9,9.你上學期的平均成績大約如何？,全班三十名以後,5.0
45,9,9.你上學期的平均成績大約如何？,全班二十一至三十名,4.0
45,9,9.你上學期的平均成績大約如何？,全班五名以內,1.0
45,9,9.你上學期的平均成績大約如何？,全班六至十名,2.0
45,9,9.你上學期的平均成績大約如何？,全班十一至二十名,3.0
46,10,10.上九年級以來，你有沒有參加校外補習（包含家教與家教班）？,有,1.0
46,10,10.上九年級以來，你有沒有參加校外補習（包含家教與家教班）？,沒有,0.0
47,10-1,10-1.你補那幾科？【可複選】-(1)數學,,
47,10-1,10-1.你補那幾科？【可複選】-(1)數學,有,1.0
47,10-1,10-1.你補那幾科？【可複選】-(1)數學,沒有,0.0
48,10-1_1,10-1.你補那幾科？【可複選】-(2)英語,,
48,10-1_1,10-1.你補那幾科？【可複選】-(2)英語,有,1.0
48,10-1_1,10-1.你補那幾科？【可複選】-(2)英語,沒有,0.0
49,10-1_2,10-1.你補那幾科？【可複選】-(3)理化,,
49,10-1_2,10-1.你補那幾科？【可複選】-(3)理化,有,1.0
49,10-1_2,10-1.你補那幾科？【可複選】-(3)理化,沒有,0.0
50,10-1_3,10-1.你補那幾科？【可複選】-(4)國文,,
50,10-1_3,10-1.你補那幾科？【可複選】-(4)國文,有,1.0
50,10-1_3,10-1.你補那幾科？【可複選】-(4)國文,沒有,0.0
51,10-1_4,10-1.你補那幾科？【可複選】-(5)社會（史、地、公）,,
51,10-1_4,10-1.你補那幾科？【可複選】-(5)社會（史、地、公）,有,1.0
51,10-1_4,10-1.你補那幾科？【可複選】-(5)社會（史、地、公）,沒有,0.0
52,10-1_5,10-1.你補那幾科？【可複選】-(6)資訊/電腦,,
52,10-1_5,10-1.你補那幾科？【可複選】-(6)資訊/電腦,有,1.0
52,10-1_5,10-1.你補那幾科？【可複選】-(6)資訊/電腦,沒有,0.0
53,10-1_6,10-1.你補那幾科？【可複選】-(7)地科,,
53,10-1_6,10-1.你補那幾科？【可複選】-(7)地科,有,1.0
53,10-1_6,10-1.你補那幾科？【可複選】-(7)地科,沒有,0.0
54,10-1_7,10-1.你補那幾科？【可複選】-(8)其他,,
54,10-1_7,10-1.你補那幾科？【可複選】-(8)其他,有,1.0
54,10-1_7,10-1.你補那幾科？【可複選】-(8)其他,沒有,0.0
55,其他,其他,,
55,其他,其他,no,no
55,其他,其他,play,play
55,其他,其他,swim piano,swim piano
55,其他,其他,作文,作文
55,其他,其他,健康,健康
55,其他,其他,其他,其他
55,其他,其他,國術,國術
55,其他,其他,基本都有,基本都有
55,其他,其他,家政DIY,家政DIY
55,其他,其他,心理學,心理學
55,其他,其他,新詩,新詩
55,其他,其他,日文,日文
55,其他,其他,會考衝刺,會考衝刺
55,其他,其他,會考衝刺班,會考衝刺班
55,其他,其他,會考題本,會考題本
55,其他,其他,桌球,桌球
55,其他,其他,樂器,樂器
55,其他,其他,模考,模考
55,其他,其他,機械學習,機械學習
55,其他,其他,沒,沒
55,其他,其他,沒有,沒有
55,其他,其他,法文,法文
55,其他,其他,無,無
55,其他,其他,無:),無:)
55,其他,其他,生物,生物
55,其他,其他,畫畫 書法,畫畫 書法
55,其他,其他,美術,美術
55,其他,其他,聖經,聖經
55,其他,其他,舞倒,舞倒
55,其他,其他,芭蕾.武功,芭蕾.武功
55,其他,其他,英檢,英檢
55,其他,其他,衝刺班,衝刺班
55,其他,其他,課後輔導導,課後輔導導
55,其他,其他,閱讀,閱讀
55,其他,其他,阿拉伯語,阿拉伯語
55,其他,其他,電繪,電繪
55,其他,其他,音樂,音樂
56,11-1,11.請問以下敘述是否符合對你家長的情形？ - 11-1.家長知道我在學校主要的授課老師是誰,不太符合,2.0
56,11-1,11.請問以下敘述是否符合對你家長的情形？ - 11-1.家長知道我在學校主要的授課老師是誰,很不符合,1.0
56,11-1,11.請問以下敘述是否符合對你家長的情形？ - 11-1.家長知道我在學校主要的授課老師是誰,很符合,4.0
57,11-2,11.請問以下敘述是否符合對你家長的情形？ - 11-2.家長知道我在學校的學習狀況 (例如:是否跟得上進度?),不太符合,2.0
57,11-2,11.請問以下敘述是否符合對你家長的情形？ - 11-2.家長知道我在學校的學習狀況 (例如:是否跟得上進度?),很不符合,1.0
57,11-2,11.請問以下敘述是否符合對你家長的情形？ - 11-2.家長知道我在學校的學習狀況 (例如:是否跟得上進度?),很符合,4.0
58,11-3,11.請問以下敘述是否符合對你家長的情形？ - 11-3.家長會參加學校的家長會/學校日,不太符合,2.0
58,11-3,11.請問以下敘述是否符合對你家長的情形？ - 11-3.家長會參加學校的家長會/學校日,很不符合,1.0
58,11-3,11.請問以下敘述是否符合對你家長的情形？ - 11-3.家長會參加學校的家長會/學校日,很符合,4.0
59,11-4,11.請問以下敘述是否符合對你家長的情形？ - 11-4.家長會為班上的活動或設備出錢出力,不太符合,2.0
59,11-4,11.請問以下敘述是否符合對你家長的情形？ - 11-4.家長會為班上的活動或設備出錢出力,很不符合,1.0
59,11-4,11.請問以下敘述是否符合對你家長的情形？ - 11-4.家長會為班上的活動或設備出錢出力,很符合,4.0
60,11-5,11.請問以下敘述是否符合對你家長的情形？ - 11-5.家長會到學校擔任義工/志工/晚自習輪值,不太符合,2.0
60,11-5,11.請問以下敘述是否符合對你家長的情形？ - 11-5.家長會到學校擔任義工/志工/晚自習輪值,很不符合,1.0
60,11-5,11.請問以下敘述是否符合對你家長的情形？ - 11-5.家長會到學校擔任義工/志工/晚自習輪值,很符合,4.0
61,11-6,11.請問以下敘述是否符合對你家長的情形？ - 11-6.家長會花時間在我的學校功課上,不太符合,2.0
61,11-6,11.請問以下敘述是否符合對你家長的情形？ - 11-6.家長會花時間在我的學校功課上,很不符合,1.0
61,11-6,11.請問以下敘述是否符合對你家長的情形？ - 11-6.家長會花時間在我的學校功課上,很符合,4.0
62,11-7,11.請問以下敘述是否符合對你家長的情形？ - 11-7.家長會幫我買課本以外的評量、測驗卷等補充教材,不太符合,2.0
62,11-7,11.請問以下敘述是否符合對你家長的情形？ - 11-7.家長會幫我買課本以外的評量、測驗卷等補充教材,很不符合,1.0
62,11-7,11.請問以下敘述是否符合對你家長的情形？ - 11-7.家長會幫我買課本以外的評量、測驗卷等補充教材,很符合,4.0
63,11-8,11.請問以下敘述是否符合對你家長的情形？ - 11-8.家長會上網幫我搜尋相關的教學材料、教學平台或升學資訊,不太符合,2.0
63,11-8,11.請問以下敘述是否符合對你家長的情形？ - 11-8.家長會上網幫我搜尋相關的教學材料、教學平台或升學資訊,很不符合,1.0
63,11-8,11.請問以下敘述是否符合對你家長的情形？ - 11-8.家長會上網幫我搜尋相關的教學材料、教學平台或升學資訊,很符合,4.0
64,12-1,12.升上國九後，家裡有沒有因為你要升學而改變一些安排？ - 12-1.提供你好的讀書空間,有改變，比以前多,3.0
64,12-1,12.升上國九後，家裡有沒有因為你要升學而改變一些安排？ - 12-1.提供你好的讀書空間,有改變，比以前少,1.0
64,12-1,12.升上國九後，家裡有沒有因為你要升學而改變一些安排？ - 12-1.提供你好的讀書空間,沒有改變，原本就這樣,2.0
65,12-2,12.升上國九後，家裡有沒有因為你要升學而改變一些安排？ - 12-2.為你進補（藥補或食補）,有改變，比以前多,3.0
65,12-2,12.升上國九後，家裡有沒有因為你要升學而改變一些安排？ - 12-2.為你進補（藥補或食補）,有改變，比以前少,1.0
65,12-2,12.升上國九後，家裡有沒有因為你要升學而改變一些安排？ - 12-2.為你進補（藥補或食補）,沒有改變，原本就這樣,2.0
66,12-3,12.升上國九後，家裡有沒有因為你要升學而改變一些安排？ - 12-3.特別注意你和朋友的往來,有改變，比以前多,3.0
66,12-3,12.升上國九後，家裡有沒有因為你要升學而改變一些安排？ - 12-3.特別注意你和朋友的往來,有改變，比以前少,1.0
66,12-3,12.升上國九後，家裡有沒有因為你要升學而改變一些安排？ - 12-3.特別注意你和朋友的往來,沒有改變，原本就這樣,2.0
67,12-4,12.升上國九後，家裡有沒有因為你要升學而改變一些安排？ - 12-4.控制你使用手機或上網,有改變，比以前多,3.0
67,12-4,12.升上國九後，家裡有沒有因為你要升學而改變一些安排？ - 12-4.控制你使用手機或上網,有改變，比以前少,1.0
67,12-4,12.升上國九後，家裡有沒有因為你要升學而改變一些安排？ - 12-4.控制你使用手機或上網,沒有改變，原本就這樣,2.0
68,12-5,12.升上國九後，家裡有沒有因為你要升學而改變一些安排？ - 12-5.限制你出遊或玩樂的時間,有改變，比以前多,3.0
68,12-5,12.升上國九後，家裡有沒有因為你要升學而改變一些安排？ - 12-5.限制你出遊或玩樂的時間,有改變，比以前少,1.0
68,12-5,12.升上國九後，家裡有沒有因為你要升學而改變一些安排？ - 12-5.限制你出遊或玩樂的時間,沒有改變，原本就這樣,2.0
69,12-6,12.升上國九後，家裡有沒有因為你要升學而改變一些安排？ - 12-6.規定你的生活作息,有改變，比以前多,3.0
69,12-6,12.升上國九後，家裡有沒有因為你要升學而改變一些安排？ - 12-6.規定你的生活作息,有改變，比以前少,1.0
69,12-6,12.升上國九後，家裡有沒有因為你要升學而改變一些安排？ - 12-6.規定你的生活作息,沒有改變，原本就這樣,2.0
70,12-7,12.升上國九後，家裡有沒有因為你要升學而改變一些安排？ - 12-7.要求其他家人多讓你一些,有改變，比以前多,3.0
70,12-7,12.升上國九後，家裡有沒有因為你要升學而改變一些安排？ - 12-7.要求其他家人多讓你一些,有改變，比以前少,1.0
70,12-7,12.升上國九後，家裡有沒有因為你要升學而改變一些安排？ - 12-7.要求其他家人多讓你一些,沒有改變，原本就這樣,2.0
71,12-8,12.升上國九後，家裡有沒有因為你要升學而改變一些安排？ - 12-8.父母本身使用手機、上網或看電視的時間,有改變，比以前多,3.0
71,12-8,12.升上國九後，家裡有沒有因為你要升學而改變一些安排？ - 12-8.父母本身使用手機、上網或看電視的時間,有改變，比以前少,1.0
71,12-8,12.升上國九後，家裡有沒有因為你要升學而改變一些安排？ - 12-8.父母本身使用手機、上網或看電視的時間,沒有改變，原本就這樣,2.0
72,12-9,12.升上國九後，家裡有沒有因為你要升學而改變一些安排？ - 12-9.父母本身的社交休閒活動,有改變，比以前多,3.0
72,12-9,12.升上國九後，家裡有沒有因為你要升學而改變一些安排？ - 12-9.父母本身的社交休閒活動,有改變，比以前少,1.0
72,12-9,12.升上國九後，家裡有沒有因為你要升學而改變一些安排？ - 12-9.父母本身的社交休閒活動,沒有改變，原本就這樣,2.0
73,12-10,12.升上國九後，家裡有沒有因為你要升學而改變一些安排？ - 12-10.父母陪伴你的時間,有改變，比以前多,3.0
73,12-10,12.升上國九後，家裡有沒有因為你要升學而改變一些安排？ - 12-10.父母陪伴你的時間,有改變，比以前少,1.0
73,12-10,12.升上國九後，家裡有沒有因為你要升學而改變一些安排？ - 12-10.父母陪伴你的時間,沒有改變，原本就這樣,2.0
74,13,13.你會因為將來的升學問題而感覺有壓力嗎？,不會,0.0
74,13,13.你會因為將來的升學問題而感覺有壓力嗎？,會,1.0
75,14,14.你父母有沒有跟你討論過升學的事情？,有,1.0
75,14,14.你父母有沒有跟你討論過升學的事情？,沒有,0.0
76,14-1,14-1.你們討論過哪些相關事情？【可複選】-(1)要唸什麼學校,,
76,14-1,14-1.你們討論過哪些相關事情？【可複選】-(1)要唸什麼學校,有,1.0
76,14-1,14-1.你們討論過哪些相關事情？【可複選】-(1)要唸什麼學校,沒有,0.0
77,14-1_1,14-1.你們討論過哪些相關事情？【可複選】-(2)要加強的科目,,
77,14-1_1,14-1.你們討論過哪些相關事情？【可複選】-(2)要加強的科目,有,1.0
77,14-1_1,14-1.你們討論過哪些相關事情？【可複選】-(2)要加強的科目,沒有,0.0
78,14-1_2,14-1.你們討論過哪些相關事情？【可複選】-(3)如何安排學習進度,,
78,14-1_2,14-1.你們討論過哪些相關事情？【可複選】-(3)如何安排學習進度,有,1.0
78,14-1_2,14-1.你們討論過哪些相關事情？【可複選】-(3)如何安排學習進度,沒有,0.0
79,14-1_3,14-1.你們討論過哪些相關事情？【可複選】-(4)要如何準備申請,,
79,14-1_3,14-1.你們討論過哪些相關事情？【可複選】-(4)要如何準備申請,有,1.0
79,14-1_3,14-1.你們討論過哪些相關事情？【可複選】-(4)要如何準備申請,沒有,0.0
80,14-1_4,14-1.你們討論過哪些相關事情？【可複選】-(5)如何調節情緒壓力,,
80,14-1_4,14-1.你們討論過哪些相關事情？【可複選】-(5)如何調節情緒壓力,有,1.0
80,14-1_4,14-1.你們討論過哪些相關事情？【可複選】-(5)如何調節情緒壓力,沒有,0.0
81,14-1_5,14-1.你們討論過哪些相關事情？【可複選】-(6)有什麼獎勵,,
81,14-1_5,14-1.你們討論過哪些相關事情？【可複選】-(6)有什麼獎勵,有,1.0
81,14-1_5,14-1.你們討論過哪些相關事情？【可複選】-(6)有什麼獎勵,沒有,0.0
82,14-1_6,14-1.你們討論過哪些相關事情？【可複選】-(7)其他,,
82,14-1_6,14-1.你們討論過哪些相關事情？【可複選】-(7)其他,有,1.0
82,14-1_6,14-1.你們討論過哪些相關事情？【可複選】-(7)其他,沒有,0.0
83,其他.1,其他.1,,
83,其他.1,其他.1,1,1
83,其他.1,其他.1,ao6u.3bp4ck6ru;3qyp3ru.4ru.4ji3,ao6u.3bp4ck6ru;3qyp3ru.4ru.4ji3
83,其他.1,其他.1,"subject, college","subject, college"
83,其他.1,其他.1,中國什麼時候打過來,中國什麼時候打過來
83,其他.1,其他.1,人際關係,人際關係
83,其他.1,其他.1,以後的工作,以後的工作
83,其他.1,其他.1,以後要讀什麼科系,以後要讀什麼科系
83,其他.1,其他.1,你要念醫學系,你要念醫學系
83,其他.1,其他.1,其他,其他
83,其他.1,其他.1,出國學習,出國學習
83,其他.1,其他.1,可以不要問那麼多嗎??,可以不要問那麼多嗎??
83,其他.1,其他.1,喜歡的科系,喜歡的科系
83,其他.1,其他.1,喜歡的科系 興趣,喜歡的科系 興趣
83,其他.1,其他.1,地址,地址
83,其他.1,其他.1,大學科系,大學科系
83,其他.1,其他.1,妹子漂不漂亮,妹子漂不漂亮
83,其他.1,其他.1,學費,學費
83,其他.1,其他.1,家人相處模式,家人相處模式
83,其他.1,其他.1,對麼有興趣,對麼有興趣
83,其他.1,其他.1,想往哪個方向發展?,想往哪個方向發展?
83,其他.1,其他.1,日常分享,日常分享
83,其他.1,其他.1,會不會考不到證照,會不會考不到證照
83,其他.1,其他.1,未來工作,未來工作
83,其他.1,其他.1,未來想讀的科系,未來想讀的科系
83,其他.1,其他.1,未來方向,未來方向
83,其他.1,其他.1,未來的出路,未來的出路
83,其他.1,其他.1,未來科系,未來科系
83,其他.1,其他.1,未來職業方向,未來職業方向
83,其他.1,其他.1,未來要做什麼,未來要做什麼
83,其他.1,其他.1,未來高中的升學管道,未來高中的升學管道
83,其他.1,其他.1,無,無
83,其他.1,其他.1,由沒有女友（沒有）,由沒有女友（沒有）
83,其他.1,其他.1,知道自己未來想做什麼就好,知道自己未來想做什麼就好
83,其他.1,其他.1,科目,科目
83,其他.1,其他.1,科系,科系
83,其他.1,其他.1,考不考得上,考不考得上
83,其他.1,其他.1,考得好不好,考得好不好
83,其他.1,其他.1,耶,耶
83,其他.1,其他.1,興趣,興趣
83,其他.1,其他.1,要上的科目,要上的科目
83,其他.1,其他.1,要不要繼續學美術,要不要繼續學美術
83,其他.1,其他.1,讀甚麼科,讀甚麼科
83,其他.1,其他.1,遊戲,遊戲
83,其他.1,其他.1,過去的距離,過去的距離
83,其他.1,其他.1,錢,錢
84,15,15.你的父母親希望你唸到什麼樣的程度？,不知道,0.0
84,15,15.你的父母親希望你唸到什麼樣的程度？,博士畢業,6.0
84,15,15.你的父母親希望你唸到什麼樣的程度？,國中畢業,1.0
84,15,15.你的父母親希望你唸到什麼樣的程度？,大學或技術學院畢業（四技、二技）,4.0
84,15,15.你的父母親希望你唸到什麼樣的程度？,專科畢業（五專、二專）,3.0
84,15,15.你的父母親希望你唸到什麼樣的程度？,碩士畢業,5.0
84,15,15.你的父母親希望你唸到什麼樣的程度？,高中（職）畢業,2.0
85,16,16.以你目前的狀況，你認為自己最可能上哪一類學校？,不知道,0.0
85,16,16.以你目前的狀況，你認為自己最可能上哪一類學校？,公立高中,2.0
85,16,16.以你目前的狀況，你認為自己最可能上哪一類學校？,專科,3.0
85,16,16.以你目前的狀況，你認為自己最可能上哪一類學校？,我不打算繼續升學,0.0
85,16,16.以你目前的狀況，你認為自己最可能上哪一類學校？,私立高中,2.0
85,16,16.以你目前的狀況，你認為自己最可能上哪一類學校？,軍校,2.0
85,16,16.以你目前的狀況，你認為自己最可能上哪一類學校？,高職,2.0
86,17,17.如果可以不受任何條件限制，你覺得你可以讀到什麼程度？,其他，請說明,0.0
86,17,17.如果可以不受任何條件限制，你覺得你可以讀到什麼程度？,博士畢業,6.0
86,17,17.如果可以不受任何條件限制，你覺得你可以讀到什麼程度？,國中畢業,1.0
86,17,17.如果可以不受任何條件限制，你覺得你可以讀到什麼程度？,大學或技術學院畢業（四技、二技）,4.0
86,17,17.如果可以不受任何條件限制，你覺得你可以讀到什麼程度？,專科畢業（五專、二專）,3.0
86,17,17.如果可以不受任何條件限制，你覺得你可以讀到什麼程度？,碩士畢業,5.0
86,17,17.如果可以不受任何條件限制，你覺得你可以讀到什麼程度？,高中（職）畢業,2.0
87,其他.2,其他.2,,
87,其他.2,其他.2,0,0
87,其他.2,其他.2,412475234750,412475234750
87,其他.2,其他.2,I don’t know,I don’t know
87,其他.2,其他.2,[p,[p
87,其他.2,其他.2,idk,idk
87,其他.2,其他.2,不抱期望,不抱期望
87,其他.2,其他.2,不知之後看看,不知之後看看
87,其他.2,其他.2,不知道,不知道
87,其他.2,其他.2,"不知道,運氣也是實力的一部份","不知道,運氣也是實力的一部份"
87,其他.2,其他.2,不知道！,不知道！
87,其他.2,其他.2,不確定,不確定
87,其他.2,其他.2,世界最強,世界最強
87,其他.2,其他.2,其他,其他
87,其他.2,其他.2,哈佛大學,哈佛大學
87,其他.2,其他.2,國小畢業,國小畢業
87,其他.2,其他.2,幼稚園幼幼班,幼稚園幼幼班
87,其他.2,其他.2,從心而動.不愧於己,從心而動.不愧於己
87,其他.2,其他.2,我也不知道能讀到哪裡,我也不知道能讀到哪裡
87,其他.2,其他.2,"我希望能讀越高學位越好,如果我得能力持續上升,我想讀博士","我希望能讀越高學位越好,如果我得能力持續上升,我想讀博士"
87,其他.2,其他.2,拿到諾貝爾獎,拿到諾貝爾獎
87,其他.2,其他.2,準碩士、準博士,準碩士、準博士
87,其他.2,其他.2,看心情,看心情
87,其他.2,其他.2,看情況,看情況
87,其他.2,其他.2,研究所,研究所
87,其他.2,其他.2,總統,總統
87,其他.2,其他.2,聽天由命,聽天由命
87,其他.2,其他.2,與愛因斯坦不分軒輊,與愛因斯坦不分軒輊
87,其他.2,其他.2,警專警大,警專警大
87,其他.2,其他.2,隨便,隨便
87,其他.2,其他.2,高中肄業,高中肄業
88,18,18.就你目前的環境和能力，你覺得你可以讀到什麼程度？,其他，請說明,0.0
88,18,18.就你目前的環境和能力，你覺得你可以讀到什麼程度？,博士畢業,6.0
88,18,18.就你目前的環境和能力，你覺得你可以讀到什麼程度？,國中畢業,1.0
88,18,18.就你目前的環境和能力，你覺得你可以讀到什麼程度？,大學或技術學院畢業（四技、二技）,4.0
88,18,18.就你目前的環境和能力，你覺得你可以讀到什麼程度？,專科畢業（五專、二專）,3.0
88,18,18.就你目前的環境和能力，你覺得你可以讀到什麼程度？,碩士畢業,5.0
88,18,18.就你目前的環境和能力，你覺得你可以讀到什麼程度？,高中（職）畢業,2.0
89,其他.3,其他.3,,
89,其他.3,其他.3,0,0
89,其他.3,其他.3,1,1
89,其他.3,其他.3,24723472547502,24723472547502
89,其他.3,其他.3,idk,idk
89,其他.3,其他.3,op,op
89,其他.3,其他.3,不 知道,不 知道
89,其他.3,其他.3,不知之後看看,不知之後看看
89,其他.3,其他.3,不知道,不知道
89,其他.3,其他.3,"不知道,運氣也是實力的一部份","不知道,運氣也是實力的一部份"
89,其他.3,其他.3,不知道！,不知道！
89,其他.3,其他.3,不確定,不確定
89,其他.3,其他.3,其他,其他
89,其他.3,其他.3,國小,國小
89,其他.3,其他.3,國小差不多,國小差不多
89,其他.3,其他.3,大班,大班
89,其他.3,其他.3,想讀哪讀哪,想讀哪讀哪
89,其他.3,其他.3,我不知道,我不知道
89,其他.3,其他.3,我目前也就讀了國中也只具備國中生的能力,我目前也就讀了國中也只具備國中生的能力
89,其他.3,其他.3,搞不好都畢業不了,搞不好都畢業不了
89,其他.3,其他.3,有能力 卻不讓就讀,有能力 卻不讓就讀
89,其他.3,其他.3,聽天由命,聽天由命
89,其他.3,其他.3,補考沒過有可能沒髮畢業,補考沒過有可能沒髮畢業
89,其他.3,其他.3,警專警大,警專警大
89,其他.3,其他.3,還不確定,還不確定
89,其他.3,其他.3,高中肄業,高中肄業
89,其他.3,其他.3,鬼知道,鬼知道
90,19-1,19-1.關於上網，請問你爸爸有沒有以下的情形？,,
90,19-1,19-1.關於上網，請問你爸爸有沒有以下的情形？,沒有,0.0
91,19-1_1,  - 19-1-1.會規定你什麼時候可以上網，什麼時候不行,,
91,19-1_1,  - 19-1-1.會規定你什麼時候可以上網，什麼時候不行,偶爾,2.0
91,19-1_1,  - 19-1-1.會規定你什麼時候可以上網，什麼時候不行,從未,1.0
91,19-1_1,  - 19-1-1.會規定你什麼時候可以上網，什麼時候不行,有時,3.0
91,19-1_1,  - 19-1-1.會規定你什麼時候可以上網，什麼時候不行,經常,4.0
92,19-1_2,  - 19-1-2.會限制你上網時間的長短,,
92,19-1_2,  - 19-1-2.會限制你上網時間的長短,偶爾,2.0
92,19-1_2,  - 19-1-2.會限制你上網時間的長短,從未,1.0
92,19-1_2,  - 19-1-2.會限制你上網時間的長短,有時,3.0
92,19-1_2,  - 19-1-2.會限制你上網時間的長短,經常,4.0
93,19-1_3,  - 19-1-3.會和你一起聊網路上發生的趣聞或事件,,
93,19-1_3,  - 19-1-3.會和你一起聊網路上發生的趣聞或事件,偶爾,2.0
93,19-1_3,  - 19-1-3.會和你一起聊網路上發生的趣聞或事件,從未,1.0
93,19-1_3,  - 19-1-3.會和你一起聊網路上發生的趣聞或事件,有時,3.0
93,19-1_3,  - 19-1-3.會和你一起聊網路上發生的趣聞或事件,經常,4.0
94,19-1_4,  - 19-1-4.會陪你一起上網查資料或做作業,,
94,19-1_4,  - 19-1-4.會陪你一起上網查資料或做作業,偶爾,2.0
94,19-1_4,  - 19-1-4.會陪你一起上網查資料或做作業,從未,1.0
94,19-1_4,  - 19-1-4.會陪你一起上網查資料或做作業,有時,3.0
94,19-1_4,  - 19-1-4.會陪你一起上網查資料或做作業,經常,4.0
95,19-1_5,  - 19-1-5.會鼓勵你上網,,
95,19-1_5,  - 19-1-5.會鼓勵你上網,偶爾,2.0
95,19-1_5,  - 19-1-5.會鼓勵你上網,從未,1.0
95,19-1_5,  - 19-1-5.會鼓勵你上網,有時,3.0
95,19-1_5,  - 19-1-5.會鼓勵你上網,經常,4.0
96,19-1_6,  - 19-1-6.會和你討論使用網路的情形和心得,,
96,19-1_6,  - 19-1-6.會和你討論使用網路的情形和心得,偶爾,2.0
96,19-1_6,  - 19-1-6.會和你討論使用網路的情形和心得,從未,1.0
96,19-1_6,  - 19-1-6.會和你討論使用網路的情形和心得,有時,3.0
96,19-1_6,  - 19-1-6.會和你討論使用網路的情形和心得,經常,4.0
97,19-1_7,  - 19-1-7.擔心你上網會產生健康問題（如:眼睛、體能）,,
97,19-1_7,  - 19-1-7.擔心你上網會產生健康問題（如:眼睛、體能）,偶爾,2.0
97,19-1_7,  - 19-1-7.擔心你上網會產生健康問題（如:眼睛、體能）,從未,1.0
97,19-1_7,  - 19-1-7.擔心你上網會產生健康問題（如:眼睛、體能）,有時,3.0
97,19-1_7,  - 19-1-7.擔心你上網會產生健康問題（如:眼睛、體能）,經常,4.0
98,19-1_8,  - 19-1-8.擔心你課業成績會因為上網而有不好影響,,
98,19-1_8,  - 19-1-8.擔心你課業成績會因為上網而有不好影響,偶爾,2.0
98,19-1_8,  - 19-1-8.擔心你課業成績會因為上網而有不好影響,從未,1.0
98,19-1_8,  - 19-1-8.擔心你課業成績會因為上網而有不好影響,有時,3.0
98,19-1_8,  - 19-1-8.擔心你課業成績會因為上網而有不好影響,經常,4.0
99,19-1_9,  - 19-1-9.會問你在網上做什麼,,
99,19-1_9,  - 19-1-9.會問你在網上做什麼,偶爾,2.0
99,19-1_9,  - 19-1-9.會問你在網上做什麼,從未,1.0
99,19-1_9,  - 19-1-9.會問你在網上做什麼,有時,3.0
99,19-1_9,  - 19-1-9.會問你在網上做什麼,經常,4.0
100,19-1_10,  - 19-1-10.會查看你的網頁瀏覽記錄,,
100,19-1_10,  - 19-1-10.會查看你的網頁瀏覽記錄,偶爾,2.0
100,19-1_10,  - 19-1-10.會查看你的網頁瀏覽記錄,從未,1.0
100,19-1_10,  - 19-1-10.會查看你的網頁瀏覽記錄,有時,3.0
100,19-1_10,  - 19-1-10.會查看你的網頁瀏覽記錄,經常,4.0
101,19-1_11,  - 19-1-11.會因為你上網而責罵你,,
101,19-1_11,  - 19-1-11.會因為你上網而責罵你,偶爾,2.0
101,19-1_11,  - 19-1-11.會因為你上網而責罵你,從未,1.0
101,19-1_11,  - 19-1-11.會因為你上網而責罵你,有時,3.0
101,19-1_11,  - 19-1-11.會因為你上網而責罵你,經常,4.0
102,19-1_12,  - 19-1-12.會因為你在網路購物而和你起衝突,,
102,19-1_12,  - 19-1-12.會因為你在網路購物而和你起衝突,偶爾,2.0
102,19-1_12,  - 19-1-12.會因為你在網路購物而和你起衝突,從未,1.0
102,19-1_12,  - 19-1-12.會因為你在網路購物而和你起衝突,有時,3.0
102,19-1_12,  - 19-1-12.會因為你在網路購物而和你起衝突,經常,4.0
103,19-2,19-2.關於上網，請問你媽媽有沒有以下的情形？,,
103,19-2,19-2.關於上網，請問你媽媽有沒有以下的情形？,沒有,0.0
104,19-2_1,  - 19-2-1.會規定你什麼時候可以上網，什麼時候不行,,
104,19-2_1,  - 19-2-1.會規定你什麼時候可以上網，什麼時候不行,偶爾,2.0
104,19-2_1,  - 19-2-1.會規定你什麼時候可以上網，什麼時候不行,從未,1.0
104,19-2_1,  - 19-2-1.會規定你什麼時候可以上網，什麼時候不行,有時,3.0
104,19-2_1,  - 19-2-1.會規定你什麼時候可以上網，什麼時候不行,經常,4.0
105,19-2_2,  - 19-2-2.會限制你上網時間的長短,,
105,19-2_2,  - 19-2-2.會限制你上網時間的長短,偶爾,2.0
105,19-2_2,  - 19-2-2.會限制你上網時間的長短,從未,1.0
105,19-2_2,  - 19-2-2.會限制你上網時間的長短,有時,3.0
105,19-2_2,  - 19-2-2.會限制你上網時間的長短,經常,4.0
106,19-2_3,  - 19-2-3.會和你一起聊網路上發生的趣聞或事件,,
106,19-2_3,  - 19-2-3.會和你一起聊網路上發生的趣聞或事件,偶爾,2.0
106,19-2_3,  - 19-2-3.會和你一起聊網路上發生的趣聞或事件,從未,1.0
106,19-2_3,  - 19-2-3.會和你一起聊網路上發生的趣聞或事件,有時,3.0
106,19-2_3,  - 19-2-3.會和你一起聊網路上發生的趣聞或事件,經常,4.0
107,19-2_4,  - 19-2-4.會陪你一起上網查資料或做作業,,
107,19-2_4,  - 19-2-4.會陪你一起上網查資料或做作業,偶爾,2.0
107,19-2_4,  - 19-2-4.會陪你一起上網查資料或做作業,從未,1.0
107,19-2_4,  - 19-2-4.會陪你一起上網查資料或做作業,有時,3.0
107,19-2_4,  - 19-2-4.會陪你一起上網查資料或做作業,經常,4.0
108,19-2_5,  - 19-2-5.會鼓勵你上網,,
108,19-2_5,  - 19-2-5.會鼓勵你上網,偶爾,2.0
108,19-2_5,  - 19-2-5.會鼓勵你上網,從未,1.0
108,19-2_5,  - 19-2-5.會鼓勵你上網,有時,3.0
108,19-2_5,  - 19-2-5.會鼓勵你上網,經常,4.0
109,19-2_6,  - 19-2-6.會和你討論使用網路的情形和心得,,
109,19-2_6,  - 19-2-6.會和你討論使用網路的情形和心得,偶爾,2.0
109,19-2_6,  - 19-2-6.會和你討論使用網路的情形和心得,從未,1.0
109,19-2_6,  - 19-2-6.會和你討論使用網路的情形和心得,有時,3.0
109,19-2_6,  - 19-2-6.會和你討論使用網路的情形和心得,經常,4.0
110,19-2_7,  - 19-2-7.擔心你上網會產生健康問題（如:眼睛、體能）,,
110,19-2_7,  - 19-2-7.擔心你上網會產生健康問題（如:眼睛、體能）,偶爾,2.0
110,19-2_7,  - 19-2-7.擔心你上網會產生健康問題（如:眼睛、體能）,從未,1.0
110,19-2_7,  - 19-2-7.擔心你上網會產生健康問題（如:眼睛、體能）,有時,3.0
110,19-2_7,  - 19-2-7.擔心你上網會產生健康問題（如:眼睛、體能）,經常,4.0
111,19-2_8,  - 19-2-8.擔心你課業成績會因為上網而有不好影響,,
111,19-2_8,  - 19-2-8.擔心你課業成績會因為上網而有不好影響,偶爾,2.0
111,19-2_8,  - 19-2-8.擔心你課業成績會因為上網而有不好影響,從未,1.0
111,19-2_8,  - 19-2-8.擔心你課業成績會因為上網而有不好影響,有時,3.0
111,19-2_8,  - 19-2-8.擔心你課業成績會因為上網而有不好影響,經常,4.0
112,19-2_9,  - 19-2-9.會問你在網上做什麼,,
112,19-2_9,  - 19-2-9.會問你在網上做什麼,偶爾,2.0
112,19-2_9,  - 19-2-9.會問你在網上做什麼,從未,1.0
112,19-2_9,  - 19-2-9.會問你在網上做什麼,有時,3.0
112,19-2_9,  - 19-2-9.會問你在網上做什麼,經常,4.0
113,19-2_10,  - 19-2-10.會查看你的網頁瀏覽記錄,,
113,19-2_10,  - 19-2-10.會查看你的網頁瀏覽記錄,偶爾,2.0
113,19-2_10,  - 19-2-10.會查看你的網頁瀏覽記錄,從未,1.0
113,19-2_10,  - 19-2-10.會查看你的網頁瀏覽記錄,有時,3.0
113,19-2_10,  - 19-2-10.會查看你的網頁瀏覽記錄,經常,4.0
114,19-2_11,  - 19-2-11.會因為你上網而責罵你,,
114,19-2_11,  - 19-2-11.會因為你上網而責罵你,偶爾,2.0
114,19-2_11,  - 19-2-11.會因為你上網而責罵你,從未,1.0
114,19-2_11,  - 19-2-11.會因為你上網而責罵你,有時,3.0
114,19-2_11,  - 19-2-11.會因為你上網而責罵你,經常,4.0
115,19-2_12,  - 19-2-12.會因為你在網路購物而和你起衝突,,
115,19-2_12,  - 19-2-12.會因為你在網路購物而和你起衝突,偶爾,2.0
115,19-2_12,  - 19-2-12.會因為你在網路購物而和你起衝突,從未,1.0
115,19-2_12,  - 19-2-12.會因為你在網路購物而和你起衝突,有時,3.0
115,19-2_12,  - 19-2-12.會因為你在網路購物而和你起衝突,經常,4.0
116,____小時,____小時,1,1
116,____小時,____小時,10,10
116,____小時,____小時,11,11
116,____小時,____小時,12,12
116,____小時,____小時,13,13
116,____小時,____小時,14,14
116,____小時,____小時,15,15
116,____小時,____小時,16,16
116,____小時,____小時,17,17
116,____小時,____小時,18,18
116,____小時,____小時,19,19
116,____小時,____小時,2,2
116,____小時,____小時,20,20
116,____小時,____小時,21,21
116,____小時,____小時,22,22
116,____小時,____小時,23,23
116,____小時,____小時,24,24
116,____小時,____小時,3,3
116,____小時,____小時,4,4
116,____小時,____小時,5,5
116,____小時,____小時,6,6
116,____小時,____小時,7,7
116,____小時,____小時,8,8
116,____小時,____小時,9,9
117,____分鐘,____分鐘,0,0
117,____分鐘,____分鐘,10,10
117,____分鐘,____分鐘,20,20
117,____分鐘,____分鐘,30,30
117,____分鐘,____分鐘,40,40
117,____分鐘,____分鐘,50,50
118,21-1,21-1.完成學校功課（查找完成作業需要的資料）,0.5-1小時,3
118,21-1,21-1.完成學校功課（查找完成作業需要的資料）,0.5小時以內,2
118,21-1,21-1.完成學校功課（查找完成作業需要的資料）,1-1.5小時,4
118,21-1,21-1.完成學校功課（查找完成作業需要的資料）,1.5-2小時,5
118,21-1,21-1.完成學校功課（查找完成作業需要的資料）,2-2.5小時,6
118,21-1,21-1.完成學校功課（查找完成作業需要的資料）,2.5-3小時,7
118,21-1,21-1.完成學校功課（查找完成作業需要的資料）,3-3.5小時,8
118,21-1,21-1.完成學校功課（查找完成作業需要的資料）,3.5-4小時,9
118,21-1,21-1.完成學校功課（查找完成作業需要的資料）,4-4.5小時,10
118,21-1,21-1.完成學校功課（查找完成作業需要的資料）,4.5-5小時,11
118,21-1,21-1.完成學校功課（查找完成作業需要的資料）,5小時以上,12
118,21-1,21-1.完成學校功課（查找完成作業需要的資料）,沒有,1
119,21-2,21-2.課外的學習（各種線上付費或免費的課程）,0.5-1小時,3
119,21-2,21-2.課外的學習（各種線上付費或免費的課程）,0.5小時以內,2
119,21-2,21-2.課外的學習（各種線上付費或免費的課程）,1-1.5小時,4
119,21-2,21-2.課外的學習（各種線上付費或免費的課程）,1.5-2小時,5
119,21-2,21-2.課外的學習（各種線上付費或免費的課程）,2-2.5小時,6
119,21-2,21-2.課外的學習（各種線上付費或免費的課程）,2.5-3小時,7
119,21-2,21-2.課外的學習（各種線上付費或免費的課程）,3-3.5小時,8
119,21-2,21-2.課外的學習（各種線上付費或免費的課程）,3.5-4小時,9
119,21-2,21-2.課外的學習（各種線上付費或免費的課程）,4-4.5小時,10
119,21-2,21-2.課外的學習（各種線上付費或免費的課程）,4.5-5小時,11
119,21-2,21-2.課外的學習（各種線上付費或免費的課程）,5小時以上,12
119,21-2,21-2.課外的學習（各種線上付費或免費的課程）,沒有,1
120,21-3,21-3.玩線上遊戲,0.5-1小時,3
120,21-3,21-3.玩線上遊戲,0.5小時以內,2
120,21-3,21-3.玩線上遊戲,1-1.5小時,4
120,21-3,21-3.玩線上遊戲,1.5-2小時,5
120,21-3,21-3.玩線上遊戲,2-2.5小時,6
120,21-3,21-3.玩線上遊戲,2.5-3小時,7
120,21-3,21-3.玩線上遊戲,3-3.5小時,8
120,21-3,21-3.玩線上遊戲,3.5-4小時,9
120,21-3,21-3.玩線上遊戲,4-4.5小時,10
120,21-3,21-3.玩線上遊戲,4.5-5小時,11
120,21-3,21-3.玩線上遊戲,5小時以上,12
120,21-3,21-3.玩線上遊戲,沒有,1
121,21-4,21-4.看影片、聽音樂、迷因梗圖、卡通、漫畫,0.5-1小時,3
121,21-4,21-4.看影片、聽音樂、迷因梗圖、卡通、漫畫,0.5小時以內,2
121,21-4,21-4.看影片、聽音樂、迷因梗圖、卡通、漫畫,1-1.5小時,4
121,21-4,21-4.看影片、聽音樂、迷因梗圖、卡通、漫畫,1.5-2小時,5
121,21-4,21-4.看影片、聽音樂、迷因梗圖、卡通、漫畫,2-2.5小時,6
121,21-4,21-4.看影片、聽音樂、迷因梗圖、卡通、漫畫,2.5-3小時,7
121,21-4,21-4.看影片、聽音樂、迷因梗圖、卡通、漫畫,3-3.5小時,8
121,21-4,21-4.看影片、聽音樂、迷因梗圖、卡通、漫畫,3.5-4小時,9
121,21-4,21-4.看影片、聽音樂、迷因梗圖、卡通、漫畫,4-4.5小時,10
121,21-4,21-4.看影片、聽音樂、迷因梗圖、卡通、漫畫,4.5-5小時,11
121,21-4,21-4.看影片、聽音樂、迷因梗圖、卡通、漫畫,5小時以上,12
121,21-4,21-4.看影片、聽音樂、迷因梗圖、卡通、漫畫,沒有,1
122,21-5,21-5.和他人聊天（傳訊息）,0.5-1小時,3
122,21-5,21-5.和他人聊天（傳訊息）,0.5小時以內,2
122,21-5,21-5.和他人聊天（傳訊息）,1-1.5小時,4
122,21-5,21-5.和他人聊天（傳訊息）,1.5-2小時,5
122,21-5,21-5.和他人聊天（傳訊息）,2-2.5小時,6
122,21-5,21-5.和他人聊天（傳訊息）,2.5-3小時,7
122,21-5,21-5.和他人聊天（傳訊息）,3-3.5小時,8
122,21-5,21-5.和他人聊天（傳訊息）,3.5-4小時,9
122,21-5,21-5.和他人聊天（傳訊息）,4-4.5小時,10
122,21-5,21-5.和他人聊天（傳訊息）,4.5-5小時,11
122,21-5,21-5.和他人聊天（傳訊息）,5小時以上,12
122,21-5,21-5.和他人聊天（傳訊息）,沒有,1
123,21-6,21-6.在網路上瀏覽自己有興趣的資訊,0.5-1小時,3
123,21-6,21-6.在網路上瀏覽自己有興趣的資訊,0.5小時以內,2
123,21-6,21-6.在網路上瀏覽自己有興趣的資訊,1-1.5小時,4
123,21-6,21-6.在網路上瀏覽自己有興趣的資訊,1.5-2小時,5
123,21-6,21-6.在網路上瀏覽自己有興趣的資訊,2-2.5小時,6
123,21-6,21-6.在網路上瀏覽自己有興趣的資訊,2.5-3小時,7
123,21-6,21-6.在網路上瀏覽自己有興趣的資訊,3-3.5小時,8
123,21-6,21-6.在網路上瀏覽自己有興趣的資訊,3.5-4小時,9
123,21-6,21-6.在網路上瀏覽自己有興趣的資訊,4-4.5小時,10
123,21-6,21-6.在網路上瀏覽自己有興趣的資訊,4.5-5小時,11
123,21-6,21-6.在網路上瀏覽自己有興趣的資訊,5小時以上,12
123,21-6,21-6.在網路上瀏覽自己有興趣的資訊,沒有,1
124,____小時.1,____小時.1,1,1
124,____小時.1,____小時.1,10,10
124,____小時.1,____小時.1,11,11
124,____小時.1,____小時.1,12,12
124,____小時.1,____小時.1,13,13
124,____小時.1,____小時.1,14,14
124,____小時.1,____小時.1,15,15
124,____小時.1,____小時.1,16,16
124,____小時.1,____小時.1,17,17
124,____小時.1,____小時.1,18,18
124,____小時.1,____小時.1,19,19
124,____小時.1,____小時.1,2,2
124,____小時.1,____小時.1,20,20
124,____小時.1,____小時.1,21,21
124,____小時.1,____小時.1,22,22
124,____小時.1,____小時.1,23,23
124,____小時.1,____小時.1,24,24
124,____小時.1,____小時.1,3,3
124,____小時.1,____小時.1,4,4
124,____小時.1,____小時.1,5,5
124,____小時.1,____小時.1,6,6
124,____小時.1,____小時.1,7,7
124,____小時.1,____小時.1,8,8
124,____小時.1,____小時.1,9,9
125,____分鐘.1,____分鐘.1,0,0
125,____分鐘.1,____分鐘.1,10,10
125,____分鐘.1,____分鐘.1,20,20
125,____分鐘.1,____分鐘.1,30,30
125,____分鐘.1,____分鐘.1,40,40
125,____分鐘.1,____分鐘.1,50,50
126,____小時.2,____小時.2,1,1
126,____小時.2,____小時.2,10,10
126,____小時.2,____小時.2,11,11
126,____小時.2,____小時.2,12,12
126,____小時.2,____小時.2,13,13
126,____小時.2,____小時.2,14,14
126,____小時.2,____小時.2,15,15
126,____小時.2,____小時.2,16,16
126,____小時.2,____小時.2,17,17
126,____小時.2,____小時.2,18,18
126,____小時.2,____小時.2,19,19
126,____小時.2,____小時.2,2,2
126,____小時.2,____小時.2,20,20
126,____小時.2,____小時.2,21,21
126,____小時.2,____小時.2,22,22
126,____小時.2,____小時.2,23,23
126,____小時.2,____小時.2,24,24
126,____小時.2,____小時.2,3,3
126,____小時.2,____小時.2,4,4
126,____小時.2,____小時.2,5,5
126,____小時.2,____小時.2,6,6
126,____小時.2,____小時.2,7,7
126,____小時.2,____小時.2,8,8
126,____小時.2,____小時.2,9,9
127,____分鐘.2,____分鐘.2,0,0
127,____分鐘.2,____分鐘.2,10,10
127,____分鐘.2,____分鐘.2,20,20
127,____分鐘.2,____分鐘.2,30,30
127,____分鐘.2,____分鐘.2,40,40
127,____分鐘.2,____分鐘.2,50,50
128,23-1,23. 你與以下對象的即時通訊(如LINE、臉書、Wechat、WhatsAPP等)，你的使用情形如何？ - 23-1.父親,幾乎沒有,1.0
128,23-1,23. 你與以下對象的即時通訊(如LINE、臉書、Wechat、WhatsAPP等)，你的使用情形如何？ - 23-1.父親,每周1、2次,2.0
128,23-1,23. 你與以下對象的即時通訊(如LINE、臉書、Wechat、WhatsAPP等)，你的使用情形如何？ - 23-1.父親,每周3、4次,3.0
128,23-1,23. 你與以下對象的即時通訊(如LINE、臉書、Wechat、WhatsAPP等)，你的使用情形如何？ - 23-1.父親,每天1次,4.0
128,23-1,23. 你與以下對象的即時通訊(如LINE、臉書、Wechat、WhatsAPP等)，你的使用情形如何？ - 23-1.父親,每天好幾次,5.0
128,23-1,23. 你與以下對象的即時通訊(如LINE、臉書、Wechat、WhatsAPP等)，你的使用情形如何？ - 23-1.父親,無此人,0.0
129,23-2,23. 你與以下對象的即時通訊(如LINE、臉書、Wechat、WhatsAPP等)，你的使用情形如何？ - 23-2.母親,幾乎沒有,1.0
129,23-2,23. 你與以下對象的即時通訊(如LINE、臉書、Wechat、WhatsAPP等)，你的使用情形如何？ - 23-2.母親,每周1、2次,2.0
129,23-2,23. 你與以下對象的即時通訊(如LINE、臉書、Wechat、WhatsAPP等)，你的使用情形如何？ - 23-2.母親,每周3、4次,3.0
129,23-2,23. 你與以下對象的即時通訊(如LINE、臉書、Wechat、WhatsAPP等)，你的使用情形如何？ - 23-2.母親,每天1次,4.0
129,23-2,23. 你與以下對象的即時通訊(如LINE、臉書、Wechat、WhatsAPP等)，你的使用情形如何？ - 23-2.母親,每天好幾次,5.0
129,23-2,23. 你與以下對象的即時通訊(如LINE、臉書、Wechat、WhatsAPP等)，你的使用情形如何？ - 23-2.母親,無此人,0.0
130,23-3,23. 你與以下對象的即時通訊(如LINE、臉書、Wechat、WhatsAPP等)，你的使用情形如何？ - 23-3.兄弟姊妹,幾乎沒有,1.0
130,23-3,23. 你與以下對象的即時通訊(如LINE、臉書、Wechat、WhatsAPP等)，你的使用情形如何？ - 23-3.兄弟姊妹,每周1、2次,2.0
130,23-3,23. 你與以下對象的即時通訊(如LINE、臉書、Wechat、WhatsAPP等)，你的使用情形如何？ - 23-3.兄弟姊妹,每周3、4次,3.0
130,23-3,23. 你與以下對象的即時通訊(如LINE、臉書、Wechat、WhatsAPP等)，你的使用情形如何？ - 23-3.兄弟姊妹,每天1次,4.0
130,23-3,23. 你與以下對象的即時通訊(如LINE、臉書、Wechat、WhatsAPP等)，你的使用情形如何？ - 23-3.兄弟姊妹,每天好幾次,5.0
130,23-3,23. 你與以下對象的即時通訊(如LINE、臉書、Wechat、WhatsAPP等)，你的使用情形如何？ - 23-3.兄弟姊妹,無此人,0.0
131,23-4,23. 你與以下對象的即時通訊(如LINE、臉書、Wechat、WhatsAPP等)，你的使用情形如何？ - 23-4.同班同學,幾乎沒有,1.0
131,23-4,23. 你與以下對象的即時通訊(如LINE、臉書、Wechat、WhatsAPP等)，你的使用情形如何？ - 23-4.同班同學,每周1、2次,2.0
131,23-4,23. 你與以下對象的即時通訊(如LINE、臉書、Wechat、WhatsAPP等)，你的使用情形如何？ - 23-4.同班同學,每周3、4次,3.0
131,23-4,23. 你與以下對象的即時通訊(如LINE、臉書、Wechat、WhatsAPP等)，你的使用情形如何？ - 23-4.同班同學,每天1次,4.0
131,23-4,23. 你與以下對象的即時通訊(如LINE、臉書、Wechat、WhatsAPP等)，你的使用情形如何？ - 23-4.同班同學,每天好幾次,5.0
131,23-4,23. 你與以下對象的即時通訊(如LINE、臉書、Wechat、WhatsAPP等)，你的使用情形如何？ - 23-4.同班同學,無此人,0.0
132,23-5,23. 你與以下對象的即時通訊(如LINE、臉書、Wechat、WhatsAPP等)，你的使用情形如何？ - 23-5.同校朋友,幾乎沒有,1.0
132,23-5,23. 你與以下對象的即時通訊(如LINE、臉書、Wechat、WhatsAPP等)，你的使用情形如何？ - 23-5.同校朋友,每周1、2次,2.0
132,23-5,23. 你與以下對象的即時通訊(如LINE、臉書、Wechat、WhatsAPP等)，你的使用情形如何？ - 23-5.同校朋友,每周3、4次,3.0
132,23-5,23. 你與以下對象的即時通訊(如LINE、臉書、Wechat、WhatsAPP等)，你的使用情形如何？ - 23-5.同校朋友,每天1次,4.0
132,23-5,23. 你與以下對象的即時通訊(如LINE、臉書、Wechat、WhatsAPP等)，你的使用情形如何？ - 23-5.同校朋友,每天好幾次,5.0
132,23-5,23. 你與以下對象的即時通訊(如LINE、臉書、Wechat、WhatsAPP等)，你的使用情形如何？ - 23-5.同校朋友,無此人,0.0
133,23-6,23. 你與以下對象的即時通訊(如LINE、臉書、Wechat、WhatsAPP等)，你的使用情形如何？ - 23-6.校外朋友,幾乎沒有,1.0
133,23-6,23. 你與以下對象的即時通訊(如LINE、臉書、Wechat、WhatsAPP等)，你的使用情形如何？ - 23-6.校外朋友,每周1、2次,2.0
133,23-6,23. 你與以下對象的即時通訊(如LINE、臉書、Wechat、WhatsAPP等)，你的使用情形如何？ - 23-6.校外朋友,每周3、4次,3.0
133,23-6,23. 你與以下對象的即時通訊(如LINE、臉書、Wechat、WhatsAPP等)，你的使用情形如何？ - 23-6.校外朋友,每天1次,4.0
133,23-6,23. 你與以下對象的即時通訊(如LINE、臉書、Wechat、WhatsAPP等)，你的使用情形如何？ - 23-6.校外朋友,每天好幾次,5.0
133,23-6,23. 你與以下對象的即時通訊(如LINE、臉書、Wechat、WhatsAPP等)，你的使用情形如何？ - 23-6.校外朋友,無此人,0.0
134,23-7,23. 你與以下對象的即時通訊(如LINE、臉書、Wechat、WhatsAPP等)，你的使用情形如何？ - 23-7.網友,幾乎沒有,1.0
134,23-7,23. 你與以下對象的即時通訊(如LINE、臉書、Wechat、WhatsAPP等)，你的使用情形如何？ - 23-7.網友,每周1、2次,2.0
134,23-7,23. 你與以下對象的即時通訊(如LINE、臉書、Wechat、WhatsAPP等)，你的使用情形如何？ - 23-7.網友,每周3、4次,3.0
134,23-7,23. 你與以下對象的即時通訊(如LINE、臉書、Wechat、WhatsAPP等)，你的使用情形如何？ - 23-7.網友,每天1次,4.0
134,23-7,23. 你與以下對象的即時通訊(如LINE、臉書、Wechat、WhatsAPP等)，你的使用情形如何？ - 23-7.網友,每天好幾次,5.0
134,23-7,23. 你與以下對象的即時通訊(如LINE、臉書、Wechat、WhatsAPP等)，你的使用情形如何？ - 23-7.網友,無此人,0.0
135,23-8,23. 你與以下對象的即時通訊(如LINE、臉書、Wechat、WhatsAPP等)，你的使用情形如何？ - 23-8.學校老師、社團老師,幾乎沒有,1.0
135,23-8,23. 你與以下對象的即時通訊(如LINE、臉書、Wechat、WhatsAPP等)，你的使用情形如何？ - 23-8.學校老師、社團老師,每周1、2次,2.0
135,23-8,23. 你與以下對象的即時通訊(如LINE、臉書、Wechat、WhatsAPP等)，你的使用情形如何？ - 23-8.學校老師、社團老師,每周3、4次,3.0
135,23-8,23. 你與以下對象的即時通訊(如LINE、臉書、Wechat、WhatsAPP等)，你的使用情形如何？ - 23-8.學校老師、社團老師,每天1次,4.0
135,23-8,23. 你與以下對象的即時通訊(如LINE、臉書、Wechat、WhatsAPP等)，你的使用情形如何？ - 23-8.學校老師、社團老師,每天好幾次,5.0
135,23-8,23. 你與以下對象的即時通訊(如LINE、臉書、Wechat、WhatsAPP等)，你的使用情形如何？ - 23-8.學校老師、社團老師,無此人,0.0
136,23-9,23. 你與以下對象的即時通訊(如LINE、臉書、Wechat、WhatsAPP等)，你的使用情形如何？ - 23-9.補習班或家教老師,幾乎沒有,1.0
136,23-9,23. 你與以下對象的即時通訊(如LINE、臉書、Wechat、WhatsAPP等)，你的使用情形如何？ - 23-9.補習班或家教老師,每周1、2次,2.0
136,23-9,23. 你與以下對象的即時通訊(如LINE、臉書、Wechat、WhatsAPP等)，你的使用情形如何？ - 23-9.補習班或家教老師,每周3、4次,3.0
136,23-9,23. 你與以下對象的即時通訊(如LINE、臉書、Wechat、WhatsAPP等)，你的使用情形如何？ - 23-9.補習班或家教老師,每天1次,4.0
136,23-9,23. 你與以下對象的即時通訊(如LINE、臉書、Wechat、WhatsAPP等)，你的使用情形如何？ - 23-9.補習班或家教老師,每天好幾次,5.0
136,23-9,23. 你與以下對象的即時通訊(如LINE、臉書、Wechat、WhatsAPP等)，你的使用情形如何？ - 23-9.補習班或家教老師,無此人,0.0
137,24-1,24.當你在現實生活遇到困難感到憂慮時，你會上網： - 24-1.找人聊天給你支持或安慰。,偶爾,2.0
137,24-1,24.當你在現實生活遇到困難感到憂慮時，你會上網： - 24-1.找人聊天給你支持或安慰。,從未,1.0
137,24-1,24.當你在現實生活遇到困難感到憂慮時，你會上網： - 24-1.找人聊天給你支持或安慰。,有時,3.0
137,24-1,24.當你在現實生活遇到困難感到憂慮時，你會上網： - 24-1.找人聊天給你支持或安慰。,經常,4.0
138,24-2,24.當你在現實生活遇到困難感到憂慮時，你會上網： - 24-2.找人討論問題，設法解決困難。,偶爾,2.0
138,24-2,24.當你在現實生活遇到困難感到憂慮時，你會上網： - 24-2.找人討論問題，設法解決困難。,從未,1.0
138,24-2,24.當你在現實生活遇到困難感到憂慮時，你會上網： - 24-2.找人討論問題，設法解決困難。,有時,3.0
138,24-2,24.當你在現實生活遇到困難感到憂慮時，你會上網： - 24-2.找人討論問題，設法解決困難。,經常,4.0
139,24-3,24.當你在現實生活遇到困難感到憂慮時，你會上網： - 24-3.搜尋相關的資訊，設法解決困難。,偶爾,2.0
139,24-3,24.當你在現實生活遇到困難感到憂慮時，你會上網： - 24-3.搜尋相關的資訊，設法解決困難。,從未,1.0
139,24-3,24.當你在現實生活遇到困難感到憂慮時，你會上網： - 24-3.搜尋相關的資訊，設法解決困難。,有時,3.0
139,24-3,24.當你在現實生活遇到困難感到憂慮時，你會上網： - 24-3.搜尋相關的資訊，設法解決困難。,經常,4.0
140,24-4,24.當你在現實生活遇到困難感到憂慮時，你會上網： - 24-4.瀏覽跟困難無關的資訊，轉移自己的注意力。,偶爾,2.0
140,24-4,24.當你在現實生活遇到困難感到憂慮時，你會上網： - 24-4.瀏覽跟困難無關的資訊，轉移自己的注意力。,從未,1.0
140,24-4,24.當你在現實生活遇到困難感到憂慮時，你會上網： - 24-4.瀏覽跟困難無關的資訊，轉移自己的注意力。,有時,3.0
140,24-4,24.當你在現實生活遇到困難感到憂慮時，你會上網： - 24-4.瀏覽跟困難無關的資訊，轉移自己的注意力。,經常,4.0
141,24-5,24.當你在現實生活遇到困難感到憂慮時，你會上網： - 24-5.玩遊戲來減少困擾或壓力感受。,偶爾,2.0
141,24-5,24.當你在現實生活遇到困難感到憂慮時，你會上網： - 24-5.玩遊戲來減少困擾或壓力感受。,從未,1.0
141,24-5,24.當你在現實生活遇到困難感到憂慮時，你會上網： - 24-5.玩遊戲來減少困擾或壓力感受。,有時,3.0
141,24-5,24.當你在現實生活遇到困難感到憂慮時，你會上網： - 24-5.玩遊戲來減少困擾或壓力感受。,經常,4.0
142,24-6,24.當你在現實生活遇到困難感到憂慮時，你會上網： - 24-6.購物來改善心情或壓力感受。,偶爾,2.0
142,24-6,24.當你在現實生活遇到困難感到憂慮時，你會上網： - 24-6.購物來改善心情或壓力感受。,從未,1.0
142,24-6,24.當你在現實生活遇到困難感到憂慮時，你會上網： - 24-6.購物來改善心情或壓力感受。,有時,3.0
142,24-6,24.當你在現實生活遇到困難感到憂慮時，你會上網： - 24-6.購物來改善心情或壓力感受。,經常,4.0
143,24-7,24.當你在現實生活遇到困難感到憂慮時，你會上網： - 24-7.詢問生成式AI（如ChatGPT）,偶爾,2.0
143,24-7,24.當你在現實生活遇到困難感到憂慮時，你會上網： - 24-7.詢問生成式AI（如ChatGPT）,從未,1.0
143,24-7,24.當你在現實生活遇到困難感到憂慮時，你會上網： - 24-7.詢問生成式AI（如ChatGPT）,有時,3.0
143,24-7,24.當你在現實生活遇到困難感到憂慮時，你會上網： - 24-7.詢問生成式AI（如ChatGPT）,經常,4.0
144,25-0,25-0.你有沒有社群媒體帳號？,有,1.0
144,25-0,25-0.你有沒有社群媒體帳號？,沒有,0.0
145,25-1,25. 關於你在社群媒體上的行為，以下敘述符不符合你的情況。 - 25-1.我只會發佈自己看起來高興、愉快的照片。,,
145,25-1,25. 關於你在社群媒體上的行為，以下敘述符不符合你的情況。 - 25-1.我只會發佈自己看起來高興、愉快的照片。,不太符合,2.0
145,25-1,25. 關於你在社群媒體上的行為，以下敘述符不符合你的情況。 - 25-1.我只會發佈自己看起來高興、愉快的照片。,不適用,0.0
145,25-1,25. 關於你在社群媒體上的行為，以下敘述符不符合你的情況。 - 25-1.我只會發佈自己看起來高興、愉快的照片。,很不符合,1.0
145,25-1,25. 關於你在社群媒體上的行為，以下敘述符不符合你的情況。 - 25-1.我只會發佈自己看起來高興、愉快的照片。,很符合,4.0
146,25-2,25. 關於你在社群媒體上的行為，以下敘述符不符合你的情況。 - 25-2.我會刻意選擇自己看起來好看的照片發佈。,,
146,25-2,25. 關於你在社群媒體上的行為，以下敘述符不符合你的情況。 - 25-2.我會刻意選擇自己看起來好看的照片發佈。,不太符合,2.0
146,25-2,25. 關於你在社群媒體上的行為，以下敘述符不符合你的情況。 - 25-2.我會刻意選擇自己看起來好看的照片發佈。,不適用,0.0
146,25-2,25. 關於你在社群媒體上的行為，以下敘述符不符合你的情況。 - 25-2.我會刻意選擇自己看起來好看的照片發佈。,很不符合,1.0
146,25-2,25. 關於你在社群媒體上的行為，以下敘述符不符合你的情況。 - 25-2.我會刻意選擇自己看起來好看的照片發佈。,很符合,4.0
147,25-3,25. 關於你在社群媒體上的行為，以下敘述符不符合你的情況。 - 25-3.我會發佈對自己形象加分的訊息，即使那不是真實的情況。,,
147,25-3,25. 關於你在社群媒體上的行為，以下敘述符不符合你的情況。 - 25-3.我會發佈對自己形象加分的訊息，即使那不是真實的情況。,不太符合,2.0
147,25-3,25. 關於你在社群媒體上的行為，以下敘述符不符合你的情況。 - 25-3.我會發佈對自己形象加分的訊息，即使那不是真實的情況。,不適用,0.0
147,25-3,25. 關於你在社群媒體上的行為，以下敘述符不符合你的情況。 - 25-3.我會發佈對自己形象加分的訊息，即使那不是真實的情況。,很不符合,1.0
147,25-3,25. 關於你在社群媒體上的行為，以下敘述符不符合你的情況。 - 25-3.我會發佈對自己形象加分的訊息，即使那不是真實的情況。,很符合,4.0
148,25-4,25. 關於你在社群媒體上的行為，以下敘述符不符合你的情況。 - 25-4我不會介意發佈自己不太好看的照片。,,
148,25-4,25. 關於你在社群媒體上的行為，以下敘述符不符合你的情況。 - 25-4我不會介意發佈自己不太好看的照片。,不太符合,2.0
148,25-4,25. 關於你在社群媒體上的行為，以下敘述符不符合你的情況。 - 25-4我不會介意發佈自己不太好看的照片。,不適用,0.0
148,25-4,25. 關於你在社群媒體上的行為，以下敘述符不符合你的情況。 - 25-4我不會介意發佈自己不太好看的照片。,很不符合,1.0
148,25-4,25. 關於你在社群媒體上的行為，以下敘述符不符合你的情況。 - 25-4我不會介意發佈自己不太好看的照片。,很符合,4.0
149,25-5,25. 關於你在社群媒體上的行為，以下敘述符不符合你的情況。 - 25-5我不介意發佈可能對自己形象扣分的貼文。,,
149,25-5,25. 關於你在社群媒體上的行為，以下敘述符不符合你的情況。 - 25-5我不介意發佈可能對自己形象扣分的貼文。,不太符合,2.0
149,25-5,25. 關於你在社群媒體上的行為，以下敘述符不符合你的情況。 - 25-5我不介意發佈可能對自己形象扣分的貼文。,不適用,0.0
149,25-5,25. 關於你在社群媒體上的行為，以下敘述符不符合你的情況。 - 25-5我不介意發佈可能對自己形象扣分的貼文。,很不符合,1.0
149,25-5,25. 關於你在社群媒體上的行為，以下敘述符不符合你的情況。 - 25-5我不介意發佈可能對自己形象扣分的貼文。,很符合,4.0
150,25-6,25. 關於你在社群媒體上的行為，以下敘述符不符合你的情況。 - 25-6我不介意在我的社群媒體上寫下發生在我身上的壞事。,,
150,25-6,25. 關於你在社群媒體上的行為，以下敘述符不符合你的情況。 - 25-6我不介意在我的社群媒體上寫下發生在我身上的壞事。,不太符合,2.0
150,25-6,25. 關於你在社群媒體上的行為，以下敘述符不符合你的情況。 - 25-6我不介意在我的社群媒體上寫下發生在我身上的壞事。,不適用,0.0
150,25-6,25. 關於你在社群媒體上的行為，以下敘述符不符合你的情況。 - 25-6我不介意在我的社群媒體上寫下發生在我身上的壞事。,很不符合,1.0
150,25-6,25. 關於你在社群媒體上的行為，以下敘述符不符合你的情況。 - 25-6我不介意在我的社群媒體上寫下發生在我身上的壞事。,很符合,4.0
151,25-7,25. 關於你在社群媒體上的行為，以下敘述符不符合你的情況。 - 25-7.我會用不被發現的方式，瀏覽人們在網路上的訊息。,,
151,25-7,25. 關於你在社群媒體上的行為，以下敘述符不符合你的情況。 - 25-7.我會用不被發現的方式，瀏覽人們在網路上的訊息。,不太符合,2.0
151,25-7,25. 關於你在社群媒體上的行為，以下敘述符不符合你的情況。 - 25-7.我會用不被發現的方式，瀏覽人們在網路上的訊息。,不適用,0.0
151,25-7,25. 關於你在社群媒體上的行為，以下敘述符不符合你的情況。 - 25-7.我會用不被發現的方式，瀏覽人們在網路上的訊息。,很不符合,1.0
151,25-7,25. 關於你在社群媒體上的行為，以下敘述符不符合你的情況。 - 25-7.我會用不被發現的方式，瀏覽人們在網路上的訊息。,很符合,4.0
152,25-8,25. 關於你在社群媒體上的行為，以下敘述符不符合你的情況。 - 25-8.我會隱藏自己正在線上活動的紀錄。,,
152,25-8,25. 關於你在社群媒體上的行為，以下敘述符不符合你的情況。 - 25-8.我會隱藏自己正在線上活動的紀錄。,不太符合,2.0
152,25-8,25. 關於你在社群媒體上的行為，以下敘述符不符合你的情況。 - 25-8.我會隱藏自己正在線上活動的紀錄。,不適用,0.0
152,25-8,25. 關於你在社群媒體上的行為，以下敘述符不符合你的情況。 - 25-8.我會隱藏自己正在線上活動的紀錄。,很不符合,1.0
152,25-8,25. 關於你在社群媒體上的行為，以下敘述符不符合你的情況。 - 25-8.我會隱藏自己正在線上活動的紀錄。,很符合,4.0
153,25-9,25. 關於你在社群媒體上的行為，以下敘述符不符合你的情況。 - 25-9.我會避免加入朋友們在社群媒體上的對話，即便我正在看著他們的訊息。,,
153,25-9,25. 關於你在社群媒體上的行為，以下敘述符不符合你的情況。 - 25-9.我會避免加入朋友們在社群媒體上的對話，即便我正在看著他們的訊息。,不太符合,2.0
153,25-9,25. 關於你在社群媒體上的行為，以下敘述符不符合你的情況。 - 25-9.我會避免加入朋友們在社群媒體上的對話，即便我正在看著他們的訊息。,不適用,0.0
153,25-9,25. 關於你在社群媒體上的行為，以下敘述符不符合你的情況。 - 25-9.我會避免加入朋友們在社群媒體上的對話，即便我正在看著他們的訊息。,很不符合,1.0
153,25-9,25. 關於你在社群媒體上的行為，以下敘述符不符合你的情況。 - 25-9.我會避免加入朋友們在社群媒體上的對話，即便我正在看著他們的訊息。,很符合,4.0
154,26-1,26.以下描述符不符合你的個人經驗感受呢？ - 26-1.我喜歡自己在網路上的形象。,不太符合,2.0
154,26-1,26.以下描述符不符合你的個人經驗感受呢？ - 26-1.我喜歡自己在網路上的形象。,很不符合,1.0
154,26-1,26.以下描述符不符合你的個人經驗感受呢？ - 26-1.我喜歡自己在網路上的形象。,很符合,4.0
155,26-2,26.以下描述符不符合你的個人經驗感受呢？ - 26-2.我在網路上可以表現出我最好的一面。,不太符合,2.0
155,26-2,26.以下描述符不符合你的個人經驗感受呢？ - 26-2.我在網路上可以表現出我最好的一面。,很不符合,1.0
155,26-2,26.以下描述符不符合你的個人經驗感受呢？ - 26-2.我在網路上可以表現出我最好的一面。,很符合,4.0
156,26-3,26.以下描述符不符合你的個人經驗感受呢？ - 26-3.在網路世界中我覺得自己可以成為理想的自己。,不太符合,2.0
156,26-3,26.以下描述符不符合你的個人經驗感受呢？ - 26-3.在網路世界中我覺得自己可以成為理想的自己。,很不符合,1.0
156,26-3,26.以下描述符不符合你的個人經驗感受呢？ - 26-3.在網路世界中我覺得自己可以成為理想的自己。,很符合,4.0
157,26-4,26.以下描述符不符合你的個人經驗感受呢？ - 26-4.我喜歡自己在現實生活裡的形象。,不太符合,2.0
157,26-4,26.以下描述符不符合你的個人經驗感受呢？ - 26-4.我喜歡自己在現實生活裡的形象。,很不符合,1.0
157,26-4,26.以下描述符不符合你的個人經驗感受呢？ - 26-4.我喜歡自己在現實生活裡的形象。,很符合,4.0
158,26-5,26.以下描述符不符合你的個人經驗感受呢？ - 26-5.我在現實生活裡可以表現出我最好的一面。,不太符合,2.0
158,26-5,26.以下描述符不符合你的個人經驗感受呢？ - 26-5.我在現實生活裡可以表現出我最好的一面。,很不符合,1.0
158,26-5,26.以下描述符不符合你的個人經驗感受呢？ - 26-5.我在現實生活裡可以表現出我最好的一面。,很符合,4.0
159,26-6,26.以下描述符不符合你的個人經驗感受呢？ - 26-6.在現實生活裡我覺得自己可以成為理想的自己。,不太符合,2.0
159,26-6,26.以下描述符不符合你的個人經驗感受呢？ - 26-6.在現實生活裡我覺得自己可以成為理想的自己。,很不符合,1.0
159,26-6,26.以下描述符不符合你的個人經驗感受呢？ - 26-6.在現實生活裡我覺得自己可以成為理想的自己。,很符合,4.0
160,26-7,26.以下描述符不符合你的個人經驗感受呢？ - 26-7.我在網路世界裡經常會扮演成不一樣的角色。,不太符合,2.0
160,26-7,26.以下描述符不符合你的個人經驗感受呢？ - 26-7.我在網路世界裡經常會扮演成不一樣的角色。,很不符合,1.0
160,26-7,26.以下描述符不符合你的個人經驗感受呢？ - 26-7.我在網路世界裡經常會扮演成不一樣的角色。,很符合,4.0
161,26-8,26.以下描述符不符合你的個人經驗感受呢？ - 26-8.我在不同的社群媒體中（如臉書、IG）會有不一樣的形象。,不太符合,2.0
161,26-8,26.以下描述符不符合你的個人經驗感受呢？ - 26-8.我在不同的社群媒體中（如臉書、IG）會有不一樣的形象。,很不符合,1.0
161,26-8,26.以下描述符不符合你的個人經驗感受呢？ - 26-8.我在不同的社群媒體中（如臉書、IG）會有不一樣的形象。,很符合,4.0
162,26-9,26.以下描述符不符合你的個人經驗感受呢？ - 26-9.我喜歡在網路上擁有多種不一樣的身分、形象或樣貌。,不太符合,2.0
162,26-9,26.以下描述符不符合你的個人經驗感受呢？ - 26-9.我喜歡在網路上擁有多種不一樣的身分、形象或樣貌。,很不符合,1.0
162,26-9,26.以下描述符不符合你的個人經驗感受呢？ - 26-9.我喜歡在網路上擁有多種不一樣的身分、形象或樣貌。,很符合,4.0
163,26-10,26.以下描述符不符合你的個人經驗感受呢？ - 26-10.我在網路上呈現自我的方式，與在現實生活的自我並不相同。,不太符合,2.0
163,26-10,26.以下描述符不符合你的個人經驗感受呢？ - 26-10.我在網路上呈現自我的方式，與在現實生活的自我並不相同。,很不符合,1.0
163,26-10,26.以下描述符不符合你的個人經驗感受呢？ - 26-10.我在網路上呈現自我的方式，與在現實生活的自我並不相同。,很符合,4.0
164,26-11,26.以下描述符不符合你的個人經驗感受呢？ - 26-11.我覺得我在網路世界和現實世界中是不同的人。,不太符合,2.0
164,26-11,26.以下描述符不符合你的個人經驗感受呢？ - 26-11.我覺得我在網路世界和現實世界中是不同的人。,很不符合,1.0
164,26-11,26.以下描述符不符合你的個人經驗感受呢？ - 26-11.我覺得我在網路世界和現實世界中是不同的人。,很符合,4.0
165,26-12,26.以下描述符不符合你的個人經驗感受呢？ - 26-12.我在網路世界中表現出與現實世界中截然不同的言行舉止。,不太符合,2.0
165,26-12,26.以下描述符不符合你的個人經驗感受呢？ - 26-12.我在網路世界中表現出與現實世界中截然不同的言行舉止。,很不符合,1.0
165,26-12,26.以下描述符不符合你的個人經驗感受呢？ - 26-12.我在網路世界中表現出與現實世界中截然不同的言行舉止。,很符合,4.0
166,26-13,26.以下描述符不符合你的個人經驗感受呢？ - 26-13.比起在現實生活，我覺得自己在網路上比較輕鬆自在。,不太符合,2.0
166,26-13,26.以下描述符不符合你的個人經驗感受呢？ - 26-13.比起在現實生活，我覺得自己在網路上比較輕鬆自在。,很不符合,1.0
166,26-13,26.以下描述符不符合你的個人經驗感受呢？ - 26-13.比起在現實生活，我覺得自己在網路上比較輕鬆自在。,很符合,4.0
167,26-14,26.以下描述符不符合你的個人經驗感受呢？ - 26-14.我喜歡在網路上的生活，勝過於現實中的生活。,不太符合,2.0
167,26-14,26.以下描述符不符合你的個人經驗感受呢？ - 26-14.我喜歡在網路上的生活，勝過於現實中的生活。,很不符合,1.0
167,26-14,26.以下描述符不符合你的個人經驗感受呢？ - 26-14.我喜歡在網路上的生活，勝過於現實中的生活。,很符合,4.0
168,26-15,26.以下描述符不符合你的個人經驗感受呢？ - 26-15.如果可以，我希望自己可以一直待在網路上。,不太符合,2.0
168,26-15,26.以下描述符不符合你的個人經驗感受呢？ - 26-15.如果可以，我希望自己可以一直待在網路上。,很不符合,1.0
168,26-15,26.以下描述符不符合你的個人經驗感受呢？ - 26-15.如果可以，我希望自己可以一直待在網路上。,很符合,4.0
169,27-1,27.關於你在網路上的意見表達，以下敘述你同不同意？ - 27-1.我經常會在網路上和他人比較自己在生活上獲得的成就。,不太同意,2.0
169,27-1,27.關於你在網路上的意見表達，以下敘述你同不同意？ - 27-1.我經常會在網路上和他人比較自己在生活上獲得的成就。,很不同意,1.0
169,27-1,27.關於你在網路上的意見表達，以下敘述你同不同意？ - 27-1.我經常會在網路上和他人比較自己在生活上獲得的成就。,很同意,4.0
169,27-1,27.關於你在網路上的意見表達，以下敘述你同不同意？ - 27-1.我經常會在網路上和他人比較自己在生活上獲得的成就。,還算同意,3.0
170,27-2,27.關於你在網路上的意見表達，以下敘述你同不同意？ - 27-2.我總是在網路上留意他人的表現，並和自己的表現進行比較。,不太同意,2.0
170,27-2,27.關於你在網路上的意見表達，以下敘述你同不同意？ - 27-2.我總是在網路上留意他人的表現，並和自己的表現進行比較。,很不同意,1.0
170,27-2,27.關於你在網路上的意見表達，以下敘述你同不同意？ - 27-2.我總是在網路上留意他人的表現，並和自己的表現進行比較。,很同意,4.0
170,27-2,27.關於你在網路上的意見表達，以下敘述你同不同意？ - 27-2.我總是在網路上留意他人的表現，並和自己的表現進行比較。,還算同意,3.0
171,27-3,27.關於你在網路上的意見表達，以下敘述你同不同意？ - 27-3.我經常在網路上和他人比較自己受歡迎的程度。,不太同意,2.0
171,27-3,27.關於你在網路上的意見表達，以下敘述你同不同意？ - 27-3.我經常在網路上和他人比較自己受歡迎的程度。,很不同意,1.0
171,27-3,27.關於你在網路上的意見表達，以下敘述你同不同意？ - 27-3.我經常在網路上和他人比較自己受歡迎的程度。,很同意,4.0
171,27-3,27.關於你在網路上的意見表達，以下敘述你同不同意？ - 27-3.我經常在網路上和他人比較自己受歡迎的程度。,還算同意,3.0
172,27-4,27.關於你在網路上的意見表達，以下敘述你同不同意？ - 27-4.如果我想要更瞭解某些事情，我會試著去網路上看看別人的想法。,不太同意,2.0
172,27-4,27.關於你在網路上的意見表達，以下敘述你同不同意？ - 27-4.如果我想要更瞭解某些事情，我會試著去網路上看看別人的想法。,很不同意,1.0
172,27-4,27.關於你在網路上的意見表達，以下敘述你同不同意？ - 27-4.如果我想要更瞭解某些事情，我會試著去網路上看看別人的想法。,很同意,4.0
172,27-4,27.關於你在網路上的意見表達，以下敘述你同不同意？ - 27-4.如果我想要更瞭解某些事情，我會試著去網路上看看別人的想法。,還算同意,3.0
173,27-5,27.關於你在網路上的意見表達，以下敘述你同不同意？ - 27-5.我總是好奇網路上的人們在和我遇到相同的問題時會怎麼想或怎麼做。,不太同意,2.0
173,27-5,27.關於你在網路上的意見表達，以下敘述你同不同意？ - 27-5.我總是好奇網路上的人們在和我遇到相同的問題時會怎麼想或怎麼做。,很不同意,1.0
173,27-5,27.關於你在網路上的意見表達，以下敘述你同不同意？ - 27-5.我總是好奇網路上的人們在和我遇到相同的問題時會怎麼想或怎麼做。,很同意,4.0
173,27-5,27.關於你在網路上的意見表達，以下敘述你同不同意？ - 27-5.我總是好奇網路上的人們在和我遇到相同的問題時會怎麼想或怎麼做。,還算同意,3.0
174,27-6,27.關於你在網路上的意見表達，以下敘述你同不同意？ - 27-6.我喜歡在網路上看看其他人的不同觀點和經歷。,不太同意,2.0
174,27-6,27.關於你在網路上的意見表達，以下敘述你同不同意？ - 27-6.我喜歡在網路上看看其他人的不同觀點和經歷。,很不同意,1.0
174,27-6,27.關於你在網路上的意見表達，以下敘述你同不同意？ - 27-6.我喜歡在網路上看看其他人的不同觀點和經歷。,很同意,4.0
174,27-6,27.關於你在網路上的意見表達，以下敘述你同不同意？ - 27-6.我喜歡在網路上看看其他人的不同觀點和經歷。,還算同意,3.0
175,28-1,28.你同不同意以下說法？ - 28-1.沒跟上朋友們在網路上聊天或開玩笑的話題，會讓我感到很焦慮。,不太同意,2.0
175,28-1,28.你同不同意以下說法？ - 28-1.沒跟上朋友們在網路上聊天或開玩笑的話題，會讓我感到很焦慮。,很不同意,1.0
175,28-1,28.你同不同意以下說法？ - 28-1.沒跟上朋友們在網路上聊天或開玩笑的話題，會讓我感到很焦慮。,很同意,4.0
175,28-1,28.你同不同意以下說法？ - 28-1.沒跟上朋友們在網路上聊天或開玩笑的話題，會讓我感到很焦慮。,還算同意,3.0
176,28-2,28.你同不同意以下說法？ - 28-2.錯過和朋友們在網路上的聚會，會讓我感到很困擾。,不太同意,2.0
176,28-2,28.你同不同意以下說法？ - 28-2.錯過和朋友們在網路上的聚會，會讓我感到很困擾。,很不同意,1.0
176,28-2,28.你同不同意以下說法？ - 28-2.錯過和朋友們在網路上的聚會，會讓我感到很困擾。,很同意,4.0
176,28-2,28.你同不同意以下說法？ - 28-2.錯過和朋友們在網路上的聚會，會讓我感到很困擾。,還算同意,3.0
177,28-3,28.你同不同意以下說法？ - 28-3.我會隨時透過網路追蹤朋友們的行蹤和做的事情,不太同意,2.0
177,28-3,28.你同不同意以下說法？ - 28-3.我會隨時透過網路追蹤朋友們的行蹤和做的事情,很不同意,1.0
177,28-3,28.你同不同意以下說法？ - 28-3.我會隨時透過網路追蹤朋友們的行蹤和做的事情,很同意,4.0
177,28-3,28.你同不同意以下說法？ - 28-3.我會隨時透過網路追蹤朋友們的行蹤和做的事情,還算同意,3.0
178,28-4,28.你同不同意以下說法？ - 28-4.沒跟上網路上的首播、直播或活動，我會感到很困擾,不太同意,2.0
178,28-4,28.你同不同意以下說法？ - 28-4.沒跟上網路上的首播、直播或活動，我會感到很困擾,很不同意,1.0
178,28-4,28.你同不同意以下說法？ - 28-4.沒跟上網路上的首播、直播或活動，我會感到很困擾,很同意,4.0
178,28-4,28.你同不同意以下說法？ - 28-4.沒跟上網路上的首播、直播或活動，我會感到很困擾,還算同意,3.0
179,29-1,29.關於上網，以下敘述符不符合你的情形？ - 29-1.想上網而無法上網的時候，我就會感到坐立不安。,不太符合,2.0
179,29-1,29.關於上網，以下敘述符不符合你的情形？ - 29-1.想上網而無法上網的時候，我就會感到坐立不安。,很不符合,1.0
179,29-1,29.關於上網，以下敘述符不符合你的情形？ - 29-1.想上網而無法上網的時候，我就會感到坐立不安。,很符合,4.0
180,29-2,29.關於上網，以下敘述符不符合你的情形？ - 29-2.只要有一段時間沒有上網，我就會覺得心裡不舒服。,不太符合,2.0
180,29-2,29.關於上網，以下敘述符不符合你的情形？ - 29-2.只要有一段時間沒有上網，我就會覺得心裡不舒服。,很不符合,1.0
180,29-2,29.關於上網，以下敘述符不符合你的情形？ - 29-2.只要有一段時間沒有上網，我就會覺得心裡不舒服。,很符合,4.0
181,29-3,29.關於上網，以下敘述符不符合你的情形？ - 29-3.我只要超過一天沒上網玩，就會很難受。,不太符合,2.0
181,29-3,29.關於上網，以下敘述符不符合你的情形？ - 29-3.我只要超過一天沒上網玩，就會很難受。,很不符合,1.0
181,29-3,29.關於上網，以下敘述符不符合你的情形？ - 29-3.我只要超過一天沒上網玩，就會很難受。,很符合,4.0
182,29-4,29.關於上網，以下敘述符不符合你的情形？ - 29-4.發現自己上網休閒的時間越來越長。,不太符合,2.0
182,29-4,29.關於上網，以下敘述符不符合你的情形？ - 29-4.發現自己上網休閒的時間越來越長。,很不符合,1.0
182,29-4,29.關於上網，以下敘述符不符合你的情形？ - 29-4.發現自己上網休閒的時間越來越長。,很符合,4.0
183,29-5,29.關於上網，以下敘述符不符合你的情形？ - 29-5.平均而言，我每周上網休閒的時間比以前增加許多。,不太符合,2.0
183,29-5,29.關於上網，以下敘述符不符合你的情形？ - 29-5.平均而言，我每周上網休閒的時間比以前增加許多。,很不符合,1.0
183,29-5,29.關於上網，以下敘述符不符合你的情形？ - 29-5.平均而言，我每周上網休閒的時間比以前增加許多。,很符合,4.0
184,29-6,29.關於上網，以下敘述符不符合你的情形？ - 29-6.我實際上網所花的時間遠遠超過原來預期的時間。,不太符合,2.0
184,29-6,29.關於上網，以下敘述符不符合你的情形？ - 29-6.我實際上網所花的時間遠遠超過原來預期的時間。,很不符合,1.0
184,29-6,29.關於上網，以下敘述符不符合你的情形？ - 29-6.我實際上網所花的時間遠遠超過原來預期的時間。,很符合,4.0
185,29-7,29.關於上網，以下敘述符不符合你的情形？ - 29-7.上網對我的學業或工作已造成一些負面的影響。,不太符合,2.0
185,29-7,29.關於上網，以下敘述符不符合你的情形？ - 29-7.上網對我的學業或工作已造成一些負面的影響。,很不符合,1.0
185,29-7,29.關於上網，以下敘述符不符合你的情形？ - 29-7.上網對我的學業或工作已造成一些負面的影響。,很符合,4.0
186,29-8,29.關於上網，以下敘述符不符合你的情形？ - 29-8.上網已經很明顯地危害到我的生理或心理健康。,不太符合,2.0
186,29-8,29.關於上網，以下敘述符不符合你的情形？ - 29-8.上網已經很明顯地危害到我的生理或心理健康。,很不符合,1.0
186,29-8,29.關於上網，以下敘述符不符合你的情形？ - 29-8.上網已經很明顯地危害到我的生理或心理健康。,很符合,4.0
187,29-9,29.關於上網，以下敘述符不符合你的情形？ - 29-9.因為上網的關係，我和家人及朋友的互動減少了。,不太符合,2.0
187,29-9,29.關於上網，以下敘述符不符合你的情形？ - 29-9.因為上網的關係，我和家人及朋友的互動減少了。,很不符合,1.0
187,29-9,29.關於上網，以下敘述符不符合你的情形？ - 29-9.因為上網的關係，我和家人及朋友的互動減少了。,很符合,4.0
188,29-10,29.關於上網，以下敘述符不符合你的情形？ - 29-10.我常因熬夜上網休閒，導致白天精神或體力很差。,不太符合,2.0
188,29-10,29.關於上網，以下敘述符不符合你的情形？ - 29-10.我常因熬夜上網休閒，導致白天精神或體力很差。,很不符合,1.0
188,29-10,29.關於上網，以下敘述符不符合你的情形？ - 29-10.我常因熬夜上網休閒，導致白天精神或體力很差。,很符合,4.0
189,30,30.上九年級以來，你曾在現實生活中(非網上)，被其他人辱罵、惡意取笑、破壞或搶取東西、肢體攻擊、拒絕加入討論或活動嗎？,不曾,0.0
189,30,30.上九年級以來，你曾在現實生活中(非網上)，被其他人辱罵、惡意取笑、破壞或搶取東西、肢體攻擊、拒絕加入討論或活動嗎？,曾經有,1.0
190,31-1,31.上九年級以來，你曾在現實生活中(非網上)遇到這樣的事情嗎？ - 31-1.別人用髒話罵或威脅我。,,
190,31-1,31.上九年級以來，你曾在現實生活中(非網上)遇到這樣的事情嗎？ - 31-1.別人用髒話罵或威脅我。,偶爾,2.0
190,31-1,31.上九年級以來，你曾在現實生活中(非網上)遇到這樣的事情嗎？ - 31-1.別人用髒話罵或威脅我。,從未,1.0
190,31-1,31.上九年級以來，你曾在現實生活中(非網上)遇到這樣的事情嗎？ - 31-1.別人用髒話罵或威脅我。,有時,3.0
190,31-1,31.上九年級以來，你曾在現實生活中(非網上)遇到這樣的事情嗎？ - 31-1.別人用髒話罵或威脅我。,經常,4.0
191,31-2,31.上九年級以來，你曾在現實生活中(非網上)遇到這樣的事情嗎？ - 31-2.別人說我的壞話。,,
191,31-2,31.上九年級以來，你曾在現實生活中(非網上)遇到這樣的事情嗎？ - 31-2.別人說我的壞話。,偶爾,2.0
191,31-2,31.上九年級以來，你曾在現實生活中(非網上)遇到這樣的事情嗎？ - 31-2.別人說我的壞話。,從未,1.0
191,31-2,31.上九年級以來，你曾在現實生活中(非網上)遇到這樣的事情嗎？ - 31-2.別人說我的壞話。,有時,3.0
191,31-2,31.上九年級以來，你曾在現實生活中(非網上)遇到這樣的事情嗎？ - 31-2.別人說我的壞話。,經常,4.0
192,31-3,31.上九年級以來，你曾在現實生活中(非網上)遇到這樣的事情嗎？ - 31-3.不讓我加入討論、活動或不准別人跟我說話、一起行動。,,
192,31-3,31.上九年級以來，你曾在現實生活中(非網上)遇到這樣的事情嗎？ - 31-3.不讓我加入討論、活動或不准別人跟我說話、一起行動。,偶爾,2.0
192,31-3,31.上九年級以來，你曾在現實生活中(非網上)遇到這樣的事情嗎？ - 31-3.不讓我加入討論、活動或不准別人跟我說話、一起行動。,從未,1.0
192,31-3,31.上九年級以來，你曾在現實生活中(非網上)遇到這樣的事情嗎？ - 31-3.不讓我加入討論、活動或不准別人跟我說話、一起行動。,有時,3.0
192,31-3,31.上九年級以來，你曾在現實生活中(非網上)遇到這樣的事情嗎？ - 31-3.不讓我加入討論、活動或不准別人跟我說話、一起行動。,經常,4.0
193,31-4,31.上九年級以來，你曾在現實生活中(非網上)遇到這樣的事情嗎？ - 31-4.被嘲笑外表或言行舉止。,,
193,31-4,31.上九年級以來，你曾在現實生活中(非網上)遇到這樣的事情嗎？ - 31-4.被嘲笑外表或言行舉止。,偶爾,2.0
193,31-4,31.上九年級以來，你曾在現實生活中(非網上)遇到這樣的事情嗎？ - 31-4.被嘲笑外表或言行舉止。,從未,1.0
193,31-4,31.上九年級以來，你曾在現實生活中(非網上)遇到這樣的事情嗎？ - 31-4.被嘲笑外表或言行舉止。,有時,3.0
193,31-4,31.上九年級以來，你曾在現實生活中(非網上)遇到這樣的事情嗎？ - 31-4.被嘲笑外表或言行舉止。,經常,4.0
194,31-5,31.上九年級以來，你曾在現實生活中(非網上)遇到這樣的事情嗎？ - 31-5.被嘲笑我喜歡某個人。,,
194,31-5,31.上九年級以來，你曾在現實生活中(非網上)遇到這樣的事情嗎？ - 31-5.被嘲笑我喜歡某個人。,偶爾,2.0
194,31-5,31.上九年級以來，你曾在現實生活中(非網上)遇到這樣的事情嗎？ - 31-5.被嘲笑我喜歡某個人。,從未,1.0
194,31-5,31.上九年級以來，你曾在現實生活中(非網上)遇到這樣的事情嗎？ - 31-5.被嘲笑我喜歡某個人。,有時,3.0
194,31-5,31.上九年級以來，你曾在現實生活中(非網上)遇到這樣的事情嗎？ - 31-5.被嘲笑我喜歡某個人。,經常,4.0
195,31-6,31.上九年級以來，你曾在現實生活中(非網上)遇到這樣的事情嗎？ - 31-6.故意破壞我的東西或故意藏起來。,,
195,31-6,31.上九年級以來，你曾在現實生活中(非網上)遇到這樣的事情嗎？ - 31-6.故意破壞我的東西或故意藏起來。,偶爾,2.0
195,31-6,31.上九年級以來，你曾在現實生活中(非網上)遇到這樣的事情嗎？ - 31-6.故意破壞我的東西或故意藏起來。,從未,1.0
195,31-6,31.上九年級以來，你曾在現實生活中(非網上)遇到這樣的事情嗎？ - 31-6.故意破壞我的東西或故意藏起來。,有時,3.0
195,31-6,31.上九年級以來，你曾在現實生活中(非網上)遇到這樣的事情嗎？ - 31-6.故意破壞我的東西或故意藏起來。,經常,4.0
196,31-7,31.上九年級以來，你曾在現實生活中(非網上)遇到這樣的事情嗎？ - 31-7.勒索或強要我的東西。,,
196,31-7,31.上九年級以來，你曾在現實生活中(非網上)遇到這樣的事情嗎？ - 31-7.勒索或強要我的東西。,偶爾,2.0
196,31-7,31.上九年級以來，你曾在現實生活中(非網上)遇到這樣的事情嗎？ - 31-7.勒索或強要我的東西。,從未,1.0
196,31-7,31.上九年級以來，你曾在現實生活中(非網上)遇到這樣的事情嗎？ - 31-7.勒索或強要我的東西。,有時,3.0
196,31-7,31.上九年級以來，你曾在現實生活中(非網上)遇到這樣的事情嗎？ - 31-7.勒索或強要我的東西。,經常,4.0
197,31-8,31.上九年級以來，你曾在現實生活中(非網上)遇到這樣的事情嗎？ - 31-8.別人對我肢體攻擊。,,
197,31-8,31.上九年級以來，你曾在現實生活中(非網上)遇到這樣的事情嗎？ - 31-8.別人對我肢體攻擊。,偶爾,2.0
197,31-8,31.上九年級以來，你曾在現實生活中(非網上)遇到這樣的事情嗎？ - 31-8.別人對我肢體攻擊。,從未,1.0
197,31-8,31.上九年級以來，你曾在現實生活中(非網上)遇到這樣的事情嗎？ - 31-8.別人對我肢體攻擊。,有時,3.0
197,31-8,31.上九年級以來，你曾在現實生活中(非網上)遇到這樣的事情嗎？ - 31-8.別人對我肢體攻擊。,經常,4.0
198,32,32.上九年級以來，你曾在現實生活中(非網上)，對別人辱罵、惡意取笑、破壞或搶取東西、肢體攻擊、拒絕讓某個人加入討論或活動嗎？,不曾,0.0
198,32,32.上九年級以來，你曾在現實生活中(非網上)，對別人辱罵、惡意取笑、破壞或搶取東西、肢體攻擊、拒絕讓某個人加入討論或活動嗎？,曾經有,1.0
199,33-1,33.上九年級以來，你曾在現實生活中(非網上)對別人做過這樣的事嗎？ - 33-1.用髒話罵或威脅某人。,,
199,33-1,33.上九年級以來，你曾在現實生活中(非網上)對別人做過這樣的事嗎？ - 33-1.用髒話罵或威脅某人。,偶爾,2.0
199,33-1,33.上九年級以來，你曾在現實生活中(非網上)對別人做過這樣的事嗎？ - 33-1.用髒話罵或威脅某人。,從未,1.0
199,33-1,33.上九年級以來，你曾在現實生活中(非網上)對別人做過這樣的事嗎？ - 33-1.用髒話罵或威脅某人。,有時,3.0
199,33-1,33.上九年級以來，你曾在現實生活中(非網上)對別人做過這樣的事嗎？ - 33-1.用髒話罵或威脅某人。,經常,4.0
200,33-2,33.上九年級以來，你曾在現實生活中(非網上)對別人做過這樣的事嗎？ - 33-2.說某人的壞話。,,
200,33-2,33.上九年級以來，你曾在現實生活中(非網上)對別人做過這樣的事嗎？ - 33-2.說某人的壞話。,偶爾,2.0
200,33-2,33.上九年級以來，你曾在現實生活中(非網上)對別人做過這樣的事嗎？ - 33-2.說某人的壞話。,從未,1.0
200,33-2,33.上九年級以來，你曾在現實生活中(非網上)對別人做過這樣的事嗎？ - 33-2.說某人的壞話。,有時,3.0
200,33-2,33.上九年級以來，你曾在現實生活中(非網上)對別人做過這樣的事嗎？ - 33-2.說某人的壞話。,經常,4.0
201,33-3,33.上九年級以來，你曾在現實生活中(非網上)對別人做過這樣的事嗎？ - 33-3.不讓某人加入活動、討論事情或不准別人跟某人說話、一起行動。,,
201,33-3,33.上九年級以來，你曾在現實生活中(非網上)對別人做過這樣的事嗎？ - 33-3.不讓某人加入活動、討論事情或不准別人跟某人說話、一起行動。,偶爾,2.0
201,33-3,33.上九年級以來，你曾在現實生活中(非網上)對別人做過這樣的事嗎？ - 33-3.不讓某人加入活動、討論事情或不准別人跟某人說話、一起行動。,從未,1.0
201,33-3,33.上九年級以來，你曾在現實生活中(非網上)對別人做過這樣的事嗎？ - 33-3.不讓某人加入活動、討論事情或不准別人跟某人說話、一起行動。,有時,3.0
201,33-3,33.上九年級以來，你曾在現實生活中(非網上)對別人做過這樣的事嗎？ - 33-3.不讓某人加入活動、討論事情或不准別人跟某人說話、一起行動。,經常,4.0
202,33-4,33.上九年級以來，你曾在現實生活中(非網上)對別人做過這樣的事嗎？ - 33-4.嘲笑某人的外貌或言行舉止。,,
202,33-4,33.上九年級以來，你曾在現實生活中(非網上)對別人做過這樣的事嗎？ - 33-4.嘲笑某人的外貌或言行舉止。,偶爾,2.0
202,33-4,33.上九年級以來，你曾在現實生活中(非網上)對別人做過這樣的事嗎？ - 33-4.嘲笑某人的外貌或言行舉止。,從未,1.0
202,33-4,33.上九年級以來，你曾在現實生活中(非網上)對別人做過這樣的事嗎？ - 33-4.嘲笑某人的外貌或言行舉止。,有時,3.0
202,33-4,33.上九年級以來，你曾在現實生活中(非網上)對別人做過這樣的事嗎？ - 33-4.嘲笑某人的外貌或言行舉止。,經常,4.0
203,33-5,33.上九年級以來，你曾在現實生活中(非網上)對別人做過這樣的事嗎？ - 33-5.嘲笑某人他喜歡某個人。,,
203,33-5,33.上九年級以來，你曾在現實生活中(非網上)對別人做過這樣的事嗎？ - 33-5.嘲笑某人他喜歡某個人。,偶爾,2.0
203,33-5,33.上九年級以來，你曾在現實生活中(非網上)對別人做過這樣的事嗎？ - 33-5.嘲笑某人他喜歡某個人。,從未,1.0
203,33-5,33.上九年級以來，你曾在現實生活中(非網上)對別人做過這樣的事嗎？ - 33-5.嘲笑某人他喜歡某個人。,有時,3.0
203,33-5,33.上九年級以來，你曾在現實生活中(非網上)對別人做過這樣的事嗎？ - 33-5.嘲笑某人他喜歡某個人。,經常,4.0
204,33-6,33.上九年級以來，你曾在現實生活中(非網上)對別人做過這樣的事嗎？ - 33-6.故意破壞某人的東西或故意藏起來。,,
204,33-6,33.上九年級以來，你曾在現實生活中(非網上)對別人做過這樣的事嗎？ - 33-6.故意破壞某人的東西或故意藏起來。,偶爾,2.0
204,33-6,33.上九年級以來，你曾在現實生活中(非網上)對別人做過這樣的事嗎？ - 33-6.故意破壞某人的東西或故意藏起來。,從未,1.0
204,33-6,33.上九年級以來，你曾在現實生活中(非網上)對別人做過這樣的事嗎？ - 33-6.故意破壞某人的東西或故意藏起來。,有時,3.0
204,33-6,33.上九年級以來，你曾在現實生活中(非網上)對別人做過這樣的事嗎？ - 33-6.故意破壞某人的東西或故意藏起來。,經常,4.0
205,33-7,33.上九年級以來，你曾在現實生活中(非網上)對別人做過這樣的事嗎？ - 33-7.勒索或強要某人的東西。,,
205,33-7,33.上九年級以來，你曾在現實生活中(非網上)對別人做過這樣的事嗎？ - 33-7.勒索或強要某人的東西。,偶爾,2.0
205,33-7,33.上九年級以來，你曾在現實生活中(非網上)對別人做過這樣的事嗎？ - 33-7.勒索或強要某人的東西。,從未,1.0
205,33-7,33.上九年級以來，你曾在現實生活中(非網上)對別人做過這樣的事嗎？ - 33-7.勒索或強要某人的東西。,有時,3.0
205,33-7,33.上九年級以來，你曾在現實生活中(非網上)對別人做過這樣的事嗎？ - 33-7.勒索或強要某人的東西。,經常,4.0
206,33-8,33.上九年級以來，你曾在現實生活中(非網上)對別人做過這樣的事嗎？ - 33-8.對某人肢體攻擊。,,
206,33-8,33.上九年級以來，你曾在現實生活中(非網上)對別人做過這樣的事嗎？ - 33-8.對某人肢體攻擊。,偶爾,2.0
206,33-8,33.上九年級以來，你曾在現實生活中(非網上)對別人做過這樣的事嗎？ - 33-8.對某人肢體攻擊。,從未,1.0
206,33-8,33.上九年級以來，你曾在現實生活中(非網上)對別人做過這樣的事嗎？ - 33-8.對某人肢體攻擊。,有時,3.0
206,33-8,33.上九年級以來，你曾在現實生活中(非網上)對別人做過這樣的事嗎？ - 33-8.對某人肢體攻擊。,經常,4.0
207,34,34.上九年級以來，你曾在網路上，被其他人辱罵、惡意取笑、拒絕加入討論、散佈丟臉的影片、發佈不實的訊息嗎？,不曾,0.0
207,34,34.上九年級以來，你曾在網路上，被其他人辱罵、惡意取笑、拒絕加入討論、散佈丟臉的影片、發佈不實的訊息嗎？,曾經有,1.0
208,35-1,35.上九年級以來，你曾在網路上遇到這樣的事情嗎？ - 35-1.別人用髒話罵或威脅我。,,
208,35-1,35.上九年級以來，你曾在網路上遇到這樣的事情嗎？ - 35-1.別人用髒話罵或威脅我。,偶爾,2.0
208,35-1,35.上九年級以來，你曾在網路上遇到這樣的事情嗎？ - 35-1.別人用髒話罵或威脅我。,從未,1.0
208,35-1,35.上九年級以來，你曾在網路上遇到這樣的事情嗎？ - 35-1.別人用髒話罵或威脅我。,有時,3.0
208,35-1,35.上九年級以來，你曾在網路上遇到這樣的事情嗎？ - 35-1.別人用髒話罵或威脅我。,經常,4.0
209,35-2,35.上九年級以來，你曾在網路上遇到這樣的事情嗎？ - 35-2.別人說我的壞話。,,
209,35-2,35.上九年級以來，你曾在網路上遇到這樣的事情嗎？ - 35-2.別人說我的壞話。,偶爾,2.0
209,35-2,35.上九年級以來，你曾在網路上遇到這樣的事情嗎？ - 35-2.別人說我的壞話。,從未,1.0
209,35-2,35.上九年級以來，你曾在網路上遇到這樣的事情嗎？ - 35-2.別人說我的壞話。,有時,3.0
209,35-2,35.上九年級以來，你曾在網路上遇到這樣的事情嗎？ - 35-2.別人說我的壞話。,經常,4.0
210,35-3,35.上九年級以來，你曾在網路上遇到這樣的事情嗎？ - 35-3.不讓我加入討論。,,
210,35-3,35.上九年級以來，你曾在網路上遇到這樣的事情嗎？ - 35-3.不讓我加入討論。,偶爾,2.0
210,35-3,35.上九年級以來，你曾在網路上遇到這樣的事情嗎？ - 35-3.不讓我加入討論。,從未,1.0
210,35-3,35.上九年級以來，你曾在網路上遇到這樣的事情嗎？ - 35-3.不讓我加入討論。,有時,3.0
210,35-3,35.上九年級以來，你曾在網路上遇到這樣的事情嗎？ - 35-3.不讓我加入討論。,經常,4.0
211,35-4,35.上九年級以來，你曾在網路上遇到這樣的事情嗎？ - 35-4.被嘲笑外貌、言行舉止。,,
211,35-4,35.上九年級以來，你曾在網路上遇到這樣的事情嗎？ - 35-4.被嘲笑外貌、言行舉止。,偶爾,2.0
211,35-4,35.上九年級以來，你曾在網路上遇到這樣的事情嗎？ - 35-4.被嘲笑外貌、言行舉止。,從未,1.0
211,35-4,35.上九年級以來，你曾在網路上遇到這樣的事情嗎？ - 35-4.被嘲笑外貌、言行舉止。,有時,3.0
211,35-4,35.上九年級以來，你曾在網路上遇到這樣的事情嗎？ - 35-4.被嘲笑外貌、言行舉止。,經常,4.0
212,35-5,35.上九年級以來，你曾在網路上遇到這樣的事情嗎？ - 35-5.被嘲笑我喜歡某人。,,
212,35-5,35.上九年級以來，你曾在網路上遇到這樣的事情嗎？ - 35-5.被嘲笑我喜歡某人。,偶爾,2.0
212,35-5,35.上九年級以來，你曾在網路上遇到這樣的事情嗎？ - 35-5.被嘲笑我喜歡某人。,從未,1.0
212,35-5,35.上九年級以來，你曾在網路上遇到這樣的事情嗎？ - 35-5.被嘲笑我喜歡某人。,有時,3.0
212,35-5,35.上九年級以來，你曾在網路上遇到這樣的事情嗎？ - 35-5.被嘲笑我喜歡某人。,經常,4.0
213,35-6,35.上九年級以來，你曾在網路上遇到這樣的事情嗎？ - 35-6.在網路散布使我丟臉的照片或影片。,,
213,35-6,35.上九年級以來，你曾在網路上遇到這樣的事情嗎？ - 35-6.在網路散布使我丟臉的照片或影片。,偶爾,2.0
213,35-6,35.上九年級以來，你曾在網路上遇到這樣的事情嗎？ - 35-6.在網路散布使我丟臉的照片或影片。,從未,1.0
213,35-6,35.上九年級以來，你曾在網路上遇到這樣的事情嗎？ - 35-6.在網路散布使我丟臉的照片或影片。,有時,3.0
213,35-6,35.上九年級以來，你曾在網路上遇到這樣的事情嗎？ - 35-6.在網路散布使我丟臉的照片或影片。,經常,4.0
214,35-7,35.上九年級以來，你曾在網路上遇到這樣的事情嗎？ - 35-7.假冒我的社交帳號或是電子郵件，在網路上發佈不實訊息。,,
214,35-7,35.上九年級以來，你曾在網路上遇到這樣的事情嗎？ - 35-7.假冒我的社交帳號或是電子郵件，在網路上發佈不實訊息。,偶爾,2.0
214,35-7,35.上九年級以來，你曾在網路上遇到這樣的事情嗎？ - 35-7.假冒我的社交帳號或是電子郵件，在網路上發佈不實訊息。,從未,1.0
214,35-7,35.上九年級以來，你曾在網路上遇到這樣的事情嗎？ - 35-7.假冒我的社交帳號或是電子郵件，在網路上發佈不實訊息。,有時,3.0
214,35-7,35.上九年級以來，你曾在網路上遇到這樣的事情嗎？ - 35-7.假冒我的社交帳號或是電子郵件，在網路上發佈不實訊息。,經常,4.0
215,36,36.上九年級以來，你曾在網路上，對別人辱罵、惡意取笑、拒絕加入討論、散佈丟臉的影片、發佈不實訊息等事情嗎？,不曾,0.0
215,36,36.上九年級以來，你曾在網路上，對別人辱罵、惡意取笑、拒絕加入討論、散佈丟臉的影片、發佈不實訊息等事情嗎？,曾經有,1.0
216,37-1,37.上九年級以來，你曾在網路上對別人做過這樣的事嗎？ - 37-1.用髒話罵或威脅某人。,,
216,37-1,37.上九年級以來，你曾在網路上對別人做過這樣的事嗎？ - 37-1.用髒話罵或威脅某人。,偶爾,2.0
216,37-1,37.上九年級以來，你曾在網路上對別人做過這樣的事嗎？ - 37-1.用髒話罵或威脅某人。,從未,1.0
216,37-1,37.上九年級以來，你曾在網路上對別人做過這樣的事嗎？ - 37-1.用髒話罵或威脅某人。,有時,3.0
216,37-1,37.上九年級以來，你曾在網路上對別人做過這樣的事嗎？ - 37-1.用髒話罵或威脅某人。,經常,4.0
217,37-2,37.上九年級以來，你曾在網路上對別人做過這樣的事嗎？ - 37-2.說某人的壞話。,,
217,37-2,37.上九年級以來，你曾在網路上對別人做過這樣的事嗎？ - 37-2.說某人的壞話。,偶爾,2.0
217,37-2,37.上九年級以來，你曾在網路上對別人做過這樣的事嗎？ - 37-2.說某人的壞話。,從未,1.0
217,37-2,37.上九年級以來，你曾在網路上對別人做過這樣的事嗎？ - 37-2.說某人的壞話。,有時,3.0
217,37-2,37.上九年級以來，你曾在網路上對別人做過這樣的事嗎？ - 37-2.說某人的壞話。,經常,4.0
218,37-3,37.上九年級以來，你曾在網路上對別人做過這樣的事嗎？ - 37-3.不讓某人加入討論。,,
218,37-3,37.上九年級以來，你曾在網路上對別人做過這樣的事嗎？ - 37-3.不讓某人加入討論。,偶爾,2.0
218,37-3,37.上九年級以來，你曾在網路上對別人做過這樣的事嗎？ - 37-3.不讓某人加入討論。,從未,1.0
218,37-3,37.上九年級以來，你曾在網路上對別人做過這樣的事嗎？ - 37-3.不讓某人加入討論。,有時,3.0
218,37-3,37.上九年級以來，你曾在網路上對別人做過這樣的事嗎？ - 37-3.不讓某人加入討論。,經常,4.0
219,37-4,37.上九年級以來，你曾在網路上對別人做過這樣的事嗎？ - 37-4.嘲笑某人的外貌、言行舉止。,,
219,37-4,37.上九年級以來，你曾在網路上對別人做過這樣的事嗎？ - 37-4.嘲笑某人的外貌、言行舉止。,偶爾,2.0
219,37-4,37.上九年級以來，你曾在網路上對別人做過這樣的事嗎？ - 37-4.嘲笑某人的外貌、言行舉止。,從未,1.0
219,37-4,37.上九年級以來，你曾在網路上對別人做過這樣的事嗎？ - 37-4.嘲笑某人的外貌、言行舉止。,有時,3.0
219,37-4,37.上九年級以來，你曾在網路上對別人做過這樣的事嗎？ - 37-4.嘲笑某人的外貌、言行舉止。,經常,4.0
220,37-5,37.上九年級以來，你曾在網路上對別人做過這樣的事嗎？ - 37-5.嘲笑某人喜歡某個人。,,
220,37-5,37.上九年級以來，你曾在網路上對別人做過這樣的事嗎？ - 37-5.嘲笑某人喜歡某個人。,偶爾,2.0
220,37-5,37.上九年級以來，你曾在網路上對別人做過這樣的事嗎？ - 37-5.嘲笑某人喜歡某個人。,從未,1.0
220,37-5,37.上九年級以來，你曾在網路上對別人做過這樣的事嗎？ - 37-5.嘲笑某人喜歡某個人。,有時,3.0
220,37-5,37.上九年級以來，你曾在網路上對別人做過這樣的事嗎？ - 37-5.嘲笑某人喜歡某個人。,經常,4.0
221,37-6,37.上九年級以來，你曾在網路上對別人做過這樣的事嗎？ - 37-6.在網路散布使某人丟臉的照片或影片。,,
221,37-6,37.上九年級以來，你曾在網路上對別人做過這樣的事嗎？ - 37-6.在網路散布使某人丟臉的照片或影片。,偶爾,2.0
221,37-6,37.上九年級以來，你曾在網路上對別人做過這樣的事嗎？ - 37-6.在網路散布使某人丟臉的照片或影片。,從未,1.0
221,37-6,37.上九年級以來，你曾在網路上對別人做過這樣的事嗎？ - 37-6.在網路散布使某人丟臉的照片或影片。,有時,3.0
221,37-6,37.上九年級以來，你曾在網路上對別人做過這樣的事嗎？ - 37-6.在網路散布使某人丟臉的照片或影片。,經常,4.0
222,37-7,37.上九年級以來，你曾在網路上對別人做過這樣的事嗎？ - 37-7.用某人的社交帳號或是電子郵件，發佈不實的訊息給其他人。,,
222,37-7,37.上九年級以來，你曾在網路上對別人做過這樣的事嗎？ - 37-7.用某人的社交帳號或是電子郵件，發佈不實的訊息給其他人。,偶爾,2.0
222,37-7,37.上九年級以來，你曾在網路上對別人做過這樣的事嗎？ - 37-7.用某人的社交帳號或是電子郵件，發佈不實的訊息給其他人。,從未,1.0
222,37-7,37.上九年級以來，你曾在網路上對別人做過這樣的事嗎？ - 37-7.用某人的社交帳號或是電子郵件，發佈不實的訊息給其他人。,有時,3.0
222,37-7,37.上九年級以來，你曾在網路上對別人做過這樣的事嗎？ - 37-7.用某人的社交帳號或是電子郵件，發佈不實的訊息給其他人。,經常,4.0
223,38-1,38.上九年級以來，同學之間有時會發生衝突。當有同學被欺負時，請問你多常做以下的事情？ - 38-1.當同學被惡意嘲笑時，我會幫忙被嘲笑的人。,偶爾,2.0
223,38-1,38.上九年級以來，同學之間有時會發生衝突。當有同學被欺負時，請問你多常做以下的事情？ - 38-1.當同學被惡意嘲笑時，我會幫忙被嘲笑的人。,從未,1.0
223,38-1,38.上九年級以來，同學之間有時會發生衝突。當有同學被欺負時，請問你多常做以下的事情？ - 38-1.當同學被惡意嘲笑時，我會幫忙被嘲笑的人。,有時,3.0
223,38-1,38.上九年級以來，同學之間有時會發生衝突。當有同學被欺負時，請問你多常做以下的事情？ - 38-1.當同學被惡意嘲笑時，我會幫忙被嘲笑的人。,沒發生過,0.0
223,38-1,38.上九年級以來，同學之間有時會發生衝突。當有同學被欺負時，請問你多常做以下的事情？ - 38-1.當同學被惡意嘲笑時，我會幫忙被嘲笑的人。,經常,4.0
224,38-2,38.上九年級以來，同學之間有時會發生衝突。當有同學被欺負時，請問你多常做以下的事情？ - 38-2.當同學被威脅、騷擾時，我會保護被威脅的人。,偶爾,2.0
224,38-2,38.上九年級以來，同學之間有時會發生衝突。當有同學被欺負時，請問你多常做以下的事情？ - 38-2.當同學被威脅、騷擾時，我會保護被威脅的人。,從未,1.0
224,38-2,38.上九年級以來，同學之間有時會發生衝突。當有同學被欺負時，請問你多常做以下的事情？ - 38-2.當同學被威脅、騷擾時，我會保護被威脅的人。,有時,3.0
224,38-2,38.上九年級以來，同學之間有時會發生衝突。當有同學被欺負時，請問你多常做以下的事情？ - 38-2.當同學被威脅、騷擾時，我會保護被威脅的人。,沒發生過,0.0
224,38-2,38.上九年級以來，同學之間有時會發生衝突。當有同學被欺負時，請問你多常做以下的事情？ - 38-2.當同學被威脅、騷擾時，我會保護被威脅的人。,經常,4.0
225,38-3,38.上九年級以來，同學之間有時會發生衝突。當有同學被欺負時，請問你多常做以下的事情？ - 38-3.當同學被惡意排擠而無法分組或參加活動時，我會設法讓同學不要被排擠。,偶爾,2.0
225,38-3,38.上九年級以來，同學之間有時會發生衝突。當有同學被欺負時，請問你多常做以下的事情？ - 38-3.當同學被惡意排擠而無法分組或參加活動時，我會設法讓同學不要被排擠。,從未,1.0
225,38-3,38.上九年級以來，同學之間有時會發生衝突。當有同學被欺負時，請問你多常做以下的事情？ - 38-3.當同學被惡意排擠而無法分組或參加活動時，我會設法讓同學不要被排擠。,有時,3.0
225,38-3,38.上九年級以來，同學之間有時會發生衝突。當有同學被欺負時，請問你多常做以下的事情？ - 38-3.當同學被惡意排擠而無法分組或參加活動時，我會設法讓同學不要被排擠。,沒發生過,0.0
225,38-3,38.上九年級以來，同學之間有時會發生衝突。當有同學被欺負時，請問你多常做以下的事情？ - 38-3.當同學被惡意排擠而無法分組或參加活動時，我會設法讓同學不要被排擠。,經常,4.0
226,38-4,38.上九年級以來，同學之間有時會發生衝突。當有同學被欺負時，請問你多常做以下的事情？ - 38-4.當別人嘲笑特定同學，我不會加入對話，或將這些內容傳給別人。,偶爾,2.0
226,38-4,38.上九年級以來，同學之間有時會發生衝突。當有同學被欺負時，請問你多常做以下的事情？ - 38-4.當別人嘲笑特定同學，我不會加入對話，或將這些內容傳給別人。,從未,1.0
226,38-4,38.上九年級以來，同學之間有時會發生衝突。當有同學被欺負時，請問你多常做以下的事情？ - 38-4.當別人嘲笑特定同學，我不會加入對話，或將這些內容傳給別人。,有時,3.0
226,38-4,38.上九年級以來，同學之間有時會發生衝突。當有同學被欺負時，請問你多常做以下的事情？ - 38-4.當別人嘲笑特定同學，我不會加入對話，或將這些內容傳給別人。,沒發生過,0.0
226,38-4,38.上九年級以來，同學之間有時會發生衝突。當有同學被欺負時，請問你多常做以下的事情？ - 38-4.當別人嘲笑特定同學，我不會加入對話，或將這些內容傳給別人。,經常,4.0
227,38-5,38.上九年級以來，同學之間有時會發生衝突。當有同學被欺負時，請問你多常做以下的事情？ - 38-5.當我知道有同學被威脅、騷擾，我不會有任何反應或行動。,偶爾,2.0
227,38-5,38.上九年級以來，同學之間有時會發生衝突。當有同學被欺負時，請問你多常做以下的事情？ - 38-5.當我知道有同學被威脅、騷擾，我不會有任何反應或行動。,從未,1.0
227,38-5,38.上九年級以來，同學之間有時會發生衝突。當有同學被欺負時，請問你多常做以下的事情？ - 38-5.當我知道有同學被威脅、騷擾，我不會有任何反應或行動。,有時,3.0
227,38-5,38.上九年級以來，同學之間有時會發生衝突。當有同學被欺負時，請問你多常做以下的事情？ - 38-5.當我知道有同學被威脅、騷擾，我不會有任何反應或行動。,沒發生過,0.0
227,38-5,38.上九年級以來，同學之間有時會發生衝突。當有同學被欺負時，請問你多常做以下的事情？ - 38-5.當我知道有同學被威脅、騷擾，我不會有任何反應或行動。,經常,4.0
228,38-6,38.上九年級以來，同學之間有時會發生衝突。當有同學被欺負時，請問你多常做以下的事情？ - 38-6.當有人被惡意排擠而無法分組或參加活動時，我不會多管閒事。,偶爾,2.0
228,38-6,38.上九年級以來，同學之間有時會發生衝突。當有同學被欺負時，請問你多常做以下的事情？ - 38-6.當有人被惡意排擠而無法分組或參加活動時，我不會多管閒事。,從未,1.0
228,38-6,38.上九年級以來，同學之間有時會發生衝突。當有同學被欺負時，請問你多常做以下的事情？ - 38-6.當有人被惡意排擠而無法分組或參加活動時，我不會多管閒事。,有時,3.0
228,38-6,38.上九年級以來，同學之間有時會發生衝突。當有同學被欺負時，請問你多常做以下的事情？ - 38-6.當有人被惡意排擠而無法分組或參加活動時，我不會多管閒事。,沒發生過,0.0
228,38-6,38.上九年級以來，同學之間有時會發生衝突。當有同學被欺負時，請問你多常做以下的事情？ - 38-6.當有人被惡意排擠而無法分組或參加活動時，我不會多管閒事。,經常,4.0
229,38-7,38.上九年級以來，同學之間有時會發生衝突。當有同學被欺負時，請問你多常做以下的事情？ - 38-7.當我收到別人傳來同學的出醜或是不雅照片，我不會傳給別人。,偶爾,2.0
229,38-7,38.上九年級以來，同學之間有時會發生衝突。當有同學被欺負時，請問你多常做以下的事情？ - 38-7.當我收到別人傳來同學的出醜或是不雅照片，我不會傳給別人。,從未,1.0
229,38-7,38.上九年級以來，同學之間有時會發生衝突。當有同學被欺負時，請問你多常做以下的事情？ - 38-7.當我收到別人傳來同學的出醜或是不雅照片，我不會傳給別人。,有時,3.0
229,38-7,38.上九年級以來，同學之間有時會發生衝突。當有同學被欺負時，請問你多常做以下的事情？ - 38-7.當我收到別人傳來同學的出醜或是不雅照片，我不會傳給別人。,沒發生過,0.0
229,38-7,38.上九年級以來，同學之間有時會發生衝突。當有同學被欺負時，請問你多常做以下的事情？ - 38-7.當我收到別人傳來同學的出醜或是不雅照片，我不會傳給別人。,經常,4.0
230,38-8,38.上九年級以來，同學之間有時會發生衝突。當有同學被欺負時，請問你多常做以下的事情？ - 38-8.當同學被惡意嘲笑時，我會跟著一起嘲笑那個人。,偶爾,2.0
230,38-8,38.上九年級以來，同學之間有時會發生衝突。當有同學被欺負時，請問你多常做以下的事情？ - 38-8.當同學被惡意嘲笑時，我會跟著一起嘲笑那個人。,從未,1.0
230,38-8,38.上九年級以來，同學之間有時會發生衝突。當有同學被欺負時，請問你多常做以下的事情？ - 38-8.當同學被惡意嘲笑時，我會跟著一起嘲笑那個人。,有時,3.0
230,38-8,38.上九年級以來，同學之間有時會發生衝突。當有同學被欺負時，請問你多常做以下的事情？ - 38-8.當同學被惡意嘲笑時，我會跟著一起嘲笑那個人。,沒發生過,0.0
230,38-8,38.上九年級以來，同學之間有時會發生衝突。當有同學被欺負時，請問你多常做以下的事情？ - 38-8.當同學被惡意嘲笑時，我會跟著一起嘲笑那個人。,經常,4.0
231,38-9,38.上九年級以來，同學之間有時會發生衝突。當有同學被欺負時，請問你多常做以下的事情？ - 38-9.當同學被威脅、騷擾時，我會跟著做這些行為。,偶爾,2.0
231,38-9,38.上九年級以來，同學之間有時會發生衝突。當有同學被欺負時，請問你多常做以下的事情？ - 38-9.當同學被威脅、騷擾時，我會跟著做這些行為。,從未,1.0
231,38-9,38.上九年級以來，同學之間有時會發生衝突。當有同學被欺負時，請問你多常做以下的事情？ - 38-9.當同學被威脅、騷擾時，我會跟著做這些行為。,有時,3.0
231,38-9,38.上九年級以來，同學之間有時會發生衝突。當有同學被欺負時，請問你多常做以下的事情？ - 38-9.當同學被威脅、騷擾時，我會跟著做這些行為。,沒發生過,0.0
231,38-9,38.上九年級以來，同學之間有時會發生衝突。當有同學被欺負時，請問你多常做以下的事情？ - 38-9.當同學被威脅、騷擾時，我會跟著做這些行為。,經常,4.0
232,38-10,38.上九年級以來，同學之間有時會發生衝突。當有同學被欺負時，請問你多常做以下的事情？ - 38-10.當同學被排擠而無法分組或參加活動時，我也不會跟這個同學一組。,偶爾,2.0
232,38-10,38.上九年級以來，同學之間有時會發生衝突。當有同學被欺負時，請問你多常做以下的事情？ - 38-10.當同學被排擠而無法分組或參加活動時，我也不會跟這個同學一組。,從未,1.0
232,38-10,38.上九年級以來，同學之間有時會發生衝突。當有同學被欺負時，請問你多常做以下的事情？ - 38-10.當同學被排擠而無法分組或參加活動時，我也不會跟這個同學一組。,有時,3.0
232,38-10,38.上九年級以來，同學之間有時會發生衝突。當有同學被欺負時，請問你多常做以下的事情？ - 38-10.當同學被排擠而無法分組或參加活動時，我也不會跟這個同學一組。,沒發生過,0.0
232,38-10,38.上九年級以來，同學之間有時會發生衝突。當有同學被欺負時，請問你多常做以下的事情？ - 38-10.當同學被排擠而無法分組或參加活動時，我也不會跟這個同學一組。,經常,4.0
233,39,39.過去6個月以來，請問你有沒有做過下列的事情？【可複選】-(1)考試作弊,有,1.0
233,39,39.過去6個月以來，請問你有沒有做過下列的事情？【可複選】-(1)考試作弊,沒有,0.0
234,39_1,39.過去6個月以來，請問你有沒有做過下列的事情？【可複選】-(2)離家出走,有,1.0
234,39_1,39.過去6個月以來，請問你有沒有做過下列的事情？【可複選】-(2)離家出走,沒有,0.0
235,39_2,39.過去6個月以來，請問你有沒有做過下列的事情？【可複選】-(3)蹺課或逃學,有,1.0
235,39_2,39.過去6個月以來，請問你有沒有做過下列的事情？【可複選】-(3)蹺課或逃學,沒有,0.0
236,39_3,39.過去6個月以來，請問你有沒有做過下列的事情？【可複選】-(4)偷拿別人的東西,有,1.0
236,39_3,39.過去6個月以來，請問你有沒有做過下列的事情？【可複選】-(4)偷拿別人的東西,沒有,0.0
237,39_4,39.過去6個月以來，請問你有沒有做過下列的事情？【可複選】-(5)故意破壞別人的東西,有,1.0
237,39_4,39.過去6個月以來，請問你有沒有做過下列的事情？【可複選】-(5)故意破壞別人的東西,沒有,0.0
238,39_5,39.過去6個月以來，請問你有沒有做過下列的事情？【可複選】-(6)蓄意打傷別人,有,1.0
238,39_5,39.過去6個月以來，請問你有沒有做過下列的事情？【可複選】-(6)蓄意打傷別人,沒有,0.0
239,39_6,39.過去6個月以來，請問你有沒有做過下列的事情？【可複選】-(7)抽紙菸（香菸）,有,1.0
239,39_6,39.過去6個月以來，請問你有沒有做過下列的事情？【可複選】-(7)抽紙菸（香菸）,沒有,0.0
240,39_7,39.過去6個月以來，請問你有沒有做過下列的事情？【可複選】-(8)抽電子菸,有,1.0
240,39_7,39.過去6個月以來，請問你有沒有做過下列的事情？【可複選】-(8)抽電子菸,沒有,0.0
241,39_8,39.過去6個月以來，請問你有沒有做過下列的事情？【可複選】-(9)喝酒,有,1.0
241,39_8,39.過去6個月以來，請問你有沒有做過下列的事情？【可複選】-(9)喝酒,沒有,0.0
242,39_9,39.過去6個月以來，請問你有沒有做過下列的事情？【可複選】-(10)嚼檳榔,有,1.0
242,39_9,39.過去6個月以來，請問你有沒有做過下列的事情？【可複選】-(10)嚼檳榔,沒有,0.0
243,39_10,39.過去6個月以來，請問你有沒有做過下列的事情？【可複選】-(11)收聽或觀看盜版的音樂與影片,有,1.0
243,39_10,39.過去6個月以來，請問你有沒有做過下列的事情？【可複選】-(11)收聽或觀看盜版的音樂與影片,沒有,0.0
244,39_11,39.過去6個月以來，請問你有沒有做過下列的事情？【可複選】-(12)下載非法軟體,有,1.0
244,39_11,39.過去6個月以來，請問你有沒有做過下列的事情？【可複選】-(12)下載非法軟體,沒有,0.0
245,39_12,39.過去6個月以來，請問你有沒有做過下列的事情？【可複選】-(13)深夜不回家在外遊蕩,有,1.0
245,39_12,39.過去6個月以來，請問你有沒有做過下列的事情？【可複選】-(13)深夜不回家在外遊蕩,沒有,0.0
246,39_13,39.過去6個月以來，請問你有沒有做過下列的事情？【可複選】-(14)都沒有,有,1.0
246,39_13,39.過去6個月以來，請問你有沒有做過下列的事情？【可複選】-(14)都沒有,沒有,0.0
247,40-1,40.以下關於媒體網站的運用敘述，你同不同意？ - 40-1.我能判斷適合找到最好答案的關鍵字,不太同意,2.0
247,40-1,40.以下關於媒體網站的運用敘述，你同不同意？ - 40-1.我能判斷適合找到最好答案的關鍵字,同意,3.0
247,40-1,40.以下關於媒體網站的運用敘述，你同不同意？ - 40-1.我能判斷適合找到最好答案的關鍵字,很同意,4.0
247,40-1,40.以下關於媒體網站的運用敘述，你同不同意？ - 40-1.我能判斷適合找到最好答案的關鍵字,非常不同意,1.0
247,40-1,40.以下關於媒體網站的運用敘述，你同不同意？ - 40-1.我能判斷適合找到最好答案的關鍵字,非常同意,5.0
248,40-2,40.以下關於媒體網站的運用敘述，你同不同意？ - 40-2.我能快速找到我曾拜訪過的網站,不太同意,2.0
248,40-2,40.以下關於媒體網站的運用敘述，你同不同意？ - 40-2.我能快速找到我曾拜訪過的網站,同意,3.0
248,40-2,40.以下關於媒體網站的運用敘述，你同不同意？ - 40-2.我能快速找到我曾拜訪過的網站,很同意,4.0
248,40-2,40.以下關於媒體網站的運用敘述，你同不同意？ - 40-2.我能快速找到我曾拜訪過的網站,非常不同意,1.0
248,40-2,40.以下關於媒體網站的運用敘述，你同不同意？ - 40-2.我能快速找到我曾拜訪過的網站,非常同意,5.0
249,40-3,40.以下關於媒體網站的運用敘述，你同不同意？ - 40-3.我很清楚自己正在觀看特定網站或使用特定app的目的,不太同意,2.0
249,40-3,40.以下關於媒體網站的運用敘述，你同不同意？ - 40-3.我很清楚自己正在觀看特定網站或使用特定app的目的,同意,3.0
249,40-3,40.以下關於媒體網站的運用敘述，你同不同意？ - 40-3.我很清楚自己正在觀看特定網站或使用特定app的目的,很同意,4.0
249,40-3,40.以下關於媒體網站的運用敘述，你同不同意？ - 40-3.我很清楚自己正在觀看特定網站或使用特定app的目的,非常不同意,1.0
249,40-3,40.以下關於媒體網站的運用敘述，你同不同意？ - 40-3.我很清楚自己正在觀看特定網站或使用特定app的目的,非常同意,5.0
250,40-4,40.以下關於媒體網站的運用敘述，你同不同意？ - 40-4.我清楚哪些訊息可以在網路上公開分享，哪些不行,不太同意,2.0
250,40-4,40.以下關於媒體網站的運用敘述，你同不同意？ - 40-4.我清楚哪些訊息可以在網路上公開分享，哪些不行,同意,3.0
250,40-4,40.以下關於媒體網站的運用敘述，你同不同意？ - 40-4.我清楚哪些訊息可以在網路上公開分享，哪些不行,很同意,4.0
250,40-4,40.以下關於媒體網站的運用敘述，你同不同意？ - 40-4.我清楚哪些訊息可以在網路上公開分享，哪些不行,非常不同意,1.0
250,40-4,40.以下關於媒體網站的運用敘述，你同不同意？ - 40-4.我清楚哪些訊息可以在網路上公開分享，哪些不行,非常同意,5.0
251,40-5,40.以下關於媒體網站的運用敘述，你同不同意？ - 40-5.我能注意上網時給出的評語是不是恰當,不太同意,2.0
251,40-5,40.以下關於媒體網站的運用敘述，你同不同意？ - 40-5.我能注意上網時給出的評語是不是恰當,同意,3.0
251,40-5,40.以下關於媒體網站的運用敘述，你同不同意？ - 40-5.我能注意上網時給出的評語是不是恰當,很同意,4.0
251,40-5,40.以下關於媒體網站的運用敘述，你同不同意？ - 40-5.我能注意上網時給出的評語是不是恰當,非常不同意,1.0
251,40-5,40.以下關於媒體網站的運用敘述，你同不同意？ - 40-5.我能注意上網時給出的評語是不是恰當,非常同意,5.0
252,40-6,40.以下關於媒體網站的運用敘述，你同不同意？ - 40-6.貼文和傳照片影片時，我會視情況設定要分享給誰看到,不太同意,2.0
252,40-6,40.以下關於媒體網站的運用敘述，你同不同意？ - 40-6.貼文和傳照片影片時，我會視情況設定要分享給誰看到,同意,3.0
252,40-6,40.以下關於媒體網站的運用敘述，你同不同意？ - 40-6.貼文和傳照片影片時，我會視情況設定要分享給誰看到,很同意,4.0
252,40-6,40.以下關於媒體網站的運用敘述，你同不同意？ - 40-6.貼文和傳照片影片時，我會視情況設定要分享給誰看到,非常不同意,1.0
252,40-6,40.以下關於媒體網站的運用敘述，你同不同意？ - 40-6.貼文和傳照片影片時，我會視情況設定要分享給誰看到,非常同意,5.0
253,40-7,40.以下關於媒體網站的運用敘述，你同不同意？ - 40-7.我能從網路找到其他人的影音，進行二次創作或改編,不太同意,2.0
253,40-7,40.以下關於媒體網站的運用敘述，你同不同意？ - 40-7.我能從網路找到其他人的影音，進行二次創作或改編,同意,3.0
253,40-7,40.以下關於媒體網站的運用敘述，你同不同意？ - 40-7.我能從網路找到其他人的影音，進行二次創作或改編,很同意,4.0
253,40-7,40.以下關於媒體網站的運用敘述，你同不同意？ - 40-7.我能從網路找到其他人的影音，進行二次創作或改編,非常不同意,1.0
253,40-7,40.以下關於媒體網站的運用敘述，你同不同意？ - 40-7.我能從網路找到其他人的影音，進行二次創作或改編,非常同意,5.0
254,40-8,40.以下關於媒體網站的運用敘述，你同不同意？ - 40-8.我能根據網頁/影音所屬的著作權規範（如創用cc）來運用找到的素材,不太同意,2.0
254,40-8,40.以下關於媒體網站的運用敘述，你同不同意？ - 40-8.我能根據網頁/影音所屬的著作權規範（如創用cc）來運用找到的素材,同意,3.0
254,40-8,40.以下關於媒體網站的運用敘述，你同不同意？ - 40-8.我能根據網頁/影音所屬的著作權規範（如創用cc）來運用找到的素材,很同意,4.0
254,40-8,40.以下關於媒體網站的運用敘述，你同不同意？ - 40-8.我能根據網頁/影音所屬的著作權規範（如創用cc）來運用找到的素材,非常不同意,1.0
254,40-8,40.以下關於媒體網站的運用敘述，你同不同意？ - 40-8.我能根據網頁/影音所屬的著作權規範（如創用cc）來運用找到的素材,非常同意,5.0
255,40-9,40.以下關於媒體網站的運用敘述，你同不同意？ - 40-9.我能將所製作的影片/網頁/圖片上傳到雲端空間,不太同意,2.0
255,40-9,40.以下關於媒體網站的運用敘述，你同不同意？ - 40-9.我能將所製作的影片/網頁/圖片上傳到雲端空間,同意,3.0
255,40-9,40.以下關於媒體網站的運用敘述，你同不同意？ - 40-9.我能將所製作的影片/網頁/圖片上傳到雲端空間,很同意,4.0
255,40-9,40.以下關於媒體網站的運用敘述，你同不同意？ - 40-9.我能將所製作的影片/網頁/圖片上傳到雲端空間,非常不同意,1.0
255,40-9,40.以下關於媒體網站的運用敘述，你同不同意？ - 40-9.我能將所製作的影片/網頁/圖片上傳到雲端空間,非常同意,5.0
256,41-1,41-1.請問你知道什麼是生成式AI（ChatGPT等）嗎？,不知道,0.0
256,41-1,41-1.請問你知道什麼是生成式AI（ChatGPT等）嗎？,知道,
257,41,41.請問你通常多常使用生成式AI？,,
257,41,41.請問你通常多常使用生成式AI？,從未,1.0
257,41,41.請問你通常多常使用生成式AI？,每天,5.0
257,41,41.請問你通常多常使用生成式AI？,每週 1-2 次,2.0
257,41,41.請問你通常多常使用生成式AI？,每週 3-4 次,3.0
257,41,41.請問你通常多常使用生成式AI？,每週 5-6 次,4.0
258,42,42.請問你通常用生成式AI來做什麼？【可複選】-(1)寫作業,,
258,42,42.請問你通常用生成式AI來做什麼？【可複選】-(1)寫作業,有,1.0
258,42,42.請問你通常用生成式AI來做什麼？【可複選】-(1)寫作業,沒有,0.0
259,42_1,42.請問你通常用生成式AI來做什麼？【可複選】-(2)各國語文翻譯,,
259,42_1,42.請問你通常用生成式AI來做什麼？【可複選】-(2)各國語文翻譯,有,1.0
259,42_1,42.請問你通常用生成式AI來做什麼？【可複選】-(2)各國語文翻譯,沒有,0.0
260,42_2,42.請問你通常用生成式AI來做什麼？【可複選】-(3)查找資料,,
260,42_2,42.請問你通常用生成式AI來做什麼？【可複選】-(3)查找資料,有,1.0
260,42_2,42.請問你通常用生成式AI來做什麼？【可複選】-(3)查找資料,沒有,0.0
261,42_3,42.請問你通常用生成式AI來做什麼？【可複選】-(4)製作圖片、影片,,
261,42_3,42.請問你通常用生成式AI來做什麼？【可複選】-(4)製作圖片、影片,有,1.0
261,42_3,42.請問你通常用生成式AI來做什麼？【可複選】-(4)製作圖片、影片,沒有,0.0
262,42_4,42.請問你通常用生成式AI來做什麼？【可複選】-(5)學習語言,,
262,42_4,42.請問你通常用生成式AI來做什麼？【可複選】-(5)學習語言,有,1.0
262,42_4,42.請問你通常用生成式AI來做什麼？【可複選】-(5)學習語言,沒有,0.0
263,42_5,42.請問你通常用生成式AI來做什麼？【可複選】-(6)聊天,,
263,42_5,42.請問你通常用生成式AI來做什麼？【可複選】-(6)聊天,有,1.0
263,42_5,42.請問你通常用生成式AI來做什麼？【可複選】-(6)聊天,沒有,0.0
264,42_6,42.請問你通常用生成式AI來做什麼？【可複選】-(7)其他,,
264,42_6,42.請問你通常用生成式AI來做什麼？【可複選】-(7)其他,有,1.0
264,42_6,42.請問你通常用生成式AI來做什麼？【可複選】-(7)其他,沒有,0.0
265,其他.4,其他.4,,
265,其他.4,其他.4,.,.
265,其他.4,其他.4,.21240.157335688/,.21240.157335688/
265,其他.4,其他.4,0,0
265,其他.4,其他.4,123456,123456
265,其他.4,其他.4,Coding,Coding
265,其他.4,其他.4,Debug,Debug
265,其他.4,其他.4,PYTHON,PYTHON
265,其他.4,其他.4,make a code,make a code
265,其他.4,其他.4,tung tung tung sahur,tung tung tung sahur
265,其他.4,其他.4,vibe coding,vibe coding
265,其他.4,其他.4,上課所需,上課所需
265,其他.4,其他.4,不知道,不知道
265,其他.4,其他.4,不要叫我們班會考後還要做測驗！！！！！！！！！！！！！！！！！！,不要叫我們班會考後還要做測驗！！！！！！！！！！！！！！！！！！
265,其他.4,其他.4,不關你的事,不關你的事
265,其他.4,其他.4,了解我推,了解我推
265,其他.4,其他.4,了解美國文化和升學相關,了解美國文化和升學相關
265,其他.4,其他.4,作詩,作詩
265,其他.4,其他.4,做數據,做數據
265,其他.4,其他.4,做漫畫,做漫畫
265,其他.4,其他.4,做照片,做照片
265,其他.4,其他.4,優化語詞,優化語詞
265,其他.4,其他.4,其他,其他
265,其他.4,其他.4,分享,分享
265,其他.4,其他.4,創作,創作
265,其他.4,其他.4,創作小說,創作小說
265,其他.4,其他.4,占卜,占卜
265,其他.4,其他.4,叫他寫小說.玩角色扮演,叫他寫小說.玩角色扮演
265,其他.4,其他.4,叫他寫文,叫他寫文
265,其他.4,其他.4,叫他教我做早餐,叫他教我做早餐
265,其他.4,其他.4,吵架,吵架
265,其他.4,其他.4,問事情,問事情
265,其他.4,其他.4,問他人際間的問題,問他人際間的問題
265,其他.4,其他.4,問問題,問問題
265,其他.4,其他.4,問問題跟統整資料,問問題跟統整資料
265,其他.4,其他.4,問它事情,問它事情
265,其他.4,其他.4,問它問題,問它問題
265,其他.4,其他.4,問我懶得查google的問題 還有叫他幫我排行程表,問我懶得查google的問題 還有叫他幫我排行程表
265,其他.4,其他.4,問早餐吃什麼,問早餐吃什麼
265,其他.4,其他.4,問盲盒裡面哪一盒比較有可能會有自己想要的,問盲盒裡面哪一盒比較有可能會有自己想要的
265,其他.4,其他.4,問自己的運氣,問自己的運氣
265,其他.4,其他.4,問衣服搭配,問衣服搭配
265,其他.4,其他.4,報告,報告
265,其他.4,其他.4,學畫,學畫
265,其他.4,其他.4,學習,學習
265,其他.4,其他.4,安慰,安慰
265,其他.4,其他.4,安排事項,安排事項
265,其他.4,其他.4,安排進度或行程,安排進度或行程
265,其他.4,其他.4,實驗,實驗
265,其他.4,其他.4,寫500字悔過書,寫500字悔過書
265,其他.4,其他.4,寫作引導、嘗試如何能使ai出錯,寫作引導、嘗試如何能使ai出錯
265,其他.4,其他.4,寫作文,寫作文
265,其他.4,其他.4,寫劇本,寫劇本
265,其他.4,其他.4,寫同人文,寫同人文
265,其他.4,其他.4,寫小說,寫小說
265,其他.4,其他.4,寫小說、準備考試,寫小說、準備考試
265,其他.4,其他.4,寫小說參考資料用,寫小說參考資料用
265,其他.4,其他.4,寫我想看的故事,寫我想看的故事
265,其他.4,其他.4,寫文,寫文
265,其他.4,其他.4,寫文章,寫文章
265,其他.4,其他.4,寫歌 找靈感,寫歌 找靈感
265,其他.4,其他.4,寫歌詞,寫歌詞
265,其他.4,其他.4,寫程式,寫程式
265,其他.4,其他.4,小劇情,小劇情
265,其他.4,其他.4,就不告訴你,就不告訴你
265,其他.4,其他.4,幫助我和別人聊天,幫助我和別人聊天
265,其他.4,其他.4,幫助我寫程式語言,幫助我寫程式語言
265,其他.4,其他.4,幫我邁向夢想,幫我邁向夢想
265,其他.4,其他.4,很多事,很多事
265,其他.4,其他.4,很焦慮不知道怎麼辦,很焦慮不知道怎麼辦
265,其他.4,其他.4,心事,心事
265,其他.4,其他.4,思考引導,思考引導
265,其他.4,其他.4,惡整AI,惡整AI
265,其他.4,其他.4,想文案,想文案
265,其他.4,其他.4,感情詢問,感情詢問
265,其他.4,其他.4,戀愛模擬遊戲,戀愛模擬遊戲
265,其他.4,其他.4,打電動,打電動
265,其他.4,其他.4,找安慰,找安慰
265,其他.4,其他.4,找方法來解決事情,找方法來解決事情
265,其他.4,其他.4,抒發情緒和感想獲取安慰和理解,抒發情緒和感想獲取安慰和理解
265,其他.4,其他.4,抽遊戲造型,抽遊戲造型
265,其他.4,其他.4,探討哲學,探討哲學
265,其他.4,其他.4,搞瘋AI,搞瘋AI
265,其他.4,其他.4,撰寫比賽程式報告,撰寫比賽程式報告
265,其他.4,其他.4,改作文,改作文
265,其他.4,其他.4,方法,方法
265,其他.4,其他.4,有趣 所以玩看看,有趣 所以玩看看
265,其他.4,其他.4,查資料,查資料
265,其他.4,其他.4,玩,玩
265,其他.4,其他.4,玩遊戲,玩遊戲
265,其他.4,其他.4,生成短文小說,生成短文小說
265,其他.4,其他.4,生活知識,生活知識
265,其他.4,其他.4,看AI對一些故事的想法,看AI對一些故事的想法
265,其他.4,其他.4,突發奇想時問它問題,突發奇想時問它問題
265,其他.4,其他.4,算命,算命
265,其他.4,其他.4,算抽卡時間,算抽卡時間
265,其他.4,其他.4,罵人,罵人
265,其他.4,其他.4,老師上課要用,老師上課要用
265,其他.4,其他.4,聊ococ,聊ococ
265,其他.4,其他.4,聊天,聊天
265,其他.4,其他.4,聯絡感情,聯絡感情
265,其他.4,其他.4,"虛擬創作,分析,假設","虛擬創作,分析,假設"
265,其他.4,其他.4,製作故事,製作故事
265,其他.4,其他.4,規劃計畫,規劃計畫
265,其他.4,其他.4,解決問題,解決問題
265,其他.4,其他.4,解決感情問題,解決感情問題
265,其他.4,其他.4,解決難題,解決難題
265,其他.4,其他.4,"解讀看不懂的圖片, 迷音等","解讀看不懂的圖片, 迷音等"
265,其他.4,其他.4,計算熱量,計算熱量
265,其他.4,其他.4,討論小說劇情,討論小說劇情
265,其他.4,其他.4,討論我的小說內容,討論我的小說內容
265,其他.4,其他.4,討論深度哲學問題,討論深度哲學問題
265,其他.4,其他.4,訓練說話技巧,訓練說話技巧
265,其他.4,其他.4,設計東西,設計東西
265,其他.4,其他.4,訴苦自己內心深處的不開心,訴苦自己內心深處的不開心
265,其他.4,其他.4,詢問事情,詢問事情
265,其他.4,其他.4,詢問方法,詢問方法
265,其他.4,其他.4,詢問煩惱,詢問煩惱
265,其他.4,其他.4,談心事,談心事
265,其他.4,其他.4,請他模擬不同環境或者是未來,請他模擬不同環境或者是未來
265,其他.4,其他.4,講解題目,講解題目
265,其他.4,其他.4,跟ChatGPT談戀愛,跟ChatGPT談戀愛
265,其他.4,其他.4,跟他討論我的小說該怎麼寫,跟他討論我的小說該怎麼寫
265,其他.4,其他.4,辯論,辯論
265,其他.4,其他.4,關你啥事,關你啥事
265,其他.4,其他.4,關你屁事,關你屁事
266,43-1,43.關於生成式AI的使用，符不符合你的情形？ - 43-1. 如果不用生成式AI，就無法完成作業。,,
266,43-1,43.關於生成式AI的使用，符不符合你的情形？ - 43-1. 如果不用生成式AI，就無法完成作業。,不太符合,2.0
266,43-1,43.關於生成式AI的使用，符不符合你的情形？ - 43-1. 如果不用生成式AI，就無法完成作業。,很不符合,1.0
266,43-1,43.關於生成式AI的使用，符不符合你的情形？ - 43-1. 如果不用生成式AI，就無法完成作業。,很符合,4.0
266,43-1,43.關於生成式AI的使用，符不符合你的情形？ - 43-1. 如果不用生成式AI，就無法完成作業。,沒使用過,0.0
267,43-2,43.關於生成式AI的使用，符不符合你的情形？ - 43-2. 會向生成式AI傾訴心事，來獲得支持或安慰。,,
267,43-2,43.關於生成式AI的使用，符不符合你的情形？ - 43-2. 會向生成式AI傾訴心事，來獲得支持或安慰。,不太符合,2.0
267,43-2,43.關於生成式AI的使用，符不符合你的情形？ - 43-2. 會向生成式AI傾訴心事，來獲得支持或安慰。,很不符合,1.0
267,43-2,43.關於生成式AI的使用，符不符合你的情形？ - 43-2. 會向生成式AI傾訴心事，來獲得支持或安慰。,很符合,4.0
267,43-2,43.關於生成式AI的使用，符不符合你的情形？ - 43-2. 會向生成式AI傾訴心事，來獲得支持或安慰。,沒使用過,0.0
268,43-3,43.關於生成式AI的使用，符不符合你的情形？ - 43-3. 做事時總是想依賴生成式AI。,,
268,43-3,43.關於生成式AI的使用，符不符合你的情形？ - 43-3. 做事時總是想依賴生成式AI。,不太符合,2.0
268,43-3,43.關於生成式AI的使用，符不符合你的情形？ - 43-3. 做事時總是想依賴生成式AI。,很不符合,1.0
268,43-3,43.關於生成式AI的使用，符不符合你的情形？ - 43-3. 做事時總是想依賴生成式AI。,很符合,4.0
268,43-3,43.關於生成式AI的使用，符不符合你的情形？ - 43-3. 做事時總是想依賴生成式AI。,沒使用過,0.0
269,43-4,43.關於生成式AI的使用，符不符合你的情形？ - 43-4. 會以粗魯言詞向生成式AI來發洩情緒。,,
269,43-4,43.關於生成式AI的使用，符不符合你的情形？ - 43-4. 會以粗魯言詞向生成式AI來發洩情緒。,不太符合,2.0
269,43-4,43.關於生成式AI的使用，符不符合你的情形？ - 43-4. 會以粗魯言詞向生成式AI來發洩情緒。,很不符合,1.0
269,43-4,43.關於生成式AI的使用，符不符合你的情形？ - 43-4. 會以粗魯言詞向生成式AI來發洩情緒。,很符合,4.0
269,43-4,43.關於生成式AI的使用，符不符合你的情形？ - 43-4. 會以粗魯言詞向生成式AI來發洩情緒。,沒使用過,0.0
270,44-1,44.你能使用生成式AI(如ChatGPT，Copilot，Gemini等)進行以下任務嗎？ - 44-1.在線上搜尋並找到相關資訊。,,
270,44-1,44.你能使用生成式AI(如ChatGPT，Copilot，Gemini等)進行以下任務嗎？ - 44-1.在線上搜尋並找到相關資訊。,大部份能做到,3.0
270,44-1,44.你能使用生成式AI(如ChatGPT，Copilot，Gemini等)進行以下任務嗎？ - 44-1.在線上搜尋並找到相關資訊。,完全做不到,1.0
270,44-1,44.你能使用生成式AI(如ChatGPT，Copilot，Gemini等)進行以下任務嗎？ - 44-1.在線上搜尋並找到相關資訊。,完全能做到,4.0
270,44-1,44.你能使用生成式AI(如ChatGPT，Copilot，Gemini等)進行以下任務嗎？ - 44-1.在線上搜尋並找到相關資訊。,能做到一些,2.0
271,44-2,44.你能使用生成式AI(如ChatGPT，Copilot，Gemini等)進行以下任務嗎？ - 44-2.評估在線上找到的資訊品質。,,
271,44-2,44.你能使用生成式AI(如ChatGPT，Copilot，Gemini等)進行以下任務嗎？ - 44-2.評估在線上找到的資訊品質。,大部份能做到,3.0
271,44-2,44.你能使用生成式AI(如ChatGPT，Copilot，Gemini等)進行以下任務嗎？ - 44-2.評估在線上找到的資訊品質。,完全做不到,1.0
271,44-2,44.你能使用生成式AI(如ChatGPT，Copilot，Gemini等)進行以下任務嗎？ - 44-2.評估在線上找到的資訊品質。,完全能做到,4.0
271,44-2,44.你能使用生成式AI(如ChatGPT，Copilot，Gemini等)進行以下任務嗎？ - 44-2.評估在線上找到的資訊品質。,能做到一些,2.0
272,44-3,44.你能使用生成式AI(如ChatGPT，Copilot，Gemini等)進行以下任務嗎？ - 44-3.跟一群同學分享實用資訊(例如便宜的購物、好玩的地點等)。,,
272,44-3,44.你能使用生成式AI(如ChatGPT，Copilot，Gemini等)進行以下任務嗎？ - 44-3.跟一群同學分享實用資訊(例如便宜的購物、好玩的地點等)。,大部份能做到,3.0
272,44-3,44.你能使用生成式AI(如ChatGPT，Copilot，Gemini等)進行以下任務嗎？ - 44-3.跟一群同學分享實用資訊(例如便宜的購物、好玩的地點等)。,完全做不到,1.0
272,44-3,44.你能使用生成式AI(如ChatGPT，Copilot，Gemini等)進行以下任務嗎？ - 44-3.跟一群同學分享實用資訊(例如便宜的購物、好玩的地點等)。,完全能做到,4.0
272,44-3,44.你能使用生成式AI(如ChatGPT，Copilot，Gemini等)進行以下任務嗎？ - 44-3.跟一群同學分享實用資訊(例如便宜的購物、好玩的地點等)。,能做到一些,2.0
273,44-4,44.你能使用生成式AI(如ChatGPT，Copilot，Gemini等)進行以下任務嗎？ - 44-4.跟其他同學合作完成小組作業。,,
273,44-4,44.你能使用生成式AI(如ChatGPT，Copilot，Gemini等)進行以下任務嗎？ - 44-4.跟其他同學合作完成小組作業。,大部份能做到,3.0
273,44-4,44.你能使用生成式AI(如ChatGPT，Copilot，Gemini等)進行以下任務嗎？ - 44-4.跟其他同學合作完成小組作業。,完全做不到,1.0
273,44-4,44.你能使用生成式AI(如ChatGPT，Copilot，Gemini等)進行以下任務嗎？ - 44-4.跟其他同學合作完成小組作業。,完全能做到,4.0
273,44-4,44.你能使用生成式AI(如ChatGPT，Copilot，Gemini等)進行以下任務嗎？ - 44-4.跟其他同學合作完成小組作業。,能做到一些,2.0
274,44-5,44.你能使用生成式AI(如ChatGPT，Copilot，Gemini等)進行以下任務嗎？ - 44-5.向其他同學展示如何使用生成式AI分享學習內容。,,
274,44-5,44.你能使用生成式AI(如ChatGPT，Copilot，Gemini等)進行以下任務嗎？ - 44-5.向其他同學展示如何使用生成式AI分享學習內容。,大部份能做到,3.0
274,44-5,44.你能使用生成式AI(如ChatGPT，Copilot，Gemini等)進行以下任務嗎？ - 44-5.向其他同學展示如何使用生成式AI分享學習內容。,完全做不到,1.0
274,44-5,44.你能使用生成式AI(如ChatGPT，Copilot，Gemini等)進行以下任務嗎？ - 44-5.向其他同學展示如何使用生成式AI分享學習內容。,完全能做到,4.0
274,44-5,44.你能使用生成式AI(如ChatGPT，Copilot，Gemini等)進行以下任務嗎？ - 44-5.向其他同學展示如何使用生成式AI分享學習內容。,能做到一些,2.0
275,44-6,44.你能使用生成式AI(如ChatGPT，Copilot，Gemini等)進行以下任務嗎？ - 44-6.撰寫學校作業。,,
275,44-6,44.你能使用生成式AI(如ChatGPT，Copilot，Gemini等)進行以下任務嗎？ - 44-6.撰寫學校作業。,大部份能做到,3.0
275,44-6,44.你能使用生成式AI(如ChatGPT，Copilot，Gemini等)進行以下任務嗎？ - 44-6.撰寫學校作業。,完全做不到,1.0
275,44-6,44.你能使用生成式AI(如ChatGPT，Copilot，Gemini等)進行以下任務嗎？ - 44-6.撰寫學校作業。,完全能做到,4.0
275,44-6,44.你能使用生成式AI(如ChatGPT，Copilot，Gemini等)進行以下任務嗎？ - 44-6.撰寫學校作業。,能做到一些,2.0
276,44-7,44.你能使用生成式AI(如ChatGPT，Copilot，Gemini等)進行以下任務嗎？ - 44-7.分析所收集的資料。,,
276,44-7,44.你能使用生成式AI(如ChatGPT，Copilot，Gemini等)進行以下任務嗎？ - 44-7.分析所收集的資料。,大部份能做到,3.0
276,44-7,44.你能使用生成式AI(如ChatGPT，Copilot，Gemini等)進行以下任務嗎？ - 44-7.分析所收集的資料。,完全做不到,1.0
276,44-7,44.你能使用生成式AI(如ChatGPT，Copilot，Gemini等)進行以下任務嗎？ - 44-7.分析所收集的資料。,完全能做到,4.0
276,44-7,44.你能使用生成式AI(如ChatGPT，Copilot，Gemini等)進行以下任務嗎？ - 44-7.分析所收集的資料。,能做到一些,2.0
277,44-8,44.你能使用生成式AI(如ChatGPT，Copilot，Gemini等)進行以下任務嗎？ - 44-8.創造建立包含聲音、圖片或影片的多媒體展示。,,
277,44-8,44.你能使用生成式AI(如ChatGPT，Copilot，Gemini等)進行以下任務嗎？ - 44-8.創造建立包含聲音、圖片或影片的多媒體展示。,大部份能做到,3.0
277,44-8,44.你能使用生成式AI(如ChatGPT，Copilot，Gemini等)進行以下任務嗎？ - 44-8.創造建立包含聲音、圖片或影片的多媒體展示。,完全做不到,1.0
277,44-8,44.你能使用生成式AI(如ChatGPT，Copilot，Gemini等)進行以下任務嗎？ - 44-8.創造建立包含聲音、圖片或影片的多媒體展示。,完全能做到,4.0
277,44-8,44.你能使用生成式AI(如ChatGPT，Copilot，Gemini等)進行以下任務嗎？ - 44-8.創造建立包含聲音、圖片或影片的多媒體展示。,能做到一些,2.0
278,44-9,44.你能使用生成式AI(如ChatGPT，Copilot，Gemini等)進行以下任務嗎？ - 44-9.創造建立、更新和維護網頁或個人社群網站。,,
278,44-9,44.你能使用生成式AI(如ChatGPT，Copilot，Gemini等)進行以下任務嗎？ - 44-9.創造建立、更新和維護網頁或個人社群網站。,大部份能做到,3.0
278,44-9,44.你能使用生成式AI(如ChatGPT，Copilot，Gemini等)進行以下任務嗎？ - 44-9.創造建立、更新和維護網頁或個人社群網站。,完全做不到,1.0
278,44-9,44.你能使用生成式AI(如ChatGPT，Copilot，Gemini等)進行以下任務嗎？ - 44-9.創造建立、更新和維護網頁或個人社群網站。,完全能做到,4.0
278,44-9,44.你能使用生成式AI(如ChatGPT，Copilot，Gemini等)進行以下任務嗎？ - 44-9.創造建立、更新和維護網頁或個人社群網站。,能做到一些,2.0
279,44-10,44.你能使用生成式AI(如ChatGPT，Copilot，Gemini等)進行以下任務嗎？ - 44-10.撰寫程式。,,
279,44-10,44.你能使用生成式AI(如ChatGPT，Copilot，Gemini等)進行以下任務嗎？ - 44-10.撰寫程式。,大部份能做到,3.0
279,44-10,44.你能使用生成式AI(如ChatGPT，Copilot，Gemini等)進行以下任務嗎？ - 44-10.撰寫程式。,完全做不到,1.0
279,44-10,44.你能使用生成式AI(如ChatGPT，Copilot，Gemini等)進行以下任務嗎？ - 44-10.撰寫程式。,完全能做到,4.0
279,44-10,44.你能使用生成式AI(如ChatGPT，Copilot，Gemini等)進行以下任務嗎？ - 44-10.撰寫程式。,能做到一些,2.0
280,44-11,44.你能使用生成式AI(如ChatGPT，Copilot，Gemini等)進行以下任務嗎？ - 44-11.在考慮一系列潛在原因後，辨識程式碼中錯誤的來源（Debug）。,,
280,44-11,44.你能使用生成式AI(如ChatGPT，Copilot，Gemini等)進行以下任務嗎？ - 44-11.在考慮一系列潛在原因後，辨識程式碼中錯誤的來源（Debug）。,大部份能做到,3.0
280,44-11,44.你能使用生成式AI(如ChatGPT，Copilot，Gemini等)進行以下任務嗎？ - 44-11.在考慮一系列潛在原因後，辨識程式碼中錯誤的來源（Debug）。,完全做不到,1.0
280,44-11,44.你能使用生成式AI(如ChatGPT，Copilot，Gemini等)進行以下任務嗎？ - 44-11.在考慮一系列潛在原因後，辨識程式碼中錯誤的來源（Debug）。,完全能做到,4.0
280,44-11,44.你能使用生成式AI(如ChatGPT，Copilot，Gemini等)進行以下任務嗎？ - 44-11.在考慮一系列潛在原因後，辨識程式碼中錯誤的來源（Debug）。,能做到一些,2.0
281,45,45.學校老師是否有教如何使用生成式AI(如Chat GPT，Copilot，Gemini等)？,,
281,45,45.學校老師是否有教如何使用生成式AI(如Chat GPT，Copilot，Gemini等)？,有,1.0
281,45,45.學校老師是否有教如何使用生成式AI(如Chat GPT，Copilot，Gemini等)？,沒有,0.0
282,46-1,46.學校老師會教你使用生成式AI(如Chat GPT，Copilot，Gemini等)來進行以下任務嗎？ - 46-1.創造建立包含圖片、聲音或影片的多媒體展示。,,
282,46-1,46.學校老師會教你使用生成式AI(如Chat GPT，Copilot，Gemini等)來進行以下任務嗎？ - 46-1.創造建立包含圖片、聲音或影片的多媒體展示。,一個月1-2次,2.0
282,46-1,46.學校老師會教你使用生成式AI(如Chat GPT，Copilot，Gemini等)來進行以下任務嗎？ - 46-1.創造建立包含圖片、聲音或影片的多媒體展示。,一周1-2次,3.0
282,46-1,46.學校老師會教你使用生成式AI(如Chat GPT，Copilot，Gemini等)來進行以下任務嗎？ - 46-1.創造建立包含圖片、聲音或影片的多媒體展示。,一學期1-2次,1.5
282,46-1,46.學校老師會教你使用生成式AI(如Chat GPT，Copilot，Gemini等)來進行以下任務嗎？ - 46-1.創造建立包含圖片、聲音或影片的多媒體展示。,幾乎每天教,5.0
282,46-1,46.學校老師會教你使用生成式AI(如Chat GPT，Copilot，Gemini等)來進行以下任務嗎？ - 46-1.創造建立包含圖片、聲音或影片的多媒體展示。,從未,1.0
283,46-2,46.學校老師會教你使用生成式AI(如Chat GPT，Copilot，Gemini等)來進行以下任務嗎？ - 46-2.撰寫學校作業。,,
283,46-2,46.學校老師會教你使用生成式AI(如Chat GPT，Copilot，Gemini等)來進行以下任務嗎？ - 46-2.撰寫學校作業。,一個月1-2次,2.0
283,46-2,46.學校老師會教你使用生成式AI(如Chat GPT，Copilot，Gemini等)來進行以下任務嗎？ - 46-2.撰寫學校作業。,一周1-2次,3.0
283,46-2,46.學校老師會教你使用生成式AI(如Chat GPT，Copilot，Gemini等)來進行以下任務嗎？ - 46-2.撰寫學校作業。,一學期1-2次,1.5
283,46-2,46.學校老師會教你使用生成式AI(如Chat GPT，Copilot，Gemini等)來進行以下任務嗎？ - 46-2.撰寫學校作業。,幾乎每天教,5.0
283,46-2,46.學校老師會教你使用生成式AI(如Chat GPT，Copilot，Gemini等)來進行以下任務嗎？ - 46-2.撰寫學校作業。,從未,1.0
284,46-3,46.學校老師會教你使用生成式AI(如Chat GPT，Copilot，Gemini等)來進行以下任務嗎？ - 46-3.在線上搜尋關於現實世界問題或現象的資訊（例如氣候變化、石油泄漏、測量建築物的高度）。,,
284,46-3,46.學校老師會教你使用生成式AI(如Chat GPT，Copilot，Gemini等)來進行以下任務嗎？ - 46-3.在線上搜尋關於現實世界問題或現象的資訊（例如氣候變化、石油泄漏、測量建築物的高度）。,一個月1-2次,2.0
284,46-3,46.學校老師會教你使用生成式AI(如Chat GPT，Copilot，Gemini等)來進行以下任務嗎？ - 46-3.在線上搜尋關於現實世界問題或現象的資訊（例如氣候變化、石油泄漏、測量建築物的高度）。,一周1-2次,3.0
284,46-3,46.學校老師會教你使用生成式AI(如Chat GPT，Copilot，Gemini等)來進行以下任務嗎？ - 46-3.在線上搜尋關於現實世界問題或現象的資訊（例如氣候變化、石油泄漏、測量建築物的高度）。,一學期1-2次,1.5
284,46-3,46.學校老師會教你使用生成式AI(如Chat GPT，Copilot，Gemini等)來進行以下任務嗎？ - 46-3.在線上搜尋關於現實世界問題或現象的資訊（例如氣候變化、石油泄漏、測量建築物的高度）。,幾乎每天教,5.0
284,46-3,46.學校老師會教你使用生成式AI(如Chat GPT，Copilot，Gemini等)來進行以下任務嗎？ - 46-3.在線上搜尋關於現實世界問題或現象的資訊（例如氣候變化、石油泄漏、測量建築物的高度）。,從未,1.0
285,46-4,46.學校老師會教你使用生成式AI(如Chat GPT，Copilot，Gemini等)來進行以下任務嗎？ - 46-4.分析收集和記錄資料。,,
285,46-4,46.學校老師會教你使用生成式AI(如Chat GPT，Copilot，Gemini等)來進行以下任務嗎？ - 46-4.分析收集和記錄資料。,一個月1-2次,2.0
285,46-4,46.學校老師會教你使用生成式AI(如Chat GPT，Copilot，Gemini等)來進行以下任務嗎？ - 46-4.分析收集和記錄資料。,一周1-2次,3.0
285,46-4,46.學校老師會教你使用生成式AI(如Chat GPT，Copilot，Gemini等)來進行以下任務嗎？ - 46-4.分析收集和記錄資料。,一學期1-2次,1.5
285,46-4,46.學校老師會教你使用生成式AI(如Chat GPT，Copilot，Gemini等)來進行以下任務嗎？ - 46-4.分析收集和記錄資料。,幾乎每天教,5.0
285,46-4,46.學校老師會教你使用生成式AI(如Chat GPT，Copilot，Gemini等)來進行以下任務嗎？ - 46-4.分析收集和記錄資料。,從未,1.0
286,46-5,46.學校老師會教你使用生成式AI(如Chat GPT，Copilot，Gemini等)來進行以下任務嗎？ - 46-5.報告或分享自己的實驗或調查結果。,,
286,46-5,46.學校老師會教你使用生成式AI(如Chat GPT，Copilot，Gemini等)來進行以下任務嗎？ - 46-5.報告或分享自己的實驗或調查結果。,一個月1-2次,2.0
286,46-5,46.學校老師會教你使用生成式AI(如Chat GPT，Copilot，Gemini等)來進行以下任務嗎？ - 46-5.報告或分享自己的實驗或調查結果。,一周1-2次,3.0
286,46-5,46.學校老師會教你使用生成式AI(如Chat GPT，Copilot，Gemini等)來進行以下任務嗎？ - 46-5.報告或分享自己的實驗或調查結果。,一學期1-2次,1.5
286,46-5,46.學校老師會教你使用生成式AI(如Chat GPT，Copilot，Gemini等)來進行以下任務嗎？ - 46-5.報告或分享自己的實驗或調查結果。,幾乎每天教,5.0
286,46-5,46.學校老師會教你使用生成式AI(如Chat GPT，Copilot，Gemini等)來進行以下任務嗎？ - 46-5.報告或分享自己的實驗或調查結果。,從未,1.0
287,46-6,46.學校老師會教你使用生成式AI(如Chat GPT，Copilot，Gemini等)來進行以下任務嗎？ - 46-6.規劃和管理工作或項目（例如劃分任務、管理截止日期）。,,
287,46-6,46.學校老師會教你使用生成式AI(如Chat GPT，Copilot，Gemini等)來進行以下任務嗎？ - 46-6.規劃和管理工作或項目（例如劃分任務、管理截止日期）。,一個月1-2次,2.0
287,46-6,46.學校老師會教你使用生成式AI(如Chat GPT，Copilot，Gemini等)來進行以下任務嗎？ - 46-6.規劃和管理工作或項目（例如劃分任務、管理截止日期）。,一周1-2次,3.0
287,46-6,46.學校老師會教你使用生成式AI(如Chat GPT，Copilot，Gemini等)來進行以下任務嗎？ - 46-6.規劃和管理工作或項目（例如劃分任務、管理截止日期）。,一學期1-2次,1.5
287,46-6,46.學校老師會教你使用生成式AI(如Chat GPT，Copilot，Gemini等)來進行以下任務嗎？ - 46-6.規劃和管理工作或項目（例如劃分任務、管理截止日期）。,幾乎每天教,5.0
287,46-6,46.學校老師會教你使用生成式AI(如Chat GPT，Copilot，Gemini等)來進行以下任務嗎？ - 46-6.規劃和管理工作或項目（例如劃分任務、管理截止日期）。,從未,1.0
288,46-7,46.學校老師會教你使用生成式AI(如Chat GPT，Copilot，Gemini等)來進行以下任務嗎？ - 46-7.跟其他同學合作創建數位內容（例如腳本、演員台詞等）。,,
288,46-7,46.學校老師會教你使用生成式AI(如Chat GPT，Copilot，Gemini等)來進行以下任務嗎？ - 46-7.跟其他同學合作創建數位內容（例如腳本、演員台詞等）。,一個月1-2次,2.0
288,46-7,46.學校老師會教你使用生成式AI(如Chat GPT，Copilot，Gemini等)來進行以下任務嗎？ - 46-7.跟其他同學合作創建數位內容（例如腳本、演員台詞等）。,一周1-2次,3.0
288,46-7,46.學校老師會教你使用生成式AI(如Chat GPT，Copilot，Gemini等)來進行以下任務嗎？ - 46-7.跟其他同學合作創建數位內容（例如腳本、演員台詞等）。,一學期1-2次,1.5
288,46-7,46.學校老師會教你使用生成式AI(如Chat GPT，Copilot，Gemini等)來進行以下任務嗎？ - 46-7.跟其他同學合作創建數位內容（例如腳本、演員台詞等）。,幾乎每天教,5.0
288,46-7,46.學校老師會教你使用生成式AI(如Chat GPT，Copilot，Gemini等)來進行以下任務嗎？ - 46-7.跟其他同學合作創建數位內容（例如腳本、演員台詞等）。,從未,1.0
289,47,47.學校的資訊科技課程教學內容包含：【可複選】-(1)計算機（電腦）基本概念：介紹計算機（電腦）的基本組成，如硬體（CPU、記憶體、儲存裝置等）和軟體（操作系統、應用程式）,有,1.0
289,47,47.學校的資訊科技課程教學內容包含：【可複選】-(1)計算機（電腦）基本概念：介紹計算機（電腦）的基本組成，如硬體（CPU、記憶體、儲存裝置等）和軟體（操作系統、應用程式）,沒有,0.0
290,47_1,47.學校的資訊科技課程教學內容包含：【可複選】-(2)基本電腦操作技能：教授學生如何使用作業系統（如Windows或macOS）、文書處理軟體（如Word）、表格軟體（如Excel）和簡報軟體（如PowerPoint）,有,1.0
290,47_1,47.學校的資訊科技課程教學內容包含：【可複選】-(2)基本電腦操作技能：教授學生如何使用作業系統（如Windows或macOS）、文書處理軟體（如Word）、表格軟體（如Excel）和簡報軟體（如PowerPoint）,沒有,0.0
291,47_2,47.學校的資訊科技課程教學內容包含：【可複選】-(3)程式設計與邏輯：學習使用網際網路，包括瀏覽器的使用、資訊搜尋技巧、以及網路安全和隱私保護的基本知識,有,1.0
291,47_2,47.學校的資訊科技課程教學內容包含：【可複選】-(3)程式設計與邏輯：學習使用網際網路，包括瀏覽器的使用、資訊搜尋技巧、以及網路安全和隱私保護的基本知識,沒有,0.0
292,47_3,47.學校的資訊科技課程教學內容包含：【可複選】-(4)多媒體應用：學習如何使用各種多媒體工具，比如圖像編輯、影音編輯軟體,有,1.0
292,47_3,47.學校的資訊科技課程教學內容包含：【可複選】-(4)多媒體應用：學習如何使用各種多媒體工具，比如圖像編輯、影音編輯軟體,沒有,0.0
293,47_4,47.學校的資訊科技課程教學內容包含：【可複選】-(5)資訊倫理與數位公民素養：討論網路禮儀、數位版權、網路霸凌以及在線上為的影響,有,1.0
293,47_4,47.學校的資訊科技課程教學內容包含：【可複選】-(5)資訊倫理與數位公民素養：討論網路禮儀、數位版權、網路霸凌以及在線上為的影響,沒有,0.0
294,47_5,47.學校的資訊科技課程教學內容包含：【可複選】-(6)基礎數據資料處理與分析：介紹如何收集、整理和簡單分析數據資料，可能使用表格軟體或其他基本工具,有,1.0
294,47_5,47.學校的資訊科技課程教學內容包含：【可複選】-(6)基礎數據資料處理與分析：介紹如何收集、整理和簡單分析數據資料，可能使用表格軟體或其他基本工具,沒有,0.0
295,47_6,47.學校的資訊科技課程教學內容包含：【可複選】-(7)探索性資訊科技項目：鼓勵學生進行小型項目，應用所學知識解決實際問題或進行創意創作。,有,1.0
295,47_6,47.學校的資訊科技課程教學內容包含：【可複選】-(7)探索性資訊科技項目：鼓勵學生進行小型項目，應用所學知識解決實際問題或進行創意創作。,沒有,0.0
296,47_7,47.學校的資訊科技課程教學內容包含：【可複選】-(8)以上均無,有,1.0
296,47_7,47.學校的資訊科技課程教學內容包含：【可複選】-(8)以上均無,沒有,0.0
297,48,48.學校的科技領域課程對我的數位知識與能力有幫助,不太同意,2.0
297,48,48.學校的科技領域課程對我的數位知識與能力有幫助,很不同意,1.0
297,48,48.學校的科技領域課程對我的數位知識與能力有幫助,很同意,4.0
297,48,48.學校的科技領域課程對我的數位知識與能力有幫助,還算同意,3.0
298,49,49.整體來說，你對自己的生活感到滿意嗎？,不太滿意,2.0
298,49,49.整體來說，你對自己的生活感到滿意嗎？,很不滿意,1.0
298,49,49.整體來說，你對自己的生活感到滿意嗎？,很滿意,4.0
298,49,49.整體來說，你對自己的生活感到滿意嗎？,還算滿意,3.0
299,50,50.整體來說，你覺得最近的日子過得快樂嗎？,不太快樂,2.0
299,50,50.整體來說，你覺得最近的日子過得快樂嗎？,很不快樂,1.0
299,50,50.整體來說，你覺得最近的日子過得快樂嗎？,很快樂,4.0
299,50,50.整體來說，你覺得最近的日子過得快樂嗎？,還算快樂,3.0
300,51,51.整體而言，你覺得自己目前的健康狀況如何？,不太健康,2.0
300,51,51.整體而言，你覺得自己目前的健康狀況如何？,很不健康,1.0
300,51,51.整體而言，你覺得自己目前的健康狀況如何？,很健康,4.0
300,51,51.整體而言，你覺得自己目前的健康狀況如何？,還算健康,3.0
301,52-1,52.下列是有關你對自己的描述，你同不同意？ - 52-1.我是個有價值（有用）的人。,不太同意,2.0
301,52-1,52.下列是有關你對自己的描述，你同不同意？ - 52-1.我是個有價值（有用）的人。,很不同意,1.0
301,52-1,52.下列是有關你對自己的描述，你同不同意？ - 52-1.我是個有價值（有用）的人。,很同意,4.0
301,52-1,52.下列是有關你對自己的描述，你同不同意？ - 52-1.我是個有價值（有用）的人。,還算同意,3.0
302,52-2,52.下列是有關你對自己的描述，你同不同意？ - 52-2.我用積極樂觀的態度看待我自己。,不太同意,2.0
302,52-2,52.下列是有關你對自己的描述，你同不同意？ - 52-2.我用積極樂觀的態度看待我自己。,很不同意,1.0
302,52-2,52.下列是有關你對自己的描述，你同不同意？ - 52-2.我用積極樂觀的態度看待我自己。,很同意,4.0
302,52-2,52.下列是有關你對自己的描述，你同不同意？ - 52-2.我用積極樂觀的態度看待我自己。,還算同意,3.0
303,52-3,52.下列是有關你對自己的描述，你同不同意？ - 52-3.我很滿意我自己。,不太同意,2.0
303,52-3,52.下列是有關你對自己的描述，你同不同意？ - 52-3.我很滿意我自己。,很不同意,1.0
303,52-3,52.下列是有關你對自己的描述，你同不同意？ - 52-3.我很滿意我自己。,很同意,4.0
303,52-3,52.下列是有關你對自己的描述，你同不同意？ - 52-3.我很滿意我自己。,還算同意,3.0
304,53-1,53.你有多同意下列的敘述？ - 53-1.當我緊張的時候，我可以感覺到身體的變化，如心跳加快。,不太同意,2.0
304,53-1,53.你有多同意下列的敘述？ - 53-1.當我緊張的時候，我可以感覺到身體的變化，如心跳加快。,很不同意,1.0
304,53-1,53.你有多同意下列的敘述？ - 53-1.當我緊張的時候，我可以感覺到身體的變化，如心跳加快。,很同意,4.0
304,53-1,53.你有多同意下列的敘述？ - 53-1.當我緊張的時候，我可以感覺到身體的變化，如心跳加快。,還算同意,3.0
305,53-2,53.你有多同意下列的敘述？ - 53-2.當我的情緒讓我無法專注的時候，我會感覺到。,不太同意,2.0
305,53-2,53.你有多同意下列的敘述？ - 53-2.當我的情緒讓我無法專注的時候，我會感覺到。,很不同意,1.0
305,53-2,53.你有多同意下列的敘述？ - 53-2.當我的情緒讓我無法專注的時候，我會感覺到。,很同意,4.0
305,53-2,53.你有多同意下列的敘述？ - 53-2.當我的情緒讓我無法專注的時候，我會感覺到。,還算同意,3.0
306,53-3,53.你有多同意下列的敘述？ - 53-3.我可以感受到自己的情緒。,不太同意,2.0
306,53-3,53.你有多同意下列的敘述？ - 53-3.我可以感受到自己的情緒。,很不同意,1.0
306,53-3,53.你有多同意下列的敘述？ - 53-3.我可以感受到自己的情緒。,很同意,4.0
306,53-3,53.你有多同意下列的敘述？ - 53-3.我可以感受到自己的情緒。,還算同意,3.0
307,53-4,53.你有多同意下列的敘述？ - 53-4.當我難過的時候，我知道如何讓自己感覺好一點。,不太同意,2.0
307,53-4,53.你有多同意下列的敘述？ - 53-4.當我難過的時候，我知道如何讓自己感覺好一點。,很不同意,1.0
307,53-4,53.你有多同意下列的敘述？ - 53-4.當我難過的時候，我知道如何讓自己感覺好一點。,很同意,4.0
307,53-4,53.你有多同意下列的敘述？ - 53-4.當我難過的時候，我知道如何讓自己感覺好一點。,還算同意,3.0
308,53-5,53.你有多同意下列的敘述？ - 53-5.我知道如何讓自己平靜下來。,不太同意,2.0
308,53-5,53.你有多同意下列的敘述？ - 53-5.我知道如何讓自己平靜下來。,很不同意,1.0
308,53-5,53.你有多同意下列的敘述？ - 53-5.我知道如何讓自己平靜下來。,很同意,4.0
308,53-5,53.你有多同意下列的敘述？ - 53-5.我知道如何讓自己平靜下來。,還算同意,3.0
309,53-6,53.你有多同意下列的敘述？ - 53-6.當我感到沮喪時，我會調整自己以度過低潮。,不太同意,2.0
309,53-6,53.你有多同意下列的敘述？ - 53-6.當我感到沮喪時，我會調整自己以度過低潮。,很不同意,1.0
309,53-6,53.你有多同意下列的敘述？ - 53-6.當我感到沮喪時，我會調整自己以度過低潮。,很同意,4.0
309,53-6,53.你有多同意下列的敘述？ - 53-6.當我感到沮喪時，我會調整自己以度過低潮。,還算同意,3.0
310,53-7,53.你有多同意下列的敘述？ - 53-7.我會為自己設定目標。,不太同意,2.0
310,53-7,53.你有多同意下列的敘述？ - 53-7.我會為自己設定目標。,很不同意,1.0
310,53-7,53.你有多同意下列的敘述？ - 53-7.我會為自己設定目標。,很同意,4.0
310,53-7,53.你有多同意下列的敘述？ - 53-7.我會為自己設定目標。,還算同意,3.0
311,53-8,53.你有多同意下列的敘述？ - 53-8.我會達成自己所設定的目標。,不太同意,2.0
311,53-8,53.你有多同意下列的敘述？ - 53-8.我會達成自己所設定的目標。,很不同意,1.0
311,53-8,53.你有多同意下列的敘述？ - 53-8.我會達成自己所設定的目標。,很同意,4.0
311,53-8,53.你有多同意下列的敘述？ - 53-8.我會達成自己所設定的目標。,還算同意,3.0
312,53-9,53.你有多同意下列的敘述？ - 53-9.我會思考達到目標所需要採取的步驟。,不太同意,2.0
312,53-9,53.你有多同意下列的敘述？ - 53-9.我會思考達到目標所需要採取的步驟。,很不同意,1.0
312,53-9,53.你有多同意下列的敘述？ - 53-9.我會思考達到目標所需要採取的步驟。,很同意,4.0
312,53-9,53.你有多同意下列的敘述？ - 53-9.我會思考達到目標所需要採取的步驟。,還算同意,3.0
313,53-10,53.你有多同意下列的敘述？ - 53-10.我會跟同學好好的相處。,不太同意,2.0
313,53-10,53.你有多同意下列的敘述？ - 53-10.我會跟同學好好的相處。,很不同意,1.0
313,53-10,53.你有多同意下列的敘述？ - 53-10.我會跟同學好好的相處。,很同意,4.0
313,53-10,53.你有多同意下列的敘述？ - 53-10.我會跟同學好好的相處。,還算同意,3.0
314,53-11,53.你有多同意下列的敘述？ - 53-11.我會跟別人分享自己的感受或想法。,不太同意,2.0
314,53-11,53.你有多同意下列的敘述？ - 53-11.我會跟別人分享自己的感受或想法。,很不同意,1.0
314,53-11,53.你有多同意下列的敘述？ - 53-11.我會跟別人分享自己的感受或想法。,很同意,4.0
314,53-11,53.你有多同意下列的敘述？ - 53-11.我會跟別人分享自己的感受或想法。,還算同意,3.0
315,53-12,53.你有多同意下列的敘述？ - 53-12.在學校有困難或問題時，我會找老師或認識的大人聊聊。,不太同意,2.0
315,53-12,53.你有多同意下列的敘述？ - 53-12.在學校有困難或問題時，我會找老師或認識的大人聊聊。,很不同意,1.0
315,53-12,53.你有多同意下列的敘述？ - 53-12.在學校有困難或問題時，我會找老師或認識的大人聊聊。,很同意,4.0
315,53-12,53.你有多同意下列的敘述？ - 53-12.在學校有困難或問題時，我會找老師或認識的大人聊聊。,還算同意,3.0
316,53-13,53.你有多同意下列的敘述？ - 53-13.我會接納那些我不熟悉的人。,不太同意,2.0
316,53-13,53.你有多同意下列的敘述？ - 53-13.我會接納那些我不熟悉的人。,很不同意,1.0
316,53-13,53.你有多同意下列的敘述？ - 53-13.我會接納那些我不熟悉的人。,很同意,4.0
316,53-13,53.你有多同意下列的敘述？ - 53-13.我會接納那些我不熟悉的人。,還算同意,3.0
317,53-14,53.你有多同意下列的敘述？ - 53-14.我從別人的臉部表情知道他們當時可能的感受。,不太同意,2.0
317,53-14,53.你有多同意下列的敘述？ - 53-14.我從別人的臉部表情知道他們當時可能的感受。,很不同意,1.0
317,53-14,53.你有多同意下列的敘述？ - 53-14.我從別人的臉部表情知道他們當時可能的感受。,很同意,4.0
317,53-14,53.你有多同意下列的敘述？ - 53-14.我從別人的臉部表情知道他們當時可能的感受。,還算同意,3.0
318,53-15,53.你有多同意下列的敘述？ - 53-15.我知道別人何時需要幫助。,不太同意,2.0
318,53-15,53.你有多同意下列的敘述？ - 53-15.我知道別人何時需要幫助。,很不同意,1.0
318,53-15,53.你有多同意下列的敘述？ - 53-15.我知道別人何時需要幫助。,很同意,4.0
318,53-15,53.你有多同意下列的敘述？ - 53-15.我知道別人何時需要幫助。,還算同意,3.0
319,53-16,53.你有多同意下列的敘述？ - 53-16.當我跟同學相處有問題時，我知道如何尋求協助。,不太同意,2.0
319,53-16,53.你有多同意下列的敘述？ - 53-16.當我跟同學相處有問題時，我知道如何尋求協助。,很不同意,1.0
319,53-16,53.你有多同意下列的敘述？ - 53-16.當我跟同學相處有問題時，我知道如何尋求協助。,很同意,4.0
319,53-16,53.你有多同意下列的敘述？ - 53-16.當我跟同學相處有問題時，我知道如何尋求協助。,還算同意,3.0
320,53-17,53.你有多同意下列的敘述？ - 53-17.在做決定前，我預先思考之後可能發生的情況。,不太同意,2.0
320,53-17,53.你有多同意下列的敘述？ - 53-17.在做決定前，我預先思考之後可能發生的情況。,很不同意,1.0
320,53-17,53.你有多同意下列的敘述？ - 53-17.在做決定前，我預先思考之後可能發生的情況。,很同意,4.0
320,53-17,53.你有多同意下列的敘述？ - 53-17.在做決定前，我預先思考之後可能發生的情況。,還算同意,3.0
321,53-18,53.你有多同意下列的敘述？ - 53-18.我知道哪些事情是對的、哪些事情是不對的。,不太同意,2.0
321,53-18,53.你有多同意下列的敘述？ - 53-18.我知道哪些事情是對的、哪些事情是不對的。,很不同意,1.0
321,53-18,53.你有多同意下列的敘述？ - 53-18.我知道哪些事情是對的、哪些事情是不對的。,很同意,4.0
321,53-18,53.你有多同意下列的敘述？ - 53-18.我知道哪些事情是對的、哪些事情是不對的。,還算同意,3.0
322,53-19,53.你有多同意下列的敘述？ - 53-19.我會去想不同的方法來解決問題。,不太同意,2.0
322,53-19,53.你有多同意下列的敘述？ - 53-19.我會去想不同的方法來解決問題。,很不同意,1.0
322,53-19,53.你有多同意下列的敘述？ - 53-19.我會去想不同的方法來解決問題。,很同意,4.0
322,53-19,53.你有多同意下列的敘述？ - 53-19.我會去想不同的方法來解決問題。,還算同意,3.0
323,53-20,53.你有多同意下列的敘述？ - 53-20.當朋友或同學要違反規定時，我會告訴他們這是不對的。,不太同意,2.0
323,53-20,53.你有多同意下列的敘述？ - 53-20.當朋友或同學要違反規定時，我會告訴他們這是不對的。,很不同意,1.0
323,53-20,53.你有多同意下列的敘述？ - 53-20.當朋友或同學要違反規定時，我會告訴他們這是不對的。,很同意,4.0
323,53-20,53.你有多同意下列的敘述？ - 53-20.當朋友或同學要違反規定時，我會告訴他們這是不對的。,還算同意,3.0
324,54-1,54.請勾選在過去1到2週你感受到下列選項之頻率。 - 54-1.我的胃口不好,完全沒有或少於一天,1.0
324,54-1,54.請勾選在過去1到2週你感受到下列選項之頻率。 - 54-1.我的胃口不好,最近1週一到兩天,2.0
324,54-1,54.請勾選在過去1到2週你感受到下列選項之頻率。 - 54-1.我的胃口不好,最近1週三到四天,3.0
324,54-1,54.請勾選在過去1到2週你感受到下列選項之頻率。 - 54-1.我的胃口不好,最近1週五到七天,4.0
324,54-1,54.請勾選在過去1到2週你感受到下列選項之頻率。 - 54-1.我的胃口不好,最近兩週幾乎天天,5.0
325,54-2,54.請勾選在過去1到2週你感受到下列選項之頻率。 - 54-2.我的睡眠情況不好,完全沒有或少於一天,1.0
325,54-2,54.請勾選在過去1到2週你感受到下列選項之頻率。 - 54-2.我的睡眠情況不好,最近1週一到兩天,2.0
325,54-2,54.請勾選在過去1到2週你感受到下列選項之頻率。 - 54-2.我的睡眠情況不好,最近1週三到四天,3.0
325,54-2,54.請勾選在過去1到2週你感受到下列選項之頻率。 - 54-2.我的睡眠情況不好,最近1週五到七天,4.0
325,54-2,54.請勾選在過去1到2週你感受到下列選項之頻率。 - 54-2.我的睡眠情況不好,最近兩週幾乎天天,5.0
326,54-3,54.請勾選在過去1到2週你感受到下列選項之頻率。 - 54-3.我覺得悲傷,完全沒有或少於一天,1.0
326,54-3,54.請勾選在過去1到2週你感受到下列選項之頻率。 - 54-3.我覺得悲傷,最近1週一到兩天,2.0
326,54-3,54.請勾選在過去1到2週你感受到下列選項之頻率。 - 54-3.我覺得悲傷,最近1週三到四天,3.0
326,54-3,54.請勾選在過去1到2週你感受到下列選項之頻率。 - 54-3.我覺得悲傷,最近1週五到七天,4.0
326,54-3,54.請勾選在過去1到2週你感受到下列選項之頻率。 - 54-3.我覺得悲傷,最近兩週幾乎天天,5.0
327,54-4,54.請勾選在過去1到2週你感受到下列選項之頻率。 - 54-4.我覺得自己是一個壞人,完全沒有或少於一天,1.0
327,54-4,54.請勾選在過去1到2週你感受到下列選項之頻率。 - 54-4.我覺得自己是一個壞人,最近1週一到兩天,2.0
327,54-4,54.請勾選在過去1到2週你感受到下列選項之頻率。 - 54-4.我覺得自己是一個壞人,最近1週三到四天,3.0
327,54-4,54.請勾選在過去1到2週你感受到下列選項之頻率。 - 54-4.我覺得自己是一個壞人,最近1週五到七天,4.0
327,54-4,54.請勾選在過去1到2週你感受到下列選項之頻率。 - 54-4.我覺得自己是一個壞人,最近兩週幾乎天天,5.0
328,54-5,54.請勾選在過去1到2週你感受到下列選項之頻率。 - 54-5.我想傷害自己,完全沒有或少於一天,1.0
328,54-5,54.請勾選在過去1到2週你感受到下列選項之頻率。 - 54-5.我想傷害自己,最近1週一到兩天,2.0
328,54-5,54.請勾選在過去1到2週你感受到下列選項之頻率。 - 54-5.我想傷害自己,最近1週三到四天,3.0
328,54-5,54.請勾選在過去1到2週你感受到下列選項之頻率。 - 54-5.我想傷害自己,最近1週五到七天,4.0
328,54-5,54.請勾選在過去1到2週你感受到下列選項之頻率。 - 54-5.我想傷害自己,最近兩週幾乎天天,5.0
329,54-6,54.請勾選在過去1到2週你感受到下列選項之頻率。 - 54-6.我對平時有興趣做的事情都失去興趣,完全沒有或少於一天,1.0
329,54-6,54.請勾選在過去1到2週你感受到下列選項之頻率。 - 54-6.我對平時有興趣做的事情都失去興趣,最近1週一到兩天,2.0
329,54-6,54.請勾選在過去1到2週你感受到下列選項之頻率。 - 54-6.我對平時有興趣做的事情都失去興趣,最近1週三到四天,3.0
329,54-6,54.請勾選在過去1到2週你感受到下列選項之頻率。 - 54-6.我對平時有興趣做的事情都失去興趣,最近1週五到七天,4.0
329,54-6,54.請勾選在過去1到2週你感受到下列選項之頻率。 - 54-6.我對平時有興趣做的事情都失去興趣,最近兩週幾乎天天,5.0
330,54-7,54.請勾選在過去1到2週你感受到下列選項之頻率。 - 54-7.我覺得自己的行動太緩慢,完全沒有或少於一天,1.0
330,54-7,54.請勾選在過去1到2週你感受到下列選項之頻率。 - 54-7.我覺得自己的行動太緩慢,最近1週一到兩天,2.0
330,54-7,54.請勾選在過去1到2週你感受到下列選項之頻率。 - 54-7.我覺得自己的行動太緩慢,最近1週三到四天,3.0
330,54-7,54.請勾選在過去1到2週你感受到下列選項之頻率。 - 54-7.我覺得自己的行動太緩慢,最近1週五到七天,4.0
330,54-7,54.請勾選在過去1到2週你感受到下列選項之頻率。 - 54-7.我覺得自己的行動太緩慢,最近兩週幾乎天天,5.0
331,54-8,54.請勾選在過去1到2週你感受到下列選項之頻率。 - 54-8.我總是感到疲憊,完全沒有或少於一天,1.0
331,54-8,54.請勾選在過去1到2週你感受到下列選項之頻率。 - 54-8.我總是感到疲憊,最近1週一到兩天,2.0
331,54-8,54.請勾選在過去1到2週你感受到下列選項之頻率。 - 54-8.我總是感到疲憊,最近1週三到四天,3.0
331,54-8,54.請勾選在過去1到2週你感受到下列選項之頻率。 - 54-8.我總是感到疲憊,最近1週五到七天,4.0
331,54-8,54.請勾選在過去1到2週你感受到下列選項之頻率。 - 54-8.我總是感到疲憊,最近兩週幾乎天天,5.0
332,54-9,54.請勾選在過去1到2週你感受到下列選項之頻率。 - 54-9.我寧願自己已經死亡,完全沒有或少於一天,1.0
332,54-9,54.請勾選在過去1到2週你感受到下列選項之頻率。 - 54-9.我寧願自己已經死亡,最近1週一到兩天,2.0
332,54-9,54.請勾選在過去1到2週你感受到下列選項之頻率。 - 54-9.我寧願自己已經死亡,最近1週三到四天,3.0
332,54-9,54.請勾選在過去1到2週你感受到下列選項之頻率。 - 54-9.我寧願自己已經死亡,最近1週五到七天,4.0
332,54-9,54.請勾選在過去1到2週你感受到下列選項之頻率。 - 54-9.我寧願自己已經死亡,最近兩週幾乎天天,5.0
333,54-10,54.請勾選在過去1到2週你感受到下列選項之頻率。 - 54-10.我無法集中精神做一些重要的事情,完全沒有或少於一天,1.0
333,54-10,54.請勾選在過去1到2週你感受到下列選項之頻率。 - 54-10.我無法集中精神做一些重要的事情,最近1週一到兩天,2.0
333,54-10,54.請勾選在過去1到2週你感受到下列選項之頻率。 - 54-10.我無法集中精神做一些重要的事情,最近1週三到四天,3.0
333,54-10,54.請勾選在過去1到2週你感受到下列選項之頻率。 - 54-10.我無法集中精神做一些重要的事情,最近1週五到七天,4.0
333,54-10,54.請勾選在過去1到2週你感受到下列選項之頻率。 - 54-10.我無法集中精神做一些重要的事情,最近兩週幾乎天天,5.0
334,54-11,54.請勾選在過去1到2週你感受到下列選項之頻率。 - 54-11.我覺得坐立不安,完全沒有或少於一天,1.0
334,54-11,54.請勾選在過去1到2週你感受到下列選項之頻率。 - 54-11.我覺得坐立不安,最近1週一到兩天,2.0
334,54-11,54.請勾選在過去1到2週你感受到下列選項之頻率。 - 54-11.我覺得坐立不安,最近1週三到四天,3.0
334,54-11,54.請勾選在過去1到2週你感受到下列選項之頻率。 - 54-11.我覺得坐立不安,最近1週五到七天,4.0
334,54-11,54.請勾選在過去1到2週你感受到下列選項之頻率。 - 54-11.我覺得坐立不安,最近兩週幾乎天天,5.0
335,54-12,54.請勾選在過去1到2週你感受到下列選項之頻率。 - 54-12.我覺得很寂寞(孤單、沒伴),完全沒有或少於一天,1.0
335,54-12,54.請勾選在過去1到2週你感受到下列選項之頻率。 - 54-12.我覺得很寂寞(孤單、沒伴),最近1週一到兩天,2.0
335,54-12,54.請勾選在過去1到2週你感受到下列選項之頻率。 - 54-12.我覺得很寂寞(孤單、沒伴),最近1週三到四天,3.0
335,54-12,54.請勾選在過去1到2週你感受到下列選項之頻率。 - 54-12.我覺得很寂寞(孤單、沒伴),最近1週五到七天,4.0
335,54-12,54.請勾選在過去1到2週你感受到下列選項之頻率。 - 54-12.我覺得很寂寞(孤單、沒伴),最近兩週幾乎天天,5.0
336,54-13,54.請勾選在過去1到2週你感受到下列選項之頻率。 - 54-13.我感到緊張焦慮,完全沒有或少於一天,1.0
336,54-13,54.請勾選在過去1到2週你感受到下列選項之頻率。 - 54-13.我感到緊張焦慮,最近1週一到兩天,2.0
336,54-13,54.請勾選在過去1到2週你感受到下列選項之頻率。 - 54-13.我感到緊張焦慮,最近1週三到四天,3.0
336,54-13,54.請勾選在過去1到2週你感受到下列選項之頻率。 - 54-13.我感到緊張焦慮,最近1週五到七天,4.0
336,54-13,54.請勾選在過去1到2週你感受到下列選項之頻率。 - 54-13.我感到緊張焦慮,最近兩週幾乎天天,5.0
337,54-14,54.請勾選在過去1到2週你感受到下列選項之頻率。 - 54-14.我不能停止或是無法控制擔心,完全沒有或少於一天,1.0
337,54-14,54.請勾選在過去1到2週你感受到下列選項之頻率。 - 54-14.我不能停止或是無法控制擔心,最近1週一到兩天,2.0
337,54-14,54.請勾選在過去1到2週你感受到下列選項之頻率。 - 54-14.我不能停止或是無法控制擔心,最近1週三到四天,3.0
337,54-14,54.請勾選在過去1到2週你感受到下列選項之頻率。 - 54-14.我不能停止或是無法控制擔心,最近1週五到七天,4.0
337,54-14,54.請勾選在過去1到2週你感受到下列選項之頻率。 - 54-14.我不能停止或是無法控制擔心,最近兩週幾乎天天,5.0
338,55-1,55.請問過去兩週中，你對以下敘述的感受程度？ - 55-1.我感到情緒開朗且精神不錯。,一半以上的時間,4.0
338,55-1,55.請問過去兩週中，你對以下敘述的感受程度？ - 55-1.我感到情緒開朗且精神不錯。,大部分的時間,5.0
338,55-1,55.請問過去兩週中，你對以下敘述的感受程度？ - 55-1.我感到情緒開朗且精神不錯。,少於一半的時間,3.0
338,55-1,55.請問過去兩週中，你對以下敘述的感受程度？ - 55-1.我感到情緒開朗且精神不錯。,從來沒有,1.0
338,55-1,55.請問過去兩週中，你對以下敘述的感受程度？ - 55-1.我感到情緒開朗且精神不錯。,有時候,2.0
339,55-2,55.請問過去兩週中，你對以下敘述的感受程度？ - 55-2.我感到心情平靜和放鬆。,一半以上的時間,4.0
339,55-2,55.請問過去兩週中，你對以下敘述的感受程度？ - 55-2.我感到心情平靜和放鬆。,大部分的時間,5.0
339,55-2,55.請問過去兩週中，你對以下敘述的感受程度？ - 55-2.我感到心情平靜和放鬆。,少於一半的時間,3.0
339,55-2,55.請問過去兩週中，你對以下敘述的感受程度？ - 55-2.我感到心情平靜和放鬆。,從來沒有,1.0
339,55-2,55.請問過去兩週中，你對以下敘述的感受程度？ - 55-2.我感到心情平靜和放鬆。,有時候,2.0
340,55-3,55.請問過去兩週中，你對以下敘述的感受程度？ - 55-3.我感到有活力且精力充沛。,一半以上的時間,4.0
340,55-3,55.請問過去兩週中，你對以下敘述的感受程度？ - 55-3.我感到有活力且精力充沛。,大部分的時間,5.0
340,55-3,55.請問過去兩週中，你對以下敘述的感受程度？ - 55-3.我感到有活力且精力充沛。,少於一半的時間,3.0
340,55-3,55.請問過去兩週中，你對以下敘述的感受程度？ - 55-3.我感到有活力且精力充沛。,從來沒有,1.0
340,55-3,55.請問過去兩週中，你對以下敘述的感受程度？ - 55-3.我感到有活力且精力充沛。,有時候,2.0
341,55-4,55.請問過去兩週中，你對以下敘述的感受程度？ - 55-4.我醒來感到神清氣爽並有充分休息。,一半以上的時間,4.0
341,55-4,55.請問過去兩週中，你對以下敘述的感受程度？ - 55-4.我醒來感到神清氣爽並有充分休息。,大部分的時間,5.0
341,55-4,55.請問過去兩週中，你對以下敘述的感受程度？ - 55-4.我醒來感到神清氣爽並有充分休息。,少於一半的時間,3.0
341,55-4,55.請問過去兩週中，你對以下敘述的感受程度？ - 55-4.我醒來感到神清氣爽並有充分休息。,從來沒有,1.0
341,55-4,55.請問過去兩週中，你對以下敘述的感受程度？ - 55-4.我醒來感到神清氣爽並有充分休息。,有時候,2.0
342,55-5,55.請問過去兩週中，你對以下敘述的感受程度？ - 55-5.我的日常生活中充滿讓我感興趣的事物。,一半以上的時間,4.0
342,55-5,55.請問過去兩週中，你對以下敘述的感受程度？ - 55-5.我的日常生活中充滿讓我感興趣的事物。,大部分的時間,5.0
342,55-5,55.請問過去兩週中，你對以下敘述的感受程度？ - 55-5.我的日常生活中充滿讓我感興趣的事物。,少於一半的時間,3.0
342,55-5,55.請問過去兩週中，你對以下敘述的感受程度？ - 55-5.我的日常生活中充滿讓我感興趣的事物。,從來沒有,1.0
342,55-5,55.請問過去兩週中，你對以下敘述的感受程度？ - 55-5.我的日常生活中充滿讓我感興趣的事物。,有時候,2.0
343,上午_______點,上午_______點,1,1
343,上午_______點,上午_______點,10,10
343,上午_______點,上午_______點,11,11
343,上午_______點,上午_______點,12,12
343,上午_______點,上午_______點,2,2
343,上午_______點,上午_______點,3,3
343,上午_______點,上午_______點,4,4
343,上午_______點,上午_______點,5,5
343,上午_______點,上午_______點,6,6
343,上午_______點,上午_______點,7,7
343,上午_______點,上午_______點,8,8
343,上午_______點,上午_______點,9,9
344,_______分,_______分,0,0
344,_______分,_______分,10,10
344,_______分,_______分,20,20
344,_______分,_______分,30,30
344,_______分,_______分,40,40
344,_______分,_______分,50,50
345,下午_______點,下午_______點,1,1
345,下午_______點,下午_______點,10,10
345,下午_______點,下午_______點,11,11
345,下午_______點,下午_______點,12,12
345,下午_______點,下午_______點,2,2
345,下午_______點,下午_______點,3,3
345,下午_______點,下午_______點,4,4
345,下午_______點,下午_______點,5,5
345,下午_______點,下午_______點,6,6
345,下午_______點,下午_______點,7,7
345,下午_______點,下午_______點,8,8
345,下午_______點,下午_______點,9,9
346,_______分.1,_______分.1,0,0
346,_______分.1,_______分.1,10,10
346,_______分.1,_______分.1,20,20
346,_______分.1,_______分.1,30,30
346,_______分.1,_______分.1,40,40
346,_______分.1,_______分.1,50,50
347,58-1,58-1.過去一個月來，在需要上課的日子，你通常幾點上床睡覺？,上午,
347,58-1,58-1.過去一個月來，在需要上課的日子，你通常幾點上床睡覺？,下午,
348,_______點_______分,_______點_______分,1,1
348,_______點_______分,_______點_______分,10,10
348,_______點_______分,_______點_______分,11,11
348,_______點_______分,_______點_______分,12,12
348,_______點_______分,_______點_______分,2,2
348,_______點_______分,_______點_______分,3,3
348,_______點_______分,_______點_______分,4,4
348,_______點_______分,_______點_______分,5,5
348,_______點_______分,_______點_______分,6,6
348,_______點_______分,_______點_______分,7,7
348,_______點_______分,_______點_______分,8,8
348,_______點_______分,_______點_______分,9,9
349,_______分.2,_______分.2,0,0
349,_______分.2,_______分.2,10,10
349,_______分.2,_______分.2,20,20
349,_______分.2,_______分.2,30,30
349,_______分.2,_______分.2,40,40
349,_______分.2,_______分.2,50,50
350,58-2,58-2.過去一個月來，在需要上課的日子，你通常幾點起床？,上午,
350,58-2,58-2.過去一個月來，在需要上課的日子，你通常幾點起床？,下午,
351,_______點_______分.1,_______點_______分.1,1,1
351,_______點_______分.1,_______點_______分.1,10,10
351,_______點_______分.1,_______點_______分.1,11,11
351,_______點_______分.1,_______點_______分.1,12,12
351,_______點_______分.1,_______點_______分.1,2,2
351,_______點_______分.1,_______點_______分.1,3,3
351,_______點_______分.1,_______點_______分.1,4,4
351,_______點_______分.1,_______點_______分.1,5,5
351,_______點_______分.1,_______點_______分.1,6,6
351,_______點_______分.1,_______點_______分.1,7,7
351,_______點_______分.1,_______點_______分.1,8,8
351,_______點_______分.1,_______點_______分.1,9,9
352,_______分.3,_______分.3,0,0
352,_______分.3,_______分.3,10,10
352,_______分.3,_______分.3,20,20
352,_______分.3,_______分.3,30,30
352,_______分.3,_______分.3,40,40
352,_______分.3,_______分.3,50,50
353,58-3,58-3.過去一個月來，在放假前一天或不需要上課的日子， 你通常幾點上床睡覺？,上午,
353,58-3,58-3.過去一個月來，在放假前一天或不需要上課的日子， 你通常幾點上床睡覺？,下午,
354,_______點_______分.2,_______點_______分.2,1,1
354,_______點_______分.2,_______點_______分.2,10,10
354,_______點_______分.2,_______點_______分.2,11,11
354,_______點_______分.2,_______點_______分.2,12,12
354,_______點_______分.2,_______點_______分.2,2,2
354,_______點_______分.2,_______點_______分.2,3,3
354,_______點_______分.2,_______點_______分.2,4,4
354,_______點_______分.2,_______點_______分.2,5,5
354,_______點_______分.2,_______點_______分.2,6,6
354,_______點_______分.2,_______點_______分.2,7,7
354,_______點_______分.2,_______點_______分.2,8,8
354,_______點_______分.2,_______點_______分.2,9,9
355,_______分.4,_______分.4,0,0
355,_______分.4,_______分.4,10,10
355,_______分.4,_______分.4,20,20
355,_______分.4,_______分.4,30,30
355,_______分.4,_______分.4,40,40
355,_______分.4,_______分.4,50,50
356,58-4,58-4.過去一個月來，在不需要上課的日子，你通常幾點起床？,上午,
356,58-4,58-4.過去一個月來，在不需要上課的日子，你通常幾點起床？,下午,
357,_______點_______分.3,_______點_______分.3,1,1
357,_______點_______分.3,_______點_______分.3,10,10
357,_______點_______分.3,_______點_______分.3,11,11
357,_______點_______分.3,_______點_______分.3,12,12
357,_______點_______分.3,_______點_______分.3,2,2
357,_______點_______分.3,_______點_______分.3,3,3
357,_______點_______分.3,_______點_______分.3,4,4
357,_______點_______分.3,_______點_______分.3,5,5
357,_______點_______分.3,_______點_______分.3,6,6
357,_______點_______分.3,_______點_______分.3,7,7
357,_______點_______分.3,_______點_______分.3,8,8
357,_______點_______分.3,_______點_______分.3,9,9
358,_______分.5,_______分.5,0,0
358,_______分.5,_______分.5,10,10
358,_______分.5,_______分.5,20,20
358,_______分.5,_______分.5,30,30
358,_______分.5,_______分.5,40,40
358,_______分.5,_______分.5,50,50
359,58-5,58-5.過去一個月來，你整體的睡眠品質好不好？,不太好,2.0
359,58-5,58-5.過去一個月來，你整體的睡眠品質好不好？,還算,3.0
359,58-5,58-5.過去一個月來，你整體的睡眠品質好不好？,非常不好,1.0
359,58-5,58-5.過去一個月來，你整體的睡眠品質好不好？,非常好,4.0
360,59,59. 我們的社會中，有一群人比較接近上層，有一群人比較接近下層。下面有一個由上到下的圖表，請問你認為自己的家庭最接近這個圖表裡面的哪一層？,1,1
360,59,59. 我們的社會中，有一群人比較接近上層，有一群人比較接近下層。下面有一個由上到下的圖表，請問你認為自己的家庭最接近這個圖表裡面的哪一層？,10,10
360,59,59. 我們的社會中，有一群人比較接近上層，有一群人比較接近下層。下面有一個由上到下的圖表，請問你認為自己的家庭最接近這個圖表裡面的哪一層？,2,2
360,59,59. 我們的社會中，有一群人比較接近上層，有一群人比較接近下層。下面有一個由上到下的圖表，請問你認為自己的家庭最接近這個圖表裡面的哪一層？,3,3
360,59,59. 我們的社會中，有一群人比較接近上層，有一群人比較接近下層。下面有一個由上到下的圖表，請問你認為自己的家庭最接近這個圖表裡面的哪一層？,4,4
360,59,59. 我們的社會中，有一群人比較接近上層，有一群人比較接近下層。下面有一個由上到下的圖表，請問你認為自己的家庭最接近這個圖表裡面的哪一層？,5,5
360,59,59. 我們的社會中，有一群人比較接近上層，有一群人比較接近下層。下面有一個由上到下的圖表，請問你認為自己的家庭最接近這個圖表裡面的哪一層？,6,6
360,59,59. 我們的社會中，有一群人比較接近上層，有一群人比較接近下層。下面有一個由上到下的圖表，請問你認為自己的家庭最接近這個圖表裡面的哪一層？,7,7
360,59,59. 我們的社會中，有一群人比較接近上層，有一群人比較接近下層。下面有一個由上到下的圖表，請問你認為自己的家庭最接近這個圖表裡面的哪一層？,8,8
360,59,59. 我們的社會中，有一群人比較接近上層，有一群人比較接近下層。下面有一個由上到下的圖表，請問你認為自己的家庭最接近這個圖表裡面的哪一層？,9,9
361,60-1,60.你同意以下敘述嗎？ - 60-1.做任何決定前，我會試著去了解每個人不同的意見,不太同意,2.0
361,60-1,60.你同意以下敘述嗎？ - 60-1.做任何決定前，我會試著去了解每個人不同的意見,很不同意,1.0
361,60-1,60.你同意以下敘述嗎？ - 60-1.做任何決定前，我會試著去了解每個人不同的意見,很同意,4.0
361,60-1,60.你同意以下敘述嗎？ - 60-1.做任何決定前，我會試著去了解每個人不同的意見,還算同意,3.0
362,60-2,60.你同意以下敘述嗎？ - 60-2.為了想更了解朋友，我會設法以他們的立場與角度看待事情,不太同意,2.0
362,60-2,60.你同意以下敘述嗎？ - 60-2.為了想更了解朋友，我會設法以他們的立場與角度看待事情,很不同意,1.0
362,60-2,60.你同意以下敘述嗎？ - 60-2.為了想更了解朋友，我會設法以他們的立場與角度看待事情,很同意,4.0
362,60-2,60.你同意以下敘述嗎？ - 60-2.為了想更了解朋友，我會設法以他們的立場與角度看待事情,還算同意,3.0
363,60-3,60.你同意以下敘述嗎？ - 60-3.當有人感到難過時，我通常可以理解他們的感受,不太同意,2.0
363,60-3,60.你同意以下敘述嗎？ - 60-3.當有人感到難過時，我通常可以理解他們的感受,很不同意,1.0
363,60-3,60.你同意以下敘述嗎？ - 60-3.當有人感到難過時，我通常可以理解他們的感受,很同意,4.0
363,60-3,60.你同意以下敘述嗎？ - 60-3.當有人感到難過時，我通常可以理解他們的感受,還算同意,3.0
364,60-4,60.你同意以下敘述嗎？ - 60-4.當我對某人感到失望時，我會先設身處地的為他想,不太同意,2.0
364,60-4,60.你同意以下敘述嗎？ - 60-4.當我對某人感到失望時，我會先設身處地的為他想,很不同意,1.0
364,60-4,60.你同意以下敘述嗎？ - 60-4.當我對某人感到失望時，我會先設身處地的為他想,很同意,4.0
364,60-4,60.你同意以下敘述嗎？ - 60-4.當我對某人感到失望時，我會先設身處地的為他想,還算同意,3.0
365,60-5,60.你同意以下敘述嗎？ - 60-5.批評別人之前，我會嘗試想像如果換做自己，在當下會有什麼感受,不太同意,2.0
365,60-5,60.你同意以下敘述嗎？ - 60-5.批評別人之前，我會嘗試想像如果換做自己，在當下會有什麼感受,很不同意,1.0
365,60-5,60.你同意以下敘述嗎？ - 60-5.批評別人之前，我會嘗試想像如果換做自己，在當下會有什麼感受,很同意,4.0
365,60-5,60.你同意以下敘述嗎？ - 60-5.批評別人之前，我會嘗試想像如果換做自己，在當下會有什麼感受,還算同意,3.0
366,61-1,61.請告訴我下列敘述符不符合你個人的情況？ - 61-1.你不會因為休閒娛樂而耽誤應該要完成的功課或工作。,不太符合,2.0
366,61-1,61.請告訴我下列敘述符不符合你個人的情況？ - 61-1.你不會因為休閒娛樂而耽誤應該要完成的功課或工作。,很不符合,1.0
366,61-1,61.請告訴我下列敘述符不符合你個人的情況？ - 61-1.你不會因為休閒娛樂而耽誤應該要完成的功課或工作。,很符合,4.0
367,61-2,61.請告訴我下列敘述符不符合你個人的情況？ - 61-2.你不需要別人提醒就會自動去做功課或工作。,不太符合,2.0
367,61-2,61.請告訴我下列敘述符不符合你個人的情況？ - 61-2.你不需要別人提醒就會自動去做功課或工作。,很不符合,1.0
367,61-2,61.請告訴我下列敘述符不符合你個人的情況？ - 61-2.你不需要別人提醒就會自動去做功課或工作。,很符合,4.0
368,61-3,61.請告訴我下列敘述符不符合你個人的情況？ - 61-3.做事時你能集中注意力。,不太符合,2.0
368,61-3,61.請告訴我下列敘述符不符合你個人的情況？ - 61-3.做事時你能集中注意力。,很不符合,1.0
368,61-3,61.請告訴我下列敘述符不符合你個人的情況？ - 61-3.做事時你能集中注意力。,很符合,4.0
369,61-4,61.請告訴我下列敘述符不符合你個人的情況？ - 61-4.你對生活和學習的意義感到迷惘，所以你選擇什麼事都不做。,不太符合,2.0
369,61-4,61.請告訴我下列敘述符不符合你個人的情況？ - 61-4.你對生活和學習的意義感到迷惘，所以你選擇什麼事都不做。,很不符合,1.0
369,61-4,61.請告訴我下列敘述符不符合你個人的情況？ - 61-4.你對生活和學習的意義感到迷惘，所以你選擇什麼事都不做。,很符合,4.0
370,61-5,61.請告訴我下列敘述符不符合你個人的情況？ - 61-5.你覺得靠你個人的努力很難改變什麼，所以你選擇放棄打拼。,不太符合,2.0
370,61-5,61.請告訴我下列敘述符不符合你個人的情況？ - 61-5.你覺得靠你個人的努力很難改變什麼，所以你選擇放棄打拼。,很不符合,1.0
370,61-5,61.請告訴我下列敘述符不符合你個人的情況？ - 61-5.你覺得靠你個人的努力很難改變什麼，所以你選擇放棄打拼。,很符合,4.0
371,61-6,61.請告訴我下列敘述符不符合你個人的情況？ - 61-6.你總是很不情願去做那些需要努力才能完成的事情。,不太符合,2.0
371,61-6,61.請告訴我下列敘述符不符合你個人的情況？ - 61-6.你總是很不情願去做那些需要努力才能完成的事情。,很不符合,1.0
371,61-6,61.請告訴我下列敘述符不符合你個人的情況？ - 61-6.你總是很不情願去做那些需要努力才能完成的事情。,很符合,4.0
372,61-7,61.請告訴我下列敘述符不符合你個人的情況？ - 61-7.你喜歡冒險。,不太符合,2.0
372,61-7,61.請告訴我下列敘述符不符合你個人的情況？ - 61-7.你喜歡冒險。,很不符合,1.0
372,61-7,61.請告訴我下列敘述符不符合你個人的情況？ - 61-7.你喜歡冒險。,很符合,4.0
373,61-8,61.請告訴我下列敘述符不符合你個人的情況？ - 61-8.你會去做大部分的人覺得危險的事情。,不太符合,2.0
373,61-8,61.請告訴我下列敘述符不符合你個人的情況？ - 61-8.你會去做大部分的人覺得危險的事情。,很不符合,1.0
373,61-8,61.請告訴我下列敘述符不符合你個人的情況？ - 61-8.你會去做大部分的人覺得危險的事情。,很符合,4.0
374,61-9,61.請告訴我下列敘述符不符合你個人的情況？ - 61-9.對你來說，生命如果沒有冒險就會黯然失色。,不太符合,2.0
374,61-9,61.請告訴我下列敘述符不符合你個人的情況？ - 61-9.對你來說，生命如果沒有冒險就會黯然失色。,很不符合,1.0
374,61-9,61.請告訴我下列敘述符不符合你個人的情況？ - 61-9.對你來說，生命如果沒有冒險就會黯然失色。,很符合,4.0
375,62-1,62-1.鋁箔包、樂利包或瓶裝的含糖飲料,1-7瓶,1.0
375,62-1,62-1.鋁箔包、樂利包或瓶裝的含糖飲料,22-28,
375,62-1,62-1.鋁箔包、樂利包或瓶裝的含糖飲料,29-35瓶,5.0
375,62-1,62-1.鋁箔包、樂利包或瓶裝的含糖飲料,36瓶以上,6.0
375,62-1,62-1.鋁箔包、樂利包或瓶裝的含糖飲料,8-14瓶,2.0
375,62-1,62-1.鋁箔包、樂利包或瓶裝的含糖飲料,沒有,0.0
376,62-2,62-2.手搖杯,1-2杯,1.0
376,62-2,62-2.手搖杯,11杯以上,6.0
376,62-2,62-2.手搖杯,3-4杯,2.0
376,62-2,62-2.手搖杯,5-6杯,3.0
376,62-2,62-2.手搖杯,7-8杯,4.0
376,62-2,62-2.手搖杯,9-10,5.0
376,62-2,62-2.手搖杯,沒有,0.0
377,62-3,62-3.提神或能量飲料（如蠻牛、red bull、Monster等）,1-7瓶/罐,1.0
377,62-3,62-3.提神或能量飲料（如蠻牛、red bull、Monster等）,15-21瓶/罐,3.0
377,62-3,62-3.提神或能量飲料（如蠻牛、red bull、Monster等）,22-28瓶/罐,4.0
377,62-3,62-3.提神或能量飲料（如蠻牛、red bull、Monster等）,29-35瓶/罐,5.0
377,62-3,62-3.提神或能量飲料（如蠻牛、red bull、Monster等）,36瓶/罐以上,6.0
377,62-3,62-3.提神或能量飲料（如蠻牛、red bull、Monster等）,8-14瓶/罐,2.0
377,62-3,62-3.提神或能量飲料（如蠻牛、red bull、Monster等）,沒有,0.0
378,63,63.過去一個月中，你平均每天喝多少次咖啡？,一天不到1次,1.0
378,63,63.過去一個月中，你平均每天喝多少次咖啡？,每天1次,4.0
378,63,63.過去一個月中，你平均每天喝多少次咖啡？,每天2次,3.0
378,63,63.過去一個月中，你平均每天喝多少次咖啡？,每天3次,4.0
378,63,63.過去一個月中，你平均每天喝多少次咖啡？,每天4次,5.0
378,63,63.過去一個月中，你平均每天喝多少次咖啡？,每天5次（含）以上,6.0
378,63,63.過去一個月中，你平均每天喝多少次咖啡？,都沒有喝,0.0
379,64,64.請問你的身高______公分（僅能填答阿拉伯數字）,140.0,140.0
379,64,64.請問你的身高______公分（僅能填答阿拉伯數字）,141.0,141.0
379,64,64.請問你的身高______公分（僅能填答阿拉伯數字）,143.0,143.0
379,64,64.請問你的身高______公分（僅能填答阿拉伯數字）,144.0,144.0
379,64,64.請問你的身高______公分（僅能填答阿拉伯數字）,144.6,144.6
379,64,64.請問你的身高______公分（僅能填答阿拉伯數字）,145.0,145.0
379,64,64.請問你的身高______公分（僅能填答阿拉伯數字）,146.0,146.0
379,64,64.請問你的身高______公分（僅能填答阿拉伯數字）,146.5,146.5
379,64,64.請問你的身高______公分（僅能填答阿拉伯數字）,146.7,146.7
379,64,64.請問你的身高______公分（僅能填答阿拉伯數字）,147.0,147.0
379,64,64.請問你的身高______公分（僅能填答阿拉伯數字）,147.6,147.6
379,64,64.請問你的身高______公分（僅能填答阿拉伯數字）,147.9,147.9
379,64,64.請問你的身高______公分（僅能填答阿拉伯數字）,148.0,148.0
379,64,64.請問你的身高______公分（僅能填答阿拉伯數字）,148.5,148.5
379,64,64.請問你的身高______公分（僅能填答阿拉伯數字）,148.6,148.6
379,64,64.請問你的身高______公分（僅能填答阿拉伯數字）,149.0,149.0
379,64,64.請問你的身高______公分（僅能填答阿拉伯數字）,149.5,149.5
379,64,64.請問你的身高______公分（僅能填答阿拉伯數字）,149.7,149.7
379,64,64.請問你的身高______公分（僅能填答阿拉伯數字）,149.8,149.8
379,64,64.請問你的身高______公分（僅能填答阿拉伯數字）,150.0,150.0
379,64,64.請問你的身高______公分（僅能填答阿拉伯數字）,150.1,150.1
379,64,64.請問你的身高______公分（僅能填答阿拉伯數字）,150.3,150.3
379,64,64.請問你的身高______公分（僅能填答阿拉伯數字）,150.6,150.6
379,64,64.請問你的身高______公分（僅能填答阿拉伯數字）,151.0,151.0
379,64,64.請問你的身高______公分（僅能填答阿拉伯數字）,151.5,151.5
379,64,64.請問你的身高______公分（僅能填答阿拉伯數字）,151.7,151.7
379,64,64.請問你的身高______公分（僅能填答阿拉伯數字）,151.9,151.9
379,64,64.請問你的身高______公分（僅能填答阿拉伯數字）,152.0,152.0
379,64,64.請問你的身高______公分（僅能填答阿拉伯數字）,152.2,152.2
379,64,64.請問你的身高______公分（僅能填答阿拉伯數字）,152.3,152.3
379,64,64.請問你的身高______公分（僅能填答阿拉伯數字）,152.4,152.4
379,64,64.請問你的身高______公分（僅能填答阿拉伯數字）,152.6,152.6
379,64,64.請問你的身高______公分（僅能填答阿拉伯數字）,152.8,152.8
379,64,64.請問你的身高______公分（僅能填答阿拉伯數字）,152.9,152.9
379,64,64.請問你的身高______公分（僅能填答阿拉伯數字）,153.0,153.0
379,64,64.請問你的身高______公分（僅能填答阿拉伯數字）,153.2,153.2
379,64,64.請問你的身高______公分（僅能填答阿拉伯數字）,153.4,153.4
379,64,64.請問你的身高______公分（僅能填答阿拉伯數字）,153.5,153.5
379,64,64.請問你的身高______公分（僅能填答阿拉伯數字）,153.9,153.9
379,64,64.請問你的身高______公分（僅能填答阿拉伯數字）,154.0,154.0
379,64,64.請問你的身高______公分（僅能填答阿拉伯數字）,154.1,154.1
379,64,64.請問你的身高______公分（僅能填答阿拉伯數字）,154.3,154.3
379,64,64.請問你的身高______公分（僅能填答阿拉伯數字）,154.4,154.4
379,64,64.請問你的身高______公分（僅能填答阿拉伯數字）,154.5,154.5
379,64,64.請問你的身高______公分（僅能填答阿拉伯數字）,154.6,154.6
379,64,64.請問你的身高______公分（僅能填答阿拉伯數字）,154.8,154.8
379,64,64.請問你的身高______公分（僅能填答阿拉伯數字）,154.9,154.9
379,64,64.請問你的身高______公分（僅能填答阿拉伯數字）,155.0,155.0
379,64,64.請問你的身高______公分（僅能填答阿拉伯數字）,155.5,155.5
379,64,64.請問你的身高______公分（僅能填答阿拉伯數字）,155.6,155.6
379,64,64.請問你的身高______公分（僅能填答阿拉伯數字）,155.7,155.7
379,64,64.請問你的身高______公分（僅能填答阿拉伯數字）,155.8,155.8
379,64,64.請問你的身高______公分（僅能填答阿拉伯數字）,155.9,155.9
379,64,64.請問你的身高______公分（僅能填答阿拉伯數字）,156.0,156.0
379,64,64.請問你的身高______公分（僅能填答阿拉伯數字）,156.2,156.2
379,64,64.請問你的身高______公分（僅能填答阿拉伯數字）,156.3,156.3
379,64,64.請問你的身高______公分（僅能填答阿拉伯數字）,156.4,156.4
379,64,64.請問你的身高______公分（僅能填答阿拉伯數字）,156.5,156.5
379,64,64.請問你的身高______公分（僅能填答阿拉伯數字）,156.6,156.6
379,64,64.請問你的身高______公分（僅能填答阿拉伯數字）,156.7,156.7
379,64,64.請問你的身高______公分（僅能填答阿拉伯數字）,156.8,156.8
379,64,64.請問你的身高______公分（僅能填答阿拉伯數字）,157.0,157.0
379,64,64.請問你的身高______公分（僅能填答阿拉伯數字）,157.2,157.2
379,64,64.請問你的身高______公分（僅能填答阿拉伯數字）,157.3,157.3
379,64,64.請問你的身高______公分（僅能填答阿拉伯數字）,157.4,157.4
379,64,64.請問你的身高______公分（僅能填答阿拉伯數字）,157.5,157.5
379,64,64.請問你的身高______公分（僅能填答阿拉伯數字）,157.7,157.7
379,64,64.請問你的身高______公分（僅能填答阿拉伯數字）,157.8,157.8
379,64,64.請問你的身高______公分（僅能填答阿拉伯數字）,157.9,157.9
379,64,64.請問你的身高______公分（僅能填答阿拉伯數字）,158.0,158.0
379,64,64.請問你的身高______公分（僅能填答阿拉伯數字）,158.1,158.1
379,64,64.請問你的身高______公分（僅能填答阿拉伯數字）,158.2,158.2
379,64,64.請問你的身高______公分（僅能填答阿拉伯數字）,158.3,158.3
379,64,64.請問你的身高______公分（僅能填答阿拉伯數字）,158.4,158.4
379,64,64.請問你的身高______公分（僅能填答阿拉伯數字）,158.5,158.5
379,64,64.請問你的身高______公分（僅能填答阿拉伯數字）,158.6,158.6
379,64,64.請問你的身高______公分（僅能填答阿拉伯數字）,158.7,158.7
379,64,64.請問你的身高______公分（僅能填答阿拉伯數字）,158.8,158.8
379,64,64.請問你的身高______公分（僅能填答阿拉伯數字）,158.9,158.9
379,64,64.請問你的身高______公分（僅能填答阿拉伯數字）,159.0,159.0
379,64,64.請問你的身高______公分（僅能填答阿拉伯數字）,159.1,159.1
379,64,64.請問你的身高______公分（僅能填答阿拉伯數字）,159.2,159.2
379,64,64.請問你的身高______公分（僅能填答阿拉伯數字）,159.3,159.3
379,64,64.請問你的身高______公分（僅能填答阿拉伯數字）,159.4,159.4
379,64,64.請問你的身高______公分（僅能填答阿拉伯數字）,159.5,159.5
379,64,64.請問你的身高______公分（僅能填答阿拉伯數字）,159.6,159.6
379,64,64.請問你的身高______公分（僅能填答阿拉伯數字）,159.7,159.7
379,64,64.請問你的身高______公分（僅能填答阿拉伯數字）,159.8,159.8
379,64,64.請問你的身高______公分（僅能填答阿拉伯數字）,159.9,159.9
379,64,64.請問你的身高______公分（僅能填答阿拉伯數字）,160.0,160.0
379,64,64.請問你的身高______公分（僅能填答阿拉伯數字）,160.1,160.1
379,64,64.請問你的身高______公分（僅能填答阿拉伯數字）,160.2,160.2
379,64,64.請問你的身高______公分（僅能填答阿拉伯數字）,160.3,160.3
379,64,64.請問你的身高______公分（僅能填答阿拉伯數字）,160.4,160.4
379,64,64.請問你的身高______公分（僅能填答阿拉伯數字）,160.5,160.5
379,64,64.請問你的身高______公分（僅能填答阿拉伯數字）,160.7,160.7
379,64,64.請問你的身高______公分（僅能填答阿拉伯數字）,160.9,160.9
379,64,64.請問你的身高______公分（僅能填答阿拉伯數字）,161.0,161.0
379,64,64.請問你的身高______公分（僅能填答阿拉伯數字）,161.1,161.1
379,64,64.請問你的身高______公分（僅能填答阿拉伯數字）,161.2,161.2
379,64,64.請問你的身高______公分（僅能填答阿拉伯數字）,161.3,161.3
379,64,64.請問你的身高______公分（僅能填答阿拉伯數字）,161.4,161.4
379,64,64.請問你的身高______公分（僅能填答阿拉伯數字）,161.5,161.5
379,64,64.請問你的身高______公分（僅能填答阿拉伯數字）,161.6,161.6
379,64,64.請問你的身高______公分（僅能填答阿拉伯數字）,161.7,161.7
379,64,64.請問你的身高______公分（僅能填答阿拉伯數字）,161.8,161.8
379,64,64.請問你的身高______公分（僅能填答阿拉伯數字）,161.9,161.9
379,64,64.請問你的身高______公分（僅能填答阿拉伯數字）,162.0,162.0
379,64,64.請問你的身高______公分（僅能填答阿拉伯數字）,162.4,162.4
379,64,64.請問你的身高______公分（僅能填答阿拉伯數字）,162.5,162.5
379,64,64.請問你的身高______公分（僅能填答阿拉伯數字）,162.6,162.6
379,64,64.請問你的身高______公分（僅能填答阿拉伯數字）,162.7,162.7
379,64,64.請問你的身高______公分（僅能填答阿拉伯數字）,162.9,162.9
379,64,64.請問你的身高______公分（僅能填答阿拉伯數字）,163.0,163.0
379,64,64.請問你的身高______公分（僅能填答阿拉伯數字）,163.1,163.1
379,64,64.請問你的身高______公分（僅能填答阿拉伯數字）,163.4,163.4
379,64,64.請問你的身高______公分（僅能填答阿拉伯數字）,163.5,163.5
379,64,64.請問你的身高______公分（僅能填答阿拉伯數字）,163.6,163.6
379,64,64.請問你的身高______公分（僅能填答阿拉伯數字）,163.7,163.7
379,64,64.請問你的身高______公分（僅能填答阿拉伯數字）,163.8,163.8
379,64,64.請問你的身高______公分（僅能填答阿拉伯數字）,163.9,163.9
379,64,64.請問你的身高______公分（僅能填答阿拉伯數字）,164.0,164.0
379,64,64.請問你的身高______公分（僅能填答阿拉伯數字）,164.1,164.1
379,64,64.請問你的身高______公分（僅能填答阿拉伯數字）,164.2,164.2
379,64,64.請問你的身高______公分（僅能填答阿拉伯數字）,164.4,164.4
379,64,64.請問你的身高______公分（僅能填答阿拉伯數字）,164.5,164.5
379,64,64.請問你的身高______公分（僅能填答阿拉伯數字）,164.8,164.8
379,64,64.請問你的身高______公分（僅能填答阿拉伯數字）,164.9,164.9
379,64,64.請問你的身高______公分（僅能填答阿拉伯數字）,165.0,165.0
379,64,64.請問你的身高______公分（僅能填答阿拉伯數字）,165.1,165.1
379,64,64.請問你的身高______公分（僅能填答阿拉伯數字）,165.3,165.3
379,64,64.請問你的身高______公分（僅能填答阿拉伯數字）,165.5,165.5
379,64,64.請問你的身高______公分（僅能填答阿拉伯數字）,165.7,165.7
379,64,64.請問你的身高______公分（僅能填答阿拉伯數字）,165.9,165.9
379,64,64.請問你的身高______公分（僅能填答阿拉伯數字）,166.0,166.0
379,64,64.請問你的身高______公分（僅能填答阿拉伯數字）,166.2,166.2
379,64,64.請問你的身高______公分（僅能填答阿拉伯數字）,166.3,166.3
379,64,64.請問你的身高______公分（僅能填答阿拉伯數字）,166.4,166.4
379,64,64.請問你的身高______公分（僅能填答阿拉伯數字）,166.5,166.5
379,64,64.請問你的身高______公分（僅能填答阿拉伯數字）,166.6,166.6
379,64,64.請問你的身高______公分（僅能填答阿拉伯數字）,166.7,166.7
379,64,64.請問你的身高______公分（僅能填答阿拉伯數字）,166.8,166.8
379,64,64.請問你的身高______公分（僅能填答阿拉伯數字）,166.9,166.9
379,64,64.請問你的身高______公分（僅能填答阿拉伯數字）,167.0,167.0
379,64,64.請問你的身高______公分（僅能填答阿拉伯數字）,167.3,167.3
379,64,64.請問你的身高______公分（僅能填答阿拉伯數字）,167.4,167.4
379,64,64.請問你的身高______公分（僅能填答阿拉伯數字）,167.5,167.5
379,64,64.請問你的身高______公分（僅能填答阿拉伯數字）,167.6,167.6
379,64,64.請問你的身高______公分（僅能填答阿拉伯數字）,167.8,167.8
379,64,64.請問你的身高______公分（僅能填答阿拉伯數字）,167.9,167.9
379,64,64.請問你的身高______公分（僅能填答阿拉伯數字）,168.0,168.0
379,64,64.請問你的身高______公分（僅能填答阿拉伯數字）,168.4,168.4
379,64,64.請問你的身高______公分（僅能填答阿拉伯數字）,168.5,168.5
379,64,64.請問你的身高______公分（僅能填答阿拉伯數字）,168.9,168.9
379,64,64.請問你的身高______公分（僅能填答阿拉伯數字）,169.0,169.0
379,64,64.請問你的身高______公分（僅能填答阿拉伯數字）,169.2,169.2
379,64,64.請問你的身高______公分（僅能填答阿拉伯數字）,169.3,169.3
379,64,64.請問你的身高______公分（僅能填答阿拉伯數字）,169.5,169.5
379,64,64.請問你的身高______公分（僅能填答阿拉伯數字）,169.6,169.6
379,64,64.請問你的身高______公分（僅能填答阿拉伯數字）,169.8,169.8
379,64,64.請問你的身高______公分（僅能填答阿拉伯數字）,169.9,169.9
379,64,64.請問你的身高______公分（僅能填答阿拉伯數字）,170.0,170.0
379,64,64.請問你的身高______公分（僅能填答阿拉伯數字）,170.4,170.4
379,64,64.請問你的身高______公分（僅能填答阿拉伯數字）,170.5,170.5
379,64,64.請問你的身高______公分（僅能填答阿拉伯數字）,170.6,170.6
379,64,64.請問你的身高______公分（僅能填答阿拉伯數字）,170.8,170.8
379,64,64.請問你的身高______公分（僅能填答阿拉伯數字）,170.9,170.9
379,64,64.請問你的身高______公分（僅能填答阿拉伯數字）,171.0,171.0
379,64,64.請問你的身高______公分（僅能填答阿拉伯數字）,171.1,171.1
379,64,64.請問你的身高______公分（僅能填答阿拉伯數字）,171.5,171.5
379,64,64.請問你的身高______公分（僅能填答阿拉伯數字）,171.6,171.6
379,64,64.請問你的身高______公分（僅能填答阿拉伯數字）,171.9,171.9
379,64,64.請問你的身高______公分（僅能填答阿拉伯數字）,172.0,172.0
379,64,64.請問你的身高______公分（僅能填答阿拉伯數字）,172.2,172.2
379,64,64.請問你的身高______公分（僅能填答阿拉伯數字）,172.4,172.4
379,64,64.請問你的身高______公分（僅能填答阿拉伯數字）,172.5,172.5
379,64,64.請問你的身高______公分（僅能填答阿拉伯數字）,172.6,172.6
379,64,64.請問你的身高______公分（僅能填答阿拉伯數字）,172.9,172.9
379,64,64.請問你的身高______公分（僅能填答阿拉伯數字）,173.0,173.0
379,64,64.請問你的身高______公分（僅能填答阿拉伯數字）,173.14159,173.14159
379,64,64.請問你的身高______公分（僅能填答阿拉伯數字）,173.3,173.3
379,64,64.請問你的身高______公分（僅能填答阿拉伯數字）,173.4,173.4
379,64,64.請問你的身高______公分（僅能填答阿拉伯數字）,173.5,173.5
379,64,64.請問你的身高______公分（僅能填答阿拉伯數字）,173.7,173.7
379,64,64.請問你的身高______公分（僅能填答阿拉伯數字）,173.8,173.8
379,64,64.請問你的身高______公分（僅能填答阿拉伯數字）,173.9,173.9
379,64,64.請問你的身高______公分（僅能填答阿拉伯數字）,174.0,174.0
379,64,64.請問你的身高______公分（僅能填答阿拉伯數字）,174.2,174.2
379,64,64.請問你的身高______公分（僅能填答阿拉伯數字）,174.3,174.3
379,64,64.請問你的身高______公分（僅能填答阿拉伯數字）,174.5,174.5
379,64,64.請問你的身高______公分（僅能填答阿拉伯數字）,174.6,174.6
379,64,64.請問你的身高______公分（僅能填答阿拉伯數字）,175.0,175.0
379,64,64.請問你的身高______公分（僅能填答阿拉伯數字）,175.1,175.1
379,64,64.請問你的身高______公分（僅能填答阿拉伯數字）,175.7,175.7
379,64,64.請問你的身高______公分（僅能填答阿拉伯數字）,175.9,175.9
379,64,64.請問你的身高______公分（僅能填答阿拉伯數字）,176.0,176.0
379,64,64.請問你的身高______公分（僅能填答阿拉伯數字）,176.4,176.4
379,64,64.請問你的身高______公分（僅能填答阿拉伯數字）,176.5,176.5
379,64,64.請問你的身高______公分（僅能填答阿拉伯數字）,176.6,176.6
379,64,64.請問你的身高______公分（僅能填答阿拉伯數字）,177.0,177.0
379,64,64.請問你的身高______公分（僅能填答阿拉伯數字）,177.5,177.5
379,64,64.請問你的身高______公分（僅能填答阿拉伯數字）,177.7,177.7
379,64,64.請問你的身高______公分（僅能填答阿拉伯數字）,178.0,178.0
379,64,64.請問你的身高______公分（僅能填答阿拉伯數字）,178.1,178.1
379,64,64.請問你的身高______公分（僅能填答阿拉伯數字）,178.2,178.2
379,64,64.請問你的身高______公分（僅能填答阿拉伯數字）,178.5,178.5
379,64,64.請問你的身高______公分（僅能填答阿拉伯數字）,178.6,178.6
379,64,64.請問你的身高______公分（僅能填答阿拉伯數字）,179.0,179.0
379,64,64.請問你的身高______公分（僅能填答阿拉伯數字）,179.6,179.6
379,64,64.請問你的身高______公分（僅能填答阿拉伯數字）,179.9999,179.9999
379,64,64.請問你的身高______公分（僅能填答阿拉伯數字）,180.0,180.0
379,64,64.請問你的身高______公分（僅能填答阿拉伯數字）,180.2,180.2
379,64,64.請問你的身高______公分（僅能填答阿拉伯數字）,180.5,180.5
379,64,64.請問你的身高______公分（僅能填答阿拉伯數字）,181.0,181.0
379,64,64.請問你的身高______公分（僅能填答阿拉伯數字）,181.6,181.6
379,64,64.請問你的身高______公分（僅能填答阿拉伯數字）,182.0,182.0
379,64,64.請問你的身高______公分（僅能填答阿拉伯數字）,182.1,182.1
379,64,64.請問你的身高______公分（僅能填答阿拉伯數字）,183.0,183.0
379,64,64.請問你的身高______公分（僅能填答阿拉伯數字）,183.5,183.5
379,64,64.請問你的身高______公分（僅能填答阿拉伯數字）,184.0,184.0
379,64,64.請問你的身高______公分（僅能填答阿拉伯數字）,185.0,185.0
379,64,64.請問你的身高______公分（僅能填答阿拉伯數字）,185.3,185.3
379,64,64.請問你的身高______公分（僅能填答阿拉伯數字）,185.5,185.5
379,64,64.請問你的身高______公分（僅能填答阿拉伯數字）,185.6,185.6
379,64,64.請問你的身高______公分（僅能填答阿拉伯數字）,186.0,186.0
379,64,64.請問你的身高______公分（僅能填答阿拉伯數字）,187.0,187.0
379,64,64.請問你的身高______公分（僅能填答阿拉伯數字）,188.0,188.0
379,64,64.請問你的身高______公分（僅能填答阿拉伯數字）,189.0,189.0
379,64,64.請問你的身高______公分（僅能填答阿拉伯數字）,190.0,190.0
379,64,64.請問你的身高______公分（僅能填答阿拉伯數字）,192.0,192.0
379,64,64.請問你的身高______公分（僅能填答阿拉伯數字）,195.0,195.0
379,64,64.請問你的身高______公分（僅能填答阿拉伯數字）,198.0,198.0
379,64,64.請問你的身高______公分（僅能填答阿拉伯數字）,199.0,199.0
379,64,64.請問你的身高______公分（僅能填答阿拉伯數字）,199.9,199.9
379,64,64.請問你的身高______公分（僅能填答阿拉伯數字）,200.0,200.0
380,65,65.請問你的體重______公斤（僅能填答阿拉伯數字）,100.0,100.0
380,65,65.請問你的體重______公斤（僅能填答阿拉伯數字）,101.0,101.0
380,65,65.請問你的體重______公斤（僅能填答阿拉伯數字）,102.0,102.0
380,65,65.請問你的體重______公斤（僅能填答阿拉伯數字）,103.0,103.0
380,65,65.請問你的體重______公斤（僅能填答阿拉伯數字）,104.0,104.0
380,65,65.請問你的體重______公斤（僅能填答阿拉伯數字）,105.0,105.0
380,65,65.請問你的體重______公斤（僅能填答阿拉伯數字）,106.0,106.0
380,65,65.請問你的體重______公斤（僅能填答阿拉伯數字）,107.0,107.0
380,65,65.請問你的體重______公斤（僅能填答阿拉伯數字）,108.0,108.0
380,65,65.請問你的體重______公斤（僅能填答阿拉伯數字）,109.0,109.0
380,65,65.請問你的體重______公斤（僅能填答阿拉伯數字）,110.0,110.0
380,65,65.請問你的體重______公斤（僅能填答阿拉伯數字）,110.6,110.6
380,65,65.請問你的體重______公斤（僅能填答阿拉伯數字）,111.0,111.0
380,65,65.請問你的體重______公斤（僅能填答阿拉伯數字）,112.0,112.0
380,65,65.請問你的體重______公斤（僅能填答阿拉伯數字）,114.0,114.0
380,65,65.請問你的體重______公斤（僅能填答阿拉伯數字）,115.0,115.0
380,65,65.請問你的體重______公斤（僅能填答阿拉伯數字）,117.0,117.0
380,65,65.請問你的體重______公斤（僅能填答阿拉伯數字）,118.0,118.0
380,65,65.請問你的體重______公斤（僅能填答阿拉伯數字）,119.0,119.0
380,65,65.請問你的體重______公斤（僅能填答阿拉伯數字）,120.0,120.0
380,65,65.請問你的體重______公斤（僅能填答阿拉伯數字）,122.0,122.0
380,65,65.請問你的體重______公斤（僅能填答阿拉伯數字）,125.0,125.0
380,65,65.請問你的體重______公斤（僅能填答阿拉伯數字）,126.0,126.0
380,65,65.請問你的體重______公斤（僅能填答阿拉伯數字）,128.0,128.0
380,65,65.請問你的體重______公斤（僅能填答阿拉伯數字）,130.0,130.0
380,65,65.請問你的體重______公斤（僅能填答阿拉伯數字）,133.3,133.3
380,65,65.請問你的體重______公斤（僅能填答阿拉伯數字）,149.0,149.0
380,65,65.請問你的體重______公斤（僅能填答阿拉伯數字）,150.0,150.0
380,65,65.請問你的體重______公斤（僅能填答阿拉伯數字）,153.0,153.0
380,65,65.請問你的體重______公斤（僅能填答阿拉伯數字）,154.0,154.0
380,65,65.請問你的體重______公斤（僅能填答阿拉伯數字）,155.0,155.0
380,65,65.請問你的體重______公斤（僅能填答阿拉伯數字）,162.0,162.0
380,65,65.請問你的體重______公斤（僅能填答阿拉伯數字）,165.0,165.0
380,65,65.請問你的體重______公斤（僅能填答阿拉伯數字）,168.0,168.0
380,65,65.請問你的體重______公斤（僅能填答阿拉伯數字）,174.0,174.0
380,65,65.請問你的體重______公斤（僅能填答阿拉伯數字）,180.0,180.0
380,65,65.請問你的體重______公斤（僅能填答阿拉伯數字）,185.0,185.0
380,65,65.請問你的體重______公斤（僅能填答阿拉伯數字）,200.0,200.0
380,65,65.請問你的體重______公斤（僅能填答阿拉伯數字）,220.0,220.0
380,65,65.請問你的體重______公斤（僅能填答阿拉伯數字）,222.0,222.0
380,65,65.請問你的體重______公斤（僅能填答阿拉伯數字）,249.0,249.0
380,65,65.請問你的體重______公斤（僅能填答阿拉伯數字）,250.0,250.0
380,65,65.請問你的體重______公斤（僅能填答阿拉伯數字）,30.0,30.0
380,65,65.請問你的體重______公斤（僅能填答阿拉伯數字）,30.1,30.1
380,65,65.請問你的體重______公斤（僅能填答阿拉伯數字）,31.0,31.0
380,65,65.請問你的體重______公斤（僅能填答阿拉伯數字）,31.7,31.7
380,65,65.請問你的體重______公斤（僅能填答阿拉伯數字）,32.0,32.0
380,65,65.請問你的體重______公斤（僅能填答阿拉伯數字）,33.0,33.0
380,65,65.請問你的體重______公斤（僅能填答阿拉伯數字）,34.0,34.0
380,65,65.請問你的體重______公斤（僅能填答阿拉伯數字）,35.0,35.0
380,65,65.請問你的體重______公斤（僅能填答阿拉伯數字）,35.4,35.4
380,65,65.請問你的體重______公斤（僅能填答阿拉伯數字）,35.5,35.5
380,65,65.請問你的體重______公斤（僅能填答阿拉伯數字）,36.0,36.0
380,65,65.請問你的體重______公斤（僅能填答阿拉伯數字）,36.6,36.6
380,65,65.請問你的體重______公斤（僅能填答阿拉伯數字）,36.9,36.9
380,65,65.請問你的體重______公斤（僅能填答阿拉伯數字）,37.0,37.0
380,65,65.請問你的體重______公斤（僅能填答阿拉伯數字）,37.8,37.8
380,65,65.請問你的體重______公斤（僅能填答阿拉伯數字）,38.0,38.0
380,65,65.請問你的體重______公斤（僅能填答阿拉伯數字）,38.5,38.5
380,65,65.請問你的體重______公斤（僅能填答阿拉伯數字）,38.7,38.7
380,65,65.請問你的體重______公斤（僅能填答阿拉伯數字）,39.0,39.0
380,65,65.請問你的體重______公斤（僅能填答阿拉伯數字）,39.2,39.2
380,65,65.請問你的體重______公斤（僅能填答阿拉伯數字）,39.3,39.3
380,65,65.請問你的體重______公斤（僅能填答阿拉伯數字）,39.9,39.9
380,65,65.請問你的體重______公斤（僅能填答阿拉伯數字）,40.0,40.0
380,65,65.請問你的體重______公斤（僅能填答阿拉伯數字）,40.2,40.2
380,65,65.請問你的體重______公斤（僅能填答阿拉伯數字）,40.55,40.55
380,65,65.請問你的體重______公斤（僅能填答阿拉伯數字）,40.6,40.6
380,65,65.請問你的體重______公斤（僅能填答阿拉伯數字）,40.7,40.7
380,65,65.請問你的體重______公斤（僅能填答阿拉伯數字）,41.0,41.0
380,65,65.請問你的體重______公斤（僅能填答阿拉伯數字）,41.7,41.7
380,65,65.請問你的體重______公斤（僅能填答阿拉伯數字）,41.9,41.9
380,65,65.請問你的體重______公斤（僅能填答阿拉伯數字）,42.0,42.0
380,65,65.請問你的體重______公斤（僅能填答阿拉伯數字）,42.1,42.1
380,65,65.請問你的體重______公斤（僅能填答阿拉伯數字）,42.3,42.3
380,65,65.請問你的體重______公斤（僅能填答阿拉伯數字）,42.5,42.5
380,65,65.請問你的體重______公斤（僅能填答阿拉伯數字）,42.6,42.6
380,65,65.請問你的體重______公斤（僅能填答阿拉伯數字）,43.0,43.0
380,65,65.請問你的體重______公斤（僅能填答阿拉伯數字）,43.2,43.2
380,65,65.請問你的體重______公斤（僅能填答阿拉伯數字）,43.5,43.5
380,65,65.請問你的體重______公斤（僅能填答阿拉伯數字）,43.9,43.9
380,65,65.請問你的體重______公斤（僅能填答阿拉伯數字）,44.0,44.0
380,65,65.請問你的體重______公斤（僅能填答阿拉伯數字）,44.1,44.1
380,65,65.請問你的體重______公斤（僅能填答阿拉伯數字）,44.7,44.7
380,65,65.請問你的體重______公斤（僅能填答阿拉伯數字）,44.9,44.9
380,65,65.請問你的體重______公斤（僅能填答阿拉伯數字）,45.0,45.0
380,65,65.請問你的體重______公斤（僅能填答阿拉伯數字）,45.1,45.1
380,65,65.請問你的體重______公斤（僅能填答阿拉伯數字）,45.3,45.3
380,65,65.請問你的體重______公斤（僅能填答阿拉伯數字）,45.5,45.5
380,65,65.請問你的體重______公斤（僅能填答阿拉伯數字）,45.6,45.6
380,65,65.請問你的體重______公斤（僅能填答阿拉伯數字）,45.8,45.8
380,65,65.請問你的體重______公斤（僅能填答阿拉伯數字）,45.9,45.9
380,65,65.請問你的體重______公斤（僅能填答阿拉伯數字）,46.0,46.0
380,65,65.請問你的體重______公斤（僅能填答阿拉伯數字）,46.5,46.5
380,65,65.請問你的體重______公斤（僅能填答阿拉伯數字）,46.8,46.8
380,65,65.請問你的體重______公斤（僅能填答阿拉伯數字）,47.0,47.0
380,65,65.請問你的體重______公斤（僅能填答阿拉伯數字）,47.1,47.1
380,65,65.請問你的體重______公斤（僅能填答阿拉伯數字）,47.2,47.2
380,65,65.請問你的體重______公斤（僅能填答阿拉伯數字）,47.5,47.5
380,65,65.請問你的體重______公斤（僅能填答阿拉伯數字）,47.6,47.6
380,65,65.請問你的體重______公斤（僅能填答阿拉伯數字）,47.8,47.8
380,65,65.請問你的體重______公斤（僅能填答阿拉伯數字）,48.0,48.0
380,65,65.請問你的體重______公斤（僅能填答阿拉伯數字）,48.1,48.1
380,65,65.請問你的體重______公斤（僅能填答阿拉伯數字）,48.5,48.5
380,65,65.請問你的體重______公斤（僅能填答阿拉伯數字）,48.6,48.6
380,65,65.請問你的體重______公斤（僅能填答阿拉伯數字）,48.7,48.7
380,65,65.請問你的體重______公斤（僅能填答阿拉伯數字）,49.0,49.0
380,65,65.請問你的體重______公斤（僅能填答阿拉伯數字）,49.3,49.3
380,65,65.請問你的體重______公斤（僅能填答阿拉伯數字）,49.5,49.5
380,65,65.請問你的體重______公斤（僅能填答阿拉伯數字）,49.6,49.6
380,65,65.請問你的體重______公斤（僅能填答阿拉伯數字）,49.8,49.8
380,65,65.請問你的體重______公斤（僅能填答阿拉伯數字）,49.9,49.9
380,65,65.請問你的體重______公斤（僅能填答阿拉伯數字）,50.0,50.0
380,65,65.請問你的體重______公斤（僅能填答阿拉伯數字）,50.2,50.2
380,65,65.請問你的體重______公斤（僅能填答阿拉伯數字）,50.4,50.4
380,65,65.請問你的體重______公斤（僅能填答阿拉伯數字）,50.5,50.5
380,65,65.請問你的體重______公斤（僅能填答阿拉伯數字）,50.6,50.6
380,65,65.請問你的體重______公斤（僅能填答阿拉伯數字）,50.7,50.7
380,65,65.請問你的體重______公斤（僅能填答阿拉伯數字）,50.9,50.9
380,65,65.請問你的體重______公斤（僅能填答阿拉伯數字）,51.0,51.0
380,65,65.請問你的體重______公斤（僅能填答阿拉伯數字）,51.25,51.25
380,65,65.請問你的體重______公斤（僅能填答阿拉伯數字）,51.4142135,51.4142135
380,65,65.請問你的體重______公斤（僅能填答阿拉伯數字）,51.7,51.7
380,65,65.請問你的體重______公斤（僅能填答阿拉伯數字）,51.8,51.8
380,65,65.請問你的體重______公斤（僅能填答阿拉伯數字）,52.0,52.0
380,65,65.請問你的體重______公斤（僅能填答阿拉伯數字）,52.2,52.2
380,65,65.請問你的體重______公斤（僅能填答阿拉伯數字）,52.3,52.3
380,65,65.請問你的體重______公斤（僅能填答阿拉伯數字）,52.4,52.4
380,65,65.請問你的體重______公斤（僅能填答阿拉伯數字）,52.5,52.5
380,65,65.請問你的體重______公斤（僅能填答阿拉伯數字）,52.7,52.7
380,65,65.請問你的體重______公斤（僅能填答阿拉伯數字）,52.8,52.8
380,65,65.請問你的體重______公斤（僅能填答阿拉伯數字）,53.0,53.0
380,65,65.請問你的體重______公斤（僅能填答阿拉伯數字）,53.4,53.4
380,65,65.請問你的體重______公斤（僅能填答阿拉伯數字）,53.5,53.5
380,65,65.請問你的體重______公斤（僅能填答阿拉伯數字）,53.6,53.6
380,65,65.請問你的體重______公斤（僅能填答阿拉伯數字）,53.7,53.7
380,65,65.請問你的體重______公斤（僅能填答阿拉伯數字）,54.0,54.0
380,65,65.請問你的體重______公斤（僅能填答阿拉伯數字）,54.2,54.2
380,65,65.請問你的體重______公斤（僅能填答阿拉伯數字）,54.3,54.3
380,65,65.請問你的體重______公斤（僅能填答阿拉伯數字）,54.4,54.4
380,65,65.請問你的體重______公斤（僅能填答阿拉伯數字）,54.5,54.5
380,65,65.請問你的體重______公斤（僅能填答阿拉伯數字）,54.6,54.6
380,65,65.請問你的體重______公斤（僅能填答阿拉伯數字）,54.8,54.8
380,65,65.請問你的體重______公斤（僅能填答阿拉伯數字）,55.0,55.0
380,65,65.請問你的體重______公斤（僅能填答阿拉伯數字）,55.3,55.3
380,65,65.請問你的體重______公斤（僅能填答阿拉伯數字）,55.4,55.4
380,65,65.請問你的體重______公斤（僅能填答阿拉伯數字）,55.5,55.5
380,65,65.請問你的體重______公斤（僅能填答阿拉伯數字）,55.8,55.8
380,65,65.請問你的體重______公斤（僅能填答阿拉伯數字）,56.0,56.0
380,65,65.請問你的體重______公斤（僅能填答阿拉伯數字）,56.1,56.1
380,65,65.請問你的體重______公斤（僅能填答阿拉伯數字）,56.2,56.2
380,65,65.請問你的體重______公斤（僅能填答阿拉伯數字）,56.5,56.5
380,65,65.請問你的體重______公斤（僅能填答阿拉伯數字）,57.0,57.0
380,65,65.請問你的體重______公斤（僅能填答阿拉伯數字）,57.1,57.1
380,65,65.請問你的體重______公斤（僅能填答阿拉伯數字）,57.4,57.4
380,65,65.請問你的體重______公斤（僅能填答阿拉伯數字）,57.5,57.5
380,65,65.請問你的體重______公斤（僅能填答阿拉伯數字）,57.6,57.6
380,65,65.請問你的體重______公斤（僅能填答阿拉伯數字）,58.0,58.0
380,65,65.請問你的體重______公斤（僅能填答阿拉伯數字）,58.5,58.5
380,65,65.請問你的體重______公斤（僅能填答阿拉伯數字）,58.7,58.7
380,65,65.請問你的體重______公斤（僅能填答阿拉伯數字）,59.0,59.0
380,65,65.請問你的體重______公斤（僅能填答阿拉伯數字）,59.1,59.1
380,65,65.請問你的體重______公斤（僅能填答阿拉伯數字）,59.5,59.5
380,65,65.請問你的體重______公斤（僅能填答阿拉伯數字）,59.9,59.9
380,65,65.請問你的體重______公斤（僅能填答阿拉伯數字）,60.0,60.0
380,65,65.請問你的體重______公斤（僅能填答阿拉伯數字）,60.2,60.2
380,65,65.請問你的體重______公斤（僅能填答阿拉伯數字）,60.8,60.8
380,65,65.請問你的體重______公斤（僅能填答阿拉伯數字）,61.0,61.0
380,65,65.請問你的體重______公斤（僅能填答阿拉伯數字）,61.5,61.5
380,65,65.請問你的體重______公斤（僅能填答阿拉伯數字）,62.0,62.0
380,65,65.請問你的體重______公斤（僅能填答阿拉伯數字）,62.8,62.8
380,65,65.請問你的體重______公斤（僅能填答阿拉伯數字）,63.0,63.0
380,65,65.請問你的體重______公斤（僅能填答阿拉伯數字）,63.4,63.4
380,65,65.請問你的體重______公斤（僅能填答阿拉伯數字）,63.5,63.5
380,65,65.請問你的體重______公斤（僅能填答阿拉伯數字）,63.7,63.7
380,65,65.請問你的體重______公斤（僅能填答阿拉伯數字）,64.0,64.0
380,65,65.請問你的體重______公斤（僅能填答阿拉伯數字）,64.3,64.3
380,65,65.請問你的體重______公斤（僅能填答阿拉伯數字）,64.6,64.6
380,65,65.請問你的體重______公斤（僅能填答阿拉伯數字）,64.7,64.7
380,65,65.請問你的體重______公斤（僅能填答阿拉伯數字）,64.9,64.9
380,65,65.請問你的體重______公斤（僅能填答阿拉伯數字）,65.0,65.0
380,65,65.請問你的體重______公斤（僅能填答阿拉伯數字）,66.0,66.0
380,65,65.請問你的體重______公斤（僅能填答阿拉伯數字）,66.3,66.3
380,65,65.請問你的體重______公斤（僅能填答阿拉伯數字）,66.5,66.5
380,65,65.請問你的體重______公斤（僅能填答阿拉伯數字）,66.6,66.6
380,65,65.請問你的體重______公斤（僅能填答阿拉伯數字）,66.7,66.7
380,65,65.請問你的體重______公斤（僅能填答阿拉伯數字）,66.8,66.8
380,65,65.請問你的體重______公斤（僅能填答阿拉伯數字）,67.0,67.0
380,65,65.請問你的體重______公斤（僅能填答阿拉伯數字）,67.2,67.2
380,65,65.請問你的體重______公斤（僅能填答阿拉伯數字）,67.5,67.5
380,65,65.請問你的體重______公斤（僅能填答阿拉伯數字）,68.0,68.0
380,65,65.請問你的體重______公斤（僅能填答阿拉伯數字）,68.1,68.1
380,65,65.請問你的體重______公斤（僅能填答阿拉伯數字）,68.2,68.2
380,65,65.請問你的體重______公斤（僅能填答阿拉伯數字）,69.0,69.0
380,65,65.請問你的體重______公斤（僅能填答阿拉伯數字）,69.9,69.9
380,65,65.請問你的體重______公斤（僅能填答阿拉伯數字）,70.0,70.0
380,65,65.請問你的體重______公斤（僅能填答阿拉伯數字）,71.0,71.0
380,65,65.請問你的體重______公斤（僅能填答阿拉伯數字）,71.1,71.1
380,65,65.請問你的體重______公斤（僅能填答阿拉伯數字）,71.4,71.4
380,65,65.請問你的體重______公斤（僅能填答阿拉伯數字）,72.0,72.0
380,65,65.請問你的體重______公斤（僅能填答阿拉伯數字）,72.5,72.5
380,65,65.請問你的體重______公斤（僅能填答阿拉伯數字）,72.8,72.8
380,65,65.請問你的體重______公斤（僅能填答阿拉伯數字）,73.0,73.0
380,65,65.請問你的體重______公斤（僅能填答阿拉伯數字）,73.2,73.2
380,65,65.請問你的體重______公斤（僅能填答阿拉伯數字）,74.0,74.0
380,65,65.請問你的體重______公斤（僅能填答阿拉伯數字）,74.3,74.3
380,65,65.請問你的體重______公斤（僅能填答阿拉伯數字）,74.6,74.6
380,65,65.請問你的體重______公斤（僅能填答阿拉伯數字）,74.7,74.7
380,65,65.請問你的體重______公斤（僅能填答阿拉伯數字）,75.0,75.0
380,65,65.請問你的體重______公斤（僅能填答阿拉伯數字）,75.3,75.3
380,65,65.請問你的體重______公斤（僅能填答阿拉伯數字）,75.4,75.4
380,65,65.請問你的體重______公斤（僅能填答阿拉伯數字）,76.0,76.0
380,65,65.請問你的體重______公斤（僅能填答阿拉伯數字）,77.0,77.0
380,65,65.請問你的體重______公斤（僅能填答阿拉伯數字）,77.4,77.4
380,65,65.請問你的體重______公斤（僅能填答阿拉伯數字）,78.0,78.0
380,65,65.請問你的體重______公斤（僅能填答阿拉伯數字）,79.0,79.0
380,65,65.請問你的體重______公斤（僅能填答阿拉伯數字）,79.1,79.1
380,65,65.請問你的體重______公斤（僅能填答阿拉伯數字）,80.0,80.0
380,65,65.請問你的體重______公斤（僅能填答阿拉伯數字）,80.3,80.3
380,65,65.請問你的體重______公斤（僅能填答阿拉伯數字）,81.0,81.0
380,65,65.請問你的體重______公斤（僅能填答阿拉伯數字）,82.0,82.0
380,65,65.請問你的體重______公斤（僅能填答阿拉伯數字）,82.3,82.3
380,65,65.請問你的體重______公斤（僅能填答阿拉伯數字）,83.0,83.0
380,65,65.請問你的體重______公斤（僅能填答阿拉伯數字）,83.2,83.2
380,65,65.請問你的體重______公斤（僅能填答阿拉伯數字）,84.0,84.0
380,65,65.請問你的體重______公斤（僅能填答阿拉伯數字）,84.5,84.5
380,65,65.請問你的體重______公斤（僅能填答阿拉伯數字）,85.0,85.0
380,65,65.請問你的體重______公斤（僅能填答阿拉伯數字）,86.0,86.0
380,65,65.請問你的體重______公斤（僅能填答阿拉伯數字）,87.0,87.0
380,65,65.請問你的體重______公斤（僅能填答阿拉伯數字）,88.0,88.0
380,65,65.請問你的體重______公斤（僅能填答阿拉伯數字）,88.55,88.55
380,65,65.請問你的體重______公斤（僅能填答阿拉伯數字）,88.6,88.6
380,65,65.請問你的體重______公斤（僅能填答阿拉伯數字）,89.0,89.0
380,65,65.請問你的體重______公斤（僅能填答阿拉伯數字）,89.7,89.7
380,65,65.請問你的體重______公斤（僅能填答阿拉伯數字）,90.0,90.0
380,65,65.請問你的體重______公斤（僅能填答阿拉伯數字）,91.0,91.0
380,65,65.請問你的體重______公斤（僅能填答阿拉伯數字）,92.0,92.0
380,65,65.請問你的體重______公斤（僅能填答阿拉伯數字）,92.1,92.1
380,65,65.請問你的體重______公斤（僅能填答阿拉伯數字）,93.0,93.0
380,65,65.請問你的體重______公斤（僅能填答阿拉伯數字）,94.0,94.0
380,65,65.請問你的體重______公斤（僅能填答阿拉伯數字）,95.0,95.0
380,65,65.請問你的體重______公斤（僅能填答阿拉伯數字）,96.0,96.0
380,65,65.請問你的體重______公斤（僅能填答阿拉伯數字）,96.3,96.3
380,65,65.請問你的體重______公斤（僅能填答阿拉伯數字）,97.0,97.0
380,65,65.請問你的體重______公斤（僅能填答阿拉伯數字）,98.0,98.0
380,65,65.請問你的體重______公斤（僅能填答阿拉伯數字）,98.2,98.2
380,65,65.請問你的體重______公斤（僅能填答阿拉伯數字）,99.0,99.0
381,66,66.請勾選出你認為最符合你目前體型的選項：,1,1
381,66,66.請勾選出你認為最符合你目前體型的選項：,2,2
381,66,66.請勾選出你認為最符合你目前體型的選項：,3,3
381,66,66.請勾選出你認為最符合你目前體型的選項：,4,4
381,66,66.請勾選出你認為最符合你目前體型的選項：,5,5
381,66,66.請勾選出你認為最符合你目前體型的選項：,6,6
381,66,66.請勾選出你認為最符合你目前體型的選項：,7,7
381,66,66.請勾選出你認為最符合你目前體型的選項：,8,8
381,66,66.請勾選出你認為最符合你目前體型的選項：,9,9
