student_id,y_true,y_pred,split
s112011301024,0.017857144,0.17825602,train
s112011301025,0.2857143,0.18098973,train
s112011301026,0.0,0.15138224,train
s112011301028,0.125,0.18034023,train
s112011301031,0.05357143,0.16944678,train
s112011301032,0.035714287,0.16207562,train
s112011301033,0.0,0.16927809,train
s112011301034,0.071428575,0.18588024,train
s112011301035,0.75,0.20569934,train
s112011301037,0.51785713,0.18969399,train
s112011301038,0.42857143,0.1708697,train
s112011301039,0.017857144,0.17549668,train
s112011301040,0.0,0.18279944,train
s112011301042,0.0,0.120503075,train
s112011301043,0.10714286,0.15128365,train
s112011301044,0.0,0.14657922,train
s112011301045,0.0,0.13244003,train
s112011301046,0.75,0.22347435,train
s112011301047,0.0,0.13465045,train
s112011301048,0.14285715,0.113643914,train
s112011301049,0.017857144,0.2460287,train
s112011301050,0.08928572,0.1481567,train
s112011301052,0.375,0.2293061,train
s112011301054,0.17857143,0.14221027,train
s112011301055,0.071428575,0.20037466,train
s112011301056,0.0,0.1484811,train
s112011301057,0.17857143,0.13915052,train
s113011301004,0.017857144,0.16092534,train
s112011301061,0.071428575,0.11492552,test
s112011301062,0.14285715,0.14453815,test
s112011301063,0.071428575,0.11365702,test
s112011301064,0.0,0.11928429,test
s112011301065,0.017857144,0.16290085,test
s112011301067,0.0,0.116528764,test
s112011301068,1.0,0.1019828,test
s112011301069,0.08928572,0.1421755,test
s112011301070,0.0,0.08949733,test
s112011301071,0.0,0.16050647,test
s112011301072,0.16071428,0.16690926,test
s112011301073,0.39285713,0.10943125,test
s112011301074,0.035714287,0.12577869,test
s112011301075,0.0,0.1472352,test
s112011301076,0.05357143,0.07225673,test
s112011301078,0.21428572,0.12255028,test
s112011301079,0.0,0.1496999,test
s112011301080,0.017857144,0.11812326,test
s112011301081,0.0,0.12413017,test
s112011301082,0.0,0.16103658,test
s112011301083,0.14285715,0.13438089,test
s112011301084,0.17857143,0.13524534,test
s112011301086,0.08928572,0.133437,test
s112011301087,0.26785713,0.15397255,test
s112011301088,0.0,0.16044699,test
s112011301089,0.0,0.15351751,test
s112011301090,0.42857143,0.15995781,test
s112011301094,0.21428572,0.16847183,test
s112011306023,0.10714286,0.26775724,train
s112011306026,0.4107143,0.30462438,train
s112011306027,0.035714287,0.16808933,train
s112011306029,0.035714287,0.15636986,train
s112011306034,0.08928572,0.13406676,train
s112011306037,0.26785713,0.092513464,train
s112011306038,0.071428575,0.15814415,train
s112011306039,0.035714287,0.1153433,train
s112011306042,0.83928573,0.24237826,train
s112011306043,0.17857143,0.1299387,train
s112011306044,0.48214287,0.117049016,train
s112011306045,0.035714287,0.22311981,train
s112011306046,0.25,0.17475803,train
s112011306049,0.071428575,0.033692487,train
s112011306050,0.16071428,0.17098843,train
s112011306051,0.05357143,0.097461015,train
s112011306053,0.08928572,0.124498725,train
s112011306054,0.42857143,0.28577834,train
s112011306055,0.5535714,0.28847262,train
s112011306056,0.0,0.11631371,train
s112011306057,0.64285713,0.29400533,train
s112011306058,0.32142857,0.1502613,train
s112011324025,0.125,0.16930526,train
s112011324026,0.625,0.087513104,train
s112011324027,0.5,0.1493685,train
s112011324028,0.035714287,0.088379934,train
s112011324030,0.0,0.15145655,train
s112011324032,0.125,0.15052862,train
s112011324033,0.0,0.09325966,train
s112011324034,0.0,0.11260919,train
s112011324036,0.0,0.08182321,train
s112011324037,0.14285715,0.11074132,train
s112011324038,0.08928572,0.09489013,train
s112011324040,0.08928572,0.10775306,train
s112011324041,0.23214285,0.09014744,train
s112011324042,0.071428575,0.078577325,train
s112011324043,0.5,0.1506346,train
s112011324044,0.42857143,0.24718362,train
s112011324045,0.5535714,0.23055959,train
s112011324046,0.14285715,0.13372993,train
s112011324048,0.3392857,0.14012684,train
s112011324049,0.17857143,0.14375754,train
s112011324050,0.017857144,0.1987493,train
s112011324051,0.10714286,0.07811996,train
s112011324052,0.017857144,0.08224709,train
s112011324053,0.32142857,0.105614245,train
s112011324054,0.017857144,0.08200816,train
s112011324055,0.25,0.13428697,train
s112011324056,0.5535714,0.20349427,train
s112011324057,0.26785713,0.09639294,train
s112011324058,0.39285713,0.27520603,train
s112011324059,0.25,0.13326007,train
s112011324060,0.21428572,0.08906767,train
s112011324061,0.23214285,0.08528093,train
s112011324062,0.14285715,0.13018838,train
s112011324063,0.0,0.12617734,train
s112011324073,0.44642857,0.36814523,train
s112011324083,0.0,0.18841366,train
s112011324094,0.19642857,0.20508102,train
s112011324097,0.08928572,0.058574542,train
s112014302024,0.17857143,0.16405189,train
s112014302028,0.0,0.16364591,train
s112014302031,0.0,0.15430087,train
s112014302033,0.0,0.17187874,train
s112014302034,1.0,0.17019588,train
s112014302035,0.0,0.17147177,train
s112014302036,0.625,0.16910352,train
s112014302037,0.10714286,0.17579484,train
s112014302038,0.0,0.17186464,train
s112014302043,0.39285713,0.17386495,train
s112014302044,0.23214285,0.21653347,train
s112014302045,0.071428575,0.103784844,train
s112014302046,0.14285715,0.17633308,train
s112014302050,0.071428575,0.18235092,train
s112014302051,0.035714287,0.16653222,train
s112014302054,0.05357143,0.17200302,train
s112014302057,0.0,0.16908878,test
s112014302059,0.125,0.12575233,test
s112014302060,0.035714287,0.16396874,test
s112014302061,0.0,0.14157149,test
s112014302062,0.5,0.15893537,test
s112014302063,0.071428575,0.18669713,test
s112014302064,0.0,0.12327526,test
s112014302066,0.017857144,0.19373998,test
s112014302067,0.19642857,0.20541416,test
s112014302068,0.0,0.1685342,test
s112014302071,0.53571427,0.236835,test
s112014302073,0.32142857,0.23168042,test
s112014302075,0.017857144,0.31441572,test
s112014302076,0.23214285,0.2452839,test
s112014302077,0.0,0.26826227,test
s112014302078,0.58928573,0.24755996,test
s112014302079,0.0,0.1106507,test
s112014302080,0.42857143,0.24947843,test
s112014302081,0.0,0.21410318,test
s112014302084,0.035714287,0.20156023,test
s112014302085,0.16071428,0.21167001,test
s112014322024,0.0,0.14882824,train
s112014322025,0.44642857,0.14561343,train
s112014322026,0.35714287,0.21068072,train
s112014322027,0.17857143,0.2150397,train
s112014322028,0.19642857,0.15832807,train
s112014322029,0.0,0.16891825,train
s112014322030,0.0,0.16856384,train
s112014322031,0.5,0.21376318,train
s112014322032,0.0,0.20486647,train
s112014322033,0.85714287,0.2749562,train
s112014322034,0.32142857,0.19995564,train
s112014322035,0.0,0.18406469,train
s112014322036,0.0,0.17737633,train
s112014322039,0.5535714,0.21820723,train
s112014322040,0.017857144,0.19161406,train
s112014322041,0.10714286,0.14311673,train
s112014322042,0.071428575,0.15637797,train
s112014322043,0.58928573,0.23117767,train
s112014322044,0.26785713,0.20990795,train
s112014322045,0.17857143,0.1786888,train
s112014322046,0.19642857,0.13785537,train
s112014322047,0.035714287,0.20191199,train
s112014322048,0.017857144,0.14531766,train
s112014322049,0.19642857,0.20262404,train
s112014322052,0.75,0.183144,train
s112014322055,0.16071428,0.15164259,train
s112014322056,0.125,0.14530079,train
s112014322057,0.16071428,0.16406652,train
s112014322058,0.05357143,0.123286456,train
s112014322059,0.05357143,0.14836687,train
s112014322060,0.035714287,0.14721723,train
s112014322061,0.035714287,0.20085242,train
s112014322062,0.0,0.1528107,train
s112014322063,0.0,0.22364025,train
s112014322064,0.125,0.15722314,train
s112014322065,0.16071428,0.14167584,train
s112014322066,0.05357143,0.15061714,train
s112014322067,0.17857143,0.12857303,train
s112014322068,0.125,0.12227642,train
s112014322069,0.39285713,0.11731323,train
s112014322070,0.17857143,0.11931744,train
s112014322071,0.35714287,0.13140772,train
s112014322072,0.89285713,0.179226,train
s112014322073,0.05357143,0.14603254,train
s112014322074,0.05357143,0.19603887,train
s112014322075,0.4642857,0.19818383,train
s112014322076,0.14285715,0.13797359,train
s112014322077,0.0,0.103779696,train
s112014322078,0.23214285,0.11924814,train
s112014332025,0.05357143,0.1719743,train
s112014332026,0.071428575,0.17437117,train
s112014332027,0.53571427,0.17520285,train
s112014332028,0.0,0.18298496,train
s112014332029,0.5,0.19107878,train
s112014332030,0.017857144,0.1669696,train
s112014332031,0.071428575,0.17857793,train
s112014332032,0.5,0.17468306,train
s112014332033,1.0,0.16421539,train
s112014332034,0.0,0.15098554,train
s112014332035,0.73214287,0.22261067,train
s112014332036,0.32142857,0.2102414,train
s112014332037,0.39285713,0.2049995,train
s112014332038,0.19642857,0.16349241,train
s112014332039,0.0,0.16846193,train
s112014332040,0.25,0.15289395,train
s112014332041,0.35714287,0.20376989,train
s112014332042,0.58928573,0.17988387,train
s112014332044,0.2857143,0.21057633,train
s112014332045,0.035714287,0.18920968,train
s112014332046,0.19642857,0.18855636,train
s112014332047,0.23214285,0.20463206,train
s112014332048,0.5535714,0.18528295,train
s112014332049,0.08928572,0.20047927,train
s112014332052,0.4642857,0.2623732,test
s112014332053,0.0,0.20058319,test
s112014332054,0.125,0.2064816,test
s112014332055,0.375,0.19074798,test
s112014332056,1.0,0.23458505,test
s112014332058,0.30357143,0.20894495,test
s112014332059,0.08928572,0.18176854,test
s112014332060,0.75,0.2944141,test
s112014332061,0.66071427,0.17522356,test
s112014332062,0.26785713,0.15391251,test
s112014332063,1.0,0.21338156,test
s112014332064,0.85714287,0.1648077,test
s112014332065,1.0,0.18611857,test
s112014332066,0.16071428,0.21214405,test
s112014332068,0.0,0.2634275,test
s112014332069,0.05357143,0.26356533,test
s112014332070,0.071428575,0.25196666,test
s112014332071,0.23214285,0.22752075,test
s112014332072,0.30357143,0.23500429,test
s112014332073,0.0,0.23027912,test
s112014332075,0.32142857,0.25256395,test
s112014332076,0.3392857,0.24535686,test
s112014332077,0.5,0.21248545,test
s112014332078,0.5,0.18006887,test
s112014332079,0.017857144,0.22117229,test
s112014332080,0.2857143,0.25935093,test
s112014332081,0.05357143,0.1792573,test
s112014332082,0.75,0.24176535,test
s112014356024,0.21428572,0.19497171,train
s112014356025,0.0,0.11757586,train
s112014356026,0.071428575,0.13542986,train
s112014356027,0.0,0.13888118,train
s112014356028,0.0,0.11681122,train
s112014356029,0.0,0.1257479,train
s112014356030,0.0,0.11717435,train
s112014356031,0.035714287,0.18689579,train
s112014356032,0.75,0.1746542,train
s112014356033,0.5,0.15381952,train
s112014356034,0.0,0.1429524,train
s112014356036,0.30357143,0.20766121,train
s112014356037,0.26785713,0.19588645,train
s112014356038,0.2857143,0.2091908,train
s112014356039,0.0,0.17818671,train
s112014356040,0.23214285,0.234287,train
s112014356041,0.017857144,0.20829111,train
s112014356042,0.30357143,0.19893521,train
s112014356043,0.0,0.16692851,train
s112014356044,0.017857144,0.19242322,train
s112014356045,0.35714287,0.22697057,train
s112014356046,0.16071428,0.24756297,train
s112014356047,0.0,0.23395652,train
s112014356048,0.0,0.24813217,train
s112014356049,0.75,0.20132849,train
s112014356050,0.0,0.19880065,train
s113014356003,0.6964286,0.13625325,train
s113014356004,0.4107143,0.23544738,train
s112014356057,0.625,0.20257781,train
s112014356059,0.0,0.12752762,train
s112014356061,0.39285713,0.1869816,train
s112014356065,0.0,0.14398597,train
s112014356066,0.125,0.15072706,train
s112014356071,0.14285715,0.14197178,train
s112014356073,0.2857143,0.21123403,train
s113014356005,0.23214285,0.1493901,train
s112014364024,0.017857144,0.10187108,train
s112014364025,0.0,0.11916998,train
s112014364026,0.0,0.10717461,train
s112014364027,1.0,0.10471727,train
s112014364028,0.10714286,0.11160347,train
s112014364029,0.0,0.11612363,train
s112014364030,0.0,0.10281363,train
s112014364031,0.0,0.10591046,train
s112014364032,0.0,0.09992492,train
s112014364033,0.0,0.12354373,train
s112014364034,0.0,0.103487164,train
s112014364035,0.21428572,0.12164549,train
s112014364036,0.05357143,0.10136296,train
s112014364037,0.16071428,0.10232221,train
s112014364040,0.08928572,0.13280615,train
s112014364041,0.8035714,0.1631456,train
s112014364042,0.8214286,0.19537342,train
s112014364043,0.10714286,0.17899755,train
s112014364044,0.23214285,0.11890702,train
s112014364045,0.071428575,0.19773616,train
s112014364046,0.0,0.17965548,train
s112014364047,0.125,0.2040316,train
s112014364048,0.375,0.13976227,train
s112014364049,0.0,0.18108627,train
s112014364050,0.16071428,0.19384032,train
s112014364053,0.071428575,0.15546125,test
s112014364054,0.035714287,0.13613042,test
s112014364055,0.5,0.13038325,test
s112014364058,0.39285713,0.17179504,test
s112014364059,0.017857144,-0.020598307,test
s112014364060,0.017857144,0.10311869,test
s112014364061,0.25,0.15499988,test
s112014364062,0.75,0.15148467,test
s112014364063,0.125,0.13457173,test
s112014364065,0.035714287,0.12957743,test
s112014364066,0.05357143,0.13780296,test
s112014364067,0.017857144,0.1139874,test
s112014364068,0.0,0.12571216,test
s112014364069,0.08928572,0.120304175,test
s112014364070,0.48214287,0.20982045,test
s112014364071,0.16071428,0.20262209,test
s112014364073,0.10714286,0.12320496,test
s112014364074,0.98214287,0.17100935,test
s112014364075,0.071428575,0.23092116,test
s112014364076,0.08928572,0.045252234,test
s112014364077,0.19642857,0.21354553,test
s112014364079,0.0,0.15032306,test
s112014364080,0.5535714,0.16389175,test
s112014505024,0.5,0.23464465,test
s112014505025,0.0,0.24936569,test
s112014505026,0.017857144,0.29731777,test
s112014505028,0.375,0.20505065,test
s112014505029,0.035714287,0.15209147,test
s112014505030,0.0,0.14087443,test
s112014505031,0.0,0.14750135,test
s112014505032,0.17857143,0.16505148,test
s112014505034,0.035714287,0.14879589,test
s112014505035,0.0,0.1482545,test
s112014505036,0.0,0.14195754,test
s112014505037,0.0,0.26822567,test
s112014505038,0.0,0.25141865,test
s112014505039,0.2857143,0.2347463,test
s112014505040,0.4107143,0.25540507,test
s112014505042,0.05357143,0.2460571,test
s112014505043,0.19642857,0.19131607,test
s112014505045,0.10714286,0.18362096,test
s112014505047,0.0,0.25489768,test
s112014505048,0.0,0.23879127,test
s112014505051,0.05357143,0.25709906,test
s112014505052,0.375,0.26209283,test
s112014505053,0.071428575,0.1876964,test
s112014505054,0.017857144,0.21163028,test
s112014505055,0.0,0.17452149,test
s112014505059,0.0,0.24289423,test
s112014505060,0.17857143,0.15580021,test
s112014505062,0.0,0.14519866,test
s112014505063,0.08928572,0.15889986,test
s112014505064,0.035714287,0.14782512,test
s112014505065,0.035714287,0.143512,test
s112014505066,0.071428575,0.154116,test
s112014505067,0.017857144,0.19949876,test
s112014505069,0.76785713,0.14711946,test
s112014505070,0.25,0.15509234,test
s112014505071,0.017857144,0.17456807,test
s112014505072,0.44642857,0.22836262,test
s112014505073,0.05357143,0.21213445,test
s112014505074,0.0,0.18923485,test
s112014505076,0.0,0.23172769,test
s112014505077,0.14285715,0.20235595,test
s112014505078,0.23214285,0.21022263,test
s112014505079,0.0,0.21910626,test
s112014505080,0.42857143,0.20056798,test
s112014505081,0.035714287,0.19745967,test
s112014505083,0.0,0.22314951,test
s112014505084,0.23214285,0.22256355,test
s112014505085,0.071428575,0.22082171,test
s112014505086,0.017857144,0.23870477,test
s112014509024,0.0,0.22713825,test
s112014509025,0.51785713,0.19324814,test
s112014509026,0.071428575,0.18859942,test
s112014509028,0.17857143,0.1467571,test
s112014509029,0.0,0.16038814,test
s112014509030,0.14285715,0.16512391,test
s112014509031,0.035714287,0.16545293,test
s112014509032,0.14285715,0.18863258,test
s112014509033,0.035714287,0.18647078,test
s112014509034,0.0,0.19121751,test
s112014509035,0.39285713,0.17740671,test
s112014509036,0.26785713,0.17043665,test
s112014509037,0.35714287,0.18062761,test
s112014509038,0.9285714,0.1873287,test
s112014509042,0.42857143,0.25941896,test
s112014509043,0.23214285,0.23265527,test
s112014509044,0.39285713,0.18269211,test
s112014509045,0.42857143,0.1624023,test
s112014509046,0.39285713,0.22884205,test
s112014509047,0.05357143,0.116473496,test
s112014509048,0.0,0.14029917,test
s112014509055,0.05357143,0.39625508,val
s112014509056,1.0,0.39625508,val
s112014509057,0.0,0.20344615,val
s112014509058,0.0,0.22283927,val
s112014509060,0.19642857,0.3841291,val
s112014509061,0.9464286,0.23805937,val
s112014509062,0.19642857,0.19863202,val
s112014509063,0.64285713,0.15615503,val
s112014509064,0.0,0.163988,val
s112014509065,0.017857144,0.18739164,val
s112014509066,0.5,0.18721747,val
s112014509067,0.125,0.2168571,val
s112014509069,0.75,0.24689773,val
s112014509070,0.19642857,0.22595343,val
s112014509071,0.58928573,0.23715475,val
s112014509072,0.2857143,0.24145709,val
s112014509073,0.0,0.21582197,val
s112014509074,0.125,0.24951863,val
s112014509075,0.19642857,0.24243122,val
s112014509076,0.60714287,0.22593513,val
s112014509077,0.4107143,0.2255075,val
s112014509078,0.16071428,0.24394928,val
s112014510024,0.0,0.12273919,train
s112014510025,0.035714287,0.10255045,train
s112014510026,0.0,0.054950632,train
s112014510030,0.17857143,0.10402226,train
s112014510031,0.0,0.11660915,train
s112014510032,0.08928572,0.10540256,train
s112014510033,0.17857143,0.11792016,train
s112014510034,0.0,0.101140596,train
s112014510035,0.0,0.09864123,train
s112014510037,0.017857144,0.15517884,train
s112014510038,0.0,0.16744635,train
s112014510039,0.14285715,0.1682593,train
s112014510040,0.2857143,0.17748769,train
s112014510041,0.10714286,0.12527487,train
s112014510043,0.017857144,0.15314153,train
s112014510044,0.17857143,0.16307335,train
s112014510045,0.071428575,0.16257347,train
s112014510046,0.60714287,0.15793967,train
s112014510047,0.16071428,0.14818066,train
s112014510049,0.071428575,0.18784897,train
s113014510005,0.05357143,0.16996497,train
s112014510053,0.14285715,0.15968172,train
s112014510054,0.25,0.14535192,train
s112014510055,0.0,0.17141764,train
s112014510057,0.0,0.15645903,train
s112014510059,0.071428575,0.14103056,train
s112014510060,0.017857144,0.13878453,train
s112014510061,0.035714287,0.15773812,train
s112014510062,0.21428572,0.1401115,train
s112014510063,0.14285715,0.302934,train
s112014510064,0.6785714,0.30616584,train
s112014510066,0.39285713,0.28743666,train
s112014510067,0.14285715,0.362791,train
s112014510069,0.035714287,0.26881883,train
s112014510070,0.5714286,0.28280413,train
s112014510071,0.83928573,0.36727366,train
s112014510072,0.30357143,0.20641848,train
s112014510073,0.26785713,0.32358712,train
s112014510074,0.85714287,0.2861862,train
s112014510075,0.25,0.1670646,train
s113014510003,0.0,0.17801791,train
s113014510004,0.10714286,0.28825867,train
s112014513024,0.0,0.098086566,train
s112014513025,0.0,0.10411999,train
s112014513026,0.0,0.10940983,train
s112014513027,0.0,0.095235735,train
s112014513028,0.0,0.10226482,train
s112014513029,0.05357143,0.112455085,train
s112014513030,0.0,0.09211722,train
s112014513031,0.0,0.09579268,train
s112014513032,0.39285713,0.104631975,train
s112014513033,0.17857143,0.099017784,train
s112014513034,0.10714286,0.105144955,train
s112014513035,0.071428575,0.103778005,train
s112014513036,0.26785713,0.115756065,train
s112014513037,0.0,0.090979025,train
s112014513039,0.08928572,0.20380636,train
s112014513041,0.08928572,0.11240322,train
s112014513042,0.08928572,0.12422499,train
s112014513043,0.0,0.17136765,train
s112014513044,0.035714287,0.11159807,train
s112014513045,0.05357143,0.115861215,train
s112014513046,0.0,0.11201031,train
s112014513052,0.125,0.16747008,test
s112014513054,0.17857143,0.1554122,test
s112014513055,0.0,0.14878851,test
s112014513056,0.5,0.17443535,test
s112014513059,0.08928572,0.16556966,test
s112014513060,0.035714287,0.17472294,test
s112014513062,0.53571427,0.19848713,test
s112014513063,0.0,0.15712225,test
s112014513064,0.19642857,0.23314843,test
s112014513065,0.10714286,0.22663042,test
s112014513066,0.14285715,0.2394407,test
s112014513067,0.071428575,0.20020413,test
s112014513069,0.0,0.18625703,test
s112014513071,0.017857144,0.43658328,test
s112014513072,0.19642857,0.2132344,test
s112014513074,0.21428572,0.18622914,test
s112014513075,0.16071428,0.18482694,test
s112014513077,0.5,0.23150194,test
s112014514024,0.17857143,0.24473462,test
s112014514025,0.64285713,0.21772438,test
s112014514027,0.78571427,0.23068172,test
s112014514028,0.10714286,0.15660492,test
s112014514029,0.5535714,0.23110853,test
s112014514030,0.16071428,0.24437177,test
s112014514032,0.25,0.17679639,test
s112014514033,0.23214285,0.18785837,test
s112014514034,0.05357143,0.15348311,test
s112014514035,0.16071428,0.26622003,test
s112014514036,0.05357143,0.14877635,test
s112014514038,0.2857143,0.1592081,test
s112014514039,0.08928572,0.20184971,test
s112014514040,0.25,0.060005516,test
s112014514041,0.125,0.14517732,test
s112014514042,0.5,0.13469458,test
s112014514043,0.0,0.12944472,test
s112014514044,1.0,0.12856942,test
s112014514045,0.035714287,0.103929475,test
s112014514046,0.08928572,0.1319647,test
s112014514047,0.0,0.13169725,test
s112014514048,0.25,0.12404576,test
s112014514049,0.0,0.15525465,test
s112014514050,0.035714287,0.14040709,test
s112014514054,0.035714287,0.19763044,train
s112014514056,0.0,0.211709,train
s112014514057,0.05357143,0.22186811,train
s112014514060,0.08928572,0.2124573,train
s112014514061,0.0,0.15270907,train
s112014514064,0.14285715,0.20787084,train
s112014514065,1.0,0.20197907,train
s112014514066,0.0,0.16386728,train
s112014514068,0.25,0.21497148,train
s112014514069,0.0,0.2172291,train
s112014514070,0.0,0.18814097,train
s112014514071,0.0,0.20982458,train
s112014514072,0.0,0.21197152,train
s112014514073,0.35714287,0.19256574,train
s112014514075,0.017857144,0.2108728,train
s112014514076,0.2857143,0.2052371,train
s112014514077,1.0,0.19225137,train
s112014514078,0.75,0.20872158,train
s112014514079,0.0,0.19728898,train
s112014516025,0.0,0.101393774,train
s112014516026,0.0,0.099187,train
s112014516030,0.017857144,0.12796962,train
s112014516031,0.0,0.09541269,train
s112014516032,0.125,0.06960647,train
s112014516033,0.21428572,0.11099698,train
s112014516034,0.0,0.07132326,train
s112014516037,0.19642857,0.27655542,train
s112014516038,0.21428572,0.27384102,train
s112014516039,0.0,0.18374813,train
s112014516040,0.017857144,0.1969553,train
s112014516042,0.9464286,0.31972137,train
s112014516043,0.0,0.3011989,train
s112014516047,0.16071428,0.25504762,train
s113014516003,0.0,0.09493637,train
s112014516051,0.5,0.18311033,train
s112014516052,0.0,0.18503955,train
s112014516053,1.0,0.22268331,train
s112014516054,0.23214285,0.22259174,train
s112014516055,0.5,0.20448849,train
s112014516056,0.30357143,0.2300125,train
s112014516057,0.08928572,0.21764357,train
s112014516058,0.0,0.22234951,train
s112014516059,0.39285713,0.22208807,train
s112014516060,0.5,0.22015269,train
s112014516061,0.9285714,0.2768522,train
s112014516062,0.0,0.24146497,train
s112014516063,0.75,0.19088268,train
s112014516064,0.375,0.3309463,train
s112014516065,0.05357143,0.24391565,train
s112014516068,0.017857144,0.28615597,train
s112014516069,0.75,0.32596058,train
s112014516074,0.83928573,0.32063043,train
s113014516005,0.21428572,0.22869784,train
s112014517024,0.0,0.11243455,train
s112014517025,0.10714286,0.14159401,train
s112014517026,0.14285715,0.14229919,train
s112014517027,0.17857143,0.09969822,train
s112014517029,0.0,0.16250049,train
s112014517030,0.64285713,0.17637667,train
s112014517031,0.0,0.16131353,train
s112014517032,0.64285713,0.16381639,train
s112014517038,0.21428572,0.18240862,train
s112014517039,0.35714287,0.17986873,train
s112014517040,0.0,0.21544519,train
s112014517041,0.4107143,0.20131898,train
s112014517042,0.30357143,0.23220238,train
s112014517043,0.19642857,0.19576536,train
s112014517044,0.4642857,0.15875931,train
s112014517045,0.3392857,0.14373577,train
s112014517047,0.25,0.1900703,train
s112014517048,0.125,0.17393665,train
s112014517050,0.25,0.15651006,train
s112014517053,0.071428575,0.16347538,train
s112014517054,0.0,0.16879371,train
s112014517056,0.0,0.22725506,train
s112014517057,0.2857143,0.18233608,train
s112014517058,0.0,0.17559971,train
s112014517060,0.75,0.1808971,train
s112014517061,0.25,0.17829823,train
s112014517062,0.0,0.1831428,train
s112014517064,0.0,0.16625291,train
s112014517065,0.0,0.37281948,train
s112014517067,0.0,0.21464121,train
s112014517068,0.19642857,0.19888613,train
s112014517069,0.035714287,0.18604672,train
s112014517071,0.14285715,0.18870127,train
s112014517072,0.3392857,0.21250886,train
s112014517073,0.0,0.21440905,train
s112014517074,0.017857144,0.18526985,train
s112014517075,0.125,0.2045759,train
s112014517076,0.0,0.19421521,train
s112014517077,0.10714286,0.20053875,train
s112014517078,0.035714287,0.29465234,train
s112014518024,0.0,0.11932044,train
s112014518026,0.0,0.11806026,train
s112014518027,0.0,0.12783164,train
s112014518028,0.0,0.11689383,train
s112014518029,0.0,0.119096845,train
s112014518030,0.0,0.12710795,train
s112014518031,0.0,0.09902714,train
s112014518032,0.035714287,0.11752601,train
s112014518033,0.19642857,0.116288126,train
s112014518034,0.91071427,0.20074718,train
s112014518037,0.26785713,0.14550953,train
s112014518040,0.05357143,0.13569087,train
s112014518041,0.17857143,0.13767432,train
s112014518042,0.17857143,0.15208599,train
s112014518043,0.3392857,0.1618511,train
s112014518046,0.16071428,0.19552577,train
s112014518048,0.0,0.1905945,train
s112014518049,0.0,0.16475227,train
s112014518050,0.25,0.17204499,train
s112014518052,0.08928572,0.19026606,train
s112014518053,0.071428575,0.13918224,train
s112014518054,0.0,0.15057038,train
s112014518055,0.10714286,0.17670688,train
s112014518056,0.96428573,0.23282582,train
s112014518057,0.08928572,0.14140539,train
s112014518058,0.10714286,0.17485997,train
s112014518063,0.58928573,0.30902314,train
s112014518064,0.21428572,0.24331743,train
s112014518065,0.017857144,0.24093969,train
s112014518066,0.23214285,0.24779056,train
s113014518003,0.0,0.1378922,train
s113014518006,0.0,0.19268256,train
s112014524024,0.0,0.10730669,test
s112014524026,0.0,0.065546356,test
s112014524027,0.14285715,0.097568735,test
s112014524029,0.071428575,0.09171589,test
s112014524030,0.3392857,0.10207229,test
s112014524032,0.0,0.09592068,test
s112014524033,0.125,0.07958971,test
s112014524035,0.19642857,0.088675365,test
s112014524037,0.26785713,0.07892315,test
s112014524038,0.035714287,0.07917863,test
s112014524040,0.08928572,0.093909964,test
s112014524041,0.17857143,0.09616138,test
s112014524042,0.0,0.07895357,test
s112014524043,0.17857143,0.07895357,test
s112014524046,0.125,0.1402906,test
s112014524047,0.3392857,0.081244186,test
s112014524050,0.23214285,0.08193378,test
s112014524054,0.60714287,0.19842815,train
s112014524055,0.64285713,0.21349826,train
s112014524058,0.0,0.29513013,train
s112014524064,0.8214286,0.31028128,train
s112014524065,0.0,0.25999922,train
s112014524066,0.10714286,0.29232275,train
s112014524067,0.125,0.12906164,train
s112014524068,0.53571427,0.20553188,train
s112014524069,0.0,0.20774433,train
s112014524070,0.71428573,0.23997356,train
s112014524071,0.05357143,0.18439448,train
s112014524072,0.05357143,0.20040718,train
s112014524074,0.5535714,0.28841352,train
s112014524075,0.76785713,0.2863084,train
s112014524076,0.17857143,0.21498197,train
s112014524077,0.32142857,0.08396527,train
s112014524079,0.017857144,0.25297865,train
s112014524080,0.017857144,0.15163806,train
s112014524081,0.17857143,0.18171392,train
s112014525024,0.0,0.0700969,train
s112014525025,0.0,0.06511747,train
s112014525026,0.0,0.081008725,train
s112014525027,0.0,0.10902244,train
s112014525028,0.0,0.027196825,train
s112014525029,0.035714287,0.093527034,train
s112014525030,0.0,0.089939624,train
s112014525031,0.035714287,0.10712472,train
s112014525033,0.08928572,0.08521114,train
s112014525034,0.035714287,0.074052975,train
s112014525035,0.035714287,0.09482269,train
s112014525036,0.0,0.09569007,train
s112014525037,0.0,0.090046935,train
s112014525038,0.16071428,0.13560311,train
s112014525039,0.05357143,0.15234701,train
s112014525040,0.2857143,0.1493579,train
s112014525041,0.14285715,0.12317872,train
s112014525043,0.05357143,0.13211907,train
s112014525044,0.071428575,0.15319492,train
s112014525045,0.035714287,0.14503326,train
s112014525046,0.2857143,0.13574539,train
s112014525047,0.071428575,0.13004272,train
s112014525048,0.3392857,0.13545877,train
s112014525051,0.51785713,0.13516805,test
s112014525052,0.071428575,0.11627913,test
s112014525053,0.0,0.11494652,test
s112014525054,0.0,0.11857052,test
s112014525056,0.42857143,0.12356072,test
s112014525057,0.0,0.10891959,test
s112014525058,0.30357143,0.12656197,test
s112014525059,0.035714287,0.10844184,test
s112014525060,0.08928572,0.11968283,test
s112014525061,0.0,0.123853154,test
s112014525062,0.071428575,0.113421515,test
s112014525063,0.0,0.12127332,test
s112014525064,0.0,0.10775522,test
s112014525065,0.16071428,0.2029839,test
s112014525066,0.0,0.15626249,test
s112014525067,0.05357143,0.12990353,test
s112014525068,0.0,0.1183443,test
s112014525069,0.0,0.10311133,test
s112014525070,0.017857144,0.123986974,test
s112014525071,0.0,0.14312227,test
s112014525072,0.25,0.14691411,test
s112014525073,0.0,0.14567415,test
s112014525075,0.05357143,0.1435073,test
s112014525076,0.0,0.12459361,test
s112014525077,0.05357143,0.133725,test
s112014531058,0.0,0.15619464,test
s112014531059,0.017857144,0.15422839,test
s112014531060,0.0,0.15345079,test
s112014531061,0.21428572,0.14199296,test
s112014531062,0.017857144,0.13290663,test
s112014531063,0.23214285,0.19542527,test
s112014531065,0.25,0.19734666,test
s112014531066,0.14285715,0.19026011,test
s112014531068,0.0,0.1467311,test
s112014531069,0.035714287,0.20253956,test
s112014531070,0.4107143,0.21901387,test
s112014531071,0.071428575,0.20112082,test
s112014531072,0.125,0.15062687,test
s112014531076,0.16071428,0.23092028,test
s112014531077,0.625,0.24411222,test
s112014531078,0.125,0.20528644,test
s112014531079,0.017857144,0.21056652,test
s112014531080,0.0,0.20346884,test
s112014531081,0.14285715,0.22815734,test
s112014531082,1.0,0.23275122,test
s112014531085,0.16071428,0.23325652,test
s112014531086,0.48214287,0.23751757,test
s112014531087,0.017857144,0.2161431,test
s112014531088,0.035714287,0.21272692,test
s112014531089,0.0,0.19415551,test
s112014531024,0.05357143,0.121364765,test
s112014531026,0.035714287,0.087966956,test
s112014531027,0.0,0.11120901,test
s112014531029,0.08928572,0.08965869,test
s112014531030,0.0,0.0882238,test
s112014531033,0.4642857,0.10605922,test
s112014531036,0.08928572,0.10998829,test
s112014531037,0.19642857,0.10516461,test
s112014531038,0.10714286,0.1009136,test
s112014531039,0.17857143,0.11303929,test
s112014531040,0.21428572,0.12805036,test
s112014531041,0.08928572,0.113897234,test
s112014531042,0.10714286,0.16094512,test
s112014531043,0.53571427,0.13549854,test
s112014531044,0.05357143,0.122852065,test
s112014531045,0.0,0.11586461,test
s112014531046,0.21428572,0.1522603,test
s112014531047,0.08928572,0.11352295,test
s112014531048,0.08928572,0.09609251,test
s112014531049,0.071428575,0.13809115,test
s112014531050,0.0,0.12034246,test
s112014531051,0.25,0.16937669,test
s112014531052,0.05357143,0.16516106,test
s112014531053,0.25,0.17718631,test
s112014531054,0.0,0.12617688,test
s112014531055,0.2857143,0.11725367,test
s112014555024,0.53571427,0.13783921,train
s112014555025,0.0,0.1278929,train
s112014555028,0.21428572,0.1791253,train
s112014555030,0.5,0.15167904,train
s112014555032,0.035714287,0.13930339,train
s112014555033,0.0,0.11782315,train
s112014555035,0.035714287,0.13002665,train
s112014555037,0.08928572,0.18629453,train
s112014555038,0.071428575,0.17906682,train
s112014555040,0.035714287,0.18409444,train
s112014555042,0.39285713,0.18280742,train
s112014555045,0.10714286,0.1783719,train
s112014555046,0.51785713,0.19669786,train
s112014555048,0.05357143,0.17984593,train
s112014555049,0.05357143,0.19282873,train
s112014555053,0.30357143,0.22938347,train
s112014555057,0.08928572,0.25245047,train
s112014555059,1.0,0.23471498,train
s112014555060,0.0,0.20697948,train
s112014555061,0.26785713,0.25121915,train
s112014555063,0.85714287,0.24938217,train
s112014555064,0.05357143,0.24219063,train
s112014555065,0.42857143,0.23520976,train
s112014555066,0.42857143,0.17657761,train
s112014555067,0.035714287,0.15356866,train
s112014555068,0.30357143,0.20018807,train
s112014555069,0.0,0.072824754,train
s112014555071,0.0,0.2185654,train
s112014555072,0.26785713,0.20322241,train
s112014555073,0.017857144,0.1456346,train
s112014555074,0.10714286,0.18035744,train
s112014559024,0.14285715,0.12566489,train
s112014559025,0.125,0.14307117,train
s112014559026,0.0,0.16709207,train
s112014559027,0.71428573,0.17418629,train
s112014559028,0.5,0.17887136,train
s112014559029,0.0,0.14448947,train
s112014559030,0.05357143,0.1362852,train
s112014559032,0.19642857,0.16277638,train
s112014559033,0.19642857,0.16246295,train
s112014559034,0.0,0.16590151,train
s112014559035,0.0,0.13288471,train
s112014559036,0.5,0.13250187,train
s112014559038,0.25,0.12852259,train
s112014559039,0.5,0.17195453,train
s112014559040,0.08928572,0.12951016,train
s112014559041,0.6785714,0.14413324,train
s112014559042,0.035714287,0.16657607,train
s112014559043,0.375,0.16890764,train
s112014559044,0.05357143,0.14791769,train
s112014559045,0.071428575,0.16326378,train
s112014559046,0.0,0.1636312,train
s112014559047,0.16071428,0.16300759,train
s112014559048,0.5,0.15055545,train
s112014559050,0.125,0.14952664,train
s112014559052,1.0,0.1660946,train
s112014559053,0.0,0.17554502,train
s112014559054,0.125,0.15359761,train
s112014559055,0.125,0.15239216,train
s112014559058,0.08928572,0.19253914,train
s112014559060,0.017857144,0.22060858,train
s112014559061,0.19642857,0.1785123,train
s112014559062,0.19642857,0.19849283,train
s112014559064,0.30357143,0.21225391,train
s112014559066,0.035714287,0.19715011,train
s112014559067,0.0,0.1837618,train
s112014559068,0.2857143,0.21068957,train
s112014559070,0.25,0.20412523,train
s112014559071,0.0,0.20303026,train
s112014559073,0.017857144,0.211227,train
s112014559074,0.017857144,0.11829963,train
s112014559075,0.44642857,0.21166134,train
s112014559076,0.30357143,0.15419394,train
s112014559078,0.21428572,0.15899362,train
s112014559079,0.21428572,0.16167992,train
s112014559080,0.16071428,0.19263169,train
s112014559081,0.17857143,0.2033197,train
s112014559083,0.39285713,0.22267517,train
s112014559084,0.17857143,0.1908491,train
s112014559085,0.035714287,0.15754195,train
s112014559086,0.25,0.19971325,train
s112014559087,0.14285715,0.19600905,train
s112014559088,0.58928573,0.19887409,train
s112014559089,0.3392857,0.2188806,train
s112014559090,0.2857143,0.202829,train
s112014560025,0.0,0.10815166,test
s112014560026,0.071428575,0.13138098,test
s112014560027,0.0,0.11265922,test
s112014560028,0.0,0.13086928,test
s112014560029,0.0,0.14542285,test
s112014560030,0.0,0.14428264,test
s112014560031,0.0,0.10708629,test
s112014560032,0.05357143,0.12988137,test
s112014560033,0.25,0.11782059,test
s112014560034,0.0,0.1196831,test
s112014560035,0.08928572,0.14064756,test
s112014560037,0.5,0.1727784,test
s112014560038,0.0,0.17575207,test
s112014560039,0.2857143,0.16989407,test
s112014560040,0.25,0.15364534,test
s112014560041,0.30357143,0.14259292,test
s112014560042,0.05357143,0.17579544,test
s112014560043,0.10714286,0.17903472,test
s112014560046,0.16071428,0.1238097,test
s112014560052,0.0,0.12538767,test
s112014560053,0.10714286,0.105915196,test
s112014560055,0.16071428,0.124896415,test
s112014560056,0.0,0.10597493,test
s112014560057,0.5,0.11011347,test
s112014560058,0.23214285,0.10741538,test
s112014560059,0.0,0.1099083,test
s112014560060,0.14285715,0.11937029,test
s112014560061,0.05357143,0.10638794,test
s112014560063,0.0,0.09790784,test
s112014560064,0.017857144,0.09571019,test
s112014560065,0.17857143,0.10515564,test
s112014560066,0.0,0.09453478,test
s112014560067,0.05357143,0.095785126,test
s112014560068,0.125,0.105768085,test
s112014560070,0.035714287,0.10986228,test
s112014560071,0.0,0.107989706,test
s112014560072,0.035714287,0.10183728,test
s112014566024,0.0,0.09963751,test
s112014566025,0.25,0.18473272,test
s112014566028,0.0,0.110047445,test
s112014566029,0.4642857,0.37359998,test
s112014566030,0.0,0.093171835,test
s112014566031,0.25,0.2442608,test
s112014566032,0.32142857,0.2297698,test
s112014566033,0.35714287,0.3628211,test
s112014566035,0.071428575,0.1032238,test
s112014566036,0.0,0.12132648,test
s112014566037,0.0,0.13800043,test
s112014566039,0.30357143,0.16119994,test
s112014566041,0.017857144,0.15554188,test
s112014566043,0.125,0.14259544,test
s112014566044,0.0,0.12879701,test
s112014566045,0.035714287,0.11156242,test
s112014566047,0.017857144,0.12259199,test
s112014566051,0.71428573,0.1921616,test
s112014566055,0.071428575,0.07783198,val
s112014566056,0.17857143,0.19653572,val
s112014566059,0.10714286,0.16960791,val
s112014566061,0.05357143,0.18353924,val
s112014566063,0.05357143,0.1566706,val
s112014566064,0.23214285,0.1780496,val
s112014566065,0.32142857,0.1787303,val
s112014566066,0.071428575,0.19847137,val
s112014566071,0.35714287,0.15690082,val
s112014566073,0.0,0.12805444,val
s112014566074,0.125,0.13184363,val
s112014566075,0.0,0.15493418,val
s112014566076,0.071428575,0.1445031,val
s112014566078,0.071428575,0.14337294,val
s112014566080,0.05357143,0.14935245,val
s112014566081,0.10714286,0.13333172,val
s112014566082,0.16071428,0.14438462,val
s112014576024,0.23214285,0.2195023,val
s112014576025,0.48214287,0.22856316,val
s112014576027,0.48214287,0.2077771,val
s112014576030,0.0,0.22184575,val
s112014576031,0.17857143,0.21340835,val
s112014576032,0.017857144,0.20048615,val
s112014576034,0.08928572,0.22418037,val
s112014576036,0.071428575,0.23343891,val
s112014576037,0.0,0.16832477,val
s112014576038,0.10714286,0.1627937,val
s112014576039,0.16071428,0.1633566,val
s112014576040,0.14285715,0.17868505,val
s112014576042,0.6964286,0.19036314,val
s112014576043,0.10714286,0.16549055,val
s112014576045,0.76785713,0.1946769,val
s112014576046,0.071428575,0.18385525,val
s112014576047,0.035714287,0.18907256,val
s113014576003,0.21428572,0.23120317,val
s113014576004,0.19642857,0.16483751,val
s113014576005,0.4107143,0.18457425,val
s112014576051,0.5,0.20495737,train
s112014576052,0.0,0.18642494,train
s112014576053,0.5714286,0.17903277,train
s112014576054,0.0,0.17323448,train
s112014576055,0.0,0.16595162,train
s112014576056,0.0,0.16426322,train
s112014576057,0.05357143,0.18679973,train
s112014576058,0.25,0.17815596,train
s112014576059,0.0,0.15973099,train
s112014576060,0.0,0.18241961,train
s112014576061,0.21428572,0.20569539,train
s112014576062,0.16071428,0.18174472,train
s112014576063,0.26785713,0.17891985,train
s112014576064,0.08928572,0.15960051,train
s112014576065,0.0,0.22763914,train
s112014576066,0.0,0.2236886,train
s112014576067,0.39285713,0.1596156,train
s112014576069,0.21428572,0.15380257,train
s112014576070,0.4107143,0.15144767,train
s112014576071,0.071428575,0.16856688,train
s112014576073,0.0,0.14791572,train
s112014576074,0.017857144,0.15869066,train
s112014576075,0.08928572,0.1581897,train
s112014576076,0.071428575,0.1947945,train
s113014576006,0.071428575,0.14563935,train
s112024503053,0.071428575,0.0736853,train
s112024503054,0.035714287,0.07002428,train
s112024503055,0.035714287,0.083976805,train
s112024503056,0.375,0.08854487,train
s112024503057,0.125,0.102365,train
s112024503058,0.0,0.08386977,train
s112024503059,0.035714287,0.0742988,train
s112024503061,0.21428572,0.07615634,train
s112024503062,0.0,0.07608332,train
s112024503064,0.0,0.07766577,train
s112024503065,0.0,0.07208823,train
s112024503066,0.10714286,0.20977017,train
s112024503067,0.58928573,0.102694064,train
s112024503068,0.4642857,0.102570124,train
s112024503069,0.0,0.17087412,train
s112024503070,0.17857143,0.20357853,train
s112024503072,0.19642857,0.11082067,train
s112024503073,0.0,0.13323508,train
s112024503074,0.08928572,0.11679624,train
s112024503075,0.19642857,0.17942052,train
s112024503076,0.035714287,0.16587865,train
s112024503077,0.125,0.121696964,train
s112024503078,0.51785713,0.16279665,train
s112024503079,0.25,0.11238712,train
s112024503082,0.0,0.15853955,train
s112024503085,0.0,0.16943917,train
s112024503086,0.5,0.15009576,train
s112024503087,0.0,0.14046709,train
s112024503088,0.035714287,0.1559709,train
s112024503089,0.0,0.12412432,train
s112024503090,0.21428572,0.14198464,train
s112024503091,0.035714287,0.12287345,train
s112024503092,0.08928572,0.12189981,train
s112024503093,0.16071428,0.14762785,train
s112024503094,0.0,0.15815216,train
s112024503097,0.19642857,0.19507855,train
s112024503099,0.0,0.20484488,train
s112024503100,0.05357143,0.20636392,train
s112024503101,0.10714286,0.20227829,train
s112024503103,0.0,0.18950766,train
s112024503104,0.035714287,0.18817426,train
s112024503105,0.125,0.1787086,train
s112024503106,0.35714287,0.22889486,train
s112024503107,0.16071428,0.18393952,train
s112024503108,0.071428575,0.17722538,train
s112024503109,0.017857144,0.16231988,train
s112024507024,0.05357143,0.148534,test
s112024507025,0.071428575,0.17355531,test
s112024507026,0.30357143,0.14644074,test
s112024507027,0.125,0.17940167,test
s112024507028,0.21428572,0.14703098,test
s112024507029,0.017857144,0.17275052,test
s112024507030,0.0,0.14267708,test
s112024507031,0.19642857,0.14150046,test
s112024507032,0.035714287,0.13820311,test
s112024507034,0.0,0.13356513,test
s112024507035,0.2857143,0.18715739,test
s112024507036,0.125,0.13696837,test
s112024507037,0.125,0.18824148,test
s112024507038,0.125,0.13435556,test
s112024507040,0.10714286,0.13898897,test
s112024507042,0.85714287,0.15648887,test
s113024507003,0.14285715,0.14271066,test
s112024507045,0.39285713,0.19379173,train
s112024507046,0.4642857,0.1845659,train
s112024507047,0.3392857,0.17924313,train
s112024507048,0.071428575,0.17469706,train
s112024507049,0.10714286,0.19014293,train
s112024507050,0.5,0.18197608,train
s112024507051,0.60714287,0.21977748,train
s112024507052,0.071428575,0.20250866,train
s112024507053,0.08928572,0.1734851,train
s112024507054,0.071428575,0.16411805,train
s112024507055,0.14285715,0.18072239,train
s112024507056,0.48214287,0.18252912,train
s112024507058,0.125,0.164082,train
s112024507060,1.0,0.17715943,train
s112024507061,0.23214285,0.30468726,train
s113024507004,0.66071427,0.18203026,train
s112024523023,0.071428575,0.18423605,train
s112024523025,0.0,0.23516543,train
s112024523026,0.39285713,0.17060405,train
s112024523027,0.25,0.22100303,train
s112024523028,0.73214287,0.1762902,train
s112024523029,0.30357143,0.259153,train
s112024523030,0.35714287,0.22924776,train
s112024523031,0.08928572,0.24074897,train
s112024523034,0.0,0.21357381,train
s112034348051,0.14285715,0.17555231,train
s112034348052,0.0,0.16190778,train
s112034348053,0.035714287,0.17135698,train
s112034348055,0.25,0.1930418,train
s112034348056,0.0,0.19241536,train
s112034348057,0.0,0.17292714,train
s112034348058,0.0,0.16102804,train
s112034348062,0.23214285,0.24181958,train
s112034348064,0.25,0.21995187,train
s112034348065,1.0,0.55431694,train
s112034348066,0.64285713,0.15225752,train
s112034348068,0.017857144,0.16592583,train
s112034348071,0.16071428,0.23717853,train
s112034348073,0.16071428,0.24495614,train
s113034348006,1.0,0.17823815,train
s112034348025,0.0,0.1817694,train
s112034348026,0.035714287,0.24663135,train
s112034348031,0.0,0.3049452,train
s112034348034,0.0,0.24715447,train
s112034348036,0.25,0.38152415,train
s112034348037,0.44642857,0.19195732,train
s112034348038,0.2857143,0.19325358,train
s112034348040,0.875,0.41240615,train
s112034348042,0.375,0.41148686,train
s113034348004,0.17857143,0.19577125,train
s113034348008,0.5714286,0.20598707,train
s113034348009,0.071428575,0.29991022,train
s112034502025,0.75,0.116955206,train
s112034502026,0.05357143,0.122873396,train
s112034502027,0.05357143,0.13538182,train
s112034502028,0.23214285,0.107783504,train
s112034502029,0.375,0.13162084,train
s112034502030,0.16071428,0.14578834,train
s112034502031,0.035714287,0.14353824,train
s112034502032,0.5,0.12144131,train
s112034502033,0.0,0.13671845,train
s112034502034,0.0,0.12150175,train
s112034502035,0.05357143,0.14978209,train
s112034502036,0.017857144,0.12642868,train
s112034502038,0.071428575,0.059056357,train
s112034502039,0.35714287,0.112739295,train
s112034502041,0.17857143,0.12437529,train
s112034502045,0.071428575,0.16254252,train
s112034502047,0.10714286,0.13035315,train
s112034502048,0.16071428,0.093011625,train
s112034502049,0.071428575,0.06248822,train
s112034502050,0.0,0.10632059,train
s112034502055,0.071428575,0.18583189,train
s112034502057,0.071428575,0.13432014,train
s112034502058,0.0,0.16668391,train
s112034502059,0.0,0.16441572,train
s112034502060,0.25,0.17617339,train
s112034502061,0.0,0.12906031,train
s112034502062,0.017857144,0.14239146,train
s112034502063,0.0,0.15159029,train
s112034502064,0.0,0.19453627,train
s112034502065,0.035714287,0.18019998,train
s112034502067,0.125,0.16664287,train
s112034502068,0.125,0.15377332,train
s112034502069,0.0,0.10618918,train
s112034502070,0.0,0.106022306,train
s112034502072,0.125,0.10364519,train
s112034502073,0.0,0.12690303,train
s112034502075,0.071428575,0.120649025,train
s112034502076,0.23214285,0.11268696,train
s112034502079,0.10714286,0.11905331,train
s112034502080,0.035714287,0.11429413,train
s112034502081,0.08928572,0.11657447,train
s112034502082,0.0,0.11054738,train
s112034502083,0.0,0.114083014,train
s112034506024,0.14285715,0.118721426,train
s112034506026,0.5714286,0.1282889,train
s112034506027,0.51785713,0.12182562,train
s112034506028,0.05357143,0.12010811,train
s112034506029,0.017857144,0.11319117,train
s112034506030,0.2857143,0.12641475,train
s112034506031,0.58928573,0.12263118,train
s112034506032,0.0,0.13241187,train
s112034506033,0.25,0.37145692,train
s112034506034,0.0,0.112468556,train
s112034506035,0.21428572,0.11887681,train
s112034506036,0.16071428,0.11190231,train
s112034506037,0.10714286,0.10940544,train
s112034506038,0.4642857,0.13360277,train
s112034506039,0.51785713,0.27889872,train
s112034506040,0.91071427,0.24988191,train
s112034506041,0.30357143,0.20574516,train
s112034506043,0.0,0.14584069,train
s112034506044,0.60714287,0.15441096,train
s112034506045,0.017857144,0.22291374,train
s112034506046,0.2857143,0.14931846,train
s112034506047,0.35714287,0.16253996,train
s112034506048,0.05357143,0.13476986,train
s112034506049,0.05357143,0.15655687,train
s112034506050,0.39285713,0.24498518,train
s112034506051,0.0,0.2285276,train
s113034506002,0.75,0.11710277,train
s112034508024,0.017857144,0.09310289,test
s112034508025,0.071428575,0.08769202,test
s112034508027,0.0,0.08507624,test
s112034508028,0.071428575,0.09532998,test
s112034508029,0.25,0.095521785,test
s112034508030,0.0,0.0891676,test
s112034508032,0.10714286,0.07656063,test
s112034508034,0.05357143,0.09076186,test
s112034508035,0.21428572,0.13945717,test
s112034508036,0.08928572,0.099425286,test
s112034508037,0.071428575,0.08418228,test
s112034508038,0.0,0.16883212,test
s112034508039,0.035714287,0.16405804,test
s112034508040,0.0,0.04726331,test
s112034508041,0.035714287,0.15603538,test
s112034508043,0.19642857,0.14419699,test
s112034508044,0.17857143,0.17564642,test
s112034508045,0.16071428,0.059928752,test
s112034508046,0.16071428,0.14758989,test
s112034508047,0.0,0.13449885,test
s112034508048,0.035714287,0.15056936,test
s112034508049,0.017857144,0.13148831,test
s112034508050,0.125,0.18455055,test
s112034508051,0.10714286,0.14437604,test
s112034508054,0.14285715,0.13517879,train
s112034508055,0.0,0.12904668,train
s112034508057,0.375,0.11806187,train
s112034508058,1.0,0.13351546,train
s112034508059,0.05357143,0.12034835,train
s112034508060,1.0,0.29627436,train
s112034508061,0.0,0.124113984,train
s112034508066,0.071428575,0.14039794,train
s112034508067,0.0,0.114785984,train
s112034508070,0.16071428,0.26594377,train
s112034508071,0.25,0.25759465,train
s112034508072,0.0,0.24949768,train
s112034508073,0.2857143,0.25850862,train
s112034508074,0.0,0.2632305,train
s112034508075,0.0,0.25287205,train
s112034508076,0.25,0.27128094,train
s112034508077,0.035714287,0.2465921,train
s112034508078,0.0,0.23968978,train
s112034508079,0.4107143,0.2639218,train
s113034508004,0.375,0.27491564,train
s112034513024,0.2857143,0.21027607,train
s112034513025,0.08928572,0.18009403,train
s112034513026,0.0,0.18609509,train
s112034513027,0.125,0.20472096,train
s112034513028,0.071428575,0.2093418,train
s112034513029,0.39285713,0.20744634,train
s112034513030,0.26785713,0.2011565,train
s112034513031,0.32142857,0.2032733,train
s112034513033,0.125,0.19950613,train
s112034513035,0.73214287,0.2573383,train
s112034513037,0.0,0.20199312,train
s112034513038,0.035714287,0.20212296,train
s112034513039,0.19642857,0.18708944,train
s112034513040,0.05357143,0.17295688,train
s112034513042,0.08928572,0.19533876,train
s112034513043,0.48214287,0.18994826,train
s112034513044,0.125,0.16954899,train
s112034513045,0.10714286,0.17143534,train
s112034513046,0.19642857,0.2172271,train
s112034513047,0.035714287,0.15860888,train
s112034513048,0.9464286,0.35906845,train
s112034513049,0.0,0.18467355,train
s112034513051,0.08928572,0.23492804,train
s113034513003,0.035714287,0.19659743,train
s112034513054,0.035714287,0.14966133,train
s112034513056,0.0,0.15996394,train
s112034513057,0.0,0.15300176,train
s112034513058,0.10714286,0.17176157,train
s112034513059,0.19642857,0.16906428,train
s112034513060,0.0,0.1609365,train
s112034513061,0.25,0.14206383,train
s112034513062,0.0,0.13258934,train
s112034513063,0.5,0.16008596,train
s112034513064,0.0,0.15523824,train
s112034513065,1.0,0.15266833,train
s112034513066,0.0,0.1729272,train
s112034513067,0.05357143,0.4840557,train
s112034513068,0.5,0.15630928,train
s112034513069,0.035714287,0.1557678,train
s112034513070,0.4107143,0.42696923,train
s112034513071,0.6785714,0.42696923,train
s112034513073,0.017857144,0.18820933,train
s112034513074,0.071428575,0.17137085,train
s112034513075,0.21428572,0.17743604,train
s112034513076,0.0,0.15961152,train
s112034513077,0.10714286,0.15069331,train
s112034513078,0.71428573,0.19144173,train
s113034513004,0.53571427,0.20036215,train
s112034517027,0.0,0.12913346,train
s112034517029,0.08928572,0.12330074,train
s112034517032,0.017857144,0.09136749,train
s112034517033,0.035714287,0.11001212,train
s112034517035,0.0,0.116563156,train
s112034517036,0.017857144,0.224931,train
s112034517037,0.071428575,0.10720555,train
s112034517039,0.14285715,0.1129577,train
s112034517040,0.035714287,0.13842559,train
s112034517041,0.125,0.13096294,train
s112034517042,0.19642857,0.13224694,train
s112034517043,0.0,0.118720524,train
s112034517044,0.05357143,0.13759145,train
s112034517045,0.17857143,0.13009578,train
s112034517046,0.035714287,0.12908863,train
s112034517047,0.071428575,0.14236161,train
s112034517048,0.19642857,0.20935103,train
s112034517049,0.0,0.14854641,train
s112034517050,0.19642857,0.12723795,train
s112034517052,0.017857144,0.117172554,train
s112034517053,0.0,0.13100293,train
s112034517054,0.0,0.21057235,train
s112034517057,0.73214287,0.18779486,train
s112034517059,1.0,0.1770486,train
s112034517060,0.375,0.21175355,train
s112034517061,1.0,0.19249621,train
s112034517062,0.5,0.18706295,train
s112034517064,0.035714287,0.19847,train
s112034517065,0.0,0.17798042,train
s112034517068,0.0,0.19022402,train
s112034517069,0.0,0.20818886,train
s112034517070,0.64285713,0.21212701,train
s112034517071,0.10714286,0.24946985,train
s112034517072,0.17857143,0.22062495,train
s112034517073,0.08928572,0.17853802,train
s112034517074,0.125,0.18550403,train
s112034517075,0.14285715,0.18773967,train
s112034517076,0.08928572,0.18235484,train
s112034517077,0.035714287,0.18115734,train
s112034517078,0.14285715,0.18252963,train
s112034517079,0.10714286,0.17968616,train
s112034517080,0.0,0.18044804,train
s112034517082,0.26785713,0.18376423,train
s112034517083,0.0,0.19491695,train
s112034517084,0.25,0.19769564,train
s112034517085,0.0,0.1884335,train
s112034518024,0.0,0.18266976,test
s112034518025,0.75,0.1814641,test
s112034518026,0.76785713,0.22302169,test
s112034518028,0.125,0.14590678,test
s112034518029,0.035714287,0.15397689,test
s112034518030,0.5,0.21732265,test
s112034518031,0.035714287,0.17590137,test
s112034518032,0.14285715,0.2331396,test
s112034518034,0.10714286,0.2316004,test
s112034518035,0.05357143,0.2231077,test
s112034518036,0.30357143,0.18035224,test
s112034518040,0.14285715,0.22918837,test
s112034518041,0.5714286,0.24620286,test
s112034518043,0.16071428,0.17218573,test
s112034518046,0.0,0.16606034,test
s112034518047,0.0,0.17578262,test
s112034518048,0.21428572,0.2330811,test
s112034518049,0.071428575,0.19728169,test
s113034518003,0.071428575,0.16959748,test
s112034518053,0.071428575,0.2476416,train
s112034518054,0.2857143,0.25991014,train
s112034518055,0.25,0.2587765,train
s112034518057,0.0,0.25990647,train
s112034518058,0.0,0.18126696,train
s112034518059,1.0,0.24871102,train
s112034518060,0.14285715,0.17544714,train
s112034518062,0.0,0.12332955,train
s112034518067,0.10714286,0.1366764,train
s112034518068,0.0,0.0879634,train
s112034518069,0.035714287,0.070620984,train
s112034518070,0.017857144,0.07147849,train
s112034518072,0.0,0.08262377,train
s112034518075,0.5,0.18135431,train
s112034518076,0.071428575,0.2297938,train
s112034518078,0.035714287,0.12838304,train
s112034518079,0.25,0.24010342,train
s112034518081,0.08928572,0.2736164,train
s113034518004,0.5,0.111445546,train
s113034518005,0.16071428,0.16902512,train
s112034524053,1.0,0.16026877,val
s112034524055,0.05357143,0.15196541,val
s112034524056,0.0,0.15592839,val
s112034524057,0.14285715,0.14057653,val
s112034524058,0.0,0.1383282,val
s112034524059,0.0,0.14447539,val
s112034524060,0.05357143,0.14084296,val
s112034524061,0.0,0.15467085,val
s112034524062,0.44642857,0.15172747,val
s112034524063,0.05357143,0.1267959,val
s112034524064,0.51785713,0.15684828,val
s112034524065,0.05357143,0.14348304,val
s112034524066,0.23214285,0.16080394,val
s112034524067,0.0,0.15068182,val
s112034524068,0.16071428,0.13455519,val
s112034524069,0.05357143,0.1382451,val
s112034524070,0.30357143,0.1346038,val
s112034524071,0.5,0.17629993,val
s112034524072,0.0,0.14899343,val
s112034524073,0.125,0.118098915,val
s112034524074,0.08928572,0.1262775,val
s112034524075,0.0,0.122193746,val
s112034524076,0.10714286,0.12807514,val
s112034524077,0.35714287,0.14538087,val
s112034524078,0.5,0.15171248,val
s112034524079,0.071428575,0.1530853,val
s112034524080,0.14285715,0.12134797,val
s112034524024,0.0,0.121344335,train
s112034524026,0.0,0.1089798,train
s112034524027,0.071428575,0.11617796,train
s112034524028,0.0,0.11696788,train
s112034524029,0.0,0.104587674,train
s112034524030,0.4642857,0.08573322,train
s112034524031,0.19642857,0.113721356,train
s112034524032,0.0,0.11528228,train
s112034524033,0.39285713,0.1097091,train
s112034524034,0.35714287,0.10921782,train
s112034524035,1.0,0.101739764,train
s112034524036,0.0,0.11078143,train
s112034524037,0.0,0.10806769,train
s112034524039,0.071428575,0.058536783,train
s112034524040,0.0,0.081183635,train
s112034524041,0.0,0.07816146,train
s112034524042,0.35714287,0.08912696,train
s112034524043,0.05357143,0.06800948,train
s112034524044,0.035714287,0.08130719,train
s112034524045,0.125,0.08903847,train
s112034524046,0.035714287,0.094013646,train
s112034524047,0.05357143,0.07224902,train
s112034524048,0.035714287,0.085053,train
s112034524049,0.0,0.06904484,train
s112034524050,0.017857144,0.07416192,train
s112034527024,0.60714287,0.18345451,train
s112034527025,0.017857144,0.15861163,train
s112034527026,0.375,0.1739958,train
s112034527027,0.0,0.16091251,train
s112034527029,0.0,0.1843352,train
s112034527030,0.19642857,0.21445775,train
s112034527031,0.25,0.13761772,train
s112034527032,0.0,0.1728082,train
s112034527033,1.0,0.22588508,train
s112034527034,0.0,0.18088308,train
s112034527035,0.16071428,0.15355988,train
s112034527036,0.017857144,0.12535311,train
s112034527037,0.0,0.136237,train
s112034527038,0.0,0.122204475,train
s112034527039,0.08928572,0.1319426,train
s112034527040,0.125,0.18487759,train
s112034527041,0.08928572,0.1364318,train
s112034527042,0.3392857,0.12568943,train
s112034527043,0.071428575,0.16591343,train
s112034527044,0.017857144,0.1473249,train
s112034527046,0.39285713,0.15949422,train
s112034527047,0.16071428,0.1474049,train
s112034527048,0.017857144,0.13830914,train
s112034527049,0.35714287,0.1627283,train
s112034527050,0.0,0.17308551,train
s113034527003,0.10714286,0.16271324,train
s113034527004,0.23214285,0.18354398,train
s112034527052,0.71428573,0.163828,train
s112034527053,0.125,0.12966706,train
s112034527054,0.25,0.13674624,train
s112034527055,0.5,0.17439872,train
s112034527057,0.0,0.15875044,train
s112034527058,0.017857144,0.15108927,train
s112034527059,0.42857143,0.1371584,train
s112034527060,0.0,0.1499335,train
s112034527061,0.0,0.123937435,train
s112034527062,0.25,0.13754871,train
s112034527063,0.0,0.16420612,train
s112034527065,0.0,0.158852,train
s112034527066,0.0,0.073232815,train
s112034527067,0.0,0.11918885,train
s112034527069,0.0,0.073232815,train
s112034527070,0.08928572,0.1877086,train
s112034527071,0.14285715,0.15474649,train
s112034527072,0.017857144,0.14168084,train
s112034527073,0.0,0.1572292,train
s112034527074,0.16071428,0.17814568,train
s112034527075,0.05357143,0.18216115,train
s112034527076,0.035714287,0.10770539,train
s112034527077,0.035714287,0.10927092,train
s112034527078,0.21428572,0.1597405,train
s112034527080,0.0,0.14205433,train
s112034543024,0.0,0.15663724,test
s112034543025,0.035714287,0.15689526,test
s112034543026,0.05357143,0.1642204,test
s112034543027,0.42857143,0.23221865,test
s112034543028,0.25,0.18179001,test
s112034543029,0.60714287,0.26017654,test
s112034543031,0.0,0.14636663,test
s112034543033,0.3392857,0.14779228,test
s112034543034,0.0,0.21036693,test
s112034543036,0.5,0.22168627,test
s112034543037,0.0,0.18771087,test
s112034543038,0.0,0.25334954,test
s112034543040,0.0,0.25403056,test
s112034543042,0.017857144,0.25929758,test
s112034543043,0.48214287,0.25912285,test
s112034543044,0.4107143,0.25245523,test
s112034543045,0.071428575,0.2572626,test
s112034543046,0.071428575,0.2507558,test
s113034543003,0.14285715,0.2593371,test
s112034543053,0.5,0.12602448,train
s112034543054,0.0,0.1289055,train
s112034543056,0.0,0.111557744,train
s112034543057,0.0,0.11585552,train
s112034543058,0.75,0.117209606,train
s112034543059,0.5,0.13334258,train
s112034543061,0.0,0.120421305,train
s112034543063,0.0,0.109349824,train
s112034543064,0.0,0.13226497,train
s112034543065,0.035714287,0.11822913,train
s112034543066,0.0,0.11738888,train
s112034543067,0.14285715,0.1266136,train
s112034543068,0.30357143,0.16215594,train
s112034543070,0.10714286,0.15491763,train
s112034543071,0.23214285,0.16672778,train
s112034543072,0.25,0.16870938,train
s112034543073,0.05357143,0.12530935,train
s112034543076,0.23214285,0.12488936,train
s112034543078,0.0,0.1704849,train
s112034543079,0.0,0.1155914,train
s112034554053,0.5,0.19499591,test
s112034554054,0.5,0.1639394,test
s112034554055,0.14285715,0.15046531,test
s112034554056,0.21428572,0.16868138,test
s112034554057,0.10714286,0.17168824,test
s112034554058,0.75,0.18046945,test
s112034554060,0.25,0.14889678,test
s112034554061,0.17857143,0.17700842,test
s112034554062,0.0,0.17858574,test
s112034554064,0.0,0.20025668,test
s112034554065,0.0,0.124468796,test
s112034554066,0.16071428,0.1771012,test
s112034554067,0.5535714,0.20488077,test
s112034554068,0.125,0.18653741,test
s112034554071,0.017857144,0.20069098,test
s112034554072,0.35714287,0.19590147,test
s112034554073,0.071428575,0.18210915,test
s112034554074,0.17857143,0.18549713,test
s112034554076,0.16071428,0.18915138,test
s112034554077,0.26785713,0.19514851,test
s113034554004,0.0,0.1672399,test
s112034554024,0.53571427,0.3617741,train
s112034554025,0.0,0.21409696,train
s112034554026,0.23214285,0.23496592,train
s112034554027,0.08928572,0.21421032,train
s112034554028,0.0,0.118828915,train
s112034554030,0.0,0.2239343,train
s112034554031,0.035714287,0.17630452,train
s112034554032,0.0,0.19243369,train
s112034554033,0.10714286,0.23090886,train
s112034554034,0.0,0.22872233,train
s112034554036,0.0,0.11724587,train
s112034554037,0.0,0.12811515,train
s112034554038,0.071428575,0.14946418,train
s112034554039,0.017857144,0.17069611,train
s112034554040,0.10714286,0.15796022,train
s112034554041,0.8214286,0.31572056,train
s112034554042,0.3392857,0.1404935,train
s112034554043,0.0,0.110251606,train
s112034554044,0.23214285,0.23298435,train
s112034554045,0.17857143,0.21917045,train
s112034554046,0.44642857,0.33152813,train
s112034554047,0.071428575,0.06703448,train
s112034554048,0.08928572,0.29066265,train
s112034554049,0.23214285,0.32113725,train
s112034557024,0.0,0.23416308,val
s112034557026,0.0,0.19811133,val
s112034557027,1.0,0.24695826,val
s112034557028,0.75,0.3725986,val
s112034557029,0.0,0.25946048,val
s112034557030,0.4642857,0.19189475,val
s112034557031,0.5,0.2281732,val
s112034557032,0.0,0.10101696,val
s112034557034,0.071428575,0.4802426,val
s112034557035,0.0,0.23513657,val
s112034557036,0.8214286,0.18148148,val
s112034557037,0.2857143,0.20764472,val
s112034557038,0.05357143,0.18171379,val
s112034557039,0.19642857,0.26150978,val
s112034557040,0.58928573,0.2905841,val
s112034557041,0.23214285,0.2841614,val
s112034557042,0.19642857,0.28445143,val
s112034557043,0.125,0.26387334,val
s112034557046,0.26785713,0.2840251,val
s113034557003,0.4642857,0.24240217,val
s113034557004,0.16071428,0.27830932,val
s113034557005,0.3392857,0.28488114,val
s112034557050,0.071428575,0.113985196,test
s112034557051,1.0,0.13117322,test
s112034557052,0.0,0.103746064,test
s112034557053,0.0,0.117345646,test
s112034557054,0.25,0.118511654,test
s112034557055,0.0,0.15811087,test
s112034557057,0.0,0.09429537,test
s112034557058,0.0,0.1552006,test
s112034557059,0.05357143,0.1387345,test
s112034557060,0.0,0.14816669,test
s112034557061,0.0,0.16555451,test
s112034557062,0.30357143,0.17414142,test
s112034557063,0.0,0.114811435,test
s112034557064,0.0,0.10381588,test
s112034557065,0.17857143,0.08376196,test
s112034557066,0.071428575,0.09146908,test
s112034557067,0.05357143,0.14223017,test
s112034557068,0.10714286,0.11449116,test
s112034557069,0.017857144,0.12890092,test
s112034557070,0.10714286,0.14754838,test
s112034557071,0.0,0.10575953,test
s112034557072,0.035714287,0.09221948,test
s112034557074,0.0,0.122828566,test
s112034557075,0.071428575,0.1194716,test
s112034560374,0.017857144,0.16368455,train
s112034560375,0.2857143,0.19078963,train
s112034560376,0.23214285,0.17359185,train
s112034560377,0.39285713,0.3649618,train
s112034560378,0.17857143,0.22601403,train
s112034560379,0.125,0.18070069,train
s112034560381,0.08928572,0.17594597,train
s112034560384,0.0,0.03344612,train
s112034560385,0.071428575,0.18616506,train
s112034560387,0.017857144,0.16225146,train
s112034560389,0.08928572,0.36882412,train
s112034560394,0.17857143,0.24721064,train
s112034560395,0.19642857,0.21507484,train
s112034560396,0.071428575,0.15742326,train
s112034560399,0.08928572,0.23256697,train
s112034560400,0.42857143,0.36632723,train
s112034560404,0.0,0.10761313,test
s112034560405,0.071428575,0.16469412,test
s112034560407,0.071428575,0.13222843,test
s112034560408,0.10714286,0.1255884,test
s112034560409,0.0,0.10406905,test
s112034560410,0.0,0.109692164,test
s112034560411,0.23214285,0.119358525,test
s112034560413,0.14285715,0.11822452,test
s112034560414,0.0,0.109666415,test
s112034560415,0.2857143,0.12473386,test
s112034560416,0.0,0.1385078,test
s112034560417,0.5,0.1257669,test
s112034560418,0.08928572,0.1290359,test
s112034560420,0.071428575,0.14069428,test
s112034560421,0.39285713,0.14419103,test
s112034560422,0.017857144,0.14031507,test
s112034560424,0.071428575,0.12598576,test
s112034560425,0.48214287,0.13208573,test
s112034560426,0.14285715,0.12530039,test
s112034560427,0.125,0.12486535,test
s112034560428,0.30357143,0.15355438,test
s112034560429,0.4107143,0.16608341,test
s112034560430,0.125,0.12858774,test
s112034563024,0.08928572,0.11377643,train
s112034563025,0.071428575,0.1495468,train
s112034563026,0.0,0.14025965,train
s112034563028,0.017857144,0.1279793,train
s112034563029,0.035714287,0.12910257,train
s112034563030,0.32142857,0.07447212,train
s112034563031,0.5,0.1681925,train
s112034563032,0.071428575,0.124372005,train
s112034563033,0.25,0.1345053,train
s112034563034,0.017857144,0.13304852,train
s112034563035,0.08928572,0.14681587,train
s112034563036,0.0,0.11061847,train
s112034563037,0.125,0.13378666,train
s112034563039,0.17857143,0.0345139,train
s112034563040,0.0,0.03422012,train
s112034563041,0.10714286,0.13935722,train
s112034563043,0.0,0.033674814,train
s112034563044,0.125,0.033726096,train
s112034563045,0.0,0.11689556,train
s112034563046,0.0,0.12440933,train
s112034563048,0.0,0.0394876,train
s113034563003,0.2857143,0.1220738,train
s113034563004,0.35714287,0.121752,train
s112034563053,0.0,0.13636172,val
s112034563054,0.23214285,0.14259525,val
s112034563055,0.071428575,0.13168286,val
s112034563057,0.0,0.1379874,val
s112034563058,0.0,0.11454603,val
s112034563059,0.0,0.16405556,val
s112034563060,0.0,0.121607035,val
s112034563062,0.48214287,0.14631261,val
s112034563063,0.05357143,0.19587941,val
s112034563064,0.035714287,0.18984234,val
s112034563065,0.10714286,0.11913115,val
s112034563066,0.0,0.05032473,val
s112034563067,0.66071427,0.19823873,val
s112034563068,0.75,0.19537851,val
s112034563069,0.0,0.021372333,val
s112034563073,0.08928572,0.088638544,val
s112034563075,0.0,0.104065314,val
s112034563076,0.10714286,0.18084261,val
s112034565025,0.0,0.1812772,train
s112034565026,0.017857144,0.1734224,train
s112034565028,0.17857143,0.17272753,train
s112034565029,0.0,0.16535811,train
s112034565030,0.0,0.167506,train
s112034565031,0.035714287,0.1398407,train
s112034565032,0.017857144,0.16240725,train
s112034565033,0.125,0.20488742,train
s112034565035,0.017857144,0.15464956,train
s112034565036,0.0,0.15038547,train
s112034565037,0.0,0.15860257,train
s112034565038,0.035714287,0.18145354,train
s112034565039,0.0,0.16297102,train
s112034565040,0.0,0.20163736,train
s112034565042,0.16071428,0.20196734,train
s112034565043,0.23214285,0.2032797,train
s112034565045,0.42857143,0.17010316,train
s112034565046,0.4642857,0.17595302,train
s112034565047,0.05357143,0.20433006,train
s112034565048,0.30357143,0.18488964,train
s112034565049,0.25,0.1752533,train
s112034565050,0.08928572,0.20043527,train
s112034565052,0.0,0.18595344,train
s113034565003,0.0,0.1373192,train
s112034565055,0.42857143,0.25529486,train
s112034565056,0.0,0.14785343,train
s112034565057,0.05357143,0.10613127,train
s112034565058,0.0,0.10033971,train
s112034565059,1.0,0.13037169,train
s112034565060,0.0,0.22880948,train
s112034565061,0.16071428,0.1226978,train
s112034565062,0.0,0.17640129,train
s112034565063,0.0,0.11413655,train
s112034565064,0.0,0.12702985,train
s112034565065,0.16071428,0.19263269,train
s112034565066,0.19642857,0.21421272,train
s112034565067,0.0,0.11040877,train
s112034565068,0.0,0.10959168,train
s112034565069,0.05357143,0.11894795,train
s112034565071,0.19642857,0.12158128,train
s112034565072,0.3392857,0.20134538,train
s112034565073,0.071428575,0.15706962,train
s112034565074,0.51785713,0.21201593,train
s112034565075,0.5535714,0.18630037,train
s112034565076,0.0,0.16315684,train
s112034565077,0.10714286,0.14400624,train
s112034565078,0.60714287,0.20626315,train
s112034565079,0.17857143,0.17777164,train
s112034565080,0.017857144,0.16574207,train
s112034565081,0.3392857,0.20838422,train
s112034565082,0.85714287,0.304268,train
s112034565083,0.10714286,0.17825614,train
s113034565004,0.10714286,0.1935293,train
s112044501024,0.0,0.11841469,train
s112044501025,0.0,0.0817211,train
s112044501026,0.0,0.05966782,train
s112044501027,0.0,0.056885168,train
s112044501028,0.0,0.072999574,train
s112044501029,0.10714286,0.06790431,train
s112044501030,0.0,0.07013111,train
s112044501031,0.17857143,0.11382903,train
s112044501032,0.017857144,0.053505287,train
s112044501033,0.035714287,0.12899892,train
s112044501035,0.0,0.04361829,train
s112044501037,0.0,0.07445904,train
s112044501039,0.035714287,0.1538459,train
s112044501040,0.035714287,0.16120353,train
s112044501043,0.0,0.18434604,train
s112044501045,0.25,0.16313438,train
s112044501047,0.125,0.19184527,train
s112044501049,0.0,0.16467227,train
s112044501050,0.2857143,0.19326442,train
s112044501051,0.125,0.1547317,train
s112044501052,0.125,0.14516528,train
s112044501057,0.017857144,0.09987706,train
s112044501058,0.10714286,0.23533872,train
s112044501059,0.0,0.08908137,train
s112044501060,0.0,0.098396674,train
s112044501062,0.0,0.32166147,train
s112044501065,0.48214287,0.19090477,train
s112044501067,0.0,0.09252669,train
s112044501070,0.071428575,0.08561333,train
s112044501071,0.4642857,0.24340163,train
s112044501074,0.9464286,0.3835776,train
s112044501075,0.16071428,0.17915577,train
s112044501076,0.5535714,0.019161955,train
s112044501081,0.10714286,0.24562155,train
s112044501082,0.16071428,0.23855695,train
s112044501083,0.5714286,0.3796352,train
s112044506024,0.0,0.08111729,val
s112044506025,0.0,0.07163058,val
s112044506027,0.071428575,0.06397273,val
s112044506028,0.017857144,0.11141211,val
s112044506031,0.0,0.060101062,val
s112044506033,0.0,0.057663955,val
s112044506034,0.19642857,0.08794376,val
s112044506035,0.125,0.1007473,val
s112044506037,0.017857144,0.09357128,val
s112044506038,0.125,0.104649186,val
s112044506039,0.125,0.09676218,val
s112044506041,0.05357143,0.1020486,val
s113044506003,0.17857143,0.1467389,val
s112044522024,0.035714287,0.1097593,train
s112044522025,0.125,0.104009435,train
s112044522027,0.071428575,0.10535949,train
s112044522028,0.017857144,0.09843321,train
s112044522029,0.035714287,0.08617371,train
s112044522032,0.21428572,0.08889744,train
s112044522033,0.14285715,0.0804396,train
s112044522034,0.0,0.14296585,train
s112044522035,0.017857144,0.31062496,train
s112044522036,0.48214287,0.12594768,train
s112044522037,0.10714286,0.082404,train
s112044522038,0.05357143,0.0743588,train
s112044522039,0.4107143,0.13915777,train
s112044522040,0.23214285,0.16158168,train
s112044522041,0.19642857,0.11866769,train
s112044522042,0.0,0.08537236,train
s112044522043,0.0,0.068165846,train
s112044522044,0.0,0.10340934,train
s112044522047,0.017857144,0.08908072,train
s113044522003,0.39285713,0.13597858,train
s112044522055,0.0,0.14300887,train
s112044522056,0.035714287,0.14172837,train
s112044522057,0.0,0.12133555,train
s112044522058,0.0,0.12087424,train
s112044522059,0.19642857,0.13306798,train
s112044522060,0.035714287,0.14125529,train
s112044522061,0.66071427,0.12701765,train
s112044522065,0.0,0.1391006,train
s112044522066,0.017857144,0.14339961,train
s112044522067,0.4107143,0.18687549,train
s112044522069,0.035714287,0.14958593,train
s112044522070,0.21428572,0.26950443,train
s112044522071,0.017857144,0.27372557,train
s112044522072,0.14285715,0.17688334,train
s112044522075,0.017857144,0.18452305,train
s112044522076,0.9464286,0.20024922,train
s112044522077,0.125,0.1854112,train
s112044522078,0.25,0.32205215,train
s112044522081,0.0,0.12537165,train
s112044524026,0.0,0.14931855,train
s112044524027,0.64285713,0.1956266,train
s112044524032,0.17857143,0.14583264,train
s112044524034,0.6785714,0.25724936,train
s112044524036,0.71428573,0.26885813,train
s112044524037,0.0,0.29839504,train
s112044524041,0.0,0.19939196,train
s112044524042,0.23214285,0.21423584,train
s112044524043,0.30357143,0.29839504,train
s112044524045,0.19642857,0.19255623,train
s113044524008,0.5535714,0.20286766,train
s112044524048,0.0,0.23903297,val
s112044524049,0.16071428,0.27237606,val
s112044524050,0.035714287,0.24443455,val
s112044524054,0.35714287,0.2863319,val
s112044524058,0.625,0.19407623,val
s112044524060,0.10714286,0.18492413,val
s112044524061,0.14285715,0.13647291,val
s112044524062,0.35714287,0.16263232,val
s112044524063,0.0,0.13974394,val
s112044524064,0.0,0.19024989,val
s112044524065,0.8035714,0.19804835,val
s112044524066,0.64285713,0.23969895,val
s113044524005,0.071428575,0.14341554,val
s113044524007,0.0,0.27405256,val
s112044529056,0.0,0.10617475,train
s112044529057,0.0,0.14044349,train
s112044529058,0.30357143,0.17314687,train
s112044529059,0.16071428,0.17029056,train
s112044529060,0.0,0.13789062,train
s112044529062,0.375,0.13533992,train
s112044529063,0.0,0.16021335,train
s112044529065,0.10714286,0.13385488,train
s112044529067,0.035714287,0.13852508,train
s112044529068,0.375,0.1873541,train
s112044529070,0.0,0.14556845,train
s112044529071,0.017857144,0.14096358,train
s112044529074,0.5,0.12748486,train
s112044529075,0.0,0.13483463,train
s112044529076,0.017857144,0.10946913,train
s112044529077,0.035714287,0.12227044,train
s112044529079,0.035714287,0.12239723,train
s112044529080,0.017857144,0.098252475,train
s112044529081,0.42857143,0.12443101,train
s112044529082,0.19642857,0.13454443,train
s112044529083,0.39285713,0.14283204,train
s112044529085,0.017857144,0.11446925,train
s112044529024,0.5,0.17102534,train
s112044529026,0.16071428,0.17250176,train
s112044529027,0.017857144,0.15594399,train
s112044529029,0.19642857,0.15382141,train
s112044529032,0.0,0.14116861,train
s112044529034,0.17857143,0.1637438,train
s112044529035,0.08928572,0.15688582,train
s112044529036,0.017857144,0.12768851,train
s112044529037,0.17857143,0.14095369,train
s112044529038,0.0,0.13850017,train
s112044529040,0.0,0.10987465,train
s112044529042,0.10714286,0.13012478,train
s112044529044,0.05357143,0.12021174,train
s112044529045,0.05357143,0.112927124,train
s112044529047,0.017857144,0.11284955,train
s112044529048,0.0,0.109827854,train
s112044529049,0.10714286,0.11115108,train
s112044529050,0.35714287,0.12128655,train
s112044529051,0.035714287,0.10795143,train
s112044529052,0.017857144,0.10441277,train
s112044529053,0.25,0.12269846,train
s112051302024,0.0,0.14938655,train
s112051302025,0.17857143,0.14372526,train
s112051302026,0.017857144,0.12771985,train
s112051302027,0.0,0.14280182,train
s112051302028,0.0,0.11971904,train
s112051302029,0.0,0.13968267,train
s112051302030,0.0,0.13566312,train
s112051302031,0.0,0.13315204,train
s112051302032,0.3392857,0.1361804,train
s112051302034,0.75,0.14169946,train
s112051302035,0.0,0.15031119,train
s112051302036,0.05357143,0.1481946,train
s112051302037,0.08928572,0.14414069,train
s112051302038,0.0,0.14074397,train
s112051302039,1.0,0.14838102,train
s112051302040,0.0,0.1752125,train
s112051302041,0.0,0.1303459,train
s112051302042,0.32142857,0.13821782,train
s112051302043,0.51785713,0.15674987,train
s112051302044,0.0,0.1271497,train
s112051302045,0.5,0.1283307,train
s112051302047,0.51785713,0.1554017,train
s112051302048,0.0,0.13234906,train
s112051302049,0.17857143,0.13918649,train
s112051302050,0.05357143,0.15571101,train
s112051302051,0.14285715,0.1819481,train
s112051302052,0.39285713,0.18553753,train
s112051302053,0.19642857,0.1333595,train
s112051302054,0.17857143,0.17803365,train
s112051302055,0.125,0.18516576,train
s112051302056,0.0,0.1729509,train
s112051302059,0.48214287,0.17117372,train
s112051302060,0.32142857,0.18170728,train
s112051302061,0.16071428,0.12608658,train
s112051302063,0.0,0.1696814,train
s112051302064,0.0,0.1424907,train
s112051302065,0.625,0.16545327,train
s113051302003,0.0,0.13280737,train
s112051302068,0.0,0.13032311,val
s112051302070,0.10714286,0.10977593,val
s112051302071,0.0,0.13269076,val
s112051302072,0.017857144,0.14006446,val
s112051302078,0.0,0.104663365,val
s112051302079,0.035714287,0.11696879,val
s112051302080,0.071428575,0.10774504,val
s112051302087,0.125,0.06699124,val
s112051302091,0.0,0.11329156,val
s112051302093,0.0,0.14084038,val
s112051302094,0.08928572,0.22774316,val
s112051302095,0.08928572,0.11840546,val
s112051302096,0.0,0.13408905,val
s112051302097,0.10714286,0.13598761,val
s112051302099,0.30357143,0.14074618,val
s112051302100,0.0,0.16499004,val
s112051302102,0.25,0.15539512,val
s112051302104,0.035714287,0.1457717,val
s112051302107,0.10714286,0.14022708,val
s112051302109,0.071428575,0.15991451,val
s112054502024,0.035714287,0.1235276,train
s112054502025,0.0,0.120950505,train
s112054502026,0.0,0.11499782,train
s112054502027,0.0,0.17666808,train
s112054502028,0.375,0.18145156,train
s112054502029,0.0,0.12685502,train
s112054502030,0.0,0.12358496,train
s112054502031,0.51785713,0.169388,train
s112054502032,0.035714287,0.14060089,train
s112054502033,0.125,0.16459617,train
s112054502037,0.0,0.10125919,train
s112054502039,0.21428572,0.108280696,train
s112054502040,0.32142857,0.14185506,train
s112054502042,0.08928572,0.11994134,train
s112054502043,0.035714287,0.083691806,train
s112054502044,0.35714287,0.12603398,train
s112054502045,1.0,0.4514209,train
s112054502046,0.75,0.1464914,train
s113054502003,0.14285715,0.17744912,train
s112054502050,0.10714286,0.123439975,train
s112054502051,0.0,0.123545736,train
s112054502053,0.035714287,0.12319355,train
s112054502054,0.23214285,0.1228541,train
s112054502055,0.05357143,0.12213228,train
s112054502057,0.5,0.16001377,train
s112054502058,0.125,0.11474844,train
s112054502059,0.0,0.14680147,train
s112054502061,0.16071428,0.08987125,train
s112054502062,0.0,0.0809564,train
s112054502065,0.071428575,0.08232436,train
s112054502066,0.0,0.0927327,train
s112054502069,0.05357143,0.09380644,train
s113054502004,0.0,0.12317696,train
s112054505026,0.0,0.055381477,val
s112054505027,0.017857144,0.05986291,val
s112054505028,0.3392857,0.107773475,val
s112054505035,0.017857144,0.21695562,val
s112054505036,0.48214287,0.17597003,val
s112054505040,0.85714287,0.3017547,val
s112054505041,0.0,0.2088101,val
s112054505042,0.21428572,0.1270439,val
s112054505043,0.30357143,0.16952147,val
s112054505045,0.10714286,0.22230887,val
s112054505048,0.0,0.16668269,val
s113054505003,0.0,0.14848791,val
s112054505054,0.017857144,0.1374239,train
s112054505056,0.0,0.12993741,train
s112054505057,0.14285715,0.14455579,train
s112054505058,0.14285715,0.13488786,train
s112054505059,0.035714287,0.14324401,train
s112054505061,0.0,0.12968116,train
s112054505062,0.017857144,0.1317128,train
s112054505063,0.071428575,0.13417731,train
s112054505064,0.35714287,0.13759437,train
s112054505067,0.16071428,0.15431643,train
s112054505068,0.32142857,0.15060985,train
s112054505069,0.26785713,0.11237632,train
s112054505070,0.0,0.1337481,train
s112054505071,0.125,0.1313514,train
s112054505073,0.21428572,0.1333029,train
s112054505074,0.19642857,0.15338805,train
s112054505075,0.071428575,0.15381151,train
s112054505076,0.8214286,0.12782261,train
s112054505078,0.125,0.13191253,train
s112054523041,1.0,0.23253225,train
s112054523042,0.25,0.2106692,train
s112054523044,0.0,0.19103748,train
s112054523045,0.0,0.1964561,train
s112054523046,0.05357143,0.23366794,train
s112054523047,0.0,0.22445801,train
s112054523048,0.0,0.22764087,train
s112054523050,0.10714286,0.17930393,train
s112054523051,0.071428575,0.19184013,train
s112054523053,0.25,0.18758866,train
s112054523055,0.017857144,0.18323204,train
s113054523005,0.0,0.23300903,train
s112054523024,0.017857144,0.14818986,train
s112054523025,0.0,0.1444432,train
s112054523027,0.26785713,0.17929411,train
s112054523028,0.071428575,0.16744697,train
s112054523029,0.10714286,0.17307858,train
s112054523030,0.0,0.18110809,train
s112054523031,0.0,0.08803849,train
s112054523032,0.16071428,0.19583443,train
s112054523034,0.05357143,0.18281347,train
s112054523036,0.071428575,0.20088632,train
s112054523037,1.0,0.22057986,train
s112054523038,0.21428572,0.25769925,train
s112060323074,0.017857144,0.20464104,test
s112060323076,0.25,0.13968992,test
s112060323077,0.21428572,0.21034987,test
s112060323078,0.32142857,0.21200286,test
s112060323079,0.125,0.13720797,test
s112060323080,0.19642857,0.18434748,test
s112060323081,0.16071428,0.21846549,test
s112060323084,0.125,0.13360727,test
s112060323085,0.0,0.15192442,test
s112060323086,0.017857144,0.13777417,test
s112060323087,0.05357143,0.15886867,test
s112060323088,0.10714286,0.16002288,test
s112060323089,0.0,0.09376618,test
s112060323090,0.0,0.13880265,test
s112060323091,0.0,0.13412061,test
s112060323093,0.0,0.117130786,test
s112060323095,0.017857144,0.13318619,test
s112060323096,0.0,0.1554641,test
s112060323098,0.17857143,0.16235548,test
s112060323099,0.05357143,0.10189661,test
s112060323100,0.0,0.14519477,test
s112060323102,0.0,0.14423701,test
s113060323003,0.19642857,0.12501097,test
s112060323105,0.3392857,0.13647698,train
s112060323106,0.0,0.13173835,train
s112060323107,0.14285715,0.14079522,train
s112060323108,0.017857144,0.15139103,train
s112060323110,0.8214286,0.19505453,train
s112060323111,0.375,0.15256807,train
s112060323112,0.3392857,0.16419517,train
s112060323113,0.0,0.15603776,train
s112060323115,0.25,0.286208,train
s112060323116,0.3392857,0.1517097,train
s112060323117,0.19642857,0.13002726,train
s112060323118,0.21428572,0.14970537,train
s112060323119,0.16071428,0.18604407,train
s112060323121,0.0,0.08284503,train
s112060323122,0.0,0.14991447,train
s112060323123,0.10714286,0.10985985,train
s112060323124,0.0,0.08842265,train
s112060323125,0.017857144,0.088266805,train
s112060323126,0.4642857,0.14877513,train
s112060323127,0.14285715,0.14020988,train
s112060323128,0.5,0.09773664,train
s112060323129,0.10714286,0.08713646,train
s112060323130,0.017857144,0.090811744,train
s112060323131,0.10714286,0.17896426,train
s112060323132,0.3392857,0.10842841,train
s113060323004,0.75,0.16155736,train
s113060323005,0.035714287,0.15165213,train
s113060323006,0.26785713,0.10499288,train
s112060323092,0.017857144,0.12771674,train
s112061313069,0.071428575,0.12605831,val
s112061313070,0.0,0.13294326,val
s112061313072,0.08928572,0.08487978,val
s112061313073,0.0,0.098191865,val
s112061313074,0.30357143,0.15087384,val
s112061313075,0.10714286,0.1285429,val
s112061313076,0.0,0.12169397,val
s112061313077,0.035714287,0.101187825,val
s112061313078,0.071428575,0.15469208,val
s112061313080,0.08928572,0.16546291,val
s112061313081,0.0,0.1599764,val
s112061313082,0.0,0.09983367,val
s112061313085,0.071428575,0.1304511,val
s112061313086,0.16071428,0.11399654,val
s112061313087,0.017857144,0.14290479,val
s112061313089,0.05357143,0.14163488,val
s112061313090,0.035714287,0.13939244,val
s112061313092,0.0,0.14911172,val
s112061313093,0.0,0.17306659,val
s112061313094,0.10714286,0.15978396,val
s112061313095,0.125,0.1671627,val
s112061313096,0.035714287,0.17922999,val
s112061313097,0.5,0.15166515,val
s112061313098,0.035714287,0.1427101,val
s112061313099,0.035714287,0.1384226,val
s112061313100,0.0,0.14496493,val
s112061313101,0.0,0.16957334,val
s112061313102,0.0,0.14906089,val
s112061313103,0.0,0.13694435,val
s112061313104,0.0,0.18052736,val
s112061313105,0.0,0.15516904,val
s112061313106,0.0,0.17549224,val
s112061313107,0.0,0.1617967,val
s112061313108,0.16071428,0.14411576,val
s112061313024,0.23214285,0.3869756,train
s112061313025,0.017857144,0.111302674,train
s112061313026,0.23214285,0.13930483,train
s112061313027,0.0,0.12484779,train
s112061313029,0.08928572,0.13147438,train
s112061313030,0.0,0.12581421,train
s112061313031,0.035714287,0.14487939,train
s112061313032,0.16071428,0.14789546,train
s112061313033,0.2857143,0.13462408,train
s112061313034,0.017857144,0.13758262,train
s112061313035,0.125,0.13645498,train
s112061313036,0.017857144,0.122253306,train
s112061313037,0.0,0.13596702,train
s112061313038,0.10714286,0.13182984,train
s112061313039,0.19642857,0.12050652,train
s112061313040,0.0,0.12039587,train
s112061313041,0.14285715,0.11921509,train
s112061313042,0.25,0.13019735,train
s112061313043,0.05357143,0.119550176,train
s112061313044,0.0,0.09977909,train
s112061313045,0.017857144,0.1253757,train
s112061313047,0.125,0.122389026,train
s112061313048,0.05357143,0.12390581,train
s112061313049,0.0,0.10400563,train
s112061313050,0.0,0.12217354,train
s112061313051,0.05357143,0.1288523,train
s112061313052,0.017857144,0.11651479,train
s112061313053,0.17857143,0.121397056,train
s112061313054,0.19642857,0.14535262,train
s112061313055,0.25,0.11579114,train
s112061313056,0.071428575,0.15062565,train
s112061313057,0.21428572,0.1469621,train
s112061313058,0.39285713,0.12912603,train
s112061313059,0.16071428,0.12955664,train
s112061313061,0.035714287,0.10963989,train
s112061313062,0.017857144,0.121928506,train
s112061313063,0.0,0.13509314,train
s112061315024,0.017857144,0.1103444,train
s112061315025,0.10714286,0.115383774,train
s112061315027,0.05357143,0.13079262,train
s112061315028,0.21428572,0.103969894,train
s112061315029,0.44642857,0.10750274,train
s112061315031,0.017857144,0.091906466,train
s112061315033,0.14285715,0.11921138,train
s112061315034,0.3392857,0.13280375,train
s112061315035,0.21428572,0.09835659,train
s112061315036,0.21428572,0.13052425,train
s112061315038,0.14285715,0.13339609,train
s112061315039,0.25,0.13662364,train
s112061315041,0.0,0.110358894,train
s112061315043,0.071428575,0.18604374,train
s112061315044,0.071428575,0.1521299,train
s112061315045,0.0,0.15579036,train
s112061315046,0.0,0.13545132,train
s112061315047,0.05357143,0.11853708,train
s112061315048,0.16071428,0.15470943,train
s112061315050,0.05357143,0.11276753,train
s112061315051,0.75,0.16037215,train
s112061315052,0.0,0.17614485,train
s112061315053,0.2857143,0.17285407,train
s112061315054,0.0,0.123052806,train
s112061315058,0.0,0.18833524,train
s112061315059,0.035714287,0.10695044,train
s112061315060,0.0,0.12420232,train
s112061315061,0.25,0.11935094,train
s112061315062,0.4107143,0.15583049,train
s112061315064,0.0,0.1313135,train
s112061315067,0.44642857,0.19350833,test
s112061315068,0.035714287,0.12342922,test
s112061315069,0.21428572,0.124389246,test
s112061315072,0.10714286,0.07060112,test
s112061315073,0.08928572,0.1520617,test
s112061315080,0.0,0.16148674,test
s112061315083,0.5,0.15698205,test
s112061315085,0.2857143,0.2559119,test
s112061315087,0.89285713,0.14483003,test
s112061315089,0.17857143,0.12972337,test
s112061315093,0.0,0.1787513,test
s112061315094,0.0,0.13142827,test
s112061315098,0.75,0.12224079,test
s112061315099,1.0,0.0918923,test
s112061315100,0.25,0.11925007,test
s112061315102,0.0,0.2442178,test
s112061315105,0.2857143,0.21420017,test
s112061315106,0.14285715,0.10188449,test
s112061315108,0.0,0.19962737,test
s112061317024,0.16071428,0.0979328,val
s112061317025,0.017857144,0.11285342,val
s112061317027,0.08928572,0.09905856,val
s112061317030,0.05357143,0.107994385,val
s112061317031,0.035714287,0.10754986,val
s112061317032,0.08928572,0.10157848,val
s112061317033,0.0,0.11126956,val
s112061317034,0.0,0.11387691,val
s112061317037,0.6964286,0.15736325,val
s112061317038,0.017857144,0.12940593,val
s112061317039,0.21428572,0.11965996,val
s112061317040,0.017857144,0.09382069,val
s112061317041,0.5,0.39843637,val
s112061317042,0.071428575,0.14199792,val
s112061317045,0.0,0.105974585,val
s112061317048,0.0,0.103609934,val
s112061317049,0.26785713,0.114151895,val
s112061317050,0.017857144,0.13273653,val
s112061317051,0.0,0.13001576,val
s112061317052,0.48214287,0.114175156,val
s112061317053,0.0,0.11437592,val
s112061317054,0.017857144,0.13980652,val
s112061317055,0.0,0.11084676,val
s112061317056,0.5,0.10796048,val
s112061317057,0.0,0.12062757,val
s112061317058,0.05357143,0.11840357,val
s112061317059,0.19642857,0.11682579,val
s112061317061,0.17857143,0.13588977,val
s112061317063,0.0,0.16500191,val
s112061317064,0.0,0.14451171,val
s112061317065,0.017857144,0.12649274,val
s112061317067,0.017857144,0.12694028,val
s112061317070,0.0,0.10392927,val
s113061317003,0.0,0.17554168,val
s112061317074,0.19642857,0.264309,train
s112061317075,0.3392857,0.2512641,train
s112061317076,0.10714286,0.20222831,train
s112061317079,0.0,0.24585022,train
s112061317080,0.17857143,0.18325162,train
s112061317081,0.17857143,0.25578606,train
s112061317082,0.39285713,0.2392759,train
s112061317083,0.017857144,0.25576085,train
s112061317085,0.26785713,0.23931204,train
s112061317086,0.0,0.15173964,train
s112061317087,0.071428575,0.16505581,train
s112061317088,0.071428575,0.18701243,train
s112061317089,0.0,0.22674479,train
s112061317090,0.0,0.10283378,train
s112061317092,0.0,0.11699657,train
s112061317093,0.0,0.13971154,train
s112061317095,0.035714287,0.10710835,train
s112061317096,0.0,0.16251919,train
s112061317097,0.0,0.15286487,train
s112061317098,0.08928572,0.15077019,train
s112061317100,0.0,0.17225799,train
s112061317101,0.0,0.13669486,train
s112061317102,0.05357143,0.10283324,train
s112061317103,0.5,0.19609602,train
s112061317106,0.071428575,0.13770284,train
s112061317107,0.017857144,0.10338731,train
s112061317108,0.0,0.13308573,train
s112061317110,0.0,0.20856291,train
s112061317111,0.0,0.19117764,train
s112061317112,0.0,0.10150044,train
s112061317113,0.0,0.096996754,train
s113061317004,0.10714286,0.2384133,train
s113061317007,0.78571427,0.25656956,train
s113061317008,0.125,0.15052229,train
s112064350025,0.0,0.08772051,test
s112064350026,0.25,0.17434129,test
s112064350027,0.05357143,0.08474311,test
s112064350028,0.0,0.093112364,test
s112064350029,0.0,0.110759765,test
s112064350030,0.125,0.10071936,test
s112064350032,0.0,0.083068535,test
s112064350033,0.0,0.11997181,test
s112064350034,0.035714287,0.08870937,test
s112064350035,0.0,0.09046872,test
s112064350037,0.5,0.088066414,test
s112064350038,0.0,0.09131501,test
s112064350039,0.0,0.10438396,test
s112064350040,0.0,0.09111534,test
s112064350041,0.0,0.08563447,test
s112064350042,0.14285715,0.074092254,test
s112064350043,0.5,0.111353904,test
s112064350044,0.0,0.10818517,test
s112064350045,0.0,0.08222452,test
s113064350003,0.017857144,0.08910765,test
s113064350004,0.0,0.10376284,test
s113064350005,0.25,0.090243846,test
s112064350048,0.42857143,0.12107965,train
s112064350049,0.19642857,0.13026646,train
s112064350051,0.0,0.12688123,train
s112064350052,0.05357143,0.12498422,train
s112064350053,0.017857144,0.12601115,train
s112064350054,0.2857143,0.12580083,train
s112064350055,0.0,0.10733664,train
s112064350060,0.125,0.08310304,train
s112064350061,0.0,0.06512504,train
s112064350062,0.017857144,0.10168876,train
s112064350063,0.0,0.06285711,train
s112064350064,0.0,0.1122456,train
s112064350065,0.0,0.06456847,train
s112064350066,0.0,0.069535665,train
s112064350067,0.60714287,0.11118309,train
s112064350071,0.5535714,0.11068261,train
s112064350073,0.0,0.09030244,train
s112064510025,1.0,0.115913466,train
s112064510026,1.0,0.35994005,train
s112064510027,0.05357143,0.11656724,train
s112064510028,0.16071428,0.08628751,train
s112064510029,0.5,0.116573244,train
s112064510030,0.0,0.11143035,train
s112064510031,0.91071427,0.13829455,train
s112064510032,0.0,0.1286955,train
s112064510033,0.035714287,0.07184253,train
s112064510034,0.0,0.07184253,train
s112064510035,0.5,0.10145672,train
s112064510036,0.08928572,0.14082843,train
s112064510037,0.017857144,0.11408459,train
s112064510038,0.017857144,0.10265888,train
s112064510039,0.3392857,0.1723271,train
s112064510040,0.30357143,0.17170599,train
s112064510042,0.035714287,0.15777563,train
s112064510043,0.0,0.18148553,train
s112064510044,0.0,0.1535289,train
s112064510045,0.25,0.14475574,train
s112064510048,0.0,0.14203116,train
s112064510049,0.071428575,0.1414182,train
s112064510050,0.16071428,0.15249933,train
s112064510051,0.375,0.14199813,train
s112064510052,0.035714287,0.13904136,train
s112064510054,0.0,0.13863051,train
s112064510055,0.30357143,0.14898418,train
s112064510056,0.05357143,0.13408361,train
s112064510057,0.0,0.09827246,train
s112064510058,0.017857144,0.12869848,train
s112064510059,0.21428572,0.1311972,train
s112064510060,0.0,0.15163533,train
s112064510061,0.75,0.1894123,train
s112064510062,0.23214285,0.10631792,train
s112064510063,0.0,0.11700059,train
s112064510065,0.125,0.18357804,train
s112064510066,0.0,0.12752722,train
s112064510067,0.0,0.13161819,train
s112064510068,0.14285715,0.13971609,train
s112064510069,0.035714287,0.14313288,train
s112064510070,0.60714287,0.14167777,train
s112064510073,0.71428573,0.16085808,train
s112064515025,0.375,0.13991103,test
s112064515026,0.125,0.17127155,test
s112064515027,0.08928572,0.123327784,test
s112064515029,0.017857144,0.12827672,test
s112064515030,0.0,0.13516565,test
s112064515031,0.05357143,0.13119031,test
s112064515032,0.25,0.14117098,test
s112064515033,0.08928572,0.14785069,test
s112064515034,0.5535714,0.14919233,test
s112064515035,0.05357143,0.11989627,test
s112064515036,0.05357143,0.14295012,test
s112064515037,0.17857143,0.13505433,test
s112064515038,0.08928572,0.13270786,test
s112064515039,0.017857144,0.13442937,test
s112064515040,0.017857144,0.14082903,test
s112064515041,0.5,0.19666588,test
s112064515042,0.0,0.1273369,test
s112064515043,0.0,0.21667767,test
s112064515044,0.25,0.16068451,test
s112064515045,0.0,0.10673458,test
s112064515046,0.0,0.16953157,test
s112064515047,0.035714287,0.15914483,test
s112064515048,0.0,0.1456622,test
s112064515049,0.25,0.121459916,test
s112064515050,0.0,0.1252464,test
s113064515003,0.6785714,0.2111145,test
s113064515004,0.0,0.1293795,test
s112064515053,0.21428572,0.35660064,test
s112064515056,0.6964286,0.35660064,test
s112064515057,0.035714287,0.07392781,test
s112064515059,0.05357143,0.07774638,test
s112064515060,0.0,0.07186277,test
s112064515061,0.05357143,0.07897039,test
s112064515062,0.017857144,0.10786443,test
s112064515063,0.017857144,0.079149224,test
s112064515064,0.035714287,0.05403377,test
s112064515066,0.16071428,0.062851764,test
s112064515067,0.0,0.0625817,test
s112064515068,0.017857144,0.06791234,test
s112064515069,0.0,0.064350575,test
s112064515070,0.3392857,0.1210047,test
s112064515071,0.0,0.116235584,test
s112064515072,0.0,0.061833724,test
s112064515073,0.017857144,0.066816255,test
s112064515076,0.017857144,0.08060271,test
s112064515077,0.0,0.09089522,test
s112064515078,0.58928573,0.12036479,test
s112064515079,0.071428575,0.07765958,test
s112064519024,0.60714287,0.23137876,val
s112064519026,0.16071428,0.27537864,val
s112064519027,0.17857143,0.24140637,val
s112064519028,0.05357143,0.27158374,val
s112064519031,0.10714286,0.20939974,val
s112064519032,0.14285715,0.25568008,val
s112064519033,0.0,0.1448004,val
s112064519034,0.16071428,0.17508073,val
s112064519035,0.16071428,0.19171032,val
s112064519036,0.0,0.16439274,val
s112064519040,0.16071428,0.19349107,val
s112064519043,0.0,0.09100723,val
s112064519044,0.17857143,0.13200286,val
s112064519046,0.17857143,0.13665335,val
s112064521025,0.0,0.10660645,train
s112064521027,0.035714287,0.11280561,train
s112064521028,0.26785713,0.12494288,train
s112064521029,0.35714287,0.11207397,train
s112064521030,0.017857144,0.103361234,train
s112064521031,0.0,0.14667694,train
s112064521032,0.5714286,0.14460815,train
s112064521033,0.0,0.13224266,train
s112064521034,0.125,0.14974707,train
s112064521035,0.14285715,0.13125804,train
s112064521036,0.05357143,0.13559042,train
s112064521039,0.0,0.12501287,train
s112064521040,0.10714286,0.11417971,train
s112064521041,0.16071428,0.11204068,train
s112064521042,0.5,0.10743276,train
s112064521043,0.0,0.11046858,train
s112064521045,0.035714287,0.112035446,train
s112064521046,0.23214285,0.15212458,train
s112064521047,0.05357143,0.154893,train
s112064521048,0.0,0.14297633,train
s112064521049,0.017857144,0.14251804,train
s112064521050,0.39285713,0.1428643,train
s112064523050,0.17857143,0.1616405,test
s112064523051,1.0,0.17241181,test
s112064523052,0.08928572,0.16454999,test
s112064523053,0.23214285,0.16772375,test
s112064523054,0.19642857,0.16141458,test
s112064523055,0.125,0.15812084,test
s112064523056,0.5,0.16538727,test
s112064523057,0.0,0.1544602,test
s112064523058,0.071428575,0.16078284,test
s112064523059,1.0,0.05232396,test
s112064523060,0.75,0.05288645,test
s112064523061,0.0,0.047230005,test
s112064523062,0.071428575,0.054602988,test
s112064523063,0.0,0.04882378,test
s112064523064,0.75,0.053382613,test
s112064523065,0.5,0.047764733,test
s112064523067,0.75,0.052068412,test
s112064523068,0.75,0.060693435,test
s112064523069,0.5,0.067903996,test
s112064523070,0.0,0.05793593,test
s112064523071,0.0,0.07697415,test
s112064523024,0.0,0.30719072,val
s112064523027,0.05357143,0.2841608,val
s112064523028,0.44642857,0.3146181,val
s112064523029,0.0,0.3286389,val
s112064523030,0.6964286,0.25239405,val
s112064523032,0.0,0.27554843,val
s112064523033,0.58928573,0.24457978,val
s112064523034,0.10714286,0.16479889,val
s112064523036,0.05357143,0.16643095,val
s112064523037,0.035714287,0.14339112,val
s112064523038,0.73214287,0.14558382,val
s112064523039,0.0,0.23470768,val
s112064523040,0.0,0.15563306,val
s112064523041,0.0,0.16544539,val
s112064523044,0.75,0.16153193,val
s113064523003,0.0,0.19121446,val
s113064523004,0.75,0.1819631,val
s113064523006,0.0,0.31695092,val
s112064526024,0.21428572,0.16830972,train
s112064526025,0.0,0.1836357,train
s112064526026,0.21428572,0.15030083,train
s112064526028,0.017857144,0.20951192,train
s112064526029,0.625,0.16296853,train
s112064526030,0.25,0.1784745,train
s112064526031,0.2857143,0.1574679,train
s112064526032,0.30357143,0.17573807,train
s112064526033,0.08928572,0.18162437,train
s112064526034,0.42857143,0.173772,train
s112064526036,0.0,0.13475952,train
s112064526037,0.0,0.04058919,train
s112064526038,0.035714287,0.074241385,train
s112064526039,0.0,0.034879714,train
s112064526041,0.0,0.07989702,train
s112064526042,0.017857144,0.020279825,train
s112064526043,0.08928572,0.037393615,train
s112064526044,0.0,0.035510115,train
s112064526045,0.0,0.10942046,train
s112064526046,0.0,0.04732614,train
s112064526047,0.0,0.044063136,train
s112064526049,0.0,0.039251655,train
s112064526050,0.0,0.19612761,train
s113064526003,0.0,0.03636902,train
s112064526055,0.0,0.13809359,test
s112064526056,0.16071428,0.14417805,test
s112064526060,0.017857144,0.13742995,test
s112064526061,0.035714287,0.21623382,test
s112064526063,0.05357143,0.0986073,test
s112064526064,0.19642857,0.13541129,test
s112064526066,0.071428575,0.13796137,test
s112064526067,0.0,0.09218689,test
s112064526068,0.0,0.12747318,test
s112064526069,0.0,0.061298206,test
s112064526072,0.0,0.114776306,test
s112064526074,0.071428575,0.1551676,test
s112064526075,0.05357143,0.16160238,test
s112064533025,0.0,0.11764437,test
s112064533026,0.0,0.1170756,test
s112064533027,0.125,0.11732081,test
s112064533029,0.19642857,0.1196824,test
s112064533034,0.0,0.15694636,train
s112064533035,0.0,0.15694636,train
s112064533036,0.23214285,0.15694636,train
s112064537045,0.0,0.069266796,val
s112064537047,0.0,-0.027208343,val
s112064537049,0.071428575,0.32665634,val
s112064537050,0.10714286,0.10092886,val
s112064537051,0.05357143,0.093204595,val
s112064537052,0.3392857,0.1248541,val
s112064537053,0.017857144,0.13740596,val
s112064537054,0.035714287,0.117412135,val
s112064537058,0.071428575,0.07625881,val
s112064537059,0.0,0.074191675,val
s112064537061,0.10714286,0.07524455,val
s112064537025,0.125,0.14254428,train
s112064537030,0.017857144,0.049266875,train
s112064537032,0.0,0.1688596,train
s112064537033,0.10714286,0.14265625,train
s112064537034,0.0,0.11839397,train
s112064537036,0.08928572,0.19227688,train
s112064537038,0.125,0.1922769,train
s112064537039,0.05357143,0.13294032,train
s112064537040,0.42857143,0.1922769,train
s112064538055,0.0,0.13325863,train
s112064538056,0.0,0.1405536,train
s112064538057,0.035714287,0.12542927,train
s112064538058,0.3392857,0.15835038,train
s112064538059,0.017857144,0.12865143,train
s112064538060,0.035714287,0.12575956,train
s112064538061,0.35714287,0.1303727,train
s112064538062,0.071428575,0.12886968,train
s112064538063,0.0,0.14357743,train
s112064538064,0.25,0.16039862,train
s112064538065,0.5,0.13047644,train
s112064538066,0.0,0.124216415,train
s112064538067,0.017857144,0.10815349,train
s112064538069,0.0,0.11666371,train
s112064538070,0.0,0.10427617,train
s112064538071,0.08928572,0.10853431,train
s112064538072,0.0,0.1256082,train
s112064538073,0.26785713,0.14537966,train
s112064538074,0.017857144,0.11165783,train
s112064538075,0.0,0.099747285,train
s112064538076,0.10714286,0.10003386,train
s112064538077,0.0,0.09425153,train
s112064538078,0.0,0.105035044,train
s112064538079,0.0,0.10415299,train
s113064538005,0.51785713,0.14197807,train
s113064538006,0.08928572,0.14381695,train
s113064538007,0.035714287,0.1293401,train
s112064538024,0.71428573,0.2068592,test
s112064538025,0.4107143,0.06357548,test
s112064538027,0.25,0.20405795,test
s112064538028,0.5,0.1540949,test
s112064538029,0.0,0.17214997,test
s112064538030,0.35714287,0.19734716,test
s112064538032,0.125,0.13623564,test
s112064538033,0.19642857,0.16141348,test
s112064538034,0.30357143,0.19203852,test
s112064538035,0.35714287,0.14273751,test
s112064538036,0.32142857,0.13790748,test
s112064538037,0.0,0.15211028,test
s112064538039,0.0,0.06268831,test
s112064538040,0.05357143,0.07346743,test
s112064538041,0.0,0.0649068,test
s112064538042,0.0,0.061918326,test
s112064538043,0.0,0.05735133,test
s112064538044,0.017857144,0.053606838,test
s112064538045,0.035714287,0.05903773,test
s112064538046,0.0,0.067208484,test
s112064538047,0.0,0.0807366,test
s112064538048,0.035714287,0.07599473,test
s112064538049,0.5,0.06247486,test
s112064538050,0.5,0.072836995,test
s112064538051,0.0,0.06811295,test
s113064538003,0.05357143,0.1750325,test
s113064538004,0.6964286,0.21943678,test
s112064543025,0.0,0.040730894,val
s112064543026,0.0,0.12413881,val
s112064543029,0.0,0.063682415,val
s112064543030,0.21428572,0.11143766,val
s112064543031,0.0,0.116776176,val
s112064543032,0.0,0.04972078,val
s112064543033,0.017857144,0.097017184,val
s112064543034,0.035714287,-0.03730838,val
s112064543036,0.0,0.12121847,val
s112064543037,0.23214285,0.12275814,val
s112064543038,0.10714286,0.15978223,val
s112064543039,0.0,0.14702389,val
s112064543041,0.0,0.15416628,val
s112064543042,0.21428572,0.14854455,val
s112064543044,0.78571427,0.19217053,val
s112064543045,0.0,0.15750039,val
s112064543048,0.30357143,0.116356015,val
s113064543004,0.75,0.11903541,val
s113064543005,0.14285715,0.12776062,val
s112064543052,0.0,0.07460065,train
s112064543054,0.017857144,0.08276056,train
s112064543055,0.017857144,0.16060722,train
s112064543057,0.25,0.17014097,train
s112064543060,0.0,0.15650709,train
s112064543061,0.035714287,0.11548159,train
s112064543062,0.0,0.07947999,train
s112064543064,0.14285715,0.16985762,train
s112064543065,0.6785714,0.14974473,train
s112064543066,0.017857144,0.16968039,train
s112064543067,0.125,0.17170572,train
s112064543068,0.08928572,0.18087432,train
s112064543069,0.6785714,0.14409764,train
s112064543072,0.48214287,0.23840314,train
s112064545024,0.0,0.13091873,test
s112064545025,0.035714287,0.14864203,test
s112064545026,0.51785713,0.15047938,test
s112064545028,0.071428575,0.1344934,test
s112064545029,0.14285715,0.13552678,test
s112064545030,0.8035714,0.10179616,test
s112064545031,0.035714287,0.1337067,test
s112064545034,0.0,0.038895324,test
s112064545035,0.05357143,0.05615011,test
s112064545036,0.017857144,0.07285537,test
s112064545037,0.017857144,0.049947962,test
s112064545038,0.0,0.0586351,test
s112064545044,0.035714287,0.15647142,train
s112064545045,0.0,0.14182629,train
s112064545046,0.125,0.14869866,train
s112064545048,0.0,0.14553119,train
s112064545050,0.0,0.15552214,train
s112064545051,0.2857143,0.16547273,train
s112064545052,0.05357143,0.098020434,train
s112064545053,0.4107143,0.10536606,train
s112064545054,0.0,0.097280666,train
s112064545055,0.21428572,0.10625987,train
s112064545056,0.017857144,0.109347485,train
s112064545057,0.0,0.10861938,train
s112064545058,0.0,0.11095112,train
s112064545059,0.0,0.11692195,train
s112064545060,0.0,0.09435036,train
s113064545004,0.19642857,0.113068745,train
s112064546053,0.0,0.0797252,train
s112064546054,0.017857144,0.08027868,train
s112064546055,0.05357143,0.06677322,train
s112064546057,0.017857144,0.08097229,train
s112064546058,0.0,0.07818098,train
s112064546059,0.10714286,0.08406466,train
s112064546060,0.21428572,0.0859571,train
s112064546061,0.0,0.07464157,train
s112064546062,0.05357143,0.067588866,train
s112064546063,0.017857144,0.06246157,train
s112064546064,0.17857143,0.06764245,train
s112064546065,0.0,0.064019725,train
s112064546066,0.071428575,0.07517467,train
s112064546067,0.0,0.08313434,train
s112064546068,0.0,0.07953222,train
s112064546069,0.05357143,0.08518749,train
s112064546070,0.035714287,0.078574255,train
s112064546071,0.0,0.07636118,train
s112064546072,0.0,0.063333705,train
s112064546073,0.017857144,0.08070236,train
s112064546074,0.08928572,0.07823744,train
s112064546075,0.0,0.046383947,train
s112064546076,0.017857144,0.071570024,train
s112064546077,0.0,0.057572663,train
s113064546004,0.19642857,0.08583083,train
s112064546024,0.10714286,0.08992008,train
s112064546025,0.10714286,0.11305668,train
s112064546026,0.23214285,0.11853984,train
s112064546027,0.0,0.10900302,train
s112064546028,0.035714287,0.11136696,train
s112064546030,0.64285713,0.09061621,train
s112064546031,0.017857144,0.11248411,train
s112064546032,0.0,0.11795076,train
s112064546033,0.14285715,0.1172729,train
s112064546037,0.05357143,0.11240025,train
s112064546038,0.19642857,0.12389645,train
s112064546039,0.3392857,0.10751239,train
s112064546040,0.0,0.10629125,train
s112064546041,0.05357143,0.11235143,train
s112064546042,0.05357143,0.106634356,train
s112064546043,0.17857143,0.113968,train
s112064546044,0.0,0.11153657,train
s112064546045,0.05357143,0.10605469,train
s112064546046,0.0,0.09674068,train
s112064546047,0.08928572,0.10760386,train
s112064546048,0.16071428,0.0935781,train
s112064546049,0.05357143,0.10965439,train
s112064546050,0.05357143,0.10461303,train
s113064546003,0.05357143,0.08074358,train
s112064548025,0.035714287,0.13357778,test
s112064548027,0.0,0.12820429,test
s112064548029,0.25,0.12838393,test
s112064548030,0.75,0.11594091,test
s112064548031,0.017857144,0.109238215,test
s112064548032,0.08928572,0.12852377,test
s112064548033,0.0,0.15469174,test
s112064548034,0.5,0.13481478,test
s112064548035,0.21428572,0.11940561,test
s112064548036,0.19642857,0.10849207,test
s112064548037,0.0,0.12880468,test
s112064548038,0.16071428,0.13225044,test
s112064548039,0.0,0.13445015,test
s112064548040,0.0,0.107863486,test
s112064548041,0.08928572,0.1276021,test
s112064548042,0.0,0.12513177,test
s112064548043,0.017857144,0.14579245,test
s112064548044,0.0,0.14630543,test
s112064548047,0.035714287,0.14527577,test
s112064548048,0.16071428,0.1288148,test
s112064548049,0.0,0.113396436,test
s112064548050,0.0,0.11931673,test
s113064548003,0.26785713,0.16302165,test
s112064548054,0.08928572,0.10320963,train
s112064548056,0.0,0.09895387,train
s112064548057,0.035714287,0.10809724,train
s112064548058,0.0,0.10177585,train
s112064548059,0.0,0.097618386,train
s112064548060,0.017857144,0.10508438,train
s112064548062,0.017857144,0.118789405,train
s112064548063,0.0,0.104514666,train
s112064548065,0.25,0.0952481,train
s112064548066,0.0,0.020254046,train
s112064548067,0.0,0.11876027,train
s112064548068,0.16071428,0.14302601,train
s112064548069,0.0,0.12547803,train
s112064548070,0.05357143,0.14134571,train
s112064548071,0.64285713,0.16669005,train
s112064548072,0.035714287,0.14491947,train
s112064548073,0.0,0.12594785,train
s112064548074,0.0,0.11311236,train
s112064548075,0.0,0.150569,train
s112064548076,0.19642857,0.13603958,train
s112064548077,0.14285715,0.14741655,train
s112064548079,0.48214287,0.1878604,train
s112064551024,0.0,0.10956071,train
s112064551025,0.0,0.03948076,train
s112064551026,0.0,0.07993077,train
s112064551027,0.035714287,0.108796716,train
s112064551028,0.071428575,0.13584101,train
s112064551029,0.17857143,0.12031203,train
s112064551030,0.017857144,0.13583916,train
s112064551031,0.17857143,0.13108122,train
s112064551032,0.0,0.043468855,train
s112064551033,0.0,0.069426164,train
s112064551034,0.035714287,0.08168244,train
s112064551035,0.017857144,0.11595106,train
s112064551037,0.017857144,0.106022015,train
s112064551038,0.17857143,0.11024059,train
s112064551039,0.4642857,0.14335443,train
s112064551040,0.5,0.03912341,train
s112064551041,0.0,0.035939157,train
s112064551042,0.0,0.03679137,train
s112064551043,0.0,0.10334136,train
s112064551044,0.0,0.032310374,train
s112064551045,0.0,0.058353543,train
s112064551046,0.0,0.1370316,train
s112064551047,0.75,0.10792068,train
s112064551048,0.5,0.033198744,train
s112064551051,0.017857144,0.10796969,train
s112064551053,0.08928572,0.19663614,train
s112064551054,0.0,0.08993544,train
s112064551055,0.0,0.101828605,train
s112064551056,0.25,0.2443337,train
s112064551057,0.0,0.20173186,train
s112064551058,0.0,0.11985728,train
s112064551060,0.19642857,0.18495524,train
s112064551063,0.25,0.18225962,train
s112064551064,0.0,0.10313563,train
s112064551067,0.25,0.08473927,train
s112064551068,0.0,0.09333083,train
s112064551069,0.14285715,0.14776362,train
s112064551070,0.91071427,0.25629702,train
s112064551071,0.0,0.095285505,train
s112064551072,0.16071428,0.23011196,train
s112064551073,0.25,0.20240754,train
s112064551074,0.10714286,0.09322703,train
s112064551075,0.85714287,0.24259472,train
s112064551076,0.16071428,0.20599434,train
s112064551077,0.25,0.31676066,train
s112071311024,0.05357143,0.21031794,train
s112071311027,0.0,0.07686366,train
s112071311031,0.05357143,0.058487184,train
s112071311032,0.017857144,0.046570063,train
s112071311034,0.0,0.07705591,train
s112071311038,0.0,0.04591173,train
s112071311039,0.035714287,0.1283107,train
s112071311040,0.21428572,0.06962342,train
s112071311043,0.05357143,0.08176469,train
s112071311045,0.0,0.09575379,train
s112071311047,0.125,0.050700545,train
s112071311049,0.25,0.17563239,train
s112071311050,0.375,0.05709295,train
s112071311052,0.017857144,0.071257815,train
s112071311054,0.071428575,0.06262306,train
s112071311056,0.017857144,0.12947272,train
s112071311060,0.5,0.14843614,train
s112071311061,0.32142857,0.19641432,train
s112071311063,0.51785713,0.2351493,train
s112071311064,0.071428575,0.09858229,train
s112071311068,0.071428575,0.22172906,train
s112071311070,0.017857144,0.14773345,train
s112071311071,0.0,0.13458471,train
s112071311074,0.0,0.06589285,train
s112071311076,0.17857143,0.11749186,train
s112071311080,0.017857144,0.049711555,train
s112071311082,0.0,0.041017793,train
s112071311083,0.0,0.040319964,train
s112071311085,0.017857144,0.118211545,train
s112071311087,0.3392857,0.1090239,train
s112071311088,0.0,0.0435528,train
s112071311093,0.08928572,0.10192032,train
s112071311095,0.0,0.0948339,train
s112071311097,0.30357143,0.09878431,train
s112071311098,0.35714287,0.10544897,train
s112071311102,0.10714286,0.087487064,train
s112071311104,0.2857143,0.45342165,train
s112071311105,0.0,0.1084918,train
s112071311110,0.0,0.09374153,train
s112071311116,0.071428575,0.14891738,train
s112071311120,0.0,0.070115805,train
s113071311004,0.017857144,0.041845255,train
s112071318023,0.42857143,0.24722081,train
s112071318024,0.0,0.22600824,train
s112071318025,0.2857143,0.22367692,train
s112071318026,0.5,0.23177421,train
s112071318030,0.73214287,0.2359328,train
s113071318002,0.5,0.1617163,train
s112074323024,0.08928572,0.08485287,test
s112074323025,0.0,0.08570578,test
s112074323026,0.51785713,0.09981266,test
s112074323027,0.0,0.14153084,test
s112074323028,0.0,0.118750475,test
s112074323029,0.071428575,0.08160445,test
s112074323030,0.0,0.09334426,test
s112074323031,1.0,0.07991193,test
s112074323033,0.0,0.11136338,test
s112074323034,0.0,0.13456917,test
s112074323037,0.5714286,0.17622685,test
s112074323038,0.0,0.08883335,test
s112074323039,0.0,0.09031893,test
s112074323040,0.08928572,0.0865342,test
s112074323041,0.125,0.08573844,test
s112074323042,0.14285715,0.089459285,test
s112074323044,0.05357143,0.17694673,test
s112074323045,0.071428575,0.107442975,test
s112074323046,0.035714287,0.09384044,test
s112074323047,0.35714287,0.17540012,test
s112074323048,0.017857144,0.17414275,test
s112074323051,0.0,0.08751806,test
s112074323052,0.0,0.118973926,test
s112074323054,0.25,0.14029174,test
s112074323055,0.0,0.1330139,test
s112074323056,0.0,0.10224129,test
s112074323057,0.0,0.10237342,test
s112074323058,0.071428575,0.10628852,test
s112074323059,0.25,0.11318497,test
s112074323060,0.0,0.09898879,test
s112074323061,0.071428575,0.11111232,test
s112074323062,0.071428575,0.13391803,test
s112074323063,0.0,0.122613326,test
s112074323064,0.0,0.048084266,test
s112074323065,0.08928572,0.11444969,test
s112074323066,0.375,0.12859128,test
s112074323067,0.17857143,0.12440884,test
s112074323068,0.035714287,0.12373604,test
s112074323069,0.125,0.11275692,test
s112074323070,0.19642857,0.13012901,test
s112074323071,0.4642857,0.13696937,test
s112074323072,0.0,0.10995901,test
s112074323073,0.10714286,0.13319325,test
s112074323074,0.5,0.13695242,test
s112074323075,0.21428572,0.13256538,test
s112074323076,0.071428575,0.13646294,test
s112074505024,0.017857144,0.14677288,train
s112074505025,0.0,0.109381065,train
s112074505026,0.017857144,0.12942193,train
s112074505028,0.75,0.11412071,train
s112074505030,0.66071427,0.1749525,train
s112074505031,0.25,0.12113245,train
s112074505032,0.19642857,0.12690705,train
s112074505033,0.08928572,0.212975,train
s112074505034,0.017857144,0.12827864,train
s112074505035,0.035714287,0.110017166,train
s112074505036,0.0,0.107237905,train
s112074505037,0.125,0.18436484,train
s112074505038,0.4642857,0.2695705,train
s112074505039,0.16071428,0.25536367,train
s112074505040,0.14285715,0.15661152,train
s112074505041,0.017857144,0.25156477,train
s112074505043,0.16071428,0.2604289,train
s112074505044,0.017857144,0.25278598,train
s112074505045,0.21428572,0.17057058,train
s112074505046,0.42857143,0.17202553,train
s112074505048,0.25,0.20383304,train
s112074505049,0.14285715,0.21400848,train
s112074505051,0.071428575,0.17817578,train
s112074505054,0.0,0.09876328,test
s112074505055,0.17857143,0.0981006,test
s112074505056,0.2857143,0.091427036,test
s112074505057,0.05357143,0.10295119,test
s112074505058,0.0,0.1055533,test
s112074505059,0.08928572,0.105089836,test
s112074505060,0.0,0.11673703,test
s112074505061,0.0,0.09439642,test
s112074505062,0.0,0.11413918,test
s112074505063,0.125,0.11544803,test
s112074505065,0.0,0.08886023,test
s112074505066,0.26785713,0.13152179,test
s112074505067,0.0,0.11696623,test
s112074505068,0.19642857,0.11626878,test
s112074505069,0.10714286,0.1413095,test
s112074505071,0.071428575,0.04767806,test
s112074505072,0.10714286,0.11511595,test
s112074505073,0.035714287,0.08463375,test
s112074505074,0.0,0.13336487,test
s112074505075,0.17857143,0.13891825,test
s112074505076,0.17857143,0.1384824,test
s112074505077,0.017857144,0.11376255,test
s112074505078,0.10714286,0.111872904,test
s112074505079,0.08928572,0.11897106,test
s112074505080,0.0,0.10489978,test
s112074505081,0.14285715,0.09835696,test
s112074510024,0.0,0.1582121,train
s112074510025,0.0,0.15113616,train
s112074510026,0.0,0.1584127,train
s112074510027,0.0,0.15363425,train
s112074510028,0.0,0.14878465,train
s112074510029,0.017857144,0.1266149,train
s112074510030,0.14285715,0.14604549,train
s112074510031,0.05357143,0.14271228,train
s112074510032,0.0,0.12993445,train
s112074510034,0.16071428,0.1679211,train
s112074510035,0.035714287,0.15698893,train
s112074510036,0.19642857,0.15886755,train
s112074510037,0.14285715,0.14976542,train
s112074510040,0.3392857,0.13097775,train
s112074510041,0.035714287,0.104510196,train
s112074510042,0.3392857,0.11983969,train
s112074510043,0.21428572,0.18224232,train
s112074510044,0.26785713,0.16031235,train
s112074510045,0.08928572,0.11674747,train
s112074510046,0.2857143,0.13944378,train
s112074510047,0.035714287,0.14098647,train
s112074510048,0.17857143,0.18015023,train
s112074510049,0.19642857,0.17471728,train
s112074510050,0.017857144,0.18622066,train
s113074510003,0.17857143,0.1186241,train
s113074510004,0.0,0.16489625,train
s112074510053,0.035714287,0.10386433,test
s112074510054,0.75,0.10215316,test
s112074510055,0.035714287,0.107654326,test
s112074510056,0.0,0.11364946,test
s112074510057,0.017857144,0.10367401,test
s112074510058,0.0,0.1297464,test
s112074510059,0.5,0.12401253,test
s112074510060,0.0,0.106716335,test
s112074510061,0.05357143,0.10304151,test
s112074510062,0.48214287,0.1403018,test
s112074510063,0.035714287,0.13042507,test
s112074510064,0.0,0.12196091,test
s112074510065,0.017857144,0.08382884,test
s112074510066,0.125,0.11384178,test
s112074510067,0.05357143,0.11798045,test
s112074510068,0.19642857,0.09277279,test
s112074510069,0.125,0.13301754,test
s112074510070,0.2857143,0.13915333,test
s112074510071,0.0,0.07351073,test
s112074510073,0.0,0.09729959,test
s112074510074,0.0,0.116334155,test
s112074510075,0.0,0.07789868,test
s112074510076,0.017857144,0.13427314,test
s112074510077,0.0,0.14104521,test
s112074510078,0.017857144,0.114881754,test
s112074510079,0.0,0.12843315,test
s112074510080,0.17857143,0.13864414,test
s113074510006,0.21428572,0.147154,test
s112074511024,0.017857144,0.19908826,val
s112074511025,0.48214287,0.14137895,val
s112074511026,0.4642857,0.1910701,val
s112074511027,0.05357143,0.15010239,val
s112074511028,0.32142857,0.17443411,val
s112074511029,0.0,0.15734483,val
s112074511030,0.5,0.13984945,val
s112074511031,0.0,0.13100998,val
s112074511033,0.25,0.15557888,val
s112074511034,0.0,0.15343763,val
s112074511035,1.0,0.21076846,val
s112074511036,0.0,0.15757959,val
s112074511037,0.0,0.13041463,val
s112074511038,0.0,0.13770215,val
s112074511040,0.5,0.27626795,val
s112074511041,0.3392857,0.15493876,val
s112074511042,0.125,0.12769492,val
s112074511043,0.035714287,0.12694451,val
s112074511044,0.16071428,0.13611476,val
s112074511046,0.30357143,0.15243438,val
s112074511047,0.10714286,0.10176878,val
s112074511048,0.017857144,0.1182425,val
s112074511049,1.0,0.24832064,val
s112074511050,0.017857144,0.13107666,val
s112074511051,0.0,0.18243167,val
s113074511003,0.0,0.10098985,val
s113074511004,0.0,0.14120993,val
s112074511054,0.0,0.12570737,train
s112074511055,0.75,0.12811135,train
s112074511057,0.0,0.10732086,train
s112074511058,0.05357143,0.17637524,train
s112074511059,0.035714287,0.13666739,train
s112074511060,0.0,0.10653603,train
s112074511061,0.0,0.1426761,train
s112074511062,0.0,0.10699428,train
s112074511063,1.0,0.17491406,train
s112074511064,0.0,0.17189169,train
s112074511065,0.035714287,0.17629498,train
s112074511066,0.16071428,0.1801836,train
s112074511067,0.017857144,0.16972792,train
s112074511068,0.21428572,0.10843167,train
s112074511069,0.017857144,0.13067806,train
s112074511070,0.125,0.13130134,train
s112074511071,0.14285715,0.11083001,train
s112074511072,0.21428572,0.1161048,train
s112074511073,0.30357143,0.13631913,train
s112074511074,0.035714287,0.1184496,train
s112074511076,0.0,0.1257633,train
s112074511078,0.42857143,0.15212007,train
s112074511080,0.05357143,0.124969155,train
s112074511082,0.14285715,0.1387768,train
s112074518024,0.0,0.1318542,train
s112074518025,0.4642857,0.2004601,train
s112074518026,0.51785713,0.20685351,train
s112074518027,0.0,0.20506798,train
s112074518029,0.0,0.20637703,train
s112074518030,0.75,0.16188884,train
s112074518031,0.0,0.17248662,train
s112074518032,0.071428575,0.20243552,train
s112074518033,0.25,0.21304345,train
s112074518034,0.0,0.20357844,train
s112074518035,0.25,0.18532324,train
s112074518037,0.0,0.21358037,train
s112074518038,0.14285715,0.16692817,train
s112074518039,0.071428575,0.1039171,train
s112074518040,0.39285713,0.1485143,train
s112074518041,0.16071428,0.1445832,train
s112074518042,0.19642857,0.13933545,train
s112074518043,0.17857143,0.16838324,train
s112074518044,0.0,0.11800594,train
s112074518045,0.071428575,0.14381103,train
s112074518046,0.0,0.10250182,train
s112074518047,0.071428575,0.10496098,train
s112074518048,0.05357143,0.11438075,train
s112074518049,0.23214285,0.15022922,train
s113074518003,1.0,0.21552029,train
s112074518054,0.0,0.15746595,train
s112074518055,0.9464286,0.22634977,train
s112074518056,0.0,0.11602369,train
s112074518057,0.0,0.18352562,train
s112074518059,0.19642857,0.15832259,train
s112074518060,0.05357143,0.15472737,train
s112074518061,1.0,0.13109618,train
s112074518064,0.035714287,0.12347377,train
s112074518065,0.26785713,0.1335636,train
s112074518066,0.0,0.102356665,train
s112074518067,0.25,0.10515441,train
s112074518068,0.0,0.11216879,train
s112074518069,0.017857144,0.19162613,train
s112074518070,0.30357143,0.22121671,train
s112074518072,0.017857144,0.083002746,train
s112074518073,0.08928572,0.088044256,train
s112074518074,0.39285713,0.2127266,train
s112074518075,0.035714287,0.21730757,train
s112074518076,0.071428575,0.12902531,train
s113074518004,0.08928572,0.11885353,train
s112074534024,0.21428572,0.21061146,train
s112074534025,0.75,0.23039304,train
s112074534026,0.23214285,0.22879688,train
s112074534029,0.0,0.15838942,train
s112074534030,0.0,0.12403123,train
s112074534033,0.0,0.22834367,train
s112074534034,0.16071428,0.20387606,train
s112074534035,0.0,0.23652376,train
s112074534036,0.035714287,0.22795205,train
s112074534037,0.5,0.28222167,train
s112074534040,0.3392857,0.25230214,train
s112074534041,0.0,0.098537765,train
s112074534042,0.66071427,0.20891663,train
s112074534043,0.25,0.25376788,train
s112074534044,0.5,0.2449353,train
s112074534045,0.05357143,0.24156938,train
s112074534046,0.08928572,0.18577933,train
s112074534047,0.14285715,0.1653676,train
s112074534050,0.23214285,0.07438279,train
s112074534051,0.0,0.07384595,train
s112074534053,0.05357143,0.09601006,train
s112074534054,0.21428572,0.09154872,train
s112074534055,0.0,0.084603846,train
s112074534056,0.071428575,0.082617864,train
s112074534057,0.0,0.07370494,train
s112074534058,0.071428575,0.060528815,train
s112074534059,0.0,0.08243333,train
s112074534060,0.19642857,0.08569807,train
s112074534061,0.05357143,0.08449066,train
s112074534062,0.035714287,0.07544216,train
s112074534063,0.071428575,0.05388897,train
s112074534064,0.5,0.0688477,train
s112074534065,0.21428572,0.07449937,train
s112074534066,0.32142857,0.05476313,train
s112074534067,0.125,0.08783539,train
s112074534068,0.0,0.079626955,train
s112074534069,0.0,0.06276644,train
s112074534070,0.0,0.081781864,train
s112074534071,0.017857144,0.07288575,train
s112074534072,0.0,0.09313303,train
s113074534003,0.30357143,0.08530424,train
s112074536024,0.32142857,0.22432165,train
s112074536026,0.10714286,0.22057375,train
s112074536027,0.14285715,0.2121022,train
s112074536028,0.23214285,0.21599467,train
s112074536029,0.26785713,0.22431794,train
s112074536030,0.10714286,0.19395801,train
s112074536031,0.30357143,0.21374202,train
s112074536032,0.0,0.18377617,train
s112074536033,0.071428575,0.09450324,train
s112074536034,0.21428572,0.19182083,train
s112074536035,0.125,0.22500318,train
s112074536036,0.17857143,0.2028586,train
s112074536037,0.035714287,0.16486996,train
s112074536038,0.05357143,0.16071385,train
s112074536039,0.0,0.15825593,train
s112074536040,0.14285715,0.16543484,train
s112074536041,0.23214285,0.16564612,train
s112074536042,0.83928573,0.19381988,train
s112074536043,0.16071428,0.1852736,train
s112074536044,0.0,0.16204461,train
s112074536046,0.08928572,0.16053014,train
s112074536047,0.26785713,0.12833355,train
s112074536048,0.017857144,0.15938191,train
s112074536049,0.017857144,0.18369019,train
s112074536053,0.08928572,0.18118462,train
s112074536054,0.071428575,0.1599056,train
s112074536055,0.0,0.1570012,train
s112074536057,0.10714286,0.13089266,train
s112074536058,0.05357143,0.16601251,train
s112074536059,0.05357143,0.06247388,train
s112074536060,0.0,0.1566115,train
s112074536061,0.14285715,0.18810613,train
s112074536062,0.16071428,0.18048774,train
s112074536063,0.035714287,0.19367532,train
s112074536065,0.071428575,0.15615244,train
s112074536066,0.0,0.14379618,train
s112074536067,0.0,0.16334048,train
s112074536069,0.0,0.15790918,train
s112074536070,0.05357143,0.09329671,train
s112074536071,0.0,0.14534017,train
s112074536072,0.071428575,0.1524193,train
s112074536073,0.08928572,0.16304757,train
s112074536074,0.0,0.14270802,train
s112074536075,0.4107143,0.1711796,train
s112074536076,0.08928572,0.13249385,train
s112074536077,0.14285715,0.14718547,train
s112074536078,0.017857144,0.1646798,train
s113074536003,0.17857143,0.16203627,train
s113074536004,0.017857144,0.21192026,train
s112074538025,0.17857143,0.12796333,train
s112074538026,0.0,0.099040575,train
s112074538028,0.0,0.12673682,train
s112074538029,0.05357143,0.11049905,train
s112074538030,0.5,0.1944764,train
s112074538031,0.17857143,0.19221893,train
s112074538032,0.10714286,0.20985481,train
s112074538033,0.017857144,0.10835231,train
s112074538034,0.0,0.08444117,train
s112074538035,0.0,0.115924776,train
s112074538036,0.0,0.09453675,train
s112074538037,0.035714287,0.19380797,train
s112074538038,0.16071428,0.16736943,train
s112074538039,0.017857144,0.16295709,train
s112074538040,0.10714286,0.15273878,train
s112074538041,0.10714286,0.18546027,train
s112074538042,0.125,0.14911532,train
s112074538043,0.14285715,0.15307109,train
s112074538044,0.0,0.16122967,train
s112074538045,0.2857143,0.18954158,train
s112074538046,0.25,0.19932234,train
s112074538047,0.26785713,0.16408685,train
s112074538048,0.14285715,0.19041923,train
s112074538049,0.0,0.15112436,train
s112074538050,0.14285715,0.14866629,train
s112074538053,0.10714286,0.086474895,train
s112074538054,0.0,0.08114423,train
s112074538055,0.10714286,0.08581895,train
s112074538056,0.071428575,0.088446796,train
s112074538057,0.0,0.08225101,train
s112074538059,0.0,0.12251035,train
s112074538060,0.0,0.083107784,train
s112074538061,0.0,0.086474076,train
s112074538065,0.017857144,0.1166586,train
s112074538066,0.05357143,0.10010911,train
s112074538067,0.16071428,0.1123651,train
s112074538068,0.0,0.11263986,train
s112074538069,0.6964286,0.12793681,train
s112074538070,0.0,0.11739758,train
s112074538071,0.05357143,0.10869126,train
s112074538073,0.017857144,0.09849954,train
s112074538074,0.0,0.0981384,train
s112074538075,0.0,0.101944864,train
s112074538076,0.0,0.101514906,train
s112074538077,0.83928573,0.15103166,train
s112074538078,0.017857144,0.10405855,train
s112074538079,0.16071428,0.08381477,train
s112084503056,0.05357143,0.15999973,train
s112084503057,0.10714286,0.12887198,train
s112084503058,0.0,0.13544688,train
s112084503059,0.017857144,0.119449005,train
s112084503061,0.017857144,0.23710988,train
s112084503062,0.0,0.118586704,train
s112084503063,0.0,0.15365057,train
s112084503064,0.25,0.14485945,train
s112084503065,0.0,0.13010375,train
s112084503066,0.0,0.13158894,train
s112084503068,0.25,0.15918677,train
s112084503070,0.53571427,0.1478258,train
s112084503071,0.035714287,0.16459732,train
s112084503073,0.25,0.15589288,train
s112084503074,0.125,0.17217916,train
s112084503076,0.08928572,0.13645865,train
s112084503077,0.23214285,0.14778486,train
s112084503078,0.035714287,0.1584505,train
s112084503079,0.017857144,0.14273034,train
s112084503080,0.19642857,0.15417834,train
s112084503081,0.35714287,0.14888144,train
s112084503082,0.21428572,0.1912047,train
s112084503083,0.035714287,0.17057794,train
s112084503084,0.5,0.20008227,train
s112084503085,0.5714286,0.14054044,train
s113084503005,0.08928572,0.14285257,train
s112084503024,0.60714287,0.13306579,train
s112084503025,0.3392857,0.1591692,train
s112084503026,0.0,0.1297501,train
s112084503027,0.017857144,0.12665409,train
s112084503028,0.0,0.12989224,train
s112084503029,0.08928572,0.14820014,train
s112084503030,0.26785713,0.15867423,train
s112084503031,0.0,0.13922846,train
s112084503032,0.0,0.13163206,train
s112084503033,0.035714287,0.026880011,train
s112084503034,0.16071428,0.16536263,train
s112084503035,0.0,0.16818374,train
s112084503038,0.0,0.133672,train
s112084503039,0.625,0.17500606,train
s112084503040,0.035714287,0.14075172,train
s112084503042,0.14285715,0.15319082,train
s112084503043,0.10714286,0.15273365,train
s112084503044,0.19642857,0.15309563,train
s112084503047,0.035714287,0.16817549,train
s112084503048,0.0,0.15128094,train
s112084503049,0.05357143,0.17109704,train
s112084503050,0.017857144,0.15907432,train
s112084503052,0.0,0.14450465,train
s112084503053,0.035714287,0.1893835,train
s113084503003,1.0,0.13737741,train
s113084503004,0.125,0.14642027,train
s112084507024,0.375,0.2841652,train
s112084507025,0.08928572,0.084772155,train
s112084507026,0.26785713,0.15855943,train
s112084507027,0.08928572,0.11066336,train
s112084507028,0.2857143,0.09794149,train
s112084507029,0.017857144,0.08894645,train
s112084507030,0.0,0.15634374,train
s112084507031,0.05357143,0.13401574,train
s112084507032,0.017857144,0.08178282,train
s112084507033,0.14285715,0.10425599,train
s112084507034,0.25,0.098624155,train
s112084507035,0.125,0.09003997,train
s112084507036,0.08928572,0.16365802,train
s112084507037,0.0,0.11702899,train
s112084507039,0.51785713,0.21363941,train
s112084507040,0.08928572,0.13141252,train
s112084507041,0.19642857,0.12615179,train
s112084507042,0.0,0.11809435,train
s112084507043,0.0,0.035207704,train
s112084507044,0.0,0.12211406,train
s112084507045,0.0,0.111102045,train
s112084507046,0.0,0.13450375,train
s112084507047,0.0,0.13890637,train
s113084507003,0.4107143,0.103103235,train
s113084507004,0.017857144,0.2587259,train
s113084507005,0.83928573,0.15280539,train
s112084507051,0.035714287,0.14578548,train
s112084507052,0.0,0.15030155,train
s112084507053,0.0,0.12889273,train
s112084507055,0.035714287,0.17559098,train
s112084507056,0.125,0.16120826,train
s112084507058,0.071428575,0.13307801,train
s112084507059,0.071428575,0.19043267,train
s112084507060,0.2857143,0.16221896,train
s112084507061,0.125,0.1704419,train
s112084507062,0.017857144,0.17187238,train
s112084507063,0.3392857,0.18446268,train
s112084507064,0.32142857,0.16244373,train
s112084507065,0.0,0.11300546,train
s112084507066,0.0,0.13494083,train
s112084507067,0.0,0.11621574,train
s112084507068,0.08928572,0.11138258,train
s112084507069,0.5,0.11155587,train
s112084507070,0.0,0.11385735,train
s112084507071,0.16071428,0.118631445,train
s112084507072,0.05357143,0.1288078,train
s112084507073,0.017857144,0.12421272,train
s112084507074,0.0,0.10861209,train
s112084507075,0.017857144,0.10092035,train
s112084507076,0.0,0.113366105,train
s112084507077,0.21428572,0.122819275,train
s112084507078,0.19642857,0.12028129,train
s112084507079,0.017857144,0.1422306,train
s112084516024,0.75,0.21738708,train
s112084516025,0.0,0.12211069,train
s112084516027,0.14285715,0.10345348,train
s112084516028,0.05357143,0.14466725,train
s112084516029,0.05357143,0.06211371,train
s112084516030,0.0,0.13003986,train
s112084516031,0.0,0.11471408,train
s112084516033,0.0,0.089094,train
s112084516034,0.0,0.08646316,train
s112084516035,0.0,0.0648086,train
s112084516036,0.17857143,0.106961176,train
s112084516038,0.0,0.07378585,train
s112084516039,0.035714287,0.08118513,train
s112084516040,0.42857143,0.15222591,train
s112084516041,0.071428575,0.07527876,train
s112084516042,0.017857144,0.1258273,train
s112084516043,0.035714287,0.12769358,train
s112084516044,0.14285715,0.13374399,train
s112084516046,0.08928572,0.117377974,train
s112084516047,0.035714287,0.0636076,train
s113084516003,0.05357143,0.25753403,train
s113084516004,0.71428573,0.5257199,train
s112084516050,0.05357143,0.17145501,train
s112084516051,0.0,0.14541888,train
s112084516052,0.14285715,0.16502717,train
s112084516053,0.0,0.13344371,train
s112084516054,0.0,0.14632328,train
s112084516055,0.017857144,0.19961283,train
s112084516056,0.32142857,0.22263849,train
s112084516057,0.017857144,0.17482162,train
s112084516058,0.0,0.13414627,train
s112084516059,0.125,0.15200147,train
s112084516060,0.0,0.1367088,train
s112084516061,0.5,0.46325582,train
s112084516062,0.0,0.1446312,train
s112084516063,0.071428575,0.19063453,train
s112084516064,0.83928573,0.19025913,train
s112084516065,0.035714287,0.18280101,train
s112084516066,0.08928572,0.19126368,train
s112084516067,0.5,0.19884633,train
s112084516068,0.08928572,0.24186361,train
s112084516069,0.035714287,0.17058331,train
s112084516070,0.0,0.06377943,train
s112084516071,0.08928572,0.21062192,train
s112084516072,0.035714287,0.18104269,train
s112084516073,0.6785714,0.2090067,train
s112084516074,0.26785713,0.19755526,train
s112084523023,0.05357143,0.08379418,test
s112084523024,0.0,0.12481499,test
s112084523025,0.0,0.08347965,test
s112084523026,0.0,0.08304465,test
s112084523028,0.78571427,0.08291811,test
s112084523029,0.30357143,0.083747044,test
s113084523002,0.071428575,0.08503056,test
s112084530045,0.0,0.22971676,train
s112084530049,0.125,0.26944113,train
s112084530050,1.0,0.2738329,train
s112084530051,0.0,0.18391603,train
s112084530054,0.5,0.18374601,train
s112084530055,0.0,0.18616928,train
s112084530057,0.5,0.050455958,train
s112084530058,0.5,0.19333124,train
s112084530059,0.25,0.18324596,train
s112084530061,0.017857144,0.28222778,train
s112084530062,0.96428573,0.25459123,train
s113084530004,1.0,0.28719157,train
s112084530024,0.75,0.14464474,train
s112084530026,0.0,0.17487368,train
s112084530028,0.75,0.21007094,train
s112084530029,0.0,0.19443937,train
s112084530032,0.30357143,0.12051615,train
s112084530034,0.25,0.15255488,train
s112084530035,0.75,0.28111637,train
s112084530036,0.75,0.14999829,train
s112084530038,0.5,0.14774603,train
s112084530039,0.25,0.29410118,train
s112084530040,0.0,0.13381049,train
s112084530041,0.75,0.18862626,train
s112091503025,0.05357143,0.14391851,test
s112091503026,0.017857144,0.13455817,test
s112091503027,0.10714286,0.14642668,test
s112091503028,0.0,0.09821014,test
s112091503029,0.17857143,0.13894218,test
s112091503030,0.16071428,0.15671486,test
s112091503032,0.0,0.14766411,test
s112091503033,0.071428575,0.15318824,test
s112091503034,0.017857144,0.108173385,test
s112091503035,0.05357143,0.14649259,test
s112091503036,0.21428572,0.13852514,test
s112091503037,0.23214285,0.14703918,test
s112091503039,0.14285715,0.10861948,test
s112091503040,0.21428572,0.1561885,test
s112091503041,0.017857144,0.10693932,test
s112091503042,0.5,0.1766526,test
s112091503043,0.0,0.11552837,test
s112091503044,0.0,0.13583426,test
s112091503045,0.125,0.14999583,test
s112091503047,0.035714287,0.14769737,test
s112091503048,0.0,0.13751583,test
s112091503049,0.17857143,0.14484325,test
s112091503052,0.14285715,0.106510766,train
s112091503054,0.0,0.0742874,train
s112091503055,0.071428575,0.09233925,train
s112091503056,0.05357143,0.07008207,train
s112091503057,0.19642857,0.09524738,train
s112091503058,0.017857144,0.09718793,train
s112091503059,0.17857143,0.08869582,train
s112091503060,0.05357143,0.09563133,train
s112091503061,0.125,0.0677892,train
s112091503062,0.0,0.069067344,train
s112091503063,0.035714287,0.0949744,train
s112091503064,0.0,0.07154845,train
s112091503065,0.0,0.067431726,train
s112091503066,0.035714287,0.08572384,train
s112091503067,0.035714287,0.09631247,train
s112091503068,0.08928572,0.093459,train
s112091503069,0.0,0.06619941,train
s112091503070,0.16071428,0.07716333,train
s112091503071,0.23214285,0.09640559,train
s112091503072,0.035714287,0.08930617,train
s112091503073,0.5714286,0.086311504,train
s112091503074,0.10714286,0.095279954,train
s112091503075,0.125,0.10638281,train
s112091503076,0.017857144,0.078558505,train
s112104319024,0.071428575,0.15616125,train
s112104319025,0.21428572,0.15617982,train
s112104319026,0.0,0.16467145,train
s112104319027,0.0,0.1590111,train
s112104319028,0.39285713,0.22331092,train
s112104319029,0.25,0.22211647,train
s112104319030,0.25,0.22225943,train
s112104319031,0.17857143,0.21894819,train
s112104319032,0.071428575,0.2214282,train
s112104319033,0.23214285,0.17086434,train
s112104319035,0.0,0.17298219,train
s112104319036,0.44642857,0.17926195,train
s112104319037,0.0,0.19348966,train
s112104319038,0.05357143,0.08228862,train
s112104319039,0.17857143,0.16723436,train
s112104319040,0.3392857,0.17693463,train
s112104319041,0.125,0.14039719,train
s112104319042,0.32142857,0.17415684,train
s112104319043,0.10714286,0.1836383,train
s112104319044,0.75,0.1431022,train
s112104319045,0.39285713,0.17455825,train
s112104319047,0.0,0.16901056,train
s112104319048,0.91071427,0.13899544,train
s112104319049,0.0,0.13827577,train
s112104319050,0.0,0.13927686,train
s112104319053,0.5,0.11585446,test
s112104319055,0.4107143,0.10806303,test
s112104319056,0.14285715,0.08399579,test
s112104319057,0.39285713,0.10962871,test
s112104319058,0.0,0.10763326,test
s112104319059,0.0,0.09603496,test
s112104319061,0.05357143,0.09549189,test
s112104319063,0.035714287,0.073715776,test
s112104319064,0.0,0.07848048,test
s112104319065,0.0,0.07148616,test
s112104319066,0.05357143,0.0795907,test
s112104319067,0.0,0.0773192,test
s112104319069,0.0,0.07083979,test
s112104319071,0.125,0.06546862,test
s112104319072,0.08928572,0.07468304,test
s112104319073,0.25,0.061472252,test
s112104319074,0.071428575,0.07018575,test
s112104319076,0.0,0.07148616,test
s113104319004,0.0,0.0819156,test
s112104326025,0.75,0.20856133,train
s112104326026,0.0,0.15745367,train
s112104326027,0.375,0.1840684,train
s112104326028,0.5,0.22001505,train
s112104326029,0.071428575,0.118992,train
s112104326031,0.0,0.1305397,train
s112104326032,0.10714286,0.18038073,train
s112104326033,0.0,0.118599,train
s112104326034,0.035714287,0.10530287,train
s112104326035,0.08928572,0.122207455,train
s112104326036,0.017857144,0.15105395,train
s112104326037,0.017857144,0.11110039,train
s112104326038,0.0,0.11738885,train
s112104326039,0.0,0.10762439,train
s112104326040,0.0,0.14631917,train
s112104326041,0.14285715,0.21739367,train
s112104326042,0.14285715,0.12049338,train
s112104326043,0.017857144,0.10444805,train
s112104326044,0.25,0.30570894,train
s112104326045,0.78571427,0.1380799,train
s112104326047,0.75,0.14198074,train
s112104326048,0.0,0.107794754,train
s112104326049,0.44642857,0.13025552,train
s112104326050,0.375,0.13634625,train
s112104326051,0.0,0.11508354,train
s112104326055,0.0,0.16501966,train
s112104326058,0.05357143,0.08009803,train
s112104326059,0.035714287,0.11743492,train
s112104326060,0.0,0.050475895,train
s112104326062,0.08928572,0.14263399,train
s112104326063,0.14285715,0.07925299,train
s112104326064,0.0,0.08343425,train
s112104326065,0.5,0.12570293,train
s112104326066,0.071428575,0.09611192,train
s112104326067,0.0,0.15134898,train
s112104326068,0.0,0.17166594,train
s112104326069,0.0,0.079908386,train
s112104326070,0.035714287,0.08141965,train
s112104326071,0.017857144,0.13601024,train
s112104326072,0.08928572,0.14001344,train
s112104326073,0.0,0.09914304,train
s112104326074,1.0,0.53695345,train
s112104326075,0.0,0.12038204,train
s112104326076,0.25,0.17044728,train
s112104326077,0.0,0.08758261,train
s112104326078,0.0,0.11749265,train
s112104326080,0.0,0.09238717,train
s113104326003,0.14285715,0.10285572,train
s113104326004,0.0,0.075629935,train
s112104501024,0.3392857,0.15729539,train
s112104501026,0.10714286,0.16646113,train
s112104501027,0.05357143,0.15905774,train
s112104501028,0.0,0.1438086,train
s112104501029,0.0,0.15123689,train
s112104501030,0.0,0.1495033,train
s112104501031,0.44642857,0.17999375,train
s112104501032,0.0,0.15685296,train
s112104501034,0.017857144,0.16403246,train
s112104501036,0.0,0.16849947,train
s112104501038,0.0,0.0740263,train
s112104501039,0.19642857,0.14793038,train
s112104501040,0.30357143,0.17665383,train
s112104501041,0.0,0.0740263,train
s112104501043,0.0,-0.062076673,train
s112104501045,0.19642857,0.14882092,train
s112104501046,0.071428575,0.1525714,train
s112104501050,0.071428575,0.14444709,test
s112104501052,0.23214285,0.14973718,test
s112104501053,0.0,0.14341857,test
s112104501054,0.035714287,0.15290403,test
s112104501055,0.035714287,0.13063686,test
s112104501056,0.14285715,0.28375846,test
s112104501057,0.0,0.1560559,test
s112104501058,0.875,0.31126034,test
s112104501059,0.0,0.13617778,test
s112104501060,0.0,0.14150524,test
s112104501062,0.0,0.24982497,test
s112104501063,0.5,0.24279758,test
s112104501064,0.17857143,0.2038395,test
s112104501065,0.5,0.31354678,test
s112104501066,0.0,0.14461504,test
s112104501067,1.0,0.15158775,test
s112104501068,0.0,0.1399664,test
s112104501069,0.5,0.14602455,test
s112104501070,0.0,0.1227916,test
s112104501071,0.0,0.14811979,test
s112104506025,0.625,0.15799226,train
s112104506026,0.16071428,0.15825817,train
s112104506027,0.16071428,0.12151858,train
s112104506028,0.25,0.14793377,train
s112104506029,0.071428575,0.14869826,train
s112104506030,0.14285715,0.1495036,train
s112104506031,0.0,0.12616126,train
s112104506032,0.08928572,0.12860037,train
s112104506033,0.035714287,0.15815708,train
s112104506034,0.035714287,0.11726334,train
s112104506035,0.035714287,0.084760025,train
s112104506036,0.0,0.08486428,train
s112104506037,0.0,0.078268096,train
s112104506038,0.0,0.07530816,train
s112104506039,0.0,0.07499565,train
s112104506040,0.035714287,0.09264471,train
s112104506042,0.0,0.08641848,train
s112104506045,0.10714286,0.08501964,train
s112104506046,0.05357143,0.1570227,train
s112104506049,0.0,0.14485201,train
s112104506050,0.19642857,0.14493155,train
s112104506052,0.05357143,0.16967294,train
s112104506053,0.8035714,0.1813407,train
s112104506054,0.26785713,0.1599332,train
s112104506055,0.0,0.15424457,train
s112104506056,0.10714286,0.15996468,train
s112104506057,0.08928572,0.1371667,train
s112104506058,0.0,0.14926235,train
s112104506059,0.0,0.15317827,train
s112104506060,0.60714287,0.16199085,train
s112104506063,0.08928572,0.14420073,train
s112104506064,0.5,0.09205748,train
s112104506065,0.0,0.08600025,train
s112104506066,0.0,0.07933807,train
s112104506067,0.0,0.15026644,train
s112104506068,0.035714287,0.085622594,train
s112104506069,0.26785713,0.16761959,train
s112104506070,0.35714287,0.08422885,train
s112104506071,0.0,0.09779714,train
s112104506072,0.08928572,0.09108934,train
s112104506073,0.0,0.0888349,train
s113104506003,0.125,0.17791978,train
s113104506004,0.017857144,0.16717744,train
s112104518025,0.017857144,0.18283488,val
s112104518026,0.2857143,0.16504732,val
s112104518028,0.30357143,0.17853811,val
s112104518030,0.0,0.19142061,val
s112104518031,0.26785713,0.19174698,val
s112104518032,1.0,0.20120439,val
s112104518033,0.0,0.15825798,val
s112104518034,0.5,0.18068905,val
s112104518035,0.19642857,0.12540646,val
s112104518037,0.0,0.18259127,val
s112104518038,0.08928572,0.15534307,val
s112104518039,0.0,0.13453458,val
s112104518040,0.071428575,0.13641171,val
s112104518041,0.26785713,0.11187055,val
s112104518042,0.5,0.15163141,val
s112104518043,0.0,0.14133082,val
s112104518044,0.17857143,0.101148054,val
s112104518045,0.017857144,0.14846839,val
s112104518048,0.05357143,0.13765262,train
s112104518049,0.53571427,0.14006017,train
s112104518050,0.08928572,0.13751647,train
s112104518053,0.035714287,0.12520744,train
s112104518054,0.3392857,0.1460835,train
s112104518055,0.16071428,0.1439024,train
s112104518057,0.0,0.073852256,train
s112104518058,0.0,0.26382017,train
s112104518060,0.0,0.11207655,train
s112104518061,0.44642857,0.09397172,train
s112104518062,0.0,0.13452592,train
s112104518063,0.0,0.08033148,train
s112104518064,0.035714287,0.07767344,train
s112104518065,0.32142857,0.08411369,train
s112104518066,0.0,0.083199725,train
s112104518067,0.25,0.084273435,train
s113104518003,0.16071428,0.08334414,train
s112104521026,0.017857144,0.049903512,train
s112104521027,0.05357143,0.05383119,train
s112104521034,0.035714287,0.048825204,train
s112104521036,0.08928572,0.069287375,train
s112104521037,0.0,0.06697889,train
s112104521039,0.017857144,0.061097696,train
s112104521042,0.017857144,0.029361062,train
s112104521048,0.05357143,0.1054049,train
s112104521049,0.017857144,0.15093774,train
s112104521050,0.0,0.08689223,train
s112104521051,0.21428572,0.12284462,train
s112104521053,0.0,0.07142741,train
s112104521055,0.10714286,0.09378894,train
s112104521056,0.10714286,0.12277063,train
s112104521057,0.3392857,0.16685736,train
s112104521058,0.0,0.1123625,train
s112104521059,0.05357143,0.11204094,train
s112104521060,0.035714287,0.1527873,train
s112104521061,0.071428575,0.1165373,train
s112104521062,0.05357143,0.09254837,train
s112104521064,0.21428572,0.15642557,train
s112104521066,0.017857144,0.15232638,train
s112104521067,0.10714286,0.15627705,train
s112104521068,0.375,0.18058373,train
s112104521069,0.10714286,0.171197,train
s113104521005,0.0,0.20251898,train
s112111321024,0.4107143,0.09237956,train
s112111321025,0.0,0.102449454,train
s112111321026,0.05357143,0.06529745,train
s112111321027,0.035714287,0.071439214,train
s112111321028,0.0,0.094085276,train
s112111321030,0.4107143,0.16900244,train
s112111321032,0.035714287,0.14239086,train
s112111321033,0.071428575,-0.0070952475,train
s112111321034,0.10714286,0.09308021,train
s112111321035,0.071428575,0.10266804,train
s112111321036,0.5,0.13980149,train
s112111321037,0.5,0.07122548,train
s112111321038,0.0,0.08307037,train
s112111321039,0.017857144,0.07031954,train
s112111321040,0.0,0.054325953,train
s112111321041,0.0,0.06271877,train
s112111321042,0.0,0.06405922,train
s112111321043,0.0,0.04173638,train
s112111321047,0.17857143,0.07630649,train
s112111321048,0.125,0.05644519,train
s112111321049,0.14285715,0.082524456,train
s112111321050,0.0,0.041697152,train
s112111321051,0.0,0.052768067,train
s112111321052,0.0,0.06713404,train
s112111321054,0.25,0.042716786,train
s112111321056,0.0,0.05616443,train
s112111321057,0.0,0.04906241,train
s112111321058,0.0,0.04844092,train
s112111321059,0.0,0.04118336,train
s112111321060,0.0,0.08820848,train
s112111321061,0.0,0.06457907,train
s112111321065,0.08928572,0.13325381,test
s112111321066,0.017857144,0.14302994,test
s112111321070,0.0,0.104252115,test
s112111321071,0.017857144,0.10910095,test
s112111321072,0.91071427,0.07505609,test
s112111321074,0.14285715,0.0939281,test
s112111321077,0.05357143,0.07238595,test
s112111321079,0.017857144,0.10055335,test
s112111321080,0.16071428,0.10566754,test
s112111321083,0.071428575,0.062827066,test
s112111321084,0.0,0.09575703,test
s112111321085,0.017857144,0.08538087,test
s112111321086,0.0,0.10286687,test
s112111321089,0.035714287,0.095266476,test
s112111321091,0.0,0.097574756,test
s112111321092,0.0,0.10381955,test
s112111321093,0.0,0.08585636,test
s112111321094,0.2857143,0.13116418,test
s112111321097,0.5,0.408136,test
s112111321099,0.0,0.101798885,test
s112111321100,0.0,0.10773604,test
s113111321003,0.0,0.11160342,test
s112111323025,0.071428575,0.19186535,train
s112111323026,0.19642857,0.1939635,train
s112111323027,0.6785714,0.20084928,train
s112111323028,0.125,0.14879496,train
s112111323029,0.73214287,0.22140087,train
s112111323030,0.375,0.22187804,train
s112111323031,0.05357143,0.204492,train
s112111323032,0.30357143,0.22029912,train
s112111323035,0.0,0.19424066,train
s112111323036,0.17857143,0.20518403,train
s112111323037,0.035714287,0.20103283,train
s112111323038,0.017857144,0.16426758,train
s112111323039,0.5535714,0.2047399,train
s112111323040,0.89285713,0.16940874,train
s112111323041,0.32142857,0.1987626,train
s112111323042,0.0,0.09891485,train
s112111323043,0.0,0.12287686,train
s112111323044,0.0,0.12435659,train
s112111323045,0.017857144,0.11874747,train
s112111323046,0.0,0.07804467,train
s112111323047,0.05357143,0.09220968,train
s112111323048,0.16071428,0.10824504,train
s112111323049,0.0,0.12760004,train
s112111323050,0.0,0.10881922,train
s112111323051,0.017857144,0.14442004,train
s112111323052,0.0,0.10000465,train
s112111323053,0.23214285,0.1370711,train
s112111323054,0.25,0.12964417,train
s112111323055,0.0,0.09006384,train
s112111323056,0.0,0.09469101,train
s112111323057,0.17857143,0.1020268,train
s112111323058,0.0,0.08027317,train
s112111323059,0.0,0.1597262,train
s112111323060,0.2857143,0.13035303,train
s112111323061,0.0,0.11267228,train
s112111323062,0.05357143,0.12134521,train
s112111323063,0.0,0.15160117,train
s112111323064,0.071428575,0.16110706,train
s112111323065,0.53571427,0.14627723,train
s112111323069,0.0,0.089462444,test
s112111323070,0.10714286,0.079073906,test
s112111323071,0.0,0.0838037,test
s112111323072,0.10714286,0.0771793,test
s112111323073,0.0,0.049686626,test
s112111323074,0.0,0.047866777,test
s112111323075,0.071428575,0.071692094,test
s112111323077,0.0,0.08386435,test
s112111323078,0.42857143,0.10858535,test
s112111323079,0.0,0.10007861,test
s112111323080,0.0,0.046915486,test
s112111323081,0.0,0.046513043,test
s112111323082,0.0,0.091471136,test
s112111323083,0.0,0.08026167,test
s112111323084,0.0,0.071706384,test
s112111323085,0.0,0.10003525,test
s112111323086,0.0,0.11894512,test
s112111323087,0.0,0.10457321,test
s112111323088,0.035714287,0.10820975,test
s112111323089,0.0,0.10671365,test
s112111323091,0.0,0.08457709,test
s112111323092,0.0,0.07495374,test
s112111323093,0.017857144,0.10790214,test
s112111323094,0.5,0.47666097,test
s112111323095,0.3392857,0.10665559,test
s112111323096,0.0,0.08901475,test
s112111323097,0.017857144,0.08018621,test
s112111323098,0.0,0.11518931,test
s112111323100,0.017857144,0.08893508,test
s112111323102,0.0,0.1088058,test
s112111323104,0.0,0.09430814,test
s112111323105,0.017857144,0.0993532,test
s112111323106,0.16071428,0.086667895,test
s112111323107,0.0,0.108792074,test
s112111323108,0.5,0.1599371,test
s113111323003,0.19642857,0.093447596,test
s113111323004,0.08928572,0.08306705,test
s112114501024,0.0,0.065347955,train
s112114501025,0.0,0.061062686,train
s112114501026,0.0,0.06391394,train
s112114501027,0.0,0.0592703,train
s112114501028,0.0,0.06346542,train
s112114501029,0.071428575,0.06212896,train
s112114501030,0.0,0.068577245,train
s112114501031,0.0,0.06548613,train
s112114501033,0.035714287,0.07168067,train
s112114501037,0.0,0.10537416,train
s112114501038,0.0,0.16663875,train
s112114501039,0.0,0.099535435,train
s112114501044,0.75,0.09014954,train
s112114501045,0.071428575,0.09688812,train
s112114501046,0.0,0.09459417,train
s112114501048,0.17857143,0.16663875,train
s112114501050,0.10714286,0.1083978,train
s112114501055,0.0,0.07417427,train
s112114501056,0.0,0.058840886,train
s112114501057,0.0,0.05834811,train
s112114501059,0.4642857,0.087253034,train
s112114501060,0.0,0.089115396,train
s112114501063,0.0,0.07469277,train
s112114501066,0.017857144,0.08274815,train
s112114501067,0.035714287,0.10180407,train
s112114501069,0.0,0.10082355,train
s112114501070,0.035714287,0.09284173,train
s112114501071,0.0,0.11742825,train
s112114501072,0.10714286,0.13528638,train
s112114501073,0.0,0.114215225,train
s112114501074,0.035714287,0.12941761,train
s112114501076,0.0,0.121368445,train
s112114501077,0.0,0.11847725,train
s112114501078,0.0,0.09369759,train
s112114501079,0.10714286,0.1101686,train
s113114501004,0.0,0.106783256,train
s112114503054,0.0,0.090446204,train
s112114503055,0.0,0.068188556,train
s112114503056,0.08928572,0.10186459,train
s112114503057,0.08928572,0.114271805,train
s112114503058,0.071428575,0.06932762,train
s112114503059,0.0,0.06345706,train
s112114503060,0.17857143,0.065065905,train
s112114503061,0.0,0.065420896,train
s112114503062,0.0,0.06833956,train
s112114503063,0.08928572,0.10183357,train
s112114503065,0.0,0.091971144,train
s112114503066,0.05357143,0.07994352,train
s112114503067,0.035714287,0.09964282,train
s112114503068,0.0,0.0834467,train
s112114503069,0.0,0.118268795,train
s112114503070,0.0,0.11773821,train
s112114503071,0.0,0.1712187,train
s112114503075,0.071428575,0.095107436,train
s112114503077,0.0,0.12172157,train
s112114503078,0.05357143,0.08712973,train
s112114503079,0.0,0.072187565,train
s112114503080,0.017857144,0.081418306,train
s112114503081,0.17857143,0.08172868,train
s112114503082,0.75,0.05617013,train
s112114503024,0.0,0.046340033,train
s112114503025,0.017857144,0.073399484,train
s112114503027,0.0,0.055553988,train
s112114503029,0.0,0.066177666,train
s112114503030,0.14285715,0.056385793,train
s112114503031,0.26785713,0.072402686,train
s112114503032,0.0,0.07154801,train
s112114503033,0.035714287,0.052436076,train
s112114503034,0.0,0.046133995,train
s112114503035,0.14285715,0.048772983,train
s112114503036,0.0,0.054536186,train
s112114503037,0.0,0.048755623,train
s112114503038,0.0,0.06932518,train
s112114503039,1.0,0.19946645,train
s112114503040,0.0,0.13488133,train
s112114503042,0.10714286,0.14270645,train
s112114503043,0.30357143,0.13785303,train
s112114503044,0.0,0.13871689,train
s112114503045,0.0,0.12922691,train
s112114503046,0.0,0.11195043,train
s112114503048,0.0,0.12528972,train
s112114503049,0.0,0.10208616,train
s112114503050,0.0,0.11116819,train
s113114503003,0.64285713,0.1321388,train
s112114510024,0.10714286,0.10540534,test
s112114510026,0.05357143,0.08054523,test
s112114510029,0.0,0.082824096,test
s112114510031,0.017857144,0.12225366,test
s112114510032,0.0,0.06082826,test
s112114510033,0.0,0.07359165,test
s112114510034,0.0,0.054353625,test
s112114510037,0.53571427,0.17071198,test
s112114510039,0.0,0.13402666,test
s112114510040,0.0,0.13171619,test
s112114510041,0.0,0.13844727,test
s112114510043,0.0,0.11975904,test
s112114510044,0.0,0.12592386,test
s112114510045,0.0,0.10485877,test
s112114510048,0.0,0.12703651,test
s112114510049,0.0,0.13213867,test
s112114510050,0.0,0.104277335,test
s112114510053,0.30357143,0.13285369,train
s112114510056,0.0,0.07535887,train
s112114510057,0.0,0.07261795,train
s112114510058,0.017857144,0.06127438,train
s112114510059,0.071428575,0.09668706,train
s112114510060,0.071428575,0.06461242,train
s112114510061,0.05357143,0.065861106,train
s112114510062,0.0,0.073601544,train
s112114510063,0.0,0.07473649,train
s112114510064,0.21428572,0.061205827,train
s112114510066,0.26785713,0.11590576,train
s112114510067,0.0,0.09354332,train
s112114510069,0.0,0.04979171,train
s112114510070,0.0,0.051245756,train
s112114510071,0.0,0.04950136,train
s112114510072,0.0,0.051496908,train
s112114510073,0.0,0.05245658,train
s112114510074,0.017857144,0.08333719,train
s112114510075,0.0,0.06535928,train
s113114510003,0.0,0.06328246,train
s112114523025,0.071428575,0.11378082,train
s112114523026,0.71428573,0.17141008,train
s112114523027,0.0,0.098576404,train
s112114523028,0.0,0.0843092,train
s112114523029,0.05357143,0.11011033,train
s112114523030,0.071428575,0.093891725,train
s112114523031,0.08928572,0.09935647,train
s112114523032,0.0,0.08451714,train
s112114523034,0.035714287,0.08933839,train
s112114523037,0.0,0.08874314,train
s112114523038,0.0,0.064913794,train
s112114523039,0.16071428,0.11205349,train
s112114523040,0.017857144,0.0738572,train
s112114523041,0.0,0.06875393,train
s112114523042,0.0,0.08947673,train
s112114523043,0.0,0.07458401,train
s112114523044,0.0,0.07200258,train
s112114523045,0.35714287,0.08323462,train
s112114523046,0.16071428,0.073264375,train
s112114523047,0.017857144,0.09083617,train
s112114523048,0.0,0.0681833,train
s112114523049,0.017857144,0.10271655,train
s112114523050,0.05357143,0.080305636,train
s112114523058,0.5535714,0.14441311,train
s112114523060,0.0,0.11429481,train
s112114523061,0.0,0.103289984,train
s112114523062,0.16071428,0.10470824,train
s112114523063,0.0,0.10631099,train
s112114523066,0.035714287,0.10007656,train
s112114523069,0.0,0.0691499,train
s112114523072,0.0,0.07897143,train
s112114523073,0.23214285,0.0882942,train
s112114523076,0.0,0.11111262,train
s112114523078,0.25,0.11763842,train
s112114523079,0.125,0.10669148,train
s112114523080,0.0,0.072122216,train
s112114523082,0.10714286,0.069739036,train
s113114523003,0.51785713,0.13420433,train
s112114534024,0.071428575,0.06032546,train
s112114534025,0.0,0.089990154,train
s112114534026,0.035714287,0.09867026,train
s112114534029,0.017857144,0.077556446,train
s112114534030,0.0,0.060911506,train
s112114534031,0.0,0.06228213,train
s112114534032,0.10714286,0.12854558,train
s112114534034,0.0,0.09263087,train
s112114534035,0.0,0.11597173,train
s112114534036,0.0,0.07376841,train
s112114534037,0.0,0.10663521,train
s112114534038,0.0,0.107994616,train
s112114534039,0.0,0.08849129,train
s112114534040,0.0,0.13068464,train
s112114534041,0.0,0.114938274,train
s112114534042,0.0,0.10588628,train
s112114534043,0.0,0.12423831,train
s112114534044,0.5,0.12673888,train
s113114534003,0.0,0.11123739,train
s112114534048,0.0,0.14987446,val
s112114534050,0.0,0.074123934,val
s112114534051,0.78571427,0.1600423,val
s112114534052,0.0,0.13446665,val
s112114534053,0.0,0.054430105,val
s112114534056,0.035714287,0.12230095,val
s112114534058,0.017857144,0.13077545,val
s112114534060,0.14285715,0.19469975,val
s112114534061,0.08928572,0.09666203,val
s112114534062,0.0,0.09626397,val
s112114534063,0.05357143,0.09847746,val
s112114534064,0.0,0.11041737,val
s112114534067,0.0,0.085062295,val
s112114534068,0.0,0.08644126,val
s113114534004,0.0,0.08087904,val
s112114537023,0.0,0.013709515,val
s112114537025,0.14285715,0.06533671,val
s112114537027,0.0,0.06087333,val
s112114537028,0.0,0.05996158,val
s112114537029,0.0,0.057938732,val
s112114537030,0.0,0.06272042,val
s113114537002,0.0,0.015490398,val
s112121320029,1.0,0.09621553,train
s112121320030,0.0,0.14207473,train
s112121320031,1.0,0.21573387,train
s112121320035,0.0,0.13603199,train
s112121320036,0.0,0.20346424,train
s112121320038,0.4107143,0.2303666,train
s112121320039,0.0,0.1411977,train
s112121320040,0.0,0.08668005,train
s112121320041,0.5,0.3369478,train
s113121320003,0.0,0.10657586,train
s113121320004,0.25,0.04843664,train
s112121320044,0.44642857,0.3069029,train
s112121320045,0.035714287,0.2596466,train
s112121320046,0.42857143,0.28818738,train
s112121320047,0.071428575,0.25270104,train
s112121320049,0.58928573,0.3328914,train
s112121320051,0.14285715,0.24980882,train
s112121320053,0.5,0.26998195,train
s112121320054,0.0,0.14380491,train
s112121320056,0.25,0.27012256,train
s112121320057,0.19642857,0.16129147,train
s112121320058,0.08928572,0.37671366,train
s112124311024,0.10714286,0.15464947,test
s112124311025,0.017857144,0.16767703,test
s112124311026,0.0,0.105297565,test
s112124311027,0.0,0.15205146,test
s112124311028,0.26785713,0.11673626,test
s112124311029,0.0,0.1023684,test
s112124311030,0.48214287,0.12129708,test
s112124311033,0.0,0.10334474,test
s112124311034,0.10714286,0.15684552,test
s112124311035,0.53571427,0.1557645,test
s112124311036,0.125,0.13605043,test
s112124311037,0.0,0.1365609,test
s112124311038,0.10714286,0.18958108,test
s112124311039,0.0,0.21191804,test
s112124311040,0.0,0.12776734,test
s112124311041,0.035714287,0.13033299,test
s112124311042,0.21428572,0.13518615,test
s112124311043,0.0,0.18824169,test
s112124311044,0.35714287,0.12744977,test
s112124311045,0.16071428,0.13643809,test
s112124311046,0.35714287,0.18288685,test
s112124311048,0.19642857,0.13497016,test
s112124311049,0.42857143,0.1631923,test
s112124311050,0.17857143,0.16032054,test
s112124311051,0.0,0.20273863,test
s113124311003,0.73214287,0.21306533,test
s112124311054,0.32142857,0.1460509,train
s112124311055,0.17857143,0.16335534,train
s112124311056,0.4107143,0.16829734,train
s112124311057,0.21428572,0.36039156,train
s112124311058,0.035714287,0.13986565,train
s112124311059,0.14285715,0.18611228,train
s112124311060,0.017857144,0.14709459,train
s112124311061,0.21428572,0.14859068,train
s112124311062,0.08928572,0.17645283,train
s112124311063,0.26785713,0.14151376,train
s112124311064,0.0,0.13129118,train
s112124311065,0.071428575,0.1889515,train
s112124311066,0.58928573,0.19672552,train
s112124311067,0.16071428,0.1450562,train
s112124311068,0.5,0.2031043,train
s112124311069,0.14285715,0.13448438,train
s112124311070,0.08928572,0.1883337,train
s112124311071,0.25,0.32907796,train
s112124311072,0.17857143,0.22623563,train
s112124311073,0.035714287,0.1338171,train
s112124311074,0.23214285,0.13807082,train
s112124311075,0.19642857,0.37847215,train
s112124311076,0.14285715,0.25258824,train
s112124311077,0.10714286,0.22551292,train
s112124311078,0.0,0.26785964,train
s112124311079,0.10714286,0.19454226,train
s112124311080,0.26785713,0.2530589,train
s112124311081,0.017857144,0.08621474,train
s112124322024,0.17857143,0.17568217,train
s112124322025,0.44642857,0.18910097,train
s112124322026,0.05357143,0.18196051,train
s112124322027,0.10714286,0.1649476,train
s112124322028,0.0,0.1610892,train
s112124322029,0.19642857,0.26561362,train
s112124322030,0.071428575,0.25965184,train
s112124322031,0.17857143,0.272507,train
s112124322032,0.0,0.17365304,train
s112124322033,0.125,0.12035644,train
s112124322034,0.16071428,0.15397866,train
s112124322035,0.0,0.2033358,train
s112124322036,0.0,0.14510499,train
s112124322037,0.10714286,0.1443404,train
s112124322038,0.53571427,0.11060367,train
s112124322039,0.071428575,0.1138067,train
s112124322041,0.21428572,0.21384372,train
s112124322042,0.14285715,0.106473684,train
s112124322043,0.0,0.10157541,train
s112124322044,0.05357143,0.11892521,train
s112124322045,0.035714287,0.11083092,train
s112124322046,0.0,0.09791367,train
s112124322047,0.017857144,0.15984274,train
s112124322048,0.10714286,0.10114956,train
s112124322049,0.071428575,0.10718329,train
s112124322052,0.14285715,0.1450604,train
s112124322053,0.19642857,0.15309125,train
s112124322054,0.10714286,0.15092383,train
s112124322055,0.10714286,0.147251,train
s112124322056,0.0,0.09217036,train
s112124322057,0.05357143,0.13257903,train
s112124322058,0.05357143,0.13986658,train
s112124322059,0.071428575,0.11560604,train
s112124322060,0.14285715,0.14830448,train
s112124322061,0.19642857,0.14016804,train
s112124322062,0.125,0.13772313,train
s112124322063,0.08928572,0.1336858,train
s112124322064,0.66071427,0.46196812,train
s112124322065,0.32142857,0.18317626,train
s112124322066,0.0,0.17954576,train
s112124322067,0.0,0.17342699,train
s112124322068,0.75,0.18887067,train
s112124322069,0.25,0.2037243,train
s112124322070,0.0,0.17777435,train
s112124322071,0.23214285,0.20117107,train
s112124322072,0.035714287,0.16103896,train
s112124322073,0.05357143,0.16576415,train
s112124322074,0.071428575,0.217433,train
s112124322075,0.32142857,0.1818172,train
s112124501026,0.125,0.18923472,test
s112124501028,0.2857143,0.21564852,test
s112124501031,0.44642857,0.18197432,test
s112124501032,0.53571427,0.19527471,test
s112124501033,0.25,0.1716708,test
s112124501034,0.10714286,0.24059208,test
s112124501036,0.19642857,0.15049706,test
s112124501037,0.0,0.13982332,test
s112124501038,0.071428575,0.16085626,test
s112124501039,0.017857144,0.15233915,test
s112124501040,0.0,0.15046273,test
s112124501041,0.0,0.15121609,test
s112124501042,0.83928573,0.1582361,test
s112124501045,0.08928572,0.15727998,test
s112124501048,0.53571427,0.16646588,test
s112124501049,0.17857143,0.10270141,test
s112124501050,0.0,0.16572447,test
s112124501051,0.10714286,0.12237407,test
s112124501053,0.0,0.122971855,test
s112124501054,0.017857144,0.10462889,test
s112124501055,0.071428575,0.10843296,test
s112124501056,1.0,0.11498312,test
s112124501057,0.35714287,0.14510268,test
s112124501058,0.05357143,0.1443179,test
s112124501059,0.0,0.10484302,test
s112124501060,0.035714287,0.07461561,test
s112124501061,0.0,0.07358493,test
s112124501062,0.0,0.07767539,test
s112124501063,0.0,0.06929363,test
s112124501064,0.05357143,0.09650004,test
s112124501066,0.0,0.05822058,test
s112124501068,0.0,0.08199163,test
s112124501069,0.0,0.06962816,test
s112124503025,0.071428575,0.10251613,train
s112124503027,0.035714287,0.10732941,train
s112124503028,0.26785713,0.11773733,train
s112124503029,0.25,0.10144061,train
s112124503030,0.25,0.12037442,train
s112124503031,0.25,0.11640692,train
s112124503033,0.0,0.10455441,train
s112124503034,0.0,0.100567505,train
s112124503035,0.08928572,0.10116912,train
s112124503036,0.0,0.10082382,train
s112124503037,0.0,0.10298613,train
s112124503038,0.0,0.10191117,train
s112124503039,0.035714287,0.08640548,train
s112124503041,0.0,0.102354206,train
s112124503043,0.035714287,0.08383441,train
s112124503044,0.035714287,0.10179197,train
s112124503046,0.035714287,0.08963679,train
s112124503048,0.17857143,0.114856645,train
s113124503003,0.08928572,0.110159054,train
s113124503004,0.17857143,0.10405366,train
s112124503051,0.10714286,0.19571368,train
s112124503052,0.0,0.20775433,train
s112124503054,0.071428575,0.18124637,train
s112124503055,0.035714287,0.16004904,train
s112124503056,0.125,0.19305176,train
s112124503057,0.0,0.18791273,train
s112124503058,0.035714287,0.19909814,train
s112124503062,0.0,0.17698759,train
s112124503063,0.64285713,0.31335944,train
s112124503065,0.26785713,0.31059623,train
s112124503066,0.17857143,0.19781944,train
s112124503067,0.375,0.31389582,train
s112124503068,0.0,0.19143464,train
s112124503069,0.16071428,0.19795081,train
s112124503071,0.0,0.20956518,train
s112124503072,0.0,0.1910235,train
s112124503074,0.60714287,0.2056511,train
s112124503076,0.16071428,0.18507038,train
s112124503078,0.0,0.16962557,train
s112124507024,0.017857144,0.13363324,train
s112124507025,0.0,0.15900826,train
s112124507026,0.17857143,0.1593481,train
s112124507027,0.071428575,0.14452945,train
s112124507028,0.017857144,0.13005866,train
s112124507029,0.23214285,0.13282287,train
s112124507030,0.21428572,0.1331729,train
s112124507031,0.0,0.13619041,train
s112124507032,0.16071428,0.13900451,train
s112124507034,0.60714287,0.1503607,train
s112124507035,0.0,0.14574361,train
s112124507036,0.19642857,0.17756067,train
s112124507040,0.23214285,0.13723211,train
s112124507041,0.0,0.13783765,train
s112124507042,0.0,0.12945904,train
s112124507043,0.0,0.14535944,train
s112124507045,0.017857144,0.16661967,train
s112124507046,0.2857143,0.1650424,train
s112124507049,0.14285715,0.14248733,val
s112124507050,0.64285713,0.17144322,val
s112124507051,0.3392857,0.11964579,val
s112124507052,0.3392857,0.14251739,val
s112124507053,0.0,0.1477861,val
s112124507054,0.14285715,0.1756722,val
s112124507055,0.21428572,0.17906645,val
s112124507056,0.10714286,0.11968038,val
s112124507057,0.35714287,0.14819603,val
s112124507058,0.017857144,0.12333771,val
s112124507059,0.0,0.107620314,val
s112124507072,0.08928572,0.09621959,val
s112124507061,0.14285715,0.098256245,val
s112124507064,1.0,0.12312812,val
s112124507065,0.2857143,0.094632596,val
s112124507066,0.10714286,0.117763855,val
s112124507067,0.5,0.10151842,val
s112124507069,0.125,0.10888394,val
s112124515024,0.017857144,0.101463296,train
s112124515025,0.26785713,0.14056358,train
s112124515027,0.0,0.042112447,train
s112124515028,0.0,0.03730908,train
s112124515029,0.071428575,0.11150653,train
s112124515030,0.08928572,0.12376997,train
s112124515031,0.071428575,0.063272096,train
s112124515032,0.30357143,0.13165157,train
s112124515033,0.17857143,0.12683474,train
s112124515034,0.17857143,0.106574684,train
s112124515035,0.3392857,0.17025167,train
s112124515036,0.10714286,0.14989053,train
s112124515037,0.017857144,0.08024881,train
s112124515038,0.35714287,0.10728401,train
s112124515039,0.035714287,0.12449255,train
s112124515040,0.21428572,0.06665538,train
s112124515041,0.05357143,0.061463937,train
s112124515042,0.0,0.08742294,train
s112124515043,0.25,0.111619286,train
s112124515044,0.0,0.08316135,train
s112124515045,0.0,0.064251594,train
s112124515046,0.0,0.11942356,train
s112124515047,0.05357143,0.10310884,train
s112124515048,0.14285715,0.12084167,train
s112124515049,0.16071428,0.09415751,train
s112124515052,0.0,0.21664998,train
s112124515053,0.125,0.20606232,train
s112124515054,0.35714287,0.18548697,train
s112124515055,0.19642857,0.22290094,train
s112124515056,0.035714287,0.17021029,train
s112124515057,0.2857143,0.17156576,train
s112124515058,0.16071428,0.15110925,train
s112124515059,0.19642857,0.16736344,train
s112124515060,0.0,0.12979773,train
s112124515061,0.14285715,0.13225445,train
s112124515062,0.017857144,0.10452597,train
s112124515063,0.25,0.15925348,train
s112124515064,0.0,0.20041057,train
s112124515065,0.19642857,0.13688815,train
s112124515068,0.26785713,0.13623613,train
s112124515069,0.0,0.09450443,train
s112124515070,0.0,0.13876781,train
s112124515071,0.08928572,0.14137813,train
s112124515072,0.071428575,0.13401671,train
s112124515073,0.08928572,0.15809584,train
s112124515074,0.3392857,0.23956746,train
s112124515075,0.19642857,0.14737563,train
s112124515076,0.30357143,0.22793916,train
s112124515077,0.5,0.23530759,train
s112124521024,0.0,0.18788028,train
s112124521025,0.51785713,0.21796966,train
s112124521026,0.0,0.16296828,train
s112124521027,0.4642857,0.1980752,train
s112124521029,0.05357143,0.21460089,train
s112124521031,0.0,0.1734062,train
s112124521032,1.0,0.23231879,train
s112124521033,0.0,0.16467506,train
s112124521034,0.0,0.23718089,train
s112124521035,0.0,0.16479532,train
s112124521036,0.0,0.14426808,train
s112124521037,0.19642857,0.16199978,train
s112124521038,0.10714286,0.18060102,train
s112124521039,0.08928572,0.18723446,train
s112124521040,0.39285713,0.21719971,train
s112124521041,0.08928572,0.1889137,train
s112124521042,0.30357143,0.20352404,train
s112124521043,0.05357143,0.14843315,train
s112124521044,0.017857144,0.17488496,train
s112124521046,0.14285715,0.22861716,train
s112124521047,0.125,0.22128719,train
s112124521048,0.25,0.16926917,train
s112124521049,0.21428572,0.1729706,train
s112124521050,0.25,0.14576061,train
s112124521051,0.44642857,0.20726949,train
s112124521052,0.017857144,0.20444186,train
s112124521055,0.42857143,0.12845607,train
s112124521056,0.19642857,0.09554604,train
s112124521057,0.0,0.08977189,train
s112124521058,0.125,0.09477037,train
s112124521059,0.0,0.08919203,train
s112124521060,0.0,0.088155955,train
s112124521061,0.14285715,0.10073557,train
s112124521062,0.08928572,0.10347651,train
s112124521064,0.05357143,0.09424341,train
s112124521065,0.017857144,0.09010601,train
s112124521066,0.071428575,0.07709346,train
s112124521067,0.035714287,0.07796452,train
s112124521068,0.035714287,0.07700713,train
s112124521069,0.0,0.085510194,train
s112124521070,0.035714287,0.06572586,train
s112124521071,0.0,0.10255198,train
s112124521072,0.0,0.062428206,train
s112124521073,0.10714286,0.092542656,train
s112124521074,0.017857144,0.10790798,train
s112124521075,0.17857143,0.10603765,train
s112124521076,0.08928572,0.08564609,train
s112124521077,0.017857144,0.083977096,train
s112124521078,0.5535714,0.072724715,train
s112124521079,1.0,0.09415592,train
s112124521080,0.125,0.09393944,train
s112124521081,0.0,0.087501764,train
s112124521082,0.0,0.06687215,train
s112124521083,0.16071428,0.08563479,train
s112124542025,0.017857144,0.12856835,train
s112124542026,0.125,0.14228263,train
s112124542027,0.0,0.09265807,train
s112124542028,0.48214287,0.42141747,train
s112124542029,0.19642857,0.37352732,train
s112124542031,0.017857144,0.35784796,train
s112124542032,0.25,0.42231733,train
s112124542033,0.10714286,0.4229071,train
s112124542037,0.125,0.1560815,train
s112124542038,0.16071428,0.16495074,train
s112124542039,0.21428572,0.16604105,train
s112124542040,0.035714287,0.15985936,train
s112124542041,0.75,0.27496088,train
s112124542042,0.25,0.19326401,train
s112124542043,0.05357143,0.19350484,train
s112124542044,0.53571427,0.18476754,train
s112124542045,0.8035714,0.19378647,train
s112124542046,0.035714287,0.17454867,train
s112124542047,0.5,0.25020328,train
s112124542051,0.64285713,0.16791429,train
s112124546024,0.14285715,0.03670811,val
s112124546025,1.0,0.13514414,val
s112124546026,0.0,0.13679646,val
s112124546028,0.08928572,0.14333037,val
s112124546029,0.0,0.13014087,val
s112124546030,0.0,0.12671784,val
s112124546031,0.0,0.13018827,val
s112124546032,0.0,0.12955531,val
s112124546033,0.35714287,0.17855373,val
s112124546034,0.16071428,0.15012798,val
s112124546035,0.0,0.120750114,val
s112124546036,0.10714286,0.105343096,val
s112124546037,0.035714287,0.14225635,val
s112124546038,0.0,0.14861703,val
s112124546039,0.017857144,0.15679066,val
s112124546040,0.0,0.12206066,val
s112124546041,0.08928572,0.13315088,val
s112124546042,0.035714287,0.11795593,val
s112124546045,0.017857144,0.10022077,train
s112124546046,0.05357143,0.11815482,train
s112124546047,0.0,0.108630866,train
s112124546048,0.0,0.116706304,train
s112124546049,0.0,0.10865931,train
s112124546050,0.071428575,0.14651677,train
s112124546051,0.035714287,0.10479674,train
s112124546052,0.91071427,0.21981111,train
s112124546053,0.071428575,0.13871442,train
s112124546054,0.3392857,0.17453635,train
s112124546056,0.017857144,0.24709941,train
s112124546057,0.017857144,0.21530932,train
s112124546058,0.125,0.24023764,train
s112124546059,0.05357143,0.1417674,train
s112124546060,0.0,0.035480216,train
s112124546061,0.0,0.15190035,train
s112124546062,0.3392857,0.18908513,train
s112124546063,0.14285715,0.25106403,train
s113124546003,0.14285715,0.24527746,train
s112124548023,0.2857143,0.2130808,test
s112124548024,0.10714286,0.24970004,test
s112124548025,0.73214287,0.21923122,test
s112124548027,0.0,0.18113433,test
s112124548028,0.64285713,0.24073817,test
s112124548030,0.4642857,0.18867372,test
s112124548031,0.6964286,0.2507072,test
s113124548003,0.035714287,0.19311082,test
s112124550024,0.25,0.15865047,train
s112124550025,0.0,0.1401307,train
s112124550027,0.10714286,0.14045714,train
s112124550028,0.125,0.15225402,train
s112124550029,0.0,0.15465967,train
s112124550030,0.25,0.17441346,train
s112124550031,0.21428572,0.13476747,train
s112124550032,0.0,0.1350638,train
s112124550033,0.0,0.14462167,train
s112124550035,0.0,0.11373717,train
s112124550038,0.0,0.16526967,train
s112124550039,0.58928573,0.14568909,train
s112124550040,0.39285713,0.1202835,train
s112124550041,0.16071428,0.12619664,train
s112124550042,0.05357143,0.1187741,train
s112124550043,0.25,0.18235269,train
s112124550044,0.035714287,0.16243583,train
s112124550045,0.071428575,0.11301145,train
s112124550047,0.14285715,0.17863978,train
s112124550048,0.0,0.13124909,train
s112124550049,0.0,0.13546053,train
s112124550050,0.035714287,0.12773696,train
s112124550052,0.23214285,0.13769788,train
s112124550053,0.071428575,0.13372907,train
s112124550055,0.26785713,0.18973638,train
s112124550056,0.23214285,0.13777338,train
s112124550057,0.08928572,0.1341655,train
s112124550061,0.0,0.08902019,train
s112124550062,0.035714287,0.093021534,train
s112124550063,0.0,0.09768359,train
s112124550064,0.71428573,0.11663258,train
s112124550065,0.05357143,0.090073824,train
s112124550066,0.0,0.077900775,train
s112124550067,0.25,0.09843068,train
s112124550068,0.0,0.08909476,train
s112124550069,0.23214285,0.11950086,train
s112124550070,0.26785713,0.10192285,train
s112124550071,0.0,0.10083291,train
s112124550072,0.0,0.087673955,train
s112124550073,0.017857144,0.0947479,train
s112124550074,0.0,0.10587227,train
s112124550075,0.0,0.0971725,train
s112124550076,0.53571427,0.103459716,train
s112124550077,0.0,0.081686266,train
s112124550079,0.05357143,0.090203255,train
s112124550080,0.42857143,0.14913784,train
s112124550082,0.2857143,0.13018803,train
s112124550084,0.0,0.13634077,train
s112124550085,0.0,0.08572775,train
s112124550086,0.0,0.113575764,train
s112124550087,0.23214285,0.14289527,train
s112124550088,0.05357143,0.14374419,train
s112124550089,0.08928572,0.0866905,train
s112124550090,0.0,0.08066738,train
s112124550092,0.4642857,0.14465,train
s112124550093,0.0,0.14318377,train
s112124550094,0.42857143,0.14388782,train
s112124550095,0.48214287,0.13968207,train
s112134501024,0.39285713,0.19867453,train
s112134501025,0.0,0.09159067,train
s112134501026,0.0,0.077886134,train
s112134501027,0.0,0.09015553,train
s112134501028,0.4642857,0.0938458,train
s112134501030,0.0,0.101588085,train
s112134501031,0.0,0.07827146,train
s112134501033,0.0,0.08083592,train
s112134501034,0.125,0.08749322,train
s112134501035,0.4107143,0.08244443,train
s112134501036,0.0,0.0831922,train
s112134501037,0.10714286,0.08833127,train
s112134501038,0.0,0.11011146,train
s112134501039,0.071428575,0.14420348,train
s112134501040,0.25,0.09486078,train
s112134501041,0.05357143,0.11228567,train
s112134501043,0.625,0.11658046,train
s112134501044,0.21428572,0.10715078,train
s112134501046,0.10714286,0.12634592,train
s112134501047,0.035714287,0.11431492,train
s112134501048,0.08928572,0.09419379,train
s112134501049,0.2857143,0.10097253,train
s112134501050,0.0,0.13363007,train
s112134501051,0.3392857,0.12714164,train
s112134501054,0.30357143,0.07589724,test
s112134501055,0.035714287,0.13525394,test
s112134501059,0.0,0.15047146,test
s112134501060,0.0,0.07515618,test
s112134501061,0.017857144,0.07436896,test
s112134501066,0.0,0.076416,test
s112134501067,0.0,0.07192783,test
s112134501068,0.26785713,0.14722252,test
s112134501069,0.0,0.17707762,test
s112134501070,0.19642857,0.16502394,test
s112134501071,0.0,0.13638557,test
s112134501074,0.035714287,0.19338153,test
s112134501075,0.0,0.15066586,test
s112134501076,0.10714286,0.17324938,test
s112134501077,0.21428572,0.1965133,test
s112134501078,0.875,0.22299993,test
s112134501079,0.32142857,0.21356939,test
s112134501080,0.625,0.18941121,test
s112134501081,0.26785713,0.19495264,test
s113134501004,0.0,0.08539897,test
s113134501005,0.625,0.081615455,test
s112134527024,0.39285713,0.18081968,train
s112134527027,0.0,0.1793536,train
s112134527029,0.05357143,0.09688843,train
s112134527030,0.0,0.08865379,train
s112134527031,0.035714287,0.07857852,train
s112134527034,0.19642857,0.19123751,train
s112134527035,0.035714287,0.16021672,train
s112134527036,0.16071428,0.15972994,train
s112134527038,0.14285715,0.15363544,train
s112134527041,1.0,0.19358778,train
s112134527042,0.05357143,0.19521593,train
s112134527043,0.17857143,0.1373333,train
s112134527044,0.0,0.091724455,train
s112134527045,0.17857143,0.1780451,train
s112134527046,0.10714286,0.067097545,train
s113134527004,0.10714286,0.17963874,train
s112134527049,0.85714287,0.19522735,train
s112134527050,0.0,0.17902227,train
s112134527051,0.125,0.20026723,train
s112134527052,0.0,0.19040236,train
s112134527053,0.5,0.21155947,train
s112134527056,0.51785713,0.19235915,train
s112134527057,0.0,0.18987867,train
s112134527058,0.05357143,0.120912954,train
s112134527059,0.0,0.13912518,train
s112134527060,0.19642857,0.1080661,train
s112134527061,0.05357143,0.11011533,train
s112134527062,0.0,0.104898855,train
s112134527063,0.0,-0.024597287,train
s112134527065,0.035714287,0.11390835,train
s112134527066,0.0,0.1120753,train
s112134527067,0.0,0.119034395,train
s112134527068,0.25,0.104026034,train
s112134527069,0.071428575,0.10451479,train
s112134527070,0.08928572,0.17946914,train
s113134527005,0.0,0.18369612,train
s113134527006,0.10714286,0.107835345,train
s112134542024,0.05357143,0.13237251,train
s112134542025,0.23214285,0.1214612,train
s112134542026,0.0,0.11583043,train
s112134542027,0.035714287,0.11788977,train
s112134542028,0.071428575,0.13505764,train
s112134542029,0.3392857,0.13359594,train
s112134542030,0.0,0.115268424,train
s112134542032,0.0,0.14403492,train
s112134542033,0.14285715,0.14696892,train
s112134542034,0.0,0.15820445,train
s112134542035,0.16071428,0.16692273,train
s112134542037,0.071428575,0.09460899,train
s112134542038,0.0,0.16449282,train
s112134542039,0.32142857,0.17804012,train
s112134542040,0.17857143,0.17216471,train
s112134542042,0.017857144,0.1799567,train
s112134542043,0.0,0.039959945,train
s112134542047,0.0,0.0962072,train
s112134542048,1.0,0.09579073,train
s112134542049,0.0,0.09739047,train
s112134542050,0.071428575,0.10216435,train
s112134542051,0.0,0.09131578,train
s112134542052,0.0,0.09405363,train
s112134542053,0.0,0.09474998,train
s112134542054,0.0,0.10161619,train
s112134542055,0.5,0.09780717,train
s112134542056,0.25,0.10027252,train
s112134542057,0.125,0.1196656,train
s112134542058,0.05357143,0.19472846,train
s112134542059,0.0,0.20221645,train
s112134542060,0.0,0.11405741,train
s112134542061,0.17857143,0.11135426,train
s112134542062,0.0,0.1126257,train
s112134542064,0.10714286,0.18426464,train
s112134542065,0.14285715,0.17559053,train
s113134542003,0.017857144,0.07518268,train
s112144501024,0.071428575,0.11963906,train
s112144501025,0.0,0.17183335,train
s112144501026,0.3392857,0.11923216,train
s112144501027,0.071428575,0.123191744,train
s112144501028,0.4642857,0.1169494,train
s112144501029,0.125,0.12971714,train
s112144501030,0.017857144,0.14108875,train
s112144501031,0.017857144,0.1676095,train
s112144501033,0.64285713,0.18714237,train
s112144501034,0.0,0.117768995,train
s112144501035,0.017857144,0.15261959,train
s112144501036,0.14285715,0.13341892,train
s112144501037,0.42857143,0.14061087,train
s112144501038,0.08928572,0.106698066,train
s112144501039,0.0,0.10182056,train
s112144501040,0.035714287,0.11670396,train
s112144501041,0.0,0.10459136,train
s112144501042,0.19642857,0.10165258,train
s112144501043,0.0,0.10260669,train
s112144501044,0.0,0.09836973,train
s112144501046,0.0,0.10278342,train
s112144501047,0.0,0.3056082,train
s112144501048,0.0,0.10069412,train
s112144501049,0.75,0.100808024,train
s112144501050,0.0,0.019189268,train
s112144501051,0.51785713,0.10495377,train
s112144501052,0.25,0.10054985,train
s113144501003,0.53571427,0.14677396,train
s112144501055,0.08928572,0.111176684,train
s112144501056,0.0,0.14644974,train
s112144501057,0.32142857,0.1577519,train
s112144501058,0.017857144,0.12198919,train
s112144501059,0.5,0.17683545,train
s112144501060,0.0,0.1424191,train
s112144501061,0.14285715,0.14939149,train
s112144501062,0.44642857,0.17551497,train
s112144501063,0.017857144,0.11027855,train
s112144501064,0.071428575,0.18105438,train
s112144501065,0.017857144,0.09901926,train
s112144501066,0.017857144,0.10690151,train
s112144501067,0.071428575,0.13141541,train
s112144501069,0.035714287,0.16319862,train
s112144501070,0.0,0.10771173,train
s112144501071,0.08928572,0.14661247,train
s112144501073,0.14285715,0.14821787,train
s112144501074,0.48214287,0.112929024,train
s112144501075,0.035714287,0.14640355,train
s112144501076,0.0,0.15009266,train
s112144501078,0.08928572,0.107590586,train
s112144501079,0.017857144,0.10730314,train
s112144501080,0.071428575,0.10661797,train
s112144501081,0.0,0.14297469,train
s112144501082,0.035714287,0.11813251,train
s112144501083,0.25,0.11002517,train
s113144501004,0.125,0.13988669,train
s113144501005,0.0,0.14802502,train
s113144501006,0.017857144,0.13800809,train
s112144504024,0.0,0.16707629,train
s112144504030,0.25,0.16739297,train
s112144504031,0.071428575,0.15146911,train
s112144504034,0.5,0.22061157,train
s112144504036,0.08928572,0.28853133,train
s112144504039,0.32142857,0.16710165,train
s112144504040,0.0,0.061635204,train
s112144504042,0.0,0.32640547,train
s113144504004,0.5,0.2601571,train
s112144504028,0.21428572,0.21268094,train
s112144504046,0.6785714,0.18042262,train
s112144504047,0.017857144,0.18582374,train
s112144504048,0.25,0.18450314,train
s112144504049,0.071428575,0.18542844,train
s112144504050,0.3392857,0.20239387,train
s112144504051,0.21428572,0.18627432,train
s112144504052,0.035714287,0.185609,train
s112144504053,0.16071428,0.17939337,train
s112144504054,0.125,0.18656692,train
s112144504056,0.19642857,0.18666705,train
s112144504059,0.4642857,0.19234309,train
s112144511024,0.0,0.07875897,val
s112144511025,0.017857144,0.09233683,val
s112144511026,0.0,0.08409956,val
s112144511027,0.017857144,0.07473404,val
s112144511029,0.05357143,0.07590163,val
s112144511030,0.0,0.08315134,val
s112144511031,0.10714286,0.08041826,val
s112144511032,0.17857143,0.0775847,val
s112144511033,0.0,0.07809365,val
s112144511034,0.125,0.0918206,val
s112144511035,0.16071428,0.12600471,val
s112144511036,0.08928572,0.12464005,val
s112144511038,0.071428575,0.105700776,val
s112144511040,0.125,0.12642227,val
s112144511041,0.3392857,0.14053477,val
s112144511042,0.60714287,0.4093051,val
s112144511043,0.071428575,0.13232802,val
s112144511044,0.26785713,0.10665563,val
s112144511045,0.017857144,0.12694244,val
s113144511003,0.14285715,0.13411829,val
s112144511049,0.08928572,0.12578762,train
s112144511050,0.035714287,0.14132446,train
s112144511051,0.0,0.09594181,train
s112144511052,0.0,0.10033677,train
s112144511053,0.0,0.12917873,train
s112144511054,0.35714287,0.17446487,train
s112144511055,0.0,0.13307814,train
s112144511056,0.125,0.09278584,train
s112144511057,0.0,0.10304758,train
s112144511058,0.08928572,0.13868259,train
s112144511059,0.125,0.13540909,train
s112144511060,0.14285715,0.1710921,train
s112144511062,0.071428575,0.1780172,train
s112144511063,0.58928573,0.15588284,train
s112144511064,0.23214285,0.17749448,train
s112144511065,0.25,0.2147527,train
s112144511066,0.4642857,0.16910234,train
s112144511067,0.08928572,0.156086,train
s112144511068,0.05357143,0.14909045,train
s112144511071,0.0,0.124428995,train
s112144512023,0.19642857,0.12506558,test
s112144512024,0.0,0.123035915,test
s112144512025,0.0,0.113062724,test
s112144512027,0.0,-0.03709522,test
s112144512028,0.0,0.12737127,test
s112144512029,0.0,0.12519157,test
s112144512030,0.0,0.1245552,test
s112144512031,0.16071428,0.07840599,test
s112144512032,0.071428575,0.066785336,test
s112144512033,0.0,0.070093945,test
s112144512034,0.0,0.072989434,test
s112144512035,0.125,0.07066358,test
s112144512038,0.071428575,0.17047322,test
s112144512039,0.071428575,0.07928956,test
s112144512041,0.125,0.06640004,test
s112144512042,0.05357143,0.09672485,test
s112144512043,0.05357143,0.11567145,test
s113144512002,0.0,0.08156889,test
s112144517025,0.0,0.028617375,test
s112144517026,0.017857144,0.04624407,test
s112144517027,0.035714287,0.019115321,test
s112144517028,0.0,0.018986054,test
s112144517029,0.0,0.022450387,test
s112144517030,0.0,0.01958245,test
s112144517031,0.0,0.06593417,test
s112144517033,0.25,0.14311118,test
s112144517034,0.14285715,0.07585225,test
s112144517035,0.035714287,0.06371327,test
s112144517036,0.0,0.042456515,test
s112144517037,0.10714286,0.08057159,test
s112144517038,0.05357143,0.050493218,test
s112144517039,0.0,0.07662703,test
s112144517041,0.16071428,0.06937162,test
s112144517042,0.0,0.09306398,test
s112144517043,0.0,0.057942748,test
s112144517044,0.0,0.07135504,test
s113144517003,0.071428575,0.087356016,test
s112144517050,0.017857144,0.21702915,train
s112144517052,0.071428575,0.12108669,train
s112144517054,0.0,0.11408074,train
s112144517056,0.0,0.105320126,train
s112144517057,0.0,0.005757205,train
s112144517060,0.6785714,0.13172843,train
s112144517062,0.05357143,0.13007613,train
s112144517063,0.98214287,0.2536822,train
s112144517064,0.19642857,0.14207362,train
s112144517065,0.08928572,0.12920015,train
s113144517004,0.071428575,0.20419118,train
s112154501024,0.75,0.109327756,train
s112154501025,0.0,0.23945317,train
s112154501026,0.0,0.21329665,train
s112154501027,0.30357143,0.22908689,train
s112154501028,0.0,0.11185856,train
s112154501029,0.0,0.13997202,train
s112154501030,0.017857144,0.13731077,train
s112154501031,0.0,0.11433383,train
s112154501032,0.017857144,0.1341112,train
s112154501033,0.16071428,0.14547762,train
s112154501035,0.0,0.08041977,train
s112154501036,0.0,0.081117526,train
s112154501037,0.0,0.0671452,train
s112154501038,0.48214287,0.07020256,train
s112154501039,0.071428575,0.11805405,train
s112154501040,0.035714287,0.11623297,train
s112154501041,0.0,0.07280984,train
s112154501042,0.21428572,0.14517707,train
s112154501043,0.0,0.10246804,train
s112154501044,0.035714287,0.14216268,train
s112154501045,0.0,0.22130719,train
s112154501046,0.39285713,0.19105172,train
s112154501047,0.017857144,0.14507566,train
s112154501048,0.25,0.09699638,train
s113154501003,0.32142857,0.40566194,train
s112154501051,0.035714287,0.20964706,train
s112154501053,0.53571427,0.23830463,train
s112154501054,0.0,0.27948332,train
s112154501055,0.19642857,0.23954749,train
s112154501056,0.35714287,0.2712558,train
s112154501058,0.32142857,0.2034778,train
s112154501060,0.10714286,0.2559241,train
s112154501061,0.25,0.20384347,train
s112154501062,0.5535714,0.23620458,train
s112154501063,0.0,0.14530498,train
s112154501064,0.0,0.15468603,train
s112154501067,0.3392857,0.15251742,train
s112154501068,0.58928573,0.1258102,train
s112154501069,0.0,0.18796515,train
s112154501070,0.21428572,0.2624168,train
s112154501071,0.2857143,0.1586995,train
s112154501072,0.30357143,0.27891928,train
s112154501073,0.0,0.14688441,train
s112154501074,0.16071428,0.2693451,train
s112154501076,0.0,0.14848217,train
s112154505024,0.0,0.10997048,train
s112154505026,0.017857144,0.18455681,train
s112154505027,0.0,0.053549714,train
s112154505028,0.05357143,0.08313379,train
s112154505031,0.071428575,0.10370237,train
s112154505032,0.0,0.081664264,train
s112154505033,0.0,0.01895643,train
s112154505034,0.05357143,0.0567082,train
s112154505035,0.071428575,0.18614793,train
s112154505036,0.0,0.09364851,train
s112154505037,0.017857144,0.07032688,train
s112154505038,0.42857143,0.1953298,train
s112154505039,0.0,0.089354396,train
s112154505040,0.125,0.21070684,train
s112154505041,0.05357143,0.18131354,train
s112154505043,0.0,0.2103285,train
s112154505044,0.0,0.1404209,train
s112154505045,0.30357143,0.15565413,train
s112154505046,0.017857144,0.20152992,train
s112154505047,0.0,0.18351309,train
s112154505048,0.64285713,0.21937527,train
s112154505049,0.23214285,0.2089012,train
s112154505051,0.17857143,0.21699925,train
s113154505003,0.10714286,0.2190392,train
s112154505055,0.25,0.18784297,train
s112154505056,0.0,0.17559004,train
s112154505057,0.017857144,0.2006632,train
s112154505058,0.0,0.18793544,train
s112154505059,0.17857143,0.15385032,train
s112154505060,0.0,0.14750133,train
s112154505061,0.51785713,0.3563283,train
s112154505062,0.0,0.168319,train
s112154505063,0.75,0.16109908,train
s112154505064,0.0,0.11413883,train
s112154505065,0.071428575,0.11637172,train
s112154505066,0.0,0.10320071,train
s112154505067,0.0,0.09582445,train
s112154505068,0.0,0.16630751,train
s112154505069,0.017857144,0.18194896,train
s112154505070,0.035714287,0.0871235,train
s112154505071,0.0,0.059726015,train
s112154505074,0.08928572,0.1362717,train
s112154505075,0.017857144,0.06121348,train
s112154505077,0.0,0.13491008,train
s112154505079,0.0,0.054921545,train
s112154505080,0.05357143,0.057104804,train
s112154505081,0.16071428,0.14800411,train
s112154505082,0.0,0.03635472,train
s113154505004,0.25,0.28116453,train
s112154506045,0.25,0.1385305,train
s112154506047,0.035714287,0.11579315,train
s112154506048,0.017857144,0.14198546,train
s112154506049,0.017857144,0.16397496,train
s112154506050,0.23214285,0.1437848,train
s112154506051,0.035714287,0.14227544,train
s112154506052,0.0,0.15139757,train
s112154506053,0.0,0.14754055,train
s112154506054,0.071428575,0.14441654,train
s112154506055,0.05357143,0.16148852,train
s112154506056,0.14285715,0.1491244,train
s112154506057,0.17857143,0.15275662,train
s112154506058,0.6785714,0.15912929,train
s112154506060,0.16071428,0.18864888,train
s112154506062,0.0,0.20293534,train
s112154506064,0.0,0.13645206,train
s112154506065,0.0,0.13980494,train
s112154506066,0.05357143,0.17699979,train
s112154506067,0.05357143,0.17320517,train
s112154506068,0.125,0.13935353,train
s112154506069,0.08928572,0.13725549,train
s112154506070,0.10714286,0.14827542,train
s112154506071,0.17857143,0.14408201,train
s112154506072,0.125,0.15003212,train
s112154506075,0.0,0.11947125,train
s112154506076,0.25,0.1849462,train
s112154506077,0.10714286,0.19393796,train
s112154506079,0.0,0.12673128,train
s112154506081,0.017857144,0.16030915,train
s112154506082,0.32142857,0.18056028,train
s112154506083,0.071428575,0.19246164,train
s112154506084,0.0,0.1460233,train
s112154506085,0.035714287,0.1350327,train
s112154506086,0.017857144,0.12923113,train
s112154506087,0.25,0.20571609,train
s112154506088,0.0,0.23153684,train
s112154506089,0.035714287,0.22304195,train
s112154506090,0.035714287,0.2286914,train
s112154506093,0.51785713,0.23284923,train
s112154506095,0.10714286,0.21914884,train
s112154506096,0.05357143,0.22483331,train
s112154506098,0.16071428,0.30876935,train
s112154506100,0.16071428,0.21645114,train
s112154506101,0.2857143,0.32101995,train
s113154506003,0.625,0.25131604,train
s112154513025,0.017857144,0.11044875,train
s112154513026,0.10714286,0.11480948,train
s112154513027,0.125,0.11787751,train
s112154513028,0.08928572,0.12208925,train
s112154513029,0.14285715,0.11731657,train
s112154513031,0.035714287,0.10286148,train
s112154513032,0.125,0.10870938,train
s112154513033,0.0,0.1117908,train
s112154513037,0.0,0.10652049,train
s112154513038,0.05357143,0.2634037,train
s112154513039,0.0,0.12467372,train
s112154513040,0.14285715,0.11124922,train
s112154513041,0.017857144,0.11114644,train
s112154513042,0.035714287,0.095301986,train
s112154513043,0.0,0.09396862,train
s112154513046,0.0,0.11426893,train
s112154513047,0.16071428,0.091930754,train
s113154513003,0.14285715,0.12730531,train
s112154513050,0.0,0.12558286,train
s112154513051,0.035714287,0.12556797,train
s112154513052,0.08928572,0.09908958,train
s112154513053,0.08928572,0.12667236,train
s112154513054,0.0,0.10923429,train
s112154513055,0.0,0.12622666,train
s112154513057,0.017857144,0.11189017,train
s112154513059,0.071428575,0.1273593,train
s112154513061,0.125,0.10690978,train
s112154513062,0.0,0.10459956,train
s112154513063,0.017857144,0.109758735,train
s112154513064,0.0,0.10963151,train
s112154513065,0.08928572,0.10435831,train
s112154513066,0.25,0.11957443,train
s112154513067,0.10714286,0.10520367,train
s112154513068,0.39285713,0.11052593,train
s112154513069,0.0,0.09881112,train
s112154513070,0.16071428,0.12551504,train
s112154513071,0.91071427,0.09836765,train
s112154513072,1.0,0.6013559,train
s112154515024,0.14285715,0.10281819,train
s112154515025,0.10714286,0.15848711,train
s112154515026,0.017857144,0.10612787,train
s112154515027,0.32142857,0.103958204,train
s112154515030,0.0,0.13142157,train
s112154515033,0.017857144,0.13327546,train
s112154515036,0.25,0.10212971,train
s112154515038,0.035714287,0.0992936,train
s112154515039,0.035714287,0.104104534,train
s112154515040,0.035714287,0.10087838,train
s112154515041,0.5,0.13122384,train
s113154515003,0.071428575,0.14253388,train
s112154515043,0.2857143,0.10651201,train
s112154515045,0.017857144,0.06329031,train
s112154515047,0.23214285,0.15176354,train
s112154515048,0.0,0.05657856,train
s112154515049,0.0,0.16625032,train
s112154515050,0.30357143,0.20986581,train
s112154515051,0.17857143,0.12999088,train
s112154515052,0.035714287,0.043088175,train
s112154515053,0.035714287,0.12690005,train
s112154515054,0.0,0.22027712,train
s112154515055,0.0,0.06235715,train
s112154515057,0.0,0.22482851,train
s112154515058,0.21428572,0.14666206,train
s112154515059,0.5,0.15587609,train
s112154515060,0.2857143,0.14132679,train
s112154515061,0.125,0.15225782,train
s112154515063,0.05357143,0.06394655,train
s112154515064,0.23214285,0.10354843,train
s113154515005,0.017857144,0.10410707,train
s112154522026,0.0,0.10645164,train
s112154522034,0.05357143,0.06991954,train
s112154522035,0.0,0.09007406,train
s112154522047,0.5535714,0.09637124,train
s112154522060,0.0,0.05748999,test
s112154522069,0.035714287,0.14463685,test
s112154522070,0.035714287,0.15534867,test
s113154522006,0.0,0.22771351,test
s112164501025,0.25,0.14058134,train
s112164501026,0.14285715,0.1561057,train
s112164501028,1.0,0.14413829,train
s112164501029,0.10714286,0.12548912,train
s112164501030,0.14285715,0.12118387,train
s112164501031,0.5,0.12999044,train
s112164501032,0.0,0.14745863,train
s112164501034,0.10714286,0.15284708,train
s112164501035,0.0,0.15275458,train
s112164501036,0.071428575,0.114543445,train
s112164501037,0.51785713,0.1816625,train
s112164501039,0.5,0.17840686,train
s112164501040,0.5,0.13058038,train
s112164501041,0.75,0.12564515,train
s112164501043,0.25,0.16112979,train
s112164501045,0.071428575,0.12020793,train
s112164501046,0.5,0.1526537,train
s112164501048,0.0,0.14564116,train
s112164501049,0.75,0.14038897,train
s112164501052,0.75,0.21916953,train
s112164501053,0.16071428,0.18921018,train
s112164501054,0.5,0.13533132,train
s112164501057,0.017857144,0.20986487,train
s112164501058,0.14285715,0.22129437,train
s112164501059,0.05357143,0.21346053,train
s112164501060,0.0,0.18175417,train
s112164501061,0.25,0.21873066,train
s112164501062,0.05357143,0.13572726,train
s112164501064,0.25,0.19427264,train
s112164501066,0.375,0.22450143,train
s112164501068,0.53571427,0.22504844,train
s112164501069,0.14285715,0.22034916,train
s112164501070,0.35714287,0.2016121,train
s112164501071,0.39285713,0.19313851,train
s112164501073,0.25,0.14697833,train
s112164501075,0.75,0.1487705,train
s113164501003,0.75,0.21070743,train
s112164513025,0.375,0.2574244,test
s112164513026,0.0,0.2621555,test
s112164513027,0.4107143,0.24828006,test
s112164513028,0.16071428,0.23064438,test
s112164513029,0.0,0.14798526,test
s112164513031,0.0,0.2270147,test
s112164513032,0.32142857,0.20855343,test
s112164513033,0.05357143,0.11185001,test
s112164513034,0.39285713,0.2792853,test
s112164513035,0.39285713,0.24591124,test
s112164513036,0.0,0.2435206,test
s112164513038,0.6785714,0.23782282,test
s112164513040,0.91071427,0.22739077,test
s112164513041,0.017857144,0.19504538,test
s112164513042,0.08928572,0.11821278,test
s112164513044,0.75,0.118476465,test
s112164513045,1.0,0.2560803,test
s112164513046,0.071428575,0.23397629,test
s112164513049,0.16071428,0.15294017,train
s112164513051,0.0,0.15995508,train
s112164513052,0.0,0.16371325,train
s112164513058,0.08928572,0.153621,train
s112164513060,0.44642857,0.18130937,train
s112164513062,0.0,0.1904723,train
s112164513053,1.0,0.17375088,train
s112164513054,0.05357143,0.15685578,train
s112164513064,0.08928572,0.18604623,train
s112164513065,0.73214287,0.16222432,train
s112164513056,0.0,0.16246875,train
s112164513066,0.75,0.19066508,train
s112164513057,0.0,0.16303214,train
s112164513067,0.017857144,0.179472,train
s112164513068,0.14285715,0.19611496,train
s112164513069,0.0,0.1872269,train
s112164513071,0.0,0.21569991,train
s113164513003,0.0,0.17039287,train
s112171306024,0.17857143,0.1477955,train
s112171306026,0.0,0.13216531,train
s112171306028,0.19642857,0.12837504,train
s112171306030,0.3392857,0.1464831,train
s112171306033,0.73214287,0.21521044,train
s112171306035,0.0,0.15183845,train
s112171306039,0.071428575,0.17054404,train
s112171306040,0.05357143,0.12888007,train
s112171306041,0.017857144,0.12579387,train
s112171306042,0.0,0.21824943,train
s112171306044,0.14285715,0.13434684,train
s112171306045,0.10714286,0.16708073,train
s112171306047,0.0,0.14292876,train
s112171306049,0.0,0.1059074,train
s112171306053,0.0,0.14563945,train
s112171306054,0.0,0.102906264,train
s112171306056,0.071428575,0.08457826,train
s112171306057,0.0,0.11556948,train
s112171306058,0.0,0.08377519,train
s112171306059,0.23214285,0.19484085,train
s112171306060,0.26785713,0.18595701,train
s112171306061,0.17857143,0.13596106,train
s112171306062,0.05357143,0.18712987,train
s112171306064,0.0,0.11938049,train
s112171306066,0.42857143,0.13184568,train
s112171306069,0.0,0.09066938,val
s112171306070,0.2857143,0.12877786,val
s112171306071,0.10714286,0.14167956,val
s112171306072,0.017857144,0.15018816,val
s112171306073,0.05357143,0.13237084,val
s112171306074,0.14285715,0.13883542,val
s112171306076,0.25,0.15638222,val
s112171306077,0.35714287,0.1698357,val
s112171306078,0.08928572,0.13324372,val
s112171306081,0.21428572,0.13723324,val
s112171306082,0.05357143,0.122848906,val
s112171306083,0.16071428,0.1329313,val
s112171306084,0.05357143,0.12995696,val
s112171306085,0.125,0.1507657,val
s112171306087,0.05357143,0.1007448,val
s112171306088,0.25,0.15358391,val
s112171306089,0.0,0.13964668,val
s112171306090,0.0,0.1321783,val
s112171306091,0.0,0.15702519,val
s112171306092,0.14285715,0.15035494,val
s112171306093,0.071428575,0.11367881,val
s112171306094,0.0,0.10894026,val
s112171306096,0.23214285,0.14543381,val
s112171306097,0.10714286,0.15178992,val
s112171306099,0.0,0.1530362,val
s112171306100,0.0,0.13688599,val
s112171306101,0.14285715,0.1429643,val
s112171306102,0.0,0.12612806,val
s112171306103,0.0,0.13991733,val
s112171306104,0.44642857,0.16593952,val
s112171306105,0.035714287,0.13060111,val
s112171306106,0.10714286,0.14358869,val
s112171306107,0.0,0.022373334,val
s112171306109,0.017857144,0.13067436,val
s112171306111,0.21428572,0.16909167,val
s112171306112,0.0,0.15597945,val
s112183502274,0.035714287,0.08355379,train
s112183502276,0.14285715,0.17323913,train
s112183502277,0.44642857,0.18219805,train
s112183502278,0.017857144,0.0780181,train
s112183502279,0.125,0.17163159,train
s112183502280,0.10714286,0.11665441,train
s112183502281,0.05357143,0.14347109,train
s112183502282,1.0,0.17459384,train
s112183502283,0.48214287,0.16994372,train
s112183502284,0.25,0.16801672,train
s112183502285,1.0,0.16481258,train
s112183502286,0.035714287,0.1672518,train
s112183502287,0.25,0.15070371,train
s112183502288,0.10714286,0.15458828,train
s112183502289,0.071428575,0.14187454,train
s112183502290,0.39285713,0.111614324,train
s112183502291,0.017857144,0.14418957,train
s112183502292,0.05357143,0.14847751,train
s112183502293,0.071428575,0.14783564,train
s112183502294,0.0,0.14521682,train
s112183502295,0.0,0.15714659,train
s112183502297,0.0,0.09898451,train
s112183502298,0.0,0.10053902,train
s112183502299,0.08928572,0.16735119,train
s112183502304,0.035714287,0.20606035,train
s112183502306,0.48214287,0.18608418,train
s112183502309,0.08928572,0.23248312,train
s112183502310,0.0,0.20089272,train
s112183502313,0.10714286,0.22105947,train
s112183502314,0.42857143,0.22070317,train
s112183502315,0.071428575,0.2321748,train
s112183502317,0.48214287,0.24349497,train
s112183502318,0.035714287,0.22468923,train
s112183502321,0.10714286,0.24063957,train
s112183502322,0.125,0.24774225,train
s112183502323,0.017857144,0.19609612,train
s112183502324,0.071428575,0.23466477,train
s112183502325,0.017857144,0.19005811,train
s112183502326,0.071428575,0.17173603,train
s112183502327,0.5,0.17458692,train
s112183502328,0.8214286,0.27834356,train
s112183502329,0.5714286,0.24566631,train
s112183502330,0.017857144,0.1823877,train
s112183502331,0.08928572,0.23894766,train
s112183510024,0.75,0.2837244,train
s112183510025,0.42857143,0.12291236,train
s112183510026,0.0,0.092200756,train
s112183510028,0.0,0.11867371,train
s112183510029,0.017857144,0.09310946,train
s112183510031,0.035714287,0.12666883,train
s112183510032,0.21428572,0.0912647,train
s112183510033,0.0,0.0699733,train
s112183510034,0.017857144,0.12517208,train
s112183510035,0.10714286,0.09023454,train
s112183510037,0.05357143,0.13592194,train
s112183510038,0.25,0.12765735,train
s112183510039,0.035714287,0.12763676,train
s112183510040,0.0,0.12839706,train
s112183510042,0.0,0.117491886,train
s112183510044,0.76785713,0.13272855,train
s112183510046,0.89285713,0.15983993,train
s112183510048,0.21428572,0.14220552,train
s112183510049,0.0,0.12150134,train
s112183510050,0.0,0.13689375,train
s112183510051,0.05357143,0.12162635,train
s113183510003,0.05357143,0.13048713,train
s112183510054,0.0,0.22505434,train
s112183510056,0.0,0.26370478,train
s112183510058,0.625,0.26809287,train
s112183510059,0.73214287,0.2501483,train
s112183510060,0.0,0.21545058,train
s112183510061,0.0,0.23118958,train
s112183510062,0.0,0.21662351,train
s112183510064,0.017857144,0.1940137,train
s112183510065,0.017857144,0.19752295,train
s112183510066,0.035714287,0.23686029,train
s112183510067,0.17857143,0.25041837,train
s112183510069,0.21428572,0.22371647,train
s112183510070,0.17857143,0.24416827,train
s112183510071,0.0,0.23510733,train
s112183510072,0.125,0.20157701,train
s112183510074,0.071428575,0.17932871,train
s112183510075,0.21428572,0.1833404,train
s112183510076,0.25,0.21663271,train
s112183510077,0.08928572,0.17139652,train
s112183510078,0.14285715,0.16341934,train
s112183510079,0.10714286,0.17653918,train
s112183510080,0.51785713,0.24895671,train
s113183510004,0.071428575,0.27759153,train
s113183510005,0.3392857,0.21002966,train
s112191309024,0.0,0.07965176,train
s112191309025,0.0,0.06852837,train
s112191309026,0.3392857,0.13672021,train
s112191309027,0.0,0.1014416,train
s112191309029,0.17857143,0.14503002,train
s112191309030,0.035714287,0.07805308,train
s112191309034,0.0,0.08755909,train
s112191309036,0.0,0.06423675,train
s112191309037,0.125,0.096382916,train
s112191309038,0.0,0.076503955,train
s112191309040,0.0,0.058952816,train
s112191309041,0.071428575,0.0758013,train
s112191309042,0.035714287,0.08328958,train
s112191309043,0.8214286,0.16940364,train
s112191309044,0.035714287,0.08432923,train
s112191309045,0.375,0.10915825,train
s112191309046,0.66071427,0.2489155,train
s112191309047,0.21428572,0.078277014,train
s112191309050,0.32142857,0.15899315,train
s112191309052,0.0,0.06084758,train
s112191309054,0.0,0.059700415,train
s112191309055,0.05357143,0.08635746,train
s112191309056,0.0,0.08996253,train
s112191309058,0.30357143,0.05771038,train
s112191309059,0.0,0.05933637,train
s112191309060,0.4107143,0.117148906,train
s112191309061,0.035714287,0.08252804,train
s112191309062,0.17857143,0.109681904,train
s112191311075,0.17857143,0.070087545,train
s112191311076,0.08928572,0.13440867,train
s112191311077,0.0,0.08006895,train
s112191311078,0.75,0.08238638,train
s112191311079,0.0,0.08359125,train
s112191311080,0.0,0.102090925,train
s112191311081,0.75,0.095678955,train
s112191311082,0.0,0.08893642,train
s112191311083,0.05357143,0.10272096,train
s112191311084,0.75,0.09228734,train
s112191311085,0.0,0.051561706,train
s112191311086,0.48214287,0.12131942,train
s112191311087,0.17857143,0.11404869,train
s112191311088,0.21428572,0.14374219,train
s112191311089,0.2857143,0.1315149,train
s112191311090,0.25,0.098698094,train
s112191311091,0.0,0.10082279,train
s112191311092,0.375,0.09672786,train
s112191311093,0.0,0.10190355,train
s112191311094,0.0,0.07909529,train
s112191311095,0.21428572,0.1281503,train
s112191311097,0.017857144,0.080412425,train
s112191311098,0.0,0.086160585,train
s112191311099,0.0,0.1034199,train
s112191311100,0.25,0.08330312,train
s112191311101,0.0,0.08502132,train
s112191311102,0.0,0.0879478,train
s112191311103,0.48214287,0.1019713,train
s112191311104,0.17857143,0.1070669,train
s112191311105,0.08928572,0.10812585,train
s112191311107,0.32142857,0.11312157,train
s112191311108,0.0,0.10980674,train
s112191311109,0.0,0.102075204,train
s112191311110,0.16071428,0.17642163,train
s112191311111,0.2857143,0.27459496,train
s112191311115,0.75,0.058674082,train
s112191311116,0.0,0.06364091,train
s112191311117,0.035714287,0.0524693,train
s112191311118,0.071428575,0.054096133,train
s112191311119,0.071428575,0.058519945,train
s112191311121,0.08928572,0.058007784,train
s112191311122,0.76785713,0.26589456,train
s113191311003,0.071428575,0.10682796,train
s112191311024,0.0,0.11927643,train
s112191311025,0.25,0.12901476,train
s112191311026,0.0,0.12932627,train
s112191311027,0.0,0.12726577,train
s112191311028,0.0,0.13037428,train
s112191311029,0.0,0.108145215,train
s112191311030,0.0,0.12162407,train
s112191311032,0.14285715,0.11966658,train
s112191311034,0.17857143,0.15255162,train
s112191311035,0.14285715,0.13194613,train
s112191311037,0.0,0.13547018,train
s112191311038,0.19642857,0.11996908,train
s112191311040,0.16071428,0.16533187,train
s112191311041,0.375,0.1391909,train
s112191311042,0.0,0.12470766,train
s112191311043,0.10714286,0.13434896,train
s112191311044,0.05357143,0.12689707,train
s112191311045,0.125,0.13259652,train
s112191311046,0.071428575,0.12714763,train
s112191311047,0.30357143,0.14680219,train
s112191311048,0.0,0.13409775,train
s112191311049,0.0,0.123999864,train
s112191311050,0.0,0.119569935,train
s112191311051,0.05357143,0.12271389,train
s112191311052,0.035714287,0.13941792,train
s112191311053,0.19642857,0.11680191,train
s112191311054,0.035714287,0.13183543,train
s112191311055,0.5,0.11975468,train
s112191311056,0.21428572,0.1006216,train
s112191311058,0.035714287,0.13733105,train
s112191311059,0.0,0.07172766,train
s112191311060,0.071428575,0.07076501,train
s112191311061,0.125,0.0831019,train
s112191311062,0.19642857,0.10444605,train
s112191311063,0.0,0.072031476,train
s112191311064,0.125,0.081448644,train
s112191311065,0.0,0.077939495,train
s112191311066,0.14285715,0.09104381,train
s112191311067,0.05357143,0.072301626,train
s112191311068,0.0,0.075262874,train
s112191311069,0.071428575,0.085893095,train
s112191311070,0.08928572,0.08319809,train
s112191311071,0.0,0.0808575,train
s112191311072,0.017857144,0.087491006,train
s112191313075,0.035714287,0.07832664,val
s112191313076,0.0,0.07667321,val
s112191313077,0.21428572,0.1540642,val
s112191313078,0.30357143,0.08428952,val
s112191313079,0.375,0.28808028,val
s112191313080,0.017857144,0.122994244,val
s112191313081,0.19642857,0.09462957,val
s112191313083,0.32142857,0.26181588,val
s112191313084,0.25,0.22382423,val
s112191313085,0.0,0.16166651,val
s112191313087,0.14285715,0.13234858,val
s112191313088,0.14285715,0.23141456,val
s112191313089,0.17857143,0.11238323,val
s112191313090,0.44642857,0.112186566,val
s112191313091,0.35714287,0.13676716,val
s112191313092,0.76785713,0.19587749,val
s112191313093,0.25,0.27009147,val
s112191313094,0.2857143,0.15945123,val
s112191313095,1.0,0.29528934,val
s112191313096,0.035714287,0.1252447,val
s112191313097,0.2857143,0.13586819,val
s112191313098,0.32142857,0.11635727,val
s112191313099,0.16071428,0.1074223,val
s112191313100,0.21428572,0.13332413,val
s112191313101,0.16071428,0.18080132,val
s112191313102,0.071428575,0.11367474,val
s112191313103,0.2857143,0.1583251,val
s112191313104,0.2857143,0.13136655,val
s112191313105,0.10714286,0.07049726,val
s112191313106,0.0,0.12343262,val
s112191313107,0.32142857,0.07511386,val
s112191313108,0.125,0.20134352,val
s112191313109,0.2857143,0.08413607,val
s112191313110,0.14285715,0.2549433,val
s112191313111,0.035714287,0.17087963,val
s112191313112,0.0,0.0972144,val
s112191313113,0.21428572,0.15303329,val
s112191313114,0.05357143,0.15490541,val
s112191313115,0.32142857,0.18862829,val
s112191313116,0.017857144,0.13044964,val
s112191313117,0.08928572,0.1652597,val
s112191313118,0.23214285,0.25385478,val
s112191313119,0.035714287,0.048819453,val
s112191313120,0.071428575,0.18221532,val
s112191313121,0.5,0.21379915,val
s112191313122,0.0,0.16980721,val
s112191313123,0.125,0.20732166,val
s113191313006,0.19642857,0.23973835,val
s112191313024,0.08928572,0.1866422,train
s112191313025,0.017857144,0.13315052,train
s112191313026,0.26785713,0.21286152,train
s112191313027,0.10714286,0.15221432,train
s112191313028,0.017857144,0.1819701,train
s112191313029,0.25,0.22159699,train
s112191313030,0.0,0.20444849,train
s112191313031,0.19642857,0.14497596,train
s112191313032,0.035714287,0.115787804,train
s112191313034,0.5,0.14529246,train
s112191313035,0.017857144,0.21262367,train
s112191313036,0.53571427,0.18989757,train
s112191313039,0.39285713,0.20057687,train
s112191313040,0.17857143,0.18824479,train
s112191313041,0.23214285,0.13924608,train
s112191313042,0.48214287,0.20391774,train
s112191313043,0.25,0.1705701,train
s112191313044,0.19642857,0.17293747,train
s112191313045,0.19642857,0.2197197,train
s112191313046,0.30357143,0.15692928,train
s112191313047,0.26785713,0.22540312,train
s112191313049,0.05357143,0.12021851,train
s112191313050,0.44642857,0.14156555,train
s112191313051,0.08928572,0.15755826,train
s112191313053,0.0,0.20447537,train
s112191313054,0.08928572,0.19064654,train
s112191313055,0.23214285,0.20428571,train
s112191313056,0.08928572,0.19368276,train
s112191313057,0.21428572,0.12302167,train
s112191313058,0.017857144,0.19575645,train
s112191313059,0.21428572,0.1275859,train
s112191313062,0.3392857,0.13502635,train
s112191313063,0.6964286,0.19855776,train
s112191313064,0.035714287,0.15870562,train
s112191313066,0.10714286,0.13454922,train
s112191313067,0.10714286,0.13961078,train
s112191313068,0.51785713,0.1608494,train
s112191313069,0.0,0.18841192,train
s112191313070,0.10714286,0.14580742,train
s112191313071,0.21428572,0.20585078,train
s112191313072,0.35714287,0.2022724,train
s113191313003,0.23214285,0.38037187,train
s113191313005,0.10714286,0.16814426,train
s112193315023,0.0,0.05658713,train
s112193315024,0.51785713,0.12268976,train
s112193315026,0.23214285,0.12436314,train
s112193315029,0.0,0.10785665,train
s112193315030,0.035714287,0.11589999,train
s112193315031,0.0,0.1185236,train
s112193315032,0.0,0.12151753,train
s112193315033,0.2857143,0.12278167,train
s112193315035,0.10714286,0.054059736,train
s112193315036,0.05357143,0.13729393,train
s112193315037,0.0,0.14261349,train
s112193315038,0.08928572,0.18831947,train
s112193315040,0.0,0.16232052,train
s112193315041,0.51785713,0.16300543,train
s112193315042,0.21428572,0.1893318,train
s112193315043,0.16071428,0.17493358,train
s112193315044,0.21428572,0.15204385,train
s112193315045,0.05357143,0.14510037,train
s112193315046,0.035714287,0.1495753,train
s112193315047,0.08928572,0.17607722,train
s112193315050,0.21428572,0.1418847,train
s112193501024,0.071428575,0.10844484,train
s112193501025,0.0,0.12696958,train
s112193501026,0.0,0.12246427,train
s112193501027,0.05357143,0.15093595,train
s112193501029,0.0,0.14435884,train
s112193501030,0.017857144,0.1377004,train
s112193501031,0.17857143,0.115814075,train
s112193501032,0.2857143,0.13479367,train
s112193501033,0.39285713,0.13761656,train
s112193501034,0.0,0.16280232,train
s112193501035,0.017857144,0.11650205,train
s112193501036,0.25,0.11989439,train
s112193501037,0.16071428,0.16186313,train
s112193501038,0.14285715,0.14875807,train
s112193501039,0.14285715,0.20122719,train
s112193501040,0.017857144,0.18722543,train
s112193501042,0.017857144,0.16470364,train
s112193501043,0.19642857,0.18752494,train
s112193501045,0.14285715,0.15318552,train
s112193501046,0.071428575,0.16428691,train
s112193501047,0.05357143,0.15898547,train
s112193501048,0.0,0.11353455,train
s113193501005,0.17857143,0.19876042,train
s112193501052,0.08928572,0.09885418,train
s112193501053,0.071428575,0.12745006,train
s112193501054,0.51785713,0.14633793,train
s112193501055,0.125,0.14321168,train
s112193501056,0.05357143,0.10389477,train
s112193501057,0.0,0.10182206,train
s112193501058,0.0,0.13156675,train
s112193501059,0.035714287,0.10011654,train
s112193501060,0.017857144,0.10384315,train
s112193501061,0.017857144,0.108810365,train
s112193501062,0.0,0.103758775,train
s112193501063,0.0,0.109065294,train
s112193501064,0.035714287,0.116493195,train
s112193501065,0.035714287,0.10883099,train
s112193501066,0.071428575,0.128513,train
s112193501067,0.125,0.10288931,train
s112193501068,0.08928572,0.11854576,train
s112193501069,0.08928572,0.1131719,train
s112193501070,0.0,0.12498897,train
s112193501071,0.08928572,0.120516144,train
s112193501072,0.0,0.10790546,train
s112193501073,0.0,0.10559915,train
s112193501074,0.08928572,0.114698105,train
s112193501075,0.0,0.10220617,train
s112193501076,0.017857144,0.11950117,train
s112193501077,0.017857144,0.101475954,train
s112193501078,0.125,0.121391445,train
s112193501079,0.66071427,0.10519561,train
s112193501080,0.0,0.10731864,train
s112193508024,0.10714286,0.09609742,train
s112193508025,0.017857144,0.09918015,train
s112193508026,0.017857144,0.097034305,train
s112193508027,0.05357143,0.11117488,train
s112193508030,0.0,0.09968093,train
s112193508031,0.05357143,0.11757218,train
s112193508032,0.017857144,0.10794504,train
s112193508033,0.071428575,0.09809972,train
s112193508034,0.25,0.093717486,train
s112193508035,0.0,0.12293401,train
s112193508036,0.0,0.10667312,train
s112193508037,0.08928572,0.09795365,train
s112193508038,0.05357143,0.11458386,train
s112193508039,0.14285715,0.12144387,train
s112193508040,0.0,0.1098271,train
s112193508041,0.0,0.116522364,train
s112193508043,0.30357143,0.11969437,train
s112193508044,0.071428575,0.09710963,train
s112193508046,0.4642857,0.1273537,train
s112193508050,0.25,0.1504135,train
s112193508052,0.035714287,0.124140315,train
s112193508053,0.05357143,0.12083278,train
s112193508054,0.017857144,0.12113553,train
s112193508055,0.017857144,0.17520507,train
s112193508056,0.0,0.1578428,train
s112193508057,0.017857144,0.1465368,train
s112193508059,0.05357143,0.11593462,train
s112193508061,0.08928572,0.1288642,train
s112193508062,0.0,0.12393005,train
s112193508063,0.0,0.13147701,train
s112193508066,0.0,0.17907678,train
s112193508068,0.071428575,0.16164756,train
s112193508070,0.23214285,0.17618063,train
s112193508071,0.05357143,0.102083646,train
s112193508072,0.071428575,0.17361349,train
s112193508073,0.017857144,0.1953491,train
s112193508075,0.08928572,0.18487969,train
s112193508076,0.14285715,0.15245108,train
s112193512025,0.0,0.12624496,train
s112193512026,0.19642857,0.13263834,train
s112193512027,0.017857144,0.11932838,train
s112193512028,0.017857144,0.13437591,train
s112193512029,0.0,0.12043741,train
s112193512030,0.0,0.1335655,train
s112193512031,0.0,0.12620197,train
s112193512032,0.14285715,0.1874856,train
s112193512034,0.0,0.23335022,train
s112193512035,0.21428572,0.19868797,train
s112193512037,0.035714287,0.1612623,train
s112193512040,0.25,0.19192077,train
s112193512041,0.0,0.19603208,train
s112193512042,0.25,0.19154836,train
s112193512044,0.0,0.13502343,train
s112193512045,0.21428572,0.1941763,train
s112193512046,0.08928572,0.16165131,train
s112193512050,0.0,0.08731632,train
s112193512051,0.071428575,0.08529814,train
s112193512052,0.0,0.08265889,train
s112193512053,0.08928572,0.08836021,train
s112193512054,0.035714287,0.08860175,train
s112193512055,0.0,0.09316805,train
s112193512056,0.05357143,0.08321625,train
s112193512057,0.16071428,0.087530866,train
s112193512058,0.017857144,0.091210514,train
s112193512059,0.23214285,0.10586623,train
s112193512060,0.10714286,0.10625901,train
s112193512061,0.0,0.08857203,train
s112193512062,0.0,0.08907199,train
s112193512064,0.017857144,0.085717194,train
s112193512065,0.0,0.08653036,train
s112193512066,0.2857143,0.102819175,train
s112193512067,0.0,0.0757171,train
s112193512068,0.23214285,0.08358908,train
s112193512069,0.05357143,0.07866527,train
s112193526024,0.0,0.13282621,train
s112193526025,0.0,0.078903005,train
s112193526026,0.017857144,0.050215036,train
s112193526027,0.0,0.10466022,train
s112193526028,0.0,0.09043899,train
s112193526029,0.21428572,0.14497106,train
s112193526030,0.0,0.1744535,train
s112193526031,0.0,0.07701028,train
s112193526032,0.0,0.12410563,train
s112193526033,0.0,0.07806228,train
s112193526035,0.32142857,0.19863208,train
s112193526036,0.0,0.15944898,train
s112193526037,0.0,0.15373361,train
s112193526038,0.017857144,0.06747517,train
s112193526040,0.25,0.17176732,train
s112193526041,0.0,0.06214966,train
s112193526042,0.0,0.18470982,train
s112193526043,0.42857143,0.21017453,train
s112193526044,0.0,0.17173618,train
s112193526046,0.0,0.13006794,train
s112193526047,0.23214285,0.12581141,train
s112193526048,0.0,0.12323406,train
s112193526049,0.035714287,0.13731684,train
s112193526050,0.071428575,0.119715445,train
s112193526052,0.125,0.12130666,train
s112193526053,0.017857144,0.1495861,train
s112193526058,0.17857143,0.14318289,train
s112193526059,0.08928572,0.17158085,train
s112193526060,0.017857144,0.18387872,train
s112193526061,0.25,0.14146811,train
s112193526062,0.05357143,0.14216915,train
s112193526063,0.19642857,0.1430355,train
s112193526064,0.017857144,0.20790632,train
s112193526065,0.19642857,0.14526108,train
s112193526066,0.2857143,0.104140684,train
s112193526068,0.0,0.13339224,train
s112193526069,0.25,0.16019073,train
s112193526070,0.05357143,0.11909731,train
s112193526072,0.0,0.073889256,train
s112193526073,0.0,0.12683544,train
s112193526074,0.0,0.1368682,train
s112193526075,0.8214286,0.2663288,train
s112193526076,0.85714287,0.4003529,train
s112193526078,0.14285715,0.28570268,train
s112193526079,0.035714287,0.18333961,train
s112193526080,0.25,0.25072676,train
s112193526081,0.5,0.3775323,train
s112193526082,0.21428572,0.29113567,train
s112193526083,0.30357143,0.34160417,train
s112193526084,0.23214285,0.2901891,train
s112193526085,0.05357143,0.23276705,train
s112193526086,0.0,0.17205958,train
s112193526089,0.0,0.15743148,train
s112193526090,0.375,0.29488158,train
s112201304025,0.125,0.1403704,train
s112201304026,0.5,0.17333919,train
s112201304027,0.0,0.18319215,train
s112201304028,0.10714286,0.32386065,train
s112201304029,0.48214287,0.3407948,train
s112201304030,0.10714286,0.16758725,train
s112201304031,0.25,0.32177562,train
s112201304032,0.75,0.14685751,train
s112201304034,0.42857143,0.33455673,train
s112201304035,0.0,0.16031614,train
s112201304036,0.08928572,0.16637337,train
s112201304037,0.035714287,0.3349337,train
s112201304039,0.0,0.19587953,train
s112201304040,0.26785713,0.27620167,train
s112201304041,0.08928572,0.15713385,train
s112201304042,0.25,0.17905693,train
s112201304043,0.017857144,0.17038131,train
s112201304044,0.0,0.2506046,train
s112201304045,1.0,0.30193758,train
s112201304046,0.017857144,0.16940981,train
s112201304047,0.6785714,0.19034815,train
s112201304048,0.75,0.21734971,train
s112201304049,0.53571427,0.30333188,train
s112201304050,0.71428573,0.18000248,train
s112201304051,0.0,0.32469296,train
s112201304053,0.125,0.13895603,train
s112201304055,0.5,0.31471956,train
s112201304056,0.23214285,0.16782509,train
s112201304057,0.35714287,0.1888779,train
s112201304024,0.0,0.1482116,train
s112201304060,0.0,0.15431347,train
s112201304061,0.5,0.14974028,train
s112201304062,0.0,0.1391575,train
s112201304064,0.017857144,0.15770099,train
s112201304066,0.0,0.15080185,train
s112201304069,0.14285715,0.15502155,train
s112201304070,0.035714287,0.12769681,train
s112201304071,0.19642857,0.15902989,train
s112201304073,0.0,0.16486053,train
s112201304078,0.0,0.13170676,train
s112201304079,0.071428575,0.16094333,train
s112201304081,0.3392857,0.16995634,train
s112201304082,0.0,0.14182334,train
s112201304085,0.125,0.15899195,train
s112201310025,0.0,0.070792116,train
s112201310026,0.017857144,0.14484724,train
s112201310030,0.25,0.16415642,train
s112201310037,0.44642857,0.18263489,train
s112201310040,0.017857144,0.14192589,train
s112201310041,0.19642857,0.14564766,train
s112201310044,0.0,0.14739558,train
s112201310045,0.0,0.11067703,train
s112201310046,0.0,0.17793496,train
s112201310047,0.0,0.14776407,train
s112201310049,0.75,0.22143781,train
s112201310050,0.0,0.10964683,train
s112201310051,0.071428575,0.14316532,train
s112201310052,0.10714286,0.15303142,train
s112201310053,0.17857143,0.095118955,train
s112201310056,0.0,0.16182889,train
s112201310060,0.017857144,0.17435238,train
s112201310062,0.0,0.21449366,train
s112201310065,0.125,0.23518655,train
s112201310066,0.0,0.15305029,train
s112201310070,0.375,0.2601372,train
s112201310072,0.0,0.15368451,train
s112201310075,0.071428575,0.13623749,train
s112201310077,0.05357143,0.16347815,train
s112201310079,0.0,0.106941536,train
s112201310080,0.0,0.13195477,train
s112201310081,0.10714286,0.30429715,train
s112201310083,0.0,0.13520366,train
s112201310084,0.08928572,0.1695764,train
s112201310085,0.017857144,0.1252797,train
s112201310087,0.32142857,0.16953148,train
s112201310089,0.26785713,0.17326882,train
s112201310090,0.017857144,0.35135818,train
s112201310091,0.0,0.12553196,train
s112201310092,0.035714287,0.13177909,train
s112201310093,0.25,0.14179939,train
s112201310094,0.08928572,0.15977754,train
s112201310096,0.3392857,0.19486758,train
s112201310097,0.26785713,0.19427285,train
s112201310099,0.0,0.16174634,train
s112201310100,0.14285715,0.11915986,train
s112201310101,0.0,0.14802286,train
s112201310102,0.071428575,0.20458202,train
s112201310103,0.017857144,0.14185831,train
s112201310106,0.0,0.121243805,train
s112201310107,0.5714286,0.17773537,train
s112201310108,0.75,0.12330075,train
s112203505053,0.8035714,0.19434534,train
s112203505054,0.0,0.15784106,train
s112203505055,0.16071428,0.12754889,train
s112203505056,0.19642857,0.15784024,train
s112203505057,0.2857143,0.19138972,train
s112203505058,0.48214287,0.12654008,train
s112203505059,0.0,0.118503496,train
s112203505060,0.0,0.12289391,train
s112203505061,0.0,0.16502711,train
s112203505062,0.0,0.11848097,train
s112203505063,0.0,0.15951125,train
s112203505064,0.0,0.13807376,train
s112203505065,0.375,0.1655525,train
s112203505066,0.0,0.18817416,train
s112203505067,0.0,0.15474652,train
s112203505068,0.23214285,0.20897777,train
s112203505070,0.32142857,0.15005395,train
s112203505071,0.017857144,0.15869047,train
s112203505073,0.44642857,0.19468963,train
s113203505003,0.0,0.112908766,train
s112203505025,0.9285714,0.13384618,test
s112203505026,0.0,0.12839542,test
s112203505027,1.0,0.12968785,test
s112203505028,0.035714287,0.17699806,test
s112203505030,0.10714286,0.17590226,test
s112203505031,0.0,0.15268402,test
s112203505032,0.5,0.15215485,test
s112203505033,1.0,0.4619277,test
s112203505034,0.071428575,0.12429282,test
s112203505035,0.51785713,0.40912426,test
s112203505036,0.0,0.17835666,test
s112203505037,0.89285713,0.21356359,test
s112203505038,0.0,0.12303921,test
s112203505040,0.017857144,0.20063785,test
s112203505041,0.035714287,0.162866,test
s112203505043,0.16071428,0.20141621,test
s112203505044,0.035714287,0.171911,test
s112203505045,0.17857143,0.1808313,test
s112203505046,0.035714287,0.14079686,test
s112203505048,0.26785713,0.2327016,test
s112211318024,0.25,0.23860642,train
s112211318025,0.0,0.14669119,train
s112211318027,0.48214287,0.14444636,train
s112211318032,0.0,0.121431656,train
s112211318033,0.75,0.11088396,train
s112211318035,0.0,0.117096774,train
s112211318036,0.0,0.1121921,train
s112211318037,0.0,0.11978714,train
s112211318038,0.0,0.1205377,train
s112211318039,0.0,0.105850115,train
s112211318040,0.0,0.106494114,train
s112211318041,0.0,0.11742775,train
s112211318042,0.0,0.16695544,train
s112211318044,0.0,0.11911627,train
s112211318046,0.5,0.11265881,train
s112211318048,0.0,0.2404938,train
s112211318049,0.017857144,0.25403637,train
s112211318051,0.017857144,0.13990042,train
s112211318052,0.2857143,0.13271101,train
s112211318053,0.05357143,0.13563123,train
s112211318054,0.4642857,0.24253708,train
s112211318056,0.0,0.229965,train
s112211318057,0.071428575,0.16426516,train
s112211318059,0.23214285,0.1996465,train
s112211318060,0.08928572,0.18620351,train
s112211318061,0.0,0.13540825,train
s112211318063,0.0,0.1690113,train
s112211318064,0.0,0.1561564,train
s112211318065,0.071428575,0.22710249,train
s112211318067,0.10714286,0.13332352,train
s113211318003,0.10714286,0.15943216,train
s113211318004,0.0,0.1637469,train
s112211318070,0.0,0.12662032,val
s112211318071,0.25,0.15740047,val
s112211318072,0.5714286,0.13184577,val
s112211318073,0.4642857,0.15485778,val
s112211318074,0.25,0.14777997,val
s112211318075,0.017857144,0.12323627,val
s112211318076,0.0,0.11692558,val
s112211318077,0.16071428,0.12490128,val
s112211318078,0.3392857,0.14980116,val
s112211318080,0.05357143,0.088866554,val
s112211318081,0.0,0.12059305,val
s112211318083,0.4642857,0.14320548,val
s112211318084,0.0,0.1177199,val
s112211318085,0.035714287,0.13411047,val
s112211318086,0.0,0.10870836,val
s112211318088,0.53571427,0.13324167,val
s112211318089,0.0,0.13371721,val
s112211318090,0.0,0.115432255,val
s112211318091,0.071428575,0.11991504,val
s112211318092,0.0,0.12484549,val
s112211318093,0.0,0.12809412,val
s112211318094,0.071428575,0.08526678,val
s112211318096,0.0,0.15298651,val
s112211318098,0.0,0.15145873,val
s112211318099,0.071428575,0.15795267,val
s112211318100,0.071428575,0.16824175,val
s112211318102,0.035714287,0.08121745,val
s112211318103,0.0,0.09094241,val
s112211318105,0.0,0.16025192,val
s112211318106,0.0,0.15519014,val
s112211318107,0.10714286,0.10100463,val
s112211318108,0.08928572,0.1560235,val
s112211318111,0.071428575,0.14431149,val
s112211318113,0.08928572,0.15162191,val
s113211318005,0.071428575,0.088287555,val
s112213501024,0.42857143,0.109235965,train
s112213501026,0.05357143,0.13702272,train
s112213501027,0.05357143,0.14112368,train
s112213501028,0.0,0.09873758,train
s112213501029,0.0,0.10799755,train
s112213501030,0.0,0.13464698,train
s112213501031,0.0,0.107133925,train
s112213501032,0.0,0.10905246,train
s112213501034,0.5,0.12822314,train
s112213501035,0.0,0.13068801,train
s112213501037,0.0,0.1262354,train
s112213501038,0.017857144,0.15593934,train
s112213501039,0.071428575,0.1291536,train
s112213501040,0.125,0.17181265,train
s112213501041,0.0,0.16300143,train
s112213501042,0.0,0.13484517,train
s112213501043,0.035714287,0.13694222,train
s112213501044,0.035714287,0.15488544,train
s112213501045,0.0,0.15564167,train
s112213501046,0.05357143,0.15092815,train
s112213501047,0.0,0.16129787,train
s112213501048,0.125,0.14516011,train
s112213501049,0.125,0.16529489,train
s112213501050,0.08928572,0.14447662,train
s112213501051,0.0,0.1913468,train
s112213501052,0.21428572,0.1494489,train
s112213501055,0.0,0.11688485,test
s112213501056,0.0,0.1434532,test
s112213501057,0.23214285,0.14080077,test
s112213501058,0.25,0.13104232,test
s112213501059,0.125,0.1430441,test
s112213501060,0.14285715,0.14865926,test
s112213501061,0.0,0.13546368,test
s112213501063,0.0,0.122936934,test
s112213501065,0.0,0.13669479,test
s112213501066,0.32142857,0.15519358,test
s112213501067,0.32142857,0.15337458,test
s112213501068,0.0,0.09473974,test
s112213501069,0.0,0.10016151,test
s112213501070,0.0,0.13948138,test
s112213501071,0.0,0.11298625,test
s112213501072,0.2857143,0.03804733,test
s112213501073,0.035714287,0.14489779,test
s112213501074,0.017857144,0.16605508,test
s112213501075,0.0,0.09397451,test
s112213501076,0.0,0.1083909,test
s112213501077,0.21428572,0.104865216,test
s112213501078,0.10714286,0.13474323,test
s112213501079,0.0,0.079220906,test
s112213501080,0.21428572,0.12586318,test
s112213501081,0.0,0.110769205,test
s112213501082,0.0,0.12852146,test
s112213501083,0.35714287,0.14696392,test
s112213501084,0.5535714,0.17220291,test
s112213506024,0.0,0.101653166,test
s112213506025,0.0,0.09059087,test
s112213506026,0.16071428,0.1281095,test
s112213506027,0.25,0.10069481,test
s112213506028,0.0,0.09776205,test
s112213506029,0.05357143,0.12899758,test
s112213506030,0.071428575,0.14039655,test
s112213506031,0.035714287,0.12902728,test
s112213506033,0.017857144,0.11635428,test
s112213506034,0.017857144,0.10248822,test
s112213506035,0.30357143,0.14054073,test
s112213506036,0.10714286,0.11950928,test
s112213506037,0.21428572,0.12112691,test
s112213506038,0.035714287,0.10633684,test
s112213506041,0.0,0.104264185,test
s112213506042,0.0,0.10699815,test
s112213506044,0.071428575,0.1086708,test
s112213506045,0.0,0.10321977,test
s112213506046,0.071428575,0.16457835,test
s112213506047,0.017857144,0.16463241,test
s112213506048,0.0,0.16170445,test
s112213506049,0.60714287,0.1713079,test
s112213506050,0.0,0.10350238,test
s112213506051,0.16071428,0.08542724,test
s112213506052,0.035714287,0.09292978,test
s112213506055,0.05357143,0.06462381,val
s112213506056,0.0,0.06458851,val
s112213506057,0.035714287,0.06347064,val
s112213506058,0.0,0.07820958,val
s112213506059,0.035714287,0.07510215,val
s112213506060,0.017857144,0.06365837,val
s112213506061,0.0,0.07018995,val
s112213506062,0.0,0.06695806,val
s112213506063,0.0,0.06348325,val
s112213506064,0.0,0.07144542,val
s112213506066,0.0,0.055155806,val
s112213506067,0.05357143,0.07451102,val
s112213506068,0.035714287,0.07678479,val
s112213506070,0.21428572,0.07405195,val
s112213506071,0.0,0.09298302,val
s112213506072,0.017857144,0.09595525,val
s112213506073,0.0,0.08469393,val
s112213506074,0.0,0.07821916,val
s112213506075,0.14285715,0.081682056,val
s112213506076,0.0,0.0745639,val
s112213506078,0.017857144,0.090802126,val
s112213506079,0.0,0.09711782,val
s112213506081,0.0,0.09097236,val
s112213506082,0.05357143,0.09241318,val
s112213506083,0.08928572,0.09652932,val
s112213506084,0.0,0.09437689,val
s112213509054,0.035714287,0.12335041,train
s112213509055,0.0,0.11471669,train
s112213509056,0.23214285,0.10985217,train
s112213509057,0.30357143,0.12786223,train
s112213509058,0.0,0.10782011,train
s112213509059,0.26785713,0.11958985,train
s112213509060,0.44642857,0.105803035,train
s112213509062,0.017857144,0.11249733,train
s112213509063,0.39285713,0.12460602,train
s112213509065,0.0,0.09993151,train
s112213509067,0.017857144,0.08518094,train
s112213509068,0.0,0.10301465,train
s112213509069,0.0,0.089558795,train
s112213509070,0.125,0.10337767,train
s112213509071,0.0,0.09546229,train
s112213509073,0.0,0.11005123,train
s112213509074,0.0,0.084263384,train
s112213509075,0.0,0.124317035,train
s112213509076,0.0,0.101741254,train
s112213509077,0.017857144,0.09576532,train
s112213509079,0.017857144,0.120388605,train
s112213509080,0.0,0.10233885,train
s112213509081,0.0,0.13222128,train
s112213509027,0.26785713,0.09136116,train
s112213509029,0.071428575,0.11021149,train
s112213509030,0.0,0.119672894,train
s112213509033,0.071428575,0.12663502,train
s112213509034,0.10714286,0.12091782,train
s112213509036,0.0,0.09834431,train
s112213509039,0.75,0.122327186,train
s112213509042,0.0,0.10114984,train
s112213509044,0.39285713,0.115143836,train
s112213509048,0.0,0.085724235,train
s112213509049,0.125,0.114687875,train
s112213509051,0.035714287,0.08928315,train
s112213510024,0.0,0.04492517,test
s112213510025,0.035714287,0.05474533,test
s112213510026,0.0,0.040422097,test
s112213510027,0.035714287,0.049727596,test
s112213510028,0.0,0.04173912,test
s112213510029,0.0,0.036867537,test
s112213510030,0.0,0.039098613,test
s112213510033,0.0,0.039839424,test
s112213510034,0.05357143,0.04300805,test
s112213510035,0.017857144,0.08988953,test
s112213510037,0.0,0.008079641,test
s112213510038,0.0,0.06338284,test
s112213510039,0.0,0.08592984,test
s112213510040,0.0,0.08984384,test
s112213510041,0.0,0.09762831,test
s112213510042,0.035714287,0.10729678,test
s112213510043,0.035714287,0.107348464,test
s112213510046,0.017857144,0.115182415,test
s112213510047,0.017857144,0.09068037,test
s112213510048,0.017857144,0.061392076,test
s113213510006,0.0,0.097895235,test
s112213510051,0.05357143,0.14243473,train
s112213510052,0.0,0.18632199,train
s112213510053,0.4107143,0.22373126,train
s112213510054,0.0,0.16026026,train
s112213510058,0.017857144,0.21708757,train
s112213510059,0.0,0.15415092,train
s112213510060,0.0,0.14469494,train
s112213510061,0.51785713,0.21988587,train
s112213510062,0.2857143,0.15405583,train
s112213510063,0.14285715,0.15729412,train
s112213510066,0.21428572,0.2170096,train
s112213510067,0.017857144,0.16747522,train
s112213510068,0.071428575,0.14733887,train
s112213510069,0.035714287,0.16412297,train
s112213510070,0.125,0.14851384,train
s112213510072,0.625,0.21318471,train
s112213510075,0.017857144,0.19446659,train
s112213510076,0.39285713,0.20610538,train
s113213510004,0.05357143,0.17813335,train
s112213514025,0.0,0.09007867,train
s112213514027,0.0,0.08608994,train
s112213514028,0.0,0.081788026,train
s112213514029,0.0,0.08488029,train
s112213514031,0.017857144,0.089123115,train
s112213514032,0.035714287,0.093472056,train
s112213514033,0.0,0.075892955,train
s112213514034,0.0,0.06948979,train
s112213514035,0.0,0.07599339,train
s112213514036,1.0,0.06644365,train
s112213514037,0.0,0.06305861,train
s112213514038,0.35714287,0.08069913,train
s112213514040,0.0,0.14864078,train
s112213514041,0.2857143,0.1801072,train
s112213514042,0.017857144,0.15004687,train
s112213514043,0.071428575,0.15663017,train
s112213514044,0.05357143,0.13878457,train
s112213514046,0.0,0.13958092,train
s112213514047,0.071428575,0.14026523,train
s112213514048,0.16071428,0.14218853,train
s112213514049,0.0,0.15648413,train
s112213514050,0.0,0.14458442,train
s112213514052,0.071428575,0.12789471,train
s113213514003,0.0,0.07419507,train
s112213514055,0.0,0.09668014,train
s112213514056,0.19642857,0.11378578,train
s112213514057,0.08928572,0.105379954,train
s112213514058,0.0,0.08918335,train
s112213514059,0.0,-0.023755297,train
s112213514060,0.08928572,0.113276094,train
s112213514061,0.0,0.11706099,train
s112213514062,0.0,0.16219838,train
s112213514063,0.0,0.12271942,train
s112213514064,0.125,0.11962001,train
s112213514065,0.017857144,0.10764274,train
s112213514066,0.0,0.12999053,train
s112213514067,0.05357143,0.10706557,train
s112213514068,0.0,0.117623806,train
s112213514069,0.26785713,0.16131945,train
s112213514070,0.0,0.027266726,train
s112213514071,0.64285713,0.21541262,train
s112213514072,0.0,0.17378089,train
s112213514073,0.0,0.16769797,train
s112213514074,0.30357143,0.17102869,train
s112213514075,0.0,0.16261551,train
s112213514076,0.53571427,0.1963737,train
s112213514077,0.17857143,0.1572498,train
s112213514078,0.017857144,0.18288982,train
s112213514079,0.0,0.14935681,train
s112213514080,0.0,0.19345194,train
s112213514081,0.071428575,0.18407342,train
s112213514082,0.0,0.17400867,train
s112213514083,0.0,0.19107306,train
s112213514084,0.125,0.16269504,train
s112313505055,0.35714287,0.21875638,test
s112313505056,0.16071428,0.16388312,test
s112313505057,0.53571427,0.21990202,test
s112313505058,0.25,0.22041392,test
s112313505059,0.48214287,0.19417247,test
s112313505060,0.4642857,0.17253178,test
s112313505061,0.25,0.19067988,test
s112313505062,0.51785713,0.19841994,test
s112313505063,0.0,0.20046455,test
s112313505064,0.071428575,0.2127606,test
s112313505065,0.0,0.15884577,test
s112313505066,0.071428575,0.16575792,test
s112313505067,0.26785713,0.19507009,test
s112313505068,0.42857143,0.18220425,test
s112313505069,1.0,0.15272512,test
s112313505070,0.25,0.15216768,test
s112313505071,0.5,0.13217214,test
s112313505072,0.0,0.14489087,test
s112313505073,0.0,-2.6866794e-05,test
s112313505074,0.0,0.1479153,test
s112313505076,0.42857143,0.14239791,test
s112313505077,0.10714286,0.13721694,test
s112313505078,0.0,0.4606282,test
s112313505079,0.85714287,0.1700269,test
s112313505080,0.0,0.14879873,test
s112313505081,0.25,0.14473623,test
s112313505082,0.0,0.13462125,test
s112313505024,0.44642857,0.31714118,train
s112313505025,0.08928572,0.19691405,train
s112313505026,0.071428575,0.19082096,train
s112313505027,0.05357143,0.1887601,train
s112313505028,0.08928572,0.065454334,train
s112313505029,0.30357143,0.19691753,train
s112313505030,0.071428575,0.064248644,train
s112313505031,0.0,0.17319234,train
s112313505032,0.0,0.0640819,train
s112313505035,0.05357143,0.21154326,train
s112313505036,0.0,0.19405936,train
s112313505037,0.0,0.08487767,train
s112313505038,0.125,0.05987928,train
s112313505039,1.0,0.20622583,train
s112313505040,0.08928572,0.18978031,train
s112313505044,0.0,0.19872673,train
s112313505045,0.2857143,0.19936584,train
s112313505046,0.10714286,0.18997175,train
s112313505047,0.0,0.2048946,train
s112313505048,0.035714287,0.19208911,train
s112313505049,0.19642857,0.1962921,train
s112313505050,0.2857143,0.20749672,train
s112313505052,0.071428575,0.08634347,train
s112323502023,0.17857143,0.16859539,train
s112323502024,0.05357143,0.17229061,train
s112323502025,0.19642857,0.19104882,train
s112323502027,0.76785713,0.20332533,train
s112323502029,0.25,0.17008902,train
s112323502030,0.0,0.15552254,train
s112323502032,0.19642857,0.19221756,train
s112323502033,0.071428575,0.15160596,train
s112323502034,0.32142857,0.20173587,train
s112323502035,0.0,0.1677904,train
s112323502037,0.0,0.17376484,train
s112323502039,0.19642857,0.09916341,train
s112323502041,0.071428575,0.09421479,train
s112323502042,0.05357143,0.098281264,train
s112323502043,0.0,0.112533376,train
s112323502044,0.035714287,0.17361079,train
s112323502045,0.0,0.17633031,train
s112323502046,0.035714287,0.17038605,train
s112323502047,0.17857143,0.09882985,train
s112323502049,0.0,0.19203308,train
s112333501025,0.071428575,0.14408244,train
s112333501026,0.35714287,0.15069781,train
s112333501027,0.0,0.14650589,train
s112333501028,0.0,0.15199661,train
s112333501029,0.0,0.14675367,train
s112333501030,0.0,0.13849014,train
s112333501031,0.0,0.13868049,train
s112333501033,0.39285713,0.14426616,train
s112333501034,0.035714287,0.1345271,train
s112333501035,0.0,0.14737123,train
s112333501036,0.05357143,0.16127959,train
s112333501038,0.5,0.2943284,train
s112333501040,0.75,0.48562497,train
s112333501041,0.25,0.27979523,train
s112333501044,0.5,0.35102975,train
s112333501047,0.0,0.2766148,train
s112333501050,0.5,0.13189769,train
s112333501051,0.0,0.39530295,train
s112333501052,0.75,0.26352295,train
s113333501003,0.0,0.14943787,train
s112333501055,0.10714286,0.25492927,train
s112333501056,0.0,0.23234268,train
s112333501057,0.5,0.31904483,train
s112333501059,0.75,0.335046,train
s112333501060,1.0,0.3566249,train
s112333501062,0.48214287,0.37989557,train
s112333501064,0.08928572,0.09093091,train
s112333501065,0.0,0.0834482,train
s112333501067,0.58928573,0.22690023,train
s112333501070,0.375,0.28753698,train
s112333501073,0.25,0.26050615,train
s112333501077,0.0,0.10754721,train
s112333501080,0.017857144,0.28753698,train
s112333501083,0.48214287,0.5129274,train
s112333505024,0.0,0.1321553,train
s112333505027,0.0,0.09370096,train
s112333505029,0.035714287,0.10116569,train
s112333505031,0.08928572,0.121861346,train
s112333505032,0.08928572,0.073097825,train
s112333505036,0.017857144,0.098816305,train
s112333505044,0.125,0.12285997,train
s112333505045,0.035714287,0.13008443,train
s112333505048,0.125,0.11699702,train
s112333505049,0.23214285,0.12961394,train
s112333505050,0.0,0.12299484,train
s112333505051,0.05357143,0.13406017,train
s112333505054,0.08928572,0.12353306,train
s112333505058,0.017857144,0.09838575,train
s112333505059,0.0,0.13135664,train
s112333505061,0.017857144,0.13034077,train
s112333505062,0.0,0.11175316,train
s112333505063,0.10714286,0.11440305,train
s112333505064,0.035714287,0.122707464,train
s112333505065,0.05357143,0.115938604,train
s112333505067,0.0,0.117862284,train
s112333505068,0.08928572,0.12634695,train
s112333505069,0.0,0.12612778,train
s112333505070,0.16071428,0.11733979,train
s112333505072,0.23214285,0.13520628,train
s112333505074,0.3392857,0.13994785,train
s112333505075,0.0,0.11883828,train
s112333505076,0.0,0.1297084,train
s112333505077,0.0,0.122910775,train
s112333505079,0.21428572,0.1130368,train
s112333505080,0.0,0.12736128,train
s112333505082,0.0,0.10193448,train
s112343302024,0.14285715,0.18214522,train
s112343302025,0.08928572,0.15899508,train
s112343302026,0.0,0.17870069,train
s112343302027,0.035714287,0.21440032,train
s112343302028,0.14285715,0.1945532,train
s112343302030,0.0,0.14981775,train
s112343302031,0.0,0.16092421,train
s112343302032,0.08928572,0.17489135,train
s112343302033,0.0,0.1905931,train
s112343302034,0.21428572,0.20210952,train
s112343302035,0.16071428,0.1797739,train
s112343302036,0.16071428,0.20018429,train
s112343302037,0.0,0.16108538,train
s112343302038,0.0,0.16685325,train
s112343302039,0.21428572,0.17111908,train
s112343302040,0.0,-0.015785828,train
s112343302041,0.035714287,0.16828486,train
s112343302042,0.39285713,0.19126125,train
s112343302044,0.017857144,0.1810102,train
s112343302045,0.017857144,0.10800772,train
s112343302046,0.0,0.1630593,train
s112343302047,0.14285715,0.1981399,train
s112343302048,0.10714286,0.13285953,train
s112343302050,0.0,0.1642755,train
s112343302053,0.05357143,0.1725687,train
s112343302054,0.25,0.20609736,train
s112343302055,0.017857144,0.17631535,train
s112343302056,0.05357143,0.19196972,train
s112343302057,0.4642857,0.21519771,train
s112343302059,0.39285713,0.20371215,train
s112343302060,0.08928572,0.21773818,train
s112343302061,0.035714287,0.17294565,train
s112343302062,0.0,0.19308555,train
s112343302063,0.08928572,0.203693,train
s112343302064,0.0,0.21537489,train
s112343302065,0.25,0.18711667,train
s112343302066,0.035714287,0.17015149,train
s112343302067,0.08928572,0.17657135,train
s112343302068,0.017857144,0.1693308,train
s112343302070,0.4107143,0.17676851,train
s112343302072,0.017857144,0.16565439,train
s112343302073,0.035714287,0.17324978,train
s112343302074,0.0,0.1545284,train
s112343302075,0.035714287,0.15875265,train
s112343302076,0.19642857,0.17143813,train
s112343302077,0.375,0.17204483,train
s112343302078,0.0,0.17410412,train
s112343507024,0.0,0.18480997,test
s112343507026,0.08928572,0.09386973,test
s112343507029,0.05357143,0.10417909,test
s112343507035,0.05357143,0.079497695,test
s112343507037,0.35714287,0.09110665,test
s112343507038,0.16071428,0.100072436,test
s112343507039,0.17857143,0.48746222,test
s112343507040,0.017857144,0.111904845,test
s112343507041,0.0,0.09110665,test
s112343507042,0.0,0.08113641,test
s112343507045,0.035714287,0.18781483,test
s112343507047,0.73214287,0.20702624,test
s112343507048,0.21428572,0.19467658,test
s112343507049,0.10714286,0.2098218,test
s112343507053,0.125,0.18878885,test
s112343507054,0.23214285,0.2194632,test
s112343507055,0.0,0.19062708,test
s112343507057,0.66071427,0.25003073,test
s112343507060,0.375,0.18156345,test
s112343507061,0.39285713,0.20233558,test
s112343507062,0.14285715,0.22646472,test
s112343507063,0.23214285,0.23734222,test
s113343507003,0.125,0.21320489,test
s113343507004,0.19642857,0.19329515,test
s112353504024,0.0,0.16961859,train
s112353504025,0.42857143,0.22374232,train
s112353504026,0.30357143,0.23028138,train
s112353504027,0.017857144,0.1812977,train
s112353504028,0.23214285,0.21104619,train
s112353504030,0.10714286,0.17434776,train
s112353504031,0.125,0.17024635,train
s112353504033,0.375,0.1955918,train
s112353504034,0.19642857,0.19245291,train
s112353504036,0.0,0.19353917,train
s112353504037,0.0,0.1381558,train
s112353504038,0.0,0.14749582,train
s112353504039,0.30357143,0.13621658,train
s112353504040,0.16071428,0.14750853,train
s112353504041,0.0,0.13249914,train
s112353504042,0.0,0.1385141,train
s112353504043,0.26785713,0.14967485,train
s112353504045,0.035714287,0.14916107,train
s112353504046,0.035714287,0.18544723,train
s112353504047,0.42857143,0.16113506,train
s112353504048,0.14285715,0.13281545,train
s112353504049,0.0,0.15206958,train
s112353504050,0.0,0.076345965,train
s112353504051,0.39285713,0.16172819,train
s112353504052,0.0,0.14127345,train
s112353504056,0.39285713,0.2841103,val
s112353504057,0.17857143,0.26744002,val
s112353504058,0.05357143,0.24210562,val
s112353504059,0.05357143,0.20784205,val
s112353504060,0.05357143,0.27314544,val
s112353504061,0.017857144,0.19706963,val
s112353504062,0.05357143,0.2575972,val
s112353504063,0.23214285,0.2875459,val
s112353504064,0.9285714,0.250957,val
s112353504065,0.125,0.253323,val
s112353504066,0.05357143,0.3030771,val
s112353504067,0.53571427,0.27526674,val
s112353504068,0.0,0.17466776,val
s112353504069,0.017857144,0.1636139,val
s112353504070,0.14285715,0.16453858,val
s112353504071,0.0,0.23052429,val
s112353504072,0.0,0.15640147,val
s112353504074,0.0,0.15523839,val
s112353504075,0.035714287,0.14663696,val
s112353504076,0.17857143,0.17892233,val
s112353504077,0.0,0.13133982,val
s112353504078,0.0,0.21019727,val
s112353504080,0.0,0.14509974,val
s112353505024,0.71428573,0.13991062,test
s112353505025,0.125,0.13167354,test
s112353505026,0.05357143,0.14840773,test
s112353505027,0.0,0.13947184,test
s112353505028,0.10714286,0.13190505,test
s112353505029,0.035714287,0.12385881,test
s112353505031,0.071428575,0.151315,test
s112353505032,0.26785713,0.1375681,test
s112353505033,0.0,0.13141328,test
s112353505034,0.25,0.15184845,test
s112353505035,0.25,0.18467572,test
s112353505036,0.17857143,0.1540135,test
s112353505037,0.125,0.13904059,test
s112353505038,0.0,0.13416895,test
s112353505040,0.0,0.13311096,test
s112353505041,0.05357143,0.12513034,test
s112353505042,0.26785713,0.13440904,test
s112353505043,0.3392857,0.15533186,test
s112353505044,0.19642857,0.14091112,test
s112353505045,0.75,0.13370956,test
s112353505047,0.5,0.13310023,test
s112353505048,0.0,0.14805284,test
s112353505049,0.0,0.13358244,test
s112353505050,0.17857143,0.12164203,test
s112353505052,0.035714287,0.12771045,test
s112353505056,0.4107143,0.14089976,test
s112353505059,0.0,0.1860422,train
s112353505060,0.035714287,0.16250451,train
s112353505061,0.0,0.13415113,train
s112353505062,0.3392857,0.15018994,train
s112353505064,0.75,0.19577836,train
s112353505065,0.2857143,0.19129804,train
s112353505066,0.42857143,0.18653607,train
s112353505067,0.21428572,0.16505444,train
s112353505068,0.5,0.19366688,train
s112353505069,0.08928572,0.14796554,train
s112353505070,0.21428572,0.1852424,train
s112353505077,0.017857144,0.09739919,train
s112353505078,0.3392857,0.10132009,train
s112353505081,0.26785713,0.1023214,train
s112353505082,0.017857144,0.102871746,train
s112353505083,1.0,0.20617902,train
s112353505084,0.0,0.11026273,train
s112353505085,0.08928572,0.11725338,train
s112353505086,0.78571427,0.10265405,train
s112353505087,0.10714286,0.0992064,train
s112363501024,0.08928572,0.14382395,train
s112363501025,0.0,0.10371533,train
s112363501027,0.0,0.103970945,train
s112363501028,0.05357143,0.15334778,train
s112363501029,0.017857144,0.057461567,train
s112363501032,0.26785713,0.19657809,train
s112363501033,0.19642857,0.17779006,train
s112363501034,0.10714286,0.14319964,train
s112363501035,0.6964286,0.16380325,train
s112363501036,0.0,0.1418587,train
s112363501038,1.0,0.12056017,train
s112363501039,0.071428575,0.18163145,train
s112363501040,0.625,0.19991721,train
s112363501041,1.0,0.15869021,train
s112363501042,0.0,0.1934501,train
s112363501043,0.5,0.19616394,train
s112363501044,0.21428572,0.19390056,train
s112363501046,0.0,0.1715101,train
s112363501047,0.5,0.19605261,train
s112363501048,0.0,0.17003204,train
s113363501003,0.25,0.11095442,train
s112363501052,0.14285715,0.16441661,train
s112363501053,0.26785713,0.18903929,train
s112363501054,0.071428575,0.20825756,train
s112363501055,0.17857143,0.17492212,train
s112363501056,0.25,0.2361973,train
s112363501057,0.071428575,0.1632679,train
s112363501059,0.26785713,0.19803424,train
s112363501061,0.035714287,0.025061727,train
s112363501062,0.25,0.1808917,train
s112363501063,0.017857144,0.2070567,train
s112363501064,0.0,0.17859676,train
s112363501065,0.26785713,0.2391833,train
s112363501066,0.10714286,0.23449299,train
s112363501067,0.0,0.16990481,train
s112363501068,0.16071428,0.20271873,train
s112363501069,0.0,0.19471988,train
s112363501070,0.26785713,0.18518479,train
s112363501071,0.0,0.2140133,train
s112363501072,0.0,0.18695143,train
s113363501004,0.5535714,0.23754257,train
s113363501005,0.125,0.15559836,train
s113363501006,0.17857143,0.27118105,train
s113363501007,0.035714287,0.13425542,train
s112381301066,0.125,0.118707925,train
s112381301070,0.071428575,0.13985173,train
s112381301083,0.14285715,0.08384909,train
s112381301085,0.0,0.31535816,train
s112381301086,0.48214287,0.15177381,train
s112381301087,0.0,0.1710258,train
s112381301097,0.60714287,0.11052538,train
s112381301105,0.017857144,0.12161826,train
s112381301106,0.05357143,0.10193778,train
s112381301028,0.10714286,0.1622132,train
s112381301030,0.0,0.13084914,train
s112381301050,0.5535714,0.14230573,train
s112381301053,0.19642857,0.07137117,train
s112381301056,0.05357143,0.11652983,train
s112381301058,0.0,0.11510257,train
s112381301060,0.10714286,0.13697906,train
s112383501032,0.16071428,0.40760255,train
s112383501040,0.05357143,0.1984163,train
s112383501042,0.035714287,0.31830508,train
s112383501044,0.53571427,0.24902406,train
s112383501046,0.42857143,0.25389296,train
s112383501049,0.10714286,0.40760255,train
s112383501052,0.0,0.16550264,train
s112383501058,0.0,0.23800215,train
s112383501060,0.0,0.14938971,train
s112383501071,0.017857144,0.10254946,train
s112383501074,0.58928573,0.09587802,train
s112383501077,0.25,0.10554059,train
s112403501025,0.26785713,0.1552234,val
s112403501026,0.017857144,0.17317875,val
s112403501027,0.2857143,0.1356292,val
s112403501031,0.05357143,0.1551383,val
s112403501033,1.0,0.13125604,val
s112403501034,0.0,0.15381551,val
s112403501036,0.25,0.13632488,val
s112403501038,0.0,0.14247258,val
s112403501039,0.6785714,0.11676882,val
s112403501040,0.0,0.11740591,val
s112403501041,0.0,0.13461332,val
s112403501042,0.25,0.11862672,val
s113403501004,0.25,0.2021066,val
s112403501049,0.0,0.0517881,train
s112403501050,0.071428575,0.054805286,train
s112403501057,0.0,0.06643308,train
s112403501059,0.60714287,0.08013895,train
s112403501060,0.035714287,0.07733405,train
s112403501061,0.16071428,0.081392646,train
s112403501062,0.5714286,0.31401497,train
s112403501063,0.5,0.07930703,train
s112403501067,0.017857144,0.08175708,train
s112403501068,0.0,0.29118562,train
s112403502024,0.125,0.14488779,test
s112403502025,0.14285715,0.172959,test
s112403502026,0.39285713,0.12950668,test
s112403502027,0.0,0.14590248,test
s112403502029,0.625,0.14898589,test
s112403502030,0.53571427,0.23681794,test
s112403502032,0.0,0.16061355,test
s112403502033,0.125,0.14955933,test
s112403502034,0.66071427,0.14488779,test
s112403502036,0.17857143,0.16981946,test
s112403502037,0.071428575,0.17229661,test
s112403502040,0.071428575,0.1783854,test
s112403502042,0.071428575,0.12497538,test
s112403502043,0.17857143,0.1378319,test
s112403502044,0.125,0.13902994,test
s112403502046,0.2857143,0.15223196,test
s112403502047,0.0,0.13477534,test
s112403502048,0.0,0.19928466,test
s112403502049,0.05357143,0.16775894,test
s112403502050,0.53571427,0.22950557,test
s112403502051,0.017857144,0.15093054,test
s112403502055,0.35714287,0.15922944,train
s112403502056,0.071428575,0.19855116,train
s112403502058,0.08928572,0.1497255,train
s112403502060,0.0,0.15996492,train
s112403502061,0.0,0.15962441,train
s112403502063,0.375,0.12548238,train
s112403502065,0.071428575,0.17557576,train
s112403502066,0.0,0.12282766,train
s112403502068,0.0,0.15394568,train
s112403502069,0.0,0.19121489,train
s112403502070,0.08928572,0.21547948,train
s112403502071,0.0,0.22132671,train
s112403502072,0.75,0.3876611,train
s112403502073,0.0,0.1880497,train
s112403502074,0.625,0.2957564,train
s112403502075,0.071428575,0.16526099,train
s112403502076,0.017857144,0.18214343,train
s112403502077,0.017857144,0.28481257,train
s112403502078,0.25,0.24991435,train
s112403502079,0.75,0.22921586,train
s112403502080,0.08928572,0.25814176,train
s112403502081,0.0,0.1349501,train
s112403502082,0.0,0.23646674,train
s112403502083,0.14285715,0.21191275,train
s112411303024,0.10714286,0.12557143,val
s112411303025,0.125,0.1269022,val
s112411303027,0.017857144,0.20842353,val
s112411303028,0.23214285,0.20767075,val
s112411303029,0.125,0.16999722,val
s112411303030,0.0,0.19351722,val
s112411303031,0.05357143,0.15335031,val
s112411303032,0.125,0.16584036,val
s112411303034,0.2857143,0.16925693,val
s112411303035,0.035714287,0.17548889,val
s112411303039,0.071428575,0.12855236,val
s112411303040,0.035714287,0.1269319,val
s112411303041,0.0,0.1461572,val
s112411303042,0.5,0.13948826,val
s112411303043,0.25,0.14516677,val
s112411303044,0.83928573,0.15485595,val
s112411303045,0.0,0.14028129,val
s112411303046,0.08928572,0.17343101,val
s112411303047,0.0,0.12752165,val
s112411303051,0.3392857,0.15589698,val
s112411303052,0.017857144,0.14489494,val
s112411303053,0.21428572,0.19740985,val
s112411303055,0.51785713,0.14828342,val
s112411303056,0.25,0.16000864,val
s112411303059,0.0,0.14189515,val
s112411303060,0.25,0.12019222,val
s112411303062,0.0,0.13283432,val
s112411303063,0.5,0.13820256,val
s112411303064,0.17857143,0.14854133,val
s112411303065,0.21428572,0.14178959,val
s112411303066,0.0,0.11209963,val
s112411303071,0.21428572,0.18751675,test
s112411303073,0.10714286,0.1332533,test
s112411303074,0.0,0.13026214,test
s112411303076,0.05357143,0.17765784,test
s112411303077,0.05357143,0.13605368,test
s112411303078,0.25,0.19294237,test
s112411303079,0.05357143,0.18687132,test
s112411303080,0.17857143,0.12345804,test
s112411303081,0.017857144,0.15040259,test
s112411303082,0.23214285,0.12507899,test
s112411303083,0.071428575,0.18033087,test
s112411303087,0.0,0.18823189,test
s112411303088,0.08928572,0.14817968,test
s112411303090,0.125,0.11548271,test
s112411303091,0.0,0.0975913,test
s112411303093,0.25,0.12810564,test
s112411303094,0.14285715,0.124405585,test
s112411303095,0.0,0.12557782,test
s112411303096,0.0,0.11016302,test
s112411303097,0.0,0.1321707,test
s112411303098,0.035714287,0.11812143,test
s112411303101,0.21428572,0.13619193,test
s112411303102,0.75,0.12506823,test
s112411303103,0.0,0.13235034,test
s112411303104,0.0,0.14826177,test
s112411303105,1.0,0.122717306,test
s112411303106,0.0,0.1290163,test
s112411303108,0.17857143,0.13652068,test
s112411303109,0.5,0.13865139,test
s112411303110,0.035714287,0.13001207,test
s112411303112,0.44642857,0.13463527,test
s113411303003,0.17857143,0.12869292,test
s113411303004,0.25,0.1639266,test
s112413301024,0.0,0.19029371,train
s112413301025,0.035714287,0.19499761,train
s112413301026,0.0,0.15645312,train
s112413301027,0.0,0.039253607,train
s112413301028,0.10714286,0.1611816,train
s112413301029,0.10714286,0.134532,train
s112413301030,0.73214287,0.24670604,train
s112413301031,0.0,0.21520618,train
s112413301032,0.10714286,0.1568032,train
s112413301034,0.4107143,0.24977233,train
s112413301036,0.5,0.15725102,train
s112413301037,0.78571427,0.23050296,train
s112413301038,0.0,0.15879858,train
s112413301039,0.08928572,0.12437102,train
s112413301040,0.0,0.11299253,train
s112413301041,0.017857144,0.11271952,train
s112413301042,0.0,0.10720319,train
s112413301043,0.0,0.13439141,train
s112413301044,0.035714287,0.12664561,train
s112413301045,0.0,0.12396894,train
s112413301046,1.0,0.15147848,train
s112413301047,0.0,0.1618096,train
s112413301048,0.0,0.16926861,train
s112413301049,0.5,0.13212116,train
s112413301050,0.23214285,0.16997813,train
s112413301051,0.017857144,0.110451326,train
s112413301054,0.44642857,0.17859292,train
s112413301055,0.14285715,0.15032238,train
s112413301056,0.19642857,0.15862802,train
s112413301057,0.26785713,0.15460683,train
s112413301058,0.071428575,0.16535155,train
s112413301059,0.19642857,0.16330403,train
s112413301060,0.21428572,0.1686219,train
s112413301062,0.0,0.14222868,train
s112413301063,0.0,0.16857176,train
s112413301064,0.2857143,0.17108959,train
s112413301068,0.035714287,0.10994713,train
s112413301070,0.21428572,0.11629324,train
s112413301071,0.0,0.10988669,train
s112413301073,0.071428575,0.10500042,train
s112413301074,0.125,0.111251906,train
s112413301076,0.25,0.11317273,train
s112413301077,0.0,0.10570192,train
s112413301078,0.60714287,0.12287551,train
s112413301079,0.25,0.1082763,train
s112413301080,0.5,0.11727118,train
s112413301081,1.0,0.11515269,train
s112413301082,0.0,0.12005646,train
s113413301003,0.25,0.20345768,train
s112413302024,0.017857144,0.14932583,train
s112413302026,0.0,0.1561479,train
s112413302027,0.5,0.13548858,train
s112413302028,0.75,0.19562393,train
s112413302029,0.5,0.1442918,train
s112413302034,0.25,0.15898186,train
s112413302036,0.0,0.14551944,train
s112413302037,0.10714286,0.16182315,train
s112413302038,0.0,0.08162284,train
s112413302039,0.0,0.14818099,train
s112413302040,0.08928572,0.1250648,train
s112413302042,0.75,0.20756179,train
s112413302043,0.0,0.20746928,train
s112413302044,0.035714287,0.15564598,train
s112413302045,0.071428575,0.15086578,train
s112413302047,0.035714287,0.173196,train
s112413302048,0.0,0.19217758,train
s113413302003,0.4642857,0.12944557,train
s113413302004,0.035714287,0.13301672,train
s112413302052,0.08928572,0.107361555,train
s112413302053,0.0,0.06586555,train
s112413302054,0.0,0.055979595,train
s112413302055,0.19642857,0.095515735,train
s112413302056,0.017857144,0.06430329,train
s112413302057,0.035714287,0.07959114,train
s112413302058,0.08928572,0.06436299,train
s112413302059,0.0,0.06638674,train
s112413302060,0.0,0.07510253,train
s112413302061,0.017857144,0.11305913,train
s112413302063,1.0,0.050257817,train
s112413302064,0.23214285,0.14052257,train
s112413302066,0.0,0.100220114,train
s112413302067,0.071428575,0.09278167,train
s112413302068,0.05357143,0.13782014,train
s112413302069,0.17857143,0.11895961,train
s112413302070,0.017857144,0.10980173,train
s112413302072,0.66071427,0.2149934,train
s112413302073,0.10714286,0.10491684,train
s112413302074,0.035714287,0.09629861,train
s112413302075,0.0,0.0967723,train
s112413302076,0.017857144,0.11570002,train
s112413508024,0.125,0.19458,train
s112413508025,0.017857144,0.20293328,train
s112413508027,0.0,0.16973872,train
s112413508028,0.0,0.17368223,train
s112413508029,0.10714286,0.19554366,train
s112413508030,0.0,0.1937423,train
s112413508031,0.42857143,0.17887425,train
s112413508032,0.25,0.21675055,train
s112413508033,0.071428575,0.20771813,train
s112413508034,0.05357143,0.1701702,train
s112413508037,0.0,0.1531302,train
s112413508038,0.5,0.13763209,train
s112413508040,0.0,0.36665744,train
s112413508041,0.017857144,0.12867634,train
s112413508044,0.0,0.16127755,train
s112413508046,0.035714287,0.14279053,train
s112413508048,0.017857144,0.11033814,train
s113413508003,0.10714286,0.19269171,train
s112413508052,0.017857144,0.30533853,val
s112413508054,0.05357143,0.28096968,val
s112413508055,0.125,0.30035478,val
s112413508056,0.16071428,0.29190814,val
s112413508058,0.05357143,0.3025217,val
s112413508059,0.23214285,0.25409698,val
s112413508060,0.21428572,0.20832509,val
s112413508062,0.53571427,0.24913421,val
s112413508063,0.125,0.23634423,val
s112413508064,0.3392857,0.22162884,val
s112413508067,1.0,0.31718665,val
s112413508069,0.4642857,0.24860826,val
s112413508070,0.035714287,0.21518126,val
s112413508073,0.5,0.3093053,val
s112413508074,0.0,0.22108471,val
s113413508004,0.0,0.21825743,val
s113413508005,0.25,0.09613481,val
s112421302024,0.10714286,0.11205485,train
s112421302025,0.08928572,0.11450961,train
s112421302026,0.23214285,0.12837866,train
s112421302027,0.035714287,0.11798504,train
s112421302028,0.05357143,0.12736972,train
s112421302029,0.0,0.17364047,train
s112421302030,0.0,0.124903165,train
s112421302031,0.25,0.14212808,train
s112421302032,0.0,0.12689634,train
s112421302033,0.0,0.11641454,train
s112421302034,0.0,0.11476832,train
s112421302036,0.14285715,0.1285355,train
s112421302037,0.35714287,0.1155556,train
s112421302038,0.10714286,0.1350126,train
s112421302039,0.05357143,0.11358492,train
s112421302040,0.0,0.13008432,train
s112421302041,0.10714286,0.17497516,train
s112421302042,0.0,0.14568773,train
s112421302043,0.0,0.15268077,train
s112421302046,0.0,0.14754613,train
s112421302047,1.0,0.17126746,train
s112421302048,0.017857144,0.11026431,train
s112421302049,0.0,0.1653774,train
s112421302050,0.25,0.16796724,train
s112421302051,0.75,0.17028365,train
s112421302052,0.0,0.15766166,train
s112421302054,0.035714287,0.18840994,train
s112421302055,0.0,0.16888364,train
s112421302056,0.25,0.1829668,train
s112421302060,0.071428575,0.14452682,test
s112421302061,0.26785713,0.14999758,test
s112421302062,0.53571427,0.20331086,test
s112421302063,0.32142857,0.1383394,test
s112421302064,0.035714287,0.1625563,test
s112421302066,0.125,0.20729035,test
s112421302067,0.73214287,0.28167313,test
s112421302073,0.16071428,0.2866119,test
s112421302077,0.0,0.12929103,test
s112421302085,0.035714287,0.26463643,test
s112421302086,0.08928572,0.2819056,test
s112421302087,0.0,0.10964556,test
s112421302088,0.0,0.32394096,test
s112421302090,0.0,0.143527,test
s112423505024,0.071428575,0.16203283,val
s112423505027,0.071428575,0.14357543,val
s112423505029,0.08928572,0.15081152,val
s112423505030,0.75,0.15399997,val
s112423505031,0.375,0.14519951,val
s112423505034,0.0,0.1226415,val
s112423505037,0.017857144,0.1296014,val
s112423505039,0.5535714,0.25797188,val
s112423505041,0.21428572,0.2515518,val
s112423505043,0.48214287,0.21887332,val
s112423505045,0.10714286,0.2640124,val
s112423505047,0.08928572,0.21275528,val
s112423505048,0.66071427,0.26917937,val
s112423505049,0.0,0.2569143,val
s112423505052,0.53571427,0.26641726,val
s112423505053,0.2857143,0.23490465,val
s112423505056,0.10714286,0.10708455,train
s112423505057,0.017857144,0.10710214,train
s112423505058,0.0,0.090074286,train
s112423505059,0.05357143,0.12813582,train
s112423505061,0.0,0.11098599,train
s112423505064,0.6785714,0.08861384,train
s112423505065,0.0,0.094572425,train
s112423505067,0.0,0.10553462,train
s112423505068,0.0,0.0963275,train
s112423505069,0.035714287,0.12031785,train
s112423505071,0.0,0.12697744,train
s112423505072,0.017857144,0.09515845,train
s112423505073,0.0,0.15640949,train
s112423505074,0.017857144,0.10440914,train
s112423505075,0.19642857,0.10034558,train
s112423505076,0.375,0.10185227,train
s112423505078,0.017857144,0.10307629,train
s112423505079,0.035714287,0.10041362,train
s112423505081,0.625,0.17874564,train
s112423505082,0.05357143,0.13764074,train
s112423505083,0.10714286,0.09799862,train
s112423505084,0.08928572,0.0975226,train
s112533503026,0.4642857,0.19912595,train
s112533503028,0.2857143,0.19901639,train
s112533503029,0.25,0.19714352,train
s112533503031,0.071428575,0.19662409,train
s112533503033,0.375,0.18723947,train
s112533503034,0.4107143,0.17341098,train
s112533503037,0.0,0.16277565,train
s112533503042,0.0,0.20934583,val
s112533503043,0.73214287,0.21574104,val
s112533503044,0.16071428,0.19429918,val
s112533503045,0.10714286,0.19982415,val
s112533503046,0.0,0.22286117,val
s112533503047,0.125,0.21391736,val
s112533503048,0.035714287,0.2243887,val
s112533503049,0.035714287,0.17391221,val
s112533503050,0.5,0.21743378,val
s112533503051,0.14285715,0.1829442,val
s112533503052,0.0,0.17392206,val
s112533503053,0.14285715,0.20108813,val
s112533503055,0.0,0.22022355,val
s112533503056,0.5,0.2306515,val
s112533503057,0.25,0.23696782,val
s112533504025,0.0,0.09579906,train
s112533504026,0.071428575,0.11520548,train
s112533504027,0.08928572,0.1247121,train
s112533504028,0.25,0.13322872,train
s112533504029,0.44642857,0.1315208,train
s112533504032,0.071428575,0.098599665,train
s112533504033,0.071428575,0.11429158,train
s112533504034,0.017857144,0.09556216,train
s112533504035,0.375,0.095020875,train
s112533504036,0.0,0.11438599,train
s112533504038,0.035714287,0.092007935,train
s112533504039,0.0,0.082332864,train
s112533504040,0.0,0.09197445,train
s112533504041,0.035714287,0.075534284,train
s112533504042,0.16071428,0.10106151,train
s112533504043,0.23214285,0.09192215,train
s112533504044,0.0,0.0966966,train
s112533504045,0.0,0.090869255,train
s112533504046,0.035714287,0.08872636,train
s112533504047,0.0,0.08740968,train
s112533504048,0.125,0.09458346,train
s112533504049,0.0,0.08614792,train
s112533504050,0.5,0.091935255,train
s112533504055,0.125,0.14697517,train
s112533504056,0.0,0.14000122,train
s112533504057,0.25,0.22753322,train
s112533504058,0.23214285,0.15502469,train
s112533504059,0.42857143,0.24430525,train
s112533504060,0.17857143,0.14426842,train
s112533504061,0.17857143,0.1370763,train
s112533504062,0.0,0.11786247,train
s112533504063,0.08928572,0.16117625,train
s112533504064,0.66071427,0.22638744,train
s112533504065,0.19642857,0.16111478,train
s112533504066,0.0,0.13995217,train
s112533504067,0.035714287,0.16870075,train
s112533504068,0.08928572,0.1551351,train
s112533504069,0.25,0.18798654,train
s112533504072,0.0,0.17432253,train
s112533504073,0.0,0.11489556,train
s112533504074,0.10714286,0.09765558,train
s112533504075,0.17857143,0.104095206,train
s112533504077,0.0,0.1603607,train
s112533504079,0.0,0.1637902,train
s112533504080,0.035714287,0.09029464,train
s112533504081,0.0,0.09694073,train
s112533506024,0.0,0.15138616,train
s112533506025,0.64285713,0.2503826,train
s112533506026,0.39285713,0.21244955,train
s112533506028,0.035714287,0.16735116,train
s112533506029,0.35714287,0.21459487,train
s112533506030,0.125,0.17772292,train
s112533506031,0.08928572,0.17347997,train
s112533506032,0.0,0.18103357,train
s112533506033,0.0,0.18910475,train
s112533506036,0.071428575,0.20264827,train
s112533506037,0.071428575,0.2558374,train
s112533506038,0.14285715,0.24656224,train
s112533506040,0.035714287,0.21685186,train
s112533506041,0.21428572,0.264189,train
s112533506042,0.35714287,0.2714745,train
s112533506045,0.14285715,0.26768285,train
s112533506046,0.125,0.17997226,train
s112533506048,0.23214285,0.22782713,train
s112533506049,0.071428575,0.17725061,train
s113533506003,0.017857144,0.13121608,train
s112533506053,0.035714287,0.09444158,train
s112533506054,0.5,0.14746627,train
s112533506055,0.0,0.1342519,train
s112533506056,0.75,0.1391411,train
s112533506057,0.0,0.09548171,train
s112533506058,0.05357143,0.09322484,train
s112533506059,0.08928572,0.10281038,train
s112533506060,0.25,0.14611275,train
s112533506061,0.10714286,0.111651435,train
s112533506062,0.30357143,0.13768256,train
s112533506063,0.017857144,0.085163206,train
s112533506064,0.0,0.13946323,train
s112533506065,0.0,0.15322696,train
s112533506066,0.0,0.090691164,train
s112533506067,0.0,0.08270278,train
s112533506069,0.017857144,0.22498927,train
s112533506070,0.21428572,0.20922221,train
s112533506071,0.16071428,0.21654993,train
s112533506072,0.75,0.24764408,train
s112533506076,0.48214287,0.24353398,train
s112533506077,0.5,0.23291802,train
s112533506078,0.035714287,0.22018117,train
s112540301024,0.0,0.13227291,test
s112540301026,0.64285713,0.18085916,test
s112540301027,0.035714287,0.13266069,test
s112540301028,0.5,0.14800192,test
s112540301029,0.0,0.16008937,test
s112540301030,0.125,0.13287698,test
s112540301032,0.0,0.12809476,test
s112540301033,0.0,0.13296038,test
s112540301034,0.0,0.14093119,test
s112540301035,1.0,0.14761935,test
s112540301036,0.017857144,0.1351073,test
s112540301038,0.071428575,0.28059524,test
s112540301039,0.39285713,0.10522129,test
s112540301041,0.017857144,0.102554895,test
s112540301042,0.035714287,0.10507934,test
s112540301043,0.05357143,0.101113066,test
s112540301044,0.0,0.10120452,test
s112540301045,0.0,0.09080432,test
s112540301046,0.0,0.10137257,test
s112540301047,0.0,0.091252245,test
s112540301048,0.0,0.10062568,test
s112540301049,0.0,0.09752174,test
s112540301050,0.05357143,0.11643499,test
s112540301052,0.125,0.11688395,test
s112540301056,0.10714286,0.20005485,test
s112540301057,0.125,0.19249323,test
s112540301062,0.75,0.064116225,test
s112540301063,0.16071428,0.19066417,test
s112540301064,0.05357143,0.2508163,test
s112540301065,0.0,0.121515855,test
s112540301066,0.0,0.07500401,test
s112540301068,0.0,0.18875064,test
s112540301069,0.10714286,0.24688163,test
s112540301070,0.16071428,0.20398478,test
s112540301071,0.05357143,0.24455771,test
s112540301073,0.375,0.19514513,test
s112540301074,0.73214287,0.26573813,test
s112540301075,0.017857144,0.19468746,test
s112540301076,0.17857143,0.23431063,test
s112540301078,0.21428572,0.25116646,test
s112540301079,0.05357143,0.25443906,test
s112540301080,0.0,0.18538538,test
s112540301081,0.14285715,0.24166557,test
s112540301082,0.125,0.2541721,test
s112540301083,0.017857144,0.16819917,test
s112540301084,0.017857144,0.15132122,test
s112540301085,0.0,0.06827998,test
s112543501024,0.6785714,0.21054035,test
s112543501025,0.08928572,0.15259361,test
s112543501026,0.14285715,0.17089212,test
s112543501027,0.017857144,0.17230146,test
s112543501028,0.017857144,0.20847271,test
s112543501029,0.035714287,0.15242061,test
s112543501030,0.23214285,0.21709938,test
s112543501031,0.0,0.1483268,test
s112543501032,0.017857144,0.20446843,test
s112543501033,0.035714287,0.16368385,test
s112543501034,0.125,0.14774796,test
s112543501035,0.2857143,0.18373759,test
s112543501036,0.0,0.17558885,test
s112543501038,0.035714287,0.17625536,test
s112543501039,0.19642857,0.1653716,test
s112543501040,0.017857144,0.17065567,test
s112543501041,0.10714286,0.19736946,test
s112543501042,0.32142857,0.18795717,test
s112543501043,0.16071428,0.18829213,test
s112543501044,0.35714287,0.18292052,test
s112543501046,0.14285715,0.16436657,test
s112543501047,0.071428575,0.15657559,test
s112543501048,0.035714287,0.14264795,test
s112543501049,0.39285713,0.1873228,test
s112543501050,0.0,0.13325998,test
s112543501051,0.25,0.17495415,test
s112543501052,0.0,0.14689603,test
s112543501055,0.0,0.13413373,train
s112543501056,0.0,0.1186637,train
s112543501057,0.0,0.13131195,train
s112543501058,0.0,0.15076321,train
s112543501059,0.10714286,0.11362962,train
s112543501060,0.125,0.13035011,train
s112543501061,0.0,0.1290732,train
s112543501062,0.0,0.11467079,train
s112543501063,0.75,0.13647926,train
s112543501064,0.10714286,0.12308732,train
s112543501065,0.0,0.112287715,train
s112543501066,0.25,0.120963186,train
s112543501067,0.10714286,0.12993959,train
s112543501068,0.0,0.14106731,train
s112543501070,0.23214285,0.15176162,train
s112543501071,0.071428575,0.13763127,train
s112543501072,0.14285715,0.13651864,train
s112543501073,0.035714287,0.13996756,train
s112543501074,0.125,0.13655712,train
s112543501075,0.071428575,0.14299738,train
s112543501076,0.14285715,0.13899809,train
s112543501077,0.125,0.1455962,train
s112543501078,0.16071428,0.13575022,train
s112543501079,0.05357143,0.14545317,train
s112543501080,0.0,0.14939925,train
s112543501081,0.5,0.1464133,train
s112543501082,0.08928572,0.14417847,train
s112543501083,0.071428575,0.11428443,train
s112551301024,0.05357143,0.1645141,train
s112551301025,0.035714287,0.0984467,train
s112551301026,0.5535714,0.13278289,train
s112551301027,0.19642857,0.14868888,train
s112551301028,0.0,0.21511935,train
s112551301030,0.017857144,0.08651958,train
s112551301031,0.14285715,0.09913603,train
s112551301034,0.035714287,0.106413834,train
s112551301036,0.0,0.11783313,train
s112551301037,0.0,0.08559501,train
s112551301038,0.25,0.30516464,train
s112551301039,0.0,0.0990182,train
s112551301040,0.25,0.29649788,train
s112551301041,0.0,0.07763995,train
s112551301043,0.5,0.26714933,train
s112551301045,0.0,0.14980394,train
s112551301048,0.75,0.10940058,train
s112551301050,0.0,0.092742026,train
s112551301052,0.16071428,0.10348427,train
s112551301055,0.05357143,0.12237165,train
s112551301056,1.0,0.07182346,train
s112551301059,0.017857144,0.16959006,train
s112551301064,0.21428572,0.20145255,train
s112551301067,0.0,0.13151109,train
s112551301069,0.125,0.12310423,train
s112551301070,0.05357143,0.15011722,train
s112551301071,0.125,0.18480693,train
s112551301072,0.0,0.23651245,train
s112551301073,0.017857144,0.20489764,train
s112551301075,0.14285715,0.26330012,train
s112551301077,0.0,0.33033282,train
s112551301079,0.0,0.15078568,train
s112551301080,0.017857144,0.26359856,train
s112551301081,0.0,0.24047714,train
s112551301083,0.0,0.25011107,train
s112551301085,0.23214285,0.137865,train
s112551301086,0.75,0.30289334,train
s112551301087,0.0,0.2425289,train
s112551301089,0.75,0.1135703,train
s112551301090,0.0,0.1123535,train
s112551301092,0.0,0.22180392,train
s112551301093,0.0,0.21075994,train
s112551301094,0.25,0.21387103,train
s112581302025,0.0,0.07903141,train
s112581302026,0.0,0.09228028,train
s112581302028,0.0,0.100966446,train
s112581302029,0.0,0.12025597,train
s112581302031,0.0,0.077663735,train
s112581302032,0.23214285,0.09452154,train
s112581302033,0.23214285,0.08778771,train
s112581302034,0.017857144,0.08487442,train
s112581302035,0.0,0.14791445,train
s112581302036,0.071428575,0.15265533,train
s112581302037,0.3392857,0.1515793,train
s112581302038,0.10714286,0.14482328,train
s112581302039,0.16071428,0.14879993,train
s112581302040,0.19642857,0.15071435,train
s112581302041,0.25,0.15062487,train
s112581302042,0.0,0.1460802,train
s112581302043,0.125,0.11652987,train
s112581302044,0.035714287,0.15938257,train
s112581302045,0.30357143,0.1646806,train
s112581302046,0.0,0.14195979,train
s112581302048,0.30357143,0.14526483,train
s112581302049,0.25,0.13191386,train
s112581302050,0.035714287,0.14136934,train
s112581302051,0.10714286,0.1390378,train
s112581302053,0.035714287,0.14332458,train
s112581302054,0.0,0.12553161,train
s112581302055,0.30357143,0.14341085,train
s112581302056,0.26785713,0.14684969,train
s112581302058,0.17857143,0.13939151,train
s112581302059,0.0,0.1333199,train
s113581302004,0.48214287,0.15855403,train
s113581302005,0.0,0.13492575,train
s113581302008,0.10714286,0.22057956,train
s112581302063,0.48214287,0.19803247,train
s112581302064,0.16071428,0.17047246,train
s112581302070,0.6964286,0.24350072,train
s112581302074,0.071428575,0.24166468,train
s112581302075,0.017857144,0.1544369,train
s112581302077,0.0,0.17015412,train
s112581302078,0.0,0.18702774,train
s112581302084,0.035714287,0.05152531,train
s112581302092,0.0,0.05152531,train
s112583501023,0.5,0.24426326,train
s112583501024,0.017857144,0.23562673,train
s112583501025,0.14285715,0.22728913,train
s112583501026,0.071428575,0.23719727,train
s112583501027,0.4642857,0.2503182,train
s112583501028,0.017857144,0.23922525,train
s112583501030,0.375,0.22241743,train
s112583501031,0.25,0.22582293,train
s112583501032,0.39285713,0.23478943,train
s112583501034,0.035714287,0.1715855,train
s112583501035,0.0,0.11090744,train
s112583501036,0.125,0.29307738,train
s112583501037,0.0,0.100772426,train
s112583501038,0.0,0.11690662,train
s112583501039,0.017857144,0.11855382,train
s112583501040,0.10714286,0.16661048,train
s112583501042,0.10714286,0.1539256,train
s112583501043,0.0,0.15078574,train
s112583501044,0.0,0.17035943,train
s112583501045,0.19642857,0.13200009,train
s112583501046,0.58928573,0.24589626,train
s113583501002,0.0,0.15388834,train
s112593504025,0.071428575,0.10334071,train
s112593504027,0.0,0.09914811,train
s112593504030,0.0,0.17121279,train
s112593504031,0.0,0.12555191,train
s112593504032,0.071428575,0.1017167,train
s112593504036,0.0,0.100852415,train
s112593504039,0.0,0.2567953,train
s112593504040,0.0,0.28795046,train
s112593504042,0.14285715,0.21615052,train
s112593504044,0.2857143,0.28551093,train
s112593504045,0.91071427,0.3002534,train
s112593504047,0.05357143,0.28054842,train
s112593504048,0.10714286,0.265482,train
s112593504049,0.5,0.29133537,train
s113593504003,0.0,0.10273825,train
s112593504052,0.05357143,0.1290846,train
s112593504053,0.071428575,0.12090269,train
s112593504054,0.035714287,0.121374056,train
s112593504055,0.17857143,0.12739216,train
s112593504056,0.08928572,0.21110915,train
s112593504057,0.0,0.23528656,train
s112593504058,0.017857144,0.11359586,train
s112593504059,0.071428575,0.12242211,train
s112593504060,0.017857144,0.11264788,train
s112593504061,0.0,0.075669676,train
s112593504062,0.0,0.14362945,train
s112593504063,0.017857144,0.13365123,train
s112593504064,0.51785713,0.1700199,train
s112593504065,0.05357143,0.13746287,train
s112593504066,0.0,0.15650107,train
s112593504067,0.19642857,0.14515813,train
s112593504068,0.5,0.15526128,train
s112593504070,0.16071428,0.13073249,train
s112593504071,0.19642857,0.17986283,train
s112593504072,0.16071428,0.17042762,train
s112593504073,0.017857144,0.15676397,train
s112593504074,0.017857144,0.17513523,train
s112593504075,0.10714286,0.12572043,train
s112593504076,0.25,0.15796901,train
s112613503044,0.17857143,0.11710832,train
s112613503045,0.0,0.13045338,train
s112613503046,0.44642857,0.109641895,train
s112613503047,0.0,0.13841766,train
s112613503048,0.017857144,0.10252671,train
s112613503049,0.0,0.10769548,train
s112613503050,0.14285715,0.0987437,train
s112613503052,0.05357143,0.12558171,train
s112613503053,0.017857144,0.10091841,train
s112613503054,0.035714287,0.10585882,train
s112613503055,0.19642857,0.17419085,train
s112613503057,0.35714287,0.25312817,train
s112613503058,0.23214285,0.23702395,train
s112613503059,0.0,0.165979,train
s112613503061,0.64285713,0.15984826,train
s112613503063,0.21428572,0.15903975,train
s112613503064,0.30357143,0.2417415,train
s112613503065,0.017857144,0.21403663,train
s112613503070,0.035714287,0.17550033,train
s112613503071,0.25,0.15790482,train
s112613503072,0.0,0.14284393,train
s112613503073,0.0,0.14046451,train
s112613503074,0.0,0.13830805,train
s112613503075,0.0,0.17507614,train
s112613503076,0.14285715,0.16962898,train
s112613503077,0.017857144,0.14812855,train
s112613503078,0.0,0.17146508,train
s112613503079,0.035714287,0.24486813,train
s112613503080,0.39285713,0.2461905,train
s112613503081,0.17857143,0.23394443,train
s112613503082,0.10714286,0.24038178,train
s112613503083,0.26785713,0.25022,train
s112613503084,0.5714286,0.23365134,train
s112613503085,0.0,0.23999837,train
s112613503086,0.64285713,0.2533946,train
s112613503087,0.10714286,0.24440292,train
s112613503088,0.08928572,0.24579534,train
s112613503089,0.05357143,0.24095923,train
s112613503090,0.0,0.24355122,train
s112613503091,0.10714286,0.1784732,train
s112714502024,0.0,0.14283665,train
s112714502025,0.035714287,0.19236454,train
s112714502026,0.035714287,0.16499303,train
s112714502027,0.26785713,0.0967336,train
s112714502028,0.071428575,0.16599639,train
s112714502029,0.08928572,0.09291211,train
s112714502030,0.08928572,0.10582469,train
s112714502031,0.19642857,0.1878036,train
s112714502032,0.0,0.10956696,train
s112714502033,0.0,0.10544401,train
s112714502034,0.19642857,0.16770212,train
s112714502035,0.5,0.18945631,train
s112714502037,0.0,0.18191545,train
s112714502038,0.25,0.11460993,train
s112714502039,0.58928573,0.18870795,train
s112714502040,0.51785713,0.4590749,train
s112714502041,0.05357143,0.079122245,train
s112714502042,0.05357143,0.10868423,train
s112714502044,0.0,0.001299426,train
s113714502003,0.071428575,0.35672623,train
s112714502048,0.75,0.12386106,train
s112714502050,0.0,0.13919336,train
s112714502053,0.0,0.15029809,train
s112714502054,0.0,0.08043775,train
s112714502055,0.16071428,0.14611332,train
s112714502056,0.0,0.054085948,train
s112714502057,0.17857143,0.13801081,train
s112714502059,0.16071428,0.15509456,train
s112714502061,0.0,0.22284034,train
s112714502062,0.017857144,0.14822957,train
s112714502065,0.25,0.12682892,train
s112714502066,0.0,0.22505659,train
